date,ABEV3,ALOS3,ANIM3,AXIA3,AZZA3,B3SA3,BBAS3,BBDC3,BBDC4,BBSE3,BEEF3,BPAC11,BRAP4,BRAV3,BRKM5,CMIG4,COGN3,CPFE3,CPLE3,CSAN3,CSMG3,CSNA3,CVCB3,CXSE3,CYRE3,DIRR3,ECOR3,EGIE3,EMBJ3,ENEV3,ENGI11,EQTL3,EZTC3,FLRY3,GGBR4,GOAU4,HYPE3,IGTI11,IRBR3,ISAE4,ITSA4,ITUB3,ITUB4,JHSF3,KLBN11,LREN3,MDNE3,MGLU3,MOTV3,MOVI3,MRVE3,MULT3,PETR3,PETR4,POMO4,PRIO3,PSSA3,RADL3,RAIL3,RAPT4,RENT3,SANB11,SAPR11,SBSP3,SLCE3,SMFT3,SMTO3,SUZB3,TAEE11,TEND3,TOTS3,UGPA3,USIM5,VALE3,VBBR3,VIVT3,WEGE3,YDUQ3
2016-10-03,-0.0035324267540922,0.0,-0.0121097720342673,0.0124635627086695,0.0351385222515532,0.0350877192982455,0.0236796247740338,0.0227164103573336,0.0373743189972095,0.0190747113005778,0.0343744327939348,0.0,0.055278442090878,0.0,0.0302672442670512,0.0256457613255587,0.0270448775132092,0.0016537791087471,-0.0023745918670228,0.0159174532074868,0.0058134706419734,0.046206216633494,0.0336746852712106,0.0,0.0224819964491611,0.0189835275210927,0.0157481517688029,0.0161010146205371,0.0107094654069597,0.0053887605850655,0.0053074364853988,0.0196821605284325,0.0072172546620128,0.0247680190847059,0.0157903869512405,0.0291669682275457,0.0279898762294295,0.0,0.0,-0.0040859418918735,0.0179696323252602,0.0245258062700512,0.023803207770477,0.0375596386153689,0.0234768698739702,0.0204295784250372,0.0,0.0171509886159377,0.0147544431591124,0.0,0.0008407944371222,0.022942202196851,0.0297389009331698,0.0294589003176082,0.0319174466042715,0.0237600237600237,0.0073722515986951,0.0058785715494054,0.0,0.0151803211559273,0.0361659665023761,0.0050026133054581,0.0,0.0202137009112353,0.0064166622837005,0.0,-0.0100593962929261,-0.0008607650972051,-0.0038149054736732,0.0,0.0427940115440115,0.0074577306209686,0.0113435208265597,0.0162867579064176,0.0,0.0039087150217098,0.002831870782785,0.0
2016-10-04,-0.0106271238801359,0.0,0.0016461873125992,-0.0251325901071544,0.029520257181717,-0.0086219602063375,0.002577278584724,0.0108241471259311,0.0144059980871702,0.003613848076041,0.0090706620773435,0.0,-0.0174825174825173,0.0,-0.0435848827853765,-0.0170555398348468,0.0059296625103353,-0.0012382864792503,-0.0075374392541902,-0.0054851324042725,0.0021468086863181,-0.0094589548921643,-0.0072339074794927,0.0,-0.0076478851256438,-0.0204041399704286,0.0044211191145731,-0.0127764286870649,0.0021191976079193,0.063552833078101,-0.0163065233646271,-0.001756923113698,-0.0006489023885131,0.0,-0.0166552784420909,-0.0142053445850913,0.0010440256799151,0.0,0.0,0.0050251256281408,-0.0141268706392839,0.0144071637527296,0.0087996412377298,-0.0240680950983269,-0.010895490026019,-0.0284331553598299,0.0,0.0152786981812824,0.0058138932357787,0.0,-0.0058579115864042,-0.003403032244819,0.001281523181839,0.0035946787432776,0.0557558139534883,-0.0150855816652161,0.0076573258981282,0.0119995627349249,0.0,-0.004264146594445,-0.0007342534557798,-0.005877497110781,0.0,-0.0097479143997099,0.007786778155213,0.0,0.0122315748333536,0.0069535894059298,0.0009541111735569,0.0,0.0006270270270269,0.0018146413904924,0.0027862118235399,-0.0248632294901104,0.0,-0.0028427215071114,-0.0022486403569933,0.0
2016-10-05,0.0025526135015299,0.0,0.0024358748605974,-0.0021021154387055,0.0125454126925348,0.0110260412795164,0.0226439645186373,0.014977937627054,0.0079467299711257,-0.0147263916794704,0.0099789986222025,0.0,0.0326215895610912,0.0,0.0263377757803091,0.03237372415598,0.0242098184263617,-0.0024796434674797,0.0219846107724592,0.0414709452683801,0.0166845184147648,0.0254707328893755,0.0089105411954766,0.0,0.0125235923246302,-0.0173073052928154,0.0341802284670551,0.0116495683887387,0.0183227114716106,0.0071994240460762,0.0185270496460434,0.0044898350135293,0.0045728969509415,-0.0264630869036819,0.0259706418830887,0.0373805107718647,0.0139473342846023,0.0,0.0,-0.0034794520547944,0.0131539461838552,0.0123341456810182,0.0196388351049117,0.0184461152882204,0.0028954531338485,0.0280274354328495,0.0,0.0246944917866338,0.0046262905186802,0.0,0.0168322484869247,0.0024845185777067,0.0313799881153722,0.039935696759455,0.0263781045211739,0.0217967599410897,-0.0036313432489499,0.018969987037591,0.0,-0.0107349537037036,0.008561935593798,0.0168316338393064,0.0,0.0131175312485694,0.0028002489110143,0.0,0.0348784830219437,0.0064777921728713,-0.0052491382011908,0.0,-0.0233367185980684,0.0051617929005494,0.0391123143233711,0.0118971248614918,0.0,0.0051841746248293,0.0101853631265393,0.0
2016-10-06,0.0030677951584898,0.0,0.032526275726791,0.0311011882686287,-0.0389392164712045,0.0034310361729241,0.0313440710051826,0.0044679340326621,0.0,-0.0013275114757769,0.0079069705839502,0.0,0.0,0.0,0.0078596932474006,-0.0156665906152559,0.0140641845610109,0.0033144098446931,-0.0177960301163586,0.0189025858027898,-0.0059767413590503,0.0175914580780676,-0.0028105114797301,0.0,0.0076115026892682,-0.0105467950030718,-0.022381145405061,-0.0043507015587311,0.0242159163644122,-0.0021443888491778,0.0067015943613131,0.0021335685423795,0.0103968974337818,0.0274461538461538,0.0253344056891295,0.0387842112501719,-0.0085971762369954,0.0,0.0,0.0016633216946635,0.016488127560843,0.0140295034171,0.008283599441947,0.0061029628900481,-0.0046266359438611,0.0024081528188184,0.0,0.0222237950314954,-0.0166866660513008,0.0,-0.0008198194151206,-0.0091350644498412,0.0434772974051012,0.0356629512109132,0.0,0.0928221389449408,0.0159173740408238,-0.0161459989725273,0.0,0.0086577554184095,-0.0060607340456985,-0.0022375566534645,0.0,-0.0048582081120778,0.0076533250594685,0.0,0.0217086399281445,0.0072982950405595,0.002402142238324,0.0,0.0277771632115755,0.0044392945283813,-0.0188200610195056,-0.0033658002420609,0.0,-0.015200868621064,0.0084051053232334,0.0
2016-10-07,0.0,0.0,0.0,0.0035824503096877,-0.0106807499665745,0.0177071121531848,0.0243131826798663,0.0153781518209037,0.0141312064141645,0.0113068545803973,0.0019579500657029,0.0,0.0335056480949644,0.0,0.0016432343307857,0.0090911432176981,-0.0107195958368638,-0.0037163934243273,0.0061722249875559,-0.0007460552329555,-0.003892953957157,0.0122129526103036,-0.0012126787655766,0.0,0.0094425066964713,0.0142812791058677,0.006545239152969,0.004884179815964,-0.0202687220081241,-0.0050143266475645,0.0095099742406996,-0.0143441648032731,-0.01607458826732,-0.0180624957218152,0.0386830426256579,0.0293260955911558,-0.0079748932809587,0.0,0.0,0.0042543263754513,0.0116070127725707,0.0054075441835927,0.0092917335280722,-0.0180999902162214,-0.0336807239388421,0.0240004642256135,0.0,0.0272104133490271,0.0152175726980683,0.0,0.0091153297141763,0.0160944678016377,0.0089405168935421,0.0106054257882057,-0.0257001824230066,0.0113426536533896,-0.000985695947185,0.0105013634366895,0.0,0.0236624619399739,0.0119510485053222,0.0224175608318806,0.0,-0.0032470481380562,-0.0055424407266756,0.0,0.0064377827518815,-0.0242799792643672,0.0023963857788253,0.0,-0.0138307376034615,0.0081464335475751,0.0273915170148835,0.0112418028520868,0.0,0.0086301942744173,-0.0011147698429031,0.0
2016-10-10,0.0015292062875995,0.0,-0.0031473290234774,0.0463554322660186,-0.0126569119214074,0.0061916532674171,0.0067124937575278,0.0057205157002213,-0.0003294160277368,0.0141418300446582,-0.008813230337447,0.0,0.0333456835865135,0.0,0.0196809013508028,-0.0011229646266142,0.0191100301397091,0.0066315671558194,0.0081131888789947,-0.0096437415228401,-0.0066295629399246,0.0251338261534539,0.0032321540715929,0.0,0.0149666876658458,-0.0017345168860319,-0.0021773671511798,-0.0010239328092698,-0.0151740658842206,0.0086393088552916,-0.0108371534113668,0.0120067575721007,0.0045650098908547,0.0152839379231619,0.0082672549136508,0.0025725127017814,0.0017482881345349,0.0,0.0,0.0140344643808847,0.0149063850216035,0.004775022956841,0.0013138102401035,0.0245117576723794,0.0126219108039011,0.0078145365112827,0.0,0.0646737665138852,-0.008075204191709,0.0,0.0,0.0007669280819377,0.0318459271732267,0.0307827844427746,0.0263781045211739,0.0508607198748043,0.0215690323764941,-0.0124345871815482,0.0,0.0189229766862129,-0.0089230413924144,-0.0030659622158182,0.0,0.0107752238193954,0.0007224687790277,0.0,-0.0041591356523258,0.0069809106072773,0.0162512410513664,0.0,-0.0054134287959486,0.0020545171513171,0.0080255730123104,0.0583290444330075,0.0,-0.0568036185450433,0.0105763782772179,0.0
2016-10-11,-0.0116879291903706,0.0,-0.0205364507779389,0.0146051405710527,0.0290339563042907,-0.0239940849571874,-0.0227899444112111,0.00067263109776,-0.0035588654468765,-0.0126485422945393,0.0108630932691162,0.0,-0.0376479024740049,0.0,0.0494606180259382,-0.0237109714344115,-0.0031239593409554,-0.0045291669448711,0.009814505839631,0.0099889430567421,0.0,0.0,-0.0160836651058751,0.0,0.0,-0.0070523303352412,-0.0184447983014861,-0.0064028958994218,-0.0189054010291102,0.0099928622412563,0.00619408637226,-0.0161449949323317,0.0240846059571187,0.0002574775779942,-0.0256430472060709,-0.0180896786195394,-0.0024464482350252,0.0,0.0,0.0052153522721147,-0.0101700527423665,-0.0035642478523121,-0.0034133262341218,-0.0059326979186928,-0.0201789738458805,-0.0116281031235064,0.0,-0.0014244563324997,0.0040704719883168,0.0,0.0065603350337486,-0.0218159794324138,-0.0234379780919161,-0.0216183605238681,-0.0400257538362485,-0.0156366344005955,-0.0019204420385884,-0.0059301340509294,0.0,-0.0185715477216492,-0.0004872416824667,-0.0136425319382994,0.0,-0.0029073698444895,0.0,0.0,-0.0229606639228121,0.0190797546012269,0.0018896544631838,0.0,-0.0339632165744886,-0.0225570600186862,-0.018521017475204,-0.0236234938131517,0.0,0.0118191264037086,-0.0203707164579759,0.0
2016-10-13,-0.0113164044732342,0.0,-0.0088863075359372,0.0163124206660005,-0.0109942956539533,0.0057183353290486,0.0172895172969824,0.0016706584090895,0.0012980033896905,0.0147796106217084,0.0009817010916517,0.0,-0.0316691505216096,0.0,0.005363072749666,0.03237372415598,-0.02507794604225,-0.0024816947068357,0.0083584410535524,0.0264856997126259,0.0200214220977177,-0.0313805450566938,-0.0093905873570628,0.0,-0.0092162431583501,-0.0194544518785383,0.0132636354077477,0.0154672830075346,0.0249838624493867,-0.0042402826855123,0.0170369431878312,0.0345893274836084,-0.0222407487091221,0.0204041357415589,-0.0147469353076828,-0.0210361272620369,-0.0346362722790064,0.0,0.0,0.0204448257832714,0.0,-0.0006027174696348,0.011324498888539,-0.0120340475491634,0.0115092809085268,0.0188192994532845,0.0,-0.0206999302605718,-0.0231581770543212,0.0,-0.0228391851368249,-0.0025145629841165,0.024585369929398,0.0240487140618175,0.0149228705566735,0.0007564296520423,-0.0147404665188869,0.023252122184346,0.0,-0.0252117503753435,0.012165785318398,0.0405900454256826,0.0,0.0051761940281638,0.0006703795379536,0.0,0.0248123364202006,-0.0199987959785684,0.0051578798804192,0.0,-0.0049754069496666,0.0071349456818596,-0.0431375244904272,-0.0457005611572901,0.0,0.0073463342384596,0.0022545959070412,0.0
2016-10-14,0.0156023193279977,0.0,0.013829880746579,-0.0037734846270363,0.011488961079269,0.0062446847284656,0.0260952520730901,0.007010274351908,0.0081164541911618,0.0203932142105713,0.0195101539105304,0.0,0.0327048864948058,0.0,0.0373464144857567,0.0078332953076278,0.0147909443198042,0.0037318032566426,0.0156144578313253,-0.0007271669575334,-0.0121970920840063,0.0344166623881159,-0.0049496048023155,0.0,0.0055811834386925,-0.0072433340331723,-0.0087316176470587,0.0012666285177873,0.0292484291582577,-0.0056777856635912,0.0093064155644304,-0.0003865752943242,0.0188409384712711,-0.0065000042044012,0.0085617493070526,0.0214881548214882,0.0126860157172832,0.0,0.0,-0.0113248200115613,0.0159852811163412,0.0167420517862995,0.0190087166522017,0.0243612596553772,-0.0119727146644526,0.0123181729346399,0.0,0.0280322403133395,-0.0011932796181505,0.0,0.0041786041876634,0.0069293134025842,0.0228741513934476,0.0317384650124192,0.0,-0.0095742000503904,0.0048766003129248,0.0042214075168816,0.0,0.0086309610299033,-0.0192229167321041,0.0175710351733633,0.0,-0.0177198111086126,0.003504251481577,0.0,-0.0088207547169811,0.0117207656584024,-0.016351591120869,0.0,-0.0110051943604085,-0.0084703950465703,0.0028378475465191,0.015216887033171,0.0,-0.0126839118203472,-0.0235507873334486,0.0
2016-10-17,0.0015386057264248,0.0,0.0321088985867461,0.0090026407746273,0.0271048446074144,0.0056505360764995,0.0585441906369343,0.0106104227994694,0.0199762480036036,0.0123640640273703,-0.0143525941127429,0.0,0.0009314456035767,0.0,0.0205746347491579,0.0,0.0076052352316944,0.002065515932385,0.0045553762930623,0.0060277494784843,0.0120410499632022,0.0078256841269315,-0.0012392533498567,0.0,-0.0185006890562762,-0.0072961827217934,0.002198393826551,0.0152060002054863,0.0351826228436737,0.0164168451106352,0.0,0.0143322551914872,-0.0012688299767831,0.0140922556072788,0.0105858881967346,0.0105180636310184,0.0007137036425515,0.0,0.0,0.0007308581603635,0.00898400752587,0.0140937693418607,0.0219776150492043,0.1012180974477958,-0.006063673344665,0.0114070748134214,0.0,-0.0107686010264805,0.0385794637570837,0.0,0.0199490279218728,0.0023462956206674,0.0284814541685767,0.0393463352949761,0.0263781045211739,0.0033070465530398,-0.0012956312224394,0.0152291280450125,0.0,-0.021378356574853,-0.0098105150787295,0.0214884293072961,0.0,0.0321413854676984,0.0069326760129411,0.0,-0.0082465956448728,-0.0038616602710448,-0.0023747729042304,0.0,0.0077570384735257,0.0217082472347149,0.0055879929791884,0.0122126765068775,0.0,0.0084686026309257,0.0183770756171472,0.0
2016-10-18,0.0046009279837797,0.0,0.0886536738351253,0.061530937305857,0.0217539596787446,0.0016808336935119,0.0207415614950139,0.0249351813322238,0.024322674932147,0.0119037740546004,-0.0048538635712983,0.0,0.0576958868416155,0.0,-0.0010790330691899,-0.0055589093470167,0.0427657299695214,0.0053592717629886,0.0230514879546528,0.0498860745759441,0.0080395919604081,0.0300911105639005,0.0248933695230708,0.0,0.0207343578696312,0.0109714529186195,0.0164890918315576,0.0139851735654286,0.0359481733733653,0.0,-0.0133735070969616,-0.0050834729362833,0.0229895931882686,0.0049659892334015,0.0503202933000284,0.0469356089992241,0.0160947803733095,0.0,0.0,-0.0021909731904552,0.0133793296349822,-0.0799669400470468,-0.0782658320726857,-0.0324817838644543,0.0073207989470347,0.0154123877202647,0.0,0.0111086354521436,0.0228538271253042,0.0,0.0268892697219305,0.0293322120905947,0.0206387349327545,0.0307674309780066,0.0056873055048825,0.0228194726166328,0.0087511664428614,-0.0014255852507989,0.0,0.0240240240240241,0.0148561818103409,0.0437060173860686,0.0,0.0050791820077185,0.0151978784169726,0.0,0.0032630005895337,0.018103133000122,-0.0228546899592857,0.0,0.0033446731498343,0.0061677677439502,0.0195561571616855,0.0290515908398325,0.0,-0.0013585618933232,0.00732607106811,0.0
2016-10-19,0.0015292062875995,0.0,0.0342867431452234,-0.0265477910046321,0.0631755406761984,0.0224374340780517,-0.0185329820891965,-0.0067207995003123,-0.0070945336813965,0.0009318552866015,-0.0048775384776326,0.0,-0.0079183529825797,0.0,-0.001085086415891,-0.0011129379031238,0.0193046352548702,-0.0036904867452787,0.021608643457383,-0.0388347284899009,-0.02302466785564,-0.0273315484158858,-0.0190257600215225,0.0,-0.0027699787069662,0.0072700453060794,-0.0064886448714749,-0.0103426550306598,-0.0138815947300513,0.0105337078651686,-0.0070055116893438,-0.0047378505486848,0.0205969005562087,-0.0172826177227805,0.0129650939777521,0.0074101519081142,-0.0003509488714638,0.0,0.0,0.0110188438198657,-0.0066013432698499,0.0774780253192548,-0.0162845321513861,-0.0055348879412031,-0.0163473185247355,-0.001847624674383,0.0,0.0108921488383806,-0.0122812954079499,0.0,0.0007967526944239,-0.0095475579346547,0.0106518313175232,0.011485642946317,-0.0312099871959027,0.0054536440257808,0.009634150468734,-0.0164577368205769,0.0,0.0106664366626414,0.0175600739371535,-0.0177757586246684,0.0,0.0110559417411453,-0.0027629860343614,0.0,0.0255271465077824,-0.0182003232952163,0.0185170394036209,0.0,-0.0040070780295679,-0.0134866500639231,0.0082454056320313,-0.0079956128324648,0.0,-0.0089511041009463,-0.0072727900910395,0.0
2016-10-20,-0.0015268713862752,0.0,-0.0214120514287134,0.0,0.0423522940825962,0.0203038544499671,0.0207037941220107,0.0054771606801489,0.0145983672567069,0.0,-0.0088304862023653,0.0,0.0292656970556934,0.0,0.0173166315995498,-0.0100529234509127,-0.0236681504612774,-0.0020578649373187,0.0043387869474824,0.0095095872409056,-0.0027279812938425,-0.0125833565448199,-0.0177492479495376,0.0,-0.0046294546691357,-0.0144351464435145,-0.0097965335342878,0.0074630158399988,-0.008317334245062,-0.0062543432939541,-0.002823456177144,0.0197883486763039,0.0018252427184466,-0.0218627724395542,0.0078953347470462,0.0247027093294103,-0.0045796566829451,0.0,0.0,0.0167298478386774,0.004422422376068,0.0086837177086274,0.0030370843989768,0.0393248175182481,-0.0079992243176418,0.0014797595794253,0.0,9.342301943204844e-05,-0.0101870138245133,0.0,-0.0071327903949393,-0.006278661783263,-0.0015781167806417,0.0068221090190974,0.002918662921967,-0.0147928994082839,0.0025475714269751,0.0036369270412865,0.0,-0.0126589480271953,0.0210884566799252,0.0044270852452517,0.0,0.0037541470228741,-0.0047352778197572,0.0,-0.001112665733893,-0.0224160009756692,0.0239181294192993,0.0,0.0063614689835405,0.0,0.0108462124887378,0.0257833403356697,0.0,-0.014234273664107,0.0112588313089478,0.0
2016-10-21,0.0050844168445565,0.0,-0.0331639135959339,0.0250012791649612,-0.0299239259487269,0.0,0.0124610180242086,-0.0086556802901903,-0.0094858645832522,-0.0086619099399699,0.0029697194675717,0.0,0.0404388534665978,0.0,0.0,-0.0158336317593492,0.00302927789396,0.000824843391221,0.011610116101161,0.0200115974958874,0.0148495506057053,0.0009790093752592,0.0084024081668265,0.0,-0.0074415779182563,0.0128422840161324,0.0055063121138867,0.0041981318000663,0.0103230853892206,-0.0104895104895105,0.0051872770511296,0.0087640012356555,0.0079466604643951,0.0128475402187624,0.0400691300509084,0.0674762218101334,0.004600726430489,0.0,0.0,0.0200277047758372,-0.0076994006454588,-0.0047813425908265,-0.0016533864541831,0.0,0.0043397517349232,-0.0037019923058737,0.0,0.0110851626965593,0.0080013844634694,0.0,-0.0031965152565881,-0.0049245826493634,0.0189861508354658,0.0118355065195585,-0.0292664177465407,0.0212712712712712,0.0028531624407914,-0.0004306247308595,0.0,0.0021320732972225,-0.0422464649769444,-0.0152181858051312,0.0,0.0012611985735409,0.0266740901958799,0.0,0.0111123710171221,0.0171912621480343,0.0028082357896885,0.0,-0.0123008234717933,0.0012397560939068,0.064516129032258,0.0424130720644981,0.0,0.0083248403144267,-0.001669161805448,0.0
2016-10-24,-0.0025254865616312,0.0,-0.040162964909975,0.0168537573083906,0.0113642029872396,0.0032170596075187,-0.0080919876270899,-0.010024540883598,-0.0095845641380176,-0.0074829267559709,0.0286046634589964,0.0,0.0074532104013691,0.0,0.0085133399708525,0.014944769330734,-0.0235631390945744,-0.0008241635853344,-0.0080960854092527,-0.0147693521440505,-0.0131325618628782,0.0215668722233273,-0.0120875983144851,0.0,0.0365496796404321,0.0035628209158544,0.0240416722318685,-0.0029469670537806,-0.0063851847963041,-0.0007067137809186,0.0065726241701045,0.0005557508875,0.0327026126195419,0.0121727558880482,-0.0046960228298955,0.0406276267862146,-0.0045796566829451,0.0,0.0,0.0025257012311208,-0.0055521999721227,-0.0003322131786412,-0.0085300397070854,-0.0270388903520322,0.0098876929365281,0.0,0.0,0.0558960303039635,-0.0102000626142456,0.0,0.0200341330318611,-0.0024775896414341,0.0031023212010414,0.0139219314477045,0.021098478420725,0.0384709629992647,-0.0028450450650693,0.0149320457796853,0.0,0.012793973894543,-0.0436295703229249,0.0109776735348257,0.0,-0.0077965512748121,0.0166633800039439,0.0,-0.0076918509918265,0.0039001655730668,-0.0074591718537186,0.0,0.0151523887498701,-0.0027570056748678,0.0303030303030302,0.0195837167702375,0.0,0.0024818365590537,-0.0161851902923331,0.0
2016-10-25,-0.0086331715097597,0.0,-0.0167319330722677,0.0152612265436113,-0.0044910179640719,-0.0139264281460443,-0.0237371544362425,-0.0039191445431489,-0.0046800139607195,-0.0053441528457991,-0.0172586614577978,0.0,0.0591845681718545,0.0,-0.0154712679858259,0.0248655569782332,-0.0204264271808076,0.0,-0.0132747331599245,0.0070184528786256,-0.0072697402197351,0.0259148073022312,0.0012699691704036,0.0,-0.0081371318916525,-0.0017750861438864,0.0085358607596772,-0.0009873087089377,0.0064262173818283,0.0,0.0074625221268189,-0.0060985286449476,-0.0322628697692317,-0.0230582524271845,-0.0047181795085834,-0.006515885837372,-0.0505816707901246,0.0,0.0,-0.0083935737887553,-0.0133856612236318,-0.006723161675422,-0.0052828062266676,-0.0166922313453036,-0.0116218560277537,0.0003721140934169,0.0,-0.1549612086565944,-0.0005815792427227,0.0,-0.0141416940193529,-0.0277767376842525,-0.0211520406472636,-0.0109933084209612,0.0029359627742078,-0.0294950448324681,-0.0028531624407913,-0.0028591794075011,0.0,0.0021006614244756,0.0407420636692414,0.0028118965985597,0.0,0.0122354280211001,-0.0032489574241101,0.0,-0.0004720022868842,0.0405971680940222,-0.0028085924975954,0.0,-0.0298524416979996,0.0062232258742149,0.0245045946114896,0.0517204660926708,0.0,0.0167608361451074,-0.0022776249627696,0.0
2016-10-26,0.000515471969259,0.0,0.0100540299671365,-0.004297396780881,-0.0009679888343613,0.0027177700348433,-0.0076285463980053,-0.001637802529637,-0.0040724270390029,-0.0132799598176573,0.0,0.0,0.0100889900662251,0.0,-0.0192893646910649,0.0176657254941154,-0.0063150133833405,-0.0020621084780524,-0.004817743841469,-0.0409401859322927,0.0131151610434205,-0.0112302679447027,-0.0037875805844945,0.0,-0.0109385173472235,0.0144351464435146,0.0063513047476722,-0.0012384830459176,0.0038324233515329,-0.0099009900990099,0.0,0.0145072992700729,0.011519023063701,-0.0051242236024844,0.0066367647595082,-0.0065044175836088,-0.021235189425652,0.0,0.0,-0.0081837448612209,0.0022493725434484,-0.0048384398605086,0.0061403686244358,-0.0055973573132684,0.0055672555672556,-0.0059462198645794,0.0,-0.1626341766472233,-0.0005717085919633,0.0,0.0079667924201969,0.001758766552625,0.0126382306477095,0.0055577522955931,0.0,-0.0029175784099196,-0.0041355106237913,-0.0118871682837499,0.0,0.0147021330840486,-0.0150153370943177,0.0048173365546526,0.0,0.0092981014574233,-0.0131841401118948,0.0,-0.0028533042460359,0.0095449422372499,-0.006597561602963,0.0,-0.0006908260640478,0.0,-0.0167490389895661,0.019680445871542,0.0,0.0175743473437208,-0.0062514267652379,0.0
2016-10-27,-0.0020530194217197,0.0,0.0046047370888135,0.0120797872986195,0.0070979517339282,0.0027104037806657,0.0512162327343845,0.0147772202677329,0.0166844046828362,0.0073656444746097,-0.0107358152550574,0.0,0.0099882190237157,0.0,0.0051024188330131,0.0282115497937538,-0.0019113828088456,0.0016530956449867,0.0205516989404457,0.0412368619991709,0.0060234813680448,0.0236434604555926,0.0147952374262432,0.0,0.006451370210845,0.0106207465456795,0.0041979609903761,0.0037137936433382,0.0101785994456358,0.0142857142857142,0.0055554340456245,-0.0027430524327729,0.0215709647965911,0.0183046320864332,0.0084767252309365,0.0175677887500682,0.0220754428400677,0.0,0.0,0.0076848812512066,0.0214510146707929,0.0392189823495181,0.0213752123948081,-0.0114422810740981,0.0215348814660396,-0.0130861800610652,0.0,0.3092205597460946,-0.0097450355479283,0.0,0.0079038242927311,0.006849710056707,0.0020986553747863,-0.0005461496450026,-0.0293841480254073,-0.008046817849305,-0.0044781647381004,-0.0033326830537131,0.0,0.0,-0.0224961344977024,0.0135739682909767,0.0,0.0049061616248178,0.0240090711891147,0.0,-0.0015874815738745,0.0086290106874133,0.0085315174190541,0.0,-0.0047805403885359,-0.0031613362610488,0.0121939867820906,0.0105628475243031,0.0,-0.011954497650589,-0.0028626460037813,0.0
2016-10-28,-0.0205098520818829,0.0,0.0060932096393477,0.0191809414135597,-0.0310869467937531,-0.010812309398392,-0.0156589147286821,-0.0032332009320711,0.0037150143248434,-0.0034912832762937,0.001969544757574,0.0,-0.0114108935997565,0.0,0.0010860698033279,0.0221362561788092,-0.0076359317048733,-0.0020629592872197,-0.0034010561174259,-0.0072251627710899,-0.0065963060686015,0.0018596655727456,0.0083323959748384,0.0,0.0,-0.0140801958983776,-0.0136076669320895,-0.0024646217585545,0.0107037696165668,0.0133802816901409,0.0239405473989486,0.0200320151508321,-0.0263912509155008,0.0379692941747489,0.0252343834189447,0.0302396654334888,0.0026049171968873,0.0,0.0,-0.0155335837101759,0.0021971922196266,-0.0018664144933305,0.0084262750155039,0.0,-0.0066251566118683,0.0037916254533465,0.0,-0.0439819916254761,0.0081079408305997,0.0,-0.0172584403562346,-0.0094950806318174,-0.0062457141798097,0.0,-0.021225744039151,-0.0120452310717797,0.0111950394588502,0.0183258029262565,0.0,0.0145170295924064,0.0255759033997236,0.0066924973582247,0.0,0.0036669864619975,0.0051995570747676,0.0,0.0141497144002404,0.0215955079498679,-0.0249030833611461,0.0,-0.0299159386846877,0.0011032450363321,0.1129605787505365,0.0063631684836007,0.0,0.0104878715675169,-0.0080277871307307,0.0
2016-10-31,-0.0141352350681605,0.0,0.0227247926669575,-0.0087802925979544,-0.021831398973781,0.0273262331838564,0.0353467737701473,0.0301941778326839,0.0314607446441455,0.0255234143905342,-0.0049207794092426,0.0,-0.0015390140050275,0.0,0.0231607161265936,0.0061910101859639,0.020535452561639,0.0012403343315603,0.0149977548271218,0.0070418381910613,0.0030238022269895,-0.0092342728790029,0.0123996018397747,0.0,-0.0155671837039805,-0.0177998551174582,0.0053048103674446,0.0012322280810395,0.0685367430960628,0.011118832522585,0.006294830308652,0.0261258772172183,-0.0042202700462827,0.0304932073242762,0.0045547711227511,-0.004215456674473,-0.0059425753739676,0.0,0.0,-0.0068772221212985,0.0408012554232437,0.0418733949986285,0.034760793807288,0.0,-0.002426952550211,0.0188646192587726,0.0,0.0628992952644404,-0.0034483464309101,0.0,-0.0135663321098733,0.0247619537142931,-0.0256061171204773,-0.022120218579235,0.0093023255813953,-0.0062204528489674,-0.0042812705562308,0.0122856616557611,0.0,-0.0244909190974133,-0.0117304600947124,0.0289555990345753,0.0,0.0252352528835737,0.0239954020786437,0.0,-0.0034452547051112,0.0187463319940408,0.0,0.0,0.0262266830103039,-0.0037170138370042,-0.0259178670779739,-0.0027151424984889,0.0,0.0029184947525078,0.0185079319708447,0.0
2016-11-01,-0.0182099490477849,0.0,-0.0110965883325775,-0.0181436052103493,-0.0226585960074788,-0.0292593097803847,-0.0460947503201024,-0.0245801329553351,-0.0293075659895389,-0.0320504656232908,-0.0059261812589489,0.0,-0.0077069311000359,0.0,0.0130886409979609,-0.0574194896561331,-0.0245264652847591,-0.0049551912324363,-0.0211466996991682,-0.0281929347826085,-0.0057034607785223,-0.0465544657335831,-0.0204100660275807,0.0,-0.0102321696376026,-0.0217047729427879,-0.0337831055793745,-0.0308240144936591,0.0349825925948117,0.0254295532646047,0.0026809085535759,-0.0217772943165784,-0.0320614596670935,-0.0208338308932992,-0.0417313359956751,-0.0420717048186474,-0.0284001490354404,0.0,0.0,-0.0189192014215532,-0.0222394678492239,-0.0307620517606518,-0.0295743556846912,-0.0459255110613272,-0.0200567028083216,-0.0296266844333642,0.0,-0.0039038294708142,-0.0409175385815938,0.0,-0.0121284629231241,-0.0341387871796158,-0.0380883112906005,-0.0469176091912916,-0.0153225806451612,-0.0250375563345016,-0.005620934060397,-0.0207444914751374,0.0,-0.0397743300423131,-0.0474348265705368,-0.0281407662893745,0.0,-0.0281777685693567,-0.0139382600561271,0.0,-0.0155737704918033,0.0011743200576082,-0.0120454964324266,0.0,-0.0245157170226353,-0.0272373103156062,-0.0532149522139908,0.0099670871677248,0.0,-0.0108691462709578,-0.0312565775626184,0.0
2016-11-03,-0.0234569021707741,0.0,0.0262185417959162,-0.0210608424336974,0.0301018855345729,-0.0290404927515866,-0.0476044919928234,-0.0204584715094506,-0.0237701772385867,-0.0421055890525469,-0.0398100852215894,0.0,-0.0163102573396158,0.0,-0.0712279721339502,-0.0098039215686273,-0.0303042695893998,-0.0037349005708903,0.0103950103950103,-0.0258891875278718,0.0111650584885174,-0.0507760898282695,-0.0050011680928937,0.0,-0.0319536614369557,-0.0592353257942918,-0.0054761586750367,-0.0188286406765676,-0.0411241250340141,-0.0013404825737265,-0.0057895955704331,-0.015975425809506,-0.011878935393407,-0.0053172460893037,-0.0378889899909007,-0.0066015603688144,-0.013845326129261,0.0,0.0,-0.0180987641167696,-0.0195024604848402,-0.0259980742167247,-0.021473913423869,-0.0482340279816064,-0.0217085328902354,-0.0450382609273428,0.0,-0.0010886469673405,-0.0288525362396421,0.0,-0.0294879059586902,-0.0121063803545578,-0.0424020534452911,-0.0432936982574637,-0.0342810342810342,-0.0064201335387775,-0.0172734131318477,-0.034442083491553,0.0,-0.0174206815511163,-0.003438249953849,-0.0058696676711272,0.0,-0.0158831681057457,-0.0192581349018119,0.0,-0.0300421691601084,-0.0113421340916888,0.0004796993883833,0.0,-0.0159301691216583,-0.0051150796557055,-0.063224226496237,-0.0152508262402836,0.0,-0.0152846510540467,-0.0111352525801194,0.0
2016-11-04,-0.0100626911573363,0.0,0.0065711657247995,-0.0026313351246177,-0.006045172303825,-0.0073325454063051,0.0101586592802422,-0.0052777581113349,0.0,-0.0083872688046929,-0.0165703650202788,0.0,-0.0102642383408778,0.0,-0.0169188172125255,-0.0065923677794914,-0.0152924802834126,0.0037489023484116,-0.0124351404544639,0.0007423813117877,0.0089549819684753,-0.006175524049752,0.017592069220401,0.0,0.0029125059438894,0.0077847738981109,-0.0065807144775718,-0.0080412574319219,0.0182105809754975,0.0221476510067113,-0.0179287368004968,0.0120390261367704,0.0031727757101929,-0.0398554870772096,0.0236248770522811,-0.0265817223198594,-0.0163786949279441,0.0,0.0,0.0025498786095023,0.0198903716724103,0.0060329531051963,0.0082356447446849,0.0063733552631579,-0.016125648173126,-0.0291764269313727,0.0,0.0088120815818153,0.0303270827132322,0.0,0.0,0.0089890003022616,-0.0011636121846817,-0.0086779594538278,-0.0129028349890962,0.0310157663478933,0.0,0.0005940925445568,0.0,-0.0066373665799623,0.0140783106027277,0.0098405401522769,0.0,0.0034228769497401,-0.009141033081834,0.0,-0.0088958116995501,-0.0150314507644437,0.0082974841175764,0.0,-0.0719468775794311,-0.0085741296076744,-0.0299996811936109,-0.0159370019686885,0.0,0.01170325376176,0.0071225853703194,0.0
2016-11-07,0.0152431998770985,0.0,0.0406058232145187,0.0167276690881843,-0.0027036081136552,0.055133033653262,0.0539431697310439,0.0331739448330301,0.0347383790895816,0.0416228681317785,0.0379221219439853,0.0,0.0725947987023345,0.0,0.0485697243185767,0.0497833871735156,0.0465899162255227,0.0016599558092844,0.0484645348310535,0.0462284096388521,-0.0062048192771085,0.0672851391563102,0.032918012613444,0.0,0.0454967502321264,0.0488469839827332,0.0398209484325475,0.0219615738686411,0.0201975876750835,0.0013131976362441,0.036512089238996,0.0124375359306594,0.0435043704543938,0.0022815112458072,0.0682779902803185,0.0909501241254795,0.0222038648768252,0.0,0.0,-0.0004464466902066,0.0238338208948454,0.0195903043741181,0.035915222339367,0.0565883554647599,0.033135313531353,0.0329319859528416,0.0,0.0128094326810297,0.0300228970062699,0.0,0.0362911996702881,0.0145681649452309,0.0682338256708965,0.0762877420312075,0.0065050629027307,-0.0150413637503132,0.0091322631283445,0.0193927128891713,0.0,0.049089541008277,0.0453476424249343,0.0362472437584466,0.0,0.0278293535990328,0.0013179089178503,0.0,0.014794118674257,0.0,0.0106332391091854,0.0,0.0019381131273976,0.0086482810906292,0.0901860251101032,0.0703439077831762,0.0,0.0296090587291966,0.0135444694931279,0.0
2016-11-08,0.0038922935949492,0.0,-0.0306649937264742,0.0069257477005542,-0.0067797091301344,-0.0086127487103905,-0.001769424347279,0.0073899646784738,-0.0006125170574371,-0.0090980919822574,-0.0203026344437186,0.0,0.0334192780642603,0.0,0.0109369357782735,-0.0115932348942056,0.0212880889827387,-0.0024858073835197,0.0243649559357179,0.0166981800992673,0.0256006142530966,0.0232886148194311,0.0318772234632249,0.0,0.0120365821397527,-0.0223112747752627,-0.0010689934126891,0.0053724069549663,-0.0226226458963031,-0.0327868852459016,0.0035225917399384,0.0033851294539022,0.0030180957861756,0.0027774474663224,0.0189061094582438,0.0,0.0030997818030686,0.0,0.0,0.0088246440365979,0.0052937007176399,0.0052637431886422,0.0023588943633838,-0.0237819025522041,-0.0125813363738229,-0.0079676206996243,0.0,0.0096912808947673,0.0029189346407945,0.0,0.0211668268540305,0.001437823751051,-0.013106134371957,-0.0098796066538002,-0.0162185232607767,-0.0216340035632476,0.0080390598387647,-0.0196062346185397,0.0,-0.0234106036263483,-0.0283305301325876,0.0131584366377002,0.0,0.0002940744008235,-0.0026323486399533,0.0,-0.0057336371082645,-0.0168630614865402,0.0,0.0,-0.0115929355962742,0.0014257929035808,0.0071148628278563,0.0363137939014186,0.0,-0.0002564248675138,-0.0121975282067841,0.0
2016-11-09,-0.0072017150130634,0.0,-0.0682924303613958,0.0107496960201323,0.0013671028375719,-0.0233681765389082,-0.0353593046309791,-0.0210436663848411,-0.0274793051816565,-0.0104921604850553,0.0331685093616311,0.0,0.0367047308319739,0.0,-0.012986250428145,-0.0351876432967298,-0.0454793159269765,0.0020766683504518,-0.0165317139001349,-0.0242813804005441,-0.0130619803774774,0.0274866173029457,-0.0135179557900307,0.0,-0.0045743945928787,-0.0228204276060706,-0.0191757049891539,-0.0165403259075908,0.0115731379499011,0.015593220338983,0.0,-0.0060291444926922,-0.0060307786461986,-0.0052854033084591,0.0635939224174517,0.0374948282995448,0.0011624226729967,0.0,0.0,-0.01497263067511,-0.021063300063895,-0.0261931978809444,-0.0319694065400163,0.0121806298276885,-0.0184654283382109,-0.0156727204905228,0.0,0.0324469530047386,-0.0038840381567908,0.0,-0.0071726077784388,-0.0068519052655192,0.0094125540185883,-0.0228802153432032,-0.006569569259374,-0.0286160249739854,-0.0026583162495212,0.0011965525897412,0.0,-0.0174206815511163,-0.0245144321553818,-0.0230144373759341,0.0,-0.0246529892274416,-0.0118768328445746,0.0,-0.01202492211838,0.0396213548469122,-0.0287017553031589,0.0,-0.0144902281440176,-0.029241304600147,0.0046997545351135,0.0429685487057045,0.0,-0.037134144603722,-0.0164884054549746,0.0
2016-11-10,0.0066888221599918,0.0,-0.0416782439566547,-0.0561513969021569,-0.0221482256683474,-0.0339406336219197,-0.0641503783960364,-0.0625194480253505,-0.0891707550556419,-0.0490357994845894,0.0060093568509358,0.0,0.0617855324663303,0.0,0.0361845366753255,-0.0884008304775245,-0.0867035522681286,-0.0120197154699227,-0.0286449399656946,-0.0355475078623843,-0.0176464717037628,0.0378106038153769,-0.0352251761665188,0.0,-0.0808793187530481,-0.0194989230246003,-0.0610993158763858,-0.0421708068427606,0.0446223852693217,-0.0654205607476635,-0.0482656163626312,-0.0405329946459659,-0.0636368300879961,-0.0131645052240776,0.0382116805797194,0.0281142515328249,-0.0374647223483565,0.0,0.0,-0.0305638790520292,-0.0516081114537148,-0.0405170019942947,-0.049807377491104,-0.0421680853145485,0.0577467217021794,-0.0489747339874351,0.0,-0.032245804829562,-0.051292449102668,0.0,-0.015266094233535,-0.0346572354239541,-0.049869022950307,-0.0690605110667806,-0.0365587372886643,-0.0307980717728977,-0.0553183799778637,-0.0241531762680417,0.0,-0.0377014380960923,-0.0447071566017951,-0.0455944967615772,0.0,-0.0672379270997051,-0.0301231636741355,0.0,-0.0313496317784645,0.1111988170811699,-0.0389288838054228,0.0,-0.0111124712667128,-0.0242475449560004,-0.0070315526025682,0.0748042194718248,0.0,-0.0301505554568953,-0.0131459906574842,0.0
2016-11-11,-0.0332386530259994,0.0,-0.0289939112786313,-0.0040519460755095,-0.005224650230585,-0.020754856340941,-0.069333139408043,-0.0319523661143701,0.0017253912784536,-0.0209076188638404,0.0418810386069943,0.0,-0.0653822683288292,0.0,-0.007760208597469,-0.0399802431193918,0.0050744622173193,-0.0083903080603648,-0.1261698746247572,-0.0909090909090908,-0.0419215216110219,-0.0737679046488208,-0.0320463678255814,0.0,-0.0779968164564711,-0.0974679153659383,-0.0297581658291458,-0.0332087918103685,-0.0399810900249881,0.0007142857142856,-0.0663883544487603,-0.0239983567459004,-0.0582489691357178,0.0005090990672269,-0.0328080559612575,-0.0508121212121212,-0.0256838987453644,0.0,0.0,-0.0254580195571542,-0.0272200863828373,-0.0158387707850978,-0.0128234226055379,-0.075485188968335,0.042944667631859,-0.0223208726620675,0.0,-0.0010573059843518,-0.082199888208152,0.0,-0.0521959478151177,-0.0440511846820345,-0.058247433286011,-0.0961479591836734,-0.0141164281551512,0.0,-0.0126966668260722,-0.0229182189563474,0.0,-0.0921518672714843,-0.0257638076398856,-0.0099468869658724,0.0,-0.1037992798448896,-0.0365667074663402,0.0,-0.0328850758469028,0.0767291318572471,-0.0435580073366749,0.0,-0.0269173635563381,-0.0150595520120248,-0.0776247487022534,-0.0331211069483071,0.0,-0.0506805558381313,-0.0139385208329434,0.0
2016-11-14,-0.0085975282106394,0.0,0.036488504031054,0.0018081916173764,-0.0220695388527557,-0.0147081007693468,0.0277864599612427,-0.0032328264839863,0.0072219210659765,0.0,0.0143525941127429,0.0,0.0517675589963622,0.0,-0.016350600068469,0.0340707711656089,0.0454212856254345,-0.0016922601964393,-0.0342528038799636,0.0270244565217392,-0.0671926698905575,0.051813387423935,-0.0092254936944621,0.0,-0.0238822487826472,-0.0065334358186011,-0.0797604596584931,0.0071063043678292,0.0097021925196389,0.0592433975731621,0.0019752548778686,0.0047586755214668,-0.0034329769437777,0.0051315222078482,0.1042266058399961,0.0740665066149053,0.0131774108532833,0.0,0.0,-0.003027507064183,-0.0011465931545948,-0.0127385980858685,-0.0060613027620729,0.0135896586012596,-0.0046977274398763,0.0197545645016461,0.0,-0.0277609773799444,0.0289225110758171,0.0,0.001716207065636,0.0085182569044739,-0.0036703661627197,-0.0007055967937681,0.014646962233169,-0.0276319425255595,0.0128599452665227,0.0123502239518964,0.0,0.0202943189596167,-0.0065369996657215,0.0172902203108717,0.0,0.0143971978262549,0.0057699433592715,0.0,-0.0121023539003538,-0.0045996022970133,-0.0005416404385824,0.0,-0.0264039464570935,0.0033631775600166,0.0765126870527002,0.0184709741834261,0.0,0.0238855550792969,0.0006071645415905,0.0
2016-11-16,0.0306407902788705,0.0,-0.0271952062687256,0.0343254081742898,0.0053756181960926,0.0006124167495982,0.0646990846333972,0.0205199126692734,0.0150347222222222,0.0345161483817342,-0.0282990238227708,0.0,-0.0558708761972329,0.0,-0.0155439652552425,-0.0012162087456465,0.0179355719260179,0.0148323769599927,0.0390249006068215,-0.0263133524719205,0.0556161891768987,-0.0419636520719551,0.0097330440358751,0.0,0.016688963969071,-0.0023210831721468,0.0786710519373163,0.0197769297265386,0.0033907161726709,-0.0363881401617249,-0.0142962474290813,-0.0130912899284343,0.0206834138580331,0.0073962846968982,-0.0561841423389186,-0.0613021353497883,0.0304885425992693,0.0,0.0,0.0226884923504064,0.0326543571707698,0.0431227067791331,0.0493644134624484,0.026814911706998,-0.0153696947305222,0.0116218798593636,0.0,-0.0053188180404353,0.0404349894966515,0.0,0.0051514551112457,-0.0013799798897402,0.0417945794228578,0.0528723945094051,0.0433713102019679,0.1682296106848537,0.0447969967959447,0.0067967721825863,0.0,0.0174085130647703,0.0045860698129431,0.0537520379748661,0.0,0.0632712131214137,0.0120526315789475,0.0,-0.0270225250804466,-0.0897379647694707,-0.003749597211237,0.0,-0.0144165856066436,0.043277178944584,-0.0616161005681131,-0.04950633709124,0.0,0.0567562193220232,0.018431432038835,0.0
2016-11-17,-0.0117816701302005,0.0,0.0411336176261549,-0.0288175584338977,0.0142500447645386,-0.0179022263025017,-0.0184658888047872,-0.0169292151062805,-0.0313002428762014,-0.01444581576615,0.012622647893189,0.0,-0.0281795979710689,0.0,0.0,-0.0207837493773177,-0.0309588475951456,-0.0029231185950973,-0.043399456248112,-0.0405434782608695,-0.021431956231422,0.0066668813810428,0.0121447275700974,0.0,0.0021856948502354,0.0045237172030501,-0.0247187347138432,-0.0055409680153822,0.0095707069245858,-0.0293706293706293,-0.0025038778611529,-0.0030774672798018,-0.0060778537310871,0.030637014828758,0.0166704796766568,0.0102340662681121,-0.0106487895367131,0.0,0.0,-0.0039025493828034,-0.0237222393037063,-0.0263745392243393,-0.0298785619814836,-0.0261146496815286,-0.0048029568202924,-0.0280819803691587,0.0,0.0016260671065386,-0.0131738931587225,0.0,-0.0136706747214266,-0.0084579809174617,-0.0289202273205642,-0.0305542142818819,-0.0138354634570045,-0.032838725370956,-0.0020253801878913,-0.0190142843628795,0.0,0.0024726361598312,-0.0412970934487848,-0.0138770033340407,0.0,-0.0270308992788576,-0.0119090956367986,0.0,-0.0166684824054907,0.0369705671213209,0.0172160310506042,0.0,0.0275314497834606,-0.0067188806091361,-0.0050558722184652,-0.0163056824321005,0.0,-0.0321673335182032,-0.0217099873389439,0.0
2016-11-18,-0.0170205826309376,0.0,0.0497482720368631,0.0116919105644763,-0.0059730184339706,0.006076186024772,0.0293912233732975,0.0157862695841408,0.0173741083409844,0.0118672415387071,0.0393106816078956,0.0,-0.0130001933114246,0.0,-0.0238608581344514,0.0050024022835826,-0.0267060472211874,0.0092138774124173,0.0236842105263159,0.0408547637929082,0.0271180471484229,0.0274347325313539,-0.0078560807268164,0.0,-0.0447312785134081,-0.0398867730313947,-0.0139432239943826,0.0016701663929257,-0.0234248279103356,-0.063400576368876,-0.0170422701977345,0.0148552910146779,-0.0190356973280959,-0.0282552642887838,0.0382549731465089,0.0181544633901704,0.0083721978947866,0.0,0.0,-0.0116115661419222,0.0162071805804546,0.0066922625713219,0.0094090186114725,0.0134074558534988,-0.0283441261582256,-0.0017530376458482,0.0,0.0167962286534919,-0.0120159157190333,0.0,-0.0164699520361137,0.0043561083564445,-0.0024276053407317,0.0161044854589225,0.0,-0.0193661971830985,0.0081179627124086,0.0192250372578242,0.0,-0.0146347880422271,-0.0017856680727724,0.0547756904236265,0.0,-0.0010553183134542,0.0120526315789475,0.0,0.0378509702130351,-0.0111852840824803,-0.002644929107228,0.0,-0.0163285785965163,0.0177962485093348,0.0126877265665459,-0.0068650456837585,0.0,-0.0087286644017846,0.0129420273305165,0.0
2016-11-21,0.0075006767199601,0.0,0.0157968893946782,0.046664915637937,-0.003182058125595,-0.006633113950187,0.0784191779272913,0.005648744532084,0.0058052759458522,-0.0027575896008971,0.0239752704791342,0.0,0.0476913284042501,0.0,0.0406194685751306,0.0099268841394826,0.0397138561078962,0.0041498895232112,0.0118251928020565,0.0194827281261478,0.054732871868504,0.0552415650738786,0.0179331017335331,0.0,0.0342690739662201,0.0230501206110962,0.0128518141742963,-0.0072299326128768,-0.0296972755977603,0.066153846153846,-0.003059602010825,0.0146378416176211,-0.0166329314441608,0.0025343368626951,0.0180325973875852,0.0317702689390209,0.0003942451969756,0.0,0.0,0.0133421419236237,0.0102510310630081,0.0156129989141085,0.0081957987578402,-0.0065612563192427,-0.0273180574688111,0.0057010148569973,0.0,0.0284012404433664,0.0135121220095419,0.0,0.0193873038260639,0.0117843943936963,0.051168955327655,0.0730099942812014,-0.0070462409562754,0.08130289817902,-0.0164350219512748,0.0110525274592947,0.0,-0.0123823509779054,0.0395753396245981,0.023800121106811,0.0,0.0390634596958456,0.0112850382235165,0.0,0.0068930284337422,0.0003600576092175,0.0228241022519779,0.0,-0.0076658505304885,-0.0015909776675325,0.0250894911787267,0.0512781841490084,0.0,0.0159077536104719,-0.0292172409905677,0.0
2016-11-22,-0.0160423636269089,0.0,-0.0370241937635039,0.0148594713445819,-0.0237461272729072,0.0074568696736645,0.0127529621474258,0.0186183512004658,0.0067898092469094,0.0076126700149088,0.0306349168015069,0.0,0.0680001869420947,0.0,0.0068675797296102,0.0037033943140367,0.0555599379453604,0.0037194652012197,0.0052845528455285,0.0100890128514807,0.0165796371172561,0.0462559940981188,-0.024178929182376,0.0,-0.0287188034958104,-0.0201729106628241,0.0126887408349793,-0.0005575184852222,-0.0376710257309799,-0.0541125541125541,0.0,-0.0129334604472725,0.0070550683133463,-0.0156426287081258,0.042168161689565,0.036520742827135,0.0304390278333293,0.0,0.0,-0.0021967742849853,0.0,0.0006519499823973,0.0033592465544887,0.0399523603291469,0.0331917100512637,0.0,0.0,0.0059413626321132,0.0266639573737921,0.0,-0.0095092923726328,-0.0221019986216403,0.0249075011885322,0.022460788792447,-0.0247101311537731,0.0,-0.0303664558206229,0.0015142750195664,0.0,-0.0426143084045823,0.0486801251917152,0.0183158896289248,0.0,0.0169295155226634,-0.0076622441633241,0.0,0.0014464108564116,0.0424015196960607,-0.0217905668664371,0.0,0.0064326626523718,0.0164963910464983,0.0293393196769868,0.0751101865799519,0.0,-0.00139210665366,-0.0068902781272378,0.0
2016-11-23,0.0273669746589038,0.0,0.0530733220686407,-0.0041800359129844,0.0127043030376767,-0.0115280464216633,-0.0045555138541976,0.0065499687296153,0.0043874682936861,-0.0144242293989766,0.0288455905613291,0.0,0.0059075792053211,0.0,-0.0362555561505917,0.0110137047106475,-0.03158628935831,-0.0024704546972023,0.0048524059846339,-0.0139386172363223,-0.0050366757939759,0.0667183754054434,-0.0235221266723647,0.0,-0.0170450592518727,0.0068181818181818,-0.0238032266596138,-0.0019663489362888,0.0269142289657946,0.0678871090770405,-0.0025534657054251,-0.011380694711119,0.0083978849771169,-0.0112720723205128,0.0198700750405165,0.0797715549005158,-0.0103603577891053,0.0,0.0,-0.0043890175134582,-0.0180522453217547,-0.0032706566071171,-0.0092145855459464,-0.025611660593441,0.031497963202502,-0.0209349554918671,0.0,0.0193808803015462,-0.0357135003188705,0.0,-0.0052323791935979,0.0119174307400646,0.0062116811874799,-0.0050140243751085,-0.0181251218086141,-0.0351043643263756,-0.0042217743378134,-0.0160627219135959,0.0,-0.0759265795975997,0.002449435797434,-0.0179864517636066,0.0,-0.011648724685531,0.0203140384515727,0.0,-0.0021627017135251,0.0271146449775083,0.0079515664151326,0.0,-0.0034000700443613,-0.0058342922011228,0.0759980614284847,0.0144040091035115,0.0,-0.0042024930043247,0.0126288710023192,0.0
2016-11-24,-0.016435467000463,0.0,0.0080227266749086,0.042011292086671,0.0057368268239206,0.00245251513254,-0.0267171106517414,-0.0113043420164754,-0.0094020885946352,-0.0191559312936123,0.0119002881122385,0.0,-0.0123983120894419,0.0,0.004470690456465,-0.0108937244463956,-0.0176629968789656,0.0103190539937527,0.0086519114688128,0.0106653803896348,0.0095417930535746,-0.0171996668473446,0.0064576057734389,0.0,0.0312131364129664,0.0159341388925773,0.0012869141154159,-0.0030880801503517,-0.0101297588444119,0.0135714285714285,0.0046112349387861,-0.007674470614546,0.0111039304388698,0.0015601711830279,-0.025745800283097,0.0051612352840813,-0.0054276353736474,0.0,0.0,0.0026678460353239,-0.0080265308084207,-0.0131124823510956,-0.0104334687710559,0.0,-0.0119786256398738,0.0178220636889991,0.0,-0.010073953298783,0.0101028529727016,0.0,0.005259900990099,-0.0173208714062848,-0.0134690932414015,-0.0170387925657976,0.0037051740108506,-0.0115535889872172,-0.0021198366408373,-0.0012258816419907,0.0,-0.0056533863019978,-0.0141625250572313,-0.0204309923624861,0.0,0.0010115742918979,0.0,0.0,-0.0189305526084452,0.0135309278350514,0.0246580066674328,0.0,0.0008492569002123,0.0024351878823185,-0.0264898797961883,-0.0205939957321172,0.0,0.0092783715844761,-0.021209030196886,0.0
2016-11-25,-0.0069211391114093,0.0,-0.0318615938625331,0.0076652047364271,-0.0235281820534773,0.0048930300348759,-0.0021639817263765,0.0027705510693649,0.0047456634454721,-0.008525156479803,0.0285399176213734,0.0,0.0369570962910756,0.0,-0.0155752586237244,-0.0183931642900737,-0.0269708819216534,-0.0012256390437805,0.0004987033712349,0.0139732202041626,-0.0047357529449219,0.0254640839386601,0.0089719924745306,0.0,0.0123544350133839,-0.006665795320873,0.001268348779003,-0.0019693178871531,0.016849590353996,-0.0486257928118393,0.0025562906454232,0.0108297254018148,-0.014424753050552,0.0023235575667914,0.0142821897530085,0.0239338001273075,0.0058458165875048,0.0,0.0,0.0006402868485082,-0.0046271621687097,-0.0020002914331889,-0.006839846490323,0.0065177903622182,-0.0103052748231149,-0.0043806742429051,0.0,0.0,-0.0026641379933171,0.0,-0.000864171224282,0.0111058349929482,0.0011377488825681,-0.0179686310339576,-0.0257745550428476,0.0241233523999004,-0.0074411905904946,-0.0086349217325162,0.0,-0.0170950021128653,-0.0110452035181017,0.0197742337730524,0.0,-0.0023501210312331,0.0054852963583726,0.0,-0.0007415532450679,0.0237706957074546,0.0,0.0,0.0038476731087151,0.0164276138890826,0.0067954427158636,0.0474786968914624,0.0,0.0100334109547433,-0.017185441532139,0.0
2016-11-28,0.0185732969357572,0.0,0.0179509986253738,0.0292113827546987,0.014970868738563,0.0146076146076146,0.0459705488621151,0.0093331985579028,0.0124810341428289,0.0261489767229261,-0.0204061535768212,0.0,0.0503377086784759,0.0,0.046703858100376,0.0274708193200123,0.0518846767972156,0.0057266676984986,0.0118632240055824,0.0013074629987972,0.0151345515614378,0.034906143008933,-0.0046615946171776,0.0,-0.012203665619562,0.0180263157894737,0.0153698042461196,0.0138264704230099,-0.0059166920036485,-0.0111111111111111,-0.0122196653222896,-0.0042127250111478,0.0369213082376522,-0.0023181711626453,0.029581081081081,0.0484064818268472,-0.0011589088959231,0.0,0.0,0.0031425077496232,0.0092973446588944,-0.0056545169768245,0.0212321723503934,0.0065817409766455,0.0563408588463856,0.0298941461548272,0.0,0.0083235294117647,0.000667813646036,0.0,-0.0069904385019133,0.0031332361352547,0.002841139702898,0.0104408952292345,0.0188781378983693,-0.0271976687712481,0.0178355501813785,0.0135316581512545,0.0,0.0028922066755254,-0.0011192894944948,0.0144610414266683,0.0,0.0289981390308826,-0.0095469010456129,0.0,-0.006253768494612,0.0194029716425028,-0.0105738486565322,0.0,-0.0255334032878629,-0.0035144963444664,0.0315363184651176,0.0730155790313504,0.0,-0.0121390122392518,0.0447152031690774,0.0
2016-11-29,-0.0279206845738217,0.0,-0.0036804617788016,0.0015536954975656,-0.0194256671923181,-0.0101853270026038,-0.0363350142063634,-0.0208839631459473,-0.0316561259133202,-0.0247850533269459,0.0116721956014251,0.0,-0.0721507724662298,0.0,-0.0075554210634206,-0.0255260624398294,-0.0574269584349577,-0.0020335927538145,0.0075862068965517,-0.0080565131097879,-0.0204628261939929,-0.0457322483332066,-0.0016966376529845,0.0,0.0,0.0,-0.00377597019146,-0.0116916129300372,-0.0184551955320931,0.049438202247191,-0.0010309027298629,-0.0147892386193568,-0.0127643848078233,-0.017082934470455,-0.051989132289438,-0.0366051310432067,-0.0120239208487743,0.0,0.0,-0.0072150481239458,-0.0195808917504641,-0.011052968816745,-0.0241575376603297,0.0,0.0156555772994129,-0.0431124154840627,0.0,0.0299273692500656,-0.0420894273077923,0.0,-0.0131963584732314,-0.0304029739153524,-0.0527561923263719,-0.0517417770729961,-0.0185283570195244,-0.0142286570144783,-0.0017463617463618,-0.0151919205822135,0.0,-0.0259937646141854,-0.068511503842734,-0.036496859734822,0.0,-0.0295087221281076,-0.009638922888617,0.0,-0.0109215654243775,0.0411836889638308,-0.0197579159225557,0.0,-0.0170345776501555,-0.0190421543875755,-0.061144368648197,-0.0590117572080115,0.0,-0.01117199391172,-0.0136542954536749,0.0
2016-11-30,0.0052746824109288,0.0,0.0,-0.0042714967717972,0.0088040973111396,0.0072727272727273,0.0233348827943422,0.0188814335979052,0.0237466557084651,0.0125308099350189,0.0090533707244906,0.0,-0.0228837939150903,0.0,-0.0029015727507893,-0.0149603409828661,0.0358370729588883,0.0048905680328683,-0.0186760535836509,0.0337778245817261,0.0176129966221649,-0.023563477937465,0.0140653076398786,0.0,0.0459859525498183,0.0311490241695746,0.0,0.0098606059331833,0.0048547924716439,-0.0364025695931476,0.0180553524125266,0.0237907277163771,0.0033979324444957,0.0281636519783614,-0.0223597496815639,-0.0347133888638135,0.0196313283281235,0.0,0.0,-0.003783660298695,0.0117568930319502,0.0358916905134711,0.0195751422793886,-0.0324825986078887,-0.0313904945407835,0.0026788314083276,0.0,0.0281797841909994,0.0258011950027157,0.0,0.030300465509945,0.0415753819544537,0.1059838919865836,0.0914093054619016,-0.0037891602950131,0.049886047100532,0.0049150283238921,0.0048305380852549,0.0,0.0534149561877326,0.0529041031407726,0.0158681037945178,0.0,0.0121718208194747,0.0180750811061332,0.0,0.0080456786919282,-0.0707236005358747,0.0109022556390976,0.0,-0.0444275389882083,-0.0064692991007713,-0.0348764791363919,-0.0383866461599243,0.0,0.0381327668831903,-0.0207552664789827,0.0
2016-12-01,-0.0303179950263673,0.0,-0.0221377697459338,-0.0315757136901234,-0.0472713980372546,-0.0535883452390095,-0.0659684368997559,-0.0583385200206129,-0.0558032282859338,-0.047366539561487,-0.0057115346740487,0.0,-0.0113752955346386,0.0,-0.0138151794345688,-0.063271914491217,-0.0311383626374586,-0.0137891725400358,-0.0514149063371862,-0.0341894490214303,-0.0258041571168893,-0.0619490695396669,-0.0462369721199001,0.0,-0.0428924517159168,-0.0710704437202306,-0.0772249123392886,-0.0457472795913834,0.0211239216318634,0.0,-0.0481450737500799,-0.0377250476090335,-0.027794518582293,-0.0540179801598236,-0.0442836304929687,-0.0753241232731136,-0.0419734693292839,0.0,0.0,-0.0066501368724291,-0.0494469429925854,-0.0459455585525715,-0.0453402306371144,-0.026814911706998,-0.0341852005341437,-0.0355836059860996,0.0,-0.0336602027324812,-0.0795317194460751,0.0,-0.0484327140862096,-0.0366431650395422,-0.0140621981842765,-0.034994068801898,-0.037831963594376,-0.0012059816690785,-0.0419346052273186,-0.0293133274799405,0.0,-0.0507064721969007,-0.0623168247975759,-0.0798965564175854,0.0,-0.058752243119159,-0.0218512898330804,0.0,-0.0148472365259183,0.0174183599916057,-0.0242583745744772,0.0,0.0088368760449009,-0.0144711381842588,-0.031312417416956,0.0146147130248492,0.0,-0.0674838135718876,-0.0629312395907684,0.0
2016-12-02,0.0048108403055655,0.0,-0.0113330615572768,-0.033817464992976,-0.0248110925193703,0.0178011037766474,0.020661673776209,0.005365874459859,0.0159918955099678,0.0204068868775855,0.0073840126771722,0.0,0.0487320638931503,0.0,0.1242629296763639,0.0243201076814829,0.0,0.0012337034443667,-0.0060924369747897,0.0015689273283407,0.008416825538474,0.0214478378143216,-0.0074955383700179,0.0,0.0548928195987019,0.0068816623937391,-0.03153894870171,0.0032144519432162,0.0047253181086579,-0.0207407407407407,0.0298182062118468,0.0237603807488708,0.0209142030611191,0.0094761276227754,-0.0038674688083453,0.0222038339539372,-0.0032178958071656,0.0,0.0,-0.0086135999653724,0.0036571954681465,0.0044661758881134,0.0041443120120794,0.0207213261648744,-0.0091443936952312,0.005533808424504,0.0,-0.0149079299925887,0.0095920562267077,0.0,-0.0072764047160968,-0.0187527382157964,0.0241565769366405,0.0252509731612375,-0.0118593816179586,0.0125573532963052,-0.0109394313967861,-0.0162903789147509,0.0,0.0,0.0089131989510766,0.0246970977740208,0.0,0.020575418441121,-0.0070327851897817,0.0,-0.0026372268727873,0.0117303104765662,0.0276173443959073,0.0,-0.0069128787878788,0.0029351323796475,-0.0124349701814491,0.0419110150188368,0.0,0.0110877907100002,0.0089077906140238,0.0
2016-12-05,-0.0149607653250549,0.0,-0.0259497498488097,-0.0004162611540401,-0.0520540759117387,-0.0224868428047418,-0.0191270964931388,0.000728126170834,-0.0052526619422385,-0.0181775197667393,-0.0073298886861912,0.0,0.032226142328543,0.0,0.0528041353600869,-0.0145143949348942,-0.0135768634380295,-0.0004107277651969,0.0,-0.0311582660892228,0.0032984051004605,-0.0058775927424506,0.0062150747837634,0.0,-0.0127383015597919,-0.0138032699008308,0.0085011770860581,-0.0090325199715831,-0.0082334379137122,0.0022692889561271,-0.01086213073641,-0.0127607594786588,0.0116235362151222,-0.0160871447121628,0.0116325771662326,0.0126821370750134,0.0088747809807263,0.0,0.0,-0.0023722202817557,-0.0048669860360819,-0.0092189709561623,-0.003529988908796,0.0,-0.0221721808418501,-0.0050508411413969,0.0,-0.0121241934083741,0.0117058306184889,0.0,-0.0137401545456805,0.008556455036524,-0.0337828790052605,-0.0107408702602788,0.027932561794542,-0.0016694490818029,-0.0062613260013748,-0.0076291400375084,0.0,0.0652582723162484,-0.0240880032554903,-0.0109235147732115,0.0,-0.0125184987505763,-0.0063014269346942,0.0,-0.0086948926438826,-0.0021983087205488,0.0080596844597871,0.0,0.0027812211944948,-0.0095142415807301,0.0176345882050623,0.0037268632581253,0.0,-0.0100960328776313,-0.0176582849233479,0.0
2016-12-06,0.0176228453820428,0.0,0.0172433256194615,-0.0016657379981815,0.0346849131868385,0.0255601479225582,0.0011242036890535,0.0144954154363459,0.0214974850985376,0.0074020565231736,0.0180583678140682,0.0,0.0037514067775417,0.0,0.0258553301530022,-0.0120613370507303,0.0304154709462793,0.0020544826590558,-0.0050729232720355,0.054320652173913,0.0044502355417459,0.0126672664695886,0.0172104105571846,0.0,0.0365575353287106,0.0279929338225302,0.0027974878188856,0.0117629846378932,-0.0213518142642064,-0.0188679245283018,0.0036632147384711,0.0283981019881074,0.0148483722525509,0.0136281985482809,0.00383784022233,0.0053734789945822,0.0255752954541399,0.0,0.0,-0.0053830106930808,0.0220469618211149,0.0123926110943375,0.0133030812205015,-0.0136069351475913,0.0088180297214841,0.0036919866499902,0.0,0.0424135910954892,0.0173617062957611,0.0,0.0148637073613142,0.0122649519925104,0.0327466392128135,0.0312847187152811,-0.0464938494683438,0.0143334925943621,0.0166888849762305,0.0163571979009944,0.0,-0.0417668269230768,0.0787420639190787,0.0159997775878006,0.0,-0.0045696877380043,0.0091714270740528,0.0,0.0364063088248252,0.036423076239717,-0.0133301258012933,0.0,0.0573878314341411,0.0036923150935908,-0.0074492598087181,0.0135176247700965,0.0,0.0034949852257442,0.0228218868085652,0.0
2016-12-07,-0.006573126027051,0.0,-0.0323484533222361,-0.0150342809806651,-0.0147693781930214,0.012488068724149,0.0119919037320468,-0.0139331820017546,-0.0062118875727202,0.007356521277255,-0.008863619167036,0.0,0.0305219882895226,0.0,-0.0051610086414972,0.0149079754601229,-0.0126478988168095,0.0004100540828086,0.0076481835564052,-0.0028093507564628,-0.0062067176242841,0.0033281624594556,0.0021712102920774,0.0,0.0259325119607096,0.0046265697290153,0.0392218445167011,-0.0069699511235792,0.0278777762553095,-0.0023076923076922,-0.006249846214414,0.0021025826723826,0.0093222367735485,-0.0094123816671037,0.0473281771840392,0.0266796236582886,0.0046801329227343,0.0,0.0,0.0019653857436199,0.0024051711179036,-0.0078217137279886,-0.007879171947613,0.0137946378907554,0.0617915048875188,0.0252623862992702,0.0,0.0039339103068449,0.0596928705531216,0.0,-0.0054984609274155,0.0080225980599508,-0.0155857600214712,-0.0179467717846386,0.0365160349854225,0.0200188412623645,-0.0197053475340481,0.0111114119887714,0.0,0.0523283160865473,0.0341903788124393,0.0059926528434317,0.0,-0.0148332798578375,0.0098670544245949,0.0,-0.0159986397291823,-0.0066686095349116,-0.0054069558981714,0.0,0.0153182049821636,-0.0086875594149177,0.0374304340912705,0.0343359644155791,0.0,0.0310920201369906,0.0216238781047797,0.0
2016-12-08,-0.0108156253976332,0.0,0.0270649961294762,-0.0250101400520125,-0.0052645864670157,-0.0067824128630161,-0.0074112634765812,0.0065248246982974,-0.0104119830375484,-0.0145968082114735,-0.0024429345751583,0.0,-0.021760154738878,0.0,-0.0006127628566341,-0.0240282899111408,-0.0277578153072223,-0.0045087460811573,-0.0025300442757747,-0.015430343758077,-0.0041770423327174,-0.0315829421190229,0.0147160618128532,0.0,-0.0353878216371251,-0.0113157894736842,-0.0242662352669286,-0.0046889561975769,-0.0448089484591053,-0.0015420200462606,-0.0047209910779871,0.0017018498875147,-0.0033065922567144,0.0474908267766844,-0.0102099330060559,0.0104117368670137,0.0034923053833455,0.0,0.0,0.012471821295781,-0.0011997000749813,0.0085801726964693,-0.0058871122277343,-0.0406013387468452,0.018228592429254,0.0013454138935107,0.0,0.0296965965069413,-0.025484940716849,0.0,-0.0036817472698907,0.0265291607396869,0.0021811100292115,-0.0100972326103216,0.0157513536319526,0.0113137843454167,0.0089339794064202,-0.0127390240854148,0.0,-0.0165754087980034,-0.0081263564022185,0.0014892387202065,0.0,-0.0068143100511073,0.0,0.0,-0.014577900656634,-0.0311076211514566,0.0304406760108437,0.0,0.0025834071449659,-0.0194614457879871,-0.0096254061676169,-0.0290078752621789,0.0,-0.0022620960725509,0.000674212397336,0.0
2016-12-09,0.0109338821713402,0.0,0.0310135946179828,-0.0043497146073328,0.011807107002973,-0.0241773887365535,0.0089571602075744,0.0107971965173954,0.0133278691445575,-0.0107463591691862,-0.0171314871705168,0.0,-0.0179189322787938,0.0,-0.0164925988375225,0.0,-0.0453848286057471,0.0185284102290177,0.0152187698161065,0.0120100805922347,-0.0044970557392918,-0.0300439774162178,-0.0074240759771785,0.0,-0.0052408659193977,0.0480436518498803,0.0359107969245344,0.0026481346013167,-0.0098769974435259,0.0,0.0005307283417228,-0.0130912899284343,0.0277863322041491,0.0362666759613456,-0.0522827791829756,-0.0497764530551416,0.0007708104439063,0.0,0.0,0.0024289390741114,0.0059806816475651,0.00135464643728,0.0029663421895245,0.0281367951504061,-0.0254006352414638,0.0085030150003571,0.0,0.0076925167849084,0.0199631735968675,0.0,-0.0092321182512838,0.0115360631885264,-0.0092689751661421,-0.0076312806951265,-0.0155070958809276,0.0257990867579909,0.0003752063634998,-0.0088705229177781,0.0,0.0084084539050071,-0.0115722169547565,-0.0011135706234637,0.0,0.0007062859449096,-0.0007199424046077,0.0,-0.0051251394866889,0.0025204171602113,0.0205712366531858,0.0,0.0270926893911507,-0.003032631609226,-0.0291259130865421,-0.0172603521356374,0.0,-0.0087508720095202,0.0019804405969905,0.0
2016-12-12,-0.0318470179775688,0.0,-0.0150538798938647,0.0004362572811955,-0.0253500235970964,-0.0171570614141741,-0.0477121947883181,-0.0117507426635942,-0.0415501749573595,-0.0333195103041665,-0.0157616070832684,0.0,-0.0220208883855543,0.0,0.0099368155012637,-0.0136880245269579,-0.0490814766062059,0.002021261485682,-0.0099937539038101,-0.0149673804490214,-0.0060164083865086,-0.0229989974412305,-0.0090951284385654,0.0,-0.0084295636840632,-0.0393650793650793,-0.0119950050125754,-0.0128992718623688,-0.0280557655591292,0.0023166023166023,-0.0063156324335076,-0.0107652399481193,-0.0444002560505563,-0.0219974269064858,-0.0582683505047041,-0.0884119017745115,-0.0289693465228163,0.0,0.0,-0.0043701502870163,-0.0392776299097037,-0.0495535714285715,-0.0412991949433044,-0.0410501724329737,-0.0071105185678971,-0.0137539984424578,0.0,-0.0253290893396632,-0.0141680282446499,0.0,0.0018712148989163,-0.0119182163772733,0.0088065117191331,0.0012689711182172,0.0235567119049293,0.0089027375918095,-0.0549596179331381,-0.0122069154274245,0.0,-0.0445462740384614,-0.0317165555746856,-0.0309156413568079,0.0,-0.0003528937285742,-0.000668999588308,0.0,-0.0019067915428186,-0.009727626459144,0.012916672379986,0.0,-0.014235538671063,-0.0074438925870207,-0.0199891605827781,-0.0040504579229306,0.0,0.0,-0.0270600700953623,0.0
2016-12-13,0.0111714012128949,0.0,0.0106932761559184,-0.0078553485772545,0.0289031335746732,0.0161645040686166,0.0092362497665798,0.003244769389604,0.0039718940339033,0.0325375361372748,-0.0092784087698478,0.0,-0.0488505747126437,0.0,0.0132216100334086,0.0277559734999528,0.0564495608008388,0.0133025122121424,-0.0070452155625656,-0.0078344108391378,-0.0030162223852611,-0.0072596949090241,0.000873724317459,0.0,0.0286916354015309,0.0137475214805025,0.012140631953716,0.0100965305187221,-0.0070598472014395,-0.0023112480739599,-0.0121860690126865,0.0204059739919186,0.0168322335133903,0.0265418246537181,-0.0354807555295197,-0.0396205082829475,-0.0023855046555816,0.0,0.0,-0.0069823702394576,0.0049712599036819,0.0174929188550607,0.0046107584363517,0.0,-0.009548586827799,0.0256401889895323,0.0,0.0172972075388149,0.0218935802783928,0.0,0.0232581618101739,-0.0072371841530622,-0.0065326437764902,-0.0096066105647367,-0.0191673536685903,0.0147804985660711,0.0538563302024077,-0.0189430323629378,0.0,0.0087271011872001,0.0235981456785419,-0.0053801153182474,0.0,0.0223914468707446,0.0146248519491218,0.0,-0.0229252121144013,0.0057055198212987,-0.0051034912211829,0.0,0.0148628603007474,0.0218928694525537,0.0101821730644113,-0.0393367987840848,0.0,-0.035322852736926,0.0169431180363575,0.0
2016-12-14,-0.0079842543077837,0.0,-0.0105801397992765,-0.0030766373653584,-0.0136422208527089,-0.0330862460772644,-0.0243239396527183,-0.0129300990584199,-0.0118685415124853,-0.0131323440421244,0.0093653038875705,0.0,-0.0101456463904044,0.0,0.0027333089091874,-0.0337579812421715,-0.068704055186766,0.0,0.0121783331568356,-0.018566195986835,0.008483237939493,-0.0319355734518189,0.0161542892112747,0.0,-0.0020660285870894,-0.0314252184117876,-0.0293367571275303,-0.0041197131567394,-0.0032264060757343,-0.0316602316602316,-0.0241239550789496,-0.0180938919973366,-0.0238422291993721,-0.0270867882808181,-0.0675804333552199,-0.0701233556840865,-0.0091732232071868,0.0,0.0,0.001473398590789,-0.0061833359097233,-0.0031614581876171,-0.0021395946964659,-0.0071925754060324,0.0240921886327045,-0.0043839277192758,0.0,-0.021763969748082,-0.0147329023477373,0.0,-0.0091016723397957,-0.0166677140722429,-0.0351090062233355,-0.0459396514216979,0.0078447853190446,0.0065217391304348,-0.0148127691090999,-0.0092354619143107,0.0,-0.0259937646141854,-0.0195922722817118,-0.0046334496985085,0.0,-0.0215557638238049,-0.0144140486220372,0.0,-0.013489644520756,0.0116585048212869,0.0,0.0,-0.0468588788260919,-0.0169293850398851,-0.0277589926899173,-0.0158790934901497,0.0,0.0008797339341273,-0.0293469530654694,0.0
2016-12-15,0.0099015460637144,0.0,0.0114629721260102,0.0083828542687358,-0.0150577944392377,-0.0131501636775692,0.0383801840965121,0.0007234145165178,0.0032732316227461,0.011787855214387,0.0050517036785897,0.0,0.0409985422740526,0.0,0.0108952227691272,0.0098014417604654,0.0,0.0,0.0044988491316173,0.0211215231295551,0.001520218911523,0.0301682922164849,-0.0206180088742461,0.0,-0.008281223593037,0.0161550888529886,-0.0109804490025186,0.0038428473809122,-0.0278662102220504,-0.0311004784688994,-0.0329661772213233,0.0029145848203664,-0.0033887109975159,0.0037792699724519,0.0504550815978028,0.0887323168382232,0.0104678180468058,0.0,0.0,0.0275746540422432,0.0,-0.0070446253157452,-0.0039884014176044,-0.0071278336059826,0.0258880635434288,-0.0079309287047215,0.0,0.0305078146726736,-0.0006791679616902,0.0,0.0018420332063824,-0.0024711696869852,-0.0091067661852992,0.0074574816245507,0.0271040378066578,0.0006479481641468,0.0015035486296046,-0.0133884454580006,0.0,0.0326091305565559,-0.0232363884881159,0.0120307783871105,0.0,-0.0014367816091953,0.0097327359802257,0.0,-0.0011825351221259,0.0021866788932582,-0.0010204914686913,0.0,0.009652103316595,-0.0064030754603889,0.0519360074194297,0.0125529462719218,0.0,0.0162286155297346,0.0178647203598405,0.0
2016-12-16,0.0220646835325732,0.0,-0.0105720885989943,-0.0061271113902692,-0.0045673686881502,0.0253466020243258,0.0064763563822314,0.0130900070871722,-0.0054468038044681,-0.005635306142755,-0.0176202042009626,0.0,-0.0065639768948013,0.0,0.001498495413142,-0.0082973260692591,-0.0065589373280089,0.000398140575905,0.0238516821164462,-0.0021585115539959,0.0546852863792755,-0.0192138116675175,0.0263150755541086,0.0,0.0167007498295841,-0.009009009009009,0.0236154113918252,0.0020567998828866,0.0346665570490949,-0.013991769547325,0.0181813301360915,0.0261075855524584,0.0054461365568314,-0.0158834981432087,-0.046288692620959,-0.0692653824763638,0.003182486250711,0.0,0.0,0.0035014104872206,-0.0049515217504019,-0.007080471466124,-0.0178802480703162,-0.0217723902553842,0.0166230554161588,0.0094695139627016,0.0,0.0079881257590068,-0.0061166658987237,0.0,0.0201381469426291,0.0141590022494946,-0.0120356155971754,-0.006070934071786,-0.0377562757967386,0.0284912583639109,0.0105090395552107,2.8893105141980516e-05,0.0,0.0057734035957841,-0.0066210578144031,0.0318407124254389,0.0,0.0065126845891707,-0.0055079559363525,0.0,0.0386863322188779,0.0099505551547571,0.0112913550988165,0.0,0.0,0.0170281986637046,-0.0197424352152145,-0.0170082576323287,0.0,0.0130687931143598,-0.010130487347313,0.0
2016-12-19,-0.0227851773943477,0.0,0.0198318958413448,0.003079344229792,-0.0268347507705142,0.0084335683672058,-0.022332956464693,-0.0204551337208895,-0.0218972690964017,-0.006422268716456,-0.0051164654037656,0.0,-0.0429477579067923,0.0,-0.0014962532844583,0.0320777949673223,0.0082580080809764,0.0011939463692196,-0.0423194303153611,-0.0269136851045758,0.0056992631255756,-0.05877064307008,-0.0303454838624408,0.0,0.0,-0.006951871657754,-0.020350085910653,-0.0017603961987128,-0.0206195123889234,-0.0025041736227046,-0.0083747089063667,-0.0022657387926849,-0.011521100523035,-0.0388681185564764,-0.0347936106278664,-0.0240643163669943,-0.0099247960395337,0.0,0.0,0.0261053821161181,-0.0174556444259176,-0.0135787181348476,-0.0269849742756874,-0.0222569778633302,-0.0095815667227867,-0.0044095593631345,0.0,-0.0205616984819683,-0.0095849607677239,0.0,-0.0188394325031965,-0.0120450636998561,-0.0319472931816767,-0.0270842263180455,-0.0195485549539412,-0.0174186778593913,-0.0155996222851746,0.0008667681106382,0.0,-0.0285857379512269,0.0051521515123846,-0.0159854529664006,0.0,-0.0334060642540064,-0.0048717948717948,0.0,0.0085969545429003,-0.0190865296664431,0.016242861760586,0.0,0.0021740425278455,-0.0120674632555971,-0.0226776307336501,-0.061259560282328,0.0,-0.0255088760476859,0.0060857479784366,0.0
2016-12-20,0.0061329770454081,0.0,-0.0119586296056883,-0.0342382408351091,0.012060959638052,0.009021113243762,0.0162614394015105,0.007691593523921,0.0216485078162009,0.0072236871017359,-0.0094456844382061,0.0,0.0227827127537165,0.0,-0.0110783075529854,0.0040380556150385,0.0049059604837793,-0.0027825526428878,-0.0049925642659868,0.0055370683541542,-0.0229540727737602,-0.0208134332109999,-0.0229170642168486,0.0,-0.0020533020449212,-0.0231556273559504,0.0027587466885905,-0.0141153226986682,-0.016449414500906,0.0,-0.0033764024033604,-0.0158614297300428,-0.004102578971021,-0.0088224360078704,0.0075918946965971,0.0291662028275632,-0.0144337770670613,0.0,0.0,-0.0266802500068833,0.0101556492456182,0.0191910884088712,0.0254806064921271,-0.007505844715147,-0.0205055179779282,-0.0301447306010999,0.0,-0.0100046469671705,0.0013808598778288,0.0,-0.0247120444841625,-0.0008810009307348,-0.0017977528089887,-0.0007159181650465,0.0079609840063112,0.0234942332336609,-0.0169851380042462,-0.0012124244640314,0.0,0.0,0.0033739067244555,0.0124665581818683,0.0,-0.0122726447160166,0.0,0.0,0.0079506565857541,-0.0216603612724463,-0.0034988204734009,0.0,0.0052004398086238,0.0047327428791472,0.0128837178728717,0.0203486773359731,0.0,0.0279395266841178,-0.0109048286832577,0.0
2016-12-21,-0.0036518226837207,0.0,-0.0121033693163231,0.0181833299222267,0.0136230485982848,-0.0044566428435555,0.0,-0.0181785967399007,-0.008401724857421,-0.0079263359784753,0.0398620160981217,0.0,0.0087750877508774,0.0,0.0326997072097043,-0.0202004813991041,0.0057042427232363,0.0015944667693734,-0.0010675776662751,0.0046656720466566,-0.0005858688434947,-0.0050658041108314,0.0040640955294948,0.0,-0.0123451606130589,0.0118522601984563,0.0303902634551616,0.0032806109952423,0.0227461763189551,-0.0041841004184099,0.0011292803727513,0.0122791113831954,0.0130717051442545,0.0002835867318,0.015069384215091,0.0239588967009194,0.0,0.0,0.0,0.0017397454031116,0.0,0.0010618266249486,-0.0003187033327263,0.0534341681130672,0.0034891328051174,-0.0146255064073331,0.0,0.0257337714333047,0.0434838498574299,0.0,0.0093793349198874,-0.014144,-0.005402971634399,-0.0006888760298697,-0.0078981073004126,-0.0177378964941569,-0.0131020843633714,0.024470606370065,0.0,0.0147134642078128,0.0207314865109542,-0.0014914598599798,0.0,0.0007617946831983,0.0,0.0,0.0349548752852371,-0.0112288154825122,0.0195504721372523,0.0,0.0120912907231125,-0.0059261823516805,0.0280031150626256,-0.0037652747726589,0.0,0.0214634653362435,0.0068985948874218,0.0
2016-12-22,-0.0186129596549522,0.0,0.0199227373068433,-0.0178586010867175,0.0205777555970798,-0.0048314453391565,-0.0095248798853643,-0.0016169199119356,-0.004376735964986,0.0311981748380536,-0.0124987434239185,0.0,-0.0421555069813086,0.0,-0.0237472264416539,0.0178804652030597,0.0445268827094256,0.000397982123073,-0.0163513946777813,0.0164295164295162,0.0,-0.023393824718328,-0.006742988403542,0.0,0.0187492028400151,0.0211114137837102,0.0321816317148211,0.0118958667781288,-0.001962576621142,-0.0176470588235294,0.0315841830390448,0.0070245627093412,0.0006753261681704,0.0020119804289175,-0.0426857488696642,-0.0404584587756826,-0.0150507949192971,0.0,0.0,0.0017367239456107,0.0075335993280134,0.0042569440515924,0.0081864553445369,0.0144756973049311,-0.0417149583484245,-0.0097385612147715,0.0,-0.0062989582492126,0.0138868668316665,0.0,-0.0009203923645257,0.0224184194581493,-0.0120933842074629,-0.0230243203000054,0.0559420497740801,0.1697471850435521,0.0027422182963969,-0.0092535123850365,0.0,-0.0028922066755256,-0.003535001583782,-0.0044878833968775,0.0,0.0281911961571776,0.003504251481577,0.0,-0.0010909701242027,-0.0165525218955987,0.0152361074876075,0.0,0.0288155396524023,0.0085608629681526,-0.0198226066096397,-0.0415436459476588,0.0,-0.0226914271177818,-0.010276995502501,0.0
2016-12-23,0.0113739248528748,0.0,0.012769871760186,0.0154523127302497,0.0020583619532832,0.0287728344944868,0.0284664699875185,0.0239677249098047,0.0209278515136996,0.0055355143674586,0.0016853297138332,0.0,0.0078241430700447,0.0,-0.0054050751496883,0.0148474017047017,0.0100774890419537,0.0003978237963142,-0.014993481095176,-0.0061893187764805,0.0052368297639517,0.0364597093791281,0.008597858927972,0.0,0.0194265921041649,0.0160064025610244,0.0077774351594888,0.0032314429635695,0.0026196697465183,0.0179640718562874,0.0169530927124947,-0.0094239386520071,0.0210358542854272,-0.0054488203349609,-0.0019338043882484,0.006660428249023,0.0322150373721479,0.0,0.0,0.0034815211569363,0.0201391240913946,0.0234195665338197,0.0282223000214576,0.0071925754060324,0.0157228841665644,0.0074908903729189,0.0,0.000460517404849,-0.0026067842665105,0.0,-0.0009338599967189,0.0089457049328365,0.0134633848302347,0.0164262933589229,0.0038035726414453,0.0335997094079187,-0.0031160020510393,-0.0086565294151146,0.0,0.0,0.0260153091066297,0.0191492131351955,0.0,0.0029358453958285,0.0069326760129411,0.0,0.0169017741898529,-0.0003267272201115,-0.0072595980880916,0.0,0.0004258762403646,-0.0012125995256474,-0.0025118346053522,-0.0074834485150032,0.0,0.0123275547920245,0.0269891491304441,0.0
2016-12-26,0.011255338592663,0.0,-0.0059304375701233,0.0205960898921697,-0.0143732622141519,0.0088783427093608,0.0156941705396422,0.0204835270359962,0.0183091205181757,0.0029336655797964,0.0075881615646065,0.0,0.0370147874306838,0.0,-0.0066425590643082,-0.0159547247057406,0.0153528739417656,-0.0019883279773867,0.0226119567615266,-0.0105713331105913,0.0057538294067336,0.0211062962018864,0.0049279757391964,0.0,-0.0040118718657251,0.0496258369436786,0.0103182158155981,0.0026380417276985,0.0097997729730456,0.0487394957983193,-0.0005418539872833,0.0076132071072145,0.0139506103392021,0.0025970927244696,0.0310753409344957,0.017607174103237,0.0184065884987107,0.0,0.0,-0.0149452895649853,0.0126672795995503,0.0007017833553502,0.0080069415460317,-0.0071412117023726,0.0118980064559939,0.013485532967624,0.0,0.0018953752843062,0.0084941913906331,0.0,0.007452600199578,-0.0001748105054121,0.0096458176337603,0.0126343264932107,0.0112998173083429,-0.0043929010718679,0.0242146078974438,0.0160950575438998,0.0,0.0203433678269049,-0.0144871858424627,0.0162012450085375,0.0,0.0196762205365779,-0.0041309669522643,0.0,-0.0048217745933035,0.0151837740923352,-0.0156090237241629,0.0,0.0020859052403048,0.0015186185098607,0.0126553672316382,0.0317600890484972,0.0,0.0079194479013462,-0.0087668513770574,0.0
2016-12-27,-0.0043247729263682,0.0,0.0201279157261098,-0.0171070983349584,-0.0004145149311732,0.0138742071881607,0.0070062051080124,0.0025047223010232,-0.0097037378364459,-0.0153655033876352,0.010859454673824,0.0,-0.0087785749298159,0.0,0.0130688775194693,0.0180488849460063,-0.0060482909285175,0.0007969157207781,-0.0103548700248086,-0.0216522138476916,0.0086200231928874,0.0561019854544242,0.0209768978112263,0.0,0.0090630715797694,-0.0042526579111944,-0.0050980062252882,-0.0008794563360832,0.010356525209525,-0.0536858974358974,-0.0048369744767003,0.0090945906855655,-0.0019694868238556,-0.0040274230899488,0.0338970800809483,0.0411606663084362,0.0227926558297275,0.0,0.0,0.0150151862995335,-0.0037576919197014,-0.0031626858077913,-0.0006101879596839,-0.0142691415313225,0.0047069206442598,0.0366945701057324,0.0,-0.0103778174152748,-0.0077747518228937,0.0,-0.0009278182479279,0.0024337876869926,-0.0023884161815197,-0.0006855325216628,0.029907667603372,-0.0241793152135546,-0.0144865950706946,0.0030342150146529,0.0,-0.0114094733202719,-0.0038353683839895,0.0050805747400173,0.0,-0.0146533862552733,0.0041481026271317,0.0,0.0005358328805167,0.0344573835936494,0.0059429112376243,0.0,0.0016709147550268,0.0054529839369146,0.0249944208881947,-0.0050004724855891,0.0,-0.0013979734487086,0.0163120567375887,0.0
2016-12-28,0.0074460991331408,0.0,0.0131714127657331,0.01472379541145,0.037511879049676,0.0248403492766844,0.012431740039102,0.0232453809467938,0.0359472651795083,0.0401317143445152,-0.0074390243902439,0.0,0.0312893364502786,0.0,0.031803069209827,0.0176087021845607,0.0091276430333335,-0.000398140575905,0.0,0.0574201653987933,0.0184915494577089,0.0083834977465411,0.0139856358868533,0.0,0.029938900203666,0.0280115563371434,0.0217817763647432,0.0175464121515451,0.0051284752167586,-0.0033869602032177,-0.0027068898006435,0.020868927084886,0.0236387892937546,0.0219371203279079,-0.019136665501573,-0.0083092485549133,0.0023039367017687,0.0,0.0,0.0147930656626675,0.0137964205250236,0.0172430441559874,0.0235392884789411,0.0362480875603152,0.0204963033452894,0.0283191502975239,0.0,0.0117428587033698,0.0084886449156666,0.0,0.0129513196039305,0.0156137719328843,0.0173788503879781,0.0256839447904946,0.0253361917754824,-0.0135648399348886,0.0386891928971815,0.0083987035558268,0.0,0.034584596253983,-0.0224443939508698,0.0526485533001606,0.0,0.0181394406161328,0.0068849449204404,0.0,0.0226136149349425,-0.005344122354615,0.0123122769870211,0.0,0.0070966100257285,0.0132622200425045,-0.0073092594320549,0.0317048269530599,0.0,-0.0036582125850685,0.0026681991708057,0.0
2016-12-29,0.0104706747563889,0.0,-0.0158862224071135,0.003081473414557,0.0068336497574081,0.0,0.014436586892538,0.0181644037043782,0.0164692412699809,0.0110803324099721,0.0124987434239185,0.0,-0.0217523975588491,0.0,-0.0040702673282165,0.0266351690535953,0.0045177858093972,0.0039829915495988,-0.0062125340599453,0.0103277190233712,0.0195480799984948,0.0027816846382247,0.02155114954276,0.0,-0.0048447696262607,-0.0419110459433039,0.0338795100959947,0.005747948182676,0.0197542508318269,0.0110450297366186,0.0070501877773985,0.0016623423301995,0.0038420288084279,0.0067806974945592,0.0027973273942092,0.0062971636742128,0.001534328460367,0.0,0.0,0.0058835744445213,0.02474530563324,0.0380646298631734,0.0110569036408956,-0.0139693356047699,0.0166325945054157,-0.0030115234326389,0.0,0.000377888145109,0.034349176387959,0.0,-0.0009168060459642,0.0141715840162668,-0.0023532378030844,0.0060729286497767,-0.0318063739466514,-0.0033003300330033,0.0022391627041034,0.019498970551244,0.0,-0.0389873798076921,0.0338455578512397,0.0116487735335863,0.0,0.0260027869015628,-0.0088639011295141,0.0,0.0268563799576613,0.0075899123003064,0.009257466010768,0.0,-0.00414093206064,0.0179933447615205,0.0073630780799598,-0.0374811098581608,0.0,0.0276706596652445,0.0333456153279292,0.0
2017-01-02,-0.0054858577679928,0.0,-0.0278731836195509,-0.0135896217976791,-0.0004024943623222,-0.0133526629024873,-0.0195743787005553,-0.0109771447499172,-0.0068968504960359,-0.0169658810516464,-0.0205740887829848,0.0,-0.0235729245577291,0.0,-0.0072986052258489,0.0012943308309603,-0.0022439994318989,0.0019835951321505,0.0010967317394163,-0.0262209069409804,0.0082303007935042,0.0009194614137888,-0.0286912342972475,0.0,0.0009736711376056,0.0109679887769416,-0.0121344069668785,-0.0042863235712254,0.0,-0.0016806722689075,-0.0026952350278847,0.0064252794940513,0.0127802872521707,-0.0266542804058881,0.0036956753491348,-0.0125155151013652,0.0015319779030695,0.0,0.0,-0.0052436003303055,-0.0084310046541095,-0.0105029392553885,-0.009018500568924,0.0211932734392998,-0.0349876083716255,-0.0012981177292923,0.0,-0.0420106847984458,-0.0106521808324403,0.0,0.0100569189370172,-0.0030277168170365,-0.0241986436965585,-0.0141200872201244,0.0145932857797264,0.0699043414275202,0.0003765438297018,-0.0091563710797571,0.0,0.0145001172516219,0.0210339616042767,-0.0010198153207164,0.0,-0.0145757039264666,0.0130825838103023,0.0,-0.0138419986495611,0.0068939205735174,0.031816088424931,0.0,-0.0187187257734864,-0.0080353109918934,-0.0048832073652452,-0.0241406517736882,0.0,-0.0192610925929623,-0.0258116915275053,0.0
2017-01-03,0.0202349152914487,0.0,0.0090501426824296,-0.0071166810501169,0.0343361133174475,0.0411672208903666,0.0457552222817354,0.0411472741521705,0.0423577242865493,0.035590638415732,0.0243740355698727,0.0,0.0420774005111355,0.0,0.0570588540357679,0.0220326324256003,0.0496213630928656,0.0023756019261635,0.044478527607362,0.0465681070177301,-0.0163079288381285,0.0515670979494604,0.0299686520376174,0.0,0.0846269901139478,0.0693831209789328,0.0454552820496199,0.0387358381461624,0.0224995503943683,0.0008417508417508,0.0253679844987593,-0.0020055263392457,0.0599436484303017,-0.0051850084428457,0.0286068330677995,0.0337278726301455,0.0278916632074559,0.0,0.0,-0.003555666237773,0.0438404639618608,0.029994983233438,0.0423559430150966,0.0417324610872997,0.0251517145572859,0.0306828975653652,0.0,-0.0030699901422334,0.0380057694988686,0.0,0.022626823159652,0.0336166425480164,0.0635184425787236,0.0573162508428859,0.0143833849329204,0.1325653370013755,0.0196983764522846,0.0382643179931752,0.0,0.0857186886003775,0.0420698513670561,0.0355938600127452,0.0,0.0116164599330577,0.0068603712671508,0.0,0.0062423973136567,-0.0015596774904171,0.0018721715950653,0.0,0.051294942327305,0.0162008004537503,0.0514784022004126,0.044289634445134,0.0,0.0178178931943993,0.0503273821627558,0.0
2017-01-04,-0.0078096980130549,0.0,-0.0014813617754794,0.011192431724277,0.0285568016382167,0.018890814558059,-0.0052114677900559,-0.0003345428343498,-0.0063361066005992,0.0315843139876972,-0.022155761047643,0.0,-0.0218533765437505,0.0,-0.0169752504019262,-0.0278816155597403,-0.005732006111729,-0.0023699718165512,-0.0039857352632682,0.0005199021062376,-0.0005581914596707,-0.0096388753164838,0.0316358829872345,0.0,0.0367699544264874,0.0,0.0082307716154634,-0.0127076417668364,-0.0116084047865824,-0.0058873002523128,0.0305255567619535,0.0038404858661189,0.0386892763555735,0.0223056557475347,-0.0116683302929129,0.0102340662681121,0.005946980593481,0.0,0.0,0.0202160450973314,0.0058384537514419,0.0143941141787793,0.0042837909510016,0.0399523603291469,-0.0370783111047713,-0.0088035214085635,0.0,-0.0532546050401174,0.0067050303224407,0.0,0.0,0.0151968291737054,-0.0119530806071922,0.0,0.0354803840529027,-0.0050098679216638,0.0211265872625256,-0.0141322982083691,0.0,0.0052515790220708,0.0159302216378662,0.0045823326283591,0.0,0.0289266251459712,0.0331663326653306,0.0,0.0015491081769749,-0.024014191407491,-0.0088607281637502,0.0,-0.0060529048477893,-0.0159425188865394,0.0606105644897594,-0.017956157569975,0.0,-0.0027793607470281,-0.0239676301473292,0.0
2017-01-05,0.005449271171277,0.0,0.0037493593720496,-0.003980192469401,0.0056305605674111,-0.0121740820839307,-0.0024456171965504,0.0056762601040003,0.0110683389910459,-0.0201900718643408,-0.0100638690235237,0.0,0.0500559659726886,0.0,0.0118897710345675,-0.015641715095267,-0.0129668191283315,-0.0019796682718032,0.003475147430497,-0.0017997008947808,-0.0008191380433771,0.0344904915679944,0.0302527100156784,0.0,-0.0129753204109734,-0.0202901970036569,-0.0093320009224382,-0.0072744232670165,0.0204071256522209,0.015228426395939,0.0464788958949942,-0.001823924551804,0.0229238177253265,0.0201225399518141,0.0707842864108101,0.048495486459378,-0.0007369156231611,0.0,0.0,0.0012112469038352,0.0092685781158572,0.0019458940372245,0.0136801267468313,0.0641332639250389,-0.0088881482098713,-0.0093037765625572,0.0,0.0343767718062724,-0.0018164651792861,0.0,0.0044180322948557,0.004182610440987,0.0224495245137306,0.0161224489795919,-0.0136935830518882,0.028227036924016,-0.0110617069732131,-0.0149836018308286,0.0,0.0837627956230144,-0.0151373337493211,-0.0052691363017325,0.0,0.0027191260965171,0.0275434002521581,0.0,-0.0041269749490452,0.0012750142421804,0.0047072043950555,0.0,0.0052787133136298,0.0058915632813811,0.0109865470852017,0.038129822968679,0.0,-0.0364930572961051,-0.0025785976395913,0.0
2017-01-06,-0.0084396908143088,0.0,0.0298290873911639,-0.0013382862431678,-0.0018663449541663,-0.0005903768572271,0.0108516129032258,0.0076280188908655,0.0063067041014404,-0.0154545830404764,-0.0042368549587104,0.0,-0.0173964951178953,0.0,-0.0195809130677269,-0.0132467837631439,-0.0072963785272739,0.0007934380528602,-0.001993913317242,-0.0231843575418995,-0.004154944010732,-0.0358985475829178,-0.0083290379061224,0.0,-0.0061347498703295,0.0040939193257074,-0.0176448679350694,-0.0124045466976137,0.0048456009666288,0.0308333333333332,-0.0268454828421011,-0.0045570015152864,-0.0280185446482563,0.0,-0.0059356349503195,0.0,-0.0077653339203654,0.0,0.0,-0.0132396319001726,-0.0034322024071797,0.0012863358345418,0.0033663624249831,0.0059681048821054,-0.0047828564489158,-0.0115274664888461,0.0,-0.0064333727605804,-0.0145684470261656,0.0,0.0008845009143825,-0.0062477836164931,-0.0152069104057853,-0.0057240409720827,-0.0138837006599427,-0.0574269179403473,-0.0187642407184023,0.0021221129659274,0.0,0.0193140735433019,-0.0002698548650138,-0.0044122131015226,0.0,-0.0145255612148651,-0.0006134969325153,0.0,-0.015030445542758,0.0134112419622858,-0.0084382417637043,0.0,-0.0310820604684871,-0.0043917993273319,-0.0282767797737858,-0.0266111277318789,0.0,0.0237032412465532,0.0084319379536641,0.0
2017-01-09,0.0042602949574424,0.0,0.0260946714680863,-0.0173521528943215,0.0048605371900827,0.0,-0.0377324772469077,0.0046171042436713,0.0013163559293969,0.0226764987485932,-0.0161753969702502,0.0,0.0242568886960294,0.0,0.0034247635558719,0.0147641018008632,-0.0066261426383925,0.0,0.0010515247108306,0.0152988275664855,0.029711121089657,0.0150649817871115,0.0083989934408648,0.0,0.0361539015260581,0.0206259743374506,0.0179618015513183,0.0008591309287133,0.0024111171716167,-0.0371867421180274,-0.0020059705264489,-0.0064246779266423,0.0374752970454046,-0.0038920487213733,0.0008506739955502,0.0077007700770075,-0.0022407844964335,0.0,0.0,0.0243825162205721,0.0103786098247737,-0.0041815181933826,0.0047629983923633,-0.0059326979186928,-0.0210255591953969,-0.0086386747785675,0.0,-0.045499419279907,0.0104749186211501,0.0,0.0088013661822135,0.0046779907348533,-0.0097097280868163,-0.0210584789415211,0.0105435949239218,0.0451826196473552,0.0139821931926833,-0.0016338526976825,0.0,-0.0165835889570551,0.0118064031546334,0.0136375919531601,0.0,0.0044506125574272,-0.0006610945837466,0.0,0.0021073418019981,-0.0217354495468439,-0.0179475610367473,0.0,0.0041633736027999,-0.0036773063930092,0.0067328540454183,0.0204113799353771,0.0,-0.0070540642184117,-0.0109250823325247,0.0
2017-01-10,-0.0114991289906219,0.0,-0.0049336249427801,-0.0045309423212953,-0.0078132630139662,0.0187801516195726,0.0136631955959407,0.0,0.0,0.0081796232117339,0.0294158569672797,0.0,0.0550754109472972,0.0,0.0090976756383607,-0.0145492945352145,-0.0088751039321381,0.0003964045040123,-0.0005252100840335,-0.0241579291008948,-0.0032342466749035,0.0218412192096402,-0.0039681565662764,0.0,-0.0144675825416398,-0.0222065562213604,-0.0094043887147335,-0.0005675328636998,-0.0102272375946822,-0.0058774139378673,-0.0100500126614332,-0.012008696729714,-0.0155562871857584,-0.0013941799646571,0.0204478587773782,0.0114391494209229,-0.006720773806215,0.0,0.0,0.0040611594475747,-0.0068633547525276,0.0,-0.0033391636190173,0.0120340475491633,0.0067499544569833,-0.0021800631336202,0.0,0.0237885194536549,0.001827530665345,0.0,0.006984397566115,-0.0220023636234476,0.0167466578779327,0.0097755996904822,-0.003498687992003,-0.0563337852086158,-0.0087071530915904,-0.0183126405675728,0.0,-0.0120219644539752,-0.0081425290556057,-0.0016825043247471,0.0,-0.0020486921720902,-0.0063790577895384,0.0,-0.0015735062719666,0.0096562027438191,0.0278983102761753,0.0,0.0012508608452446,0.0025099577670582,0.0044491045114487,0.0769771393265368,0.0,0.0196234990633539,-0.0110457581497359,0.0
2017-01-11,0.0042824401691061,0.0,0.000690042936005,-0.0204724409448819,0.0086260044243891,0.0045903698871736,0.0106523588300726,-0.0098365837468786,0.0075735652806601,-0.0287548264120819,-0.0050460110606759,0.0,0.0345727593960807,0.0,0.0101430886354603,0.0348861437713945,-0.0156846480851343,0.0003962474297465,0.0325801366263793,0.0101149244332492,0.0186846038863977,0.0128188452922899,0.0059800555290872,0.0,0.0103623290568164,-0.0062484979572219,-0.0095093370096503,-0.0071336801981815,0.0182356579267948,0.0126689189189188,-0.0203040816000255,-0.0052335723977516,0.0270893302915566,0.0041883792484038,0.0517531354615494,0.0491810971889812,-0.0094022307911865,0.0,0.0,-0.009602892921717,0.00691078592797,0.0009612344273699,0.0019543714103382,-0.0237819025522041,-0.0097427643546251,0.0004357023332177,0.0,0.0112910414500075,-0.0352987251234167,0.0,-0.0025980438258252,0.0001650818806127,0.0249797406807132,0.0116222636593528,-0.0069592476489027,0.0071827613727055,0.0168260321695945,0.015161816065192,0.0,0.0121682507317393,-0.0043736551595097,0.0064031048233954,0.0,0.0058245010980617,0.001284002282671,0.0,-0.0010531122043183,0.0108450475485861,-0.0145017506394179,0.0,-0.00414093206064,-0.0032384040378226,-0.0199181831005784,0.0206745215027932,0.0,-0.0027909965263135,-0.0170762686236164,0.0
2017-01-12,0.0316949429927446,0.0,-0.0141744349380666,0.0775625441141871,0.0330840430231245,0.0263822418893244,0.0252754794183531,0.0238397742435947,0.0235346249476873,-0.0107940821256038,0.0,0.0,0.0434310110615177,0.0,0.0159017819984108,0.1206316334455086,0.0417325021306751,0.0027726333593824,0.0452926208651398,0.0152867069290214,0.0573877565628186,0.0447190434062954,0.0055443959956231,0.0,0.029913486360148,0.0270858524788393,0.0587584025306444,0.0143627212674082,-0.0155224246886311,-0.0108423686405338,0.0207248812806997,0.0272454266195956,0.0335151353048575,-0.0058357316803189,0.0158691480612835,0.0054121751576685,0.0121468240292428,0.0,0.0,0.0299940498728836,0.0273843248347498,0.0177404884952174,0.0254070299749211,0.0243612596553772,0.0239954605781991,0.0667849072800028,0.0,0.0666666666666666,0.0195504465621128,0.0,0.0052096224791673,0.0645099527943748,0.0166228529638485,0.0153267346732652,0.0035355767409557,-0.0031695721077654,-0.0035962482383243,0.0290358980945477,0.0,0.0602397894531629,0.0717188564448307,0.0502149288582531,0.0,0.0584535788874123,0.0263120398955116,0.0,0.03316008699178,-0.0126209432682351,0.024680625897649,0.0,0.0199591232645006,-0.0029524759535455,0.0248136100636171,0.0322700765825896,0.0,0.0335655605670102,0.0340689994667104,0.0
2017-01-13,0.0106281725888324,0.0,0.0251813471502591,-0.0004306162057254,-0.0043206531196706,-0.0016870518768452,-0.0260289715967214,-0.0051757575001715,-0.0079851841162181,-0.0404934503370214,0.0033848417954378,0.0,0.0618211575658382,0.0,-0.024162703481768,-0.0104206770873437,0.0218412464953807,0.0031065846784523,-0.007010710808179,0.0020723532722715,-0.0025215772550346,-0.012920673076923,0.0378090868488365,0.0,0.0049790844581434,0.0647515893571932,0.0,0.0022694435634493,0.0188021936931321,0.0016863406408096,-0.0304561224000383,0.0096963881233194,-0.0111732472179401,0.0013984643614273,0.0203136243703525,0.0089420766972152,-0.0213786135717913,0.0,0.0,-0.0067615471470209,-0.009998206599713,-0.0212303681172016,-0.0204198491803915,0.0178847641144623,-0.0126229184863767,-0.0135017601987987,0.0,0.0192265315116793,-0.0012364566087559,0.0,0.0008676789587853,-0.0032374903867622,-0.0070770307578643,-0.0138270622466488,0.0069833280905946,0.0678855325914149,-0.0140833048822124,0.0007934526781256,0.0,-0.0068033465109865,-0.0202533865240452,-0.0031890941961854,0.0,-0.0089912329872866,-0.0080984774862323,0.0,-0.0081559549888328,-0.0083075699228002,0.0166844946085844,0.0,0.0155055900277774,-0.0054844827309108,0.0022190387910452,0.0305942568556318,0.0,-0.0202996240088834,-0.0213031835763165,0.0
2017-01-16,-0.003505467482865,0.0,-0.0112200545840492,-0.0215582886856906,-0.0097574129373108,-0.0061493686335258,0.000713174273859,0.0038988798555783,0.0019315472582535,-0.0073430002915992,-0.0059006701717174,0.0,0.0375884537238142,0.0,-0.0070374964220971,0.0035274283491115,0.0049927582515449,-0.0003937720166449,0.0070602078838986,-0.006727602318278,-0.005038937242327,0.0106406531064064,-0.019733804899805,0.0,0.0206434000101112,0.0113887660327287,-0.0022706901703017,-0.011307460251605,0.0178557228233942,0.0,0.0261773629707804,-0.0159354624820421,-0.0198907601274463,0.0276544835131602,0.0107259877459262,0.0284404074253714,-0.0003821561592735,0.0,0.0,0.0053270941560588,0.0,0.0080928521595737,0.0008322352451626,0.0116820210846233,-0.0054789829637874,0.0,0.0,-0.0197016377493108,-0.0148663393344242,0.0,-0.0086341217680619,-0.0021653371828217,0.001644801253182,0.0044634976673811,0.0592277895789079,0.0159297305344647,-0.0208763619723708,-0.0074828295785562,0.0,0.0251781912431732,-0.0060181663609111,0.0153543728420233,0.0,-0.001629032987918,0.0113371279275915,0.0,0.0077050359712229,0.0109568562391184,-0.0018140041117427,0.0,0.0140576732033259,-0.0047673107923027,0.0505325112107624,0.026780171445931,0.0,-0.0099425321640914,0.0,0.0
2017-01-17,0.0087944975322902,0.0,0.0184522592516866,0.0013208810834945,-0.0145987978053897,0.0061874173436615,0.0161580822805311,0.0213730448627893,0.0285947053414425,0.0147857359041463,0.0127112392323318,0.0,-0.0173537256490766,0.0,-0.0028326434289974,0.0302912822103331,0.0404239321135737,0.001980282349935,0.0176241480038947,0.0359736270515507,0.016455221335516,-0.0121441969358835,-0.0065853016068136,0.0,0.0355975299673083,0.0488684814693343,0.0124872731628435,0.0162945682401722,0.0228070386307364,0.0058922558922558,0.0005061745257626,0.0134309585841343,0.0477290670134211,0.0288058719662083,-0.0159182427422989,0.0034299434059337,-0.0019172172960388,0.0,0.0,0.0013280037867831,0.0201983605814954,0.0240962339410868,0.0269360602670838,0.1733946676680435,0.0,-0.0103698727906293,0.0,0.0200975932511786,-0.0094356702414297,0.0,0.0287395712698825,-0.0077510195427958,-0.0043984830120811,0.0044436633862219,-0.0131532381738822,-0.0014654161781946,-0.0235698316260152,0.0272848847123867,0.0,-0.0201053423626785,-0.0060658578856153,0.022672177072643,0.0,0.0288945293024518,0.0162384093739909,0.0,0.0193687487060134,0.0015959605067399,0.002277683547371,0.0,0.0162381233560577,-0.0076317594859116,-0.0125390176880185,-0.039280132241611,0.0,0.0237200988170078,0.0231045175411928,0.0
2017-01-18,0.0034871314440367,0.0,-0.0076787954830613,-0.0396113185812755,0.0300037357542384,-0.007275970520584,-0.0083012419984188,-0.0107777329469733,-0.0099985100259568,-0.0069211133430995,-0.0092008382736942,0.0,0.0664490637347534,0.0,0.000285225328009,-0.0158292150615859,-0.0259050863789661,0.0011900714042842,-0.0090900392306955,-0.0130883557055306,-0.0097132983274338,-0.0229515467346712,0.0015588088771756,0.0,-0.0539045311055131,-0.0304356889722743,-0.0414805832421401,0.0028133529288263,0.0062929297083864,0.003347280334728,-0.019377479401892,-0.0058064802092105,-0.030373546978713,-0.0010516574120813,-0.0292492687682808,-0.0103401128012305,0.0065287734824317,0.0,0.0,-0.0220602718140634,-0.0055045057042659,-0.0059591094510248,-0.0078370510324085,0.0837667013361069,0.0048970378659629,-0.0025150905432594,0.0,0.0051889087076373,-0.0349198499134529,0.0,0.004238748363085,-0.0064038511088906,-0.0076969899271535,-0.0018995725961657,-0.0066343912497759,-0.013208100968594,-0.0049804017955318,-0.0101522842639594,0.0,-0.0090917467825659,-0.0264835426125746,-0.036647283457733,0.0,-0.013237593885597,0.0085795996186843,0.0,0.0,0.0047712500675176,0.0068296102891403,0.0,0.0077912473919128,-0.0098053252283615,-0.0190743792721476,0.050372909497476,0.0,-0.0158132234647833,-0.009686812860284,0.0
2017-01-19,0.0023166757431947,0.0,-0.0379071414120979,-0.0087055773732371,-0.0039598155729559,0.0056506525439758,0.0010543775957618,0.0064085529771653,-0.0009426190551629,-0.0029326031269321,-0.0084379595068428,0.0,-0.0355359386578175,0.0,-0.0156251204155395,-0.0080546492659053,-0.0167901714346279,0.0004032942774665,0.0,0.0091765031237822,-0.0077926478062001,-0.0167810939627779,-0.0311276554778255,0.0,-0.0082573600040443,0.005590195656848,-0.0233889257447892,0.0042081902688217,0.0028377573542293,-0.005838198498749,0.0010400203090581,0.0138876504681231,-0.0113368837283719,-0.0002695077272918,-0.0404480019478344,-0.0452033503151713,0.0019084403044415,0.0,0.0,-0.0133870426317554,-0.0010936035352407,-0.0037823072073964,-0.0054505708039835,-0.0545548501402628,0.0231475753105221,-0.0063066183037748,0.0,0.0079851588965962,0.0184258898234277,0.0,0.0092767349553319,-0.0150976572382734,-0.0055404950828107,-0.0012771392081737,-0.0134777376654632,0.0059488399762046,-0.0050053303518031,0.0074142724745136,0.0,-0.041381234307678,0.0068039078855546,-0.031008581274353,0.0,0.0150223214285714,-0.0139976595553155,0.0,-0.0125014007171672,0.0436960183492813,-0.0144790078397943,0.0,-0.0139289270926149,0.0076178830217052,-0.0107968160409838,-0.0199311619606092,0.0,0.0160672992584325,0.0006601056168986,0.0
2017-01-20,0.0028977757845987,0.0,0.0328295439610986,0.0231130019580674,0.0032522758448685,0.0207123545315621,0.0222855895084326,0.0035062510745953,-0.0047413280475718,0.0055192331543789,0.019574739916043,0.0,0.0499732763228222,0.0,0.0040397239521965,-0.0011563367252542,0.0092526051024075,0.0015807006004542,0.0046349942062571,0.0174387464032585,0.0060781970291958,0.0204723500642014,0.041766030736619,0.0,0.0241457239469167,0.0036348086380157,0.0107739214230422,0.001396851871156,0.01983138086033,-0.0008389261744966,0.0,0.0154893036958863,0.0065541555889494,-0.004490198225824,0.0099276833291042,0.0036626723943025,0.0312365359758723,0.0,0.0,-0.002286398649936,0.0110597225015081,0.0009429631375856,0.0030088703059669,0.0577028187709847,-0.027982176246779,0.0152246088376102,0.0,0.1163745965698432,0.0045176604425776,0.0,0.0025047034023166,0.0138905835586351,-0.0055912609188768,0.0145930494960133,-0.0272017565259818,0.0283855706682436,0.006193406765709,-0.0036009988171902,0.0,0.0095712345599172,-0.0040547565413273,0.0174851385039136,0.0,0.0081806786444704,0.0092664445154515,0.0,0.0126596642529379,-0.0297281288361991,0.010099041261101,0.0,0.0200124911963643,0.0098275565176748,0.0524015035500486,0.0200243231466608,0.0,-0.0035511084951933,0.0051974012993503,0.0
2017-01-23,-0.0005761607058398,0.0,-0.0310988955056751,0.0379587476792389,-0.0125940326261515,0.0175741662060071,0.0453209026486405,0.0276093328356472,0.0228476742055494,0.0139029612073902,-0.00667934660998,0.0,0.0519216085517941,0.0,0.0132244293261076,0.0498829461552314,-0.0444325767690253,0.0035589073307136,0.0105728565936178,0.0012365176724085,0.0131011777483625,0.0376350166826897,-0.0038549581915875,0.0,0.0162596230422087,0.0018108223263741,0.0189581607614521,0.0108816344659117,0.0116640213754752,0.0075566750629723,0.0,0.0228958051420837,-0.0043409855645004,-0.0042565795041042,0.0384567067617223,0.0453685348711481,0.0103460028806086,0.0,0.0,0.0160414677397353,0.0251922566958366,0.0212090786260583,0.0336118902914133,0.0135833456370884,0.0177626353013236,0.032070392252516,0.0,0.0425526831366178,0.0250784040421641,0.0,0.0,0.0009437547504433,0.0084240435408995,-0.0006178331356267,0.0245141065830722,-0.0214203565267395,0.0246081525056163,0.006603707220991,0.0,-0.0023701236307731,-0.00949961723154,0.029509189139796,0.0,-0.0003053768131748,-0.0055178652193577,0.0,-0.0194979829672792,-0.0065737087041918,-0.0136282502773893,0.0,0.0130668716372022,0.0011977117615296,0.0829960049739397,0.0376939850295201,0.0,0.0227116107818623,0.0142587252659838,0.0
2017-01-24,0.001729478575116,0.0,-0.0262397562513132,-0.0191551400953162,0.0320704553007644,-0.0232010683809049,-0.0189073862611934,-0.0018519069878227,-0.0037228864052337,-0.0126261090207595,0.0025230055303382,0.0,0.0178441809823373,0.0,-0.0249646961948847,0.0088458711100218,0.0280463495966765,-0.0019736772668265,-0.0040897850485067,0.0123988163654593,0.024623940500519,-0.0016077608523857,0.0116096292099867,0.0,-0.0039998693920199,0.0329611908559277,0.0116264801521566,-0.0195930360281194,0.0258130780995162,-0.0058333333333333,0.0410422120418847,0.0093660704836491,0.0010957450489623,0.0328299353259622,-0.0102372563548109,-0.0139206137137439,0.0182819335321131,0.0,0.0,-0.0075181913379696,-0.011747715123297,-0.000619052243154,-0.0023840260829414,-0.0268754552075746,-0.0234613757111288,-0.0221981023073423,0.0,0.0435201100034374,-0.0313698411855315,0.0,-0.0016731671471368,0.0006327952464422,-0.0139095581086176,0.0031158040505452,0.0204393855945168,0.0120464228000587,0.0033839446401866,0.0192181699060931,0.0,0.0071593681777322,0.0301305697054861,-0.0198430089035585,0.0,0.0190482424559794,0.0270602146625433,0.0,0.0224357142857143,0.0103933810104823,0.002763309123811,0.0,0.0098634294385431,-0.0017964460376806,-0.0134118336834905,0.0246138343758062,0.0,-0.006690090003369,-0.0006470334496686,0.0
2017-01-26,0.0005840870633304,0.0,0.0217139157877699,-0.0235262523498148,0.018710694125281,0.010497288779719,0.0631202371909533,0.0173244881401233,0.0224129709108249,0.0306971995846019,-0.0075499679800464,0.0,-0.0256135971949843,0.0,-0.0107656304878867,-0.0065823030774088,0.0050285859253957,-0.0011844331641284,0.0095501862286315,-0.0012198656939947,0.006065262882553,-0.0209891369616246,0.0076509283652252,0.0,0.0080318651957973,0.042408646423057,0.0068987476119719,0.0177298508507808,-0.0155250287449593,0.0033528918692373,0.0009979804647288,0.0055045871559633,0.0,0.0007734715708054,-0.0055764353591836,-0.0140734265734265,0.0219024515356829,0.0,0.0,0.0037875713551389,0.0043405239165048,0.0189110077368732,0.0135165769339755,-0.0092058977621435,0.0209436687530091,0.0222902567407885,0.0,-0.0224008433258664,0.0246101204185036,0.0,0.0275516097251633,0.0069184020641375,-0.0191765936896329,-0.0149636386047083,0.0,-0.0004354768471476,0.0287991511829124,0.0165502464109705,0.0,0.0094354658761275,0.0226104947253547,0.0250611246943763,0.0,-0.0042822884549502,0.0035867688083957,0.0,0.0084811479590054,0.0087174966945788,0.0041335414329608,0.0,0.029696035859364,0.0091365196725639,-0.0213693202921877,-0.0155253058287356,0.0,-0.0099622056400814,0.0287625811767937,0.0
2017-01-27,0.0005751616032414,0.0,0.0161307355192987,-0.0140900020466638,0.0052011992452034,0.0038296603756278,-0.0190610090580127,-0.0054712422593359,0.0030431857107902,0.0202110763871101,-0.0075960830927718,0.0,-0.0068919248597217,0.0,0.0058802174962402,-0.0132273838630806,0.0207078720565432,0.0019799254616295,0.021284646674865,-0.0053933127758631,0.0127886380994166,-0.0024812512197162,-0.0185985346609055,0.0,0.0167325235377335,-0.0067147230176753,-0.0102696923609751,-0.0016581579997523,-0.0059793572470367,-0.0033416875522139,0.0119638259122025,-0.0094056308654848,-0.0092517915984975,-0.0095540353877523,0.0064066124844444,0.026775423353134,-0.0007006645855882,0.0,0.0,-0.0098105274506105,-0.001085870651088,0.0042555727738706,-0.005228283054212,-0.0279498413657652,0.0030181560952604,0.0040339293741278,0.0,-0.0253178775216784,-0.0202192109262944,0.0,0.0129931672911616,-0.0084347110656123,-0.0178282009724473,-0.0113869563041193,-0.0133733133433283,-0.0310775486494335,0.001817087993714,-0.001053909582989,0.0,-0.0468310859885685,-0.0117055926720543,-0.009088098235385,0.0,-0.0123215207293997,-0.0011913166254853,0.0,-0.0014824564441827,-0.0271760501227728,0.0073223154545787,0.0,-0.0091267731044633,-0.0040055715688958,0.0297808815343352,0.0029725103702846,0.0,0.0193124645171394,0.0024792600362353,0.0
2017-01-30,-0.0202048800576546,0.0,-0.0043389020239549,-0.0391893557531997,-0.0048264755769853,-0.009800338100242,-0.0277138157894737,-0.0149886494295231,-0.0176015002058209,-0.0163289560683288,-0.0127646468333637,0.0,-0.0459374808082048,0.0,-0.0409327966051279,-0.0446988280185335,-0.0272917568295635,-0.0015850372483754,-0.0177843645794737,-0.0108572748604846,-0.0245322979174019,-0.052054220234768,0.0046420367534456,0.0,-0.0195918497904872,-0.0256486728303012,-0.047286503263499,-0.0135767499879393,-0.0311841195419357,-0.0108968985750208,-0.0029555962391782,-0.0079370092001936,-0.0186880022327918,-0.0354551642841727,-0.0421640765731383,-0.0521543908125378,-0.0172306436506151,0.0,0.0,-0.0179917798524729,-0.0118488564222976,-0.0360606312390944,-0.0212853663106613,-0.0717283183089835,-0.0126381118059146,-0.0269379259018071,0.0,-0.0618848963975384,-0.0142019074254127,0.0,-0.0176350917655763,-0.0274005573853559,-0.055040314157998,-0.049945573753892,-0.0203014831023584,-0.0310251798561151,-0.0235915536110397,-0.0113182704399861,0.0,-0.0515836204611716,-0.0326307027805271,-0.0249958210285841,0.0,-0.0261914611047003,-0.0268586826876352,0.0,-0.0108990502355332,0.0031797644818511,-0.0163584637268847,0.0,-0.031676297692298,-0.0201205291642584,-0.0308361384800608,-0.0430283191322673,0.0,-0.0045421808229703,-0.00867497384191,0.0
2017-01-31,0.0135462911883432,0.0,-0.0289650853295756,-0.0004793799119562,0.0083161377117935,0.0164955588879915,0.0193327775159797,-0.0021729630716,0.0105064676076447,-0.0137837147962223,0.0353457738748628,0.0,0.0116511103958802,0.0,-0.0079272528781262,0.0690182855660743,-0.0280574951648491,0.0004021802402498,0.0243304413428895,0.0039947883376765,0.0539664786091418,0.006972801651065,0.0011511773765857,0.0,0.0351707149964928,0.0368329762269157,0.0326897586994363,0.005337767499703,0.0163753684748044,-0.0059322033898305,0.0064266652143127,0.0106107550613301,0.0223976109215016,0.0264908641805303,0.0132921076118832,0.0312016033524642,0.0,0.0,0.0,0.0198736071844336,0.0119909352929528,0.0106884704897241,0.0,0.0618668899120971,-0.0103522823592154,-0.0132233874099966,0.0,0.0976856174143778,0.0150603411017653,0.0,0.0416288289884603,0.0111687093791108,0.0031167797696678,0.0121502797761789,-0.0034743764735077,0.011446249033256,-0.0230444823777488,0.0,0.0,0.0129248611450729,0.0024534027882747,0.0158985964431033,0.0,0.0038454659273832,0.0079440737210041,0.0,0.02453531598513,-0.0705747517527286,-0.0087748324080542,0.0,-0.0076045627376426,0.0062368261484713,0.0437328871311226,-0.0021704088237907,0.0,0.0235862707646004,-0.0056228290698342,0.0
2017-02-01,0.0069806821716142,0.0,-0.0440449317424486,0.0072009024770833,0.0309247511965355,0.0027008624602815,0.0048126503953247,-0.0034195212670227,-0.0082624954886467,-0.0089552238805969,0.0024887281817775,0.0,0.0447314838381265,0.0,-0.010141429804049,-0.0164256599378882,-0.0103605160639381,0.0,-0.0012888970723624,0.0086923519545549,0.0349886076344454,0.0095157229021491,-0.0003806412218584,0.0,-0.0046330586066154,-0.0051171029324936,-0.0246188105032009,-0.0041905556134681,0.0127773273804765,0.0144927536231884,0.021105038151415,-0.0123892318676241,-0.0010895518928065,-0.0068500616254013,0.0180251030230582,0.0249127611643624,0.0,0.0,0.0,0.0120260905014268,0.004304722149752,-0.0020224910754536,0.0106061186200561,0.0242825607064016,-0.0418807860346055,-0.0046081554056509,0.0,-0.0077219213035499,0.0,0.0,0.0093985561946479,0.0008050544538833,-0.0043411194358748,0.0,0.0103972108081185,0.0214100015292857,0.006847731126985,-0.0343520573672528,0.0,0.0025864744628754,0.0276753195536687,0.0194862909667767,0.0,0.0034966592427616,0.0237794991893351,0.0,-0.0068392803351863,-0.0272348050596815,0.0135136805924753,0.0,0.0022988505747127,-0.0243376526483646,0.0,0.0220692988704589,0.0,-0.0130905595295314,-0.0075459317585302,0.0
2017-02-02,-0.0092401935550292,0.0,0.0070278019846512,0.0162035639792625,0.0100036385241411,0.0005432445279431,-0.0092724763174347,-0.0242415121598843,-0.0373593700397208,0.0047008844627063,0.0008349382702306,0.0,-0.0289908033375966,0.0,-0.0055879801578277,0.0155899257505118,0.0284238945738775,0.002761232715847,0.0269174041297937,0.015754147904504,0.0069360675512666,0.0403143942689752,0.0026893022886835,0.0,-0.0007757706252078,0.0085064292779428,0.0204204585090528,0.0131828713396422,-0.0213932984576531,0.0,0.0187533596299296,0.0010418438509951,0.0246692968206081,-0.0161668861648599,0.0249675545392744,0.00344783002198,0.0085880097966137,0.0,0.0,0.0214971466935212,-0.0010607438195436,0.0031253433604765,-0.0029268015458059,-0.0142395320197044,0.0147847572366968,0.0004197565412062,0.0,0.0,0.0380365954845189,0.0,0.032609726040383,0.0079990218412551,-0.0136334462076445,-0.008661085663139,0.0171914474089593,-0.0112292259320258,0.0139851216680064,0.0056932706248451,0.0,0.0025454045129333,0.030372460496614,0.0053247254869501,0.0,0.0114521605965776,-0.0065546366355797,0.0,0.0049217958350853,-0.0339493334917899,0.0082831141581476,0.0,0.0133856839268127,0.0071300723511174,-0.0057081784838106,-0.0069943124541075,0.0,0.0042495082029831,0.0095089936801167,0.0
2017-02-03,0.0110756068202877,0.0,0.0069787566647125,0.0286168731314224,0.0164984746435135,0.0086193244802388,-0.0025839177909288,0.0240232459143825,0.0243553239065037,-0.0057619658267771,-0.0124468866098641,0.0,-0.0545066800476697,0.0,-0.0380906808047529,0.0153263219256274,-0.0276383062702514,0.0019729068197162,0.0166965888689407,0.0336842356821087,0.00801138065289,-0.0453455630209931,0.0180388309571657,0.0,0.0372658998003612,0.0421734013338563,0.0365277648301791,0.0091403145039639,0.0067282268702801,0.0016806722689075,0.0146254458977408,0.0053949576262186,0.0449346590265666,-0.0016218025176553,-0.0023665963219777,-0.0051969247949148,0.0074485438123239,0.0,0.0,0.0081103107418896,0.0193303716545674,0.0102474229313471,0.0207947409919537,0.0144452252674318,-0.0019003503771009,0.0370082091821222,0.0,0.0,0.0024821203197307,0.0,0.0210532758040331,0.0380944476720059,0.0276662104247538,0.0302201449929628,0.0135086018899928,0.0045427013930952,-0.0149122255080853,0.0092739099859353,0.0,0.0127290194194744,-0.0194761805654445,0.0062295891764316,0.0,0.0166545981173065,0.0030111145551963,0.0,0.0039167804202135,-0.0141369200172226,0.0018148161591231,0.0,0.0007544274662745,0.0244552633884431,-0.0057409488444813,-0.062771810650591,0.0,0.0052775215617659,0.0194359902916361,0.0
2017-02-06,-0.016135939293239,0.0,0.0246444709339395,-0.0168746591383016,-0.0347403223708117,-0.0026691189664452,-0.0249271763526097,-0.0203329176381283,-0.0206510985128067,0.0144753239736115,-0.0067242602750525,0.0,-0.0300849144221838,0.0,0.0149283299288582,-0.0485383474474905,-0.0209379602008835,-0.0039380442450853,-0.0291365000882924,-0.0011675220788828,0.0015301195870163,-0.0388552237716287,-0.0165845469947308,0.0,0.0067363211437998,-0.0064935064935064,-0.0227391962586002,-0.004115816201163,-0.0105799216090179,-0.0016778523489932,-0.0041822922770419,-0.0150628498996514,0.0179248759130417,0.0245642383195241,-0.0236163365214632,-0.0225800880752956,-0.005989184883989,0.0,0.0,-0.0168072705462036,-0.0147543423262539,-0.0089146959968196,-0.0073053156640857,-0.0047721674876847,-0.0260109874853731,-0.0243291738987662,0.0,0.0943992060090677,-0.0055709429686515,0.0,-0.0169328977732489,0.019722762047674,-0.0226419213973798,-0.0247712334063668,-0.0066343912497759,0.0128127826349111,-0.0264818599897802,-0.0202499673387623,0.0,0.0050140596944132,-0.0394691273893176,-0.0120765832106037,0.0,0.0027842527842525,-0.0030020749635776,0.0,-0.0121964551703405,-0.0113864423346886,-0.0127410842602322,0.0,0.0018782582030052,-0.0136623704518151,-0.0173468635593011,-0.022539298346494,0.0,-0.0131387275582208,-0.0043081457967235,0.0
2017-02-07,-0.0029336490415585,0.0,-0.0255667983334235,0.0171643008647413,0.0033648282496849,0.0053525244574383,0.0092928155149614,0.0051103239613312,-0.0015955229145954,-0.0032128376056628,-0.010149003243145,0.0,0.0284190007181697,0.0,0.0473317342101038,0.0,-0.015282411246312,0.0,0.0212804656238632,-0.0096288495145071,-0.0107834702898335,0.0215574866310162,0.0153311205942785,0.0,0.0148694372373192,-0.0244387610116511,-0.0174397202282348,-0.0011034577293443,0.0135036665201599,0.0050420168067226,0.0177482586405994,-0.0036892454206169,-0.0266587173153903,0.0063251849739107,-0.0056484060662332,-0.0106895180882548,-0.0109804376360692,0.0,0.0,0.0053578059519387,0.0138963813305137,0.038179630237392,0.0194617093680571,-0.0285382830626449,-0.0018326393060404,-0.0024941852428373,0.0,0.0072756502741251,0.010592393311178,0.0,-0.0059955693758512,-0.0052469377785551,-0.0125326720729173,-0.0173917640217793,-0.0067388688327315,0.0727786873046583,0.0007742070938365,0.0007911814383498,0.0,0.0250126411596158,0.0272040009304488,-0.0094028136663796,0.0,0.0083295667333893,0.0047823584111941,0.0,-0.0271634997821109,0.0081727532817232,-0.0064588736115868,0.0,-0.0041320733060412,0.0016721027207795,-0.0039256869952241,0.0106984061837334,0.0,0.0007955601989859,0.0006262453743239,0.0
2017-02-08,-0.0035272444712188,0.0,0.0092733986728488,0.0127682782073079,-0.0023484072981272,0.0042726438941458,0.0105295080972886,0.0028572652239617,0.0185585223850632,-0.0157453849733699,0.0,0.0,0.0155959031657355,0.0,0.0323662794309498,0.0147336132552233,-0.0263784037834502,0.0011839698933371,0.0004452359750666,-0.018486707566462,0.0035686974254396,-0.0017548294989813,0.0030199252801992,0.0,0.0219773648093053,-0.0033012913875134,0.0461605707238639,0.0038629377538696,-0.0299798574615834,0.0033444816053511,-0.0018356580183565,0.0172874058127019,0.0025813790689535,0.0379543181060353,-0.0081083184188001,-0.0125909720051792,0.0157607479026533,0.0,0.0,0.0174256015196285,0.0084491455083322,0.0287085821332395,0.0258122063137373,0.0146485152456015,0.0079050173910382,-0.0145867977731184,0.0,-0.0214237482351496,0.0178726158535946,0.0,0.0188414983233826,0.0144718414463353,0.0209266549024929,0.0272218635678933,-0.0169008965350133,0.0180355160932297,0.0073820575354679,0.0216114905977138,0.0,-0.0171013253527148,0.0400027174220722,0.0101274712534766,0.0,-0.0009178620218578,-0.0023797981578598,0.0,-0.0040599536411598,0.0047992154326077,-0.0125215464171385,0.0,0.0101937582440099,0.0167178451456011,0.0039411587508786,0.0115732907400138,0.0,0.0095870206489674,0.0036982248520709,0.0
2017-02-09,-0.0041267643889146,0.0,0.0007427581084427,-0.0274699863790427,-0.0080600230286372,-0.0031852808838596,-0.0032531841590337,-0.0025318772497101,0.0059683370651864,0.0014535010988818,0.0042730636606294,0.0,0.0212501227857635,0.0,0.0032535002206441,-0.0100597140662553,0.0278875647407854,0.0007918993971005,0.0013351134846462,0.0026549831533579,0.0326017122622481,-0.00087895716946,0.0161793463078498,0.0,0.0064514241409072,0.005065757428154,-0.0079234809597708,0.019226694553234,0.0177414895556979,-0.0041666666666667,0.0,-0.0050261359067148,0.0206196814313768,0.021692514034679,0.0220761289107853,-0.003617454216595,0.0042293060474878,0.0,0.0,-0.0161158578485395,0.0073231470538577,0.0116318772620702,0.004526955555157,0.0724990192232248,-0.0013054830287206,0.00634664416604,0.0,0.0,0.0066665982912994,0.0342480364588382,0.0229281851112292,-0.0035678427997705,-0.0086865956079509,-0.0032994658007751,0.0102902212089468,0.0245298446443171,-0.0127295682619844,-0.0205282926998922,0.0,0.0173988690735102,-0.0165592474850847,0.0213044197980465,0.0,-0.0042944129900651,0.0137385695984448,0.0,-0.0086598939109451,-0.0091787891058987,0.0018827225914241,0.0,-0.0142109199700822,0.001495919666276,-0.0039256869952241,0.0160172349194454,0.0,0.0018403802187587,0.0024563989191843,0.0
2017-02-10,0.0148070595273706,0.0,0.0045906866787619,0.0476845005830277,0.0098198906612747,0.0010502558602041,0.0182821081029,0.0034924615431666,0.0149929855086095,0.0010929152859502,0.0,0.0,0.0562039115100991,0.0,0.0008837136767687,0.0203238805596577,0.0139519411396367,0.0,0.0,0.0103543269687471,0.0519888295640347,0.0837682283124086,0.0040777989049505,0.0,0.0071223000668623,0.0016477658233982,0.044476197638565,0.0013479077253217,0.0191257304364411,-0.0033472803347279,0.0022951721741144,-0.0029671065925067,-0.0050454302512026,0.005675475969626,0.0311938717551159,0.0329022010437938,0.0038666325288299,0.0,0.0,-0.0013309437840971,0.0093440321803439,0.0097655371045406,0.0032572127183001,0.0495281293437706,0.0006485281451082,0.0386538590063734,0.0,0.0093258614921378,0.0397143177349188,0.0198758695692935,0.0122910617593972,0.0029808493921346,0.0244327707611491,0.0352057169880719,0.0136618687484753,0.0956371375365787,-0.0011601692792447,0.0160318150748772,0.0,0.0243693886276186,0.00751679932692,0.0579714842969134,0.0,0.0098274826195177,0.0118093080006971,0.0,0.0107952008526697,-0.0111082001571914,-0.0009458147696442,0.0,-0.0246650034721329,0.000149773316062,0.0570840445827895,0.0553411739914919,0.0,0.0060507352732297,0.0018472093943793,0.0
2017-02-13,0.0064155360006936,0.0,0.0410452866329182,0.0101660770134741,-0.0077127733538512,0.0053350596008749,0.00642223536369,-0.0015786329891629,0.0027720723364168,0.0348215689357018,0.0153198576382551,0.0,0.076617187262848,0.0,0.0,0.0298540414571322,0.0015342455178801,0.0015719952734638,0.0194666666666667,-0.0078624482888304,0.0128603653169012,0.0235952891970723,0.0236068964992737,0.0,-0.0198014086133241,-0.0182891426359591,0.0130900607701389,0.0045807354625271,0.0126926872426582,-0.0092359361880771,-0.0137611696633028,0.0034985920300367,-0.0198005973484605,0.0247936468234117,0.0318133773986573,0.0105887521968366,0.0073443298754432,0.0,0.0,0.0109388401398693,-0.0020549224733794,-0.0110972457438273,-0.0047498754714295,0.0171476369719782,-0.0006481078289402,0.0044515679931675,0.0,0.0992334783509425,0.0387656909915825,-0.0207754959460203,-0.0200005814122502,-0.0001435166359698,0.0128524046434495,0.002563321658799,0.0268351383874849,0.0741774918052688,0.0515951057904253,-0.0118734546598286,0.0,0.0571465262617183,0.0,0.031023230399191,0.0,0.0344014279036164,-0.0099056806925361,0.0,0.0020305364178487,0.022465956657659,0.0262961209795959,0.0,-0.0046674753441273,-0.0001497508873751,0.013037283305628,0.0917684791154485,0.0,0.0277186905859987,0.0073563996914449,0.0
2017-02-14,0.0075375802213895,0.0,-0.0043895387041661,-0.0301851487098681,-0.0010136302911968,-0.0047738526100762,0.0031847508020637,-0.0079239592935588,-0.0061371424171253,-0.0129721061737771,-0.0075499679800464,0.0,-0.0217385174951363,0.0,-0.0017658668328659,0.007527035396122,0.0198471958609924,0.0007900308638724,-0.0112477112215538,0.0120115139956644,-0.0163228723909885,-0.0127152246669981,-0.0147781055196856,0.0,-0.0137081100182577,-0.0339083292262197,0.0075478671234239,-0.0142061931268958,-0.0021841397849463,0.0059322033898303,0.0,0.0019238945578232,-0.0046582999945197,0.0,-0.0120328956860482,-0.0104778053128126,-0.0118068329785255,0.0,0.0,-0.0169551256950426,-0.004139107283997,-0.0022984361620623,0.0032621324515149,-0.012609649122807,0.0183209200993059,0.022957044353336,0.0,-0.016453071993969,0.0083580963162115,-0.0053134563752089,0.0,-0.0081816224492237,0.0150806816468105,0.0128091537351593,-0.003281378178835,0.0155967450271246,0.0,0.0052167147075987,0.0,0.067571671525753,0.0411273486430061,-0.0368357966477789,0.0,-0.0202953924529076,-0.0058723737439645,0.0,0.0,-0.0021972327304762,-0.0187646409108009,0.0,-0.0023579282024109,-0.0059706930051813,0.0018284535502472,-0.0393784041744538,0.0,-0.0078852652691155,-0.0030443390235701,0.0
2017-02-15,0.0368245554035566,0.0,-0.0139394899413908,0.0067656765676566,0.0101512636476281,0.0398688144214893,0.0120659762897707,0.0191681691475549,0.0216087643722688,0.0245066183260935,0.0287202128261729,0.0,-0.0060813926677425,0.0,-0.0315736812615065,0.06929405645657,0.0179683145494222,0.0015682889861907,0.0113756613756614,0.0102068287429915,0.0075789996824828,0.0185152410384872,0.0277974691181128,0.0,0.0,0.0175492296704418,0.0074913236082503,0.0154929196478084,0.0016388842117078,0.0067396798652064,0.0465106058830424,0.0086886411135038,-0.0036449730205924,-0.0091069957592213,0.0167503942987323,0.0318541300527241,0.0203820190643513,0.0,0.0,0.0008895970258246,0.0383048935859147,0.0348947511066943,0.0420025834038571,0.0341476957245974,0.0321315912551121,0.0192879182939187,0.0,0.0301032824266578,0.011048638332507,0.0,0.0080191431085796,0.0071998842229672,0.0029925504594943,0.0012497188132669,0.0098177542621986,0.0,0.0423862837634301,0.0380691014003238,0.0,0.0105538645350327,0.0056779204880055,0.0423328310852157,0.0,0.0324156584823767,0.0277850704471864,0.0,0.0025383598071699,0.0245967197448921,0.0042056826193979,0.0,0.0317479286169535,0.0331846965161974,0.0128460116526663,-0.0168551692953908,0.0,-0.0176959291055109,0.0384420839656043,0.0
2017-02-16,-0.0027789918114573,0.0,0.0223293172690763,-0.0076153972236582,-0.0006711844322243,0.001029844021541,0.0323286339329118,-0.0018837849587017,-0.0033217804136299,0.0225265828701153,-0.0188837045514569,0.0,-0.0092214006089604,0.0,0.0097491021651354,0.0309093723053792,-0.0036842837919354,0.0019651733451031,0.031301769988665,-0.003522391518452,0.0101663332693939,-0.0094903292208573,-0.0071172810518901,0.0,-0.0190191833992684,0.0120324877168356,0.0074216179127049,-0.0056204841341191,-0.0130840178861606,0.007531380753138,-0.0177774044989432,0.0272402187631468,0.0020888825031222,-0.0021706667487723,0.0074831593008057,0.0222695337449434,-0.0225063414384177,0.0,0.0,0.0059430633307686,-0.0029770884879206,-0.0111411798083848,-0.0194323330768573,0.0165771812080537,-0.0161875012051444,0.0,0.0,0.0129841139923359,0.0081982382115626,0.0,0.0050616024484031,-0.017715380470574,0.0065174150408395,0.0012731221448365,0.0065203469756069,-0.013687959047407,0.0327999133041938,-0.0203023318872018,0.0,-0.0292478324513004,-0.0238112728379386,-0.022689709952588,0.0,-0.0180344848595624,0.0224786070075353,0.0,-0.0010141915900112,-0.0139698502651027,0.0134634098271806,0.0,-0.0182361041401233,-0.0017460605248429,-0.0108580141385205,-0.0014826380063662,0.0,0.0013062313815042,-0.0158575526330032,0.0
2017-02-17,-0.0038948151823369,0.0,0.021082128640268,-0.0171581394757904,0.0020102737029334,0.0061298411813874,0.0006166818034019,0.001258226867983,-0.0021229806953331,0.0032323100405671,-0.0041836780474673,0.0285582255083178,0.0084291860567213,0.0,-0.0009045143862808,0.0077422952366654,0.0361687065705398,0.0011746937405605,-0.0020290835306054,0.0047208753386589,0.0028211805555555,-0.0015923781763221,-0.022576449548471,0.0,0.0067112051254736,0.0102050926384622,-0.0242275134481465,0.0053843732629703,0.0038665281302696,-0.0033222591362125,-0.0045247901494961,-0.0213166786116514,0.0078197379450302,-0.0004859911133054,-0.0104071624087591,-0.015078307230923,-0.0197847478152374,0.0,0.0,0.0011868653567188,0.0159991929789165,0.0031008265192395,-0.000488242935735,0.065029378754869,-0.0158266613094479,-0.0034740451960992,0.0,0.048406052592919,0.0054241083720334,0.0,0.0057583447198905,-0.0016700087157389,-0.0147374174830761,-0.0157566691598105,-0.0064781074671756,0.0278686674940764,-0.0134657759434786,-0.020887389724961,0.0,0.0,-0.022887058975296,-0.0094552026331199,0.0,0.0011995615395752,-0.0090352666860973,0.0,-0.0015192821037087,0.0287056743057483,0.0109874082356944,0.0,0.0019400676401961,-0.0107710713030706,-0.0018451046337818,0.0088847946376082,0.0,-0.0078271642015167,0.0095505206041941,0.0
2017-02-20,-0.0033538382354162,0.0,-0.0078483674882658,0.001383170563028,0.0103732809430254,-0.0101612593996974,0.0161022836780886,0.00376389560174,0.0039499771236846,0.0020828417772498,-0.0193280245091965,0.0,0.1662168045276448,0.0,0.032620673551569,0.021111773218694,0.0,-0.0007857023131075,0.0072856658759743,0.0093858136493569,-0.0017988530621078,0.0151922687031154,0.0260314676062087,0.0,-0.0081479018019107,0.0118673989799922,0.0226780626780627,0.0013388842631141,0.0203667254875343,0.1266666666666667,0.0272721416147112,0.0118424906892078,0.0263633080534488,0.0191480986964476,0.0097674820641369,0.0187346697115793,0.0011017280015401,0.0,0.0,-0.00413593256059,0.0137813257079311,0.0050603947107876,0.004649296499507,0.122117530374411,-0.0045007368462978,0.0077513731644434,0.0,0.0761227492468297,-0.0027019872385872,-0.0133262863830269,0.01072295002426,0.0113860449214575,0.0215299263842954,0.0198591620649475,-0.0097223030796995,-0.0049396267837541,-0.0122432579356638,0.0015812022437171,0.0,0.0322749021313615,0.0105508675035481,-0.0072368119295277,0.0,0.005618789894441,-0.0170588235294117,0.0,-0.0050767196143398,-0.0003498076058167,0.0027169992786728,0.0,-0.0181463746500248,-0.0022072059486796,0.0,0.0692689842431233,0.0,0.0028944928961955,-0.0005992046919544,0.0
2017-02-21,0.0128940902086542,0.0,-0.0086084326448311,-0.0339441428765062,0.0195361647809158,0.025653165755606,0.0167403698761565,0.0303112379095116,0.0281486882680885,0.0204928348150854,-0.0102794399715161,0.0,-0.0206809018963716,0.0,0.0011663334285441,0.0573363901625678,0.0113896854576998,-0.0003879179291473,0.0289318755256517,0.0095393152789562,0.0317737761337615,-0.0039409391684086,0.007155173684288,0.0,0.0141892612744425,-0.0083357565183679,0.0432917316692669,0.0045501110918937,-0.004317966398572,0.0281065088757397,0.025224195717461,0.0194892473118279,0.0075597637173991,0.0135554714123438,0.0163499400787536,0.0200506455228526,0.0033015465982852,0.0,0.0,0.0074068195645848,0.0214095432108438,0.0227227950351349,0.0145345303627553,-0.0272345597171583,0.0077518604465072,0.0138429280935246,0.0,0.0880562518311143,0.0027093077535629,0.0,0.0141615860976429,0.0100566213132766,0.0046789489075489,0.0106800457006606,-0.0032921810699588,0.0187534473248758,0.0148835873752721,-0.0031574119805263,0.0,-0.0041575369402775,0.0061185385184863,0.0259395582112844,0.0,0.0017666029867915,0.0260323159784561,0.0,-0.0306085987079068,-0.0116676664667065,-0.0036088530801142,0.0,-0.009047663464229,0.0044241769670787,-0.0073238645670028,-0.0244272407555142,0.0,-0.0005281822983475,0.0355014534883721,0.0
2017-02-22,0.0116197791172916,0.0,0.0101434159061277,0.0080709818803783,0.0146159334766355,0.0014897813588485,0.0026465069362344,0.0206275302461167,0.006471439969268,-0.0023868437174294,-0.0476256788748086,0.0,-0.0533912734110949,0.0,-0.0037960739560797,-0.0222349253907867,-0.0295712304902762,-0.0015732505453935,0.0156122282164459,-0.0499943214082906,-0.0304144560592529,-0.0158127598144707,0.0060288124556435,0.0,-0.0007363548930031,-0.016811650865018,-0.0030307076101468,0.003456724720217,-0.0097478149529588,-0.0071942446043165,-0.0202877668504006,-0.0031641397495055,-0.0144981215937352,0.0042214584578601,-0.0409612847075999,-0.0344294318736773,-0.0094993157723785,0.0,0.0,-0.0282278181865924,0.0048518554032024,-0.0002782593805517,0.0029439956182391,-0.0349253222783803,-0.0064118470288137,0.0121398635156781,0.0,0.0113391574916228,0.0204839843357766,0.022975971839608,-0.0020922086528448,-0.0105481449607955,-0.0326208989978793,-0.0242553818932469,-0.0296095316739413,0.0135354629128316,0.0153608563412162,-0.0406632102348132,0.0,0.0,-0.0078559525613003,0.0022766847467126,0.0,-0.0141079008345806,-0.017456151314419,0.0,-0.0026318699546611,-0.0064337956359443,0.0063413753685099,0.0,-0.0079335197934595,0.0,-0.0240429945313973,-0.0239216815433341,0.0,-0.0028782273894005,-0.0228620556549812,0.0
2017-02-23,-0.0082021850816155,0.0,-0.0164950050336869,0.0075357900318133,0.003520628405633,-0.025959060529238,-0.0217003277766358,-0.0172399977104917,-0.0152084556664709,0.0,-0.0127211580640445,0.0,-0.0547651006711409,0.0,-0.0305002227454973,-0.0209059935890973,0.001447138238338,-0.0011765447402145,0.0153722334004025,-0.0128514728385615,0.0152914725322352,-0.0361401602607633,0.0158762481727405,0.0,-0.025054515377096,-0.0462272591708917,-0.0203152411179409,0.0,-0.0257141090291714,-0.0311594202898551,0.0185642534062213,0.0078438952926453,-0.029938255033557,0.0207953573155761,-0.0228922716627634,-0.0305571946387928,-0.002585757368871,0.0,0.0,-0.0039450929528751,-0.0125577312111148,-0.0108979574358755,-0.0151375520513346,-0.0398964340355419,-0.0187103541281654,-0.0033711823527817,0.0,0.0589148892110167,-0.0491265106044206,-0.0013277728947318,-0.00489521767591,-0.021629228752801,-0.0072427948161361,-0.0089157536834152,-0.0271091660588378,0.0066239316239316,0.0051550581105086,0.0028036521257954,0.0,-0.0104654442877292,0.0079181572288633,-0.0215419331326414,0.0,-0.0128122465109508,-0.0183599050203527,0.0,-0.0026388149725031,-0.0327438223525459,-0.006301415726038,0.0,0.0,-0.0193830248191926,-0.0473384214085594,-0.0438122433567753,0.0,-0.0086785345863735,-0.0204521376883158,0.0
2017-02-24,-0.015999082019884,0.0,0.0051181102362203,0.0046771084812882,0.0044646792306473,-0.0251021725102171,-0.0074970973627467,-0.0133024263532479,-0.0074235287102737,-0.0238697174393288,-0.0055292259083726,0.0,0.0064470320931553,0.0,-0.0220809058833182,-0.0074331837087675,-0.0094202434629911,0.0023558612565994,-0.0276632847178187,-0.019897545202427,0.021784661357239,-0.0016626977976299,-0.00937831104493,0.0,-0.0181400299248791,0.008963935793204,-0.0476652632730056,-0.0190982762716785,0.0067395631978302,0.0134629768137621,-0.0100732850215223,-0.0150609706856174,0.0052359498322946,-0.008469387755102,0.0109353466355084,0.0263032042085125,0.0018486778988671,0.0,0.0,0.0156529759644077,-0.0161770390413606,-0.0107366279195618,-0.0079277062503249,-0.0414930129933807,0.0190671064418928,-0.0391118265418771,0.0,0.0147648381734624,0.0049952493391405,0.0119096663046327,0.003508337067297,-0.0131989974194662,-0.031542258399723,-0.0244212345302533,-0.0382981381981757,0.0037147102526002,-0.0112852736996522,-0.0230194787279047,0.0,-0.0592092134895521,-0.0245633778431839,-0.0046379444058941,0.0,-0.0078376840907653,0.0046650252688866,0.0,0.0052915934811126,-0.0111577772865548,-0.0018169785211478,0.0,0.0135948385697635,-0.0206636911168058,-0.0198762802961159,-0.0135682112667366,0.0,-0.0066350982376416,0.0137300190643789,0.0
2017-03-01,0.0039232018658115,0.0,0.0130304217260739,0.0093041223613219,-0.0155591145433404,0.004192132030095,0.0151074568000266,-0.0223712326017921,-0.0089808668488872,-0.0069936926043334,0.018516679904686,-0.0137448901001243,0.0281344357592348,0.0,0.0108282499433625,0.0009335131210455,-0.0014587892049598,-0.001175162109416,0.0198907638379393,-0.0225503521561843,0.0174426195263337,0.0116864970148622,-0.0091129836529985,0.0,-0.0069281887735064,0.0088842975206611,0.0478835637083925,0.0059473351363716,0.006132754065099,-0.011070110701107,0.0194640338504936,0.0026851965727874,0.0025988327276731,0.00530734059601,0.0270278279939544,0.0255867152418876,-0.0051645945524286,0.0,0.0,-0.0007478832233767,-0.0034772017366362,0.0089932386599855,-0.0016244115874693,0.1338960291578745,-0.0122571300134858,0.0227006468920318,0.0,0.0331195110536024,0.0298506065598322,-0.002627780450794,-0.0034960716694691,-0.0014013663321739,0.0294400357661785,0.0224016671008073,0.0361852790229324,0.0019033520143809,-0.0017290527594746,-0.0218862667206373,0.0,0.0449366705048179,-0.0046703052893147,0.0040751885095062,0.0,0.0194729353804334,0.002923599466873,0.0,-0.0052637399093221,-0.0184371041398323,0.0368035296670443,0.0,0.0236824861930169,-0.0152939566477704,0.0162183135023279,0.0137548398396207,0.0,-0.0120421716273749,0.0404151823655991,0.0
2017-03-02,-0.0390787050097074,0.0,-0.0336392225601897,-0.0571719570026403,-0.0251605685530778,-0.0209390723529541,-0.0093620010316859,-0.0101253441530213,-0.0030460083651572,0.0182985025506006,-0.0181800458156649,0.0,-0.0572267662073887,0.0,-0.0094878786746852,-0.0018652849740933,0.0014609203798392,-0.0019539046578564,-0.0072735992326753,0.0079388154983881,0.0241883741819581,-0.0313620446713821,0.0116765004047756,0.0,0.0015503385433146,-0.0228343231619905,-0.0373810013012808,-0.005644654298364,-0.0133015842272264,0.0,0.0034756435002092,-0.0127358586994297,0.0010434285965337,-0.01262796139222,-0.0172990910402539,-0.0166460140437835,0.0025957030299423,0.0,0.0,0.0073374141295341,-0.0120253913180619,-0.0144430950728661,-0.0102609410673828,-0.0173687475328484,0.0013046380387953,-0.0133977487797589,0.0,-0.0790785055694719,-0.0279128530007907,-0.0170328039186581,-0.016168857788413,-0.0006202230296955,-0.0352861982107182,-0.026420382165605,-0.0419435736677116,-0.0265963060686016,0.001041569141466,0.0327026350740091,0.0,-0.0322459040162389,-0.0161608506180134,-0.0124618384913059,0.0,-0.0113522746208964,-0.0052299909975564,0.0,0.0211663739244503,0.0107256341571864,-0.0100805748369319,0.0,0.0096405057999791,0.0039376213398019,-0.0079924657011225,-0.0515517986055409,0.0,-0.0135508472927489,-0.001147107897664,0.0
2017-03-03,0.010456240933895,0.0,0.0111232628237616,0.030322838113062,0.0125734978099252,0.0053411131059244,0.0487148238422334,0.0139435305312083,0.0236368887470168,0.0228095407388253,-0.0046291699761715,0.0,0.006142828029928,0.0,-0.0117367055934767,0.0496262458471761,-0.005114995060429,0.0023576961940046,0.0561996779388085,-0.0228888916759685,0.0044728434504794,0.020451959499359,0.0090906469426301,0.0,0.0170273258568944,-0.0144608613643508,-0.0010814502817462,-0.0067595743822219,0.0292134312502887,0.0029850746268655,0.007781342264727,0.0149397440675862,0.0134736287729999,-0.0232535750520243,0.0214355977742215,0.0304532280421723,0.0088834472305974,0.0,0.0,0.0099507768239774,0.0121717615132892,0.0160960260528979,0.0182068867991234,-0.0035581061692969,0.0032623955881907,0.0108648706255853,0.0,-0.0150903540373568,0.0049742870500233,0.0333345917173166,0.016434586276733,0.0090395621893042,0.0063024737209353,0.0138957946248658,-0.0219226490412931,0.0329610755719396,0.0294258624922549,-0.0083407887869976,0.0,0.0199862164024811,0.0280946608815833,0.0187813086431243,0.0,0.0138844995048774,0.0314587373410901,0.0,-0.0031135012737051,0.012897272473658,0.0123913554146113,0.0,0.0187087592185275,0.015520915482323,0.0442870705360121,0.0114367498292293,0.0,0.0170307184063902,0.0073951626935793,0.0
2017-03-06,-0.008049424491784,0.0,0.0519970453226401,0.0298978917211489,0.003594263627497,-0.0063842135809634,0.0080289888756246,0.0046861934754229,-0.0097710195717383,-0.005071610828916,-0.0213957083899605,0.0240094312496406,-0.0096064814814814,0.0,-0.000313756084324,-0.0098120672601385,-0.014709294232286,0.0007770497311827,0.0272907455404785,0.0247343019972274,0.0070348750187096,-0.0358922245275296,0.0221753884622253,0.0,0.00380505684289,0.0073365231259967,0.0010826210826211,0.0070764459312129,-0.0070960576211097,-0.0245535714285713,0.0021488728427851,0.0033458803847763,0.0271086619969902,0.0,-0.0179816302769831,0.029553236588945,-0.0018337539027414,0.0,0.0,0.0010378213633557,0.0080037850412015,0.0019814844891992,-0.0039755564042914,-0.038990957783793,-0.0175475687103594,0.0118967028820651,0.0,4.40696888679426e-05,-0.0109878863437599,-0.0309622972380535,0.0345494932931653,0.0083435323645806,-0.0043841009237926,-0.0143506091265744,0.00749364378429,-0.0086071166159336,-0.0043723169873033,0.0,0.0,0.0457696827262044,0.0054102894670147,-0.0120972243365302,0.0,0.0014961971655376,0.0339252141215793,0.0,0.0124783412688012,-0.0359427966101694,0.0052555252624861,0.0,0.0086237553342816,0.0109629556194441,-0.0134892749207596,-0.0226212911566637,0.0,0.01296396850638,-0.0078936004836341,0.0
2017-03-07,-0.0249300081836584,0.0,0.0014043182787071,-0.0290299572039943,0.0136776747952849,-0.011232925952552,-0.0122305249588647,-0.007777884223888,-0.0134515026093214,-0.0101869863829449,0.0057079516353026,-0.0427091230730352,0.0057263059483463,0.0,-0.0350202308951641,0.0495464897910258,0.0059715550532164,0.0003987157156946,0.0092757494805582,-0.0304878812550886,-0.0012881490289339,-0.021651929495813,0.0,0.0,0.0113718998035059,-0.0035887692632468,-0.0129489441630142,0.0048682741833536,0.0082427981446642,-0.0144927536231883,-0.0085637419423578,-0.0068321150072692,0.0059764105699198,0.0071421531089594,-0.0068647540983606,0.0367026962822187,-0.0047775903162744,0.0,0.0,-0.00250656167979,-0.0149026050222952,-0.0172145496985022,-0.016706464713367,-0.0037156897998321,-0.0039759394181599,-0.0178271789078864,0.0,-0.0508688690747241,-0.0094448782231587,0.0,-0.011131896384898,-0.0012260791344743,0.0,0.0052896197758458,0.0185283570195244,-0.0074113287453678,0.0050645039865857,-0.0058829610277325,0.0,-0.0270801730434294,-0.000515102362895,-0.0134164757609689,0.0,-0.0062455907374362,-0.0038388491534327,0.0,-0.0246419121030831,-0.0248552309163031,0.0065206352137383,0.0,0.0438456211043254,-0.0094711982414134,-0.0293150684931505,-0.005791150069757,0.0,-0.0069302855392509,-0.0261847557366203,0.0
2017-03-08,0.017837107190501,0.0,-0.0299000826384193,-0.0213565909591766,-0.0009631602308034,-0.0075888394074343,-0.0236180371352785,-0.010343183697115,-0.0169714381260734,-0.0126903146107074,0.0037752581237726,0.0065117916226682,-0.0188531257262375,0.0,-0.0100474241938106,-0.030037689877032,-0.0170686491142653,0.0003880684678636,-0.0330122785089332,-0.0041989121587575,-0.0311166782418891,-0.0610663035508537,-0.0169486787019758,0.0,-0.0299840900746544,-0.0346398305084745,-0.0251420004036559,-0.0145273751689618,0.0245374365411124,0.021671826625387,-0.0177120135409249,-0.0137684645858713,-0.0371332774518021,-0.0144239093612376,-0.0675892765029254,-0.0753895508707608,0.0022119012125092,0.0,0.0,-0.0257864200292071,-0.0191383760174707,-0.0086205948650283,-0.0114155048790647,-0.044453801732435,0.0146194919700819,-0.0084919407518243,0.0,-0.0491534342402576,-0.0185095491799387,0.0106505306414823,-0.0006989162139242,-0.01304076936838,-0.0617150816652063,-0.0414951810367283,-0.0400339049357763,-0.0414933333333333,-0.0080691838888699,-0.001682690035261,0.0,-0.0171507766934226,-0.0071822538022083,-0.0348823890792089,0.0,-0.0182490134257615,-0.0318026934934284,0.0,-0.0315824394559327,0.0354498845005353,-0.0267964638299335,0.0,0.0021351798014404,-0.000924000924001,-0.0422343673825469,-0.0258743943445682,0.0,-0.0026892862306616,-0.0005899810490935,0.0
2017-03-09,0.0105112403437199,0.0,0.0,0.0024224640895287,-0.0273321396995773,-0.0070744997481569,-0.0103233938972442,0.0041158787553583,-0.0089376145228504,-0.0045173870653233,0.0037736801585197,0.0264906452176953,-0.0107475943745373,0.0,0.0009811974160323,-0.0380524373969699,-0.0226421923967193,-0.0003879179291473,-0.0592305352798052,0.0184233743318282,-0.1208734943614555,-0.0094186268885063,0.0044790763149287,0.0,0.0123643704264446,-0.0283112037748272,-0.0179379491881339,-0.0259249954166129,0.0207557385925476,-0.0113636363636362,-0.010995247700776,-0.0343671503601751,-0.0030795682075389,-0.0074320763220007,-0.0156484628151426,0.0,0.0103209038577196,0.0,0.0,-0.0249564477575657,-0.0092498886774885,0.0028948214860082,0.0030840677419066,-0.0232294617563738,0.0085175420807137,0.0085646714342024,0.0,0.053908004817865,-0.0080020900259316,-0.0039541910694966,0.0457690657813754,0.0051314745020094,-0.0060339047983909,-0.0034241921895806,-0.0226855939686204,-0.0003338526596927,-0.0016933250955354,-0.0350551583731829,0.0,-0.0283196239717978,-0.0126571094077886,-0.0199057041440549,0.0,-0.0453859078244964,-0.0368275515334338,0.0,0.02228210808383,0.0288385151973533,-0.0186507375465385,0.0,-0.0401449310253507,0.0084888521882742,0.0167974924317517,0.0019909354678699,0.0,0.0177739547290896,0.0058496270191947,0.0
2017-03-10,0.0,0.0,-0.0071762306719327,-0.0145132743362831,0.0307448465498261,0.0269086213654914,0.003875968992248,0.0085198634878609,-0.0056012794008658,0.0118670627795371,-0.0140823819343157,-0.0157851403912216,-0.0117622411109782,0.0,0.000980235611383,0.0073647918069241,0.0347549803126583,-0.0007866252726967,0.0011314959993533,-0.0165358744394618,0.0002184041933606,0.024743793941149,0.0260892953200646,0.0,0.0,0.0601919819311123,0.0616482705657366,0.0042034673377342,-0.0213731541610405,0.011494252873563,0.0222349744532865,0.0158549300770709,0.0366214401886195,-0.0188539855016699,-0.0033560818948213,-0.0249483684427922,0.0069254727711458,0.0,0.0,0.0083793853270728,0.0041471735888372,0.0011612218265466,0.0005094516691246,0.0237819025522041,0.0032374824049867,0.0131259386637336,0.0,-0.0781158301158301,0.0408989377786015,0.0185199056215121,0.0,0.0094270399343341,-0.0013730969358257,-0.0131166316708024,-0.0116755855167142,-0.0038962484693308,0.0030600316317876,0.0145628686103449,0.0,-0.0156911355665738,0.0531231822452906,-0.0100008806499195,0.0,0.0172440681742229,0.0205750576362608,0.0,0.0079753961634694,-0.0194307231783036,0.0375661820321036,0.0,0.0103587955705488,0.0403961417529148,-0.0413131685724824,-0.017557303675573,0.0,-0.0134941360809077,0.0087145194564985,0.0
2017-03-13,0.0034701643174341,0.0,0.0281583942175192,-0.0034399867374006,0.0012806764098518,0.01176576252919,0.0106861211677076,0.0118860528550008,0.0125130425914157,-0.0048315023633226,-0.0009437331020761,-0.0155190815472927,0.0366152821103002,0.0,0.0186239625659683,0.0484021224026893,-0.0037298671941226,0.0,0.0223621538709939,0.0247027125055052,0.0754348933692408,0.0259989010126382,0.0063599365385942,0.0,0.0305333998005981,0.0513421389007242,-0.0161269733202842,0.0226023213194868,0.0069259281564986,0.0037878787878788,0.0043489141241639,-0.0215012803419887,0.0373073035127622,0.0320245341030307,0.0386201785196402,0.0204608997712447,0.0097809964687065,0.0,0.0,0.022003681015301,0.01446533203125,0.0124051387983694,0.0181433242214716,0.0465218759836323,0.0213665791425308,0.0274437623304053,0.0,-0.0054948736849158,-0.0049759169368592,0.0376532882278319,0.0101032619357601,0.0215979794246288,0.0094801592087805,0.004200055263885,0.0235567119049293,0.0156459544032185,0.0027079215274048,0.0141894048574773,0.0,0.0432779432994439,0.0007435339104573,0.0195700156226545,0.0,0.0206969053198711,-0.0115079703350098,0.0,-0.0063239237878529,0.0293514842940973,-0.0096040360093494,0.0,-0.002196983801899,0.0077954376424014,0.0172319023800362,0.0458683932602108,0.0,0.0024161564822302,-0.0288091963750485,0.0
2017-03-14,-0.0149711106355659,0.0,-0.0154511430305482,-0.043349275663686,0.0019207704325274,-0.0058144695960941,-0.0019912557897926,-0.0132935834954863,-0.0083448265174876,0.0052034787119366,0.0085654471648497,0.0103138093703303,-0.0004382377001285,0.0,-0.0250174003828084,-0.0409519394220366,-0.0119878230945223,0.000787244539147,-0.0075805432722678,-0.0405157701788762,-0.0044262761075841,-0.0289666569754097,-0.0026595015490911,0.0,-0.0044443100737694,-0.0105369807497466,-0.0306057722803678,-0.0122800586510263,-0.0174648745051981,-0.0037735849056603,-0.0051987932334878,-0.0209248004844605,-0.027337048654465,-0.0045371981851206,0.004048834214976,0.0,0.0139883534934293,0.0,0.0,-0.0248494785506935,-0.0112107173655817,-0.0071249318057827,-0.0097917927930298,-0.0185274302213668,-0.0380222540573423,-0.0207732163353751,0.0,0.0172832019405699,-0.0239209666330768,0.0150250713159338,0.0066651953211211,-0.0113907716056826,-0.0375167272032116,-0.0542898024324473,0.0076944215443803,0.0049515845070422,-0.0094464322340983,-0.0363362389608408,-0.0091596200274182,-0.0305599717364422,0.0149020856551504,-0.0095971906405578,0.0,-0.0304265728263668,0.0,0.0,-0.0074347784064295,-0.0114854597851716,-0.0206911860921582,0.0,-0.0014678807782256,-0.0002889451160464,-0.0148326263745171,0.0051611710974417,0.0,-0.0016036875210063,-0.0005990850337667,0.0
2017-03-15,0.0116879279780317,0.0,-0.0527829861557033,0.0185413285416182,0.0166265432780441,0.0255368543238536,0.0082520060724355,0.015667874825862,0.0177598937375473,0.0158602172212769,-0.0169980635117518,0.0048432470055972,0.064039984801099,0.0,0.035198479447104,0.0190742829519818,0.0500354046657607,0.0011746937405605,-0.0022278803309992,0.0288537549407115,-0.0028280081577158,0.0643102524504397,0.004996426215087,0.0,0.0022320750706064,0.0352242473889001,0.0135330071531607,0.0,-0.0107692307692308,0.0030303030303031,0.0034862310795809,0.03041783098996,-0.0088709845749231,0.0313325495106198,0.0523298930844817,0.0300967246461039,0.0056604357195146,0.0,0.0,-0.0063258865199354,0.0257382768132403,0.0051650054397396,0.009640518532302,0.0377543515567542,-0.0118626260977774,0.0306842892276344,0.0,0.0155489319423747,0.0113948843626681,0.0431511512210449,0.0311233885819519,0.0157672906488071,0.0264412334276775,0.0448951089644737,0.0037496591218979,0.0699660571553706,0.0153228496819244,0.0205356082498713,0.0334876089724753,0.0135143343051504,0.0254447337872179,0.0096901892339793,0.0,0.0231487628911608,-0.0052604346326319,0.0,-0.0085541148888039,0.0164848561948074,0.0094367759869244,0.0,0.0250031144886011,0.0043783931570517,0.051612549363756,0.0689766116429633,0.0,0.0021352723915051,0.0053405024431891,0.0
2017-03-16,-0.0011509950953865,0.0,0.0354140680080263,-0.0237666725947003,0.0,-0.0497801575900047,-0.0134543616437766,-0.0006175221922037,-0.0045908888513566,0.0234228656697463,-0.0105580305410347,-0.0042715308242898,-0.0245028018899021,0.0,0.0057193838409088,0.0329874493527029,0.0043377226955849,0.0015609285953737,-0.0015151515151515,0.0028684850813165,-0.0054675356548771,-0.0271546809991264,-0.0016549158523159,0.0,-0.0014847360048481,-0.0033630069238376,0.0033307411265828,0.0096699037133256,0.0157870593105609,-0.0181268882175227,-0.0069414931293384,0.0007074485759919,0.0164160559346304,0.0082243903883452,-0.0191158550013946,-0.0308293705166436,0.0147737292132297,0.0,0.0,0.0052843273231621,0.0,-0.0199853499076168,-0.0128131993505639,-0.0109260571698558,0.0,-0.0077216999431367,0.0,0.1153288004043764,0.0118293520567809,0.0165498083970614,-0.0224785038144565,-0.0071637883409794,-0.0250828435285296,-0.0345010024504345,0.0076071452828907,-0.0191363078182561,0.0,-0.020122382878034,-0.0078192566967193,0.0022173613400053,0.0419879247746095,-0.0170241074885352,0.0,0.0021630039799274,0.0199393151278717,0.0,0.0086279191000371,0.04350047974636,-0.037855150569659,0.0,0.0050196288148571,0.0036321072054941,-0.0368226151358681,-0.0237096368003046,0.0,0.0294174105000479,-0.0035414219893397,0.0
2017-03-17,-0.004050323767919,0.0,0.0399905719673161,-0.0144934928661993,-0.0034586289751421,-0.0060245103653647,-0.0272757004251606,-0.0225297217650659,-0.0307496529384544,-0.02653192594948,-0.0203914322150794,0.0,-0.0476458661860779,0.0,-0.0205361160513402,-0.000861013317006,-0.0366660315213545,-0.0019559646462004,-0.0076671192396773,-0.0196899660341701,-0.0788582553022306,-0.0431930598888974,-0.0116310132955222,0.0,-0.019330268408515,-0.0170702659785629,-0.0088622404211757,0.010938669933973,-0.0085749217958319,0.0038461538461538,-0.0087426125942531,-0.0103578658725993,-0.0430760305406776,-0.0125847118512155,-0.0374500441557276,-0.0368830304794378,0.0103961446367411,0.0,0.0,-0.0228749603344324,-0.0190615545844621,-0.0128180814154553,-0.0287416099924434,0.0037021556099599,-0.0119947148932655,-0.0222206750286527,0.0,-0.0615040495891933,-0.0116910544576859,-0.0151116086126292,0.0019750121806918,-0.0133846218980397,-0.0368431499032402,-0.0401176708101405,0.0188068756319514,0.0043818466353677,-0.0503280044413727,0.0035430109655198,0.0135169020979855,-0.0022124555266541,-0.0197809511691414,-0.018899952847197,0.0,-0.0151515151515152,-0.0057798555036124,0.0,-0.0133704860564932,-0.021198340912498,-0.0004667788573744,0.0,0.0060708670939655,0.0065172326946549,-0.0594303351925055,-0.0378122974902952,0.0,-0.0161018134352711,-0.0005802462419989,0.0
2017-03-20,0.0249792774746149,0.0,-0.0230918385334037,0.023121002624866,-0.0110441110428031,0.0109928097345133,-0.0018267808311294,0.0258875874519053,0.0177683352828372,-0.0119265762679455,-0.0743368004357124,-0.0591304347826087,0.018775872264932,0.0,0.0258058305950916,-0.0569907504931155,0.0186587548271637,0.0007860152172547,-0.025030181086519,0.0029047048403063,-0.0686719552307668,0.0300952805128287,-0.0117609552917369,0.0,0.0197112929927436,0.0156502423263329,-0.0100628559624634,-0.0105509806958125,0.0216254950866299,-0.0038314176245211,0.0004454404035005,-0.0127824919906485,0.0081845640853532,-0.0049597346876556,0.0243208359898612,0.0,0.005834533237341,0.0,0.0,0.012185307033026,-0.0020560785341368,0.0067804271669116,0.0110020869183173,-0.032958534118627,0.0195687151304928,0.015528375573071,0.0,0.0631357582366227,0.0,0.0507604880494734,0.0137717843404565,0.0089930483184776,0.0238273099611034,0.0334114536386034,0.0184597062326319,-0.0173470447699179,-0.0070747682506353,0.0255714877418591,-0.0100024741102038,0.0155514937224703,0.0220573551144307,0.0154078413190243,0.0,-0.0310760464606618,-0.0028639822176625,0.0,-0.0243854294781274,0.0429472910327364,0.0051000970861854,0.0,0.0156024617751706,0.0,0.0090100463456057,0.0105405635147417,0.0,0.0118736259570919,0.0130449770488232,0.0
2017-03-21,-0.0124674624501934,0.0,-0.0529463319069959,-0.0359538056832305,-0.0162772242306674,-0.0021655383072328,-0.0238140683770279,-0.035087511405515,-0.0296154988819914,-0.0079341401859364,0.0064291147051647,-0.028003696857671,-0.0850965026846611,0.0,-0.0270461631641579,-0.0806002883658589,-0.0337028783830014,0.001172860837967,-0.0038798084860491,-0.039509059029807,0.0124011186576107,-0.0895010732099013,-0.0176865786779247,0.0,-0.0260215151653087,-0.1025946913212049,-0.0112979192750253,-0.0164137461721675,-0.0588542346339553,0.0146153846153844,-0.0242280187412663,-0.0132988345703917,-0.0101476510067114,-0.0204011478448019,-0.0712149504334229,-0.0921768413781192,-0.0075056043502681,0.0,0.0,-0.0136009820606533,-0.0348637566404751,-0.0257941407565384,-0.0215021637966936,-0.0340818209781604,-0.0278008341274964,-0.0119360963086019,0.0,-0.0588735201031531,-0.01971876669465,-0.0112300571046812,-0.0413965001841557,-0.0075519615050456,-0.0338650430231973,-0.0441065302087573,-0.0398882608978106,0.0234672304439746,-0.0074736260303269,-0.008596567142651,-0.0359157443770081,-0.0415732326212676,-0.0275506316128842,-0.0246571223334057,0.0,-0.021690943635212,-0.0144896471899514,0.0,-0.0111123216036604,-0.0107303700802819,0.0092191817670506,0.0,-0.0115161557580779,-0.0038842501164504,-0.0738046331165125,-0.0818855349574557,0.0,0.0,-0.0164051866179525,0.0
2017-03-22,-0.0063124312243557,0.0,0.0128470332063146,0.0165146142716852,0.0084346204868954,0.031022981678622,0.0337803643724696,-0.0060605688460969,0.0038511738829178,0.0236351666571845,-0.0053186180148578,0.0928655193179297,0.0258858611172796,0.0,0.0022620665468413,-0.0209170826522949,-0.0181999119667769,0.0015584958945662,-0.0213806248446175,0.0315335415737021,0.0431405976227683,0.0030188423248478,-0.0096950139928037,0.0,0.0038166749750747,0.0190539492633212,-0.0045828685138843,0.0019510440161065,-0.0033855611018673,0.0060652009097801,0.0067672392612196,0.0062001377808396,0.0194727706660882,0.0152571594220589,0.0,0.0364293527369572,-0.0206187115934554,0.0,0.0,-0.0014283491960233,0.0254913040748414,0.0093211355885334,0.0082069597239056,0.0,-0.0197419735649386,-0.0111741297334475,0.0,-0.008905495874202,-0.004593361036231,-0.0090893003651807,-0.0121519711211979,-0.0088276706458525,0.0328645833333334,0.0507649724731575,-0.0263887949116989,-0.0139434001239412,0.0082562587768146,-0.006071716084228,0.0186268700933194,0.0228427177292738,0.0,-0.0158830749907223,0.0,0.026472152220655,0.0164426464831004,0.0,0.0050520152976911,-0.0164383832785717,-0.0018294160407075,0.0,-0.0190859346001412,-0.00765580194622,0.0144771292160787,0.0123969271971244,0.0,-0.024779689270563,-0.0237982520029133,0.0
2017-03-23,0.0075114388483032,0.0,0.0014780178437063,-0.0204424778761062,0.0019288031643036,-0.0126739342373481,0.0,0.0067400181628352,0.0009631127805065,-0.012219619675255,0.0374293987786347,-0.0370928917374787,-0.0140078542935774,0.0,0.0170934189462266,0.0,-0.0100385949865502,-0.001942477598847,0.03556609365738,-0.0212623713705183,0.0307487440227589,-0.0120052078930015,0.025520134953934,0.0,-0.0114064900600586,-0.0018480269594521,-0.0218082689686506,-0.003335174699627,0.0107419044416876,0.0022607385079127,-0.0134504758916431,0.0065153054463535,0.0155892524607608,0.0019085403423348,-0.0246976135992155,-0.0314321112283761,0.0014062468039846,0.0,0.0,0.0255487891233536,-0.0082858833853751,-0.0011872010593485,-0.0055154818934346,0.011718998789886,-0.0104192428038407,0.0030638607958308,0.0,0.0364133337522385,0.0069316126509262,-0.0022891096824468,0.0150331053945511,-0.0067569236850557,-0.000705965407695,-0.0065709488797545,0.0658836611300299,0.0162354666387345,0.0152846816992051,0.0076799219321785,-0.0057076380557676,0.0290142964635065,-0.0082682821463375,0.0118580056041259,0.0,0.0035587188612098,0.0063765138871056,0.0,-0.0273880363294707,0.0156465391465341,-0.010062022842855,0.0,0.0014403769393211,0.0187789404814293,-0.0071352664338848,-0.005436863465809,0.0,0.011504297306381,0.0121985339376644,0.0
2017-03-24,0.0108891994137896,0.0,0.004481176375882,0.0176544102147138,-0.0016012845762141,0.0005385996409335,0.0045393353433986,0.0159425625920472,0.0143846819974982,-0.0027490635499896,-0.0123671737898823,-0.002258900066261,-0.0033243429718372,0.0,0.0006321656187913,0.0386671780179124,0.00858487408195,0.0035053574418213,-0.0253495788698995,0.022273415212354,0.0099242468729814,-0.009104756037035,-0.0197744878878625,0.0,-0.0192301654579133,0.0130690481376607,0.0234711255612323,0.0080783167171272,-0.0067104470763672,0.1278195488721805,0.0059087118160101,0.0323766265113116,-0.0074287510477787,-0.0297585120743961,-0.0261945063600864,-0.0400795906765207,0.0049021860685998,0.0,0.0,0.0055652221946032,0.0094046467598214,0.0056687657862555,0.0108245282148295,-0.0620081838212149,0.0,0.0419815188856296,0.0,-0.0365132775554747,0.0217876769520553,-0.0172483931331868,-0.0020228483843947,0.0086559627893094,0.0021193924408335,-0.0066435502199948,-0.0036513007759014,0.0061842918985777,-0.0157641410139666,-0.0041544808351571,-0.0172455819622182,0.0,0.0,-0.0006536060131754,0.0,0.0125460095161145,0.0149685320632761,0.0,0.0057477741462865,-0.0255602449028115,0.0147866601275135,0.0,0.0043149157128752,0.0081422329596061,-0.0287767584097859,-0.0082103760114231,0.0,0.0153323270010348,0.0162529714190944,0.0
2017-03-27,0.0090777296404307,0.0,-0.0155740770422611,-0.0541528263780489,-0.0128619220465338,-0.0016149291225552,0.003311588344095,0.0078401526957319,0.0085131610149395,-0.0220611942223368,0.0605394968799841,-0.0033507410873305,0.0218691000629327,0.0,0.0228166459659362,0.0323190200039096,-0.0023231751361693,0.0035035400352441,-0.0056212769527644,0.0050441527133611,-0.0178945226189092,0.0408642636314962,-0.0093874828780631,0.0,0.01568577236423,0.0259084067942378,0.0126161014128822,-0.0074568909232111,-0.0090077085197909,-0.0133333333333333,0.0,-0.008714411724072,-0.017449409380245,0.0171752774943572,-0.01256324648057,0.0079459085973745,0.0076731151322979,0.0,0.0,-0.0032272683576636,0.0093170234454638,0.0175127566965553,0.0073125308112254,0.0826845637583892,-0.0371935848400556,-0.0161149756770032,0.0,-0.003287869492032,0.0101009141184744,-0.004669260700389,-0.0033663419381914,0.0049073400490733,0.0183292210081071,0.0215012759965973,-0.0145932857797264,0.0015365703749232,0.0,-0.0021880135754087,0.0,0.0,0.0023806147051077,-0.0026046597017836,0.0,0.0031696774908567,-0.0232528908999496,0.0,0.0160001920983543,-0.0262307082291223,0.0040958847836067,0.0,-0.0150373202257417,0.0109127172210867,0.0864321924493844,0.0134443699495394,0.0,-0.0112017055017392,0.0104262996609185,0.0
2017-03-28,0.0084280690617195,0.0,-0.0037719464872052,-0.0361274275926258,0.0260590130880153,-0.0005167145938174,-0.0063032631253587,0.0115189145131131,0.0056196947964917,0.00986589959366,0.0147623382277279,0.0505512478798158,0.0200153964588145,0.0,-0.0164208580192444,-0.0161375160428371,0.0232564965560426,0.0,0.0326527168410395,0.0317294781713184,-0.0291292313612883,-0.0451505849166182,0.0042133611328294,0.0,0.0115826465165387,-0.0090118411401027,0.0079324768449358,-0.0111343461341384,0.0085243991260015,-0.0054054054054054,-0.0040682396256376,0.0017582040588783,-0.0010206493478588,0.0036171861938993,-0.0009063022866703,-0.005924692748372,-0.0013867807020639,0.0,0.0,0.0041608112204127,-0.0071707031328904,-0.0116603748296736,-0.0033714280535439,-0.030560376890652,0.0437314494013023,0.0182417488028516,0.0,-0.0267369550806527,-0.0099999059275078,-0.0047078003094174,-0.0223269482323006,0.010521343296401,0.0173317509766108,0.0130944176430047,0.0,0.0365142681804235,0.0071251772282701,0.0450842039607048,0.0,0.0195091988651321,-0.0002930802736763,-0.074133299587573,0.0,0.0145609615979496,0.0139407197700851,0.0,0.0095639500531767,0.0206728058635594,0.0172312135250587,0.0,-0.001453989846715,0.0021042208194084,-0.0136505912357987,0.0142966573816156,0.0,-0.0131631205673757,0.0147333285478428,0.0
2017-03-29,0.0133771784507321,0.0,0.0030235345391154,-0.0109547689760942,-0.0047636175420434,0.0364134954707904,0.0362487085772686,0.0033890672955005,0.0208255393440579,0.0258316737945218,-0.0203588143525741,0.0048147614242466,0.013222641509434,0.0,0.0138583915038319,-0.0019246396646849,0.0074198020748672,0.0031068485749019,-0.0027780047389492,-0.0030703139806683,-0.0002286829387282,-0.0030759071319339,0.0318136597603702,0.0,-0.0053433449651046,0.0254837686369884,-0.0112344562849224,0.0073174147468664,-0.0095789425032354,-0.0448369565217391,-0.0018131406841961,0.008593658030201,-0.0157448135680715,0.0096161126675247,0.0054601911939151,0.0159097625849671,0.0048528981042892,0.0,0.0,0.0138301959277755,0.0092976888020832,0.0120917617809921,0.014831722243946,0.0157299060042201,0.0160676441330391,0.0201081856237543,0.0,0.0209522573949143,0.0151466200421901,-0.023616914591342,0.031826762705962,0.0043772045386938,0.0327119838627361,0.0358276643990929,-0.033337760658786,0.0591079534241165,0.0074207518581705,-0.006686312177108,-0.0023438953308114,0.034054395226073,-0.0004751314193287,-0.0236330539695951,0.0,0.0152666768299323,0.0045689144597682,0.0,-0.0250723766865132,-0.0151905726385564,0.0142659427233045,0.0,-0.0254942125916236,0.0142681758294407,0.0230364646078804,0.010058151908989,0.0,0.0128116675290825,0.0133521973649306,0.0
2017-03-30,0.0049532870699591,0.0,-0.0067892349890014,0.0034951265137344,-0.0015954727359273,0.002060335292459,-0.0067002572898798,-0.0045999409506938,-0.006398118739311,0.0020367733055399,-0.0247631180826499,0.0058533226213703,-0.0094449244703989,0.0,-0.0201916351347936,-0.0086990058279055,-0.0015185884720152,-0.001160164909155,-0.0269561655059401,-0.0151707181060048,-0.0197017292384641,-0.0515453135077658,-0.0179560809630607,0.0,0.0184184560447306,0.0158795627964527,0.004496874672103,-0.0108998644468388,-0.0051216239864668,0.038406827880512,0.0136338577668462,0.0093905182292772,0.0015406636873218,0.0035698215089245,-0.0325485365303537,-0.0273454545454545,0.0089654098006402,0.0,0.0,-0.0145482596221512,-0.0122961559394464,-0.0017418490397498,-0.0117923260273482,-0.0348756688700032,0.0171863360647015,-0.0028683949392211,0.0,0.003605692864858,0.0077411262543058,0.0060427615248985,-0.0154269727785424,0.0019523930415019,-0.0039771256442237,0.0,0.0,0.0906549892853816,0.0105162184246987,-0.001511495817569,0.0023494020833849,0.0,-0.0054817796567313,0.0184210693764832,0.0,-0.0039898751555194,0.0096858418259917,0.0,-0.0194259460843952,0.0025760078111205,0.0022042615723731,0.0,0.0186775059514765,-0.0035869805889732,-0.0045092914380905,-0.0003262687094712,0.0,0.0142296229717584,-0.0005759162303665,0.0
2017-03-31,-0.0016429576491066,0.0,0.0174719055040604,-0.0063935900580492,0.0025559528539267,-0.0051510691715004,-0.008806864173547,-0.0123271499842795,-0.0079607800949761,-0.0084878319901543,-0.0091307424341389,0.0053057964399818,-0.0050231606809841,0.0,0.0066570910060463,0.0058574331042233,0.0060645811351602,-0.0027067388463691,0.0414280902660828,0.0143620101666559,0.0327131879413868,-0.0097959933835691,-0.0027604459400812,0.0,-0.0022606689734717,-0.0226349979699552,0.0450808052168982,-0.0008433658731999,-0.0057167315540128,-0.0068493150684931,0.0179409406268522,0.0130980037633108,-0.0077241981234998,0.0035571232139652,0.0177543444342818,-0.0060316036089925,-0.0088857454512852,0.0,0.0,0.0016891659914579,-0.0155309292026366,-0.0134445886090108,-0.0166028907709326,-0.0080229600156545,0.0236438771773812,-0.0007152742143645,0.0,-0.0215406042764667,-0.0098737681011342,0.001208099370427,-0.0217936459254181,-0.0055441267849493,0.003331443152821,0.0027637915936953,0.0038472107721903,0.0019648043738254,-0.0138874239707483,-0.0107939373425101,0.0,-0.0123463640651443,-0.0019119097741302,-0.0191562742108812,0.0,0.0052549965541006,0.0050884217550883,0.0,0.0069872417536669,0.0571171040498958,0.0065749662523855,0.0,0.0179745671062934,-0.0085812272228971,0.0045297172533178,-0.0103012171074998,0.0,-0.077444752283137,-0.0028637784413362,0.0
