date,ABEV3,ALOS3,ANIM3,AXIA3,AZZA3,B3SA3,BBAS3,BBDC3,BBDC4,BBSE3,BEEF3,BPAC11,BRAP4,BRAV3,BRKM5,CMIG4,COGN3,CPFE3,CPLE3,CSAN3,CSMG3,CSNA3,CVCB3,CXSE3,CYRE3,DIRR3,ECOR3,EGIE3,EMBJ3,ENEV3,ENGI11,EQTL3,EZTC3,FLRY3,GGBR4,GOAU4,HYPE3,IGTI11,IRBR3,ISAE4,ITSA4,ITUB3,ITUB4,JHSF3,KLBN11,LREN3,MDNE3,MGLU3,MOTV3,MOVI3,MRVE3,MULT3,PETR3,PETR4,POMO4,PRIO3,PSSA3,RADL3,RAIL3,RAPT4,RENT3,SANB11,SAPR11,SBSP3,SLCE3,SMFT3,SMTO3,SUZB3,TAEE11,TEND3,TOTS3,UGPA3,USIM5,VALE3,VBBR3,VIVT3,WEGE3,YDUQ3
2023-10-02,-0.0015280890551779,0.0,0.0,-0.0181612061392176,-0.0160105538810495,-0.0235920177383591,-0.0027546529238962,-0.0158038541946969,-0.0139841832560675,0.0233892045336123,0.0173049827078262,-0.0141627755736852,-0.0114456582509878,-0.0196329617315339,-0.0209551656920078,-0.0032245009856268,-0.0225249052278939,0.0050613452446559,-0.0007393340195126,-0.0408399920276857,-0.0127157337229476,-0.0098845212603243,-0.0466926070038908,-0.0017890514608688,-0.0162818297278727,-0.013552515999498,-0.0155100851962427,-0.0096547969156797,-0.0040678835349792,-0.0165837479270315,-0.0160422698551286,-0.0071734558503331,-0.0345331441726911,0.0336698486466118,-0.0145065820495607,-0.0089621566168927,-0.027733197755617,-0.0222221068156796,-0.0529550395869755,-0.0094031432103125,-0.0165749033250434,-0.0092117500427055,-0.0092801605216954,-0.0420152876768927,0.0020997982074659,-0.0410437073953141,-0.0362841132688852,-0.0518840475221826,-0.0201736421082113,-0.0488214203981997,-0.0656044985941892,-0.0093608542755093,-0.0190025941624256,-0.0150130860808783,-0.0103191142132615,-0.0348645575603752,-0.0038035529554453,-0.0086916044747645,-0.0166520190573106,-0.0265903797839761,-0.0351789238376498,-0.0049929574498949,-0.0056870244213378,-0.0086802076691866,-0.0099050415037477,-0.0004668605933746,-0.0106999517044981,-0.0011060296519388,-0.00173775323904,-0.0167589600350768,0.0070397182547445,-0.0245341037829155,-0.0105318916897765,-0.00872959184635,-0.0084600078508872,0.0125037901953426,-0.0033073975556309,0.0
2023-10-03,-0.0030515800506432,0.0,-0.0586176391399669,-0.0254019007016609,-0.0345732681857618,-0.0425015896085021,-0.0127512537203897,-0.0146800567853199,-0.0121469582821678,0.0025050100200401,-0.0121504388008208,-0.0179543114430813,-0.0102373462968258,-0.0197002896025695,-0.0174216027874565,-0.0226445241899572,-0.0230890642615556,-0.0133231365645547,-0.0172929058465109,-0.0176373173142917,-0.0275009441888068,-0.0183057524089057,-0.0244897959183674,0.0089727051678671,-0.039614508152193,-0.0412373319764236,-0.048550295857988,-0.009505004162069,-0.0134062847445725,-0.0505902192242833,-0.0247834248540882,-0.0087961483274736,-0.0346772490496972,0.0217052850622374,-0.0206081689633431,-0.0226295737186399,-0.0274154273599853,-0.0186852350526086,-0.0208767854495131,-0.0202771959534738,-0.0101008624470108,-0.0083267881202786,-0.0126213080168776,-0.0175485888346766,0.0058680764147542,-0.0248996943540117,-0.0231693649507872,-0.0845807895365762,-0.0340410708064992,-0.0451319271794048,-0.0531594784353059,-0.0267073865874513,-0.0118384451428777,-0.0043947586933188,-0.0347303262468923,-0.0050653911999858,-0.0038180752066818,-0.009495254297305,-0.0343148784044405,-0.0326011190444791,-0.0247774772814408,-0.0084840618151378,-0.0255176144160748,-0.0066153973373025,-0.0094858859725657,-0.0414160182314657,-0.0064361005198819,0.019550207809329,-0.019420328177104,-0.0302079376352255,-0.0342064667047471,-0.0010937960869136,-0.0121870571563532,-0.0061200394694065,-0.0085253644951673,0.0004568203274895,-0.0271083717635578,-0.0211361593057733
2023-10-04,0.0122529864910125,0.0,-0.0277017364657812,0.0028318667706255,0.0617409615417361,0.0321977782204891,0.0075368842726906,0.0277270835334422,0.0337868861638388,0.0056191416486877,0.0024599775670439,0.0249323822420306,-0.0193446075221181,-0.0293251750149237,-0.0070921985815601,0.0099296482412059,0.0236347689609008,0.0056985751124847,-0.0100386784375091,0.0086661111467212,0.018656923430528,-0.0203387163398177,0.0753138075313806,-0.0071165921819311,0.0281944668909686,0.0110346962694323,0.0137908517055878,0.0078724152757692,-0.0124140712578365,0.0106571936056838,0.0042369248554274,-0.0038042117323399,0.0102637024073211,-0.0093733042941774,-0.0124492059751591,-0.0129595033906532,0.0150933129498034,0.0288213294074985,0.0350468940870039,0.0022004639737993,0.0090816462145042,0.0172312764409301,0.0229318348138689,0.0200845085880481,-0.0049977065973549,0.0319168487472176,0.0098828821665095,0.0271752029240042,0.0024597288749976,0.0176062992125984,-0.0010593220338982,0.0173078754404343,-0.0302193885198495,-0.0397396257119608,0.0305921311992432,-0.0281167955722699,0.0076654175540757,0.0213874651734817,0.0023088725979687,0.0291428515788552,0.0079859067234195,0.0140065455580324,0.0022562457920245,0.0123199866810954,-0.0129411686789278,0.0266975085538045,-0.0238385013540111,-0.0050648488163137,0.0124155443364144,0.0095882012330119,0.0205635978853009,0.009854944081497,-0.0107753124203009,-0.0106645904988541,0.0231179649581769,0.0107455962334606,-0.0002839844835711,0.0760958857221094
2023-10-05,-0.0242185274032408,0.0,-0.010673614321133,-0.0135572683517888,-0.009921950176414,-0.0109553788888377,0.002992201830162,0.002388444084447,0.0041814715313286,-0.0080725315749921,-0.0098157637096465,-0.0006484589563624,0.0032080449911942,-0.031231436897682,-0.0102040816326531,-0.0008226521243001,-0.0077113866967304,-0.0011923919576555,-0.0152405380416952,-0.0202590206021784,0.0017661658639818,-0.0086437104708362,0.0350194552529183,0.0071676010757097,-0.0248849704209653,-0.0485345581802274,0.0040794417606011,-0.0056157986999891,-0.0023963100428813,-0.0052724077328647,-0.0173140740536744,-0.0031817086188492,-0.0299098643905696,-0.0094619944473623,-0.0143463255364593,-0.0122056631892697,-0.0033662405952661,-0.0025041560573221,0.0113680144745889,-0.0074662854095395,0.0033658208212601,0.0147618294033866,0.0158015665796344,-0.0371994190112432,-0.0146602641056422,-0.0154648355562591,-0.0489195847065838,-0.0423299983825872,0.0008117482104641,-0.0227697132893828,-0.0360551431601272,-0.0008284383702699,-0.0039318874944868,0.003372424078091,-0.0139749572845739,-0.0043281252851954,0.0064655941212141,-0.0013353572936758,-0.0064489791951168,-0.0238897193785834,-0.000721006373106,0.0237904791307073,-0.0004512589097995,-0.0055916454238962,-0.023343196655864,-0.0122923674672089,-0.0183169362233903,0.0047274362100411,-0.0002922473078104,-0.0901975337797945,-0.0059686900026413,-0.0081323099415205,-0.0124718014824364,0.0004543846182105,-0.0063049665910788,0.0115348706468161,-0.0051222386751684,-0.0014366673558429
2023-10-06,0.0232748714277639,0.0,-0.0287558934715201,-0.0034358984857479,-0.0178811832717795,0.0093761906089411,0.0406879923170444,0.000787344473567,0.0020712420979955,0.0040691138374311,0.0074348010323972,0.0038932783694034,0.0054884455495296,-0.0031524122807017,-0.0149484536082473,-0.006546796982896,-0.0349027449554626,-0.005377022449554,0.0051638500212005,-0.0068883209879746,0.0017708187706788,0.0043544744756909,-0.0263157894736842,0.0,-0.0151010030700243,0.0080228040734695,-0.0108444960364131,-0.0017199956317571,0.0030040877265857,-0.0106007067137809,-0.0076815720739402,-0.0063837284013734,-0.0226845737457913,-0.0101886992553539,0.0,-0.001885909989288,-0.009851097003051,0.0005063077507279,-0.0058539878483943,-0.01283846738652,0.0078466833907007,0.0098373745376061,0.0094074828043551,0.0045537086185221,-0.0012719484202985,-0.0109944223908345,0.0020579051944364,-0.0165693536323499,0.0,-0.0307538006756756,-0.0099009900990099,0.013701646071258,0.0250847765532276,0.0238274190551792,0.0089745247639985,0.0189895027257167,0.00189177454655,0.011592380952381,0.0097338120347092,0.0,-0.0169368875199106,0.0191164577898192,-0.0036014405762304,-0.0051269329364094,-0.0024182799983512,-0.0114896403151203,0.003515451188859,0.0170113819549606,-0.0029196269982237,-0.0478177031186263,-0.0048781842049948,0.0114724397359129,-0.001566426263747,0.014568492012261,0.0074013380644111,0.0026845970623261,-0.0051455735613505,-0.0765555319600764
2023-10-09,-0.0015188195550317,0.0,0.0111081955742149,0.0186767097492082,0.011772532102324,-0.0050726372189795,-0.0053209505063247,0.0,-0.0089783615028528,-0.0059227527007347,-0.0036963393494442,-0.0077563590737994,0.0009086660781971,0.0601069565154464,0.0036630036630036,0.0206253091122963,0.0080523639103406,0.0102120475814084,0.0089790138150263,0.023969381890381,0.0170721496022701,-0.0095483923007894,0.0308880308880308,-0.0008938168241217,0.0084585627138817,0.0250171037628279,0.0274084711477586,0.010329940809908,0.0047837412818267,0.0223214285714286,0.010700759982716,0.0096371133160431,0.0095261660274652,0.0019286107879752,-0.0061763386003449,-0.0047614728822781,0.0053997426230463,0.0205478007843797,0.0115392450743576,-0.0085178086475157,-0.0111140053833462,-0.0072026883447408,-0.0086017234003544,0.0203570832638078,0.0008490455556855,0.0071435103799371,0.0082147156716945,0.0449396164155029,0.0245170328860049,0.0,0.031111111111111,0.0221253864317962,0.040970714633822,0.0429742113489861,0.012432072182918,0.0877855385597927,-0.0033961112757086,-0.0068049242495565,0.0128516896605177,-0.0190367261483586,0.0025667053675475,0.0088274983972418,0.0479404798681908,0.0176119099733096,0.0228847292811591,0.0266382496848491,0.0191307054429279,0.0088956177074668,-0.0049804973817131,0.0346996397624377,0.0184805091804729,0.0243119015380133,-0.0110638993299557,-0.0071796493420401,0.019950392890992,0.0133820974854128,0.001438075726442,0.017621018742095
2023-10-10,0.0060753005383877,0.0,0.0878892733564014,0.0231304406278358,0.0487121015901077,0.0229201173302735,-0.0016482513237826,0.0079086570810431,0.011156252715738,-0.0078433933082224,0.0074073126423253,0.0130318009384569,0.0018221668871423,0.0218815916118857,0.0213764337851929,0.0096916991906121,0.0438174428925119,0.0139726728713771,0.0254132262254938,0.0252643798395224,0.0040477497255764,0.0192910660477239,0.1647940074906366,0.0035671415305866,0.0346127459297564,0.0299463812935234,0.0413310087772034,0.01217328759972,0.0351188449430415,0.0227074235807862,0.0213956789502509,0.0270445232602183,0.0100207390648565,0.024404961960341,0.0026617550947658,0.0038274023784572,0.0226182206442318,0.0245606966870177,0.0244479608717542,-0.0022660110030018,0.0134925512921826,0.0038452444654613,-0.001083902253592,0.0177432542927229,-0.0080785919750376,0.0252436588171196,0.0458195780946362,0.0698957550713748,0.017542912663284,0.0096180029845218,0.021551724137931,0.0196391354078602,0.0102997350584679,0.0074379871169791,-0.01053244550219,-0.0041283957967679,-0.0056750364950547,0.01333909667243,0.0389650142286628,0.0304925645966107,0.0250447916465987,0.0120299348508146,0.0012970997047132,0.0200842212259271,0.0060526900470614,0.0391469258424863,0.0230042037992663,-0.004408591707277,0.0055947394529836,0.0273632308937277,0.0185208374095089,0.0300657391654859,0.0063953200138813,0.006026627678741,0.0447748406782788,0.0140844382584914,0.0129119002902511,0.0610999689274314
2023-10-11,0.0030147254217407,0.0,0.0134780534351144,0.007167917164895,-0.0130173835698063,-0.0016553895140571,0.00948073453449,0.009417975289369,0.0144816991287346,0.0037922879177376,-0.0036700742904312,0.0257317542846138,0.0117869418031884,0.015898622898693,-0.0142930066360388,0.0024126391158845,0.0,0.0052776983900162,-0.0012522752093191,-0.0006034477395595,-0.0005770033785066,0.0129135997283449,-0.0257234726688103,0.0115322553345142,-0.0010196151131203,-0.0296157086384548,0.0076783188522933,-0.0012034521885637,0.0045994390646462,-0.0059777967549103,0.0035263574013837,-0.010530939033876,-0.000587999216001,0.0,-0.0030991123383782,0.0019064046116834,-0.0071891992188114,0.0167778298724019,-0.0688647209018763,-0.0045306079443684,0.0155365600092409,0.0080763127882181,0.0126661044143663,0.0065343724056667,-0.003858384983264,0.0076857975122026,0.009738515268201,-0.0402027694265837,-0.0031386487012183,-0.0076167871399288,-0.0052742616033756,0.0035338195845433,-0.0033982440065577,-0.0025552258489944,-0.0336736521583378,-0.013470312999506,-0.0026685230305141,-0.0028437366699843,0.0061040730647419,-0.0197332463971003,-0.0085598595005251,0.0079260875865612,0.0034446379940626,-0.0049644569791545,0.0047046069009824,0.003179403473811,-0.0077538156490194,0.0035424907612144,-0.0040985278681349,-0.0472513784323423,-0.0007299746814045,0.0127986004408151,0.0063382594417076,0.0086854030301641,-0.0068945505926285,0.0082446821318666,-0.0036812179624173,-0.0215951442870833
2023-10-13,-0.0233235885254887,0.0,-0.0232631124710683,-0.0317520890819781,-0.0433155192507586,-0.0357450278620939,-0.0030603800747222,-0.0147735134915144,-0.0149527167985089,-0.0141694017955557,-0.0245997756704395,-0.0291627974025364,-0.0219622042811263,0.0319407411304029,-0.0155359917141375,-0.0295548654244306,-0.0457820541508167,-0.0320827489481065,-0.0210820977124612,-0.0306636953301047,-0.0103768639992707,-0.0110431867481759,-0.0363036303630363,-0.0043840567584751,-0.039570039826988,-0.0316326076310048,-0.0571772322323755,-0.0168533308852779,-0.0263328718570304,-0.0266323024054982,-0.0371324511615989,-0.0366321838690986,-0.0449757190885319,-0.0313471676447121,-0.0084346301304721,-0.0123680514655915,-0.0520730714527812,-0.0127327267769046,-0.0256269761877234,-0.0072854925204628,-0.022948302337485,-0.0033755741242875,-0.010364667706011,-0.017320739656778,0.0146298379615923,-0.0312997451097198,-0.0404961975921778,-0.0471225735647163,-0.0361593245292725,-0.0479866063663245,-0.0413573700954401,-0.0105729636109785,0.0314775349173079,0.0330315086120391,-0.03119290348206,0.0504190540719684,-0.0141210580949994,-0.0099927202863854,-0.0247074003239414,-0.0100554615437286,-0.0323802984219526,-0.0178709907900354,0.0206213294082553,-0.0143149649949483,-0.026816580186637,-0.0642649657113765,-0.0005222851109004,0.0337159390677177,-0.0152884128355629,-0.0252540303586706,-0.0261983213696639,0.0035399135192877,-0.0126129948112129,-0.0114316615048346,-0.013395749437874,-0.0060278657438587,-0.0179151913572042,-0.0377658300864151
2023-10-16,0.0023104193364327,0.0,0.0714113583420357,0.0067843656416008,-0.0042308008889619,0.0120654012403684,0.0202801599229855,0.0110500660938532,0.0103419731452714,0.0124569286210092,-0.0025220186603245,-0.0041990110224039,0.0114598936427678,-0.0021664882499873,-0.0163072067332983,0.0065870179742919,0.0079729856486256,0.0003035094504031,-0.0025319095065754,-0.0099280760339068,0.0052428361978307,0.0017148554336989,0.0,-0.0052885154061624,0.0089772744162541,0.0257925105169996,-0.0040409564609729,0.0078357831503428,0.034101300923331,-0.0194174757281554,0.0059314667852017,0.0035735389290638,0.0134553704138309,0.0090603277729452,0.0094055726069441,0.0115596330275229,0.0164510178712256,-0.0019084256994631,0.004008605345839,0.0022923145268769,0.0100701417387001,-0.003387007218212,0.0014470591857469,-0.0087994801537878,-0.0004230838435466,0.0212819582224372,0.0030039397825609,-0.0164843075151165,-0.0024476875793658,0.003026150508165,0.0276548672566372,0.0,0.0099207365591948,0.0110241319543644,0.0378549758110804,-0.004000416668336,0.0046473631660162,0.0032445012147928,0.0026693813978362,0.0166296131614052,-0.0081803953494954,-0.0029099684161965,0.0075749590348515,0.024972786647315,0.0096300605728756,-0.0034403302717059,0.0080797696200662,-0.0203213131318719,0.0083585792684541,0.0231271450550318,0.0044851724777814,0.018135389772161,0.0016029613471484,0.010662999487411,0.0,0.0077991725092385,0.0031869666598989,0.0203875039587384
2023-10-17,-0.0161449875879575,0.0,-0.0412355675513571,-0.0196571788016983,-0.0122724066481506,-0.0400356532719304,-0.0090358980777655,-0.0109292966435824,-0.0102361115544631,-0.0025247756439203,-0.013912724509714,-0.019138208450079,0.0027161084632645,0.0210892998544025,0.0090909090909092,-0.0179891376341237,-0.0396891866741113,-0.0153617273256696,-0.0165290490197542,-0.0093984718564738,-0.0342023274993126,-0.0008559598694163,-0.0410958904109589,-0.0061952285476131,-0.0219857111291155,-0.0229029872487281,-0.0243593654667479,-0.0104501235330451,0.0056824989302524,-0.0225022502250225,-0.0088461451859858,-0.0084183816519936,-0.0331918178309533,-0.0121906563730126,-0.0093179321198444,-0.0085706511881007,-0.0187852387605819,-0.0239210615033939,-0.0079852011715739,-0.0018320213696427,-0.0210488402247513,-0.0106103094570418,-0.0147878663660585,-0.0355650249938539,0.0033958335360455,-0.0115791240140963,0.0040086162210728,-0.055862548488619,-0.0147221607261456,-0.0100529401719132,-0.0064585575888049,-0.0213763569543491,0.0226628703597246,0.0269885346766689,0.0292057305382913,0.0080329685579876,-0.0069387976364719,-0.0064642388934854,-0.0288124570129182,-0.0036350206049295,-0.0067488526950417,-0.0229962273552336,-0.0292398773152,-0.0245236430575346,-0.0180188730408373,-0.0187329062230715,-0.0162863880053752,0.0017428423010035,-0.0094707980600805,0.0171773937016224,-0.0059548375685396,-0.0192971821665119,-0.0111697739646923,0.0081716694012805,-0.012064714251685,-0.0174039919512498,-0.0106804452485356,-0.0414567503006723
2023-10-18,-0.0210862801639095,0.0,-0.0728808257741632,-0.0326555130069147,-0.0520855998854402,-0.0124187558031568,-0.0048627641486519,-0.0110500660938531,-0.0089766606822261,0.0088611398068081,-0.0115316655816981,-0.0287671862460535,-0.024849567567219,-0.0085053956103403,-0.0190779014308425,-0.0274780121944638,-0.012355249769853,-0.018354870775348,-0.0271308414052774,-0.0183401538713374,-0.0240122710057956,-0.0300440300440301,-0.0321428571428571,-0.0142585120369952,-0.0348006175396317,-0.0451824499438086,-0.0208089051482888,-0.0142431914735908,0.007913950678217,-0.007366482504604,0.0,-0.0179622940274134,-0.0511876247504989,-0.0240257634029934,-0.0300031172069824,-0.0307063684459285,-0.0017690753565793,-0.0573555414649737,-0.0010048897729154,-0.00137357757753,-0.0101841086697376,-0.013308139425754,-0.0208608548217646,-0.0506981618375959,-0.0194526871084735,-0.0444921601917506,-0.0319294179736351,0.0236697093612925,-0.0207467325768641,-0.0477159812310239,-0.1007583965330444,-0.0368146309410819,0.0233939979102464,0.0225665145356088,-0.0461093626058698,0.0,-0.0124142511418017,-0.0491679849111705,-0.0278413443240562,-0.0282888190881246,-0.0362318200098108,-0.0097082515584657,-0.0301205999627717,-0.0287238482335648,-0.0202341668162425,-0.0271358209199451,-0.0194485334127578,-0.0241863663521481,0.0041842747004741,-0.0604417994181363,-0.0247014630288652,-0.0030280863514962,-0.0032202626265995,-0.0366978332322812,-0.029011762405917,0.0024020730618425,0.0002944576864303,-0.0354324107106719
2023-10-19,-0.0008042557727153,0.0,-0.0392628205128205,0.0011854778957767,-0.0139473105959536,-0.0116837074470169,0.0077374065775277,0.0063908439673356,0.0048706933958169,-0.000942380183091,-0.0324314879776352,-0.0037456319161328,-0.0143650793650793,-0.0202190635082329,0.0037817396002159,0.0085581524377558,0.0,0.0283584885598993,0.0225815009597527,0.0077305834956378,0.0006156837329875,-0.0044264147067886,-0.0553505535055349,0.0289295159250317,0.0127570924752662,0.0030025702000913,0.0042470302720651,0.0117103711384269,0.0,0.0111317254174398,0.0327300917498927,0.0192878017880535,0.0026401321117901,0.0059901088031653,-0.0013843311023354,0.0049547778214706,-0.0020642224929765,-0.003642190345461,0.004531737719198,0.0055077962886109,0.0057243112241105,0.0073937856689918,0.0115848573538082,-0.0121430915654743,-0.0008603979587799,0.0081735040501698,0.0051553722534309,-0.0693672260051369,0.0084802478106236,-0.0095890245522505,-0.0072289156626507,0.0167989994504558,-0.0072180237348263,-0.0046748922765612,-0.0148609136511173,-0.0033859076806432,0.0011791855328673,0.003799300928629,0.0173695425937856,0.057281105065553,0.0,0.0113162432463502,-0.0137527336272772,0.014786653713944,0.0104634203053768,-0.0025846312555366,0.0016063694007073,-0.0017829327510884,0.0050567708313693,-0.0037823389984366,0.0030731432417201,-0.0010124278360775,-0.0129561432875795,-0.0143828956368051,0.0125836392555853,-0.0013070819637213,-0.0102100259666214,0.0075590003656613
2023-10-20,-0.0023953141061695,0.0,-0.011149642245731,0.0088699844237858,0.0039196569802721,0.0136451469058118,-0.0032310568995418,-0.0126901446448211,-0.0187082357259291,-0.0131812669206551,-0.0040144464508959,-0.0010267052990415,-0.0291488847733311,-0.0031255431878609,-0.0199138858988158,0.0025442842997027,0.0,-0.0045443803296768,-0.0012971950065622,-0.0083133112262796,-0.0079908675799086,-0.0328866606835225,-0.0234375,0.0087834968598439,0.0010939991833527,-0.002394865408564,-0.0098572291646792,0.0002464393426719,-0.004485945538257,0.0091743119266054,0.0026589382394914,0.0114193705575151,-0.0065672142842155,0.0039722493156719,-0.008323689405707,-0.0118328376897793,-0.0023678351125731,0.0015697811637236,0.0145352438369741,0.0114151616460003,-0.0009757251411843,-0.0012966902924477,-0.0036913738421793,0.017215342796738,-0.0254629858753427,-0.0097245404688098,0.0082062891302041,-0.0434735435922125,-0.0100869334395115,-0.008621005011645,-0.012135922330097,0.0012393421236545,-0.0109057535905021,-0.0127784586547473,0.0,-0.0065966230095015,-0.0031423247682361,-0.0128766992302665,-0.0046128741567013,-0.0177649069502467,-0.0013710533495658,-0.0074930888985886,0.0193420527054293,-0.015730998996677,-0.0114428762691063,-0.0005171415562588,-0.0098997775101549,-0.0192923812260942,-0.0002926499831162,-0.0123418041915561,-0.01568644886444,0.003547088597505,-0.0245904419495981,-0.0270107829607867,0.0129376052174603,-0.0139798445929897,-0.0038287308211265,-0.0193001035209005
2023-10-23,-0.0007971148331405,0.0,0.0488746837128779,0.0020539116887834,0.020370021701862,0.014341297462167,-0.001419080804988,0.0007987304389864,0.0014081408140813,-0.0025448451368629,-0.0067363077223469,0.0386598880801725,0.0019352519974564,0.0069003374287606,0.0076880834706205,0.0084639971466589,0.0417974882260596,0.0,0.0260081600220045,0.0103185674144179,0.0154902104807841,0.0064319313927316,0.092,0.0,0.0125826336568135,0.0203572114461301,0.0313272744789492,0.0046772831085943,0.0084525835505373,0.0172727272727273,0.0055259073183306,0.0145162810670409,0.0330320182478669,0.0250319264789991,0.0144531396263152,0.0179459562201034,0.0032601293263296,0.042208059097859,0.0059297285196793,0.0099338327455036,-0.001139457795667,-0.0038888188579352,0.0011120422049004,0.016894299287411,-0.0066425274105822,0.0147300537065924,0.0122092411325123,-0.0194813480979455,0.0364971892088603,0.0086959730387936,0.0528255528255527,0.0280554314645224,-0.0602794174744503,-0.0660520310360566,0.0301974132062627,-0.0173034020350542,-0.0039368261704327,0.0168830015660064,0.0398682639419032,0.0226101750621077,0.0141173607491913,0.0221313127611229,0.0070635163852479,0.0285981483213317,0.0063413911559107,0.0134695094174086,0.0097307549581493,-0.0091082347804366,0.0038505997327848,0.0538385049871348,0.00077608508192,-0.004039487121298,-0.0033555880102926,-0.0019141050441341,0.0040895112216188,-0.0013322648994902,0.0026618144335082,0.0082019922590665
2023-10-24,0.0032007315957933,0.0,0.032249873031996,0.0125805675721839,0.0068195546991995,0.025645968060602,-0.0046721012288599,0.0024152813802806,0.0,0.0012735946898982,0.017621949507147,0.0164694696809635,0.0231988631660275,0.0221176787500962,-0.0168937329700273,0.0016867535435427,0.0161047278206818,-0.0015233573212651,0.0050638190131511,0.0325421310273297,0.0036647994406358,0.0164380948343474,0.0549450549450549,0.0095821517192484,0.0091886058247703,0.0105637116506682,0.0207227264942626,-0.0063721292331647,-0.0061447377273441,0.0035746201966042,-0.0002181851901348,0.0076326158399147,-0.015354105332025,0.0057784028372263,-0.0096519396153987,-0.0107675790063329,0.005319560052557,0.0294985250737462,-0.0068759720308015,-0.002684153106402,0.0057186032385665,-0.0017337053839777,0.0,0.0261321498437911,-0.0133790036042024,-0.0016197924189588,0.015065913370998,-0.0662280384643193,0.0024577289106533,0.0053774585716199,0.0105017502917152,0.0268824261627247,0.0153852618015533,0.01499306057822,-0.0439551725960775,0.0002050789861716,0.0086971026647328,-0.0049057936788292,-0.0089178568907505,0.0017676863160283,0.0172080450610352,0.0253810746731564,0.0205929451203998,-0.0070280394224824,0.0095888298543449,0.0194279816208298,-0.003479696423467,-0.0347412715110856,0.0,0.0054764938766378,-0.0058222789359877,0.0086187253628635,0.0067512167890724,0.0228585854061735,0.0127203414681829,0.018464916167016,0.0327439813697496,0.0059630543353992
2023-10-25,-0.0063907368257722,0.0,-0.065969659696597,-0.0109783806114017,-0.0231328397195739,-0.0051775981958277,0.0002053639097376,-0.0064112637103617,-0.0028123214834996,-0.0041390968565238,-0.0186414250824445,-0.000325646008931,-0.0118117402765511,-0.0143256496898619,-0.0210643015521063,-0.0067084928976887,-0.0197886736490869,0.0006092818894674,-0.006297882429649,-0.011740318236201,-0.0048685569693233,-0.0080809134038892,0.0069444444444444,-0.0117186214161097,-0.0144519335768346,-0.0133634437641143,-0.0203020134228187,-0.007889901787568,-0.0078694406209807,-0.0169189670525379,0.0037372367907775,-0.0022096013496669,-0.0292145096654969,-0.0127747210991883,-0.0037145395026988,-0.0029728666928824,-0.0246854568063001,-0.016027458130947,-0.0210202792857943,-0.0040341718082582,-0.0079693599469691,-0.0021740646134538,0.0018530997304582,-0.0370191213293876,0.0009067921321532,-0.0024181297729645,-0.0108927006385377,0.0212775842044135,-0.0187841026397287,-0.0471073377804729,-0.0484988452655889,-0.017975527188095,0.002824215840437,0.0052962021415914,-0.0134085316966631,-0.010032457347191,0.0176300896663237,-0.017442393831942,-0.0080959164292496,-0.0202972399150742,-0.023758493522333,-0.0174707800438845,-0.0137400102646823,-0.0105480016481251,0.0018953858116834,-0.0295909202253613,-0.0051045944276795,0.0017129097463124,-0.002362811147085,-0.031760927190759,-0.0039083780437474,0.0135659461993324,-0.0167561947669381,-0.0009374589488517,0.0035197899708507,-0.0072017902974002,-0.1011144225458122,-0.0140147504800187
2023-10-26,0.0152744024439044,0.0194366036107689,0.0557482112286555,0.0259980298721504,0.0334917835623851,0.0164731885632243,0.0207961595056633,0.0233749802309031,0.0254593927642885,0.0019179723578994,0.0311999100137791,0.0087537210245249,0.0234214565921881,0.006802201405003,0.0056625141562853,0.0261538882204965,0.0242068932910974,0.0292524752475247,0.0164931850040264,0.02188859540087,0.015884127942064,0.0226426994638915,0.0206896551724138,-0.0009104131277132,0.0342182079378905,0.0423558838103776,0.0207227264942626,0.0037275566734715,0.0169952181403625,0.0244565217391306,0.0427149267157855,0.0344701299945922,0.0247465457500963,0.002586465702387,0.0158363000417727,0.016880699208027,0.0301289674719564,0.0162885217310058,0.0608748351588326,0.010803303172417,0.0218133760988359,0.0239604639640214,0.0247761476374641,0.0456519812073397,0.0022571610505117,0.0267156989692858,0.0390448791714614,0.0208342810353454,0.0216423378233669,0.0213451111167679,0.0521844660194175,0.0242744158070973,-0.0074275044616606,-0.0102569014732082,0.0485344392759066,-0.0074437061952181,-0.0088564283586267,0.0127345354756474,0.0326527681371022,0.0423408845738941,0.0171325785727638,0.0285250350334764,0.0082716306362564,0.0151578246023154,0.0100203039353601,0.0377294986789629,0.0037804235839591,0.0020918011249333,0.0147875553690144,0.0974691006464634,0.0352927040475983,0.0411505435660832,0.0187335882840173,0.0214303786624592,0.0355489439193608,0.0120884310355739,0.0378147146508385,0.0267899392130455
2023-10-27,-0.0269168653387679,-0.019917596426459,-0.0422435657561015,-0.0219229203419731,-0.037642216455643,-0.0451897075632126,-0.0253626485194744,-0.0165358224639922,-0.0103456055348452,-0.0121294416138262,0.0013225890020587,-0.0282800105809563,0.0224254706415656,-0.0144325007903888,-0.0123873873873875,-0.0189056317198927,-0.0354521534413515,-0.0091770919007835,-0.006249633237486,-0.0208052203110646,-0.0444993623711871,0.0070823568109863,-0.0371621621621621,0.0,-0.0441172124364581,0.0045049123919047,-0.0527760829774253,-0.0104015452825214,-0.0323098254520244,-0.0282935455349249,-0.0157558097104787,-0.0241499220810159,-0.0450418484272922,-0.0238861205592623,0.001374815105781,0.0,-0.0824799547526365,-0.0199091879523365,-0.0271437853211232,-0.0235948854751172,-0.0190952290991528,-0.0114889762900285,-0.0147934303837061,-0.0344749632643834,-0.0090083109933418,-0.0370684262566337,-0.0154164774677991,-0.0068030242264902,-0.0374855188393005,-0.0352055631020775,-0.0392156862745097,-0.023309114174781,-0.0072232557656132,-0.0072817225280469,-0.0129616761986209,-0.0047910189261941,-0.0186453646184395,-0.0228640144303037,-0.0294229449832186,-0.0406209573091849,-0.0344567894870144,-0.0252122648650285,-0.0129520307899509,-0.0232905807604305,-0.0203769390681496,-0.0532879267007216,-0.0220549013171391,-0.0149869202452479,-0.0101997104788915,-0.0222054298148182,-0.031816417271312,-0.0252344151395786,0.0418122686226345,0.034762476887429,-0.0290096471782931,-0.028453094484477,-0.0315374079725162,-0.020235858532147
2023-10-30,0.0057002291946572,-0.013834403388102,-0.0441067940091165,0.0,-0.0176878339551608,-0.0107153284671533,-0.0069675453897747,-0.008014079637952,-0.0111485019539731,-0.0129215041740577,-0.0078842016394782,-0.0224848598408382,0.0132423128080745,-0.0143358942691709,-0.0547320410490308,-0.0134169857953774,-0.0285714285714286,-0.0125484827743554,-0.0213469544421152,-0.0218748584701184,-0.0006300204756655,0.0114317209843528,-0.0350877192982456,-0.0045673263915899,-0.0197800159229515,-0.0241362991008045,0.002866344605475,-0.0155158637084623,0.0005719799171497,-0.0145586897179254,-0.0155816780227899,-0.0206755318066848,-0.0273424693462724,-0.0198376490576723,0.0018326131592658,0.004887054735013,-0.0471790818010072,-0.0297356311656096,-0.0041608492063892,-0.0127714447218426,-0.0103112638705759,-0.0064576456264983,-0.0080620816721663,-0.0238234605478809,-0.0097156706888015,-0.0221081307627829,-0.0058716999808776,-0.0616466013609511,0.0391937717915651,-0.0079826396961946,-0.0120048019207682,-0.027046550757151,-0.0080574806501818,-0.0101584404746585,0.0,-0.0295156143198009,0.0,-0.0116995048631707,-0.0036204022563035,-0.0018107566651256,-0.0025767212962534,-0.0129344006247559,-0.0192472411457711,-0.0162861889384577,-0.0323007640965661,-0.0152566276686251,-0.0228280121917228,-0.0052012819153028,-0.0061821437898743,-0.0227003975828452,-0.0176049206145807,-0.0039092311662357,0.0449496039719043,0.009026805219676,-0.0159361787606895,0.0082734650024014,0.0211833234235958,-0.0369537294441864
2023-10-31,0.0404514690425439,0.0039463340772278,0.0,0.0142630195145301,0.0109072900558908,0.0018101506163366,-0.0022711866084109,-0.0080682634224645,-0.0140954848341803,0.0068732327189724,0.002648952085535,0.0013526367374692,0.0072199378390378,0.0256097322840795,-0.0307599517490951,-0.0025464556090846,0.0084244753177653,0.0117984819286585,0.0089754419839498,0.006389734091811,0.0037825059101654,0.0226151191305137,0.0,-0.0073457176029292,0.0084060119545161,-0.0005773405385431,0.0,-0.0010175815478546,0.0120855516162186,-0.0009233610341643,0.0106257347224798,0.0108745326132113,0.0098422542807063,0.0114677794719524,-0.0050289378051316,0.0038906300659244,0.0133844303720391,0.0250288691355371,0.0,-0.0212449974055098,0.0,-0.0155952929881187,-0.0096020148490174,0.0463512622174253,-0.0046475885699849,0.0267973856209149,0.006890777220833,-0.0291984763240521,0.0022428944368864,0.0057552083333334,0.0024301336573511,0.0114458581396099,-0.0086435866135222,-0.0096953890762393,-0.0168954593453009,0.0289030953404616,-0.00198164081716,0.0181513288698691,0.0131680496234618,-0.0153421590952951,0.011131798822352,0.0078623349651387,-0.0298868200443782,-0.0037570801036043,0.0398853594459038,0.0347258864117356,-0.002251174659257,-0.0015491008525281,0.0011825522857047,0.013404978992197,0.0079650932837389,0.002943429922666,0.0153503893214681,0.0120264514682808,0.0015163886620785,0.0031034855285254,0.0219807692940297,0.0005635531399301
2023-11-01,0.0101020591206486,-0.0021808703511989,0.0307461737590262,0.0344447864300125,-0.0047949355243136,0.0405369575677825,0.0010315515924579,0.013829741929989,0.0092863744168179,0.0146296280631708,0.0039560860756722,-0.0020262143742031,0.052368631209072,0.0061624383200848,0.0280024891101431,0.0425860760367073,0.0333186770237921,0.0152514867648771,0.0229043012842555,0.0545988721359746,0.0464255315632462,0.0178518562377878,0.0872727272727273,0.0074000764749544,0.0166796997184861,0.0172609007093837,0.0199267799222837,0.0226480836236935,0.0204649835972043,-0.0009242144177449,0.027032998038271,0.0208849205941481,0.0027814864263462,0.0246828362649655,0.0188339318215358,0.0174246036018024,0.0145257900369903,-0.004983101469779,0.0208911710444066,0.0155696796485091,0.011571336616619,0.0192751912119499,0.0140923419247174,-0.0093123209169054,0.0116811557416927,0.0008139328609739,0.016620218456421,0.0,0.0050077041602465,0.0160016571295409,0.0254545454545456,0.0080837463354139,0.011625266146203,0.0109400050125112,0.0324437467294609,0.0077566747509107,0.0158706539379032,-0.0375960080230908,0.0309285666972625,0.0146698547713777,0.0206397469921946,0.0104013345108429,0.0312681555766081,0.0178181991333745,0.036726938656199,0.0201340401447991,0.0,-0.0023262095347371,0.0059207763378927,0.0467339801444044,0.0375320907516019,0.0371630348163007,0.0196725929635657,0.0191303127964885,0.0181949944353858,0.0506182872024829,0.0021211877363804,0.0174853402256698
2023-11-03,0.0230958322818233,0.0455139143440983,0.1156591469862529,0.0238625769467273,0.0445698625513097,0.0571436660658166,0.0351257889678269,0.0488096863284572,0.047449885815783,0.0076866321796438,0.0250064765956286,0.0822590568564294,0.0250968298102256,0.0196103785515822,0.0690072639225181,0.0253338804251432,0.0604699541392841,0.0173769471895863,0.0124380654496558,0.0337170386343663,0.0359712230215827,0.0584819134599536,0.0869565217391303,0.0110074126998305,0.0754463015236936,0.063442667635835,0.0586753569798013,0.0169171966466004,0.0395556350706129,0.0527289546716003,0.0110718034443881,0.0201490208971446,0.0825807167424832,0.0377622919086333,0.0302061015721657,0.0313954894491808,0.0231054254441003,0.0280419602515087,0.0170923009038221,0.0757488479262673,0.0366106309932521,0.0229081157303652,0.0275944936394743,0.04234273318872,0.0087760104956695,0.0790645299189858,0.0403793648512718,0.1203066769549014,0.0257442187300369,0.0888529269349371,0.0933806146572102,0.037828694448716,0.0083626822321065,0.0119588699871322,0.0813348627524208,0.0027045667171603,0.0156181338801817,0.0217477866734443,0.0056540994515708,0.0496798431569494,0.0556628027603627,0.0205841065800276,0.0240723540965634,0.0249167259253715,0.0141649715693581,0.0597153482342471,0.0135405972002777,-0.0056370542928497,0.0217693566484136,0.068242035585015,0.0552171429031245,0.006125574272588,0.0192930486700535,0.0125153498683261,0.0158807829181495,0.0025254643219918,0.0136027545979557,0.0715072116123871
2023-11-06,0.0165539923259638,-0.0125580551889502,-0.0768926977607518,0.0051469163706814,-0.0413505778078694,0.0024550064276533,0.0069877857334303,0.0022928660826031,-0.0006846140883047,0.0101761802921309,0.0333754572663784,0.0087580549694188,0.0091261192969156,-0.0138232883279977,0.0039637599093997,0.0103530626734653,-0.0570218457423093,0.0112942526789157,0.0221163562869928,0.0058240837317544,0.0491904500548847,0.0007877261277764,-0.0923076923076922,0.0108875687374394,-0.0061006136373389,-0.022363671315975,-0.0316747464533206,0.0002448722583052,-0.0021458881233965,0.0035149384885764,0.0033041369640389,0.0112435667658714,-0.0128211697908234,0.0006267393883321,0.0118219097832454,0.0036932276171353,0.0034986161110004,-0.0126678243408684,-0.001893768599513,0.0406012940651494,0.0066238401142042,0.0105605848939327,0.0093087337376778,0.0067704431310524,0.0146531534332317,-0.0475882193792757,-0.0258712282192946,-0.0402702267032049,-0.01052500467086,-0.0113632374109138,-0.0216216216216215,0.0,-0.0025916649272941,-0.00084383263338,-0.0034043812907047,-0.0039420065790157,0.0211424399213975,0.0082751529825375,0.0,-0.0197907753457174,-0.0145951096128621,0.0021626578199542,-0.0021757015274513,-0.004765426012653,-0.0018071212492305,-0.049663587638271,-0.0005580441764754,0.0142696135954951,0.0118056087586235,-0.0047335984596887,-0.0003584092728866,0.0234314515491933,-0.0072880590272549,0.0042126389902545,0.0009758599766043,-0.0090260090353045,-0.0095446637660859,-0.0884674331701212
2023-11-07,0.0044395715004672,0.0254355311822471,0.0579703944553777,0.016717315463838,0.075271168824915,0.0179800696404874,0.0112977433031047,0.0206485255334452,0.0264231284056535,0.0040908923386882,0.0,0.0186071644047232,-0.0045188589000979,0.0076185756494138,-0.0050761421319797,0.0071038879732199,0.0524325091012245,0.0051491485531685,0.0096183723623626,0.0295272404677844,0.0005521771035403,0.0015742122074666,0.0677966101694913,0.0035937431729802,0.0317121084558427,0.0511907362901464,0.0435991154247803,-0.0039131110592991,-0.0144983776908234,0.0280210157618214,-0.0074117412609925,-0.002702403871169,0.0519507485309691,0.0250762428137887,-0.0138433747495918,0.0156238592392494,0.0275740728722753,0.0350305583514054,0.0218159974213461,0.0062285925632106,0.0208327424341265,0.0263387066324822,0.0280212362991618,0.0426094865363946,0.011280537625623,0.0452078281777876,0.014233516932977,0.2377654944954266,0.0212739174219536,0.0292613636363636,0.0320441988950275,0.0253414449199445,-0.022077672950491,-0.016614579887368,0.0171543145700283,-0.0247866814094673,0.0173193801392081,0.0125123355263159,-0.0099440050746827,0.0140515881955394,0.0246254904936371,0.0276783903114843,0.0226885539026993,0.0082464202830752,-0.0147749277169155,0.0472354189279851,-0.0002761433396349,0.0032753113522625,0.0167914820276695,0.0229780188217008,0.0357393506652019,0.0073280431448832,-0.0014561781391256,-0.0198597402504867,0.0561259881886073,0.0173675274606732,-0.0153571988469303,0.053350461904672
2023-11-08,-0.0022099744108227,0.0045470148399839,0.0308140240203809,-0.0045087172746746,-0.04698710425013,0.0007960808328231,0.0127365784192543,0.0067435965195603,0.0052882344484834,0.0,-0.0211240409865608,0.0237445121732933,-0.0045452669681125,-0.0139110675320229,-0.020408163265306,-0.0078403511665376,0.0038185085354898,-0.0116754745619962,-0.0071485528027642,-0.0134959680940874,0.0060633346161944,0.0,-0.0158730158730158,0.0080542464381727,-0.0069397946657739,-0.0202024400889572,0.0117577808844089,0.0181716751257154,0.0392347742387118,-0.0212947189097103,-0.0041518127179829,0.0048194656849478,-0.0055563231549652,0.0146791393281637,-0.0048260111432713,-0.0045287901660555,0.0086382933932143,0.0,0.0088182578563746,-0.0057745270907356,0.0010696970117944,0.0069245009849761,0.0044881939918957,0.0,0.0165073497851366,0.0204808634965005,0.0243144424131627,0.0056499614494989,-0.0056082830025885,0.0152267917931732,-0.0053533190578158,-0.0026606483311444,-0.0236389250494855,-0.0214782684407576,-0.0236304786936312,-0.0286191648714619,-0.0066596960401923,0.009267268511186,-0.0109196673857331,0.0043227532328085,0.0028902162161019,0.028680021838646,0.0,-0.0027748462462243,0.0113079532604598,-0.0038386016448173,-0.0214510332434859,0.0274692567910912,-0.0002801418439716,-0.0061935356004426,0.0564655712107708,0.0727269011882745,0.0,0.0007142363849823,0.0087753556297189,0.0318462822185443,-0.0076456425036636,0.0264002726115106
2023-11-09,-0.0095947775715348,-0.011113037018695,0.0464869954101447,-0.0069254231585896,-0.0320324553777715,-0.0088198529733131,-0.0418037617816718,0.0029749173634066,0.0019611648502058,-0.0188050570962479,-0.1345159975277146,-0.0321139852559232,0.0016582176529111,-0.0380256703263401,0.15625,0.0102678856850584,0.0381740881628998,0.0080675747175411,0.0,-0.0102634017363385,0.0115050379651817,-0.0141730556596274,-0.0290322580645162,-0.0017815303885894,0.0009973240811624,-0.0010606478437029,0.0064432614829681,-0.0108509488832948,-0.0115355064150465,0.0017406440382941,-0.0016645472121418,-0.0014992649707449,0.0031062989390946,-0.0102443150861697,0.0013214949411519,0.0027296360485267,-0.0097887794289529,-0.0119149064151019,-0.0066707727294261,0.0037345220936899,0.0010824313072439,0.0040424516349537,0.004468140112289,-0.0279679610880542,-0.0074614261159848,0.0074381973309998,0.013700643562797,-0.039327531111806,0.0016114037806012,0.0140015406225928,0.0247578040904199,-0.0156314589503738,0.0212195487238684,0.0207767940561462,0.0086490528414757,-0.016490813110725,-0.007079962962316,-0.0118619857157227,0.0088312463008963,0.0172442396313365,-0.0045042669226469,0.0027231269826364,0.0234625041888656,0.0031110016330477,-0.0137838773228262,0.0067395168880057,-0.0222004398522246,-0.0011223639083294,-0.0016813220724954,0.0639084624077643,0.0221033955082108,-0.0067815336552657,-0.0205681300319002,0.0048471662510829,-0.0174039031200322,-0.0012107673405562,-0.001231156107975,0.0015784538142082
2023-11-10,-0.0044817064889677,0.0278844757388032,0.0825461088618981,0.0018792606962851,0.0226974828671526,0.0485483984760828,0.0147475481293135,-0.0126107438497178,-0.0144148919902542,0.0,0.0029325067614791,0.0408585551705451,0.0186418030460695,0.0140283520378026,-0.0135135135135134,0.0046830700688538,0.0404345202172602,0.0194431800235956,0.0131882996111143,0.0218905413302483,0.0070428565312326,0.0119853172911144,0.009966777408638,0.0097780469865442,0.0214491696077123,0.058758573825147,-0.0064020116479037,0.0190192865637068,0.0212213171484851,0.0286707211120764,0.0511251838197219,0.0126133855938952,0.014236811903914,0.0298414491934839,0.0457788592403185,0.0407898716674588,0.0052519163346893,0.0033735624311972,0.0219996947467828,0.0095070836046846,0.0117829715267958,0.0084631863133493,0.0119656376412542,0.028772674118191,0.0061911911911911,-0.0435443516027003,-0.0108123783089606,0.0526275466229115,0.0056308396757627,0.0631200285995172,0.0630252100840336,0.0061951538398266,-0.0031978137541761,-0.0045842842652465,-0.0085748881804929,0.0388998237729605,0.0292695801350431,0.0356181564234436,0.0105047257407355,-0.0449121598970745,0.0258826770652311,0.0118686025585694,0.0179230688925375,0.0001637077997671,-0.0108181431666182,0.0526359524069197,-0.0314411339238128,0.022646298605371,0.0109363397016135,0.0051314093802474,0.0264681808880704,-0.000853479607591,0.0210000620385879,0.0153262244713536,-0.0037310759826161,0.0119165839126118,0.0234503062013979,0.0366833761732516
2023-11-13,0.0059934154282699,-0.0020268064643432,-0.0175912459311585,0.0222217259958465,0.0090032892069311,-0.0409009478792568,-0.0037848415425736,-0.0150296961664948,-0.0199422832259332,0.0038322616578478,0.0058478646204191,-0.0109212540035656,-0.0036624508819482,-0.0097470996553564,-0.0116692034500254,-0.0108846279825645,-0.0106065628107392,-0.0072945143065427,0.0011820659731878,0.0045107341467827,0.0145257176058783,-0.0023723379894664,-0.0361842105263157,0.0070482882728482,-0.0083047121857398,0.001504272132857,-0.0103266719027256,0.0007184426899407,-0.0114276181340451,-0.0076013513513513,-0.0073449180408625,-0.0091953654074525,0.0122030922304052,-0.0242504378160539,-0.0088394864196418,-0.0017436791630339,-0.0208909219892855,-0.0081704468465917,-0.0135947114565662,0.0008196071173625,0.0,0.000797313577028,-0.0067566594845167,-0.032250389912501,-0.0105502967115506,0.0300879539599023,0.0109305636988021,-0.0388847105633461,0.0015998031011568,-0.0269014942939408,-0.0138339920948615,-0.0026934230567339,0.02244933111328,0.0279348955327254,-0.012088733798604,-0.0036576823183283,0.0051028039779648,-0.0059805602302575,-0.0125624005705194,-0.0461418786878402,-0.024347567412353,0.0130693180857954,0.0311219471262547,0.0135855233245429,0.0031997489322799,0.0,-0.0024073655560032,-0.0098827546820068,0.0066602231789825,-0.0087495726230067,0.0283041122197083,0.0222046261637391,-0.0058787786723378,-0.0020969062622377,0.0028102848034898,0.0111794817388537,-0.0135690512875543,0.0085938990048579
2023-11-14,0.0201061358068219,0.0259626134460755,0.0268593584772645,0.0337876002908474,0.0490546805320057,0.0185032534156479,0.0047957379735252,0.0236410389299739,0.0210235248176802,0.0073205775306299,0.0232554636783997,0.0185009124436901,0.0355124724743385,0.032699025826544,0.0277207392197125,0.0298800213974579,0.0357202680067001,0.0112998499166967,0.0283777589487865,0.005611646199068,0.0153723660592683,0.0870303720298211,0.0716723549488054,-0.0069989576020593,0.0339749672718205,0.0204674263513109,0.0677943683498911,0.0215188142430617,0.0246962409821542,0.0468085106382978,0.0199993548595207,0.0173596151665831,0.0548445540928628,0.0315205247414134,0.0259023475245836,0.0305399597976017,0.0480057107165166,0.028113371055717,0.0169993116059452,0.0012257621387434,0.0264838055570777,0.0059896257356188,0.014972533445422,0.0555327924827229,0.0084407488588147,0.0509434504700481,0.0342391979783753,0.0173418065012842,0.0487248345707616,0.056240685946308,0.0511022044088176,0.0142800441775383,0.0114976415094338,0.0137311467792211,0.0367352087801184,0.0149007697000376,0.0076153463473125,0.0274522058678101,0.0267546296296297,0.0492988562904028,0.0669084687912222,0.0234858143774649,-0.0043673452779775,0.0222672791215101,0.0287126894853886,0.0318180024076888,0.0451969610411782,-0.0295749572881572,0.0166259339431604,-0.0022027813053635,-0.0021421647819062,0.0233935973935128,0.0443133719419952,0.0309524404122709,0.0172626018786299,0.0049355838546516,0.0226176752342139,-0.0070134261782667
2023-11-16,-0.002188998289568,0.0098881280602993,0.034910064533846,0.0314154617079722,0.0277594035540107,0.0205434632869541,-0.0001954913030211,0.0275738515763441,0.0345554717137155,0.015480168859622,0.0241547315895609,-0.0020485962104103,0.0098563182825703,-0.0258220493720114,-0.0104895104895105,0.0244249319812019,0.0724133748433266,0.0243032390703501,0.0137905883624183,0.0195311597384293,0.0015683037556748,0.0691414333375564,0.0350318471337578,-0.0105617207249667,0.0219057316648356,0.0136983612991854,0.0325502016323273,0.0168561261030109,0.0092276654984122,0.0447154471544715,0.0276471575608225,0.0123573539151256,0.0291438647139972,0.0099854655225424,0.0033077174533344,0.0135596868358041,0.0242520221370796,0.018385105486278,-0.0072294369273497,0.0715137571107429,0.0185795704809066,0.0146825901476352,0.016089262083607,-0.0736763107499611,0.0176225728457837,0.0263707405144666,0.0208988403997516,0.2443163843209748,0.0144688614035382,0.0180554135568959,0.0142993326978073,0.0304421059795321,-0.0201558618200996,-0.0174146552020504,0.0118030712321435,-0.0353258900214431,0.0140395148834895,0.0204971837547114,0.0085445420891967,0.0115253016387537,0.0322016642620268,0.0313487166352326,0.0259284990986328,0.0219489933828305,0.0260932800052886,0.0176203659871947,-0.0204684240946899,0.0171426573484103,-0.0008242267722593,0.0265310130808815,0.0245177877003077,0.0065278223771731,0.0721361368391788,0.0066562390778506,-0.003671179770331,-0.0047155857940802,0.0005969959671017,0.0277645530058194
2023-11-17,-0.0051159072741807,-0.0086133374797977,0.0112109854389863,-0.0073695332141174,0.0024126132219204,-0.0147051379397621,0.0075541163734518,-0.0036290246167258,-0.0089922666506804,-0.0112003885931711,-0.0110954612090027,-0.0176183107389144,0.0011698773300055,0.0287153766944183,0.0106007067137809,-0.003730307237279,-0.0321595536118233,-0.0051839642705232,-0.0079406317865088,-0.0180634487135175,-0.012513048733586,0.0115736168935307,-0.0430769230769231,-0.0080112590667965,-0.0260970461369028,-0.0308984957311289,-0.002385966783077,-0.0087509507928149,0.0106731259561447,-0.0007782101167315,-0.0137369270756891,-0.0046486027457579,0.0045984358216375,-0.0104679078713408,0.0111384771708156,0.0183685928914607,-0.0075977735364726,0.0092602961152523,-0.0238893535863319,-0.038137638263713,-0.003040111121303,0.0054747228457165,0.0046191756692184,0.0,0.0012981923284181,-0.0034737337751757,0.0110937821852101,0.013699244746878,-0.0157638149917097,-0.0266027958544227,0.0009398496240602,-0.0088624158441997,0.0421962145222118,0.0326320208994215,0.0133249951895324,0.0253704927160922,-0.0340780937241209,-0.0190065153338588,-0.0152454017901052,-0.0192835658667765,-0.0016419508837502,-0.0313365442504515,0.0011640722167387,-0.0010820373217,-0.0198889261139602,-0.0082276875076356,0.0161852046641097,-0.0086139088341095,-0.0038633129627211,-0.0208247233319557,-0.026920852440986,-0.0016225109724582,0.0026339852333054,0.0018906808341683,-0.0110482254451126,-0.0061190950732543,-0.0065693847628356,-0.0054061713189531
2023-11-20,0.0,0.0023669089025242,0.0,0.009154998098237,0.0128302557526667,0.0298492126692184,0.0053296477036601,-0.00072274261804,0.0025910914846853,0.0062920115605988,-0.0084149638112955,-0.006872731455447,0.0253399808586882,0.010736084928747,0.0114885114885114,-0.0284152873033951,0.0033500837520936,-0.0010956414847278,0.0,0.0206230777664293,-0.0100357475693044,0.0948799650125735,-0.0192926045016077,0.0044854305358508,-0.0023895264698954,-0.0228939009529137,0.0083908982804004,0.0037186927024344,0.0040213327413178,0.0015576323987538,-0.0102535792720246,0.0,-0.0044360005301993,0.0029365700861394,-0.0432602771148162,-0.0461748989964811,0.02208998830668,0.0100918980197302,0.0114208902917631,-0.0051559059955967,0.0101602239718194,0.0035015156236721,0.0098533882971776,0.0045537086185221,-0.0056214682355243,0.0209061407888169,0.0109720605355063,0.0270233054494131,-0.0045760836769586,-0.0027236992788387,-0.0028169014084508,0.0115487772372893,-0.0032890377865592,0.0008169381009388,0.0016377877996676,0.0225899947204533,0.0022058316674706,0.0457025947105897,0.0133294591944213,0.0187741843022979,0.0013172617133261,0.0035582212001616,0.0116537131842577,-0.003713860781802,-0.013620377978636,-0.0139671289211481,-0.0052102564102564,-0.000754656947229,0.0052619229999517,0.030795444775326,0.0153690754195476,0.02193493017799,0.0210573598671495,0.0245135966484875,0.0121016298451228,-0.0003957922882071,0.0066128269675556,0.0059287021512093
2023-11-21,-0.011766386344564,-0.0066951479144046,0.0,-0.0203527101886262,-0.0313541429766111,-0.0205948134660314,0.0070716629707576,-0.0029120947096945,-0.0038715646149051,-0.0021886377967169,-0.0155656851393144,-0.0174535510335397,0.0250936126336354,-0.0027304905823066,-0.0182716049382716,-0.0323393322607601,-0.0033388981636059,-0.0021936864633494,-0.0091457272934825,-0.0169272084805652,-0.0026625826349029,0.0085523734797958,0.0098360655737705,-0.0044654012885562,-0.0412455299912286,-0.0382327083887058,-0.0047567940003445,0.0041643541575544,-0.012518216995829,-0.0116640746500776,0.0,-0.0055487617982284,-0.0506377426484293,-0.0029279718914698,0.0165258591163375,0.005588424173692,-0.0161381263645125,-0.0099910691685729,0.0159031523887953,-0.0031857459740712,0.0,-0.0015526810567264,-0.0016254381063646,-0.0181044551977307,0.0021747045452309,-0.0170635648354334,-0.0016696893801996,-0.0657878355471706,0.0,-0.0146177958474286,-0.0574387947269302,-0.0099429771290939,-0.0099030827393187,-0.0065339316814811,-0.0049290267541886,0.0094681563963265,-0.0047673498865121,-0.011889832409631,-0.0280107526881719,-0.0087780174434962,-0.0137976662826503,-0.0103155433756019,-0.011899663505659,0.0088446703310927,-0.0158877196723824,-0.011065784479072,-0.0317329898738675,0.0015124949226301,-0.00165440734804,-0.0519180170001745,-0.0012091240887587,-0.0151030545603987,0.0025728873661898,0.0241916308042666,-0.0078161813212703,0.0067531301968306,0.005376105211712,-0.0319090988321422
2023-11-22,0.0096661125966612,-0.0087308520337777,0.0416899006133761,0.0125172234847805,-0.0049046251002924,0.0140157560528371,0.0068677272918526,0.018258520802115,0.0207656120656585,0.0037630923404967,0.0186853271793343,0.0208251473477405,-0.0170465975626541,-0.010958131666745,0.0100603621730381,-0.0970510903748002,-0.009972342331814,0.002198509303448,0.0080780699376523,0.0027777618026119,-0.0283452142796765,0.0229924890730863,-0.0097402597402598,0.0,0.009000893755674,-0.0111392189791884,0.0035813185642774,0.0145166249396055,0.019272362709225,0.0338316286388669,0.0119239602001148,0.0143878034132902,0.0246171394379102,-0.0023562479024499,-0.0034255229538115,0.0009239632588726,0.0058574422502173,0.0004582840878939,0.0619323278762056,0.0103932178187149,-0.0040206105082364,0.0093192639591037,0.0061885710321223,-0.0046166482567195,0.0156219315816346,0.0402722127950674,-0.0351125080500207,-0.0234752612776076,0.0091942409699419,0.0166824146981625,-0.0339660339660339,-0.0040919865263858,0.0006713997479668,-0.0001514543403027,-0.0148365125860302,-0.0154248889946579,0.0143705591430363,0.0049538484442459,-0.0100438814831204,-0.0079663935511948,0.0026639675955451,0.0100984422116447,-0.0054399023471188,0.0155413380775613,0.0026478136914314,0.0004470012049597,-0.009622535801927,0.0084926425630782,0.0085539140689196,-0.0247612649359374,0.0127303879966051,-0.010087036978243,0.0141345105443715,-0.0097067378199814,0.0190087207404021,0.012629076591635,0.0130716684764766,-0.014201636226551
2023-11-23,-0.0014673514306676,0.0072041529823076,0.0266704452421435,0.0205187116157821,-0.0037788078362888,0.0115197535308546,0.0033431150403031,0.0186528691674634,0.026692379963408,0.0021852152721364,0.0014030985092079,0.011101488324352,-0.0117086937320248,-0.0036900135247706,0.008964143426295,-0.0317165776927688,0.0100727916584693,0.0065855181023719,0.0057276540819619,0.0022137597210434,-0.0076989995650283,-0.014981506446818,0.0655737704918033,0.0233220560951652,0.0203311572369153,0.007502633445837,0.0095116806622357,0.0097665692535267,0.0009935791817701,0.017503805175038,0.0092719516871164,0.0095508380868252,0.0034309386719713,0.0041279163483709,-0.0021469022060688,-0.0009231103388357,0.0099009900990099,0.0165051352524228,0.0190133641313314,-0.0027695876789118,0.0060617937161147,0.0076924800824713,-0.0012962954450385,0.0046380605508762,-0.002992217334558,0.003339254603218,0.0095234300286899,0.0432712747809929,0.0037960321035859,-0.0018174495812637,-0.0020682523267838,0.0227863006605815,0.0045108435724781,0.0002840199041149,0.0351721137110809,0.0,0.0138007681760501,-0.0017591875886537,0.0105834640939799,0.0285545340098423,0.0086378091357328,-0.0019359959731284,0.0035130315683684,0.0263621126748698,-0.0171619613670133,-0.0040260698952931,0.0051607097960857,0.0069256528039092,0.0073836965525704,0.0115386507897456,-0.012273101005629,-0.0032622092304027,-0.0164680276390145,-0.0062786858180616,0.0109175012088482,0.0212405114639209,-0.001171584100108,0.0077168068857662
2023-11-24,-0.0118098241966989,-0.0123162836952676,-0.0337678270203957,-0.0191392393371836,-0.0201181953299977,-0.0189781746852834,-0.0011754470400946,0.0063399462622844,0.000626119791165,-0.0059212606084186,-0.009851713468387,-0.0089016911944318,-0.0073514986376023,-0.0086472189018033,-0.0024679170779862,-0.0391385105253847,-0.0298780725332086,-0.0073574684284429,0.0045453330124862,-0.0082918454935622,0.0105349289148002,-0.0101419166467804,0.0246153846153847,0.0070067294463935,0.0,-0.0159390602995774,-0.0094220610265709,-0.0085501845453538,-0.004972940618999,-0.0224382946896035,-0.0068906728972406,-0.0040150424465074,-0.0017096037902279,-0.0111532985287138,-0.0399979670664769,-0.0333306157943367,-0.010958481753357,-0.0058630160379103,-0.0190774106360289,-0.0202351976633957,-0.0060252697736628,-0.0011453416287203,-0.0055095023957358,-0.0022941626306397,-0.0167077977803743,-0.0312726096541626,-0.0128675745016775,-0.0829480335877402,-0.0121013655593141,-0.009134829252144,-0.010362694300518,-0.0062096079496046,-0.0029046666483983,0.0028431784539317,0.0064684865609601,-0.0006339554153361,-0.0089548602798184,-0.0010573726700701,-0.0152735415265249,-0.0078074291118817,-0.0151511061059516,-0.0080771245126374,-0.0116764967850859,0.0084194286933474,-0.0330403589909221,-0.0193193842372939,-0.0141947841655586,-0.0061334178952904,-0.0048863847858823,0.0,-0.0203016594149305,-0.0045002183456296,-0.0077319931211923,-0.0084715491188691,0.0004495029534647,-0.0042003135445322,-0.0099826239951085,-0.020418682102926
2023-11-27,0.0141906350875922,0.0116662955396993,0.0161249365159981,0.0200070623547068,0.0121173942749259,0.0,0.0184447306726465,-0.00909797467197,-0.0061898940113015,-0.0062663845366667,0.0,0.013472464510347,0.004523719331763,-0.0426800328381948,-0.0094012864918358,0.0056918427149017,0.0719161580469001,0.0156540054262459,0.0,-0.0211827975603141,0.0016483516483514,0.024327639630441,-0.024024024024024,0.0008790138100482,0.0004853340260166,0.024306684880418,-0.0035685384911318,-0.0093014371999826,0.0124919794674367,-0.0252486610558531,0.0080933037176598,-0.0031651681962903,0.0348427294837809,0.0011857874899419,-0.000447056193787,0.002867464121558,-0.0259470645393433,-0.0022664700802091,0.0200888681524977,-0.0109358492934321,0.0070677379319354,-0.0003840737421584,-0.0026103376777251,-0.0023278260375858,0.0021745026010207,0.0212988427980211,0.0347774801071614,-0.0150760385349688,0.018374403715264,0.0055230737105869,0.0062827225130888,-0.0169047990732142,-0.0066232445653667,-0.0056702354166981,-0.0064269141531321,-0.0209698669546382,0.0039754016723811,0.0275430731919286,0.0004398134068228,-0.0008784718328286,-0.0133772191753195,-0.0032579404966306,-0.0047257792603752,-0.0090733763538861,0.0144480531017476,0.0100787104024024,-0.0036757464168983,0.0052362893226547,0.0019111031009517,0.0,0.0235066895862063,0.0045205618610493,0.0142812999610388,-0.0059651674435906,-0.0242910548780838,0.0034499586259573,0.0124560038064387,0.1073495654788405
2023-11-28,0.0051498001770242,0.0035791528700213,0.0132137948269399,-0.0067795827815906,0.0109738440420452,0.0232177507803932,0.014448513522735,0.004946018270739,0.0093378278894957,0.0031550012308199,0.0270190592709422,0.0044311233513567,0.0012296761852712,-0.0126924893559289,-0.0009990009990009,0.0084665608982181,0.0159580445776361,-0.0070297534313984,-0.0113252242421015,0.0045569769498319,0.0120535843173485,0.0106254845497839,0.0215384615384615,0.0017353211931392,0.0242822590563123,0.0469729043183742,-0.0011982106720629,-0.0066387052887746,-0.0172690365382711,-0.0306122448979592,0.0005739602307224,-0.0028876985292739,0.032005915284673,0.0100813558366115,-0.0008945122848315,0.0,0.0041911662064668,0.0040936958996087,0.0247222815522458,-0.0004124474526081,-0.0451314116700828,0.0030570652173913,0.0098051044083524,0.0138857272934214,0.0104356297294903,0.0389992515034456,-0.0075641211418635,-0.0255113408493381,-0.0067660787310503,-0.000913725612352,0.0541103017689907,0.0029877939216151,0.0093336745421346,0.0151106723869547,0.0032225673119585,-0.0028128176067645,0.0086411779356576,0.0161493781332793,0.00487791189827,0.0043775137966513,0.0010161008321309,-0.0016323327447518,0.0118705457297569,-0.0001478172322043,0.0331292383567785,0.0158754381128658,0.0221391951211338,-0.0074428826555723,-0.0054474549694025,0.039547610361182,0.0142053890437465,0.0204509411845825,0.0076825262265549,0.0021829350109061,0.0078400812345766,-0.0057259333186732,0.0067349288848774,-0.0145889355925122
2023-11-29,-0.0256348676895707,-0.0114906358469695,0.0,-0.0068258592594959,-0.0144723479761776,0.0022674428192146,0.0015202407272041,-0.0056287073255835,-0.0049328214971208,-0.0113206466837622,0.008310130034159,0.0205894468079754,-0.0122762008733625,-0.0112067152076109,0.0224999999999999,0.0102712269502474,-0.0157073854208914,-0.0125307516681121,0.0022882987172068,-0.0085033714195172,-0.001626039452852,0.0074247083884135,-0.0060240963855421,-0.0086827011439617,-0.0104325088716347,-0.009583695586243,0.0083708778758231,-0.0027684397864347,0.0235928903935673,0.0,-0.003439415560096,-0.0107160543356297,-0.0139031047424087,-0.0076286328484883,0.002691829678453,-0.0057325465681807,-0.0104324888792448,0.0253622153002031,0.0004105539741625,-0.0122885995863244,0.003151874142405,0.0095318459138524,0.0067964689609536,-0.004546475078581,0.0081756075708365,0.041427222893861,-0.0270899038274344,-0.0157075245215723,0.012867433001181,0.0064227143762796,-0.0463968410661402,0.002983059886177,-0.013211497017477,-0.0103938362568725,-0.0177370172947557,-0.0039051549349032,-0.0107099809153915,-0.0419335906237217,0.0096991585374934,-0.0034830225930824,0.0028786734311525,0.0049089351265947,0.0007835699625577,-0.012566322256353,-0.0034446983515625,0.0022290169550658,0.0174503420896481,0.0168695328343648,-0.0032863753634465,-0.0182884505899878,-0.0023863493262813,-0.0092209699361243,-0.015247909984752,-0.0002724827721926,0.0347657485619221,0.0105608343186709,-0.0069804682911145,-0.0257893928073716
2023-11-30,0.0293218188291355,0.0252500892314517,0.0365654385694464,0.0029450558449266,-0.0096798241061403,0.0037760063180236,0.0292078986253525,0.0091880361611553,0.0086800532376598,-0.004765430770949,-0.0027472136421219,0.0242070399753522,0.0107708716724417,-0.0006656807271704,-0.0645476772616137,0.0231036444763872,0.0319535493538114,0.0217903679673077,0.0045795785713325,0.0148679522236823,0.0135581112936638,0.0079750888953855,0.0181818181818183,0.0008737439930099,0.046477297238999,0.0152699806063079,0.0248777263714472,0.0055485785210156,0.0544407530454043,0.0275303643724695,0.0118880270584624,-0.0029274320021543,-0.0021710924660496,0.0153745525133104,-0.0223756094695412,-0.0124897798077193,0.0174702861234741,0.0198761630040458,0.0320858315988408,0.0012425420696895,0.0209374449816492,0.0101897167995601,0.0154273090756396,0.00228361996053,-0.0367019889299961,0.0173969738170773,0.0313259762478863,0.0744715447154473,0.0119648854836458,0.0145912287404867,0.0010351966873705,0.0104055030780352,0.0093711698511516,0.0193014879568844,-0.0213512168534798,0.0004341527694147,0.0104663313266519,-0.0088250800086134,0.0,-0.0209805240925573,0.0136759638707841,0.0097738214898916,0.0250101206019868,0.0109295980835775,0.0021297587861055,0.0311803470499785,-0.020698543626756,-0.0086640486763093,0.0016468936709295,0.0268275631961105,-0.0050775998636716,0.0214415290956457,0.0141892252656308,0.0054460934332261,0.0322730386246172,0.0026599662453652,0.001755827854154,-0.0151968409716405
2023-12-01,0.0284865416167798,-0.0050808944256002,-0.0226644061747122,0.0061177595819628,0.0028642974753019,0.0172928140571728,0.0020273827185202,0.0055998828782666,0.0030692444495439,-0.012781132969504,0.0289323437053954,-0.0090033450450017,0.0131164570803719,-0.0193450694794959,-0.0585467851542079,-0.0063223521491607,0.0185494409757513,0.0018900607362903,-0.0011363332531215,0.0016854653400675,0.0288889828597203,0.0450706885387437,0.0416666666666667,0.0,0.0169407460369603,0.0255765789314941,0.0462389722953104,0.0036774238313133,0.0623237924531825,0.020488573680063,0.0054933818499791,0.0032315362348314,0.0179353149732575,0.0168872818956977,0.0137302383713593,0.0116770399132073,0.0124323996686488,0.0164554886546852,0.0619809179684711,0.0182298631690434,0.0024275386350069,0.008889348568069,-0.0022879283685137,0.0434868217490367,-0.0624727371181317,0.0006173949061012,0.030384167636787,0.0742552317537184,0.0221536963401769,0.0080812604323576,-0.0082730093071354,0.0198607976385754,-0.0132606377489594,-0.0066815475086948,0.031890164172599,-0.0296098900260159,0.0175004500713833,-0.0010675396768913,-0.0056787801685196,0.0392806345994138,0.0116582710733292,-0.0106475277130086,0.0121999383709978,0.0162829732264804,0.0021252325534024,0.0522698074813154,0.0021122867972205,-0.0375591284724173,0.0008238020687345,-0.0362848632548064,0.0159131926933167,0.0134646114402459,0.0458021295357926,0.0185506218122915,0.0342582944886207,-0.0062544862296362,0.0172571322021257,0.0288688832431236
2023-12-04,-0.0014228185604525,-0.003929431012715,-0.0592836057092425,-0.0089991131308797,-0.0337755278495132,0.00074118234697,-0.0038642057320498,0.0033030027297544,-0.0074256246008368,-0.0025893210505485,-0.009377557673367,-0.0068146151487832,-0.0093038818342247,-0.037415573365826,-0.006107717934481,0.0027394435689354,-0.0273352578495312,0.0059264835905561,-0.0125406533988249,-0.0050595324735815,0.0390034729119717,-0.0087389794627529,-0.0485714285714286,0.005248533497993,-0.0337667931364289,-0.0371532202725224,0.028736269832464,0.0130585067675736,0.0070038842118211,-0.0332046332046331,-0.0060291099172896,-0.0049758019561141,-0.0379040773921041,-0.0051496182062162,-0.0027088544568657,-0.0057711302384647,-0.0058471751957372,-0.001277024756357,-0.0257332398882499,0.0012187818485558,-0.0010321829345754,0.0037067811973927,0.0012659767618927,0.0,-0.0122896244123921,-0.02015058264863,-0.0294881934244718,-0.0783395299930068,-0.0122816767227691,0.0008884760616278,-0.0542231491136599,-0.0032449994759627,-0.0196231545554375,-0.0213067757637291,0.0357620556142204,-0.0078519500657325,0.0073694302372948,0.0046346987445817,-0.0083443045485731,-0.0085879089589799,-0.0014824182115751,0.0094545340656846,0.0060243030245861,-0.0099095671041232,0.007412376093393,-0.027505725718054,-0.0231993118347352,0.0005799387100744,-0.0019160686779126,-0.0625055192068398,0.0094570545443191,-0.0042997435086609,0.0085201172931952,-0.0224677752696756,-0.0393378473676676,0.0091535403968083,-0.0005743386704059,-0.029508231921712
2023-12-05,0.0128063418593806,0.0039449323522429,0.0657371162369382,0.0174275946175961,0.038087183975298,-0.0066495998969553,0.0,0.0076362877846603,0.0092770436385984,-0.0038919539550611,0.0081079945666633,0.0014639632756101,-0.0036769712651506,-0.0148408428725761,-0.0256983240223461,0.0081518146967671,0.0187234354389564,0.0069619702375771,0.0196123610734617,-0.0316585325889774,-0.0005010515489745,0.0099880195853734,0.0780780780780781,0.0087054138778277,0.0386768581280401,0.0096518020769702,0.0150393059150608,0.0047480686279086,0.0095688143047882,-0.0015974440894568,0.0028435082635784,0.013528267713277,0.0011064198907742,0.0143922328501688,0.007696925390344,0.0058046295113609,0.0152927400468383,0.0012786576338101,0.0346411038168872,0.0219428499470055,0.0092462577824876,0.0073861834289308,0.0082431921671675,0.0197320538048899,0.0110076940153447,0.0124585512052033,0.0160360884749708,0.0699975981483909,0.0117029570864781,0.0498718905723567,0.0275633958103638,-0.001087884045311,-0.007403298414798,-0.0045844966207454,0.051813588889644,-0.0239710435773321,0.0034841640048688,0.0138399522245447,-0.0053151704407338,0.0190663244980962,0.002473078007174,0.0038782538549841,0.0254616902573019,0.0,-0.0113057806772707,-0.0059059898374821,-0.0336188120143052,-0.0065653543602585,0.003291972651304,0.0481935964514168,0.0141872268564482,-0.0219753075528541,-0.0036188479584705,-0.0092484597104625,-0.0525836470211614,0.0041606322151808,0.0155343960629079,0.0154543946014713
2023-12-06,-0.0175555271347571,-0.0180772740813596,0.0077102874662295,-0.0016901991445523,0.0249625353569609,-0.016354382780083,-0.0214140322278353,-0.0124116826425453,-0.0104097284335926,-0.000652605974311,-0.0160855674399221,-0.0152285968022997,-0.0086057955166757,-0.0347921443525072,-0.0017201834862385,0.0009032897228939,-0.0091716721217135,-0.0042563304813757,0.0045329469472397,-0.002332664555585,0.0095181557336498,-0.002907463995152,0.0278551532033426,-0.0025827856287927,-0.0148063062494477,0.0005041949015811,0.0190430091023932,0.0029240288685294,-0.0008643976229064,-0.0231999999999998,-0.0024578552867342,-0.0133476965016471,-0.0216176548602147,-0.0079444898179584,-0.0004482612183268,-0.0115422604769295,0.0602561694527647,-0.0085224599529516,-0.0123928530610689,0.0,-0.0183230955006038,-0.0157633259870756,-0.0088050482871882,-0.0150678051230537,-0.0037863776094942,0.0080066761665575,0.0074761536478473,0.0140193352549549,0.0028918955421908,-0.0076385018928111,-0.0064377682403433,-0.0123117408906882,-0.0237583469463789,-0.0359712781528511,0.0134407444104596,-0.0398530544803067,-0.006248091991452,0.0020984581854595,0.004008854257234,0.010200278189405,0.0044409437294299,-0.0154453578934354,0.0014588468044605,0.0148577596428249,-0.0029250904737285,-0.0004286425397761,-0.0443671524468713,-0.0073852546748095,-0.0062928905685089,0.035251251970884,0.006135904801986,0.0252788338813045,0.0036319915837987,-0.0065884667904972,-0.0086454491963343,0.0028220091704878,0.0025494616632601,-0.0068742374063099
2023-12-07,0.0064308402617463,0.0092074468597407,0.0714522396602101,0.0036251079758133,0.022391577188465,0.0045314482508609,0.0162260150724224,0.0027978783515301,0.0024711538461539,0.0136882322759017,-0.0177038626609441,-0.0070037777013355,-0.0008272393368849,0.0007421178666788,0.015508328546812,-0.005400291120815,0.0216712647016117,-0.0117516870267103,-0.0033876773237349,-0.0081894724089891,-0.003972609900162,-0.0093426522787666,0.0135501355013549,0.0095157894736843,0.04736066623959,0.0216291398738133,-0.0477663469113489,-0.0269238583022357,0.0017259651778955,0.0122850122850122,-0.0083392109841539,0.0064712866496687,0.0543933054393306,-0.0045789788809056,0.0026966742983927,-0.0029121224233427,-0.024042988963721,0.0017218549032191,-0.0127373793092807,0.005966072455434,0.0082896566477699,0.0130501021995954,0.0111074591518349,0.037118548538608,-0.0194769239039862,0.0146521290886938,-0.0032980780166042,0.0414765323526009,0.0021626674482901,0.0145328853731978,0.0226781857451405,0.0117314794699108,0.0031117895725691,-0.0023847566355854,0.045653560042508,0.0236504042442624,-0.0024453182600148,-0.0118700357827757,-0.0070963151587776,0.0530332346403406,0.0068773786584606,0.0035942711398861,0.0207800723795612,-0.0152203690274757,0.0266691227639279,0.0242171613539845,-0.0203745896329079,-0.0031333844992611,-0.0093635337042592,0.043670396616215,0.0049375905528039,-0.0019574894867417,0.0096461016272335,0.0031777689364123,0.0091792180622563,-0.000939408172851,-0.0008466587004689,0.0474545035706059
2023-12-08,0.0163322324454369,-0.0095194922937443,0.0095026568078944,-0.0151681637828889,0.0362922398534859,0.0188149995078901,0.0107644230558514,0.0104423218488998,0.016046884142072,0.0003221069980883,0.0083215959067521,0.0099930404496555,0.0049675453702477,0.0167120271551328,-0.0028280542986425,-0.0135374438379018,0.0090602238408243,0.0013524966297364,0.0045278308901635,0.0336268917416848,-0.0054775649435843,0.0135554946417615,-0.0374331550802139,0.0119911578244908,-0.0073886955404818,0.0050313720847638,0.0021778010292845,0.0087614233650166,-0.0043010009759298,0.0299352750809063,-0.0034377052250748,0.0008760555362281,0.0069851554732764,0.0051741932838014,0.0089627776960423,0.0038941701981445,-0.0044805920623144,-0.0012902992952981,-0.0404086975208548,-0.0075128872556525,0.0133665729592107,0.0100187316028901,0.0126463908803491,-0.006314372962062,0.0048412211061887,-0.0102300018474043,-0.0008272478320401,-0.0575246247711431,0.0107900020552385,-0.0042086578103527,-0.0042238648363253,-0.0018110290453404,0.0341344746853966,0.0320161913640746,-0.0211390706939306,0.0502125047223271,-0.0143629667040316,-0.0017697338335185,-0.0098248128382583,-0.0111954329470481,-0.006666641277192,0.0126991077782034,-0.0050008334722454,-0.0041154957004115,0.0046716240372668,0.0253012970291235,-0.0180713043736717,0.0205709995355141,0.0036138107859953,0.0368830147592547,-0.0069371763279413,0.0156862226570935,0.0131505765736816,0.0027557822063959,0.0231935200228268,0.0050759098152286,-0.0200786076588381,0.0198194518625571
2023-12-11,0.0007042193770627,0.0040033722750811,-0.0117804327846937,-0.0009788156330839,-0.008948089219201,0.0288041990693781,-0.0001821217180147,-0.0062060405461314,-0.0078920041536864,0.002249841089291,-0.0068845589178556,0.0043630745461569,0.0008238318064983,0.0007293781487329,-0.0470788428814519,-0.0073289419025577,-0.0330281690140844,-0.0045914004429145,0.0,-0.0131289735529765,0.0040104218198606,-0.0034900417903528,0.0027777777777777,0.0076246213448185,-0.0131435437655975,-0.0050061841097827,0.0174088282426065,-0.0011437617780231,0.0285196332694359,-0.007069913589945,-0.0076723057122398,-0.0035043148258744,-0.0314832625477695,-0.0022915816673466,0.001335681956045,0.0048630918425556,-0.0101243066529329,-0.0034331972100755,0.0086993521802332,0.0477892398358514,-0.0091206490447527,-0.0047742181621643,-0.0068686513345938,-0.0063544976300848,0.0096467057700178,-0.0109423485219664,0.0082793273760242,0.0469505225552155,0.0007116547145169,-0.0135418763117795,-0.009544008483563,0.003267390227865,-0.0030032791988425,-0.0037717056448187,-0.0172556999875409,0.0029182573192503,-0.0003541002728655,0.0021304252284062,-0.0008998628780375,0.0072773158631658,0.0008185549342376,-0.0028917355818603,0.0093327721683984,0.0190604512068881,0.0082745756882249,-0.010924594828381,-0.0086797935616667,0.0124088713766759,-0.0080336120528348,-0.0321510347543277,-0.0180442038955557,0.0007724152295982,0.0023544337769751,0.0008232743914136,-0.0200043252595156,-0.0110319533387699,0.0063475514396982,-0.0323938816691398
2023-12-12,-0.0062911212100656,0.0047839313647399,0.0143163115770488,-0.0056307882520354,0.0102734541408919,-0.0057435287489435,-0.0295351146925268,0.0027784817000324,-0.0049003749024681,0.000963841345873,0.0097023279846142,-0.0046363952411572,-0.0024694609989791,-0.0291951881100333,-0.0017857142857143,0.0129128680316843,0.003131600029131,0.0054231941776659,0.002247101899462,-0.0080947420100346,0.0029892321943592,0.0005880186356674,0.0277008310249307,0.0100824181442624,0.0105150107397971,0.0095694723965116,-0.0117652674032884,0.0032062001076003,0.0037823523954898,0.0094936708860757,0.0011603431163365,-0.0011732697442271,0.0192807930258716,0.0103187639293089,0.0070947185703384,-0.0067697023885553,0.006534194649199,0.0090522555845662,0.0097989944677561,-0.0167213903244646,-0.0051239385655613,0.000734742121488,-0.0050299316354363,0.0042721601929025,-0.0043017028474462,-0.0049223123859847,-0.0032845371917207,0.0224176168491965,-0.0106672293337084,-0.0377343825901096,0.0278372591006423,-0.0018084060539123,-0.0153206406426295,-0.0081493623501784,-0.0263485959388933,-0.0196958420387193,0.0042673778963162,0.0070801262157933,0.008125122115105,0.0024111065348708,-0.0099793517443753,-0.0077401119005672,0.0117362244092416,0.0040632709331012,-0.0038442110511227,0.0234667376972763,0.006305391644211,-0.0085598336477411,0.0022343568915292,0.0056507816914672,-0.035269991896222,-0.0185193214929928,0.0,0.0017842726205741,-0.0253953320905707,0.0085054372849573,0.0045889450911087,0.0009604669673652
2023-12-13,0.0330284466135391,0.0384951504992765,0.0682373860857967,0.0290435624111082,0.0295834480451366,0.0418771938108955,0.0091436028297797,0.034576124333252,0.0436894596429493,-0.0051272004235149,0.0150817341862117,0.0413284703118721,0.0049511486664906,0.003382313672829,0.0250447227191414,0.0309705786879925,0.0433425294032234,0.0137543324613638,0.0258101103886683,0.0559727168467434,0.0248644116645269,0.0215695391609835,0.0539083557951483,0.0049908888438956,0.0548394671148571,0.052885648953427,0.0335546969331079,0.0111749657576438,0.0196722551049983,0.0391849529780563,0.0117743688967006,0.0120290296773211,-0.0026986015553601,0.0351666587963868,0.0132161138263107,0.0204475308641973,0.0313319699105214,0.0269086498506323,-0.0075692465131895,0.0146897336581079,0.0298400477865534,0.0261918822721975,0.0303410587774572,0.0339796956964271,0.0321362084592964,0.0333544053733703,0.0502447847125555,0.1096495848456697,0.020845675647922,0.0597197261878319,0.0822916666666668,0.0192151808439926,0.0133393868638387,0.0143814904240604,0.0090060763888888,0.0342466693193201,0.0060169969790524,0.0390156771279264,0.0004490706600865,0.0296255082388188,0.0396561597932161,0.0318497186517134,0.0231961650500978,0.032069502657738,-0.0082383388979986,0.0361150511188901,0.0274985776597762,0.017464165850568,0.0239605796376745,0.0196815883124181,0.043010166622315,0.0125821173123394,0.0105883212034174,0.0001371375167611,0.01023691486319,0.014244328416439,0.0294037356757641,0.0692781144138556
2023-12-14,-0.0136033632601818,0.0255996394805577,-0.0198189762796504,-0.0040665813643993,0.0279870701326834,0.0277150389400451,0.0066073540027191,0.0233970164878303,0.0170960530655623,0.0190013701098181,-0.0027026648555543,0.0296259138441263,0.0057424073222533,0.0299718062149745,-0.0157068062827224,0.0088303064130637,0.0177788602045785,0.0037258275054246,0.002185651838519,0.0281634589552024,0.0148916044585336,0.0051394543201759,-0.0230179028132992,-0.0074541919756631,0.02747333212271,0.0227572253262302,-0.0052337060012384,0.0083459352536032,-0.0188848698575394,0.015082956259427,-0.0137366603632025,0.0060857590102172,0.0189672611586109,0.0082176604757249,0.0204361228450735,0.0171812644402435,-0.0060206082868971,0.0208009798989479,-0.031879434552401,-0.0118895945141598,0.011987162136035,0.0107837952737943,0.0082797045739213,0.0061586612483908,0.0153338101047493,0.0430370647926527,-0.019610671812026,-0.0395232526527917,0.0084496579900337,0.0243900115280915,0.0423484119345523,0.0217001427588647,0.0233050998129618,0.0216919906792227,0.0149048284761803,0.045383992889266,-0.0045744408787546,-0.0023691127370889,0.0273006903134052,0.0139916532264767,0.0379853544611206,0.0015732070733811,0.0085917977075502,-0.0021005788261655,-0.0365936254980079,-0.0158791293899952,0.0155813953488372,0.0108012632675653,0.0054430212328697,0.0261862426709378,0.0070700053486127,0.0100915790070723,0.0151380124283444,0.0054796700348214,-0.0009201259864811,0.0042517493964071,0.0066562555247804,0.0290432773588367
2023-12-15,-0.0020682263493712,-0.0003721455761755,-0.0224751897256275,-0.020653424210689,-0.0444027743708194,-0.0107899920618587,0.0239990145225934,0.0124113475177305,0.0098546129317023,0.013589526401921,-0.0176079081131174,-0.0095017902341429,-0.0040821880527962,-0.0414682004733231,0.0289598108747044,-0.0061285288693432,0.0145967934912658,0.0013263284816122,0.0,-0.010741090787791,-0.0005037973726967,0.0238489066106502,-0.0026178010471203,0.0,-0.029207359137063,-0.01437412657217,0.0042042958978756,0.0046981559204939,-0.0012513121981945,-0.0178306092124814,-0.0232101076275151,-0.0121010111718431,-0.0069145732053925,0.0097859880680752,-0.0102260013425822,-0.017827152336114,-0.0366211916215674,0.0069252196271694,-0.0387873467332919,-0.0050530193657589,0.0009807293059747,-0.0053343728521456,-0.0042579257818691,-0.0081780096831648,-0.0132740154544136,-0.0085924383609851,-0.0104015303400959,-0.0905345541787597,-0.0076806212018906,-0.0098585392620976,0.0018467220683286,0.0069668781380141,-0.0077698241712418,0.0022656417873312,0.0117614647791812,-0.0217851099830795,0.0208556925308194,-0.0003382311578542,-0.0056618265944872,0.0069033934852298,-0.0194468398661115,-0.0122638232317893,-0.0051103890564779,-0.0018243338063086,0.0188573909807083,0.0019653385742361,-0.0453654937282141,0.0041974344314439,0.0070359352127307,-0.0073890567496741,-0.0078963915291588,-0.0230612403569546,0.0126107743228975,0.006268035544122,0.0138323119974494,-0.0134347151082477,-0.0074376754410357,-0.0182359544607024
2023-12-18,0.0055294976463975,-0.005961031271866,0.002307337332718,0.0191285089872146,0.00548371424732,0.0047776853117755,0.0007346749385621,0.0045130001347164,0.0074660149141898,0.0143444202395874,0.0206820650620318,0.0139761224264083,0.0077879491733845,0.0125247095408127,0.0436530729465824,0.0149733078306546,0.0057277628032343,0.0097923690910342,-0.0076330981398332,0.0135721431060256,0.0391773882581247,0.0277346077534046,0.0026246719160103,0.0108491571351729,0.0330518328850468,0.0065921520246008,0.0209685530178109,-0.0178133699316258,-0.0205295730117888,0.0151285930408471,0.0174256773854359,0.0061261977805553,0.0144636571780063,-0.0111633861417826,0.0133441096014288,0.0257894515536742,0.0188652256317394,-0.0072819046159869,0.0262697136475684,0.0156513472267394,0.0,0.0075081733893009,0.0048870094169573,-0.0061714343526316,-0.0231890447772161,0.0,0.0040426382164064,-0.0135752641693054,0.002814570816612,0.0240463643963517,0.0046082949308756,-0.007262677798392,0.0205222312498247,0.0124309807874585,-0.0014661835242864,-0.0032432432432432,-0.0083090461848204,-0.0173019253645229,-0.0267311161478328,0.0060906596314662,0.0051542244894227,0.0070069878744323,0.0030788657302758,0.0146135341164708,-0.0142803991205817,-0.0094253107805175,0.0303990252817545,-0.001519595362628,-0.0056436810868022,0.0101490254915821,-0.0053071860837891,0.0110180170222173,0.0022611181404939,0.0047382501602004,-0.003185251180639,0.0054107190060797,0.0022766279954469,0.0101682272343599
2023-12-19,0.0103055791985846,-0.0086274191292262,0.0160329325100205,0.0081792145316517,0.0071209621180579,-0.0128894377602106,0.0036577983660117,0.007711392744585,0.0,0.025823558347964,0.0027026648555545,0.001621755054709,0.0146312364425162,0.0044949455976541,0.0715465052283983,0.0147524153740139,-0.0142713567839195,0.0138923787823939,0.0043953202766466,0.0037482049092614,-0.0289998302330658,0.0091746957706744,0.0209424083769633,0.0338246219955422,-0.0036951553670708,0.004664776365133,0.003081258161325,-0.0002268855812411,-0.0273727405792187,0.0081967213114753,0.0149878300848029,0.0081153910100164,-0.007393995536654,0.0165651439335581,-0.0246356522563625,-0.0111768483473839,0.0201942528222178,-0.0040770830207285,0.0243720357408723,0.0524773010547678,0.0059040590405903,-0.0007114414110084,0.0006079053380083,0.0165678365103199,0.0104458283853565,0.0023146265168938,0.0088579944093742,-0.009174725434322,0.0196544093267845,-0.0113372652975116,-0.0009174311926605,0.0034846461429443,0.0066162441146999,0.0114387401410989,-0.0058104167977679,0.0132321041214751,-0.0034914514696432,0.0124275152218034,0.0085546858291629,0.0181694575061306,-0.0003110510432943,0.0091675555842369,-0.0051169874659061,0.0078905029137126,0.0123392398808626,-0.0122923417168133,0.0206855267825469,0.0079910211440812,0.0116242644309634,0.0154097728522362,0.021045078037525,0.0128396314291086,0.0011338531134204,0.0070072487057071,-0.0045623955789745,-0.0063059214039814,0.0105452084620589,0.0030654281883368
2023-12-20,-0.0164446243175604,-0.0185292230106459,-0.0248160784731846,-0.0164674234496565,-0.0153440458671112,-0.0261229810314344,-0.0116691405130486,-0.0140238221985626,-0.0165213156846251,-0.0065925925925925,-0.0188676610245238,-0.011603281817322,-0.0044041090765267,-0.017907008008604,0.009758602978942,-0.0111148068074727,-0.0058115823817291,-0.0108582877929321,-0.003282064482914,-0.0032039065564082,0.0109523006700009,-0.0171164928365403,-0.0153846153846154,0.00239873362403,-0.0115259962569043,-0.0116168973051711,-0.0061435863470782,0.0013616224199417,-0.0118759709080638,0.0029563932002956,-0.0116975898254521,0.0155275637594751,-0.0042505535900634,-0.0103222109016811,-0.0082801527939797,-0.0122428111484199,-0.0272194160789404,-0.0143303602176457,-0.0093978770885315,0.002377887518431,-0.0098793229944088,-0.0067455784960998,-0.0103281122315825,0.0101892649709591,-0.0004679681143544,-0.0132654566917514,0.0023946052571217,-0.0277790413804607,-0.0227162734422262,-0.0778030338173214,0.0,-0.0038217400751154,0.0018409174587157,0.0035849139767567,0.0190100430416069,-0.02504816955684,-0.0077097487040885,-0.0221622414971952,0.0089297915753658,-0.0133779530062635,-0.0177154107333262,-0.0191127127187372,-0.0006873362206661,-0.0024746425516315,-0.0201339552036444,0.0096334097063113,-0.0186046006473054,0.0175583968576147,-0.0029400992241866,-0.0006610454363252,-0.0403501863015359,-0.0107554738064704,-0.0067720617425215,-0.0032113558304629,-0.004583306435995,-0.0018686411423516,-0.0071392384424113,-0.0074197844775397
2023-12-21,-0.0029139584488,0.0250468381902835,-0.0046193795271286,0.0094659022242269,0.0108472163188575,0.0225851365800748,0.001475864635946,-0.0006495807251682,0.000576166512122,0.0,0.0151167921654591,0.0008205181731728,0.023336590184352,0.003038919286773,0.0707019328585962,-0.006054320710822,-0.0029056848870201,0.0104551515614781,0.0131844008264463,0.0171350353839589,0.0187087330068005,0.0364561050417886,0.03125,0.0071596039450483,-0.0095765314368838,0.0023396337644154,-0.00103409051739,0.0099644588975063,0.0071236841282531,-0.0036845983787767,-0.0015526230905144,-0.000851835736654,-0.0171003527427022,0.0027474118351038,0.0276714256060153,0.0219352853125918,0.0076326551608836,0.0049874440441095,-0.0201815109843863,0.0039459613435881,0.0079848734557255,0.0042903847938862,0.0067526381545672,0.022180367277143,0.022563431386632,0.0225209732170896,0.0270740279710037,-0.0047621275688715,0.0105620724875421,0.0222034426905703,-0.0183654729109276,0.0052268540336746,0.0,0.0002744960252976,0.0444748121001306,-0.0083443126921388,0.0098848833310565,0.0135672394731254,0.0097334964923916,-0.0016032742243455,0.0208820358549353,0.002235746635834,-0.001371709947828,0.0225950200606412,0.0070290988086507,0.008750666185294,-0.0121881490170907,0.0102025236173153,0.0008048168791139,-0.0237641180817,0.008772372865305,0.0198025419881977,0.0375002938894504,0.033292025209568,0.029006013441811,-0.0050489779857932,0.0063606665063549,0.0079143957100267
2023-12-22,0.0007327241335746,-0.0075191031365788,0.0534655096660807,0.0088931023322553,0.0074062805532575,0.0013841559281744,0.0027658691743881,0.0145870792919189,0.0150166902099098,0.0063341561718777,-0.0013601626586271,0.0038182202690135,0.0,0.0007564532480699,0.0175771971496436,-0.0160457967908407,0.0175534832693362,0.0020677134115589,0.0140961751698296,0.0099977661666876,0.0044806344432857,0.0031452939774307,0.0,-0.0039535577209808,0.0184989829639172,0.0159532430296458,0.0041291420815936,0.0033231466244951,0.0048603966367473,0.0096153846153845,0.0087443735368786,-0.002266342815785,0.0108704132317374,0.0153228186799789,0.0106830053807784,0.0083913977905845,0.0159856543907903,-0.00371984686051,-0.0617915804119862,0.0062933745139264,0.014854622423889,0.0078303911601302,0.0158580206888554,0.0492896280851475,0.0141259105098854,0.0225221931351184,0.0193736966866879,0.0143547418183718,0.0,0.0156388402259708,0.0028063610851263,-0.0093570922109472,0.0133833777971361,0.00961936019729,-0.0236693428486471,0.0046501328609389,0.0157356057531898,-0.0044787332408691,0.0035061751237337,0.0271541776278625,-0.0001542327826314,0.0051005180871335,0.0041246957352054,0.0086181722885703,0.0161104164662884,0.0141880837139545,0.0017141000601241,0.0090007867210784,0.0072275166172819,-0.0175811660227207,-0.0149920674408344,0.0015236530008688,0.0164294778825235,-0.0075346589495146,0.0071616821359001,0.0071435707862923,0.0032986470301976,-0.0279234139375016
2023-12-26,0.0043762939522984,0.0087111111111111,-0.0176472121575476,0.0028587488502547,-0.003751418871113,0.0103367714116153,0.0091840780581988,0.003985389677924,0.0029695422472786,0.0074915276710747,0.0162599342862759,0.0133158251684679,0.0027541561527848,0.0018935999438931,0.0177404295051353,0.0190731399747794,-0.0114892183288409,-0.0033551980405642,0.0106953887918359,0.0031287761090972,-0.0087643582763428,0.0130865170623144,0.0050505050505049,0.0063546636277598,-0.0024778112857724,-0.0060061146588996,-0.0082128702664314,0.0049380349389933,-0.0096737748905521,-0.0051282051282051,0.0200354677730827,0.0,0.0172021987256996,-0.001617857097716,-0.002115127324003,0.0,-0.0068997789055825,0.0074631097308308,-0.0070240245603484,-0.0011740724134584,0.0029224428624954,0.011656876181354,0.010208308675583,0.0263176136232352,-0.0013698278736884,-0.0073444226725974,-0.0212871979578278,-0.0047171997548703,0.0,0.0,0.0027985074626866,-0.0035004967185287,0.0150165376672655,0.0160583042198803,-0.0099896448803069,0.0121225479391668,-0.0017190728305784,0.0183438307259165,0.0004332835518188,-0.0219032579917823,-0.0049598025515852,0.0050746348204462,-0.0157489828051194,-0.0097471530592548,0.0010615065279269,0.0081626994462975,-0.0010252089562254,0.0050949567034304,0.0021268560297362,-0.0075648071377734,0.0207003030707355,0.0026623362748658,0.0043140927028293,0.0035346721409597,0.0110188292849422,0.0050386058892581,0.0057507486138663,0.0053885267210167
2023-12-27,0.0050778435085718,0.0011297596775214,0.008995382900812,0.0033261714492764,0.0034640970355912,-0.0054575331058122,-0.0014562505605069,0.0072761626943347,0.0059215003491033,-0.0068397175858545,0.0013402232784349,0.0072397107533344,0.004703211157963,-0.0015127945866064,-0.0064220183486238,0.0035716796737677,0.0116227546951157,-0.0069938898146745,0.0063542987888283,0.0150627030050118,-0.0073682095250855,0.007745906797405,0.0075376884422109,-0.0015738359372001,-0.0033100425658854,0.0186004186004185,-0.0010394410117225,0.0100465589475842,0.0062165775401068,0.0014727540500736,0.0132195852302414,0.007668970943975,0.0047631492425328,-0.0016204788008457,-0.0029652294853963,-0.002782906168549,0.0108722119796722,0.0065895433212683,-0.0050861503715575,0.0211257502765089,0.0077829248854353,0.0055900527277947,0.0068330076531359,0.0293124409023368,0.0041151206280052,-0.0017074066869826,0.0334068760997918,0.0663538007005852,-0.0013935574765889,0.0213866950918164,0.0251162790697674,-0.0017544341655448,-0.001531707672102,0.0008060978089119,-0.0086548124448818,0.0004355400696862,0.0137924343727515,-0.0088392475416845,0.0039301149086352,-0.0100402412870785,-0.0034032650187764,0.0119843037437692,0.0041734805798523,0.0095732159858463,0.0026340672700257,0.0034669989207298,-0.0068479603527351,0.0059767198355256,0.0015901036707923,0.0090124059205369,0.0134207299233723,0.0018966193293212,0.0021422308059451,0.0096526621390931,0.0183427391448682,0.0075796521503099,0.0032690025210593,0.0191946661118789
2023-12-28,-0.0079451095474705,-0.0041302542250469,-0.0066798159105851,0.0047371301850274,-0.0315173116089613,-0.0020559364229696,0.0096611952681955,0.0039491221430569,0.0064840928859484,0.008087240867264,-0.0053261214521269,0.0013317838268851,0.001562133874873,-0.0056747588130134,0.0092336103416434,0.0195322899298013,0.0028638814016173,0.0044369294922321,-0.0021006067046422,-0.0092129033625243,0.0133612254538093,0.007686368900293,-0.1271820448877805,0.0189542483660132,0.0,0.0214412064252149,-0.0238279669345048,0.001990025391185,-0.0119178901215704,0.000735294117647,0.0033554330959939,0.0067626101173772,-0.0163109142166734,-0.0243339546797529,0.0097758583170124,0.0074327175703452,-0.0083214195215496,-0.0028645900539369,-0.0155561352683536,0.0153273027210267,0.0009638077821298,0.0013872403932351,0.0026597955282188,-0.0034558180227473,0.011839405676161,-0.0074042000432993,0.0022559705427294,-0.0400017468011704,-0.0104662664182365,-0.0041839813286275,0.0190562613430127,0.0063380724710619,-0.0040852975673759,-0.0032146662912659,0.0247222624490555,0.0023944275141489,-0.0044977152563457,0.0082315177265195,-0.0021753596915945,-0.0015578219701579,0.0,0.0068606461658231,0.0110843411500745,0.0068166629538872,-0.0060963287302122,0.0,0.0106865869055492,0.0014397179824194,0.0164203883463101,0.0192413373682012,-0.0085348550088144,0.0034074521531608,-0.0053496666149791,-0.0025848786990986,0.0,-0.0055797284831465,0.0018997452614306,-0.0179583385985204
2024-01-02,-0.0014538425984285,-0.0301285915665326,-0.0313997511318207,-0.0162616922156729,-0.0350226942151656,-0.0193581253183902,-0.011373215125317,-0.0111287758346582,-0.0198943738815415,0.0071331364149513,-0.0200868395133657,-0.0101035771972034,-0.0097429098754842,-0.0102744286978934,-0.0347666971637693,-0.0121902615340214,-0.0372585251133882,-0.002598925833576,-0.0242449757921718,-0.007229250660364,-0.013669356547428,-0.0127147766323023,-0.0628571428571429,-0.0077538391880165,-0.0390351154879963,-0.0232301852467333,0.0031859203638344,-0.0178711670360739,-0.0165259251290877,-0.023512123438648,-0.0121138368780595,-0.0201545831073567,-0.0657710678949164,-0.01053390865847,-0.0096812161198879,-0.0082967367069792,-0.0165048880588775,-0.018867436202702,-0.053723849372385,-0.0113197104010999,-0.0192822842470403,-0.0115326525100772,-0.012737295863384,-0.0376849128659847,-0.0220516476792929,-0.0120543244343628,-0.0375062524794314,-0.0509282425308444,-0.0133974925225099,-0.0664437267175427,-0.0454140694568121,-0.0193515870411177,0.0097477884497023,0.0145019253665705,0.0382984737139626,-0.0152008686210639,-0.0062603638460982,-0.0064637115894028,-0.0304984339139273,-0.0148467783222409,-0.0367914704692815,-0.0077432353564379,-0.0096290345225652,-0.0230920140425406,-0.0249754312243722,-0.0460987753779966,-0.0283152149666137,-0.0088079658605975,-0.0065140021821582,-0.0458509162275435,-0.0204815582339766,0.0026412406623874,-0.0172265959934523,-0.0019416823004374,0.0092271820628,-0.0153472316286782,-0.0092135315664726,-0.0468328557500532
2024-01-03,-0.0080288162124858,0.0,-0.0231515648489818,-0.0011988970147465,-0.0118824287880576,-0.0028189457601222,0.0009126120413374,0.0004806576722908,0.0011311411165342,-0.0044261546198228,-0.0122878296691629,-0.0185335212264015,0.0011812821899397,0.0130723351710326,-0.028436018957346,0.0114641883243362,0.003001116694584,0.0015651107210084,-0.0086420223093615,0.0041633901737527,0.0133616483253442,0.0087587658984438,-0.0060975609756097,0.0,-0.017285680915674,-0.0205770160640411,-0.0021250723114885,-0.0004478009773433,-0.0208871691801456,0.0015048908954102,0.0022980299933741,0.0054267664820637,-0.0080161418437125,-0.0112042978267865,-0.0110480590568975,-0.0064994345355697,-0.0088175388513784,0.0284277260457059,0.0128817356443815,-0.0049616700827997,-0.0019636226320095,-0.0021047518821339,-0.0110375461297215,-0.0168092142775686,0.0142656228994528,-0.0185964705709196,-0.006236279736571,-0.0243860873084769,-0.0014294129196936,0.0171145151907905,-0.0251865671641792,0.0064582959819916,0.0340448945837219,0.0312324885547836,0.0177526298391959,0.0337375964718853,0.0045505294172178,-0.0003408976732836,0.0058399354808102,0.0396519013445517,-0.0058765748289562,-0.0012475367704906,0.0060052846504923,-0.0021667409045953,0.0070902266092034,0.0205391192296304,0.0105335251534306,0.0056218260027631,0.0062952285697475,-0.0742060651723489,-0.0012112012396628,-0.0018816306337923,-0.0054727157360405,-0.0051916350041618,0.0095807989838878,-0.0131102847995732,0.0076580024821091,-0.0215269268312945
2024-01-04,0.0036820850442869,-0.0205819398618524,-0.0402932452851305,-0.0086367039914032,-0.0450191324420788,-0.0290199263010318,-0.0105817840922224,-0.0132448685453009,-0.0137362881773617,0.0071102473934234,-0.0179874159751185,-0.0118643131806648,-0.0094338633217266,-0.0201153242126154,0.0082926829268292,-0.0043603851444291,-0.0356273049892145,-0.0059803611023121,-0.0130696364567332,-0.0134735758076366,-0.0014657250493622,-0.0148086974229018,-0.0214723926380367,0.0015590835630763,-0.0360632157637148,-0.0196013896507589,-0.0296842279616198,-0.0029226770584073,-0.0190193358593145,-0.0007513148009015,-0.0068829388309944,-0.0102290621001869,-0.0461661650606068,-0.0124670390616178,-0.0051569367569976,-0.0093397701401651,-0.0083199575426514,-0.0182925786593707,-0.0110687504244151,0.0030671645515634,-0.0128138833886162,-0.0175884237851868,-0.0066353085015156,-0.0398301939315208,-0.0077130520337885,-0.0390749780667222,-0.0486254496929914,-0.0350015284510238,-0.0164617792564276,-0.0230273719698185,-0.0612440191387558,-0.0089147164075118,-0.0162182485566078,-0.008468754805967,-0.0335485843108784,-0.0098122866894198,-0.0083656994286448,0.002397866329721,0.0008961376467424,-0.0320382110015313,-0.0208549138626312,-0.0093700884869445,-0.0382865955814427,-0.011712188847696,-0.0124516841524019,-0.0299924069855732,-0.0225853719487031,-0.0151481131931865,-0.0081722274191872,-0.1091588267847259,-0.0260929861445325,-0.0015081422737361,-0.0154261561072311,-0.0134377831446508,-0.03320372870878,-0.0100150796433262,-0.0132974973310043,-0.0196073228973201
2024-01-05,-0.0036685770316646,0.0003960490528223,0.0197679164965887,-0.0016922278597786,0.0326746945287494,0.0182258586273009,0.0119842344583513,0.0167804108220639,0.0217934493365445,-0.0088288895355069,0.0,0.0214133392161186,-0.0127000428805117,0.0127818199940197,-0.0270924044508951,0.0104997029689293,0.0277076268129012,0.0005226058914253,0.0088327993878001,0.0078781255606843,0.0083220108695651,-0.0025951656427628,-0.0031347962382444,0.0140478766824232,0.0109512127266748,0.0147525084859563,0.0109249640305315,-0.001576167772718,0.0104010476967753,0.0157894736842103,0.0086627165679142,-0.0014355583451927,0.0012158054711244,0.006315577078289,0.000431027149039,0.0047208339678539,0.0193868394002185,0.0099372498813365,-0.0254826273763514,0.0003799615515096,0.0209650837453527,0.0200502675949485,0.0233851150665611,0.0039380541663647,0.0118881262586822,0.0252598557917409,-0.0148413510747186,0.0207263265075234,0.0065493802479008,0.0262917355626535,0.0050968399592252,0.0046771900113435,0.0087415871535267,0.0023300140972746,0.022219586446843,-0.0073244291253771,0.0038681432507778,0.0078567873116823,0.0111587052509058,0.0118197690145001,0.0145904333602695,0.0132452337227133,0.010228461416355,-0.0035752017271211,0.0147963320193462,0.0174937883418719,0.0095954196107599,-0.0102553600098921,0.0053478562726785,-0.00342581511561,0.0056080964657614,0.0230254225782364,-0.0022333051759449,-0.0128282437072154,0.0182854322317203,-0.0180908982301639,-0.0107265346118849,0.0146355984953046
2024-01-08,0.0080937998438932,0.0114951849007645,0.0629574565416286,-0.004848495349314,0.0543846734440955,0.0221846838120771,0.0085632323957813,-0.0033023463170583,-0.0076980798940632,-0.004747336624408,0.0056337205908107,0.0321262472822565,-0.0048204270287081,0.0466557231204065,0.0198906016907012,0.0182109019318321,0.0089868707435232,-0.0067945745322359,0.0032784777577783,0.0171974797168996,0.0223176688563246,0.0005180810278728,0.0440251572327043,0.0007675459123499,0.0279758330831583,0.0159532430296458,0.0108068990471594,-0.0072253870743076,0.0145064337372029,0.0007401924500369,0.0229021823995241,-0.0022995730697901,0.0277946434594886,0.0057011475815238,0.00863383579272,0.0037478986965029,0.0283847547585358,0.0041004988724706,0.0307919180023001,-0.0034364416550988,-0.0068448582225891,-0.0052618797053348,-0.0106862323409906,0.0137892862299657,0.0122003229049256,0.0384594892872094,-0.0133910533910532,0.0609108643124736,0.0115675821687628,0.0556495111529184,0.0192697768762679,0.0089530284055896,-0.0185678095892477,-0.0074896063658215,0.0312512086637013,-0.0071614583333332,0.002450595115738,-0.01118521334693,0.0437088438290793,0.0186971913707763,0.0380167642368078,-0.0065360454122492,0.0231385979049154,0.0125773116668588,-0.0086367800100555,0.0371867071784519,-0.0183062761634711,0.0129520277194865,-0.0053194088387531,0.0309566588442358,0.0065046748309172,-0.0110690394528932,-0.0067265094055156,-0.0050903769527596,0.0,-0.0095075869500982,0.002502874325639,0.0105783131244698
2024-01-09,-0.0065644409284475,0.0070497918071517,0.0022594007208565,0.015100953530617,0.0007812403339182,-0.0154037417750688,-0.0149930058072993,-0.0264897370906017,-0.0268676102950988,-0.0035823374849119,-0.0084032393834722,-0.0034290242207966,-0.0133298131994245,0.0420147207606353,-0.0346172598732326,0.0212688821752267,-0.0118989631897572,0.0131562069761674,0.0087268533350419,-0.0046138181201077,0.0265790309863134,-0.0446699806683238,0.0240963855421687,0.0007669572374575,-0.0026283607425118,-0.0018452520939993,-0.0064076557764359,0.0097783150214778,-0.0041475912956131,-0.0162721893491123,0.0139911132918983,0.0072046783625732,-0.0023536030756247,-0.0079416768568238,-0.0522251323613719,-0.045836422041018,-0.0237382997201582,0.0040837534460695,-0.0104317978189169,0.0256988461835125,0.001965552433631,-0.0049438476562498,-0.0005993887922737,-0.0058394853656797,-0.0147317733804829,-0.0271991673873848,0.0033932018955127,0.0239245696972862,-0.0035735322992342,-0.018409327898379,-0.0069651741293532,0.0106427831212789,-0.0055517388032845,-0.0085889995669121,-0.009226268611934,0.011584699453552,-0.0059386195222566,-0.0051420255484287,-0.00592075299833,-0.0114672880102425,-0.009394726794895,-0.0291373888445855,0.0212016082349189,0.0025949981789485,-0.0310478744468143,-0.0038545360597056,-0.0283369161618136,-0.012237189493361,0.0117633188802579,-0.0817409860845596,0.0012334258402713,0.0123126473030437,-0.025955678023492,-0.0126554476993573,-0.0144537963248578,0.0046020075106165,-0.0246810112362853,0.0042809936550503
2024-01-10,0.0102760034563968,-0.0011659595987975,-0.0022543073372336,0.0259106163776592,-0.0009378162480638,-0.0099550368020695,-0.0016525155676435,-0.0170087128173712,-0.0171781721108398,-0.0062867604097689,-0.0042299079372978,-0.0005291420060361,-0.0155522184300341,-0.0042085658391505,-0.040909090909091,0.0008283043426813,-0.0029929577464787,0.0010381542798543,-0.0064789877534428,-0.0108048206122731,0.0083169497257298,-0.0261015152610151,-0.0441176470588234,-0.0061403016878819,0.0057219893978488,0.0240688717716355,0.0010688251330026,-0.0020272196095197,0.0338116421004679,-0.0240601503759398,0.0016555883387436,0.0137334138448914,0.0064853281200065,-0.0057142091547928,-0.0298108284409654,-0.0196095357302142,-0.0093295538968264,-0.0065048647492783,-0.0232397493462278,0.0115941131454506,-0.00294254492411,0.0035474043632051,-0.0008996224120016,0.0019579284162267,0.0081556600891929,-0.0190315459552314,0.0008454317532506,0.0186924470066065,-0.008607235753133,-0.0375091744891257,-0.0470941883767536,-0.0031580424815197,-0.0098923259631612,-0.0091841227904635,0.007968353711625,-0.0417026793431287,-0.0137036168164573,-0.0113738153028201,0.0131921736318227,0.011600312130451,0.0126981097833631,-0.0122589094065044,0.0069179067355116,0.0178303843068399,-0.012368251236825,-0.0123864263842176,-0.0129203539823009,-0.0057320118620258,-0.0031688180535235,0.0118134634750948,-0.0027685812544913,-0.0011060938729855,-0.0266593145775146,-0.0150016852039096,0.0079979879275653,0.0077644294803771,0.0042633251524122,-0.0175292899454936
2024-01-11,-0.0145318854555364,-0.0116872705793004,0.0136639948356556,0.0105243506222101,-0.0104723888855496,0.0021541165400378,0.0067977360995565,-0.0013849336530221,-0.0049951629706802,0.002712491572461,-0.0099362083664049,-0.0071514007277453,0.0012480793445641,0.006339529084266,-0.021063717746182,0.0066734978061533,-0.0060038848666785,-0.0108977466748172,-0.0043602792624606,0.0,0.0110053776277043,-0.0022385752272586,-0.0092307692307691,0.0154502966870728,0.0039365063960647,-0.0140169548519546,-0.0172029079392501,-0.0137624013337569,-0.018816853786077,-0.0192604006163328,-0.0156115104695531,-0.0158047469224426,-0.0245975122333867,0.0074718374386892,-0.0130315458762981,-0.0039915473115754,-0.0151238650664142,-0.0036848267787037,-0.0041700343503736,-0.0040667471270399,-0.0049313271702252,-0.0014108898283502,0.0018008649224485,-0.0155851583537879,-0.003595414836136,-0.0024270166895798,0.0016894352043343,0.0,-0.007958466504476,-0.0549145127628832,-0.1177707676130388,0.014440037860121,0.0102503272794933,0.0084756523395339,-0.0276969298657403,0.0259301014656143,-0.0092640436997121,-0.0181246917414099,-0.0294012031795148,-0.0114672880102425,-0.0315864734442317,-0.0032675123757521,-0.003435189050287,0.0244776563313258,0.0034193618643145,-0.0050912571847296,-0.0026162648540271,0.0072524341570809,-0.0071598115394732,-0.0745128813689085,-0.0003088316192106,0.0077512306996843,0.0142858902203231,0.005260924759366,-0.0092597213212015,-0.0055336242422141,-0.0141557583763659,0.002412822735103
2024-01-12,0.0022123517298888,0.0078836520947176,0.0336995170620388,-0.0064799163952914,-0.0007914190876706,0.0107551913585994,0.0058398910800372,-0.0090058854631659,-0.0081520468929668,0.0018021328496371,0.0085958609222365,0.0226723846067034,-0.0049860943369048,0.0045491054866606,0.0182894029047875,0.000822132324155,0.0060401492272164,-0.0162645980734804,0.0,0.0156086736397615,0.0077087433230249,0.0016795993752634,0.0279503105590062,0.0091309823677581,-0.0034860678121753,-0.0022796216187109,0.0196889800302719,-0.0137263987026524,-0.0091329013573332,0.0015710919088767,-0.0016813367081244,0.0,0.0114121589277165,0.0005751238856974,0.0051835933387418,-0.0010018859028759,0.018542362468219,0.010270125470948,-0.0066502819141246,-0.0051985914627186,0.0049557656721335,0.0017699295598638,0.0012026382084489,0.0178169406182673,0.013531456836173,0.0310043500019248,0.0033731716537264,0.0366989017372882,0.0014586021462288,-0.0187491373910458,-0.0679380214541121,0.008335582372672,0.0053247645954133,0.0026265996551495,-0.0176322904596368,0.0127472527472527,-0.0111471229826108,-0.000706966221898,0.0155798243330274,-0.0232006242609024,-0.0001640660919266,-0.0058992290467175,0.0,0.0058788520996937,0.0022645713954969,0.002362818182205,0.0093729826023714,-0.0107087614305362,0.0034699964678641,-0.0184269848820135,0.0098695748713608,0.0219678014090998,-0.005864568535315,-0.0126690640992693,0.0271489414095511,0.0085405282926784,-0.0043061836675651,0.0101030586703245
2024-01-15,0.0,-0.0003906286768513,0.0195605298285244,0.0130443591472875,-0.0308290021115265,0.002126614153884,0.0195930702762525,0.0034986442753432,0.0037984824921062,0.0104967826775772,0.002840867274092,0.0033905693066575,-0.0041703321789289,0.0114951595553962,0.0005282620179609,0.0041333628883992,0.0060392018364823,0.0026689312143637,-0.0010916329544725,0.0015379393733692,0.0117062174633553,-0.0033473787116612,0.0120845921450152,0.0090483619344772,0.0004365250183402,-0.000917530224525,0.0075176269198078,0.0053364848200128,-0.0129029871108871,0.0039215686274509,0.0095337584720496,0.0220797278675091,-0.0124666325893111,-0.0034220252775382,-0.0014047366734849,0.0050144534245766,-0.0190582528009857,-0.0069111515021917,0.0079357176232677,0.0022377190272322,0.0068862011123864,0.005295315682281,0.0017954683390652,0.0,0.0084555073304397,0.0023597586474699,0.0151282422837271,0.0088451115179679,0.0058259108987748,-0.0152772518258046,0.0051150895140665,-0.0134323906825932,0.0100893120031406,0.0107404978512026,0.0096526235083647,0.021484375,0.0109086038159182,-0.0067507186368984,-0.007668159821541,-0.0197985554631331,0.0029498581358651,-0.0013222381453829,0.0134499508116083,0.0033768182867699,0.0045333468082495,-0.0039287473879139,0.0070555375647667,0.0052262509821374,0.0071865069665117,0.0019805317938561,-0.009467210502836,0.0053759110860549,0.0082686012995261,-0.0019530138986328,-0.0030348930976615,-0.0015726667069912,-0.0100963141265815,0.0147573205397808
2024-01-16,-0.0176597442733185,-0.0195626074060122,-0.0533007704315423,-0.0337991665958921,-0.0104414944250537,-0.0106181673318982,-0.0056944137133504,-0.0160289375054476,-0.0088264568348702,-0.0062326468668785,-0.0396594745339791,-0.0163759090471672,-0.0113165560544133,-0.0210062884164108,-0.0279831045406547,-0.0246980911569926,-0.0419153268272133,-0.011170166796301,-0.0098482900488557,-0.0613807491501372,-0.0053386572835721,-0.0364357640397821,-0.0179104477611939,0.0052384590199716,-0.0192411414996577,-0.00597842724146,-0.0617715202281231,-0.023076249096445,-0.0032702552017204,-0.0140625,-0.0198117567491404,-0.0112234672497039,-0.0186340762041696,-0.0211660083027623,-0.028195952615992,-0.0239933082883305,-0.0179828348640656,-0.0237544625746634,-0.0270598219148585,-0.0066981684626801,-0.0166343082607879,-0.013700364667747,-0.0140519163616474,-0.0214056368176954,-0.0278016055216457,-0.0170605238847335,-0.0496664477878969,-0.0438569608979209,-0.0296928083254434,-0.0252161779086503,-0.0127226463104326,-0.0233858746836473,-0.0109893313123068,-0.0124417171985602,0.0068538494489662,-0.0252814956447843,-0.019064182194617,-0.0082248988757305,-0.0223301894916221,-0.0209966475940815,-0.0147097152228049,-0.017497264813611,-0.0112314389285768,-0.0142312670789587,0.0197115488261461,0.0011811409736526,-0.018441774558551,-0.0174543317498407,-0.0052842766074491,-0.0009883085204812,-0.0067814276384997,-0.0285102036729216,-0.0199144791830703,-0.0129983626829891,-0.0347643120644896,-0.0003937859708338,-0.0206859261547969,-0.0272161620369165
2024-01-17,0.0059895248137455,-0.0063820591625048,0.0135102789819421,0.0,-0.0268713367436727,-0.0178791281118123,0.0019691899449549,0.0014172963300882,0.00190416642983,0.0128426820027589,-0.0044170691447087,-0.023256529018949,-0.0199232026421005,-0.0397458179448185,-0.0293318848451927,0.0016908984395804,0.0093800381064046,0.0008040728035483,0.011049938972135,-0.0130823301102322,0.0053673115203132,-0.0290898079363953,-0.0303951367781155,0.0089204936127094,-0.0004448948318048,0.0055433778373579,0.0215662436998202,-0.0108633504859918,-0.0028109297220563,-0.0015847860538826,-0.0024540752138404,-0.0011332436565993,0.0006153485510007,-0.0151968811450418,-0.0058028061710367,-0.0112766693229487,-0.0124034932287052,-0.0020953448055299,-0.0159292634473134,0.0003724130592845,0.0029933636491012,-0.0035638174955709,0.0006059312993387,-0.0059545509782475,0.0040852339956751,0.0041913626097107,0.0243836494362219,-0.013762088151483,0.0044770612111024,-0.0010031786108795,0.0180412371134022,-0.0042859694029406,-0.0083311228349396,-0.0057732765790889,-0.0013730419648038,-0.0180906713164779,-0.0084340807780629,-0.0082968887612121,-0.0329368243431178,-0.015679711637487,0.010947911497624,0.010417423160409,0.0020670189674876,0.0056390017580845,0.038675123326286,-0.0027555835704186,-0.0033825426401031,-0.0041569886256018,-0.0005302589159945,-0.009871813761603,0.0015514622288586,0.016508140690258,-0.0095539433190373,-0.0165677988345844,0.0063018786732649,0.0057229684976989,-0.0062500985944377,0.0033774380713811
2024-01-18,-0.0067013187851711,-0.0216904852811111,-0.0110997402188459,-0.0233219535432357,-0.0176170607324988,0.0087356901825979,-0.0116075394530628,-0.0113223235530867,-0.0057110978734671,0.0138615000959141,-0.0044520179922934,-0.0110923821434396,-0.0012982816521067,0.0761906916588426,-0.0089535534415221,-0.0193792782614474,-0.0155002178016552,-0.0217667529768272,-0.0196750786617864,-0.0160109292741063,-0.0017813908084648,0.0227679934171234,0.0219435736677116,0.0073710073710073,-0.0285477609356841,-0.0280505161511162,-0.0055535583681464,-0.0186255619781632,-0.0103326529746444,-0.026984126984127,-0.05340081158351,-0.0170456117695891,-0.0275369958221076,-0.0231470852205131,0.0121586758282459,0.0051856019708329,-0.0095712175479066,-0.0134516263073672,-0.0077099125557273,-0.0123648289310406,-0.0089278910873485,-0.0057204405254559,-0.0042389505825359,-0.0279951100244498,-0.0280282212390728,-0.0172841928885736,-0.0119065075222145,-0.0697655524016027,-0.0074285107876669,-0.0398402328808854,-0.0151898734177214,-0.0104103146609273,-0.0073839975959077,-0.003961419221495,-0.0231220589089641,-0.0064372918978912,0.0151640286422192,-0.00363619731516,-0.0113560646370518,-0.0268281412117566,-0.0259255085689401,-0.005318724145091,-0.0281590962147101,-0.011483163346729,0.0212771731755638,-0.0051377541650828,0.0199861116247344,-0.022201089132698,-0.0108972314262093,-0.0478528911564625,-0.0266509281417761,-0.0111863265612388,0.0277403414195867,-0.006478624631229,-0.0067125422698858,-0.0066718032377613,-0.0077847695365331,-0.023557151163721
2024-01-19,0.0007524975132984,0.005340302238382,0.0247041341612268,0.016324717590805,0.0089664936290703,-0.0043300193834802,0.0104804382112029,-0.009295792289592,-0.0019114640292899,0.0049458304794842,0.008928433746087,0.0073881575329977,-0.0134272392694748,0.0057846809315753,-0.0033879164313947,-0.0094473887525923,0.0031341027248259,-0.0054947016970638,0.0011135419805325,0.0151502829059728,-0.0102488452783485,0.0152343876723439,-0.0030674846625766,0.008047000178031,0.02433405877337,0.0174976830398516,0.018997519352788,-0.0070565137049584,0.0123409747988816,0.0350734094616638,-0.0078015583631099,-0.0066468356370483,0.0257972556538148,-0.0085039100893123,0.0124921135646687,0.0061875945537064,-0.009357250847873,0.0119323400918562,-0.0018104687220864,0.0034148530401616,0.0049975012493754,0.0068314578787236,0.0024325690155806,0.024676141365866,0.0116276031459852,0.0139476655325228,0.0197963968776895,0.0149951962967815,0.0112261598309084,0.0373451785000822,0.024421593830334,0.002174849874946,-0.000771838539362,-0.0053005466409286,0.0027951234017247,-0.0033512064343163,0.0091084458609409,-0.0182473374954095,0.0289417286488689,0.0077587442660551,0.0122979668747045,0.0100279401374525,0.0028274061501989,0.0033022433239646,-0.0145823921766629,0.0218419719591664,0.0388143397533768,0.0052396542933836,0.0034947315769728,0.0282658688517269,0.0098711205765187,0.009487557066856,-0.0023433990213578,-0.0130435327682271,0.0216218971982733,0.0005893288151455,0.0102616775778985,0.0344673109597197
2024-01-22,0.0007432887936249,-0.0028598946458054,-0.0241085532278529,-0.0222983974633644,-0.0225591229928333,-0.0224821414553733,-0.006616598137115,-0.0050572553552721,-0.011509804295215,0.0023157736190082,-0.0044170691447087,0.0010858761411753,-0.0087785566623916,-0.013537239601477,-0.0220963172804531,-0.0086754241926655,-0.040726310372712,-0.0046947303223027,-0.0088984270721557,-0.0005550786838341,0.0036005157948206,-0.01154192736127,-0.0246153846153845,0.010879163575995,-0.0026899422252595,-0.0083615695704447,-0.0230228148510612,-0.0078394274348944,0.0196902259318156,0.0023640661938535,-0.0006038943823093,-0.0110587701841448,-0.0153337312731792,-0.0018389219320174,-0.0099638584247256,-0.0051271256521674,-0.0128038552494087,-0.0164232768621754,-0.018677109321993,-0.004159008277768,-0.0129416414846549,-0.0103578396799983,-0.0163928122837149,-0.0240818931657502,-0.0119537142266763,-0.0544248089261232,-0.0227881257275901,-0.0394053963934408,-0.0081411236539901,-0.0500022656214599,-0.0163111668757841,-0.0155606370537669,0.0023106452826544,0.0045305376687421,0.0111097932234214,-0.0100874243443175,-0.0018077396190031,-0.0152432609356368,-0.0053578749452196,-0.0205188385697266,-0.0229664423030361,0.0034498930851105,-0.0052854579224931,0.0022381345952706,-0.0052855476676847,-0.0400320962551568,0.0017799804551166,-0.0025094205112535,-0.0115134383567034,-0.0061122570839213,-0.0412995558480012,-0.000361632792374,0.0117688581651778,-0.0044059098711978,0.0057332645785164,0.0037547584092296,-0.0029867386271137,-0.0076154463644427
2024-01-23,0.0007513731992954,0.0241619932782053,0.0292150931380352,0.0061326928920366,0.0054199523850952,0.0185503429002777,0.0178195072709839,0.0014522746251315,-0.0051761031750621,-0.0034675131957098,0.0562949999232411,0.0105801127167963,0.0248023727091186,-0.021269608085488,0.0318655851680182,0.010504375672915,0.0163230898919457,0.000554661183187,0.0179698434075366,0.0260001259640545,0.0161525369049868,0.0169266876580007,0.0157728706624606,0.0380516440127189,0.0112372848626798,-0.0018737944337283,0.0134605511939196,0.0162990172134191,0.0344811675518048,0.0180817610062891,0.0151310456633342,0.0035311274135207,-0.0006260807346013,0.018415901436426,0.0177365449613231,0.0154455325837263,0.0027785225084695,0.0205466193067991,0.1059994011487057,0.0087344676914509,0.0141188932234479,0.0032459932271102,0.0046301725673134,0.0143881272795876,0.0139596164503883,0.0063204947449371,0.0069094916162848,-0.005128434819609,0.0082079455536878,0.0084305168014116,0.0127551020408163,0.0191173288809241,0.0146025650820647,0.0124672425849927,0.0164815828575897,0.0038496376811594,-0.0083181721670129,0.016990733046857,0.0296246813913605,0.0261858514713089,0.0086872395513244,-0.0060165564225452,0.0184197540611492,0.0143110481875834,0.0143481649666203,0.0028358241613968,0.0248677064340931,0.0083231574089577,0.0048733234473539,0.0082034364861764,0.0180852925733621,0.0108488437790883,0.004643162161837,0.0206488653968832,0.0087658847203462,0.0011778715472832,0.0116809515035611,0.0172635836304613
2024-01-24,-0.0127119741100323,-0.0279898953446408,-0.0109314976667439,0.0009728106678126,-0.0346080851189364,-0.0072849979501087,0.0019462034508801,-0.0050665264837038,-0.0038950091561782,-0.0078224547805565,0.0,0.0034897819525174,0.0103715063186053,-0.0059570414683691,-0.0005614823133069,0.0043301870039749,-0.0193032725079174,0.0013881377321076,-0.0066148717882204,-0.0059321182628883,-0.0211943729815534,0.0229646819467845,-0.0186335403726708,0.0165948566042815,-0.0071084938493665,0.0037546242614985,-0.0033235315920827,0.0046178809271135,0.0102230151650311,0.0023166023166023,-0.0200716238778521,-0.0023447439977408,-0.0174517466662688,0.0114546161184325,0.0230799200984546,0.0182616460782854,-0.0083124711372529,-0.009647408609882,-0.0308310629050162,-0.0112943292406043,-0.0089546155119925,-0.0003577706223654,-0.0046088328757647,-0.0223175539960821,-0.0013767428429997,-0.0069096727457987,-0.0205763751269386,-0.0103097424815414,-0.0125817365561664,0.0114817486312952,0.0113350125944582,-0.0129864927656984,-0.0093439279201411,-0.0075975330691522,0.0202727395126081,0.0060906835100384,0.0040134509380811,-0.035265738074858,-0.018745945050546,-0.0102070600306034,-0.0099626572327043,-0.0077345776665563,-0.009392164539249,-0.0111376521714104,0.0015702048616215,-0.016150781355688,-0.0069310408648126,-0.0044147964535817,-0.0048496893425683,0.004062926607294,-0.0016146049274101,-0.004652453294516,0.0381949017588811,0.0101164507954762,0.0152097281049323,-0.0035380763379833,-0.0088832925645992,-0.0372474549316258
2024-01-25,0.0,0.0156330442358718,-0.0198628887209029,0.0014621494757731,0.0313444755005418,-0.0146769172120211,-0.001234204869725,-0.0021863299718509,0.0026068263834173,-0.0146017850425742,-0.0014097607766765,-0.0101641199773627,-0.0141165729936379,-0.0003520871143376,0.0275280898876404,0.0051683803927968,-0.003267722589574,0.0072011089707813,0.0122210761336485,0.0010834722760215,0.0018063058528785,0.0056122861209344,0.0158227848101264,-0.0231283732326743,0.0367027117571516,0.04353008049581,0.0044502844959029,-0.0026600121709909,-0.0004415166981616,-0.0061633281972265,0.0158182603864436,0.0240972668350114,0.019036920087442,-0.0065601945003352,0.0027624810343889,-0.0019878100472104,-0.0192467271460433,-0.0016926050974138,0.0091242914897506,-0.0015219123864756,-0.0020050383013726,-0.0032366488236026,-0.0021587202307268,0.0103736018464504,0.0009190939179732,0.0221477639816276,0.0262633380310046,0.0781228676704726,-0.0022485977151611,-0.0010404489127894,-0.0062266500622664,0.0142531310622477,0.04638366078953,0.036960357687684,0.0423791120746537,0.0044843049327354,-0.0152578871443207,0.0003871654648404,-0.0026635029753391,-0.0034404182118762,-0.004605632768283,-0.0108509698405686,-0.0101816417408181,0.0090366705471478,0.0120282594047913,0.0188776324893991,0.003837727639246,-0.0003864820774021,-0.0035231242349146,0.0789442448178001,-0.000324118465299,0.0046741997907315,0.0066890403533659,-0.0220315251288796,-0.0008559523681349,0.0005924939236936,-0.0065709017406235,-0.0440733777454166
2024-01-26,0.0,-0.0028367273329888,-0.0067551394909709,-0.0065642725129055,0.0115278101506359,-0.0156370905339179,0.006891890210779,0.0036518674737293,0.010419597380548,-0.0002969029551483,0.0098385946528112,0.0010805927823263,0.0073734959283717,0.0141102311884764,0.0142154182613449,-0.0017184455509849,-0.0032784356076676,0.0203496166014263,-0.0087842631409222,0.0059610596442432,-0.0283687151461699,0.0133930778739184,-0.043613707165109,-0.0271587153631048,-0.013817824934322,-0.0089613607211258,0.0022091128992445,-0.0046089138927477,-0.01408176967384,-0.0023255813953488,-0.0037945359654433,0.0134871168997332,-0.0093456087556733,-0.0107948831550594,0.0027548707561728,0.0059753079187474,-0.0161436578487021,-0.000847737433408,-0.00659826814335,-0.0041938931504255,0.0070446115804656,0.0115523916572999,0.0148433827242178,0.0,0.0068868747001502,-0.0229069293265158,0.0102404143248093,0.0048311471864896,-0.0030048870690794,-0.0268574972791424,0.0125313283208019,0.0158574549645078,0.0219190196450003,0.0173113362643173,-0.0127140867740944,0.0198660714285714,-0.0106961181456098,0.0061519358844113,0.0084632202553072,-0.0146520803443327,-0.0363254894687193,0.0068572681358298,-0.0017750122550957,-0.0006489667007975,-0.0025840474620961,0.0072483326658192,-0.0194714407502131,0.020444666927134,0.0029929255097793,-0.0272029923291562,-0.0006450697756102,0.0128796956804966,0.052056960212627,0.0166762476002473,-0.0047090770963205,0.008869179600887,-0.0024078326317132,0.0128067393120852
2024-01-29,0.0037848988654043,-0.0125914049974582,-0.0294802795405253,0.0002449436629574,-0.0157140346423481,-0.0007533326782613,-0.0078990177707308,-0.0036385798622796,-0.0090255307300117,0.0106723956384731,-0.0194710672335519,-0.0102602616895021,-0.0086122202752002,-0.0222636766933176,0.0123989218328841,0.0008674790246283,-0.0297190619921058,-0.0134754009336872,-0.0088621102493363,-0.0172309030197282,-0.001849947431618,-0.0044033250593106,-0.03257328990228,0.0093027307173034,-0.0126946369406653,-0.0104076168862253,-0.0033125223195044,-0.0155948199752486,-0.0035707245389866,0.003885003885004,0.0132277585281341,-0.0036831171059645,-0.0113084974134819,-0.0048485020830075,-0.0219784183474105,-0.0099142511901468,0.0279910591172329,0.0084934981423263,-0.0130384668971893,-0.0003803986033937,-0.0079928384167785,-0.0025001543305142,-0.0051813915982533,-0.012300431770258,-0.0177834021579859,-0.0044383803523416,-0.0016894352043342,-0.0048079194201102,-0.001506971814659,-0.0042450334311413,-0.0148514851485148,-0.0014219484238429,0.0095314624799109,0.0152640978821521,-0.0218721377541674,-0.0203545633617859,0.0022361762673452,0.0053530359246407,0.0097162971769588,-0.0183735871721603,-0.0140481004641997,-0.0160001935507285,-0.0081740308189475,0.0071360540290925,-0.0181351944378354,-0.0083976954960172,0.0145409720773148,-0.0398806710657246,-0.0035250303710244,-0.0231420082451758,0.0178100107806327,-0.0134225789931279,-0.0210599675497913,-0.0047492296504132,-0.0094735417512519,-0.0042970674549622,0.0024136442831796,-0.0116345635775861
2024-01-30,-0.0158488265772629,-0.0098708962021306,-0.0070076698118413,-0.0161506617689931,-0.0203494543124297,-0.0158974695161925,-0.0051308235469931,-0.0043822409684752,-0.007150539197163,-0.0076287809978857,-0.0312049857424229,-0.020730366741394,-0.0047752613644266,-0.0135166312058035,-0.0564430244941428,-0.0128790238485394,-0.0169897104570472,-0.0210374447872504,-0.0100573769415595,0.0005445387303171,-0.0041787299193607,-0.0094030445036602,-0.0336700336700337,-0.0113400015534249,-0.0172954235350517,-0.0091554090371591,-0.0033235315920827,-0.0074255099163454,0.0246395122455678,-0.0085139318885448,-0.005144000712839,-0.0176163763409114,-0.0216183329953356,-0.0134090584369195,-0.0042104874945447,-0.0019997647335606,-0.0228484091181848,-0.0021077055234283,-0.0166988357528592,-0.0233626442327293,-0.004022173520691,-0.0082309620323669,-0.0064328645218035,-0.0166471814161541,-0.0074278471240564,-0.0082713919478885,-0.0160767951448662,-0.0434750505002557,-0.0075462310307653,-0.0202528893880656,-0.0402010050251256,-0.0095891383581313,-0.0044850050819853,-0.0061635001329188,0.0105251329687618,-0.0149687220732795,-0.0130188259074635,-0.0019010497620698,-0.0100614584728192,0.0222867049236561,-0.0173128551307805,0.0100315946055591,-0.0071633066206682,0.0074795280159907,0.0031703508252334,-0.0145142309201063,-0.0118873048459525,0.0255923501262793,-0.009246798928757,-0.0414658275274159,-0.0079556132562563,-0.0039395110016579,-0.0225808963392252,-0.0056383723755484,0.0143407569340072,-0.0019620329415004,-0.0078198749840541,-0.0291704286695854
2024-01-31,0.0030703888864309,0.0199386042976992,0.0329517670593464,0.0149223657698236,0.1208803003730361,0.0069196949005763,0.0039138616629321,0.0029343530210081,0.0052405070702932,0.0124175591747264,0.0029281910455007,0.0033411115825201,-0.0052407239186639,-0.0126215754695968,0.005079006772009,0.0017423514885444,0.0103862382343395,0.0119985852008379,0.0124142870405985,0.0005499115606151,-0.0037280866534499,-0.0100550367942612,0.0139372822299652,0.0136261664295254,0.0090250675472831,0.0060032909607072,0.0077848987839193,0.0119712752525251,-0.0039361613431216,-0.0039032006245121,0.006163082025151,0.024876026848327,0.0032439267059116,0.0049383431207143,-0.0108145477889433,-0.0050241631305988,0.0163349938048398,0.0075966666962485,0.0332052560414719,0.0043139437795713,0.0111185896606178,0.0061360539972752,0.0107923034863435,0.002119355922566,-0.004209431017358,0.0301668075697469,0.0128995907716029,0.0606032201146891,-0.0022810828877005,0.0087025121416066,0.0314136125654449,-0.0007168887030288,-0.0002367926588124,0.0032263497336693,0.041662033433411,-0.0036289408029032,0.0056537133137788,-0.0361927350990469,0.0190027519940294,0.0200506026063063,-0.0067903990293938,-0.0188334002766993,0.0133521550458679,0.0088248888888888,0.0047304324487538,-0.0077753206545775,-0.0028293013861263,-0.0092143687448611,0.0126279266800253,0.025747161773425,0.0109045268178393,0.0125843840519697,0.0110050188348564,-0.0148298537496855,0.0175701377701389,0.0094328234665195,-0.0197037684662561,0.0163424306587276
2024-02-01,-0.0007674529383743,0.0048872069881666,-0.0114045941147991,0.0193596795478168,0.0041537558155291,0.0152824524697534,0.0228513002963437,0.0043886516782021,-0.0019513047530289,0.0017510939589158,-0.0145982088829723,0.0183237309935337,-0.0197445443476633,-0.0244717647943454,0.0022459292532286,0.017352123478094,-0.0136925795053003,0.0052425931568476,0.0145022467347017,0.015870677492648,-0.0009398605293385,-0.0090202643612103,0.0515463917525773,0.0084912159834653,0.0116282673509739,0.0179023995686167,0.0022018032645731,-0.0086246559105406,-0.0136085290100885,0.006269592476489,0.0096836047549506,0.0112899777010722,-0.0077685147880702,0.0092228987282487,-0.0033260115318374,-0.0060564777657667,0.0075635060831487,0.0054431594986656,-0.0100575257122501,0.0070250796729942,-0.0009985022466301,0.0060159391377152,-0.0022066810058001,-0.0253011115982771,-0.0089241421529823,0.0068493691162891,-0.0229138000019517,-0.0190485102754859,0.0076209937440854,-0.00755205787467,-0.0063451776649745,0.0010761045017038,0.018975583047782,0.0276863421506536,0.0187524463580401,-0.0177555201456863,0.0041247610788235,-0.0071134716807597,-0.001734839607441,0.0102505289735246,0.0066518703949829,0.0167510906196373,0.0032027749445369,-0.0001268802954902,0.0062842259917188,0.0173217676583075,-0.0184465043642295,-0.0100726835689348,0.003522669924832,-0.0030078246256275,0.0158658159869948,0.0102934839852539,0.0043563420235039,-0.0045739213533554,-0.0113682092555332,0.0206411439114391,0.008967859976785,-0.0077808471454881
2024-02-02,0.0,-0.0077024765974469,-0.0322413886923871,-0.0228385178735605,-0.0007952872930363,-0.0090330778441163,-0.000345392264026,-0.0060353381336877,0.0012353244428882,-0.0064119821784055,0.001473771473311,-0.0002710636653574,-0.0161173779850589,0.0071144752207374,-0.0151260504201682,-0.0307064778417962,-0.069454056914872,-0.0224969020513323,-0.0109891528925619,-0.0328629594511683,-0.0112424798494809,-0.0256114473020675,-0.0098039215686275,0.0014004406264411,-0.0044177026720666,-0.0261517543394961,-0.02970199813442,-0.0131753860191455,-0.0013354116328199,-0.0155763239875388,-0.006264356312965,-0.0139549213751941,0.0123999208737206,-0.0091386142148288,0.0238418722882061,0.0152260063764488,-0.0185974975218623,-0.0124961674915684,0.0002475487568969,0.0023299439070589,-0.000999500249875,-0.0032108913434368,0.0015274401394058,0.0043395427603725,-0.0042652892782022,-0.0259884791723813,-0.0208543491505448,-0.0436861045011051,-0.0052943474322,-0.0043465412367325,-0.0293742017879949,-0.0225898278092963,-0.0146647306887713,-0.0129881777154259,0.00736989172197,-0.0162224797219002,0.0033558633076522,-0.0103481657041758,-0.0078226379622624,-0.0397588771065253,-0.0168861827698552,-0.0109847652977396,-0.0347896952242301,-0.0013958603575658,-0.005203044843079,-0.006892230576441,-0.01843085671978,0.0046952815930094,-0.0132339463959001,-0.0362564686178094,-0.01061843070154,-0.0288124348402993,-0.015175459242572,-0.0203126316830885,-0.0063894854670001,-0.0001924871431141,-0.0012251676074784,-0.0334555241056099
2024-02-05,0.0015272566762303,-0.0069413037066167,-0.0119204925637493,0.0044288381554224,-0.0549365064501956,-0.0075865923624467,0.0107393135294213,0.0198003480172175,0.0202362678998193,0.0134944320202721,-0.0073886717253008,0.0084514029905851,-0.0045460063122116,0.0107800104853492,0.0,0.0008749635431857,-0.063437896486853,0.007856996283545,0.0044392797921373,0.0077970910852489,0.0180010336645757,0.0146011372972694,0.0132013201320131,0.0105141980046048,-0.0173184151249953,0.0078694469628286,-0.0226801254806718,0.0125940568804998,0.0115875528841422,0.0023734177215188,-0.0039372061182553,-0.0036790158249754,-0.0199814890991362,0.0030767013726267,-0.006054046120824,-0.0019957736557877,0.0006398113634811,-0.0063249311398626,0.0054498276517518,0.0100577013713798,0.0170341581046933,0.012163381007602,0.018937148257937,0.0021867425439983,0.0085671198006354,-0.045743850529856,-0.0434844698322027,-0.0101527343663407,-0.0030414438502673,-0.0272937510048106,-0.0223684210526315,0.0051364352894693,0.0,0.0043874451569354,-0.0085295239416108,-0.0094228504122498,0.0059526868458468,-0.0160935339157419,-0.007440648122045,0.0149747518718441,0.0033596206627537,0.0111067705656187,0.01029994015952,0.0064807624426403,-0.0010473858716317,0.016328781628466,-0.0025758098554817,0.0079861896052118,-0.0065716019620924,-0.015674260569264,0.0034720506510919,0.0195382388341303,0.0,-0.008624897378308,0.0141440275981026,0.0089691166068863,0.0205573053596064,-0.0091934709553529
2024-02-06,0.010700937874621,0.0106926458358083,0.0024185517143264,0.056331780882679,0.0025284666859746,0.0107090500998021,0.0215962743410522,0.0438519290178893,0.0620566194044773,0.0274955755544676,0.0119222275415811,0.0154139661001437,0.0210229801659644,0.0492818039328522,0.0108077360637088,0.0096716898398689,0.011958705096464,0.015596014804224,0.0099572332930364,0.0254306151645207,-0.0120981001886543,0.0356937908871801,0.0260586319218241,0.027737694404361,0.0262037176211233,0.0183685952792169,0.03016968018327,0.005722787241412,-0.038325677629281,0.0173638516179952,0.0379605445288333,0.0170456117695889,0.0177655120308088,0.0140936126196016,0.0182727625094594,0.0230414068933066,0.0137399644377391,0.0152791354767867,0.0409084565120851,0.0283414198797664,0.0394001690020053,0.044891412276905,0.0428665390550557,0.0064933357869554,0.0179325118242168,0.0392852926792248,-0.0046282472379814,0.0512787494681208,0.0022880418384794,0.008976021562794,0.0067294751009421,0.0109498220957846,0.0151188831327182,0.0092212055417701,-0.0012239902080783,0.0368608799048753,0.0162751492137012,0.0282097540699095,-0.0066164111207855,-0.0095439318832336,-0.0195379420727416,0.0216279088683373,0.0029128379886,0.0133690589753661,0.014137838920796,-0.0208850648561356,0.0317457763475463,0.0378754516021169,0.0093691042312844,0.0350392720523324,0.0176153318385796,0.006030319104386,0.0143053864275228,0.0177073449546234,0.0122565694361767,0.0189112056878801,-0.0006025748117353,0.0365700026649222
2024-02-07,-0.0173902426261534,0.0101778927158027,0.0408742548963949,0.001389548824823,0.008906188527628,0.0166513701324242,-0.0026847856895412,-0.1301673334193659,-0.159036706295838,0.0095759183793133,0.0029454406714992,0.0221037895027422,0.0031350957547819,0.0245353615898913,-0.0106921778277997,-0.0087132196308562,-0.0157411254212251,0.0,0.0054701074715233,0.0016127772135228,0.0188453362610667,0.0189002167060676,-0.019047619047619,-0.0040479513917399,0.0154159750024411,0.0135323734652414,0.0439103450008795,0.0168162926668908,-0.0064130854526397,0.0007757951900697,-0.0045735596302189,-0.0005592688995098,0.0122796164553047,-0.0030246362644679,0.0023020174373289,0.0009773625583902,0.0264731937209878,0.0200655956808848,0.0007094169616475,0.0,-0.0075837549901107,-0.0098098937139682,-0.0071842972366533,0.0193543331766181,0.0009271895738052,-0.0064095802941916,0.0437978101094944,0.0146348477666944,0.0235891260901921,-0.0022177419354838,-0.0106951871657754,0.0061371580668954,0.0095428371379939,0.0146658641686781,0.0221288515406163,0.00848623853211,0.0061829499708865,0.0039759608572071,0.0417393179218927,0.0070104107790762,0.0157522929294715,-0.0235227146064553,0.0127015974079032,0.0007475393496407,0.0087779950874835,0.0110753951539603,0.0150258097718447,-0.0001866210394594,0.0049152536705576,0.0235856277472827,0.0154554868429965,0.0211659299490576,0.0119269349011512,0.0019499319748064,0.0004200577579416,0.0001832001400461,0.0117333673615875,0.0005317097682679
2024-02-08,-0.0038431497852097,-0.0245774463504747,-0.0438778292882464,-0.0057877299022597,-0.0238208715669782,-0.0201025277276244,-0.0151415872614882,-0.0087137134661985,0.1656253998038295,-0.0373886055502115,-0.0234943242338476,-0.0273581109757643,-0.0111558243642251,0.0027399093505569,-0.0034129692832763,-0.0131708466774806,-0.0200262639527248,-0.0208406655826075,-0.0195980542754736,-0.006992305677975,-0.0147939677754024,-0.0147309398073739,0.0194174757281553,-0.0623263559692325,-0.0160474089745285,-0.0151295950915968,-0.0204960945492181,-0.0111883859396588,0.0106047777022055,-0.0162790697674419,-0.0191331820448181,-0.0430424314285369,-0.0357604831892116,-0.0230271337932602,-0.0197422357253086,-0.0185804747067185,-0.0147369002454423,-0.0262264134679205,-0.034066852299829,-0.0089386016308873,-0.0133638186531033,-0.0095674941433547,-0.0196890474328902,-0.0717452020396135,0.001389496034472,-0.0354637727313555,-0.028575534251637,-0.0048079194201102,0.001486806633445,-0.0501742776318449,-0.0945945945945946,-0.0222474551285881,-0.0034587904696422,-0.0080583329915219,-0.0084269662921347,-0.0129633841255401,-0.0419530635270215,-0.0055418105738576,0.0038379684413709,-0.0487403021826313,-0.016256113712331,-0.0227114290955787,-0.0197121664210135,-0.0174157225657412,-0.0225210522880083,-0.0068978219020098,-0.0345424934510228,-0.0046546080423138,-0.0203767231540664,-0.0270587858264521,-0.0977164859043515,0.0055244114541275,0.0075064586590383,-0.0088334646790908,-0.0041778197659161,-0.0038953426843265,0.0050545022277017,0.0010511746877135
2024-02-09,0.0,-0.0103292125839434,-0.0072730384187559,0.0163016484781892,0.0273045512088183,0.0060788023361026,-0.016568739829904,-0.0095785440613026,-0.0073812550877609,-0.0135188641891509,-0.0150528251316731,0.0064290915685112,-0.0103846848473903,-0.0382152854117424,-0.0097031963470318,0.0133466331361777,-0.0203876525484566,0.0042040703044312,0.0122210761336485,0.003248647799448,0.0262738390291015,-0.0143992542805279,0.0095238095238097,0.0,0.0193938135261921,0.0058757942056175,-0.0033052367729092,-0.0083646016596864,0.0291959106496171,0.0110323089046493,0.0033159932539965,-0.004380890970813,0.0205239252139008,-0.0012435820982358,-0.0173294878023281,-0.0149673001799588,-0.0074804142783064,0.0016819145498887,-0.0252255342330323,-0.003009370388151,0.003866410558275,0.012074894158335,0.0126987160048686,-0.020454357247357,-0.0115630667851556,-0.0086860819505586,0.0367701443333827,0.0048311471864896,0.0133695510310622,-0.0258206911223091,0.0686567164179103,-0.0300923756473833,-0.0113363311564617,-0.0133753200693417,0.0121433013196987,-0.023963133640553,0.0060403267860247,0.0127441444976434,0.022926322017337,-0.0283596151466991,-0.0028473401245048,0.0045802673074035,0.0219380811513418,0.0103826444419417,0.005235741952718,0.0187927760851327,-0.027383798880459,-0.0140330721748794,0.000557036835759,0.0628252706471377,0.0330611684429562,0.0178643820437285,-0.0127660511082254,-0.0043786383666521,0.0289194345768284,-0.0003718520274108,-0.0127217282726684,-0.0136684226185268
2024-02-14,-0.0023165679155343,-0.0150226771606084,-0.0072975923691317,-0.0148934659866546,-0.023588263913544,-0.0286978063756552,0.0135508533981059,-0.0129049806576402,-0.0066805499244406,0.0042698776758409,-0.030534109606379,-0.0146369891552833,-0.0009064087355902,-0.010286728404078,-0.0144092219020173,-0.0079025080064883,-0.0208608139137231,-0.0083684093679066,0.0,-0.0151280430855615,-0.0192008979693646,0.0039324024988176,-0.0031446540880504,0.0043345613125016,-0.0237825594563987,-0.015272279405296,-0.0110457733890554,0.0022334132756596,0.0110810594400305,-0.0381917381137958,-0.0217786574365627,-0.0146672254181111,-0.0259488888658876,-0.011177048822223,-0.0114396570606088,-0.0091049520244779,-0.031396830663979,-0.0058812352803417,-0.0045226273670703,-0.0022604965958793,-0.0009628797511325,-0.0034074059526498,0.0,-0.0092712619061038,-0.0074869346680827,-0.0155089073735632,-0.0274861906606062,-0.0288422677003342,0.005860051033961,-0.0301218796489647,-0.0209497206703911,-0.0181618814751329,-0.0100584390758978,-0.0075085434263976,-0.0119976107176379,0.0044853635505193,-0.02776553928556,-0.0051151211389284,-0.010792170746776,-0.0047111137229551,-0.0095241473493783,-0.0101651842439645,-0.0601071761788183,-0.0100251499592444,-0.0328120432622039,-0.0232570234823989,-0.0228985151552337,-0.0085388804356529,-0.0105336768744546,-0.0222830578512396,-0.0205719660951095,-0.0131621869713314,0.0086170378792946,-0.0030350350650591,-0.0281066073834268,0.0154641703797571,0.0047951800337473,-0.0047967162307628
2024-02-15,-0.005420852868944,-0.0025445162869439,0.0392162537624449,-0.0025581118196961,-0.0025529835470118,-0.0132240170371804,0.0001688802036212,-0.0016329363256891,0.0044805610441656,0.0024284686563869,0.0173308528346225,-0.0081057837638607,-0.0027399595703744,0.0218646575483985,0.0204678362573098,0.0141701253511088,0.0085320826264845,0.0146255208714087,0.0120735246694614,0.0191991005212888,0.0102536832918136,0.0313421920321292,-0.0094637223974762,-0.013674166156001,-0.0212560920217532,-0.005932067110976,0.0201069545380885,0.0116356487138515,-0.0048220547408805,-0.019448946515397,0.0091435596957309,0.0187583771522836,-0.0086604467302828,-0.0012592047128129,-0.0019307830116416,0.0,0.0340363652267086,-0.0202905121298593,0.0095905684945927,0.0015104120117972,0.0057952032028072,0.0106020297566264,0.0084580991837237,-0.0093580225844069,0.0207443821712733,-0.0089088984888702,-0.0173225045847524,0.0197974316845381,-0.010195344072856,0.0062199206326869,0.007132667617689,-0.0100169873728621,0.0283609034540044,0.0319602664925564,0.0,0.0474735605170388,0.0096498165113159,0.0031652256051837,0.0025203979482453,0.0047334133716467,0.0025001790638541,0.0081426665659847,0.002282301136484,0.0215200562983814,0.0080777552632482,0.0098509052183173,0.0034579188854282,0.0017224841735408,0.0056025195899491,-0.0049554642181671,0.0216721821465482,0.0075221783182914,0.0555598536677017,-0.0031947019469067,-0.0025140459801618,-0.0084415871955172,-0.0095445920303605,-0.0021454508715523
2024-02-16,-0.0070038071977587,-0.0029702109821122,0.0519118834767593,-0.0088638195004028,0.0025595179542372,0.003156242535913,-0.0083943410562878,0.0049068215041452,0.0037309986886093,-0.0106016593571415,0.0092877767083734,-0.0081691439105887,0.0183043727791143,0.0287625876941186,0.1031518624641834,0.0183401540517822,0.0210755454410527,-0.0060973138495483,0.0032500223040745,0.019377879799201,0.005538232685871,0.0330939575132958,0.003184713375796,0.008760251357972,-0.0031670377222413,0.0142176687337107,-0.0131363491947111,-0.0026944682103079,-0.0083689592516125,0.0214876033057851,-0.0029546844459366,-0.0093519719156203,0.0322539151686658,-0.0012534192539944,0.0246413213076073,0.0204308005935875,0.0413785325071724,-0.00301700866993,0.0127483311579821,-0.0067866034856638,0.0038330180102705,0.0060887623578964,-0.0011551665229487,0.0070919949465946,0.0081010950230941,-0.0048314675582709,0.0185556456084972,-0.0097092009518408,-0.0235517645632048,-0.0012307003803982,0.0339943342776203,0.0081733387505293,0.0181573237320871,0.0092196795618371,0.0048538658191115,0.018622391743325,-0.0015313261812773,-0.0055175375923546,-0.0192553252594697,0.0094124330306859,-0.0051799010906817,0.0203732600961237,0.0148138742513703,0.0092933217597377,0.0416663827583621,-0.008129009579049,-0.0084230990663251,0.0135666884378755,-0.006963279871993,0.0498014313929533,0.0065292693144778,0.0125629003399192,0.0232760245429606,0.0331246380529655,0.0193282150726261,-0.0253536108088795,0.005721912498164,0.0252290026324879
2024-02-19,0.0039244764350563,0.0080962733556206,-0.0336501548807286,0.0082366134006166,0.0037419389592598,-0.0031463120121091,0.0181430442203762,0.0024414310855214,0.0126051193345968,0.0033657886960158,0.0030674359096616,0.0129064485775025,-0.0044908384497314,-0.0047732194312146,-0.0098701298701299,0.0197282961680018,0.02480740345947,0.0,0.015143045886478,-0.0068648509791703,0.0059686036653712,-0.0062997347480105,0.0476190476190476,0.0209669614183272,-0.0081723812519659,-0.0045191932796937,-0.0277492291880782,0.0117774473916099,0.0075523851983949,-0.0016181229773462,-0.0033579244370786,0.0026529771767342,-0.0221391484942887,-0.0081869790859225,0.0023584467678137,-0.0009988836006815,-0.0207708605505952,0.0103844333612435,0.0162940555929789,0.0049371734569647,0.0076490025700648,0.0074037823249233,0.0109989900964295,-0.0023663578047041,-0.0055392250232946,0.0131927281682338,0.0100196833905688,0.0245109844531854,-0.006027887258636,0.0135963929651616,0.0027397260273973,-0.0030867770189451,0.0042885914684838,0.0049186105626928,0.0084575318446702,0.0107929515418503,-0.0045922099900398,-0.0134717048517241,-0.0081092404795264,0.0223947215214439,0.0134974695050105,0.0013784047208322,-0.0157195587345944,0.0054058850430354,-0.0164119940343807,-0.005736942364772,-0.0038581448087546,-0.0001889426767808,-0.0070121071364767,0.0170739601877325,0.0009711760366541,-0.0003353251900803,0.0049524706074963,-0.0028082143007125,-0.010714563408755,0.0037947107314084,0.0026954605776985,0.0088998361779504
2024-02-20,0.0031164994325447,0.0135244421612659,0.0232054794520548,0.0375711131749147,0.0232208675385114,0.0197051898863751,0.0064509449439722,0.022751489197609,0.0234426110343826,0.0103771419828642,-0.0107111167448347,0.0113829250389942,-0.0216701297919112,-0.000342075658672,0.0178384050367261,0.0100846580504763,0.0080847241265189,0.0114312381349366,0.0063823396906441,-0.0021243223906881,0.0141401115371997,-0.0486275749433644,0.0060606060606061,0.0007066650579983,0.0311257143944536,0.063627138559043,0.0342469242721412,0.0036371309635712,0.0039691319238563,0.0072933549432738,0.0101101277462549,0.0082403586530133,0.0412772916489678,0.0082545589877185,0.0065831727681437,0.0070138807199153,0.0058411820616952,0.005138852608159,0.0162729330548643,0.0132277734067665,0.0303637578186677,0.0297149233558913,0.0217667127188654,0.0235482395976223,0.0102135369483629,0.0109636368371253,0.069431630886606,-0.0334891738710265,0.029572490086968,0.0512108527774324,0.0396174863387979,0.0069710535708911,-0.0200047220821466,-0.010487405181939,-0.0083866018920991,0.0050119851819567,0.0107675415294159,0.0289151656234081,0.0047327280407323,-0.0155170450231568,0.0281589710770429,0.0092812432549105,0.0064662112917168,-0.0053768185798953,0.042755391808043,0.0288546795285939,0.0182166057053074,0.015647410100994,0.0008476716708127,0.0391837059431936,0.0058315444296073,0.0238085367002733,0.0167289462698418,-0.0219284031046927,0.037081866197183,0.0013279000091293,0.0232915272161939,0.0119364311625496
2024-02-21,0.0038969901587528,-0.0004165286601829,0.024955150346748,-0.0193434275760416,-0.0053011741257745,-0.0100470143385366,0.0023580986444888,-0.0071538423376494,-0.0035778969423629,-0.0063410220591852,0.0201005829969889,0.0192976089902421,-0.0060023270560278,0.0089075938560532,-0.0015463917525772,-0.0199810829983447,0.0,-0.0184738883861776,-0.0222213932204232,-0.0117196763714779,-0.0386833387246098,-0.029442167829586,-0.0271084337349397,0.002118498105408,0.0173107444727418,0.0068457611515606,-0.0088292881155565,-0.0048319335762042,-0.0118603205944703,0.0048270313757039,-0.0153060980679814,-0.016633401968091,0.001917291316098,-0.006297108350128,0.0205590389830301,0.0049791925239104,0.0103912169475799,0.0012770247563571,-0.0205532215470416,-0.0373033906156935,-0.0128956209111804,-0.001947806265677,-0.0056056419090718,-0.0046068796068795,-0.0041353229343882,-0.0006783328467655,0.0033731716537264,-0.0297042545831892,0.0095716620547923,-0.034799064315189,-0.0039421813403416,-0.0126925015160962,0.0025222631362913,0.0014114680208396,0.004830419610472,0.0190806591500434,0.0015243368258752,0.0070287121664636,-0.0154196671955733,-0.0037018113811421,-0.0016648897791273,-0.0132834062333554,-0.0143565648655702,-0.0214870279235804,-0.0164991453863619,-0.0096184244146013,0.0270247848180027,0.0259886518766319,-0.0149616969495838,-0.0368066454848217,0.0,0.0180126784517857,0.0019327832078193,0.0075744386097928,0.0249084249084248,0.013033460145378,0.0688627664545034,0.0020484457417933
2024-02-22,0.0046510795871272,0.0091774900468413,0.0199064761357401,-0.0022927757069619,0.0006666490902311,-0.0124897538386135,-0.0084155015749461,-0.0023984649824111,0.0057469728154821,0.0139783143730141,0.0121210218084186,-0.0055208666509061,0.011141940518512,-0.003056040225042,0.0635002581311305,-0.0008444927011701,-0.0240127567770378,0.0,0.0043239943533721,-0.0215632219828787,0.008418133506608,-0.0011474796655192,0.0092879256965943,0.0395562277641234,0.0082843528529619,-0.0106061109818133,0.0211579078146355,-0.000484002934748,0.0120026761819802,-0.0048038430744595,0.0013952246918371,-0.0062334409171924,0.0382928045764074,0.0006314725940894,-0.0086987886621179,0.0039519948856536,0.0202660191335162,0.0200035800590709,0.0080510604080812,-0.0027085242896425,0.0028062717187518,0.0001731642252069,-0.0056729210191436,0.0392695857058706,0.0106205072527154,0.0264643461673956,0.0319374003767569,0.0765284523862572,0.0116688171698309,0.0084143452332325,0.0158311345646438,-0.0038973622513864,0.0006883170055838,-0.0075266156539824,-0.0264310397919731,-0.0010638297872339,0.0117781354419972,0.0027097958918356,-0.004348025711662,0.0102274816398804,-0.0081571101263803,-0.0024168220630091,0.0042159308365226,0.0136789458631825,-0.0040659105499678,0.02548865276138,-0.0048184498566177,0.0085045376624071,0.0117496771295413,0.0531168650517654,0.0235102342620912,-0.0035366228506337,0.0289857969594899,0.0106761102987489,0.0137191590052008,0.0477445008529455,-0.0316674096933132,0.0174045870882382
2024-02-23,-0.0054041060522427,-0.0086811169537984,-0.0021771983299608,-0.008274604005007,-0.0019967329609611,-0.0158139296074757,-0.0123920226105648,-0.0016028209648982,-0.0128545863675827,-0.0092918575073173,-0.0269456897755301,-0.0230031323414251,-0.0004593871163351,-0.0402045476067719,-0.0189320388349515,-0.0136037994043306,-0.0327727054300817,0.0073068321847473,-0.0064580668853123,-0.0225916842525523,-0.0269133629046639,0.0160450887303562,-0.0214723926380367,0.0033892980846332,-0.0090858931762842,0.0,-0.0152689401773874,0.0004842373070257,-0.0017585536667386,-0.0185036202735318,0.0021880565550831,0.0032865397293209,0.0405666388902505,-0.0044323674187584,-0.0087751215903164,-0.0108396769805203,-0.0030566870445802,-0.0216952573158425,-0.0004835927451116,-0.0155416366051036,-0.0123963989711346,-0.000336909881286,0.0029264014033967,-0.0311192680359504,-0.009597515338204,0.0085884332387433,-0.0024433397927373,0.0189582287715959,-0.0086506697931603,-0.0166882696046661,0.0,0.0097793565252886,-0.0027454445188949,-0.0068736113916381,-0.0148131227046688,-0.0244941427050054,0.0045042513735371,0.0119848791180294,-0.0034954554467773,-0.0239354060111488,-0.0059794536489024,-0.0134948451495213,-0.0152659092552498,-0.007301128543903,-0.0112317849748017,-0.0327436156558742,0.0,-0.008432820423515,-0.003114897395696,-0.0212374518831609,-0.009756177653723,-0.0148535511709011,0.0047013569825835,0.0023788645058342,-0.0042501872222059,-0.0154850498598302,0.014376896515643,-0.0160966243972137
2024-02-26,0.0116367542407018,0.0029157006212801,0.0217424786939111,0.0013892264521973,-0.028013961724058,0.0024084652772344,0.0095849607210083,-0.003210788248515,-0.0014448921715563,0.0006068099243763,0.0200076523291778,0.0,-0.0202100670400647,-0.0021304274741097,0.0331519049975259,0.0034410532615201,0.0084459459459458,-0.0136649283452116,-0.0065127897936554,0.011273917686396,-0.0042923276122006,-0.0315834187051798,-0.0094043887147334,0.0,-0.0004357641305597,-0.0034444519120908,0.0110702018829227,-0.006799088845269,0.0048390230118502,0.0229508196721313,0.0103264522555719,-0.0008922215672821,-0.0106271727763488,0.0038182170716065,-0.0121137221552636,-0.0059839939135906,-0.0083489088240309,0.0016144583716393,-0.0385091153951667,-0.0051300723064786,-0.0009646108398142,-0.0010110702834272,0.002917862566288,-0.0160454621427377,0.0156847624922886,0.0013113230253385,0.009787912912913,-0.0186055014192789,-0.0007271797412516,-0.0145411105618717,-0.0077922077922079,0.0027092928745597,0.0105452491378283,0.0188537144963552,0.0288231726893304,0.0013100436681223,-0.0018676386420458,0.0160428235689777,-0.0035077165135705,0.0169762626708664,-0.0206808871927735,-0.0042093803110704,-0.003490130015982,0.0008664970643079,0.0,-0.0106021865632164,0.0160148053750655,0.0153788003161281,-0.0039771185202196,-0.0036147714018565,0.001588438554952,0.0117989862375857,-0.0028037473533591,-0.0241906938272465,0.0058262194526381,-0.011029061835718,0.0248862377101359,0.0056216105829229
2024-02-27,0.0207052161217538,0.0274459961870832,0.0659498027786849,0.0212976625525753,0.0204151316031979,0.0216414544445215,0.0120850384269888,0.0088581091963277,0.0159347869070516,0.0042337227195887,0.0271486847657898,-0.0105543389583065,0.0145351746222355,0.0081846845692146,0.0114942528735633,0.009460943112352,0.0714356094196473,-0.0028296469831645,0.0076459268762025,0.0195094084858136,-0.0014369437038708,0.0093208968702427,0.0474683544303797,-0.0189571507427149,0.0401925463958101,0.0348839169799868,0.0230099958452476,0.0215115312172464,0.0267061532242471,0.0184294871794872,0.0141503676989678,0.0128085265519821,0.0280531352663904,0.0291443174895622,0.0212236252949447,0.0210627023844569,0.0234570981576889,0.0167230070070967,0.0405546664453257,0.0158683983333958,0.0184177176995956,0.0128292232650326,0.0122241248097412,0.0372855444199082,0.0154425497669192,0.0569346937760573,0.0234473016551584,0.0426560147360906,0.0225589764094362,0.07501846201006,0.0628272251308899,0.0169966933003951,-0.0024948000482483,-0.0014066540036615,0.0487153704795255,-0.0100305276929786,0.0314600444070791,0.000374345879831,0.0140802555993628,0.0426681590551636,0.0462661521514229,0.0207811717576364,0.0089466064446774,-0.007722462322695,0.014974614275272,0.0317374741016329,0.0296952581058786,0.0124742899901106,0.0082689667459676,0.0517288083122109,-0.0082474431601844,-0.0006480574659497,0.0159293408180876,0.0263108929239317,0.002316017421112,0.0321729471349916,0.010665769465245,0.0508362713298546
2024-02-28,0.0105153656105065,0.0,0.0079900065994154,-0.0047610431626504,-0.0013460741405468,-0.0081336016233243,0.0020433763836182,-0.0039910600255427,-0.0042728615787472,0.0102358549316665,0.0,-0.0046521316483819,-0.0143269301901215,0.0084669422388179,-0.0227272727272727,0.0093588452500839,-0.0078168107412175,-0.0005666139976689,0.0010821684108675,-0.0420982329835524,0.0,-0.0155809628498208,-0.0030211480362538,-0.0062060162246594,-0.010501009936377,-0.01415770609319,-0.0053513623278426,-0.0050242123875041,0.0208973492078436,0.0086546026750589,-0.0193802473913474,0.0058824091139142,-0.0383286557182684,-0.0203206548809273,-0.0046210384601389,-0.0078563088322209,0.0002932058601639,0.001268275497622,-0.0544665024777897,0.0027296660662325,0.0038160249345231,0.0050009946474089,0.0005756308444153,0.0089795027156855,0.0107316246473467,-0.0278631701119859,0.0244901294880408,-0.013636972671467,-0.0106748207177546,0.0011535520329732,-0.0332512315270935,-0.0098766056864282,-0.0538991738900899,-0.0516041578171461,0.0034880645374595,-0.0198237885462554,0.0595505805836769,0.0022570518097775,-0.0073774207877492,0.001786061318354,-0.0117438018823399,0.0006908674679093,0.0011556670647776,-0.0011307400763598,0.0030493541208453,-0.0243697043505298,0.0160177207431229,0.0098546224994382,-0.0093341371640021,-0.0379623412103428,-0.0134338423326277,-0.0100477614767803,0.0101444849502796,-0.0109658279309966,0.0050040206555121,-0.0131044235685369,-0.0013543619845385,-0.0174139902408647
2024-02-29,-0.0646832749982844,-0.0008084468080962,0.0138658311314798,-0.0093369946870572,-0.0028614073631265,0.01987588273058,-0.0151484135107472,-0.0136339958326655,-0.015041401613419,-0.0062578690368112,0.0,0.0,-0.0060980186130291,-0.0220431714793056,0.0193798449612403,0.0092720693875378,-0.0039855408286216,0.0039731558472686,-0.0064987091605092,-0.0296790432747984,-0.0086281225657217,-0.0140682312461453,0.0151515151515151,-0.0020872239920904,0.0208013459694451,-0.0012559699889276,-0.0118411413611306,0.0105824333888902,0.0204695890571748,0.000780031201248,0.0047428946817495,-0.000585433774782,0.0193309767585216,0.0,-0.0023212457961689,0.0009879987214134,-0.034077660310246,-0.0092669153091023,-0.0061426680797438,0.0046752433199293,-0.0227736916047837,-0.0278634493044495,-0.024714404799643,-0.006681454230686,-0.0013265935149797,0.0063728693239111,0.013100165746346,-0.0184340143789337,-0.0086320016441908,-0.0251417622536961,-0.0292993630573248,0.0130417745672617,-0.0091338720135668,-0.0071728262516219,0.0161935983394561,-0.017752808988764,-0.0212474703044313,-0.0011240194306016,-0.0069893614076527,-0.022207441894838,-0.0159676541011523,-0.0137914693879217,-0.0053897483210676,-0.0048984326413104,-0.0030400838286945,0.0016377841223469,-0.0084075966186341,-0.0179502644179495,0.0108525342398677,-0.030501214311667,-0.0048660318491597,-0.0386374760332829,0.0109590076429633,0.0037457968567153,-0.0088158598716904,-0.0222540656087488,-0.0059604366048305,0.0024639019246841
2024-03-01,-0.011125582419195,-0.004864353742823,0.0234317343173431,0.0057464810335994,0.00202572537579,-0.0319605193584396,0.0010392849719393,0.0081350354955669,0.003635117216745,-0.0125983127058363,-0.0014760035302351,-0.0104406464364609,-0.0169778432223921,0.0110895450376955,0.0403992395437262,0.0091868879252394,0.0317792667038896,0.0002800503172373,-0.0119815668202765,-0.0123553016971033,0.0101547504798464,0.014861590328443,0.0238805970149253,0.0062663008501846,0.0174614608845988,0.0054935054190452,0.0130646670636704,-0.0242756283535724,0.0593512767425812,-0.0171473109898675,-0.0062940077597355,-0.0096542334241023,0.0331758480582067,0.0094315988033659,0.0432597477939604,0.0247191337416901,0.0401489346467405,0.0029743275578106,-0.0002573053498292,-0.0069779383447338,0.0022954067702418,0.0067476383265856,0.004353862698833,-0.0020696604122981,-0.003101142682192,0.0525277949227673,-0.0266314380451614,0.042255470299694,-0.0036279841166056,-0.0058698539176627,-0.0026246719160105,-0.0121170841637026,-0.0002453956848113,0.0009951304947788,0.0035178160360536,0.0146419583619308,0.0017492734872208,0.0011252842719882,-0.0202468837546401,0.0063581739853375,-0.0094321183944974,-0.0003520937149201,0.0139356887379789,0.0064393354212604,-0.0081424243014059,0.0343416488057095,-0.0455826633398023,0.0202312788115504,-0.0112999823545897,-0.0212730285218352,0.01531556039173,0.0017034666503337,0.0036165182367837,-0.0016417786550327,0.0286182514904833,-0.0089947175159441,0.0163547718615375,0.0098204845935017
2024-03-04,0.003218476093308,-0.0117991066180792,-0.0534297818640706,-0.0034287332750528,-0.0424599484779659,-0.0096584849877318,-0.004144837720419,-0.0155645551257251,-0.0095087448097352,-0.0003046029310416,-0.0132274729126347,0.0002761067769527,-0.0081554268156066,-0.0077842697284065,0.0114207400639561,-0.0124206566883473,-0.0077113866967304,-0.0141225175441415,-0.0055063225538971,-0.0113137516030384,-0.0363986153087944,-0.0228450932684509,-0.0262390670553936,0.0235121852699609,-0.0118489988955282,0.0142840686556848,-0.0193502723193935,-0.0119516223642369,0.0432759422987436,-0.0333068992862807,-0.0128653786827086,-0.0041372122095718,-0.0160598494617756,-0.0105844051564303,-0.0179116009810407,-0.0106661756165277,-0.0157904398507824,-0.0080555567850361,0.1010037491343558,-0.0425450381820364,-0.0029169278241165,-0.0067823714782935,-0.0076311783578183,-0.0158275344521762,0.0004408603215804,-0.0276605791052959,-0.0367437554490952,-0.0405423348726045,-0.0036411943117342,-0.0129712255203184,0.0250000000000001,-0.0038303740147427,-0.0038800916368763,-0.0024886667903819,0.0011631100269777,-0.0054114994363021,-0.0038465097752045,-0.0311227617864835,-0.0071887521635013,0.0009012307432336,-0.02533343383644,-0.0027970231386328,-0.0072550412962908,-0.0011303140458962,-0.010766896046469,-0.0268781829989405,-0.0070360598065083,0.0166991203551611,-0.0060015187516841,-0.0482068541601589,-0.0128372585269136,-0.0071423931029476,-0.0369008156728369,-0.0022431426169381,-0.0015033826108744,-0.0275987876522543,-0.0040243094234266,-0.028694629133926
2024-03-05,0.0216342153436512,-0.0049464955714489,0.028210927270563,0.0,0.0188283519719825,-0.0089472532282774,0.00693280511961,0.0106632282360645,0.0051266695702671,-0.0015196700145111,0.0178833413123715,-0.0130468488468382,0.0058022085826217,0.0074892342258003,-0.0474254742547425,-0.0008331680222177,0.0542628612979456,-0.007737358125157,0.0066441720189163,-0.0150601470469015,0.0039807003814322,-0.0059958566837533,0.0538922155688623,0.0135168467268511,-0.0024819016066445,0.0128336172629188,0.0098599302709645,0.0012342255430004,-0.0074078203984537,-0.003281378178835,0.0160410572936759,0.0008893112493058,0.0081609889854532,-0.0151021070648644,-0.011860840748842,-0.0137162819998853,-0.0291166096569089,0.0025656928932535,-0.0053837292808358,0.004484542793629,0.0009791832886052,-0.0013638430065161,-0.0008857431586407,0.0,-0.0093282565963747,0.0105111455738835,-0.0138006326456344,-0.0046950522555215,0.0131562038167447,0.0071731157037098,-0.0038510911424903,0.0015380408777085,-0.0060907996701868,-0.002993186431331,0.0023235175473981,0.0047608252097031,0.0084214863014528,-0.0185741811175336,-0.0018102011281517,0.0126246283425721,-0.0068397336893848,-0.0073674543845286,-0.0134588348249494,-0.004896584963782,0.0036302320968062,0.007310166180054,-0.0007435336946717,0.0020524280747611,0.0,0.0347572918320893,-0.010402000332484,-0.0068473642074146,0.0037318844082643,-0.0131872568246507,-0.0549702895291305,-0.0081891527151637,0.0078093145471842,0.0205301729646236
2024-03-06,-0.0047057971801415,0.0099371889958708,-0.0117619819402639,0.0052769366986213,0.0217616337436181,0.0049203643012993,0.0148094758345511,-0.0056803799070481,0.0072851687685626,-0.0048672937694063,-0.0190408277829193,0.0039363401854808,-0.0110626283367556,-0.0449548338197944,-0.0412517780938833,0.0075444726810671,-0.0036641089749115,-0.0066388289387258,0.003313100984871,-0.004894201668967,-0.0024796076818736,0.0042217486857134,-0.0397727272727272,0.0213271680051918,0.0145089927024077,0.0163713837183223,-0.0162808445688121,-0.0138055058182853,-0.0014903743535782,0.0213991769547325,0.0057239801607136,0.0002983121307185,-0.0543411117155158,0.0025543645175547,-0.0133784509225582,-0.0208750689545046,0.0214203136202868,0.000854525871661,0.0207065322736965,-0.0137968114675792,0.0126444694032823,0.0123103186646433,0.0109526553540271,-0.0115070012477471,-0.0067272082085934,-0.0177419854901716,-0.0345728072665343,-0.0283031985292223,-0.0014428184109971,0.001182525498206,0.0064432989690721,0.0019195986759035,0.017157478187626,0.02202148502579,0.0046523607913842,-0.0153429602888086,0.0170507798418686,0.0252370363634859,0.0131441695774916,0.0044552300325111,0.0100336669491332,-0.0070663094440723,-0.0070210806207747,0.0071950021058542,-0.0005204936124232,0.0104868587368696,0.0,-0.0047809913261216,-0.0045978468276264,0.0191941721745891,0.0249652878961892,0.0041351941060887,0.0009343183810286,0.0136674986394431,-0.0099601693429193,-0.0011542625568179,-0.0080157111309654,0.0230626000413776
2024-03-07,-0.0031550617373752,-0.0061502495610488,0.0099339299939082,-0.0109524469707471,-0.0074377226920312,0.0057225738396624,-0.0095000039239999,-0.0057230142566191,-0.0043376949274062,0.0061177083892334,-0.0089550853749071,-0.0033607767128402,0.0072932077136702,0.0044487855502224,0.0098911968348172,-0.0166443340952681,0.0036775840436116,0.0002881095761011,-0.001096420509513,-0.008608567847349,0.0327580372250422,-0.0480466697265404,-0.0266272189349111,0.0515651434880342,-0.0134858825861629,-0.0028212079182953,-0.0044208011624613,0.0212493275529255,-0.0119595423196786,-0.0120870265914585,-0.0111868796681687,-0.0017797189006146,-0.027503436710897,-0.0025478563636636,-0.0149659780767983,-0.0050853991222867,-0.015876107918574,0.0093695248090075,-0.0013839236966667,0.0160488719059554,-0.0076923076923077,-0.0087831887425284,-0.0105430151030186,-0.0023281907433378,0.0099327251593814,0.0118364673668593,0.020463365870869,-0.0097092009518408,0.0014449031438552,0.0556875377491443,-0.0179257362355953,-0.0030654734027606,-0.0057841400193118,-0.0110196430026897,0.0150301243430328,-0.0066452795600366,0.0561075601658771,0.0,-0.0102910686370355,0.0239386226992732,0.0358471784150509,0.0053374481432764,0.0212034233508935,-0.0008781405721851,-0.010336189848385,-0.0095800479649406,0.0029844798913551,0.0090920445063089,0.0222359765155266,0.0489690204188166,-0.0358969384580907,-0.0041181646957112,-0.0111628623118672,-0.0034453201222617,-0.0346090978558452,0.010577502983885,-0.0061941864713529,0.0388483848650951
2024-03-08,0.015022574907648,0.0,-0.0078643344314016,0.0036912438089897,0.0025555942864075,0.0113625438113467,-0.0097654315607655,0.0032876543968536,0.0058147908115504,-0.0033450422511601,0.0105498072631364,0.0016860548101627,-0.0077235248647256,0.0428017929043531,-0.0132223310479923,0.013546189299312,-0.0183636520389687,-0.0063932460124843,0.0032928719008264,0.0173602197463675,0.0148943395551954,0.0290196352456153,0.0243161094224924,-0.0074476361686218,0.0207149172666412,0.0161374448782183,-0.0088684939639818,-0.0031799519714927,0.0151294314127381,0.0203915171288744,0.0121060109606518,-0.0026695192937821,0.0150880218149735,-0.0198131793223818,0.0085462658962407,0.0,0.0045663035465639,0.0021102716038505,-0.0120019111777751,0.0186315466722879,0.0096869178534944,0.0068147125958761,0.0091768990299396,0.0116681193240923,-0.0147525546681548,-0.0006160948942109,0.0175463870001153,0.004902196890637,-0.0021642276164957,0.0224527678185471,0.0117340286831812,0.0042279867096013,-0.1037333182466794,-0.1057179119484414,-0.2004546459129227,0.0311418685121107,0.0074504978185478,-0.0015399996774869,0.0040704721365922,-0.012986311239193,-0.0003765159143646,0.0099136954935459,0.0103815865017953,0.0061523866656434,0.0093983960781178,-0.010474054395401,0.0293870833046177,0.0056109233628229,-0.0005674210367889,0.0116659648585537,0.0016618384304474,0.0090881257533068,0.0216337732103233,-0.0076668425315628,-0.0025004193575441,-0.0047576320347223,0.000541486408691,-0.0152348752625377
2024-03-11,-0.0031182042019373,-0.004947669831124,-0.0039516449598989,-0.0080426751958639,-0.0062852971685427,0.009627433865406,-0.0100337659428058,0.0073704304862238,0.0057811744912386,0.0012194189602445,-0.0014980000926597,-0.0019652372682607,-0.0175148174836569,0.0293704103042313,0.0148883374689827,-0.0100304472182314,0.007465308273318,0.0108205976277373,-0.0120471072784605,0.0060938298395796,-0.0198885816764406,-0.017777717417138,-0.0267062314540059,-0.0062478596704842,-0.0020305767738014,-0.0127080416861099,0.0212526987058692,0.0078567293158582,-0.0078258788690053,-0.0119904076738609,-0.0098029384940813,-0.0074405480881656,0.0241474326686617,0.0019564087671566,-0.002356923076923,0.0040831532672678,-0.0072735549712251,-0.0101070938697992,-0.0504674785989596,-0.0079531184596065,0.0009522562521575,-0.0020324535422427,0.004981837052413,-0.0115335445500527,0.0031757269279395,-0.0178699628554482,0.0139498447395494,-0.0243860873084769,0.0101216343976673,-0.0131808007958219,0.0025773195876288,-0.0026792093355559,-0.0191998821705861,-0.0130125775962488,0.0128139314484283,0.0044742729306486,-0.0045009031417488,0.0154075988210118,-0.0004514973076502,0.0052555703571233,-0.0159926245160385,0.0,-0.0190274662132078,-0.0259426931316338,-0.0144843377787162,-0.0036618106597421,-0.0112002898527893,-0.0098053555756922,-0.000848152930628,0.0008892168270095,0.0026566082697756,-0.0155929547497062,-0.0469617733070424,-0.0310559471324404,0.0137894067507133,-0.0009560750602788,0.0065000170903166,-0.0075011964460351
2024-03-12,0.0031279578131337,0.0140889323332269,0.03777172637213,0.0138996245583038,0.0358973764179173,0.0190798202439548,0.0137281368206652,0.0138020490266617,0.0122077090080792,0.0033521813995929,0.0149251422915119,0.0241855124883623,-0.0009911261174946,0.010658513540771,0.0024449877750611,0.009293284337221,0.0371807165896609,-0.0162005368837238,-0.0011073620031527,0.0090853799996237,-0.012559819359012,0.0112344014656573,0.0335365853658538,0.0006279482938185,0.0199243607013825,-0.0020008507554393,0.0120487816799861,-0.0068239385305784,-0.0056302359498479,0.0153721682847898,0.0031681888761367,0.0,0.0199521687978554,-0.0143088141074533,0.0165189338564124,0.0071090399085769,0.025029687248685,0.00595563253614,-0.0046749337400989,0.0072156639643483,0.0124507973504892,0.0016979445933869,0.0040872583989386,0.009334495459274,0.0122140559941121,0.0376456005974987,0.0267246274283479,0.0100004367002928,0.0071572953288816,0.0211441532258063,0.0154241645244215,0.0084472568801863,0.0303307673330164,0.0328184174553496,-0.0028071817065323,0.0579064587973274,0.0064584014991522,0.0079686344369072,0.0049544494950455,0.0139688129685768,0.0248561795502342,0.0028029000672695,-0.0019409501577831,-0.0131887059694374,-0.0073452607333207,0.0196132132981121,-0.0135256772795705,0.0092197112310061,0.0008488729046698,0.0026558291196066,0.0331006180025632,0.0031679892631693,-0.0135233735469618,-0.0062309689784688,-0.0016483943705777,-0.0017209030963664,0.0121123619671834,0.0047223707244461
2024-03-13,-0.0070092198199168,0.0036786221887801,0.0191598615603862,-0.0084541556054726,0.0148503950526053,-0.0046785492297612,-0.011110446690187,0.0096158651779734,0.0106452180028129,-0.0018226996503003,0.0176467898995749,0.0269077961454908,-0.0009921094230553,0.0088444449112927,0.0160975609756097,-0.0317784871909875,0.0286614835049381,-0.0097054902204404,-0.0066645799097477,0.0036039170850523,-0.0141874514751552,0.0043207766459287,0.0088495575221239,0.0018826626666463,0.0163520413802249,-0.0040412970037571,0.0227360540932142,-0.0024533113881005,0.006420095581352,-0.0071713147410358,-0.0187520129211511,-0.0170922696989463,-0.0065237739559598,-0.0191438652965209,0.0148548196243816,0.0131303604586048,0.0136982642633218,0.0253679814221257,0.0037065983050459,-0.0250691920998626,0.0123094270478518,0.0077850975015378,0.0098818372780244,0.0046240842363296,0.013406307737511,0.0223666881068331,0.0007887579329104,0.0049453043929437,-0.0049745027449572,0.0130679434339446,0.021518987341772,0.0015222309139728,-0.009900543436769,-0.0119515573186563,0.0296170312591634,0.0298947368421051,-0.0154051328277099,0.0199455599826423,-0.0062737156861817,0.0163454566612657,0.0167921062117546,0.0006998016538508,-0.0073804254139578,-0.0032456760382556,-0.0042293137988952,0.0100208822535503,-0.0200054909117335,0.0054138188932104,0.0014158961168442,0.0097279565635428,-0.0003210025981148,0.0017540038735872,-0.0117532625435681,0.0064100196169543,0.0181674688598474,-0.0030693289942271,0.0108992892254176,0.0136362450768148
2024-03-14,0.003918481113464,-0.0024401597373644,-0.0282105917343631,0.0140593678776395,0.0105693628226155,-0.019595432795767,-0.0043901023147813,0.0,0.0063233337102399,0.0069953262833659,0.0144506506536485,-0.0058825359386179,-0.0019861893632939,-0.0114636152556666,0.0081613058089295,-0.041445835660858,-0.020876741430731,-0.0011919008647313,0.0067092945393432,-0.0083768790708039,-0.0034702353484079,-0.0374943840111094,-0.0175438596491228,0.0018867636274748,-0.0047086969523965,0.0178158186717387,-0.0232813477680838,-0.0051638460730254,0.1020624884674623,0.0192616372391651,-0.0142825650320874,0.0051868041890623,0.0161119940614977,0.0087489547010839,-0.0301896043481639,-0.0239130750992742,-0.037015446431512,-0.0061829392211907,-0.0120679028784917,0.0028533356507634,0.0,0.0023528973251516,-0.0005758270168635,0.0091778732843477,0.0052876511722763,-0.0236524187931124,0.0157627256832779,-0.0098473155174547,-0.006427764174044,0.0,0.0198265179677818,0.0038040151147327,-0.0067574908959634,-0.0043955963517648,0.0054682159945318,-0.0065412919051512,0.0048889572600827,-0.0055347984497923,0.0013521749066809,-0.0025365733360341,-0.010641819381651,-0.0010468994397224,-0.0043067148972192,-0.0042982430750528,0.0074310410231399,0.0075408246865498,0.0506618546762411,0.0011770637673851,-0.000283470228712,-0.0499075785582255,-0.0064087340743291,0.0056060906059158,-0.0208128280839896,-0.0127383859302073,0.0231162287859008,0.0219225919099814,-0.0060491901221454,-0.016237024533089
2024-03-15,-0.0132780457024385,0.006527921723882,-0.0483521001301876,-0.0227273958135882,-0.0365239890535387,-0.0143920809124165,0.0102280043244293,-0.0055541804861146,-0.0153503085619457,0.0048305338194152,-0.0014170996693433,-0.0244744800275384,-0.0303364003635324,-0.0092091311888661,0.0338095238095239,0.0297207021533651,-0.1174580655929232,-0.0074304901321351,-0.0044474006834128,-0.0096464227068674,0.0049765066898821,-0.0255385659928992,0.0089285714285713,0.011901585099002,-0.0291670536304485,-0.0039866695736131,-0.0357544330420277,-0.0074163315757358,-0.0091916789677982,0.0118110236220472,-0.0253063273273049,0.0151746563531556,-0.0047016952327433,-0.0040041605730954,-0.0198157761692787,-0.0081663065345353,0.0402714173828879,-0.010787813669763,-0.0266770386458918,-0.0024408209246233,-0.003747708444527,-0.0067027991856238,-0.005471548730491,-0.0204967578854819,0.0214939702496468,-0.0672373982617233,-0.0333639533742987,-0.0248767028048753,0.0064693476148722,-0.0204270557998464,0.0012150668286754,-0.0178039670923131,-0.0021772500308766,0.0027607553661952,-0.012255457360828,-0.0164609053497942,-0.0025950071316022,0.001855200980106,-0.0063047984936952,0.0212183556878085,-0.020772173102162,0.0048920314978895,0.0216267145799553,0.0001308120521505,-0.000524471997902,-0.006696780181277,-0.0039604115691073,0.02185026838485,-0.0025415816591167,0.1004598514326142,-0.0003231768282214,-0.0073160091266731,-0.0101250183234559,-0.0114136666575351,0.0023775226911364,-0.0212624584717607,0.0055572716217382,-0.097596702135451
2024-03-18,0.0,-0.0068906283550331,0.0040560648970384,-0.0360462957575152,-0.0083511012991231,0.0024366173812038,-0.0219924246978897,0.0119768229062959,0.0063727813767313,-0.00029763138165,-0.0057060075685902,-0.0088216595801763,0.0333378942327426,0.015488850224838,0.0087517273146013,0.0131270187449961,0.0443477849747055,0.0077878966351419,-0.0178297721824112,-0.0036565837420721,-0.0069362954407221,0.029488398423608,-0.008849557522124,-0.0086648583484026,-0.0267964661527208,-0.0295350073485725,0.004487733945069,0.0062264537587288,0.0182124800838718,-0.0155642023346302,-0.0033499470993894,-0.003287228019089,-0.0235912974743102,0.0080405166660122,0.0312806642344949,0.0144087023153085,-0.0231682699578519,-0.0020978775960687,-0.0056341000211015,0.0044882003764297,-0.000931716804677,0.0027001478763828,0.004051359254676,-0.0092847124824684,0.024472880755721,0.0071467342138591,0.0016053733877068,0.0714261842163896,0.0,0.0043894553593633,-0.0570388349514563,0.0069415004089532,0.0084521586601029,0.0005498977190243,0.0,-0.000836820083682,0.0065062685539087,0.0025932482375228,-0.0004545672041723,0.0091479758590278,-0.0051141761877784,-0.0027824266057692,-0.0207871313672922,-0.0064016858014823,0.0021057163808588,0.0039645802259595,-0.0108379853078963,0.0041110557725712,-0.0008493525853252,-0.0226168791742561,-0.0296879998652994,-0.0038580306931231,0.0153375855467055,0.0190748207220206,-0.0011884279931976,-0.0065358650322786,0.0,-0.0381395726327262
2024-03-19,-0.0071257605379034,-0.0053119349005424,0.0040635831241782,0.0110955249965505,0.0037060384049181,-0.004042445679636,-0.0035695550965542,-0.003945025431149,-0.0056346381969157,-0.0111249293386094,0.0129047604888345,0.012516145356757,0.009427778844435,0.0196633330309099,0.0561643835616438,-0.0025886616619207,0.0038933405767576,0.0032697889851096,0.0124846609400841,0.0097824573836671,0.0079869832588872,0.0178221451433244,0.0089285714285713,0.0281067112563653,-0.0004220921895596,0.0123411042549421,-0.0067015262507643,-0.0017310524172071,0.0654739929618251,0.0118577075098813,0.0084030174122797,0.0020970008991783,0.0066402598278738,0.0013242041143801,0.0107347837490012,0.0192695064873511,-0.0002995432806384,-0.0088304871251322,0.0136530993357808,0.0073123858941097,-0.0056304862268748,0.0,0.0014444400832123,0.0,0.0238882660687591,0.0064509280354065,0.0120210022107589,-0.0619024595661057,0.0,-0.0131231971079444,-0.0115830115830115,0.0026834620487872,-0.011085082655931,-0.0074305311290889,0.0358651805685665,0.0303601340033501,0.0135681475833595,0.0254898164640284,-0.0013595346944638,0.0247103982452532,0.0137064306779433,-0.0139550841397327,0.0047179109773567,0.0180197310204111,0.0100029538924246,0.0023693546390257,0.0306812438062411,0.0294839445577408,0.011616529613823,0.0325589468587559,0.000999517593939,0.0,0.0241694360812174,0.0082100307269188,-0.0102903911543459,-0.0094820524356651,0.020000221394453,0.0249880966013535
2024-03-20,0.0,0.0209363560464967,0.0201642661587906,0.0133618385889897,0.0590605936987107,0.0357424027712172,0.010747027396077,0.0197933745530687,0.0127541622076805,-0.0009146411176913,0.0184206663731103,0.0247257616923592,0.0122911843218531,0.0093084059696997,0.1569390402075228,0.0302976491319135,0.0345885005636978,0.0136286611080085,0.0134504927016916,0.0193691096851813,0.0207881960854114,0.0200105282114508,0.0530973451327432,0.0164044711239907,0.0367317425885753,0.0146256067478316,0.0146367816669599,0.0096706866383673,0.003484032576976,0.0109374999999998,0.012290216531039,0.0134691695955686,0.0414169459071325,0.0172619001314673,0.0087742060067705,0.0139355101210456,0.045042588290745,0.0301104788894546,0.0165178956954552,0.0032242371054362,0.0132121922626025,0.0047090339713165,0.0020145960225446,0.018771765905037,0.013508581439273,0.0472361727503589,0.0332589996814272,0.040605395579792,0.0214258805801468,0.0265828660318891,0.0390625,0.0229159155974976,0.020780362911662,0.0174677002583978,0.0159828728568001,-0.0357650883966672,0.0073317603196911,0.0158509003447324,0.0036335571949706,0.0120572594401149,0.0272301844561939,0.0123835115681449,0.0219091717679065,0.0138287249556403,0.0072916528189514,0.0504352714697011,0.0042514576978029,-0.0125688289014235,0.006719074763855,0.0838206800145098,0.0189372007475028,0.008101228263331,0.0206491775930992,0.0066790602695128,0.0,0.0015640466385853,0.0018069690400546,0.0227854055802192
2024-03-21,0.0055759003330819,-0.0096486516565776,-0.0316204611220012,0.0011782924858605,-0.0074458669705211,-0.027456842674234,-0.0139979654120039,-0.0093171912832928,-0.0111904101995565,-0.0228221149078037,-0.004179577718527,-0.0008053447669605,-0.0004859369836919,0.0023056396624272,0.0026158445440955,0.0134438183626117,-0.1189521401795832,0.0058464534207214,0.0022098298431021,-0.0089073305670815,0.0082433439957672,-0.0012223029545779,-0.0504201680672268,-0.0047859070312101,-0.0088603710419863,-0.0007999498070708,-0.0033308981042362,0.0034348905614336,-0.0246203361695926,-0.0131375579598145,-0.0028792590606447,0.0035446824968117,-0.0201698904170035,0.0013229536277987,0.009152524122584,0.0039268516395323,0.0,0.0,-0.0015008637045845,0.0152754138576958,-0.0139771136334708,-0.0063638643985916,-0.0103460954735343,-0.0161191706964592,0.0020211113861943,-0.0191516560139454,-0.0191597882292833,-0.0292643698973751,-0.0027968589122985,-0.0312836054355263,-0.0150375939849624,-0.0067211768900977,-0.0203573302021489,-0.0272501015847215,0.0196552162618757,-0.0073761854583772,-0.0088593899698009,-0.0102846778000378,0.0045231146922419,0.0079396553148598,-0.0159033119487621,-0.0122320360087289,0.0015316941219638,0.0036987699110027,0.0165563569415942,0.013501569101274,0.0194062390654858,-0.0003230232253699,0.0033388185352125,0.0007673406747699,0.010759164174229,-0.0125789573562502,-0.0048136816193105,-0.0024265527641268,0.0107997987927566,0.0003893314622605,0.0154506972448738,-0.0274577440496722
2024-03-22,-0.0158571846863334,-0.0223289538616386,-0.0102176060920066,-0.0108191263996771,-0.0320844900596744,-0.0322527420041162,-0.0041351987123932,-0.0188096355388706,-0.0127273045793769,0.0071630721186688,-0.0083797669874809,-0.0155607901010329,-0.0136063682211245,-0.0059165992916319,0.0175177040626166,0.0240453171810202,0.03374066195023,0.0075547958788588,-0.0077173504195904,-0.0161760510091423,0.0221305169750787,-0.0257881604264258,-0.0383480825958703,-0.0282250107798786,-0.0162466152884814,0.0,-0.0334078767548763,-0.014436015690648,0.079288215081422,-0.0015661707126076,-0.0016511188403467,-0.0164791764870753,-0.0313373740406448,-0.0144721668537737,-0.0199588611534289,-0.0156459671663097,-0.017080690315036,-0.0201732327465772,-0.0307971948641261,0.0047482802702867,-0.015219610650207,-0.0114909213306654,-0.0139838028196848,-0.0117225015535845,-0.0141102585757668,-0.0151102264559291,-0.0296917660583415,-0.0351774232482607,-0.0147246921761106,-0.0467630436976486,-0.0203562340966921,-0.0187971964918578,0.0079291623669754,0.0098052744842813,-0.0025654273039853,-0.0087048832271763,-0.0118127455628694,-0.0257967356933084,-0.0148633484851365,-0.0126066607103336,-0.0182057596796477,-0.0088495575221237,-0.0080259009968476,0.0198093893399224,0.004582868122452,-0.0170221788388913,-0.0169622583151652,0.001773800473807,-0.0016638539611608,-0.0474407602267629,-0.0154855563522762,-0.0162769992273327,-0.0174250921326709,-0.0115157956123724,-0.0174125515683238,0.0081898855982038,0.0078625074677818,-0.0095883284859662
2024-03-25,-0.0145042071498302,-0.0024937905116017,0.0165071945073402,0.0049942352417939,0.012697885799217,-0.0083363992857078,0.0039700300031495,-0.0039954565382009,-0.0014373042560177,-0.0120615480020154,0.0169011617724326,0.006267351251308,-0.0004928795336702,0.0347104063159326,-0.0454212454212454,0.0072946076114313,-0.0122517348648003,0.0092320958263427,-0.0200250967269685,-0.013396966296385,0.0211729425080806,-0.0107125410007677,0.0122699386503066,-0.0154549625094947,-0.0020600740482172,-0.0048035414344694,-0.0241899204380406,-0.0034772017366363,0.0050975730857771,-0.011764705882353,-0.0132333136146806,-0.0053853975738185,-0.0115941186726332,0.0006664290253086,-0.0018508437670113,0.0,-0.0002917009442588,-0.0058786884382869,-0.0100740858970778,-0.0256099550252836,-0.0096637353733229,-0.000690470560416,0.0,-0.0047446194300739,-0.0118516560878143,0.0031999358408854,-0.0386438105111165,-0.0052085702588363,-0.0320244621532639,-0.0011777939522265,0.0116883116883117,-0.0061305061815583,0.0124791984041261,0.0152576177285319,-0.0193437762337684,0.0209895052473763,-0.0006471649340747,-0.0044139473024806,-0.0013707225252184,-0.0007969384282049,-0.0066223123696513,0.0014295865195912,0.0057803964682037,0.0082239574680178,-0.0091174608097803,-0.0037686243707089,-0.0024633471592848,-0.0085290452698091,-0.0052753845996864,-0.0128447751736183,-0.0091741864449087,0.0003588359362229,-0.0177341106445431,-0.0021328168513879,0.0128894696325108,-0.0284296258589972,-0.0161845183279879,0.0037602511609029
2024-03-26,0.0147176753620452,0.0016633433200732,-0.008119565998419,0.0037855512021873,0.0122145698291102,0.0,0.0053907688243499,0.012834748857077,0.0143493056357675,0.0053236981066937,-0.0872491890805752,0.0100214581823288,-0.0083765089551061,0.0022364007103861,0.0065234075211051,0.0024096996753246,-0.008236833179902,0.0045738219506306,-0.0158992690604492,-0.0117321541538599,0.0194427145526119,-0.0101865895382878,-0.018181818181818,-0.0219689562454168,0.0024771920569295,0.0056311812861806,-0.0271605263504524,-0.0014982454756929,-0.0065656913436463,0.0079365079365079,-0.0062857463558487,-0.0114347111205169,-0.0092704199127835,-0.0006659851934454,-0.0027814136125656,-0.0009861646895031,-0.0225822738330196,0.0,-0.0292265027087453,0.0072798584206246,0.013656435369566,0.0185798659750879,0.0198702043139629,0.0238074725022257,0.0177901153729098,-0.0121113766997897,-0.0075387770428353,-0.0680602236093012,0.0095575879007239,0.0304070168000423,-0.0064184852374838,0.0100251270263214,-0.0109840850649801,-0.0092912933232925,-0.0183957453008888,-0.0079714705265366,0.0071122590633849,0.0040617981878727,0.0105313524015737,0.0103850787188966,0.0272378199102565,0.0028508679309033,0.001912878626143,0.0142058718519129,0.001532472105747,-0.0045345545310822,0.0412994895741578,0.0219084212581033,0.0027901633066171,-0.0065146297244078,-0.0578704342784572,-0.0143841594892009,-0.0040155225367312,-0.0126608866121333,-0.0019900696524379,0.0069682760066016,-0.0066599242554655,-0.0342982184905928
2024-03-27,0.0032262563339686,0.0033261641574551,-0.0368009272674588,-0.0131980579198175,0.0210743478395336,0.0145597683467559,0.0007184733877458,0.0142524149102187,0.015556567744648,0.0183684220795692,0.0182089786932935,-0.0050943273133663,0.014414725032821,0.0216774955699941,0.0453678993518871,0.0175864773906222,-0.0083540964385168,-0.0008551314822432,0.0115342911358091,0.0131193544424113,0.0197780642268676,0.0064357035442694,-0.0648148148148149,0.0224624324408762,0.0359106067279477,0.0192301659503717,0.0024236023667356,0.0022467917077986,-0.0045024953588735,0.0094488188976378,0.0080121375797748,-0.0006060146958564,0.0112266194522201,0.0106783627543667,0.0213897244249992,0.0149086897192463,0.0020997551403749,-0.0025374886364639,0.0123653294653038,0.0092311198905941,0.0086650998266979,0.0074292617200204,0.005526164778757,0.0418793828892005,0.0223541138093512,0.0541942479809669,0.0371362048894061,0.0224667414944708,0.0152930161092836,-0.0669658355942446,0.0051679586563306,-0.0145027653578013,0.0121917370238811,0.0079977380134912,0.0174045348276246,-0.0044406851342778,0.0128417380507166,0.006255085631428,0.0181218164861181,0.0094889610656578,-0.0001856048343584,0.0095980121712397,-0.0015299382058385,0.014365695639517,0.0040825096691017,0.0075961210947279,0.0135603362933849,0.0131815950282918,0.0036212117079024,0.0081901369097512,0.0189561133923565,0.0262685408343172,0.0110846034441445,0.0091594572873823,0.010355970840953,-0.0039543172298966,-0.0059301380991064,-0.021637398093643
2024-03-28,0.0032066134084631,-0.0091128891547646,0.0403379462494986,-0.0040607490331887,0.0126038517114264,-0.0024973465692701,0.0116103993074785,-0.0054630973132469,-0.0069604968086941,-0.0058092749135888,0.0059611137707904,-0.0180582917323587,0.0088174545074253,0.0293307124549537,-0.0371991247264771,-0.0031705376237129,-0.0083752093802345,-0.0088269583078887,-0.0136806420924281,-0.0012317628888349,0.005539709494996,0.0038310649085784,-0.0429042904290428,-0.0194558176484967,-0.0063776566667219,0.0070637119113572,-0.0133178453725215,0.0024899633203188,0.0048255944199901,-0.0054602184087363,0.0012555551310946,-0.0088320881626949,0.0049298667762192,-0.0092467643991904,0.0104649433322427,0.0078240098408022,-0.0140716839159714,-0.0122905670561481,-0.008233096995234,-0.0127272556178716,0.0019064206364149,0.0036849314436722,0.0017355139310171,0.0892765797054624,0.0043739530431545,0.039164510904192,0.036610917798481,-0.0109895383434109,-0.008607235753133,0.0340669487204221,0.0012853470437017,-0.0089105632318853,0.0246243348409691,0.0221635307189305,-0.007896848555588,0.0352591333899745,-0.0085596383498066,0.0007319942820134,-0.0093435553425971,0.0078277089493274,0.014093475858258,0.0042256928801454,-0.0030645650067651,0.0169319584876697,0.0055898164179781,-0.02034798475123,0.0377896912025714,0.0028213083197174,0.0072094966942317,0.0422462023452792,-0.0223924593959176,0.012088830047126,-0.002988058071363,0.0037964405198291,-0.0138003193462329,0.0041659048763287,-0.0090790226362671,0.0272263830322865
