date,ABEV3,ALOS3,ANIM3,AXIA3,AZZA3,B3SA3,BBAS3,BBDC3,BBDC4,BBSE3,BEEF3,BPAC11,BRAP4,BRAV3,BRKM5,CMIG4,COGN3,CPFE3,CPLE3,CSAN3,CSMG3,CSNA3,CVCB3,CXSE3,CYRE3,DIRR3,ECOR3,EGIE3,EMBJ3,ENEV3,ENGI11,EQTL3,EZTC3,FLRY3,GGBR4,GOAU4,HYPE3,IGTI11,IRBR3,ISAE4,ITSA4,ITUB3,ITUB4,JHSF3,KLBN11,LREN3,MDNE3,MGLU3,MOTV3,MOVI3,MRVE3,MULT3,PETR3,PETR4,POMO4,PRIO3,PSSA3,RADL3,RAIL3,RAPT4,RENT3,SANB11,SAPR11,SBSP3,SLCE3,SMFT3,SMTO3,SUZB3,TAEE11,TEND3,TOTS3,UGPA3,USIM5,VALE3,VBBR3,VIVT3,WEGE3,YDUQ3
2020-10-01,0.0127534586113142,0.0,0.0835573659198913,-0.0019770643196254,0.0200594994776763,-0.0087260034904013,0.005743084857009,0.0016615016988388,0.0046422020228933,0.0140083476683867,-0.0161849325720379,0.0227819548872179,-0.0008977228185967,0.0268573246487953,0.0254896807076085,0.0168392097094958,0.0656435329802163,0.0079864775430624,-0.0091808327903807,0.0292743652743654,0.0201145395044413,0.0024270221202999,-0.0260384376937382,0.0,0.0456092920797037,0.0627593922552238,0.0219574776562156,0.0123940207419996,0.0368619125735789,-0.0228690228690229,-0.0017002919302879,0.0127453981024003,0.0493747388672423,0.0049091024260468,-0.0024039726964852,-0.0042711830930277,0.0160986339134912,0.0,0.0814419014544398,0.0091744500222024,0.0113525560663045,0.004918439851778,0.0015485407980941,0.0671559154960159,0.0218516546549347,0.0272386006699958,0.0204201453717076,0.0302690264063145,0.0260127503639375,0.0135290754326484,0.0397785020853047,0.057643209955738,0.0091165315425032,0.0122453565008988,0.0,0.0183441465235114,0.0215525093360049,0.0286108717606619,0.0246557814803483,0.021364103735862,0.0079400627061361,-0.0021508802676649,0.0011767345888817,0.0061905639998944,0.0337413703080582,0.0,0.0165327303772166,0.0208555423698131,0.0057282589605371,0.0458046626270924,0.0151296046403899,0.0129772222043236,0.0039956590370953,-0.0042298107763297,0.0,-0.002496409485123,0.0182643298619931,0.0215256306451814
2020-10-02,-0.0133799096505697,0.0,-0.008495814746128,-0.0194970220123462,-0.009021023080194,-0.0232862015845071,-0.0026909345170619,0.0048457739260088,0.0081602676567791,-0.0085348132269879,-0.0259696268277537,-0.0326092283564899,-0.0151611025335999,-0.0070387703078035,-0.0248561064895553,-0.0116799795280484,-0.0217298950677597,-0.0129628150869067,-0.0095946915351506,-0.0291483388820634,-0.0035632039046299,0.014507811531899,-0.0528325907065563,0.0,-0.0353910872464858,-0.0034637326813364,-0.0231377343873959,-0.0188522674704195,0.0030867069955018,0.0021276595744681,-0.0255794885509883,-0.019579060982191,-0.0378570072732491,-0.0108943448159939,-0.0072292971223527,-0.0117527460266296,0.0,0.0,-0.0012344321389683,-0.0154599964202613,0.0022553543144412,0.0023283882801288,0.0031092836754111,-0.0294608341810783,-0.0180915751702799,-0.0235704503234029,0.0070080552359033,-0.0418931784643213,-0.0154604876903204,-0.006674241400955,-0.0155453687474719,-0.0141136369150149,-0.0386021171683735,-0.0418223521142391,-0.0074878322725571,-0.0354635920277394,-0.0036500417943716,-0.0078905412587034,-0.029698078583179,-0.0160870449461052,-0.0073523470954189,0.0179253818723721,-0.0090310730139293,-0.0346109540265996,-0.0034233890429101,0.0,-0.013099360223807,-0.0036548933455818,-0.0042717246752549,-0.0144867444288047,-0.0167214923158116,-0.0199797721504494,-0.0049624134034295,-0.0091750808993674,0.0,-0.0065934201745062,0.0022416752032141,-0.0317867087204
2020-10-05,0.0223363566823298,0.0,0.0103505800874554,0.0545987833461083,0.024759559760155,0.0467533199081833,0.0175064002464493,0.0220717796531577,0.0142559391314904,0.0024604569420034,0.0088912073262621,0.0285790276924635,0.0294397327165254,0.023302278226027,0.0125019998628663,0.0344738302200851,-0.0166757138204322,0.0047462380669867,0.0137618832050703,0.006006006006006,-0.0018972059330802,0.0560175136943184,-0.0282258064516128,0.0,0.0051198048517597,0.0006815238874122,0.0084557910225295,0.0104797550187136,-0.0107779616199416,0.0,0.0227515673301939,0.028529437667885,-0.0061832354922528,0.0338130642591609,0.0582555234669832,0.0659608098953759,0.0260723930747168,0.0,0.0692212765497046,0.0032344809301974,0.0044833805720174,0.0023229794819283,0.0106285675570385,-0.0013835897865916,0.0163296789864111,0.0085510441439409,-0.027825709355609,0.0237363336223321,0.0136757573348174,0.0122223377620644,-0.0030335401344891,0.0207322099797599,0.0490109929523159,0.0531070828748478,0.0112536149880548,0.0659506064591552,-0.0063144942531949,0.0276186412209582,-0.0042189607032347,0.0629612021744971,0.0096993868359651,0.0024626420855595,0.0023776424378836,0.0081358138525791,0.0197999729693203,0.0,0.01647390953291,0.0230949679518077,0.0025025295109613,-0.0092302128005078,-0.0018482871059778,0.0120206661993405,0.0548834682994274,0.0217769613767098,0.0,-0.0048021597277946,0.0466811795235977,0.022501887528737
2020-10-06,0.0413771725420613,0.0,-0.0278941772468572,-0.0009578865996706,-0.0163435947577728,-0.0356984299955603,-0.006618990447356,-0.0059431993467017,-0.0035113970771609,-0.0061327370398793,-0.0352514017832522,-0.0029675052023689,-0.0180374730062039,-0.0138651888543567,0.045135440180587,-0.0076161189973897,-0.0131825910305384,0.0101633653622488,0.007829478134024,-0.0119402985074626,0.0031680202753296,-0.0022599272196666,0.0933609958506223,0.0,0.0314089584670846,0.0181502417762038,-0.0142590504704066,-0.004194606659419,0.0311542549865566,-0.0159235668789808,-0.0105118571771585,-0.0124802654464691,0.0169656474689519,0.0238869453990659,-0.0045873863617338,-0.0141929106058465,0.0128620512360138,0.0,-0.1710984723350684,-0.0046057897041723,0.0022231342773102,-0.0032446340563601,0.0017514015402277,0.0041565202787807,-0.0098879863925803,0.0022409792838504,0.0429390883231068,-0.009318752187002,-0.0119028943446544,0.0138764866253111,0.0091351800592069,0.0227219305805845,-0.0064619803063457,-0.004986068338466,0.0185887472800745,-0.0219075168282082,-0.0118818457104905,0.0032557317665768,-0.0037086360647998,0.0115313563441905,0.001047950450753,0.0024565923777832,0.0011887530750729,-0.0030532092322591,-0.0309897731539771,0.0,-0.0297164932252109,0.0113919157264006,-0.0017830589216867,0.003102917785716,-0.011114300615754,-0.008267060030785,-0.0236501509584105,-0.0162773506800709,0.0,0.0144822456543887,0.0185251530552392,-0.0104619954119877
2020-10-07,0.0142468565563254,0.0,-0.0047223830663321,0.0019176100523137,0.0037932902000725,-0.0009277667329357,-0.0073251988943889,-0.0130345488567387,-0.0105813220145556,-0.0127538624366799,0.0073126578057263,-0.0169132539643334,0.0143391045686827,0.0241007643028787,0.0100001079925269,-0.0019096346472581,-0.0076303423584695,-0.013656894872022,-0.0096886630826491,0.001180754363514,-0.0063045475424896,0.0181025334629343,-0.0575585072738773,0.0,0.0082287355928725,0.0013378373858656,-0.029786047942177,-0.001985372969944,-0.0377624497839762,-0.0073354908306365,-0.0081541036374082,-0.0131094768673823,0.001947257414099,-0.0147152525875865,0.032259692204188,0.0318745075567652,-0.0076184260355982,0.0,-0.1018126955471442,-0.0009254202318101,-0.0089069378561922,-0.0032551959760842,-0.0074367168024628,0.033009992892085,0.0170595398599573,-0.0136802805436391,0.1019644527595884,-0.0040313177887469,-0.0273075472821449,-0.0065471040755722,0.0108629807855922,0.0212801065478609,-0.004009084965071,-0.0070191599115696,-0.01092529296875,0.0209965659821991,0.0049784967673949,0.0109595917342926,-0.0196838180967044,0.0152158868084124,-0.0073279738018224,-0.0024505723204995,-0.0023691862862041,-0.0076631453973907,0.0115568725780716,0.0,0.0218096791862745,0.0093859366228306,0.0035724877996172,-0.0106613687845816,0.0093666952859887,-0.0302073969643862,0.0261647070104156,0.0264416357324275,0.0,-0.0131418431850948,0.0236418761595258,-0.0065607170255845
2020-10-08,0.0110815378543309,0.0,0.0197031597455654,-0.0143671406745797,0.0219499144073236,0.0212257893340408,0.0483092298896818,0.0566833445855337,0.0514185114735521,0.0208343166141875,0.0217550663293053,0.0114255205552589,0.0112539789959145,-0.0029450088456202,-0.0108045977011492,0.0201797769033609,0.0346118289025683,0.013109690395805,0.022490007755175,0.0066215566258391,0.0018952745258924,-0.0083297567640954,0.0026845637583892,0.0,0.0236773904666278,0.029393099301914,0.0324539591650734,0.0067085182693378,0.0502252890947474,0.0128232992827646,0.0087176461276092,0.0080668189605939,0.0163745913479813,0.0236781000488837,-0.0066967559024326,-0.0099495580545141,-0.0015995258258465,0.0,0.2018626687538876,0.0101890517045022,0.0483093450864267,0.0503965646928883,0.0603524563222168,0.0345455649323052,0.0184143851359297,0.0065571829534136,0.0293534068361731,0.0329437851413574,0.0478954563075102,0.018578231772856,0.0035820815125542,-0.0004616272360068,0.0341539258875356,0.0328391992430288,0.014748534402962,-0.007674038685941,-0.00310039732697,0.0164593459816373,0.0021747510255274,0.0389513250456832,0.0539639188963849,0.081140568197821,0.0106839019659701,0.0125759656302257,-0.0041800932915699,0.0,0.0104444060176378,0.0181855187984871,0.0007119541125424,0.0052135921236848,0.0181787986924875,0.030614830621499,-0.0254975705475613,0.018615370199009,0.0,0.0266337023093781,0.0274717421779733,0.0216519816352709
2020-10-09,-0.0080373944028505,0.0,0.0533269094228623,0.0012988174373693,-0.0341556678072892,-0.0025570551476118,-0.0067160184614762,-0.0020830415908136,0.0043592062972728,-0.0122454640925212,-0.0230738966419034,-0.007483356518283,0.0050190849154809,0.0059021026572743,-0.0300277253835886,0.0065994338287331,-0.0241478511027809,-0.0086237458786826,-0.0064760793465576,-0.0315809453993271,0.0080281446450201,-0.0050433676623858,0.0421686746987952,0.0,0.0458552038598165,-0.0205717252344332,-0.0093457047179497,-0.0153036939453529,0.0,0.0321888412017168,-0.0135787277299235,-0.0178838936009106,0.0297670808905345,-0.0135201010774296,-0.0202257143794494,-0.0110778723006451,-0.0096165966600115,0.0,-0.0723514624422844,-0.015587890448847,0.0032189193627851,-0.0035532994923856,-0.0029090562258572,0.0337636932707354,-0.0285261406519811,-0.0175402786378781,0.023339692381066,0.0683571307823991,-0.0055198060766541,0.041169538392809,0.0850726942146542,-0.0106569680175498,-0.0330259597073269,-0.0313100648475813,0.0218316711262465,-0.0174035747883348,-0.004554189740849,-0.002768077129084,-0.0243640601408797,-0.0093773067354396,0.0031685217413615,0.0233879760331137,-0.0015646551489149,-0.0143800853943446,-0.0160777525089668,0.0,-0.0283111430559834,-0.0064943819180042,-0.0049801331615121,0.055345620743219,-0.0160322076310126,-0.0177158349023947,-0.0193808205386357,0.0050567918838346,0.0,-0.008051617925188,0.0228778771224189,-0.016885096259092
2020-10-13,0.0132586650522172,0.0,-0.0044175353282457,0.010997984128199,-0.002004255950908,0.0016450976091246,0.0003151944037742,0.0005262327001001,0.0057870481263953,0.0140489070471885,0.0136335639154743,-0.0164498589028838,0.0299887788697486,0.0175971354482993,0.0182924451031631,0.0028122967676162,-0.0076380203680543,0.0003576058289751,0.0017029772740617,0.0150989814608297,0.0016820954102825,0.0309639848375899,0.0012845215157353,0.0,0.0072430247073957,-0.0315719728341891,-0.0163010315269505,0.0070212786734764,-0.0298970927964957,-0.0151767151767152,0.0152698529783987,-0.0129402629097564,-0.0063651758595484,0.0122632566207465,0.0082623181369183,0.005081060641868,-0.0110032681348639,0.0,-0.0055704194092686,0.0163004474033807,-0.0042726647677046,-0.0031293210101158,-0.0095816593329507,-0.0100480641865042,0.0198549910314871,0.0165786906778317,0.013515481634674,0.0596028821973591,0.0047575229555376,-0.0028185893736961,-0.0219317500262784,-0.0098322966144221,0.011056404940831,0.0166709935838,-0.0213652323989762,-0.0011263480978797,0.0045750252740162,0.0174279956515948,-0.004442561504469,-0.0123730497497791,-0.0129686620858979,0.0088906068805567,0.0356830839794692,0.0320541637718472,0.0089464363745084,0.0,0.0277505445024333,0.0,-0.0007150084317032,-0.0242543254431589,0.0311111470491916,-0.0132663210660483,0.0029700792021121,0.0087669618544197,0.0,0.0029304478435461,0.0292583280046061,-0.0263046227402014
2020-10-14,0.0036447285872196,0.0,0.032764686680127,0.0083207134443883,-0.0007302840218815,0.0288377313040621,-0.0064340384009432,0.0020862918354107,0.0009621338413907,0.0077415100560502,0.025977212971078,0.0398562249506966,0.0120197775622838,0.0278543291762032,-0.0119722471492045,0.0168089320456417,0.0019354548318855,0.0079806961883908,0.0169715089693984,0.026173339281315,0.0039639927802783,0.0049166917811167,-0.0109044259140475,0.0,-0.0155206039635105,0.0148125342090859,0.0305232271912723,0.0074668838851068,0.0123242975768915,0.0170994300189994,0.0059156424401936,0.0135931713840984,-0.0037375661955871,0.01211967242513,0.0059114118477314,0.0010110747960214,0.0124333704189567,0.0,0.002800811398812,0.0169480065808749,-0.0032223592272913,-0.0071543290991383,-0.0029457688778713,-0.0101500525661855,-0.0085184380744515,-0.0178116783921686,-0.0458303396081811,-0.0157692228416487,0.0441640685892439,0.045892590861543,0.0315396189199783,0.0009487945594586,-0.0059632635625801,-0.0079525763793889,0.0145341765993673,0.0802159388830943,0.0198769629638051,0.0272483476571572,0.0551858243888601,0.0132639089410295,0.0390781714576906,0.0122698813195027,0.0060577303281927,0.0,0.0235126510143606,0.0,0.0216032810482902,-0.0155255671183649,0.0028620801382439,0.0073900824947874,0.0183191260773074,-0.0091389128098319,0.0078723845038326,0.0138400161055709,0.0,-0.0040466279119523,0.0180674288702165,-0.0041249924490199
2020-10-15,-0.0260951530485686,0.0,-0.0145397501785274,0.0126951413862443,-0.0168178301480357,-0.0136621835548284,0.0068030690537084,-0.0020819482837047,-0.0067094293654117,0.0024276291681935,-0.0043622861568599,-0.0076351289345691,0.0037500147871243,-0.011214453061884,-0.0135239909618536,0.0027580500586086,-0.0345013477088949,0.010071993474483,0.0254215304798961,0.0199971451188019,-0.0002048131080389,0.0570664747313762,-0.0012970168612191,0.0,0.0107679428436315,0.0021911343333895,-0.003391870975139,0.0041966657682979,0.0045672562857055,0.0122457451224575,0.0215690301017554,-0.0009591076418149,0.0179507523814328,-0.0112707388978301,0.0253307691672788,0.0242882645870523,-0.011956749043583,0.0,-0.0223460674157301,-0.0040555814108104,-0.0043048706064753,-0.0067555147058824,-0.0088553438811753,-0.0025683608836706,0.015131519189566,0.0140471530092225,-0.0165962189134647,-0.0031263342480833,0.0007557873718193,0.0173288220231382,0.0277316434905712,0.0014188990285546,-0.0110011001100109,-0.0110132563569841,0.0143259605586525,-0.0560173284444851,-0.0052793542128911,-0.0151580557234302,0.0036968783783026,-0.0094500059751984,0.0111840505713589,-0.0146090857897215,-0.0127971324361715,-0.0149947201689545,0.0030065810719019,0.0,-0.0158570406154947,0.0035267165413463,-0.0017836950083464,0.0039990929150182,0.0031728184947594,0.0211614902647712,0.0606130221872922,-0.0084127152821672,0.0,0.00225862481664,0.002358138892724,0.0056498643859237
2020-10-16,-0.0126432683001376,0.0,-0.0291759227360742,0.0050135741386909,-0.0011149781019217,-0.0228339447561501,-0.0254331148707005,-0.0266046038675291,-0.0197660269615121,-0.0084728613858153,0.0,-0.0229644836536031,0.001873895109016,-0.0321355073610891,0.0557695114694094,-0.000928281647528,-0.0416666666666666,-0.0056967803096801,-0.0317058773926974,-0.0255718684002951,-0.0208383124494975,0.0041097222897719,-0.0188311688311688,0.0,-0.02320317636943,0.0,0.0118879845072719,0.0022141706924314,-0.0196913251729643,0.0077916752101701,0.001199165436309,-0.0043118039100348,-0.0199995494582234,-0.0110408131772951,0.0066089224477967,0.0069256524331513,-0.004253765100866,0.0,-0.0300003677687471,0.0036196410028186,-0.0194473893453485,-0.0163235089992133,-0.0161830220796038,-0.0179860990106678,0.0398860998678887,0.0158697587713196,0.0213174337403521,0.0113681282545747,-0.0045312995319521,0.0287543054761472,0.0011031867188244,-0.0141512484493594,-0.0247497219132368,-0.0212678936605317,-0.0141236260489303,-0.021535994692027,-0.01550739501544,-0.003076601962012,-0.0131592899117691,0.0117488747621921,-0.0017632443696401,-0.0312299455220839,-0.012957713581977,-0.0184793096054888,0.0033750402451342,0.0,0.020589505261005,0.0461148264625643,0.0114225605685658,0.0129533492994506,0.0154723064522319,0.0069076538387948,0.0433206411454889,-0.0036835840765373,0.0,-0.0200429886282217,0.0158455554208767,-0.0329720041705082
2020-10-19,-0.0090389417421631,0.0,0.0183057401221198,-0.0012502152009772,0.016750230249634,0.0331258367724394,0.0108954041204436,0.0123285574056895,0.0137721390311609,0.0215672462260612,-0.0105245095235372,0.0373228505445413,-0.0020703690197508,0.0078139014635898,0.0111879187493353,-0.0082418527822706,-0.0041269147670721,0.0100286912381373,-0.0310313797207466,0.0329538332985168,-0.0125528848389047,0.0066600469836042,0.0304434149569821,0.0,0.0054499087366828,-0.031315169862092,-0.0268505973642074,-0.0009803077688194,-0.010811230029471,0.0056968463886062,0.0115030462475769,0.0072230334511163,0.0016090770334136,0.0014445848202826,-0.0030628483690131,-0.0039172815887764,0.0009835874267518,0.0,0.0441830715602424,0.0004508233068258,0.0165388383957831,0.0073752833933828,0.0108198946985,-0.0052442727021804,-0.0247964002449778,0.0376868852515139,-0.0434843456355712,-0.0042636674322447,-0.0265341675408362,0.0155273609586163,-0.0038539203364287,0.0076512964862478,0.0108711149130311,0.0098203092352695,0.0,0.0115700844799819,0.0426951452773476,-0.0239308580353666,-0.0042639582426157,-0.0217756212105925,-0.0094741067844239,0.0074898217722205,-0.0108152586035354,0.0097481056727422,-0.0104672649014683,0.0,-0.0188603620655102,-0.0094896376869009,0.0060067868024027,-0.0006547814976445,0.0,0.0068602654994824,-0.0079547192901942,-0.004659721435851,0.0,-0.0080424431029957,0.0001220319127011,0.034483834032069
2020-10-20,0.017482663112518,0.0,0.0515627440848844,0.009681801578474,0.0086042151392622,0.0313489465738601,0.046082283899048,0.0370512044977404,0.0431848202319773,0.0007926636721593,0.0212729059483207,0.0553051454710245,0.0047740855563283,0.0029055309792422,0.0292168864769355,0.0129426256527698,0.0270336152889842,0.0382917726442388,0.0078789694427801,-0.0080451488952929,-0.0017303074532698,0.0518853550177227,-0.0032113037893385,0.0,0.0352452684434143,0.0225702281329212,0.0094924693076825,0.0154801280915979,0.0296834083389523,0.0254905927574347,0.0104242598467503,0.0114706565885724,0.0563006618747303,0.0104242058705268,0.010989539883206,0.0088485458203768,0.0091933348322466,0.0,0.001410281547969,0.0238754810924215,0.0303624549216425,0.0338702899565763,0.0398106516629404,0.0223759315046772,0.008345876368921,-0.0076443670219961,0.0100014631189515,0.0136239944417577,0.0140183768701591,0.0433270820958773,0.0425212576389968,0.0056993377405054,0.0343429357215894,0.0338205142674417,0.0,-0.000279310104043,0.0099364503941821,0.0359805746939054,-0.010177365584375,0.0133524618601554,0.0452339533153345,0.0242413480320402,-0.0058609253520361,0.003948133425276,0.0015095436705394,0.0,0.0107291997639689,0.0115757405388605,0.0073625892987316,0.0278871762905876,-0.0107347643832612,0.0078612566296814,0.025817821345963,-0.0017747743135547,0.0,0.0009260484191029,0.0181588444716798,-0.0018734414904842
2020-10-21,-0.0007470552718563,0.0,-0.0451605530796479,0.0114384664162723,-0.0166965659497557,-0.0091583276660514,0.0074932215923095,0.0091870609125297,0.0102314318459093,0.0198974860910776,-0.0225618384558783,0.0255117039120635,0.0028860367441752,0.0009657044422404,0.0473124872266503,-0.0027404299049413,0.02022215892908,-0.0061451949626237,0.0060933923847457,0.0088239603973012,-0.0034548220118149,0.012571663820444,-0.0289948453608247,0.0,0.0086061623604762,0.0264525111209208,-0.0222108633593086,0.0048362691907026,0.0303505619346389,0.0011836654172421,0.0192278381975892,-0.0122869881561311,0.0380694557905896,0.0,0.002610406715648,0.0078190512884435,0.0006477378683236,0.0,-0.0380283283489439,-0.0057214594411295,0.0042096774193547,0.0061962569549822,0.0090576856431745,0.0025782688766113,-0.0094555224986875,-0.0248020160780897,-0.0189046283745331,0.0069123785251743,-0.0215101715500226,0.0019510135675402,-0.0164214631907998,0.0372977108221033,-0.0004942900971536,-0.0010007095940759,-0.0107294851045973,0.0016763288398407,0.0238128703022963,-0.0015239041762428,-0.0070344550592419,0.0256220447668662,-0.0245075133175716,0.0088372834022136,-0.0023570975433683,-0.0072052901644421,0.0030145367661835,0.0,0.0070731282874609,-0.0132190737837142,-0.0024340664039629,-0.0156395360856711,0.0087497755243177,-0.0187185629515795,0.0191015096527584,0.0163318802176823,0.0,-0.001623805747517,-0.0616408076740754,-0.0105066491771588
2020-10-22,0.0149625168981197,0.0,0.0337849158668228,0.015593225788302,-0.0297168393145107,-0.0226564083121433,0.0434114596075745,0.0338977288181696,0.0460371627494213,-0.0003914487391561,-0.0026754071019896,-0.0097293651462776,-0.0135931870291517,0.0608119736121612,0.0012342667577323,0.0064061829111206,-0.0257770333147218,0.0219969168741847,0.0127629402032616,-0.0084689031475774,0.0056439017464149,-0.0009562028957137,-0.0152621101526211,0.0,-0.0159495434620434,-0.0014225221648802,-0.0096069438279824,-0.0038513320167188,0.0044192199116155,0.0250246305418719,0.0034493529970822,-0.0023927022581127,-0.014914627050604,0.0053374056129809,0.0051993067590987,0.004834937483134,0.0175518164089074,0.0,0.0131772169838344,0.0128294438639267,0.0377282729156294,0.0404764897035854,0.0514073403375119,-0.0115627054410456,0.0035803181234768,0.0069139034917258,-0.0018351333108336,-0.0045766170407657,0.0,-0.008286834276083,-0.0183109597508775,-0.0172918510449996,0.031735475179482,0.0337303755509417,-0.014481337857489,0.0492852660205007,0.0044247553976208,-0.0198783163360525,0.0147117457052219,-0.0178455431252254,0.0176484257473776,0.041597770552717,0.0019734570033054,0.0158445927614088,-0.0082706264749097,0.0,0.0329433274432966,0.0315889249874647,0.0048866056885101,-0.0171866413242464,0.0065944222021052,-0.0111334833589956,-0.0008534131257046,0.0039781105796996,0.0,0.015533197165696,0.0473219961856326,0.0034143980324694
2020-10-23,0.0235810504010896,0.0,-0.0218913881524872,0.0048158729907479,0.1603579367929821,-0.0226532454937631,-0.0035640258485664,-0.0019566575684831,-0.0043993527791139,-0.0019516939945932,-0.0204735748046127,-0.0101938882077827,0.000415075543749,-0.03093660282377,0.0434774134763904,-0.0081914058500289,-0.0122265736937624,-0.0124400169071514,0.0003500583430571,-0.0149360203308217,-0.0040944548374572,0.0262868339739241,0.0154986522911051,0.0,-0.0147044081898604,-0.0308431340069571,-0.0149883976855126,0.0002401672694394,0.0395832720209541,0.0261437908496731,-0.0144421189280841,-0.0057573688213772,-0.0208473207835805,-0.010261890978541,0.0043142812155565,0.0019470492133473,-0.0057496880014262,0.0,-0.0101159811073116,0.0004370378861695,-0.0060516947840891,-0.0101546929866185,-0.0128062360801782,-0.0116784037558685,0.0055454874954694,0.0046588792957507,0.0027577608250035,-0.0068964881463206,-0.0290424242424242,-0.010326002987073,0.0027444131589267,-0.0176018935457799,-0.0153713926812336,-0.0129497163395468,-0.0073778051029819,-0.0366166482808117,-0.0170322824835591,0.001561415683553,-0.0263147404686654,-0.0261615623449872,-0.0225002003044627,0.0108135345319635,0.0035342841980294,-0.0028176913626409,0.0011336468633897,0.0,-0.0102045772196709,-0.0075594144228121,-0.0066019162619765,-0.0079173151647037,-0.0193037117312381,-0.0080382214769565,-0.0016977391597772,0.0055484040310398,0.0,0.0141596106572641,-0.005357346094855,-0.0154972056356635
2020-10-26,0.022318171960332,0.0,-0.0280743283228783,0.0101841896953014,0.0190164451790275,0.003284791415745,-0.000894193390499,0.0112687194187715,0.01237789022419,0.0054741638452044,0.0090932802200409,-0.0090487877606257,-0.0081439596002702,-0.0300472293948447,-0.0318412745848821,0.0018410819367493,-0.0102988105599072,0.005446549958878,0.0124227225008748,-0.014296059693,0.0041112883218146,-0.0111765483411417,-0.0424684804246848,0.0,-0.0275458620799287,-0.0177753469610991,0.0017895779831356,0.0135355903636011,-0.0296257501981654,0.0164855751217682,0.0211657812589254,0.0028981460799641,-0.0187567267298546,-0.0078687016642253,-0.0094459425561269,-0.0115479115479115,0.0078776739466208,0.0,0.0145991930343594,0.0078632454148972,0.0071162739999066,0.0094046892704608,0.007076518142508,-0.0354887872849988,-0.0047270611376873,0.0053685892035075,0.0,-0.0173609499513496,-0.0080794966543493,-0.0243410610673119,-0.0180505201298547,-0.042903902545087,-0.0141677298059491,-0.0155650357888722,-0.0148033446887581,-0.022046244688483,0.0183007374844241,-0.0042840303684519,-0.0060648949609319,-0.0208934669005981,0.0052765636558491,0.0374314565402482,0.0203623239762957,0.0117311478044273,-0.0034083010067942,0.0,-0.0133193034489526,-0.0040992221988649,0.000700252355094,-0.019953043216037,-0.00632717115209,-0.0302534311818292,-0.0068341942094199,-0.0149732857920401,0.0,-0.0020260385743052,0.0132216679516903,-0.0222653835967158
2020-10-27,-0.0338071085568819,0.0,-0.0192406049830731,-0.02728169381971,-0.0146394048944926,-0.0405571319436866,-0.0214892694967309,-0.0256911522734307,-0.0279414444511936,-0.0167233131923464,-0.0324384656053574,-0.0172385857299923,0.01052946097765,-0.0280753138075313,-0.0166444001794179,-0.0183082868183769,-0.0375201524256192,0.0020282621215788,-0.0067112160838758,0.0281278083530669,0.0122715988375514,0.0108350166349808,-0.018018018018018,0.0,-0.0287119195987785,-0.0143036124451869,-0.0339614262789783,-0.0054859298209756,-0.0624899715556852,0.0138223368964245,-0.0100229679304513,-0.0153954086604046,0.0136885122643761,0.0082888657102979,0.0238440049698092,0.0233656475267212,-0.0186648336096397,0.0,-0.031654886249397,0.0294596226951362,-0.0282639619024058,-0.0258183733561294,-0.0284954747752322,-0.0204391545249333,-0.0245546685430171,-0.0072807967310162,-0.0421588358639875,-0.0007853732498178,-0.0301547507576444,0.0076405093672911,-0.0083616378192172,-0.0103456744642965,-0.0168233210734232,-0.018258961759533,-0.0187979378850748,-0.022529131281212,-0.0118534312978902,0.0199423792531365,0.0016652250407478,-0.0091426699679186,0.026713169256108,-0.0472517285662043,-0.0172684626152744,-0.0255595706098029,0.0095061311733604,0.0,0.0047907169498548,-0.0176477853253241,0.0048917348824926,-0.0179856115107914,0.0081359832878331,-0.0122575468304696,0.0103165149323576,0.0004792566447522,0.0,-0.0191729738349628,0.0059236035299623,-0.0208085021851409
2020-10-28,-0.0255089820359281,0.0,-0.058183714519854,-0.0295738464436438,-0.0171436630501575,-0.0269226941178143,-0.0500361045588023,-0.0601946293014079,-0.0566054579052142,-0.0379713614512587,-0.0390994972921776,-0.0712119695461959,-0.0277229127981927,-0.0338639200998751,-0.0338571554692328,-0.0260851309505065,-0.0800720775595147,-0.0327780091628489,-0.0333768305060171,-0.0323475930711073,-0.0646938490864288,-0.036814458362414,-0.0988002822865208,0.0,-0.0591347901603587,-0.0772163965681601,-0.0471698113207545,-0.0290102149960065,-0.0620186398220037,-0.0172695873477548,-0.0306026803520621,-0.0341959125507537,-0.0512223109377522,-0.0614930236277135,-0.0588671778382389,-0.0609004791662065,-0.0557368538159164,0.0,-0.0950968166412927,-0.0029472463608064,-0.0467158859470467,-0.03953234827467,-0.0445964642582628,-0.0653622156115136,-0.0369476548369815,-0.0295934113801591,-0.08995401641328,-0.0322200257842715,-0.0310923322882711,-0.054573364387042,-0.0275231032238046,-0.0532617799423024,-0.0614305507447177,-0.0608747044917256,-0.0497853527263406,-0.0737779445510831,-0.036380160721119,-0.0720861639327895,-0.0288139575867943,-0.0515410792416141,-0.0312853021817118,-0.0378703348299963,-0.0464687652911434,-0.0414300850335515,-0.022232127932245,0.0,-0.0545913485333421,-0.031536165096259,-0.0125212684189435,-0.0269503069910401,-0.035088861651601,-0.0558364614264104,-0.0774469966524201,-0.0363017983239688,0.0,-0.0200105055153956,-0.0492562248566579,-0.0637520921032611
2020-10-29,-0.0358957027569538,0.0,0.0167431313610715,-0.0018832702823253,0.0320606117755102,0.0321461187214611,-0.0057769489601492,-0.0079439917446535,-0.0100018925056774,-0.0016501320771037,-0.0019460661662497,0.0395848786270818,0.0113615628839391,0.0164978082756392,-0.0149556053060415,-0.0057483653086153,0.0682263359726322,-0.001748266804461,-0.00614987700246,-0.0100154946757656,0.0002236858456567,0.0188705150109835,-0.0070477682067344,0.0,0.0228108587701598,-0.0008417508417507,0.0038814512680502,-0.004444743753788,0.00991954880982,-0.0103588605253422,0.0087845320916581,0.0227651987563455,-0.0225607821316398,0.0449523160400213,0.0125985545335085,0.0202685226551293,0.0006938171726296,0.0,0.0032845567497008,-0.0021113987843881,0.005441313927093,0.0180972508051937,0.0050523741331316,0.0029811270004931,0.0046373044153527,-0.0015101797949077,0.0273436083408882,0.0296386717015448,-0.0086787883982812,0.0149627680421029,0.0138632567392569,0.0042070773263434,0.0370158507556328,0.0332166456891125,0.0039784221173295,0.0267541331006435,-0.0132537629545468,0.0078547058744413,0.0456373809163768,0.0429835262278446,0.000159859323795,0.0431091669024767,-0.002046948678036,0.0089700714204739,0.0134830180077503,0.0,-0.0013785882558241,0.0340052399273018,0.0,0.0017748916089412,0.0363648633092383,0.0029891929179122,0.0369022216643655,0.0292073461343906,0.0,-0.0084484034814569,0.0112461271149746,0.0115630848025214
2020-10-30,-0.055088751739449,0.0,0.0215891704053319,-0.0223481024181134,-0.0211096677829287,-0.036425411431605,-0.0374625374625374,-0.0304163416099498,-0.0302992649799757,-0.0247062508747493,-0.0320334261838439,-0.0313938809984083,-0.0095380137357019,-0.0395559476386431,-0.0091116642702164,-0.0134783551347834,-0.0550619834710743,-0.0245013458485748,-0.0317244710072744,-0.0331743769397785,-0.0263890269356922,-0.0246896944107561,-0.0315457413249211,0.0,-0.0408196102024541,-0.0654821168721759,-0.0338477669648414,-0.0106637933533692,-0.013090682128016,-0.016822429906542,-0.0124706418182868,-0.014346643766996,-0.0354503154537028,-0.0029147833531217,-0.0306665368955504,-0.0268258394597958,-0.0319196253368566,0.0,0.0049094416163237,-0.0054943149102664,-0.0151731465188086,-0.0235496736765772,-0.0175784064165985,-0.0459919100721836,-0.0037771430764254,-0.0547727993476192,-0.0225210914610469,-0.0287855074951343,-0.0236162600923034,-0.0447574917600981,-0.0398857234532248,-0.006806228057582,-0.017064360575811,-0.0181395968555494,-0.0160521190140371,-0.0508999301909127,-0.0350020122523812,-0.0135318478845921,0.0005495459015447,-0.0132197126063966,-0.0300507984516614,-0.0401312805187181,-0.027904744492184,-0.0316709034985464,-0.0277543492684683,0.0,-0.0339589231002224,-0.0023922735044294,-0.0084555766224261,-0.0478563009903415,-0.0526313773555998,-0.0244191034003342,-0.0302516754520142,-0.0237022432328006,0.0,0.0099361614497528,-0.052480274022876,-0.029633704626889
2020-11-03,0.0492619698042786,0.0,0.0856359551702692,0.0222114062004019,-0.0082927858647262,-0.0015720382872128,0.0100611079927561,0.0253220749673994,0.0342227435364157,0.0422247430570741,-0.0140483976455199,-0.0073095641333978,0.0459999028513138,-0.0401239146061773,0.0026265284575255,0.0078202263653346,-0.0209904886848146,0.0071724211122117,0.039871563065029,0.0201563737815588,0.076412638456434,0.0900675468222289,-0.03257328990228,0.0,0.0021880082560843,-0.0044664809047696,-0.0060141536096226,-0.0005030402187981,0.0,0.0498098859315589,0.0030976588582718,-0.0030086717120968,-0.0088334569009248,-0.0135279477076083,0.0628132504413745,0.06124043858195,-0.0168463915389674,0.0,0.0423456565471911,0.0365800065570569,0.0099116714988873,0.0143424741464139,0.0245090849832967,-0.0140082925343765,0.0193755365279215,0.0160231831052382,-0.0523515462304238,0.0146161852626791,0.0035866099893731,-0.0016530118742555,0.0071208683860435,-0.0168660766496494,0.0394641564083997,0.0374728598014888,-0.0081228668941979,0.035433322673489,0.0294424299996525,-0.023272802702008,0.0010869251004537,0.0701315776367819,0.0509230112688077,0.016540182914964,0.0185729399318208,0.0164766628955996,0.019166040136487,0.0,0.0247033428199312,0.0525480002471232,0.0042671962641904,0.0390928309045166,0.0255519752242874,0.0128183747725894,0.0623907764235944,0.0460760834456088,0.0,-0.008436560126421,0.0196477720201173,-0.0021824092795038
2020-11-04,0.003128515562222,0.0,0.021453457104777,0.0248837584826289,0.071740006670063,0.0614133833646028,0.0073081480083461,0.000387859107924,-0.0072527996187753,0.0332295184080253,0.0101756527276586,0.0579367294129586,-0.0212686913717841,-0.0099019905021723,-0.0257659227904177,0.0319467916916533,0.0642936906756002,0.0256491311258046,0.0154090595677069,0.0073941022749524,0.0308232169954476,-0.0424324362386806,0.0353535353535352,0.0,0.0726797709062594,0.0249845647252522,0.0654641402997975,0.0448957254265778,0.0348167626402156,0.0431003259688518,0.0425161781761036,0.056871209605537,0.0592160625968849,0.0074084819347017,-0.0388285309400094,-0.0375114364135407,0.0295281903732143,0.0,-0.0265627903721349,0.0320051682020983,0.0228668714114033,0.0390511316316912,0.039932240054717,0.0804447506592858,-0.0049555993414126,0.0696463433220357,0.0276154666937655,0.0480192040053568,0.0124972424442972,0.0237444507107429,0.0559834595774277,0.0396773417450813,0.0045628700801114,0.0035689593960797,0.0287660862982588,-0.00708814627216,0.0242509495006328,0.0421237303785779,0.0370366092415379,0.0375565442394683,0.0396746581538498,-0.0227156712608473,0.0372994806693596,0.0157387060871549,-0.0007717450517523,0.0,-0.0078790196828384,-0.0199306947481924,0.0272381079636558,0.0662824653348546,0.0328669591853629,0.0343609433355036,-0.0345439008758812,-0.0277871276249503,0.0,-0.0025962008071357,0.0631140323109773,0.0406614844684893
2020-11-05,0.0397855319512534,0.0,0.0029072096510203,0.0381080502397659,0.0007808115094289,0.0463947539892695,0.0122098469865723,0.0193313376852886,0.0154755961752621,0.0203892551861557,0.0362607199611257,0.0260061028613904,0.0188128677168342,0.011111578012162,0.0291362941743384,0.0365752725095531,-0.0178894630537995,0.0583541659532207,0.0245047385669154,0.1012092287480057,0.0216901278866501,-0.0214577756860899,0.06260162601626,0.0,0.0575516628448147,0.0426070195165044,0.086953737110651,0.0393705574261129,0.0592975007237286,0.0192708333333333,0.0583280947099229,0.0480946789921339,0.0293070926137577,0.0673328122107255,0.0031452722626301,0.0079987016600202,0.0527611020377285,0.0,0.0016049600040992,0.016327914604485,0.0415293234555007,0.0220286434019765,0.0236006699347652,0.0540053213712428,-0.0049857047529661,0.0454522324109223,0.0505451309055846,0.0481103588357598,0.0881875524277451,0.0582456388163006,0.0184131012811215,0.0680726880033939,0.0050449013557087,0.0086206896551723,0.0320422770753896,0.0046502947260369,0.0287417254923505,0.0445101096914817,0.0430705144626488,0.0283925255443022,0.0238310691400704,0.0230664477856956,0.0355577312476356,0.0323523214160286,0.0245786197810184,0.0,0.0285043236895483,-0.0063927102695939,0.0179048758755697,0.0114262084575706,0.0660811615444512,0.1509312455680815,0.0178899387073219,0.0157542046501515,0.0,0.0258298541312302,0.0431881547248464,0.0063051702395966
2020-11-06,-0.0059988495357055,0.0,0.0380151330130216,-0.0020742043694496,-0.0145014621640027,0.0001788612500415,-0.0065197494935367,0.0010526129568695,-0.0023823929813946,0.0050001243812036,0.0106838690053736,0.0259838148938036,0.0172313424147163,0.0010983530641082,0.0540048323925517,0.0135736613210111,0.0250527496594641,0.0174000970716712,0.0366848217630615,-0.0086982986882552,0.0261712330309102,-0.0100097692943563,0.0382555470543228,0.0,0.0146714480918135,0.0266918306821246,0.0295694700868129,-0.0004634233034432,-0.0090791771046838,0.0078351217850451,0.0032280636283061,0.0081782705193069,0.006851850180098,-0.0217157724830759,0.0071608204324253,0.0029670860454953,0.0602112720709142,0.0,0.049679811145922,0.0175797665868946,0.0051232237141021,0.0038005774119878,-0.001172998617804,0.0415580080529069,-0.0083475093779988,-0.0152740866213019,0.0542435901961477,-0.0043719413244276,0.0,0.0310937885835942,0.0109596681837333,0.0381502055260323,-0.0035188794783778,-0.0070332834911668,0.0309826289862586,0.0510093504241748,-0.0005927365739827,-0.0105568538963656,-0.0327335824879871,0.0262216716969938,0.0017676820136467,-0.0154761362082327,0.0023152624680375,0.0101649248856956,0.0194993792124866,0.0,0.0172652411597813,-0.0272891254263926,0.0250335441824802,0.0229241980834338,0.0190255237031387,0.0096189512199722,0.0087823223155767,0.0102309859154929,0.0,-0.0101685121563651,-0.020408163265306,0.0237999212590864
2020-11-09,0.0732060185185183,0.0,-0.0183059568573124,0.003560384193922,0.027528884811109,-0.0489263620828972,0.0724777194671304,0.0910568962013236,0.0949926083165915,0.0179702970297028,-0.0090912510815455,-0.0205818032712196,-0.0006066155430926,0.0329263013064959,-0.0012370101660638,0.021437071551883,0.0933322910966936,-0.0106463334154932,0.0144548840829488,0.0108316549589821,0.0114410451608655,0.0086687212497533,0.1046425939572586,0.0,-0.0152179960548277,0.0138055222088835,-0.0253436221253542,0.0143232683339635,0.1313067859714711,-0.0268717255365895,-0.0066523452151784,-0.0108141664014856,0.0209491446401033,-0.0084565450802311,-0.0174221112453283,-0.0129339999082694,0.0088831829544955,0.0,0.0152670675627872,0.0176669756180605,0.061025033513109,0.0677907895188707,0.0809870743821434,0.0132999499248873,-0.0092590047119756,0.1451054827293039,-0.0165072491266448,-0.0321990190868287,0.0072881627422713,-0.0464672224523612,0.0504067522039746,0.1404595995315887,0.1021655213003513,0.0941624837330361,0.0,0.0364702243301762,0.0078757827694544,-0.0055297879819273,0.0645529864380771,0.0087467274149128,-0.0279407966548715,0.0760967704595438,0.0138541270292142,0.0150737522731865,-0.0367740602607458,0.0,-0.0040248064124801,-0.0244491875516387,0.0029670631061908,-0.0142905225366729,-0.0547179953833666,0.0035120274486117,-0.008705864606566,0.0,0.0,0.0450449878805567,-0.0222610722610723,0.0672919548854551
2020-11-10,0.0696183029696106,0.0,-0.0050622137105356,0.0266023175025063,0.0115476704034902,0.0046450085309377,0.0510756579899815,0.0559541935274872,0.0645099871914702,0.0236650780528133,0.016919338918276,-0.0324867134168325,-0.0213933140167436,0.025509413162926,0.051714054014204,0.0218404384496733,-0.0040752126975048,0.0039137842355663,0.0068778429330849,0.0348742558619852,0.0033837277400603,-0.0448675496688741,-0.0160106737825217,0.0,0.0158383677557283,0.0055876258140912,0.0303282378501106,-0.0127541737301297,-0.0121483808930482,-0.0071205279610975,0.0069153401342501,0.0018194283303449,0.0048740433043377,-0.0231024085912547,-0.0531765676567655,-0.0423307467125133,-0.0229569354921573,0.0,-0.0165410832690705,0.0084880702341345,0.0325992742658185,0.0264207377866401,0.0452409784451441,-0.0196880744825951,-0.010194624652456,0.0112548058107144,0.0167843119453459,-0.0465028195931747,0.0056352866343325,0.0171059687612427,0.0232172192979513,-0.019575350612778,0.0794553250302336,0.0680316030923455,0.0488494907582044,-0.0201514914661702,0.0175793882203256,0.0166859202041449,-0.0185830429732868,-0.0413320637381713,0.0033280193630218,0.0765672733531259,-0.0026536696762734,0.0062504976510868,-0.0160298018851949,0.0,0.0287029869775063,-0.0145859358642285,0.0072403420673197,0.003624425569451,-0.0680954026961632,0.0844590611523068,-0.0386726519787398,-0.0004740235115661,0.0,0.0147361518424742,-0.0377442321654981,0.0496739665354328
2020-11-11,-0.0203813399110567,0.0,-0.0171550142395623,-0.0112266836240311,-0.003197553694506,0.0240257309617224,-0.0061155340073275,0.0018253633470106,-0.0040893644005788,-0.0102733421616775,-0.0176084819373063,0.0531939828476299,0.0090697375042423,-0.0207262588598878,-0.0656955796380155,-0.0342042297624972,-0.0387652548456568,-0.0123439989112944,-0.0480065315008845,-0.0061633824642964,-0.0100953328001036,-0.0030019382593485,-0.0325423728813559,0.0,-0.0068445534292288,-0.0103403863845445,0.0016812150340517,-0.001155243095512,-0.0191253084727173,-0.0041980059471751,-0.0092263445142456,-0.0309214855368095,-0.0086782872399463,-0.0196420399654244,0.0047928194849897,0.0105288694808345,-0.037657242244064,0.0,-0.0198778467778504,-0.0045953567237809,-0.0157779421807421,-0.0034545426060255,-0.0083149622980014,0.008025326154901,-0.0047208952880755,-0.0338012617847681,0.0135942051631192,0.0142742533510842,-0.0072047675993001,-0.0366932066178581,-0.0191626118820207,-0.0170524067276385,-0.00084388185654,-0.0086701983805024,-0.0214589702091948,-0.0332999753440949,-0.0439550706969669,0.017976537227119,-0.0014951394759087,-0.0027863722663665,-0.0015077183582107,-0.0228013029315961,-0.0178936767901628,-0.0083481701285855,0.0023289164228761,0.0,0.0,0.0079213688354538,0.0003270212070165,-0.015519178358915,0.0142505025366133,-0.0682054861929666,-0.0118830911866131,0.0069658708593935,0.0,-0.0140853498001483,0.0197390648227395,-0.0211144087839959
2020-11-12,-0.0187928467716737,0.0,-0.032331955149863,-0.0518363409461538,-0.0204612372397506,-0.0292429329578685,-0.0418618402209965,-0.0351086715203295,-0.0394778732887616,-0.0174299651400695,-0.0010007093635995,-0.0035037262756644,-0.0043955279272592,0.1058189260885473,-0.0050517933866521,-0.0230284488635419,-0.0276076674134927,-0.0233511918753089,-0.0028301077727909,-0.0126630874544477,-0.0245894479385045,-0.0215510087958462,-0.0294323756131744,0.0,-0.0513029367781348,-0.0322004908157954,-0.0486923704223483,0.0071644907676176,-0.0222936613320287,-0.0165115053574564,-0.0339989865055084,-0.0258078884899314,-0.0306399072559849,-0.0166954519286125,-0.0119422401457005,-0.0208383348537956,-0.032775722932078,0.0,-0.0280812460490667,-0.0046103996296867,-0.0122725104439208,-0.0266002185242538,-0.0244397417838808,-0.0292052569462503,0.0090584404610338,-0.031994321545435,-0.041193635412652,-0.0039091259685166,-0.0572102653951062,-0.0343912594655636,-0.042670705091087,-0.0270851904402728,-0.0410793336439889,-0.0423981769746766,-0.0586217457886677,-0.0395481073620092,-0.029311913857086,-0.0276381386321704,-0.051895003624396,-0.0257996844452671,-0.0116288974326211,-0.0277791411042943,-0.0434120910552957,-0.0345249494627087,-0.0058030400146508,0.0,0.013074101328435,0.0045501379726897,0.0310260174436536,-0.0238095238095238,-0.0147698986633949,-0.00988664136669,-0.0009153946495181,-0.0146221593034111,0.0,-0.0080354433452691,0.002603569900192,-0.0397913147597767
2020-11-13,0.0335197100390547,0.0,0.0273878565510712,-0.0052203403516564,0.0598603100491317,-0.0014852727881289,0.0097776406379572,0.0274125851932369,0.0355336851856573,0.0241509019186378,-0.0089773663855956,0.0124206885493733,0.014759158949269,-0.0047823142264799,0.0452797369783681,0.0262772728819904,0.0392975090243463,0.0303080600185898,0.0885843701622612,0.0481015989998026,0.0309519545067837,-0.0117841854454406,0.0440433212996391,0.0,0.040755820583165,0.0407637928384816,0.0167658463163979,-0.0061930571629006,0.0612580414581844,0.0178603322021788,0.0199503265688094,0.0183004349280695,0.0531217316174799,0.034712112580965,0.0120865809985253,0.0095621046437504,0.0255864280685895,0.0,0.0770463446664004,0.0127419734867744,0.0171959607785745,0.0213836376410163,0.0189686319592707,0.0383054130349671,0.0444389857192306,0.0063894652930329,0.0689413602223396,-0.0149136621507179,0.0042763470493205,0.0202762331838566,0.0698134276275996,-0.0234857849196538,0.0234013150901277,0.0328629843142511,0.0778240499739719,0.0605151756564663,0.0103407623645652,0.0671144101736005,0.0157877994742978,0.0178965654518474,0.0236822570125216,0.0208575226748783,0.0008124118476726,-0.0033472918618105,0.0171308182037968,0.0,0.024308855173619,0.0693859553979427,0.0408610127309274,0.0350402324706644,0.0310762537667883,0.0314631968046839,0.0111093295462354,0.0092526730412925,0.0,0.0045030162867245,0.0256211137363757,0.0975995368308539
2020-11-16,0.0165470494417863,0.0,-0.0094235288696374,0.0018507094386182,0.0357412149601665,-0.005586787248158,0.025725744843392,0.0436938189231768,0.0438183250714026,0.031690287806245,-0.0080479035786941,0.0023586373071939,0.0259206538708787,0.0096105893109466,-0.0311745524850186,0.0379921063977977,-0.0020938023450585,-0.0111157650546122,0.00416096070789,0.0189945664581525,0.0123239627783748,0.0238494168417096,0.0138312586445366,0.0,0.0186131645602254,0.0111853519878917,0.0217048183912553,0.0064609532716164,0.0805415235401092,0.0019301631865238,0.0197823340042795,0.008991249685142,0.0169004110677397,0.004745907865157,0.0028706474133819,0.0137215853895471,-0.0037074700224566,0.0,-0.010431813386023,0.0141061512370432,0.0215955686641249,0.027529826614274,0.0351290729846616,-0.0092280214328239,-0.0130905164580238,0.0400706239456292,0.0261611354040203,-0.0099599215337006,0.0425498359828413,0.0032207931027208,0.0486985452410464,0.0120253164556962,0.0323628917378917,0.0291726834650269,0.0,0.0191188817369016,0.0202698197497388,0.0,-0.0191684338911534,-0.0182841193934329,-0.0026863512691287,0.072486462874898,0.0101243559534145,0.0031373958232554,-0.0031692492274953,0.0,0.0196157886037549,0.0221395135524868,0.022824200204619,0.0219042597158289,-0.0244647371008512,0.0324456283183711,0.0164809025417969,0.0264031735065688,0.0,0.0224019685471004,-0.0155675246078583,0.0105861110547564
2020-11-17,0.0065075148424824,0.0,-0.0229804851952643,0.0024671052631579,-0.0170410911302233,0.0028090873977317,0.0146722028785817,0.0057269700332962,0.0059441906544115,0.0267869527023902,-0.0060752244350427,0.0283104043698578,0.0322591473648876,-0.0004733825239521,0.0050187645201642,0.0119182656207563,0.0252770852361088,0.0254463703896781,-0.0130343561500131,-0.0053826679213155,-0.0013729191693839,0.0101222169890395,0.0920873124147341,0.0,0.0293140648035077,-0.0221597546728971,0.0203897561864918,0.0488407415680143,0.0062083925499287,-0.0110332749562171,0.0193954714842983,0.0145334954196152,0.007439300909531,-0.003267376966007,0.0190598083641773,0.0114276131381614,0.075127054670721,0.0,0.0301202670533409,-0.0018775998116363,0.0027603301129481,-0.0011310911567138,0.0006747156787056,0.0013219829744617,-0.0178299653908022,0.0284198593105051,0.0136632046235027,-0.0048293679086675,0.031020885648302,0.0165920131222003,-0.0363855971302086,0.0162821061408995,0.0112831127017665,0.0171682615755703,-0.0036223134508572,0.0178930176762202,0.0160494499509857,-0.0207196069616594,-0.0068672316542411,0.0286477432206075,-0.0122707860900395,0.018527910979958,0.0020034600145095,-0.0031275833562965,-0.0096742327039026,0.0,0.0221667921686747,-0.0337162998787679,0.0001854422235083,-0.032152121161409,-0.0130867303411358,-0.0131329897207419,0.0162136863571022,0.0315782331388247,0.0,0.0297986417252471,0.0013473560183721,0.011173834837632
2020-11-18,-0.0401034470542389,0.0,0.0164623259135818,-0.0249012959827363,-0.0075122582378539,0.0093350607514268,0.0023396641893753,-0.0232188575968923,-0.0307099477094553,-0.0160018461503825,0.035713822235488,-0.0105799781595885,-0.0027858172633953,-0.0042881999855859,-0.0191301770763873,0.0134514280301236,0.0533766702780786,-0.0048295364280495,-0.0100709483697818,-0.0031423342249754,0.0125773328750644,-0.0165406165785502,-0.0099937539038101,0.0,-0.0417937054339808,-0.0145230539481052,-0.0183179116828404,-0.0227358880327791,-0.0061700862325304,0.0005312555339118,-0.0097239485827893,-0.0291159824972451,-0.0290485463082382,-0.0156625402125667,-0.0196367956551256,-0.013359230659908,-0.0204588607594937,0.0,-0.0116961265331499,-0.0090427397989426,-0.0192550771045756,-0.0230480064090713,-0.0244160188793007,-0.0132623872297013,0.0012683287287484,-0.035412962800702,-0.0296538830990423,-0.0076827585047898,-0.0007922922678141,-0.0226442155199756,-0.0238424419136357,-0.0420071901281484,0.0012365331589869,-0.0059051456912585,-0.0108458555501697,0.0036775668422621,0.0071073662544822,-0.0151122660611376,-0.0228760934671156,-0.023677701590543,-0.0228788638067601,-0.0066621899969065,-0.0052019225949461,0.0067308888366757,-0.0081979430615591,0.0,-0.0036834108384363,-0.0109165431393211,0.0043374197970627,-0.0204717545262642,0.0106789753651799,-0.0175863086456182,-0.0062065486764482,-0.0077640527776681,0.0,-0.0102162418576667,-0.0073432878100332,0.0531751420505306
2020-11-19,-0.0074091160730761,0.0,-0.0165236026372186,-0.0104022047700947,0.0074230799370249,0.0234999444937833,0.0099226509222389,0.0,0.0008063865817271,-0.0077735322381365,-0.0206994198649276,0.0007265547439587,0.0137723379277359,0.0,-0.0139891833096654,-0.008303344705644,-0.0292329493508869,-0.0035678937454103,-0.0012616094915982,0.0095866498697867,0.0254468310792894,0.0341519076853846,0.0347003154574132,0.0,0.0258594697236993,0.0229580239430216,0.0101728035556918,-0.0154372507572622,0.0037275288602987,0.0069026548672566,-0.0008542659326765,0.0052396982903488,0.0030386428552824,0.0111025499149339,0.0128715613801222,0.0052095837134489,0.0012841843410276,0.0,-0.0118337832156326,0.0049441192448316,0.0018759576692299,0.0046442313757648,0.0013955621124821,-0.0107849497242945,-0.0155972043993809,-0.0038210438716785,-0.0138803142230643,0.0040747929289439,0.0063433639407168,0.0070056863879441,-0.0162850293461187,-0.0054262080778939,0.0090851018525091,0.0114594864279145,-0.0110260336906584,0.29943694649577,-0.0039224452214825,-0.008052870109494,0.0125254694164977,0.0049946357251686,0.0153499661076246,0.0092855623746734,0.0,-0.0120263591433278,-0.0248086749439317,0.0,0.0057509332429614,-0.0104456793077142,0.0092639210552813,-0.0147286508114549,-0.0051000720056968,0.0009671412266474,0.0142781480337204,0.0191125700679333,0.0,-0.0025775003506803,-0.0019728790863841,-0.0239331320054744
2020-11-23,0.0180474863788069,0.0,0.0240005589649829,-0.0073710280688747,0.0217486960347979,-0.0084351926963742,0.0078790655061842,0.0022658667700752,0.0045132015217799,0.025349849576078,0.0100694755428176,-0.0198786321607868,0.0425193657839142,0.0057439471412101,0.0230256367914791,0.0154261907442854,-0.0156411019763207,-0.0075796349101899,-0.0014040014040013,0.0332813028718632,0.030541850878879,0.0680332200235032,0.018079800498753,0.0,-0.0151031241568414,-0.013749813181886,0.0,0.0035,0.0392408440147866,0.0637764242207095,-0.0214156286105726,-0.0043423175026651,-0.0056323582267494,-0.0003639234018123,0.0298940228910555,0.0245820345706999,-0.0281316668072847,0.0,0.0286942011031798,0.0041795306722638,0.0075243243243243,0.0140169854750378,0.0122549840283405,-0.0135890141825104,0.001277367173337,0.0030811303555151,0.0194960167620927,-0.0322311087731,-0.0064563770444362,0.0189821429804035,0.0242509583039975,0.0195216076209019,0.0485498733173859,0.0613094036732857,0.0,0.0763783451744881,-0.0141976431805289,-0.0123802583529086,0.0378396657362458,0.0021066292154805,0.0010720533749064,0.025899235785771,0.0068829836409347,0.0106417836028207,0.0244091437427351,0.0,0.0251259288813525,-0.0119083546261956,-0.0067766334533478,-0.0135368266518618,-0.0132505142710209,0.0112944735140936,0.046263384358046,0.0416422091095389,0.0,-0.0203784219971335,-0.018623641678464,-0.0182542620629644
2020-11-24,0.0061457992808107,0.0,-0.0195828689699092,0.0358303701000568,0.0006961915428898,0.0297639269248102,0.026652122534315,0.036596745438683,0.044929240501196,0.0089301095285989,0.0229023104985812,0.0001264738515311,0.0467929626331788,0.0142701457857832,0.0063658283143166,0.0362766530431202,-0.0039549599851108,0.004649639816634,0.0126267405705016,-0.0130939553358264,0.0010776978715467,0.059955544724813,0.0012247397428049,0.0,0.0072819245177238,0.0319745415972116,0.0443492948894213,-0.0062780269058295,0.0243619205945631,0.002020882452004,0.0049129983160964,0.0024216739821403,-0.0010314686085312,-0.0095372388155364,0.0258487273206229,0.0300076056143263,0.0332246102712288,0.0,-0.015341452152751,0.0083181936942138,0.0214744552698971,0.0222611853846395,0.0280304583975601,0.0399385879375091,-0.003409394776718,0.0107508315309257,0.0019123190715362,0.0119553243245389,0.043087863083042,-0.016555685767123,0.0105781715420454,0.071595423621886,0.0533754505325396,0.0446313633703918,0.0110459734649799,-0.026014579362772,-0.0119972422628644,-0.0235580728136129,-0.0135413502692255,0.0617532530889932,0.003671675339169,0.0355506500993731,0.0008062032863982,-0.0036649657466663,-0.0121143354880115,0.0,0.0116761048514215,-0.0102713537825278,0.0161242279310518,-0.0151277073119139,-0.0182778361387306,-0.0034011554279786,0.0612253484091507,0.0492359176773282,0.0,-0.0018072955727405,-0.0199973359558109,0.0564574440790242
2020-11-25,-0.017628547292593,0.0,0.1440634714424906,-0.0121543566424973,-0.005700036231206,0.0163403533340513,-0.0028244585716562,-0.0161300946289126,-0.0128992199930149,-0.0013604318131746,-0.0077892807608481,0.0205264095740096,0.0122116954604563,0.0844263790621768,0.0105509553501614,0.011403937874526,-0.0278880739944876,-0.0009940681832996,0.0126294990921713,0.0098049185153468,-0.0004244042813077,0.0251853193623898,0.0978593272171253,0.0,0.0213146792994618,0.0214757709251101,0.0099864590385918,0.0056157240272762,-0.0118852996980943,-0.0048739495798318,0.0155561333731384,0.0454141292130116,0.0280946224412801,0.0014805994874846,-0.0035388714129807,-0.0038934013559778,0.0066857115421548,0.0,-0.0155804793309231,0.0097560681659314,-0.013711868679795,-0.0101378254211332,-0.0117829517227178,0.0119304125768093,-0.0029962211837308,0.0071629158761983,0.0019086690872391,0.0126585724899515,-0.0031197642844763,-0.0047320893517657,-0.0099707948024465,0.0102098183978276,-0.006702292619789,0.0011482824774895,0.0474853515625,0.0595986954839422,-0.0202473639965055,-0.0027229321546624,0.0116166451128914,0.0046281985948319,0.0022864021605522,0.0029850746268658,0.0048165407056426,-0.0036784471293964,-0.0035500899124079,0.0,-0.003077692500048,0.0085835242053098,0.0018307522123894,0.0432268036097123,0.0041806817663381,0.0116965787658385,0.0705082461148112,0.0093587170572218,0.0,-0.0169910087449193,0.0049365078906045,-0.017279889314508
2020-11-26,-0.0048287723011792,0.0,0.0790007299862112,0.0208216701293422,-0.0044736031751462,0.0068894703719653,-0.0158404588760732,-0.0172797262617622,-0.0162364466949199,0.0027245702183518,-0.0049049586261122,0.0050579581169525,0.0235878216521132,0.0294112148659133,-0.0158670323838244,-0.0088570478522415,0.0430321960595867,0.003311420322007,0.0009228740936058,0.0,-0.0051882151918395,0.0452596312631243,0.0172701949860725,0.0,-0.0163986202369378,-0.0038814016172507,-0.0107163473176544,0.0030233527939951,-0.0048185496044924,0.0133423408208073,0.0126911174821329,0.0046217543409186,0.0112792604101394,-0.0051796062051887,0.0190779142339441,0.0185322461082284,0.0069552913869646,0.0,0.0172657628057864,0.0048338873405864,-0.0074127721211605,-0.0178300689996595,-0.021111856371652,-0.020937660186901,0.0278992576644465,-0.0088349159210006,0.0028575495144356,0.0104164150817003,-0.0085965420651019,-0.0068723527946183,-0.0090624556964785,-0.0126372270553213,-0.015378660817959,-0.0163932133215839,-0.0069921920522083,0.0516662145525113,-0.0070213219377053,-0.0109257001591654,0.0156559563470541,0.0026277493659307,-0.0047144519985727,0.000741308793456,0.0335875737668411,0.0338672573911562,0.011503219271385,0.0,-0.0061743878673278,0.0567969339627987,0.0079169220067243,0.0147272914430245,0.02989050748192,0.0009629474565628,0.0404221831311915,0.014172794675342,0.0,0.0129055700691012,0.0049151362022228,0.0283301817909498
2020-11-27,-0.0069412133354856,0.0,-0.0068969405397277,-0.0058741326920263,-0.0028096404175795,-0.0017566367314714,-0.0048899755501222,-0.0072135763594526,-0.0080563947633434,0.0067984181027132,-0.0009908440988335,-0.0053967720242099,0.0360479380956875,0.0084037428663528,-0.0055137238299717,0.0113761132121508,-0.0392987952362304,0.0092348713946606,-0.0038461538461537,-0.0268766198317759,-0.004569870086609,-0.0098952610671538,-0.0169769989047098,0.0,0.035232860497768,0.0195187069307645,0.0050068232083195,-0.0018528309901799,-0.0024148727034438,-0.0116666666666667,-0.0097228898363807,0.0183966433447282,0.05999015372079,0.0014861080078356,-0.0091430648628145,-0.0105200476379515,-0.0037693847022185,0.0,-0.0353604317096883,0.0051788545941546,0.0149362633589424,0.0088839183750619,0.0076502950352912,0.0293999194522753,0.0367420853969844,0.0078268544871564,-0.0256446647306711,-0.002474203742515,0.0189204988308651,0.0271430462930055,-0.0060968899258249,0.0025629845476491,-0.0133389239759951,-0.0123860582187397,-0.0035207135312756,0.0251592293497886,-0.0033321661338964,0.0130194178496987,-0.0046260223291394,-0.0242761526403529,0.0152819052134001,0.0017369536897493,0.0003878202883875,0.0115922919499498,0.0909792004788379,0.0,0.0500805715727958,0.039887964553563,-0.0027168405773285,0.0030360338818482,0.0165307153685121,-0.0182843758216019,-0.0100733252651812,0.0244218422808755,0.0,0.0029564389136633,-0.0090090090090089,0.0133014845374337
2020-11-30,-0.023742135357901,0.0,-0.0411391806225756,-0.034500935770969,-0.0218304640783056,-0.0135307919434778,-0.021668767056221,-0.0167964074139022,-0.013794214809443,-0.0357839414782319,-0.0098680493653563,-0.0220986381333918,-0.0282721559340558,-0.0020800504254647,-0.0358402594769916,0.0144597569433975,-0.0409063661431482,0.0245110674356412,0.0067964246046436,-0.0566920471008572,-0.0268444444444444,-0.0208288188903991,0.015598885793872,0.0,-0.0098829253459022,-0.0406256635289122,-0.0024909399084156,-0.0160363647888152,-0.0181857992628367,-0.01787521079258,0.0154918789773783,-0.015810855323354,-0.0423291439278978,-0.0141022647676861,-0.0070262467400927,-0.0077566031427617,0.0122978423308848,0.0,-0.0278591866162359,0.000732648346519,-0.0266841459804626,-0.0137784057642917,-0.0138112245908457,-0.046752738654147,0.0100648189069176,-0.0360301586876025,-0.0263196226288249,-0.0334850503641164,0.0092941423954409,0.0165746231189871,-0.0322105589511915,-0.0353180159538355,-0.0135059760956175,-0.0235277177825774,-0.021140030620657,-0.0305320610834769,-0.010437916496668,0.0066203901256056,-0.0211629205487251,-0.0114327972527286,0.0117389643316083,-0.0314222330694777,-0.033253466146184,-0.0189406796920611,-0.0327069771367677,0.0,-0.0325358453588232,0.0174682395644283,0.0033339008837309,-0.0376838500881325,-0.0332496962237056,-0.0034328285533427,-0.0079914422350867,-0.0056111756288986,0.0,0.0204552322103612,-0.04454429867653,0.0318739129809835
2020-12-01,0.0500690506273322,0.0,0.0178307118470131,0.0241455930589356,-0.0041770755890363,0.0115784199098045,0.0274680975284273,0.0531111386829616,0.0559649667478225,-0.0063061991127126,-0.0199454764470932,0.016283022672928,0.0375213242599778,0.0020843860535624,0.0362842184937555,0.0253414782776713,0.0661016525413136,-0.0210549488564442,0.0213285703028551,-0.0103177306766285,0.0201917083969138,0.0191460396869571,0.0202962150301702,0.0,0.0639312039312036,0.0119881962375507,0.0723143793242646,0.0096810855331268,0.0135791456041234,0.0157967032967032,-0.0023651521829547,0.0078039917763246,0.0273512134958295,-0.0278606650983859,0.0530978426742487,0.0545858885369634,-0.0221129836481334,0.0,0.00754142307764,-0.0077166962857126,0.0454611284903256,0.0398150933240457,0.0422147691442571,0.0149805048224911,0.0171475302243451,0.0053708945722443,0.0010011507479863,-0.0213857590127102,0.0483070276825132,0.0193743868336924,0.0507133622415707,0.0604282926024686,0.0293472261486478,0.0281054618379144,0.0324249533778497,0.0653829644935566,0.0251045066712476,-0.0336565096952908,0.0374471511979062,0.0054428670925803,-0.0263312469724882,0.0715212510295493,0.0543974068360169,0.0460169397697076,0.0040793621361023,0.0,-0.0099327781679543,0.016989966555184,-0.0051347741356282,0.0069926395243655,-0.0370090757729097,0.046728800723133,0.0183136242127679,0.0416684549962163,0.0,0.016086924992144,0.000408292882094,0.0790412113360774
2020-12-02,0.0136273330162017,0.0,-0.0202522564445607,0.0436978262666336,0.0244369315578387,0.0496671245905102,0.0043113167555086,0.0091012849305989,0.0108783114632335,0.0056391834872848,-0.0101692283806862,-0.0075745119939223,-0.0199026100154486,0.0020845526991131,-0.0486733518977838,0.0046241266343896,0.034003236170063,0.0052123071486511,0.0043720906308668,-0.0117262703459539,0.0277025817120828,0.0062577316874159,0.0397849462365591,0.0,0.0319557988083694,0.020521232002916,0.0077566886118503,-0.0011666324879805,0.0255842949344808,-0.0076064908722108,0.0112004380615777,0.0050077488324038,-0.0042771042661164,0.0158778278828299,-0.0151315237535941,-0.0073913136089632,0.0044585681352458,0.0,0.011975498670802,-0.0144526555043851,-0.0009004391372408,0.0007460186961421,0.0077335645694831,0.0791953093408814,-0.0258714722465472,0.0247099903483802,0.0570085185142605,0.0074301606012197,0.0131672887314397,-0.0060036663611365,-0.0120650510967982,0.014978535432091,0.0136928972182623,0.012119560540432,0.0243561356485257,-0.0478970101846734,0.0043236841811256,-0.026020561064276,0.0167755568493002,0.0013512126706121,0.0018333134202066,0.0069144642167702,0.0348993217688944,0.0375623503261401,0.0099940253109551,0.0,-0.0196836334858222,-0.0501203829933112,-0.0103225522455402,0.0513891891488933,-0.0027163434034384,-0.0220850376058303,-0.0057574571082793,-0.0173551550427102,0.0,-0.0279294389132735,-0.0050275107322087,0.0258220886813338
2020-12-03,-0.0120914310954064,0.0,-0.0243023946170591,-0.002712291232766,-0.0203241783291656,-0.0119110540622168,0.008585618191452,-0.0069614203048722,-0.0131109648384282,0.0070080342917406,0.0082215773926228,0.045679682367391,-0.0086370591597072,0.01871296159013,-0.0103223054570659,-0.007690642810764,0.0174177307055543,0.023984915549448,-0.0146723683199754,0.0018476977567885,0.0012811708876976,-0.0369140024718321,0.0754912099276112,0.0,0.0272626060880705,0.0317165511822272,0.0330727130570758,0.0042157323466207,0.1104516036757607,-0.0631919604837336,0.0151223324390181,0.0222022910372607,0.0384345011361964,0.0381229483736198,-0.0409500282654318,-0.0418884120171673,-0.014583416344583,0.0,0.0221899620392769,0.0127809607756721,0.0145032029061866,0.0003727312835648,-0.0006692629821083,0.0410476422429135,-0.0321941320884653,0.0076040951126816,0.0113544906793117,0.0108462020974036,0.0281598430113281,0.0613675134860989,0.0493621007963407,0.0307358312262151,0.02025545090956,0.0281718083523458,0.0170079635949942,0.0139543580306444,-0.025201904465259,-0.0008249721293199,0.0125013254161807,-0.0168929882995985,0.0384330393538838,-0.0220196597880646,-0.0014648611954697,-0.0179928589645498,-0.0073245496101101,0.0,-0.0059069943735878,-0.0476368328839555,0.0184029978539101,0.0155208048980228,-0.014400564294759,0.0211458370624948,-0.0513743074761252,-0.0110211684115746,0.0,-0.0045276000048948,0.0095589106609503,0.0134056101581869
2020-12-04,0.0027198718306973,0.0,0.0068759888036995,0.0344305968578901,0.0214667853585877,-0.0020377622822937,0.0209963937491652,0.0052539919316318,0.0086008329390963,-0.0003490892711354,0.0020353924936797,-0.0095716260291408,0.0449097620619438,0.0302022598770386,0.0049887134398955,-0.0193538067818297,-0.0114130313635453,-0.0291189413563871,0.0059251559251558,0.0042129948795908,-0.0115362568071081,0.1244652969214683,-0.0125,0.0,-0.0360371645172533,-0.018001800180018,-0.0171211853645819,-0.0006996724260913,0.0021359264983684,0.0436363636363636,-0.0102809375293621,-0.0199446864625504,-0.0110358942065491,0.0051434731276627,0.0204610601962131,0.0242788030818847,0.0119040879867373,0.0,-0.0028947819413294,0.0018598662326978,0.0017767329980318,0.0052238976207312,0.0100137769160117,-0.0059746616757846,0.0045736758339354,-0.0125064005620587,0.0028067534143456,0.0154504963112855,-0.0119375016266581,-0.0042633734640684,-0.0344306031132491,-0.0155068341080968,0.0330930703085483,0.0334091378953897,0.0100676771631522,0.0810016013975833,0.0020997734755245,0.0123401691473454,0.0192587627894311,0.0164969768573215,-0.0157151060444887,0.0167056953340247,-0.0190864667034696,-0.0229583555168876,-0.0003683879775498,0.0,-0.0269275906293173,0.0157750252268211,-0.0159631384709453,-0.01300746026371,0.031200824319139,0.035292330345561,0.0694128635990527,0.0382474884744294,0.0,-0.0045420461948837,-0.0288115137707178,-0.0099871784125447
2020-12-07,0.0155968416163492,0.0,0.0113716484357688,-0.0181007979550242,-0.0100142715881499,-0.005277095364196,0.0144510434926696,0.0034867911287848,0.0065820838139176,0.0083529060565608,0.0183201366247478,-0.0090683935594547,0.018135060820972,0.0471475174025841,-0.0063201908386715,0.045017126080574,-0.0173171886626529,0.0058666580943809,0.0069494678102717,-0.0595031332879573,0.0123233055454874,0.0053620274260455,0.0048685491723468,0.0,0.0084972231481534,-0.0045829514207148,-0.0166665240714916,0.0093339819685471,0.0,-0.0174216027874564,0.0027561792006467,-0.0045235128427975,-0.0118554895811777,-0.0098666067452453,0.0143853013554466,0.0170777573690195,-0.0006353544798485,0.0,0.0682147834566968,0.030006069044304,0.0044612404158368,0.002965249096053,0.0059486972226783,-0.0156238684915636,-0.0103493584371063,-0.0170300898081738,0.0121178325165414,0.0059172582307023,-0.0262970735176615,-0.014758215801512,-0.0175789748498824,0.0056530734496835,-0.0224243240265861,-0.0192587257765506,-0.0132897724126473,-0.0046596816333126,-0.0169907473309609,-0.0178768240532557,-0.0319794920269602,0.0540889318098298,-0.030736536865099,0.0230920245398773,-0.0134756281852196,-0.0153108012918488,-0.0173639713852158,0.0,0.0166860888194553,-0.0009478529071104,0.0278560649771426,-0.0210876293217791,-0.0103434147483549,-0.0036346807237754,0.0313817867414818,0.0118317378576924,0.0,-0.0036551558071905,-0.0026465028355388,0.002179393908986
2020-12-08,0.0053508218313531,0.0,0.0683192080548944,0.0591732629727352,-0.0007129534401311,-0.0058182797906188,-0.0010918156808802,-0.0108538086670211,-0.0119322261775625,-0.0110430887133713,0.0089825684809676,0.0065852097191683,-0.0025695482314691,0.0367008859398443,-0.0063603897154816,-0.0136072761326389,0.0019733370046579,-0.0165305763730204,-0.018138902429638,0.0001372538009942,0.0038361209145314,0.0003783851961296,0.0174418604651163,0.0,0.0124703786490982,0.0046040515653775,-0.0007743641947915,-0.0020810623327717,-0.0202748294365248,-0.0090425531914892,-0.0105699076774605,-0.017266406504749,0.0009424197634284,-0.0088559933979781,-0.0085961449955926,-0.0167910046653624,0.0384973709990204,0.0,0.0230980874716417,-0.00646991202075,-0.0044414261460101,-0.0066596274228826,-0.0026303234230614,0.002446066981774,0.0,-0.0086610357666427,-0.0092073616511797,0.0483191751978508,0.0029216563266483,-0.0057943511402093,0.0153357250420764,-0.0164634390517378,-0.008739748325299,-0.012592642959135,0.0167798417419609,-0.0273763778391152,0.0268881667738256,0.0033082706766915,-0.0085070927819732,-0.0121858277930921,0.0153948165587523,0.0055853096077604,-0.0015159838576771,-0.0111757480867604,0.0075227779125945,0.0,-0.0192151759347315,0.0015175692838766,-0.0053597741662123,0.0104349208528595,0.0205101558011424,0.0200693335145973,-0.0428731512450494,-0.0006032554553198,0.0,0.0153559189693315,0.0152220385537975,-0.0032635462200124
2020-12-09,0.0139472678639662,0.0,-0.001845792432251,0.0098242195428897,-0.0027090627131445,-0.0252869706609197,-0.0137185544740218,-0.0021945812989271,0.0027291563582385,-0.0024456506390885,-0.0178177926084492,-0.0375550246643218,0.0019365071019865,0.0189765592958324,-0.007307790452095,-0.0023015621853332,-0.0136716513614398,0.0019741171309497,0.0007577737130912,-0.0246586280246273,-0.0159482319372262,-0.0167567243035542,-0.0080952380952381,0.0,-0.0189786918535487,-0.0228795036311075,-0.0223607676500295,0.0032454635731695,-0.0228808185932614,0.0103775272857398,0.0014939286000901,-0.0175644216103396,0.0082243261404009,-0.0063279611579752,-0.0190723474566268,-0.0199204058427359,-0.0125633848369224,0.0,-0.03585672898289,0.0007209763415103,0.005361674261235,0.0104322473368916,0.0059291149757358,-0.0109712692180677,-0.0066876109821062,-0.0020171145362182,0.009292924972196,-0.0388776841803494,-0.042941916921417,0.0082586260649364,-0.0090624556964785,0.0142910217978797,0.0010989427412937,0.0105083391866021,-0.0296942267358428,0.0083281552857819,-0.0143386562727391,0.0,-0.0287751300661571,-0.0129845613401512,-0.0316871708160846,-0.0060143048451783,0.0,0.0035489551057179,-0.0141777972410772,0.0,0.0110180606376084,-0.0066246986802628,-0.0098819162560508,-0.0186553954750742,-0.0242665595880232,0.0062638479350958,-0.0419068557792852,-0.0024123529474276,0.0,0.0223376401442794,-0.0233859243729627,-0.0384934138654143
2020-12-10,0.0281838003714769,0.0,-0.0253098353459789,0.018072179077204,-0.0050025537512157,0.0275317419337755,0.0520074346198482,0.0435527082979683,0.0411960184121451,0.0311410064773294,-0.007051282051282,0.0113309238840015,0.0322710417686979,0.0068075916838243,-0.003686262927899,0.0168978344242913,0.0336661249129324,0.0134916001816176,0.0100785921303427,0.0192829184681111,0.0155646455755191,0.1049588139391461,0.0081613058089295,0.0,0.0264694104309668,-0.0070353934408484,0.0410149987530727,0.0004589240480701,-0.0089168839015003,0.0042500442712944,0.0181377172057128,0.0197632549448993,0.0093225581163323,0.010489821783008,0.0163470253707758,0.0164654960844248,-0.0024799188957342,0.0,0.0165292362595004,0.015919773637087,0.0204095479773649,0.0291326335089157,0.0330749159987235,-0.0024486161608665,0.0029427780925297,-0.016389631163549,0.0322628495142029,-0.0241868984288914,0.0357464958100035,0.0134980784642859,-0.0121937798516498,0.0446825058330615,0.0363262422085952,0.0326555089134821,-0.0034129692832765,0.0607955851919981,0.0240355726475183,0.0140216185260746,0.0031192822344201,0.0236830069435782,-0.0053228855981021,0.023280608292024,0.0015182855540685,0.0174235932590687,-0.0022655338997168,0.0,0.0092877694210287,-0.0367770290323145,-0.0012112575703596,0.0142584373656324,0.0136017479476464,0.0168865784812013,0.030913602358165,0.0278123402079426,0.0,0.00508032404229,0.0,0.0352056574574091
2020-12-11,-0.0121129612175794,0.0,0.0238015388595576,0.0565243924327816,0.0001423930470001,0.0108232777781356,0.0174437412387296,-0.0012659839311984,-0.0078421208530805,0.0162863230029211,0.0101484828921885,0.0156810163116658,0.0001609705678025,0.048022848620203,-0.0060054784895179,0.0339997164327237,0.015318957771788,-0.0051919999999999,0.031097324544397,-0.0022400562210187,0.0306522005139291,-0.0098144320781619,0.0214285714285713,0.0,0.0181821178952921,0.0054865198750091,-0.0136378025513128,0.036706077054879,0.0179942201752008,0.0051137365543996,0.0282884360990109,0.0383010774515095,0.0173222991487123,0.0044519305519563,-0.0017362618282836,-0.0009657806360983,0.0108863906435674,0.0,-0.0135500371855102,0.0188729961739291,0.001024004255602,-0.0036799602797937,-0.0059113897216922,0.0,0.0033619252369252,0.0182606092122472,0.0044649272268182,-0.0175213595318662,0.0043991328719534,-0.0104666077232482,0.0077151897323914,-0.0358357348703171,-0.0084984111136815,-0.008974765072326,-0.0033675799086757,-0.0356700047687172,0.0224375632191615,0.008541955295924,-0.0274588227537934,0.0096423320309009,0.0026756851650813,0.0116049622604215,0.0034122842232036,0.0234352022673189,0.0007568927327166,0.0,0.0103975993998499,0.0172113413156016,0.0269488679390235,-0.0107096537774792,-0.0287596636404351,0.0030607427185256,-0.0007329255492417,-0.0016479621238189,0.0,0.0333808505583275,0.0,-0.0345571468670857
2020-12-14,-0.0116077738515901,0.0,-0.0192892640879013,-0.0144742385735059,0.0081890710440144,-0.009515554394172,0.0033099085291288,0.0021102872964953,-0.0052619401258386,-0.0033336575139666,-0.0070300117592924,0.0549032550386252,-0.0192879469390867,0.0862199237089202,-0.0111612443600094,-0.0073085783238262,-0.0547099685854608,-0.0088137610473578,-0.0004261933413558,-0.0226143609996604,-0.0167303164018441,-0.0368117333214272,0.019114219114219,0.0,0.0081165239259366,0.0172370180320167,0.0092204671819025,-0.0151438251280783,-0.0044134933132249,-0.0091228070175438,-0.0083546271328144,-0.0164427821022683,0.0274707336411548,0.0132862766950967,-0.0065302121133062,-0.0028562012523343,-0.0153861621211945,0.0,0.0096150309915894,0.0083916633455511,-0.0113986608566266,-0.0158954666041304,-0.0134162762217525,0.0086283844094019,0.0,0.0096382111430595,-0.0080011444804364,0.0461068888220765,-0.01826900500298,0.0043290860468774,0.0250136815164094,0.0015990913574344,-0.0042856265733407,0.0018112081823993,-0.0171238760666628,-0.0035874520099621,-0.0122816414875707,0.0129012783158777,-0.0117218393401877,-0.0038217072974494,-0.0064359025960958,-0.0132701013720495,-0.0128499384087344,-0.0408987002808438,-0.0037927237540179,0.0,0.0106915343836775,0.0046682346233339,-0.0041304870554917,0.0328145086902522,0.0161868643337355,0.031807090725141,-0.0263503418300358,-0.0154375138854572,0.0,-0.0246522588803309,-0.006336690755702,-0.0400572339535856
2020-12-15,0.0156587955597662,0.0,0.0088943179432365,0.0149488374658686,0.0034205736521684,0.010295480284155,0.012724672538759,0.0054766060588928,0.0,0.0026780147995553,-0.0010169142445228,0.0263702116828574,0.0171279021558872,0.0731258462857973,-0.0028204097133793,-0.0080944816630982,-0.0279435512181421,0.0510242992170701,-0.0039627799653884,0.0615115366302487,0.0075566243723776,0.0345450963577578,0.0,0.0,0.0212574609887317,0.0230550621669627,-0.0030511388053287,0.0004536805384263,0.0288594341724215,-0.0007082152974504,0.022398427805518,0.0230417157055053,-0.0035368436979875,-0.0174861495844874,0.0434017968694047,0.0353861407954168,0.0559399913600124,0.0,-0.013605346869096,-0.0006958051300319,0.0194990190018007,0.0069702498417545,0.0090658136073664,-0.0036688790560472,0.0246844749083079,0.0217594565347345,0.0026885597148684,0.0232847595625631,0.0134025075659316,0.0033455921510152,0.0164324312663812,0.0,0.0129122166588562,0.0083218121875996,0.0,0.0007218783274078,0.020591116103791,0.0027858040607953,0.0512103804052703,0.008948834955377,0.0222786215166235,0.0091189796945796,0.0038289044960297,0.010378078012639,0.0041867631296892,0.0,0.0062638046123935,0.0356161103820096,-0.0041422531281524,-0.004585059176799,0.0139866664404826,-0.0033768194974622,0.0390978842129738,0.0113711133230982,0.0,-0.0032706507711075,0.0311821920573245,0.021014122851795
2020-12-16,0.0167109593621852,0.0,0.0160237613273046,-0.0335912660670126,0.0059629919207715,0.0283616121471517,0.0092350401976988,0.023459792249413,0.0226897565953361,0.0110240647927379,0.0425477083252798,0.0277282660921589,0.0112263181582723,-0.0099023608965302,0.0561084756394674,0.0,0.0102564102564102,0.012212066942506,0.0142774406365673,0.0021639248869544,0.0062516228254139,0.007813025068889,0.0,0.0,-0.0105988174613159,0.0,0.0061123324281218,0.0271204349836,-0.0054021283736236,0.0279943302622254,0.0176887853913629,0.0017690970446877,0.0106443959381228,0.0240995076444674,-0.0008465721454884,0.006448043242323,0.0236727984111517,0.0,0.0303450381896237,0.0010416492594262,0.0139194622025966,0.0240643095377197,0.0189357079469996,-0.0061434836513017,0.0142906675912835,0.0063006111592824,0.0116191865542074,0.0142218785483034,0.0102842930796602,-0.0090604257338571,0.003920986029829,0.0095742564408634,0.0109700120536202,0.0122083058668425,0.0174222118634193,0.0109826693837802,-0.0061920511847313,0.0103240645027908,0.0010277101096225,0.0322998967363896,0.0208143039145949,0.0182959885853786,-0.0057214498589557,-0.0247081659612325,0.0178001623250281,0.0,-0.0015525531956314,0.0162623032233479,0.0058189655172413,0.014807593130294,0.029883644089772,0.0165256644990214,0.0,0.0203554806745958,0.0,0.0039376596348501,0.007560580990277,-0.0217415215398716
2020-12-17,0.015172628681721,0.0,0.011823632368823,-0.0149734800687514,-0.0087515674062406,-0.0016474566613611,0.001017609412887,0.0126902158984782,0.0048055759354364,0.0,-0.0126314748668256,0.0084806257666245,0.0140324652967309,-0.0176478439947116,0.0758942539707794,0.0244816109401329,-0.0203284001811205,0.0117596815276908,-0.0103028798411121,0.0459309885989052,-0.0062127828503374,0.0370117203781197,-0.0329368709972551,0.0,-0.0194432965659004,-0.0157644362651482,-0.0068292432136002,-0.0127649542424825,-0.011929641239986,-0.0225784212340572,0.0001997198216217,0.0149903535008113,-0.0153589578896364,-0.0104959514170039,0.026075141596568,0.0174440732439631,0.0031826884998127,0.0,-0.0174030936688829,-0.0059429080184741,0.0008580231666255,0.0,-0.0012613445933365,-0.0098866111824833,0.0112756647593403,-0.0174895125536299,0.0238448258352796,-0.0168267682413042,-0.0167294094392683,-0.0028860210717346,-0.0209870409910575,-0.0154149321378426,0.0126092925789433,0.001771386891737,-0.006872458622072,0.0373974313235818,-0.0018113569900921,0.0188214329867462,0.0143460098971714,-0.0184090944338466,0.0177365946825152,-0.0239574351336522,0.0053696797426827,-0.0114300720080715,-0.000742812199598,0.0,0.0035047697039711,0.010852004524477,0.0032836940218554,-0.0213999791151797,0.0535739667558754,-0.0258476572002339,-0.0079567524993511,0.011366376614937,0.0,0.0058774337169171,0.0336974965926095,0.0023713637385776
2020-12-18,0.0136584534060875,0.0,-0.0311735153935333,0.0005423864289206,-0.0253487014627601,-0.0057942243866124,-0.0073622262991113,-0.0076760334165129,0.0018400204446717,-0.0218077198686615,0.0206666917020292,-0.0163799592245688,0.0117099509738969,0.0194627680740724,-0.0149401604921233,0.010860847934536,-0.0082952223411502,-0.0097913588808151,0.0080521760943184,-0.0170474587836625,0.0037549683424211,0.0333113615536728,-0.0260170293282876,0.0,-0.0126483110371508,-0.007655671194214,-0.0068762024726721,0.0008944194306108,-0.0175597074116505,-0.0005290072297654,-0.0007901620545355,-0.0052146452582934,-0.0200541695277332,-0.0212247987479927,0.0176236032792251,0.0261435191920034,-0.0233453452365862,0.0,0.0068119403613251,-0.004304698783041,-0.009430163534103,-0.0017837154721068,-0.0015756649967825,-0.0199706645605326,0.0147279081377933,-0.0068126299179146,0.0008629411414629,-0.000815136855194,-0.0162739060115679,-0.024614820713103,-0.0209348902240865,-0.0216756064366345,-0.0103828451136402,-0.0049537133347201,0.0034600080733522,-0.0257494862998977,-0.0072476442423314,-0.0142852360787989,-0.0212119913888204,0.0150018959742146,-0.006255435363044,-0.0036374831427585,0.0183188338018887,-0.0034113469227973,-0.0063295290568018,0.0,0.0120465541026288,0.0267470718040936,-0.0172457059260088,-0.0069608952059813,-0.0035308039517251,0.0154079111654223,0.0495940093828941,0.0068801778136997,0.0,-0.0114695550351286,-0.0382724677857,-0.0186235120565061
2020-12-21,-0.0277394610234499,0.0,-0.0007977662544874,-0.023873464220118,-0.0070132846592666,-0.0183013958480229,-0.0335077528683211,-0.0244430777641109,-0.0242480339924348,-0.0212879947518042,-0.01445951580858,0.0071050297732166,-0.0201447211171684,-0.0167397078563971,-0.019795341389577,-0.0329586101175268,-0.0292883950253881,-0.022235078290921,-0.009306723734634,-0.0300915984727705,-0.0124664212516166,0.015128177202454,-0.0393394851869839,0.0,-0.0058880504314803,-0.0254195108077361,-0.0046129788897575,-0.0117949185113849,-0.045816420353883,-0.0075864502470006,-0.0308321247901701,-0.031001991649227,-0.0188724049469993,-0.0029888805283838,-0.0177204640656183,-0.0202118395204244,-0.0174065242945982,0.0,-0.0324762279000289,-0.0100914697565115,-0.0155649676767942,-0.0224628874034205,-0.0176909593595837,-0.0203776191572644,-0.0231447314473144,-0.0257966940633689,-0.0258560031712998,0.0195761220286123,-0.0075145367738579,-0.0311708337922678,-0.0264772858852135,-0.0233884331335283,-0.0370276896452264,-0.0384288719603821,-0.0275271536118614,-0.0026474170034769,-0.0245444034575786,-0.0246758980193061,-0.0067077741241869,-0.0204929835075456,-0.0145413999048101,-0.0109489296245793,-0.0048691640485558,-0.0147863415729075,0.0168652430773292,0.0,-0.011135216080788,-0.0214434010703434,-0.0084753589803492,-0.0190160646166521,-0.004255072239522,-0.0227559322920753,-0.0104180097475438,-0.0107062943378052,0.0,-0.0127042602211548,-0.0113007978650314,-0.0138543012409989
2020-12-22,0.0058307524612002,0.0,-0.0262997813896017,-0.0161197803442443,-0.0008839775026825,0.0216935319841351,0.0132369741220879,0.0158654553350658,0.0203316402748729,0.0065632924826561,0.0410906059059967,0.0318628067650597,-0.0108850925191095,0.0304637172254425,-0.0085967052769679,0.0259333935896546,-0.0301720870290349,0.0126354633781764,0.0111524163568772,0.0176143049506873,0.0170365818027946,-0.0178199207095272,-0.0631951466127401,0.0,-0.0003467883545167,-0.0141903476452777,-0.008500685116819,-0.0055179013537954,-0.0374635705556078,-0.0063999999999999,0.0093818854496825,0.0207310647754483,-0.0011585692463348,0.0022483805370956,0.0003646728735478,-0.0144690878273632,0.0030002830455704,0.0,0.0055945093300628,0.0029134815252329,0.0017582651783574,0.0062017569177712,0.0048258523424087,-0.0286167587260548,0.034936307737508,-0.0179741380662198,-0.0088508179376576,0.0063997935127118,0.0,-0.0117433057807024,0.0031377257718296,-0.0235295965980799,0.0101588727894466,0.0096208724011415,-0.0211558917385651,0.0544249588561114,-0.0010385388210326,0.0192765525916061,-0.005194247219728,-0.0133174413984902,-0.0130811490845922,0.0235257363677729,0.0075309023971974,0.0048413738110155,0.0346532511089472,0.0,0.0287291047818745,0.0445483260157659,0.0054958000690399,-0.0071455695278154,-0.0121399296855272,0.0068963301671609,-0.0189619978284473,0.0009209485364221,0.0,0.0068747900369534,0.0117665952229475,-0.0164934549503193
2020-12-23,-0.0006450614098461,0.0,0.00028308425173,0.01808094649243,-0.006479828021472,-0.0048089784186984,0.0164464815314102,0.0213751827233361,0.0228839987701496,-0.0010321807315164,-0.0253762207002066,-0.0086560453332944,0.0035641289843078,0.04347866939361,0.0073685023557581,0.0238275955543507,0.022225696344355,-0.0062350562385158,0.0261327503974562,-0.0133158490790964,0.0254388397987082,0.018143231659107,0.0221262817053427,0.0,0.0034800995572785,-0.0160227945529899,0.0249372826900224,0.0092475292102742,0.0413634809786591,0.0416890320271963,0.0080806842754961,0.0008841552229041,-0.014153323031822,-0.0063587351555433,0.0074842280680871,0.0156043541181651,0.0074876773149714,0.0,0.0069540521263888,0.0094398921802358,0.0236816211472488,0.0152249542148117,0.0220788810437733,0.0040126630774504,-0.0194004957848151,0.0129728279615222,-0.0008929854453635,-0.0075514543895979,0.0181845408005689,0.0320349718492853,-0.0083448606837365,0.0215115468362847,0.0215465586044156,0.0245632453094295,0.0254165660468483,0.1080734083528434,0.0049946889054626,-0.0169435074085143,0.0026079156607827,0.0096396991318632,0.0265110405114745,0.0191530585838746,0.0347652732449497,0.0377083097154518,-0.0117637217278555,0.0,-0.0071716042218101,-0.022710080154392,0.0057654790579053,-0.0068513049842048,0.0054229423099612,0.0149903751050231,0.0465283065644313,0.0048315444729079,0.0,0.0022044541890589,-0.0027471856609119,0.0220481888987689
2020-12-28,0.017419293761242,0.0,-0.0074459364509329,0.0160929099278517,0.0169001209742507,0.0251675335067014,0.0110521662245799,0.008452149492331,0.0097403526852171,0.0205982834763769,-0.0077141946086488,0.0293136695460538,-0.0007742543593887,0.0463914276709738,-0.0090371915189433,0.0239746882363842,0.0,0.010985610397648,0.0299699816016267,0.0330562536245893,-0.0036322887283124,0.0058343891772592,0.0390707497360083,0.0,0.0079896398077217,0.0081230491519685,0.0030402445936892,0.0270247810988357,0.012849371600075,0.0091034008931638,0.0240477307071023,0.0163194444444445,0.0072971230558465,0.0214612376787342,-0.0004135221751265,0.0017966668731801,0.0371452046608904,0.0,0.1201653008932819,0.0068327929181299,0.011131749516152,0.0153588686599386,0.0072006448338657,0.0200032133676093,0.0075166980293224,0.0057191860721739,0.0223445895273219,0.0112132037324492,0.0014890800794176,0.0035079666907089,0.0073617745691398,0.0219038268694642,0.0073894902340205,0.0082235329663833,0.0177215189873418,0.0062022900763358,0.02547899613205,0.0104203768536454,0.0234378020157393,0.0114699571671279,0.0015013312059668,0.0194539482465079,0.0130083100263587,0.0126316076964043,0.0007195158081856,0.0,0.0216654706857959,0.0140142011113029,0.0162924513989728,-0.0031030601060521,0.0115070657764531,0.0084401670220513,-0.010947824394866,-0.000572802375113,0.0,0.0090124366870376,0.0396592676028748,0.0051677690541829
2020-12-29,0.0114196773729666,0.0,0.0027824479642901,-0.0010948774096277,-0.0067062023453873,0.0052075075917412,-0.0058433040505624,-0.0001004150488687,-0.0016230889722089,0.0110982293996941,0.006810120011371,-0.0004205636508747,-0.0092814068658828,-0.0031868418712585,0.015634349144779,-0.0034389584868581,0.0195503670473082,0.0037266605448422,-0.0181685704884125,0.0057482690868264,0.0018227651735505,0.048649417405703,0.0025406504065041,0.0,0.0048232911612917,0.0331256761293692,0.0204722926227824,-0.0078059458055284,-0.0046184831928883,0.0049361702127659,0.0052834669041259,-0.0026025442633493,0.0109803952942306,0.0066307735902522,0.0111401681367551,0.0189445475159759,0.0026826932079249,0.0,0.012331006548645,0.0135784171699835,0.0059349468167102,-0.0038672574580274,-0.0021755754604573,0.0,0.0047154805274769,0.0036395897075789,-0.0043712442470406,0.0011881078332387,0.0230280668906144,0.0069848737299487,0.0020912225173796,-0.0186908205362692,0.0006963119477527,0.0031922240029185,0.0278838366307994,0.0192297560718612,0.0006030569505053,0.003572334398012,-0.0061083860802183,0.0264492267898965,0.0067199502481833,0.0021681999469924,-0.0092759035067683,-0.0212260970412924,-0.008998054474708,0.0,0.0059538760663484,0.0008735496771272,-0.0038598717285721,0.0408293650498852,-0.0024902266338244,0.0087851457783503,0.0428817053454573,-0.0027486055165844,0.0,0.0036057692307691,-0.0046369216728249,0.0054401479442149
2020-12-30,-0.0188095377487099,0.0,-0.0035983214369754,0.0024616822094047,0.0005871632116212,0.0025841987770551,-0.0081807277089165,-0.0194490007699259,-0.0141700979696152,-0.0143032482423746,-0.0173704885833538,-0.01539528101169,-0.0054577913797499,-0.0093205950907886,0.0076943001234135,0.0062140809257553,-0.0127753193829845,0.0068004909771512,0.0183372034567783,-0.016495049159549,-0.0060583772065654,-0.0215057930018988,0.0430816016218955,0.0,0.0106242347408684,0.0234699404224589,-0.0066871953214804,-0.0123611516472951,0.0254904468968404,0.0518292682926828,0.0192708948466595,0.0078330428474999,-0.0085504241580145,-0.0106151027218474,-0.0020383710565922,-0.0035404317303607,-0.0129681703423581,0.0,-0.0036543042021677,-0.0197402054828406,-0.011787091666028,-0.0137741836128044,-0.0146443763218555,0.0209104512877056,0.0347941105873581,-0.0133717316408094,0.0184297378859294,-0.0120257534644829,-0.0217919847841885,0.0232944443723477,-0.0130231246474902,0.007277372606713,0.0062744439379034,0.0024807127828141,-0.0271274200810446,0.0349500081227569,-0.0108977941418193,-0.0102804859243013,-0.0148490392915896,-0.0134984596237025,0.028183730006654,-0.0298621599403521,-0.0640706917810277,-0.0067098374207771,-0.0021872499333155,0.0,0.011832650532215,0.0232489705714553,-0.0065561662750805,0.0036579708076085,0.023522388522563,-0.015346980816274,-0.0311690016076642,0.0043629417073751,0.0,0.0287601268052133,0.0078499807743499,-0.0102233085904142
2021-01-04,-0.0108678975093335,0.0,0.0,-0.0283599211328194,-0.0026397866636039,-0.0072183162505898,-0.0311867577221088,-0.0247917520142019,-0.0261550869915889,-0.0080991780672293,-0.0096070960084952,-0.0222351712919124,0.0437908161520839,-0.0212361773138023,-0.0093340187688369,-0.0192233310126092,0.015118517017828,-0.0316449465769087,-0.0214156421166459,0.0463542097733424,-0.0042745029308095,0.0728407650879139,-0.0199222546161319,0.0,-0.0332423782694235,0.0152760627976715,-0.0089706553139728,-0.0081918055869418,-0.0542382491353405,0.0069243156199678,-0.0336113356526248,-0.0177035382085539,-0.0279716651701087,-0.0007397521054481,0.065031662945203,0.0479554960003247,-0.0326990248872071,0.0,-0.035452194235525,-0.0025179170265027,-0.0153522091415426,-0.0166538355388345,-0.0226155951742141,-0.0473674059787848,-0.0200225049599747,-0.0305440178300071,0.014657350973688,0.0100198847551231,-0.0148394078911164,-0.0179196469334956,-0.0116120257613248,-0.0416491244483947,0.0225329947423011,0.0201075338472502,0.0069998842994329,0.0656772858620813,-0.0248995983935741,-0.0003981787649532,-0.0046734122522759,-0.0366961045434013,-0.0169692676567724,-0.0093703813183564,-0.0157499290423122,-0.04230646526015,0.038622754491018,0.0,-0.0040214783502799,0.0063208800323966,-0.006901121634289,-0.0327946379362454,-0.0334273865207264,0.0160098328931195,0.0225879643740052,0.0458556812366264,0.0,-0.0120406987029144,-0.0147852933580634,0.0328065836721576
2021-01-05,0.0213196832208748,0.0,-0.0047232472324723,-0.0258228520618803,-0.0152940689600573,0.0019685399284499,-0.010377915928062,-0.0047819420425823,-0.0061006270705158,-0.018714693153913,-0.0199177556889852,-0.0135978068694253,0.0195477884875237,0.0324074074074074,0.0004273460790997,0.0,-0.0063864288387176,-0.0047544573037222,-0.0216200634188526,0.0031526314302663,-0.0153036777720191,0.0181423054385387,0.0029747149231531,0.0,-0.0192970976721489,-0.0037876155396484,-0.0173621765367699,-0.0089517708556982,0.0238963094410207,0.0070366224212377,0.007705176371173,0.0021981265042156,-0.0239811796391943,-0.0162969482049026,0.0241960983791362,0.0220280533168009,0.0332025593090918,0.0,-0.0164766932022628,-0.0064877749855232,-0.0077957871251395,-0.002555523549962,-0.006470994645545,-0.010750293557922,-0.0023166217611361,-0.0097151105073409,-0.0603219253008283,-0.0174603442991041,-0.0165803977061146,-0.0064114980823615,-0.0058684428101456,0.0013287775246773,0.0305012417363321,0.0390921675959206,-0.0172918940656058,-0.0135042849491162,-0.008788274725899,-0.0027970211291997,0.0078292839582732,-0.0167833524665708,-0.0059005730799558,-0.0186892648623917,-0.0334512215028022,-0.0023463638602031,0.0459477823992091,0.0,0.0018353254261396,-0.0045840348060046,-0.0036237190858247,-0.0291090098966221,-0.0046824367479204,-0.008293180133432,0.0107050602728839,0.0168375790104358,0.0,-0.0084907785524087,0.0613751318117639,0.0050020968898387
2021-01-06,0.0151792569842301,0.0,-0.0092144940432052,-0.015266626268747,-0.0624261106471931,-0.0217695433201139,0.0212425995694296,0.0213020415629001,0.031240932391914,-0.0162941932298299,-0.0152386836042576,-0.0346343231731262,0.0404102877154652,-0.0119696447050705,0.0389583312144667,0.0226236016353145,-0.032112279996987,-0.0012807216041234,-0.0022343351011588,-0.0030188169166389,0.0,0.0405323955534004,0.0034602076124568,0.0,-0.0296961404064278,-0.0339739788621855,-0.0414704173063746,-0.0076399327968873,0.0396744540078457,-0.0566936636493567,-0.0323584988512193,-0.0232480212019517,-0.04619202860448,-0.0237189304114895,0.0494905971892238,0.0406422383561124,-0.0230814038153487,0.0,-0.0012885178594413,-0.0087087409955919,0.0218251081334903,0.0226439683961878,0.0276855065534991,-0.0366944313693388,0.0100502258903105,-0.0483233250563068,-0.0795671877598536,-0.05331143536422,-0.0337198845079754,-0.0301068980082529,-0.0370585772111849,-0.0434014895057547,0.0098774651233832,0.0009900385014973,0.0070150824272186,-0.0157184257141498,-0.0202713158301954,-0.0308491884991793,-0.0103616125877659,0.0164202667368316,-0.0544678267139793,0.0247820798702613,-0.027195145292217,-0.0030632540177987,-0.0020178158373935,0.0,0.050182051340768,-0.0191002195158153,-0.0048510123970317,-0.0391527259233456,-0.0470525246639949,-0.0171403358509175,0.0410642463363286,0.0280646511953952,0.0,-0.012070441980904,0.0295473043136593,-0.0365836011509145
2021-01-07,0.0,0.0,-0.0084519972458663,-0.0078997265479272,0.0022295544594013,0.0336266127778641,0.0413214973896143,0.0283659608469835,0.0284403272585602,0.0211443140789076,-0.0041300171212734,0.0408784858583803,0.0827922704568089,-0.0172322498807154,0.0247177042392086,-0.0131375976964213,0.0221011673151749,-0.0344664815237316,-0.0185299111647021,0.0396233130151342,-0.0068422411567261,0.0643621492376105,-0.0364532019704434,0.0,0.010325979278114,-0.0148763314677738,0.0096103379002046,-0.0088660381729722,-0.0033677618462993,0.0050505050505051,-0.0356715198749272,-0.019757360279441,-0.0128779592844793,0.0067974772249475,0.0553743636968255,0.0438275315591014,-0.000298129239025,0.0,0.0,-0.0150074209384634,0.0384202146250534,0.0321494515042903,0.0405756473616163,-0.0098576588060336,0.076128458339997,0.0243836518304196,-0.0225853443700382,-0.0119457456477661,0.00158709942884,-0.0051523597673732,0.0011173386804532,0.0,0.0309446983956263,0.0309294715248606,-0.0034831069313827,0.0192791687065165,0.024136276952956,-0.0049594774404257,0.0277463193657985,-0.0038830239048659,0.0439486559927431,0.0385144157064438,-0.0182164329816966,-0.0025921071792631,0.0023572344412665,0.0,0.0491840454945879,0.0864061355165493,-0.0204177654254793,-0.0099111738140088,-0.0030364121588684,0.0357288096206356,0.0553387363285859,0.0701804175957834,0.0,-0.0244476286507809,0.038262121154297,0.0091133280239201
2021-01-08,0.0299045845939027,0.0,0.0190407181530904,0.0315520148863173,0.0187554326583712,0.0147323335318498,0.0058122983488326,-0.0077030249444042,-0.0086216572663242,0.031068113011518,0.0082942898014357,0.0205685023825392,0.005105060141316,-0.0271231197804571,-0.0072364430136084,0.0686726585905954,0.0432972945535761,0.0386790300501922,0.0341239594824993,-0.0017008004086267,0.0369466747992681,0.0059700881805346,-0.0025562372188137,0.0,0.0478088338774236,0.048418429058388,0.0269880252402121,0.0419037858151054,-0.0078771303286468,0.0465661641541037,0.0388824963491682,0.0311480886400152,0.0553202516262778,0.058756445058387,-0.0148941713981008,-0.0168054028584889,0.0562364869902332,0.0,0.0322578287767336,0.0397621572752402,-0.002468243184283,0.0031077905222911,-0.0003077208913455,0.0541132043084582,0.0408816276488535,0.0576662878172864,0.0261227224937319,0.0293609696290393,0.0324644202083437,0.041452556858361,0.0690770223881946,0.0361130614001312,-0.0019018018213827,0.0038730767864123,0.0701969008505185,0.0056689419102575,0.069023030524584,0.0290812329470244,0.0188516177820989,-0.0019409591099199,0.067508674798389,-0.0105651799858411,0.0207116460277136,0.0331571570402382,0.0509500241072922,0.0,0.0335771884612188,0.0046403031957982,0.0233286791399049,0.0760112880563925,0.0666647329142615,0.0258734982764599,-0.0048164744301872,-0.0031271955805975,0.0,0.0261966501653156,0.060476693079601,0.0340160543869183
2021-01-11,-0.0260099746598447,0.0,-0.0072488099705702,-0.0363067186783617,-0.0156023332875226,-0.0411543614612112,-0.0163297717605804,-0.0151273777861781,-0.0177541590302789,-0.0207543285587361,-0.0123390907079358,-0.0378089374613369,-0.0100305740978512,-0.0566045199631197,0.0166087701234591,-0.0347504936495941,-0.0415004378709741,-0.0283271229652873,-0.0385986180143048,-0.0166559618545815,-0.0193242305021985,-0.0219285400497876,-0.0220399794976936,0.0,-0.0386641492400929,0.025765627185009,-0.0100454708105324,-0.0194318848583162,-0.0227026780730633,-0.0012804097311138,-0.0487544712786104,-0.0199889949963231,-0.0457439692471826,-0.0215428961541378,-0.0274891894718065,-0.0170749023784168,-0.0342690562068989,0.0,-0.0474999211595531,-0.0175127639176866,-0.0230814411217056,-0.0196589923629955,-0.0225460416654568,-0.0378399283504315,-0.0003435475523352,-0.0382819495970321,-0.0195915058436731,-0.0146810744520891,-0.008441177027872,0.0154231172156906,-0.0260542755083038,-0.0428985190447565,-0.0094944633777207,-0.008353390910378,0.0590060421316205,0.0456676599780709,-0.0257859753360831,-0.0052502395421791,-0.0175007952497082,-0.0058504751985417,-0.0194362707139539,-0.0219110659064583,-0.0152156464195589,-0.0474541780308918,0.0118063422809366,0.0,0.003534975749825,-0.0234154100980324,-0.0109427104084005,-0.0148185961174243,-0.0017831128722102,-0.0468381863188557,0.0121069547562502,-0.0001951991376689,0.0,-0.0113208658518627,-0.0306282618814185,-0.0512352704874129
2021-01-12,0.0434746584252345,0.0,0.0109526083323385,0.0207656580861277,0.0112521862553855,0.0289476938296029,0.0091916172450725,0.0004112377571092,-0.0007348173762697,0.0064949075277858,0.0395487671485617,0.04008041595869,-0.0009172011035075,0.0158211006067174,0.0003975503327116,-0.004078746322183,0.0064971321252729,0.0049086094426145,-0.0176279222253045,0.0252189219409049,0.0061553588987217,0.0044832046179501,0.029350104821803,0.0,0.0492776693025198,0.0560648921304658,0.0015604612617694,0.0046066525871171,0.0789798820430334,0.0434294871794871,0.0031889302951451,0.0,0.0365348867130137,0.0358218983383724,-0.027564134999747,-0.0173715193759254,0.0225810931310206,0.0,0.0209970897999751,0.0258296930844728,0.0075984342620307,0.0038736739978741,0.0031194481250631,0.0224883115784129,0.010930351922519,0.0108576369259418,0.0259779038518961,0.0302256809917647,0.0131469573774876,0.0009743795494927,0.0358479633814241,0.0102717825739409,-0.0035176045113277,-0.0074481248810203,-0.006219480853251,-0.0173367642328723,-0.0020183184336093,0.0178614626079229,0.0529249564264862,0.0071944801394696,0.0209711868857997,0.0100642960241437,0.0111585415909276,0.0033677026926786,0.0516989303031425,0.0,0.0208345856526286,-0.0013056878677499,0.0288927392921389,0.0202868621634815,0.0257592739613008,-0.0071391694783554,-0.0137608906457032,-0.0273591311424143,0.0,-0.0008995966708965,0.0349290105405106,0.0463313515516115
2021-01-13,-0.0374946402197906,0.0,0.0024993849938501,-0.0052300216230257,-0.0001553137433489,0.004037927677831,-0.0493648229107267,-0.0186693705852932,-0.0151325085791734,0.0047545498018477,-0.0190284222002484,-0.0121224906297219,-0.0198885438258012,0.0226269631097308,-0.000397392349251,0.0088755895927372,-0.0042866508648949,0.0114081881869014,-0.0185603532371514,0.0214670597255066,0.0330512284267927,-0.0480559431294532,-0.0168024439918534,0.0,-0.0062155864424908,0.0139740527980378,0.0,0.0160559197992353,-0.0096899643513017,0.0367071110428505,0.0016965814190648,0.0149603820118591,-0.0189996404663665,-0.0028790116557561,-0.033067526960051,-0.0257277271390768,0.0034415596018797,0.0,0.0025710734711545,0.0021236236540704,-0.010054844606947,-0.015072484366117,-0.0164727763825049,-0.0151245551601422,-0.0290635043972733,-0.0119351920388189,-0.0087646637413809,-0.0074378829550358,-0.0045737888889935,-0.0200666768463377,0.04390385787881,-0.0073923781642261,-0.0461770967777519,-0.0483205868955431,0.0,0.0389512618244902,-0.0052648355151075,0.0,0.0004868624024354,-0.0097354050188531,-0.000422716610784,-0.0090773867518869,0.0012699701354055,0.0131890229477169,0.003598609827988,0.0,-0.0156986056152252,-0.0200878704051801,0.0143356680861104,-0.0037720850982398,-0.0024433273261881,-0.0076159462156627,-0.0606827086179202,-0.0299423747841719,0.0,0.0022480352053046,0.0023321068178958,-0.0096780937864614
2021-01-14,0.0103534186906018,0.0,0.0124657682152355,0.0368103107274115,0.0377739507981682,-0.0070798472715954,-0.0023993801601253,0.0317099053310618,0.0307300397484793,0.013523271844023,0.002041844897326,0.0028455789238446,0.009403310550734,0.0344811525802644,0.0055751701420769,0.0148677860446411,0.0302370340356563,0.023528103453754,0.0104888702885093,-0.0035414133939426,-0.0047394709955727,0.0314451731876619,0.0548938373899534,0.0,0.0347427379056615,0.0076068620898182,0.0561154878746532,0.020996323164923,0.0847795970460223,0.0065185185185185,0.0349197323085483,0.0366196018012523,0.0400136127436223,0.0057796526203595,0.0417187983479303,0.0280481364116493,-0.0082876863571932,0.0,0.0076921198183144,-0.000706374477807,0.0220067713142504,0.0217028982893094,0.0296971266479166,0.0223314636247136,-0.0045243519263735,0.0478280122658125,-0.0176843246417398,-0.0120734834119234,0.0437122231274986,0.0229772370180882,0.0242463536699066,0.0214142150303762,0.004024749898803,0.0102908390119786,0.043653667114927,-0.0186194511830125,0.0118063689200238,0.0322959787747061,0.0019311348106256,0.0104794104613565,0.0405349716480143,0.0279339130092786,-0.0038108696659407,0.0066400093397933,0.0095560387151072,0.0,0.0076574259084218,-0.0056669930579812,-0.0064769921377245,0.0478338283316341,-0.0146844609422243,-0.0059648565682225,0.0180904362000495,0.0164203101308935,0.0,-0.0035875986887119,-0.0045425671782902,0.0453084351462156
2021-01-15,-0.0190657380114475,0.0,0.000824050645183,-0.0394482431641565,0.0181246662145355,-0.0298413004562687,-0.0309663195343359,-0.0368864106971267,-0.0276335693537963,-0.0210128030744651,-0.0101755245747301,-0.0302667155265478,-0.0487171865824749,-0.019164678162472,-0.0015860913438006,-0.0226498743049622,-0.0021139570325943,0.0151101246371863,-0.0050476289086767,-0.0350678973053257,-0.00536086001882,-0.081035951322769,-0.025527736867943,0.0,-0.0402946342809532,-0.0082127740223639,-0.0339473245540923,-0.0141515806538773,-0.0460857760571169,-0.0164851339417133,-0.010224066880345,0.006463711447153,-0.0347949389179755,0.0068210991372876,-0.0591680442194441,-0.0529695613085519,0.0028838107961544,0.0,-0.0190838344534841,-0.0038933283263106,-0.0389123124027506,-0.0285579102727973,-0.0377367319007567,0.0204668748972547,0.0045449147200422,-0.0069174356236813,0.0,0.0096924805927089,-0.0374791227942779,-0.0039032501697755,-0.0193250362279037,-0.0268908312522296,-0.0351560250192944,-0.0451575902653101,-0.0328575676479333,-0.0476918138041733,-0.0030195313993043,0.0057933159198981,0.0226586025490929,-0.016859544402485,-0.0435545071236108,-0.0500006376818987,0.011063567549969,0.0009278186114614,-0.0035430814387689,0.0,-0.0161444171346923,0.0249759090263406,-0.0002980213511011,0.0075513736660826,-0.0046126529509398,-0.0274475142828239,-0.0469496833133197,-0.0434548399359346,0.0,0.0054037593446225,-0.0412798994838157,-0.032861861607521
2021-01-18,0.016930811746687,0.0,0.0035550303194684,-0.0067483148493776,0.0192849065884501,0.0163767395626242,-0.0101865816348515,0.0042578006983917,0.0033670279587485,-0.010221915920055,0.0051465798045602,0.0396627618395923,0.0165067558813891,0.003115245731073,-0.0146793315577343,-0.0163579230125947,-0.0147058823529411,-0.0089907569513993,-0.0034602076124568,0.0095762166797686,-0.0227439962539299,0.0197902136407017,0.015617128463476,0.0,-0.0010506292716373,-0.0234728326645009,-0.0038220297307324,-0.0020170269622118,-0.0147055723050325,0.0005986231667165,-0.0154960095984529,-0.0214023785926659,-0.0038118170675522,-0.0042793961406369,0.0141865876006341,0.0076332920024797,-0.003738531945827,0.0,-0.0077819114800056,-0.0021344539678669,0.0017234400908723,-0.0032276120759215,-0.005105700149524,-0.0093636729762384,0.0128818984999159,0.0011614699153694,0.0100014944761861,0.0204505607500073,0.0038193494846234,0.0573509359907229,-0.0108344847084931,0.0032766600980704,-0.0017430546435691,-0.0017888386911446,-0.0370484242890084,-0.0193902455468507,0.0086752689114291,0.0353296154486433,-0.0136728807034909,-0.0145135842853485,0.0009384594798873,0.005034334158964,-0.0079984359636361,-0.0178439523195689,0.0225628780088193,0.0,0.0183362968565199,0.0349955894994502,-0.0091935054564812,-0.027379382013233,0.0267377605428986,-0.016309167953224,0.0026599468010639,0.0081233437362862,0.0,-0.0125370439657682,0.0702177115393047,0.009080681994247
2021-01-19,0.0030858639600555,0.0,0.0258781285894924,-0.0165389363833307,0.0224120062538506,-0.0034536296730971,-0.0169782243389375,-0.0186450994521909,-0.0160288840198868,-0.0075757153759171,-0.0194568669388813,0.0312142362458434,-0.0127975409528807,0.0050823983062737,0.0221508843609015,-0.0173255529363269,-0.0127753193829845,-0.008138862102218,-0.0046209273182957,0.0015790820632612,-0.0232635459550374,-0.0570756223875024,-0.0143849206349205,0.0,-0.0101575387204267,-0.0098822608525488,-0.0045988360008314,0.0110109379894525,0.0095862710903311,-0.0031408914148967,0.0023070253621213,-0.0039396195076994,0.0091755127684918,-0.0136129707839741,-0.0294854095609332,-0.0252451451643913,0.0213471837820351,0.0,-0.006535899323863,-0.0035613287478679,-0.0154842745982299,-0.0079128348368934,-0.0118583595019612,-0.0094521800996035,0.001028039900518,0.0178524631029921,0.0475317846045277,-0.0151329777013566,-0.0106440945473674,-0.0343061338861201,-0.0066873038300993,-0.0107342697270753,0.0125216767326437,0.0220931601459797,-0.0288420604512558,0.0090617823797147,-0.0055980279304129,-0.0059332151514055,0.0086063579596138,-0.0174012170793448,-0.0267363739334806,-0.02162936544511,-0.0131522507796287,-0.0052646325817345,-0.0185878041505092,0.0,0.0135895328993109,0.0303362592940417,0.0092788102491363,0.0006727247872102,0.0249990557842656,-0.005381819800867,-0.0471442416676248,-0.0026510877119562,0.0,-0.0074757923858782,-0.0283048204010692,0.0014519843786509
2021-01-20,-0.0153655332239874,0.0,-0.0193823977719651,-0.0090085822339072,-0.0035582416051274,-0.0097343450018707,-0.0223731876035181,-0.0198619784983031,-0.0208322544849268,-0.0062415455683342,-0.0083417058854635,-0.0131365862022977,-0.0111560017618737,-0.002810625743632,-0.0066978389991153,-0.0239755656345855,0.00215255267423,-0.0088356537294859,-0.023893828520471,-0.0191854996982728,-0.0137960033639021,0.001813288541925,-0.0035228988424761,0.0,0.005664946118701,-0.0113973252519929,-0.0177233692673122,-0.0215613288229975,-0.0327352881955851,-0.013953488372093,-0.0027191090758961,-0.0215197531303539,-0.0151491569390401,-0.0112600374328321,-0.0206469517679955,-0.0155236010020317,-0.0118634941527155,0.0,0.0078945425155629,-0.0157347726208265,-0.0157145694049115,-0.0152314862460855,-0.016538787320469,0.001354401805869,-0.0006861509621809,-0.0179946245337285,-0.0085078178479458,0.055648113363351,-0.008451158948258,-0.0216032049122019,-0.0010152780341612,-0.0108565162184002,-0.0168316363894073,-0.0167268166577081,-0.0032876712328767,-0.0365961679976014,0.0026154711397228,-0.0220184154019725,-0.0033166829150627,-0.0190742668008803,0.0111906569429776,-0.0255992791242998,-0.0262262920780739,-0.0209327838230498,0.0180540840960801,0.0,-0.0255635757046645,0.0105812393309496,-0.0169017833377694,-0.0006722725328136,0.0118575181750182,0.0162216303326021,-0.0167221197441687,-0.0184982944104241,0.0,0.0015936786101666,-0.0100446788506048,0.0052162319806681
2021-01-21,-0.0255917257839951,0.0,-0.0349446374086085,-0.0515153446572549,0.0,-0.0316642303213497,-0.0101289217862415,-0.0180605461078541,-0.0143171223717314,0.0048856531242764,-0.01685041259515,-0.011501520343646,0.0032409434063698,-0.0140836067669493,-0.0150739798322495,-0.0007252508159072,-0.0301720870290349,-0.0127360045199867,0.0205556749785038,-0.0389996230849389,-0.0228818549123911,0.0096692451320352,-0.0272727272727272,0.0,-0.0534832510342987,-0.0461815273890443,-0.0070595946712018,-0.0093134426769966,-0.0305673028463746,-0.0158247108947047,0.0044067159199814,-0.0125629968306749,-0.0564101213366345,-0.01065551247214,-0.0047775008899964,0.0017631737126828,-0.0074293570009046,0.0,-0.0078327068781018,-0.0079874919275346,-0.0204040458384892,-0.0154596079485227,-0.0135226886952585,-0.0258422821542749,0.001032176995916,-0.0173971152954568,-0.0409972602739726,0.0027537115148723,-0.0263644286111031,-0.0338601459258124,-0.0314403882629795,-0.0176509373960636,-0.018861804245708,-0.0234020122086136,-0.0463441451346894,0.0490052548570296,0.0038122208909705,-0.0282326089113823,-0.0066554398136478,0.0,-0.023860920514995,-0.0241245354266717,-0.0282536312309993,-0.0110535719693527,0.0142366057338803,0.0,-0.020470607998656,-0.0071320701598286,-0.0099472045485312,-0.0425579370732513,-0.0040166492478341,-0.0026595305350447,0.0035415607412732,0.0112642616392917,0.0,-0.0009074959162683,-0.0118381155243704,-0.0245100964886103
2021-01-22,-0.029470300061237,0.0,-0.024696758798966,-0.0338639227215455,-0.0074285504538407,0.0077399380804954,-0.0143420679303307,-0.0166001229638738,-0.0184418690213392,-0.0128489045269062,-0.0171256559410976,0.0006445092208762,-0.0037969547810243,-0.0205735526116742,-0.0330253897933701,-0.0021638912409445,-0.0200109434847182,-0.0170891257521201,-0.0098996866854479,-0.0079884182355111,0.0071479034201888,0.0167567720569505,-0.0498442367601246,0.0,-0.0334578824303524,0.0227066303360581,-0.011052730176005,-0.0064235046851739,-0.0247728402875094,-0.0085034013605443,-0.0037623385681977,0.0,-0.017934737096759,-0.0096541579228901,0.0135928859127623,0.0139805592223689,-0.0023036183313478,0.0,-0.0894739658948718,-0.0076920441307477,-0.0144993203443588,-0.0243079512627851,-0.0214001210846636,-0.0139686546755022,-0.0140724468752801,-0.031635601603582,-0.0158955078906168,0.0196156590951464,-0.0039737183774638,-0.0030432457767538,-0.0036641341308764,-0.0101987478764984,-0.0128081109873022,-0.0166993189663214,-0.0035164581772064,-0.0306967273904074,-0.0131944444444442,-0.0168836694749382,-0.0019186453754556,0.0041655796156188,-0.0058896203902719,-0.0063641911052084,-0.0149968963376784,0.0178833904948554,-0.0151889791593077,0.0,-0.0101266236285161,-0.016353214020041,-0.0100526148831204,-0.0101523987014547,0.0107566982566982,-0.0257883927388365,0.0,-0.0020344996791604,0.0,0.0073028945137458,0.0150586063308024,-0.0144834431233386
2021-01-26,0.0165014766324018,0.0,-0.020714402218235,-0.0968931084999369,-0.0067656687217253,0.0128092826040038,-0.0267150763287894,-0.0214375028246885,-0.0239891299255025,0.0010533627895323,-0.0130783875506993,-0.0148580797212829,-0.0098743612402505,-0.0580494062985622,-0.0149961903442543,-0.0231944182538186,-0.0181329930073649,-0.00360663426626,-0.0110091743119266,-0.0162334075620237,-0.0129152052816176,-0.0288410678990006,-0.0469945355191256,0.0,-0.0176940049477568,-0.010383932231179,-0.0287569907992061,-0.0138467165830075,-0.0011472674176052,-0.0035864649929829,0.0002091346372423,-0.0059089091406561,-0.0204793193456851,0.0018748669156103,-0.0516590320372108,-0.0577943468055309,-0.011832404243841,0.0,-0.0563581277548116,-0.0066410004085882,-0.0220271682340648,-0.0211213428138477,-0.033192886029292,-0.002837575473107,0.0198434892529588,0.009751671763164,-0.0212150769873894,-0.0092342938814973,-0.0287762679728234,-0.0422852299664949,-0.0189174424563951,0.0063791354861166,-0.0046886047059697,-0.0033206831119544,-0.0069420340159667,-0.0194409086798961,-0.0123537561576355,0.0331483821823657,-0.0086301592790739,-0.0366505295793677,-0.0229603273236974,-0.0322631919282414,-0.0092258828867434,-0.0092659446450059,0.0078568012570883,0.0,0.0039600856368517,0.0285898836617544,-0.0107734806629834,0.0190971826815768,0.0013275648770465,0.0077582640529985,-0.0451964569611628,-0.0152406851973024,0.0,0.0156300722590263,-0.0002248515979453,0.0029972028406171
2021-01-27,-0.0006552063037743,0.0,0.0091085109926714,0.0289292797042572,0.0292717521386463,-0.0053960892454248,0.0244049038782616,0.008390294968902,0.0159777895124253,-0.0158179429279973,0.0198775475970811,-0.0153001079774534,-0.0349165696546371,0.012388272970341,-0.018177982490067,-0.0014892443463871,0.0092339353895312,0.0158016475266808,0.0073673738270012,0.0138594199729313,0.009165203578296,-0.0272753332377814,0.0332568807339448,0.0,0.0097891193505272,0.0015187077177964,0.0312523218664089,0.0077266491189653,0.021962340329261,-0.0007824726134584,0.0392303030303031,0.0123432612251164,0.0403979339162732,-0.0063657287411617,-0.0182941351592735,-0.0164967446144828,-0.0257024312126946,0.0,-0.0030632375227278,0.0037134663847289,-0.0037610052141208,0.0035326712551699,-0.0007072612151421,0.0071034276177841,-0.0375459794457943,0.0065193083343317,-0.0113535252873973,0.0015533227572177,0.0288052872394508,-0.0111659614480489,0.0074970436619554,-0.003416815742397,0.0137706715850602,0.0140749303052967,0.0210299429104043,-0.0209684055215855,-0.0162045412795519,-0.0270578230580073,0.0033856744930464,0.0064636766543506,-0.0163732568202542,-0.0061108083289159,0.012574736038672,0.0083657233086358,-0.003753728308026,0.0,-0.0138015194408721,-0.0589119607507322,0.0046690868472494,-0.0086749878013804,-0.0455000307066503,-0.0022662602768998,-0.0266321452096903,-0.0277921274842861,0.0,0.0169521622293513,-0.0078690769515261,-0.0038857520133697
2021-01-28,0.0097482703290256,0.0,0.0151435438781089,0.0402136996042252,0.0219625001076593,0.0391684887743464,0.0282752647313571,0.0309766263110486,0.0294291361835836,0.008212353784271,0.0281387061403508,0.0880158949724603,-0.0255486485834453,0.0247774622933696,0.026270284650173,0.0512622217312048,0.0503622216259727,0.0178248989309854,0.0238355798745495,0.0045585972112112,0.0324237560192617,0.0324016090294252,0.0677025527192007,0.0,0.0333476315950731,0.0514888337468981,0.0295036789538623,0.0185764966740575,0.0327974933587629,0.0296006264682848,0.0232135671505133,0.0275539707520089,0.0301365278145786,0.0128078046744575,0.0288016861002864,0.0223504118861619,0.0251813610859998,0.0,0.1781875874439746,-0.0033303319942743,0.0368511368511368,0.0387067683447774,0.0410906272117557,0.033864457191417,-0.0028351184078864,0.0369382147852048,0.0302757577939376,0.0155099841392492,0.0152001818487295,0.0580893714908998,0.0425336736786927,0.0665362269411884,0.0221517431282882,0.0138795762370926,0.0412506418668341,0.0384877334840383,0.0431562270129577,0.0071517145169901,0.0086759134760403,0.0649094287041336,0.0363759113168626,0.0399513237608404,0.0156284352092062,0.022479861477076,-0.0084032898709738,0.0,0.0129947504374636,0.0101122252961882,0.0061928110025237,0.0286987495491162,0.0250550681634105,0.0426720323746077,0.056996230955044,0.0212997110129165,0.0,0.0026308131075023,-0.0031736036773502,0.030320081746503
2021-01-29,-0.027672407901032,0.0,-0.0381578546241629,-0.0184750442987308,-0.0278264240626343,-0.0243094927690021,-0.0196813665552626,-0.0296016585221383,-0.0309440024479803,-0.0201888187649394,-0.0231693173183314,-0.0304017974785369,-0.0527340848696914,-0.0298520460989133,0.0163656575425092,-0.0317902369817666,-0.0152502107441182,-0.0092312764437606,-0.0153553365660357,-0.0270881933080325,-0.0257583052479537,-0.0826791881939885,-0.0103950103950103,0.0,-0.0382726884577065,-0.0127826941986234,-0.0604218242894508,-0.0205190496715125,-0.037230008244023,-0.0477639184666868,-0.0284092366353477,-0.0101103642682324,-0.0332078843342178,-0.0234269966775696,-0.0428147176513068,-0.0364363197235003,-0.0558484763462918,0.0,-0.0612776720875249,-0.0215370716763474,-0.0328106251810169,-0.0282319789802367,-0.035726541103651,-0.0150213710340291,-0.0007107947893633,-0.0407112998727772,-0.0293860721898039,-0.0351282936946948,-0.0449177870153132,-0.0401575375506346,-0.0311084149027451,-0.0275236048853557,-0.0444016837041491,-0.0385424244428278,-0.0396164383561643,-0.0179725109886276,-0.0371724425977858,-0.0169635719263145,-0.0296356743167627,-0.0683257425161253,-0.0499698976520168,-0.0332447288775886,-0.0131242848749111,-0.0236496436355068,0.0119826735857957,0.0,-0.0200667108115111,-0.0139837232664113,-0.0126187845303867,-0.0108882249380893,-0.0359809184826352,-0.0518070856352098,-0.0510417315062645,-0.0345779968048524,0.0,-0.0111574229952049,-0.0475155711091178,-0.0224352423615973
2021-02-01,0.032431530019594,0.0,-0.011927904323205,0.0745901414000715,0.0188461378420738,0.0242439685282089,0.0126944824272885,0.0212571149532283,0.0206196960726265,0.0140992564251072,-0.002142613442511,0.0359848755763445,0.0359980485085029,0.017232207571133,0.0553250345781466,0.0321149462715728,0.0044098573281452,0.0144671478485465,0.0045010458312373,0.0242457860644884,0.0180586442632402,0.0424335776038669,0.0105042016806722,0.0,0.0308241561740802,0.0172642762284196,0.0074204420609649,0.0190864803356802,0.0159268392930538,0.1351437699680511,0.0030474749074611,0.0035518957151081,0.0340778081168755,0.0388423256868877,-0.0004311307172938,0.0085135806737395,0.0238468307141312,0.0,0.0180557124816036,0.0117660984848484,0.0169689710244125,0.0199611279173654,0.0266562816837101,0.0152504537583708,0.0213529584051996,-0.0096458426816904,0.0250557995536035,-0.0134546907236998,0.0074204694873962,0.0090050395175282,0.016843316542664,0.0051920780427019,0.0285433814090461,0.0314756985046291,0.0172305585667826,0.0422723332907057,0.0120391653145843,0.0044140990236796,0.0394099734132851,0.0366682571549465,0.0010955048318159,0.0392257948827148,0.0027512643908675,0.0171186389550841,0.0106880710616874,0.0,0.0352472089314195,0.0351321122455758,0.0180733678014279,-0.0144460323263208,-0.0014094594646352,0.0202040932672025,0.0113571408491617,0.0377497215299427,0.0,0.0161500528355056,0.0089505517826826,0.0080476276978231
2021-02-02,0.0006468085106383,0.0,0.0081477283662843,0.0162200191877197,0.0083451601814699,0.0235123508103418,-0.0067055925554239,-0.0019350307811846,-0.0040065899897128,0.0085553908192521,0.0053885500150443,0.0036543718990766,-0.0571327659860743,0.0269188153890906,0.0633789725142446,0.0098986473163229,0.0242252066115702,0.0256632537506931,0.0184243127125121,0.0221111906966451,0.0088590441131854,-0.0343978388167224,0.037941787941788,0.0,0.0257332049265148,0.0162532637075718,0.0253689823757197,0.010734069001614,0.0671813717226885,0.0132282578103011,0.0279346271825298,0.009731861602684,0.0200364709811959,0.0520535564683601,-0.0116147417876534,-0.0140552353609152,0.0057484045821381,0.0,-0.0122783591110973,-0.0120036502328192,0.0018508651392354,-0.0148219293864535,-0.0213207065917607,0.0382007233273056,-0.0195136827922728,-0.0014599618060566,0.0101847299290582,0.0148416094464614,0.0163808367481157,0.0341157205240174,0.0041383059572743,-0.0004706125423981,0.0345055429116805,0.041038157350725,0.0337652139772282,0.0593439851674117,0.0108661163097512,0.0095904052649808,-0.0156386624722353,-0.0048545375597048,0.0556678262050345,0.004903282395275,0.0192122598467519,0.0161187478683808,0.0457133752086076,0.0,-0.0116720317200333,-0.0179050614516971,0.0162245941103402,0.0160553638403979,0.0676996835746475,0.0274483945594958,-0.0209674878855543,-0.0395541304133791,0.0,0.0148072401222478,0.0054425846755745,0.0298628749009728
2021-02-03,0.0044822072531809,0.0,0.0032985098371958,0.0124449815171465,0.0,0.0043039565573088,0.0079265212399541,0.006355313686007,0.0047759942222118,0.0021221342607422,0.0204184350854281,0.0773061613808536,0.0219403863648526,0.0091313301060176,0.0621801287570531,0.009801624492346,0.0193655756719954,0.0108125395000344,-0.0008023189606086,0.0047117137648131,0.0037691212734818,0.0189554169006682,-0.0225338007010516,0.0,0.0383778771744645,0.0264307277281778,0.0175577748134261,0.016950688513837,0.0115415802276723,0.0149999999999999,0.0240235541774529,0.0184087046947523,0.0126645573821269,-0.0125480808675551,0.0243752289074006,0.0285112023817284,-0.0069186255696809,0.0,0.006906027252886,0.0064536756347099,0.0009237228831351,-0.0034707056841579,-0.0049183723929618,0.0354689943194188,0.005329495601309,0.0202374310125774,0.0282181430491816,0.0138342976230882,0.0161168295936446,0.0081221958300341,0.0412401319242266,0.0563393221137005,0.007558015754737,0.0066362611458439,-0.0065650263143616,-0.0122064217231838,0.0113660768862235,0.0067245630963868,0.0447769575560796,-0.0062744892705359,0.0191090152104129,-0.0039027705736106,-0.0008952880865363,-0.0120687642285914,0.0352462829005404,0.0,-0.0026253286788443,0.0122075870770961,0.0030124717411763,0.0061842212011475,-0.0231162169152513,0.0271610847029901,-0.0038328317528817,0.0315993648368877,0.0,0.0381887118995296,0.0431768496145437,-0.0126314816404419
2021-02-04,-0.0051057128100048,0.0,-0.0113429743329528,-0.0143600157483577,0.0277242426799424,-0.0082581696259916,-0.0040733383148955,0.0306535354587245,0.0300964570580597,-0.0024715317217958,-0.0136909602335594,0.0280811830108205,-0.0142605295770713,-0.0075884211920697,0.0290951734353783,-0.0090104025677713,-0.0253302330183545,0.0125274013363565,-0.0039371098505452,0.0124130265896216,-0.0143807298220385,-0.0025636358120202,0.0302254098360654,0.0,-0.0099517016735932,-0.0155814899408653,-0.0164664824263038,0.0026648674567912,-0.0197070489396922,-0.0020525451559932,-0.0238461004236406,0.0034418521248829,-0.0135286894737531,-0.0137583515393225,-0.0144460081396675,-0.0184876080204524,0.0057553685322866,0.0,-0.0233198716834973,-0.0181073735484098,0.0,-0.0042576171431703,-0.0042375442390216,-0.031730861129695,-0.0098959608040526,-0.0119490411446304,-0.003922143203309,-0.0132553573025858,-0.0134805482350867,-0.0065448881151376,-0.0108925179596558,-0.0164428089209711,-0.0010213065680576,-0.0010436022093822,-0.0394320043691971,-0.0130021561691844,-0.0066210381308635,-0.0220113059814349,-0.009220485407006,-0.0077104116903189,0.0116268494096551,0.0090607425283888,-0.0211194991714233,-0.0306808278062543,-0.027453927135542,0.0,-0.0062515680331004,0.0126863355986863,-0.0048043999892157,-0.0013670464832453,0.0047326442132669,-0.005972678174309,0.009984704686446,-0.0126064091997559,0.0,0.0,-0.0349623353345951,-0.0287860954699266
2021-02-05,-0.005123404255319,0.0,0.0193214503384193,-0.0016734642391623,-0.0068458959108539,0.0161777047658162,-0.0067343148109176,-0.0065603822198485,-0.0053797325890244,0.0084858264382419,-0.0021355391560565,0.0049312073798355,0.0253656549916776,0.0167643394691345,-0.0185125209415396,-0.0104971513306798,0.0021826303233338,0.009054251108532,0.0249902483422181,-0.01488775373034,0.0133240115913833,0.0736341561094804,-0.0069617105917454,0.0,-0.0150719277545833,-0.0075962241362871,-0.0031881264803623,0.0,0.0021133341829149,0.0112436583024817,-0.0128034013392488,0.0072869871683503,-0.0116411444467576,0.0075128352528397,0.0435487356818673,0.0376716752055796,-0.006322820315578,0.0,-0.0294940326396964,0.0015397704124429,-0.0055512053246825,-0.0046609603307474,-0.0042555774366721,-0.0052314677721844,0.0160673476050556,-0.0079823414868361,0.0118127609499993,0.0213354859039718,-0.013664756646176,-0.0141905646579837,-0.0115113316347055,-0.0131088833132537,0.0140073797269029,0.0069433827651226,-0.0068796906982032,0.0345241788050185,0.0357430621406373,0.0148708924277798,-0.0069735557243323,0.0091863284776183,-0.0104877462537865,0.0084917982610677,0.0192803265428962,0.0,0.0084192918873708,0.0,0.0129128917841725,0.0284554429491925,-0.0003034177846166,-0.0017102298167191,-0.005383782042836,0.0124432701936803,0.0441060275415756,0.0380790944843822,0.0,-0.0111591230629188,-0.0125049354751564,0.001194660864356
2021-02-08,-0.0373744632072404,0.0,0.0014790726948494,-0.0036894774082685,0.0075676783910292,-0.0148131227046688,-0.0026438211045091,-0.0180530330548492,-0.0212581377629921,-0.0150756049817017,0.0074903830525006,0.0377275311683711,0.0031689015913585,0.0413651693646441,-0.0181772999661874,0.0014065806943512,-0.0345674635332252,0.0020939474596139,-0.0061650091333469,0.0857241951807503,-0.0087692107710305,0.0365372266082424,-0.0050075112669002,0.0,0.0477391710005701,0.0194401742249552,0.0191989736454558,-0.0022134099633073,0.0169028114833145,0.0094915254237288,0.0133701555527367,-0.0063866589790215,-0.0020930159598069,-0.0071026639908708,-0.0082619565378186,-0.0099784250269686,0.0006042067897737,0.0,-0.0274963302957371,-0.003834534741124,-0.0148624137009801,-0.0183521013313959,-0.0185173896847167,-0.0013296288946218,-0.0105437102660025,0.0056063834793189,0.0116748487525579,0.0119922097550502,-0.0057087624973569,0.0056536819102226,0.0081018455711177,-0.0109870417865981,-0.0414416502491598,-0.0313650568720977,-0.0241025934619568,0.0329956363079593,-0.0278839131677268,0.0043564101463582,0.0,0.0063052476497824,0.0056628858466794,-0.0324848339409168,-0.0081075760931078,-0.0175403840292593,0.0468239048356267,0.0,0.0901940434503696,-0.0079701309526269,-0.0072408784442952,-0.0027388497566284,0.0301077801123799,0.0110171096660143,0.0109278294790136,0.0142398746906233,0.0,-0.0066878504050973,0.0118346775254238,-0.0023899094241521
2021-02-09,0.0013418763163273,0.0,-0.008578521226341,0.0047134716515329,0.0065721890558694,-0.004643337019465,0.0120996046846713,0.0094181185957902,0.0051332249138682,0.0174436020923105,0.0116696468184078,-0.003763831485165,-0.0017386813565157,-0.0086113487311091,0.0125762938313507,-0.0169471500958282,-0.0111743566875639,0.008358288022485,-0.0087049753656855,-0.0223403419653845,0.015797118992858,0.0242709158990896,-0.0100654252642173,0.0,-0.0233069481090588,-0.0013823002733184,-0.0196262676405928,-0.003333842316893,0.0,-0.0059100067159166,0.0092538332432507,0.0072857305817175,-0.0335809499856279,-0.0089418408798176,0.0062499533863857,0.0146679798000961,-0.0063592104766577,0.0,-0.0104170497591115,-0.0077045951334341,0.0084924780908337,0.0059689485962513,0.0119728661040225,-0.0303439779027483,-0.0106514256023901,-0.0084863596558663,-0.0144251495020283,0.0030579558221024,-0.0024606598213743,-0.0138022235069741,-0.0160734663996727,-0.0101861708151201,-0.0260052711753753,-0.0202722119177616,-0.0106183268802063,-0.0413105237154151,-0.0084216600523698,0.0098587637016303,-0.0234216695140848,0.0173941839286804,-0.0106848835172534,0.0161658605621575,0.0199756893194249,0.0709488281189407,0.0110541009582736,0.0,-0.0197853927657197,0.0110669397958476,-0.0024348699582905,-0.0278139250258969,0.0124812905668734,0.0222104266192066,0.0129662965405386,0.0025545919868652,0.0,-0.0002121470960969,-0.0057298396216849,-0.0155871373370881
2021-02-10,0.0033368832090876,0.0,-0.0366817394244177,-0.0187738512481538,-0.0139910758390652,-0.0348769838188475,-0.0137071309934475,-0.0097773347601107,-0.0110038417593878,0.0048976310187072,-0.0241332110725723,-0.043706635103199,-0.0015865077859593,0.0154104197447138,-0.0062079986887394,-0.0136472284909262,-0.0407194206435524,-0.0053265620325577,-0.0031159868149979,0.0044244706436908,-0.0211424258674453,-0.0299043806982433,-0.0223690899847484,0.0,-0.0153140477262495,-0.0285965960927423,-0.0216196177007794,0.0051281396556273,0.0041476479293023,-0.0159437913795433,-0.0122920207563494,-0.0085082916453301,-0.0390883868779017,-0.00757791607308,-0.0240144086451871,-0.0270945625012906,-0.0015230643599141,0.0,-0.0105259327393283,-0.0089263560496487,-0.0065527831637346,-0.006325368646643,-0.0071737381176438,-0.0367243216657102,0.0078963903555251,-0.0276355398841047,-0.0117090240236872,-0.0358233141749371,-0.0098567672645695,-0.0160707788094821,-0.0265447025483352,-0.0060807834657605,0.0122636942517035,0.009439244860411,-0.0142899495997628,0.0217353492536929,-0.0058634282388853,-0.0062459798909916,-0.0345308081938199,-0.0355640830171225,-0.0170754435664231,-0.0163968555942425,-0.019584475913101,-0.0319511029358515,0.01372439270122,0.0,0.0345576483363538,0.0224874015950824,-0.0060965598765364,-0.0363830093810906,0.0188122060592803,-0.027877615435524,-0.0177796936719774,0.0047727476669059,0.0,0.0027361614446932,0.0119989854856463,-0.0255787162670831
2021-02-11,-0.0039980186810075,0.0,0.0089822329458213,0.0140088933102924,0.0071625918265105,0.0044993749149015,0.0038398904474628,0.0026942207484603,0.0011940391086575,-0.0027833965325867,0.0225920226601119,0.0262089716448015,-0.0041193844240633,-0.0292468976045513,0.0180476239562932,0.0007310634265214,-0.0023781870471766,0.0044674623493423,0.0125545710521557,0.0291869983734633,0.0215990828759551,-0.0398347743964497,-0.0197607904316171,0.0,0.0137460776524787,0.0126303517067165,0.0122824690627802,0.0159621988034701,0.0361990950226245,-0.0010984484415762,0.0096797575494689,0.0034315283461126,0.0087586086821944,0.0214567414966329,0.022911777884097,0.0185519305470058,0.0326607933537226,0.0,-0.0045595499762515,-0.0074374412271167,0.0018805026070605,0.0003943312865661,0.0,0.0211896859841715,0.006410912508258,-0.0093049377879624,0.0227081867495859,0.0138342976230882,0.0224113184334633,-0.005793687209374,0.0230759719896143,0.0047079136690648,0.0092702725901585,0.0100773965184775,-0.0072786333012512,-0.0264367453737272,-0.0103767437236993,0.0208230424636768,-0.015897095540596,0.0155957191704783,-0.0057906931766902,0.0101999109560546,0.0113491187378291,0.0228167033230097,0.0431408925600365,0.0,0.0410870304392176,0.0360714813471432,-0.0030669779529988,0.0102625852428117,0.0776825446297162,-0.0126522618012716,0.023896531957581,-0.0168941233382637,0.0,0.0272813841724535,0.0112753786449908,0.0343749550818588
2021-02-12,-0.0107012184291854,0.0,-0.011358819117599,0.0121280806508905,0.019722855627843,-0.0076276146760727,-0.0055949341420026,0.002236690583754,0.0,-0.0054636781232518,0.0073509827944389,-0.0232979349834515,-0.0031912033785133,0.0173384483547671,0.0303440231346849,-0.0152870033414953,-0.0094522674354141,-0.0074126548258939,-0.0102303747735796,0.0137728770700769,-0.0124431468350911,-0.0057535201516446,0.055702917771883,0.0,0.0114171985295776,-0.0131764103876167,0.0105083445933609,0.0017461752926613,0.0059893433756659,-0.0068728522336769,0.0005878795073117,0.007270153766969,-0.0002780720973828,0.0078304133649573,0.0,-0.0018130665833072,-0.0002946918628209,0.0,0.0137405180206735,-0.0039434505499913,-0.0037539459090522,-0.0011905719572037,0.0025344451007596,-0.0041458333333332,-0.0053114772286015,0.0129477017829335,-0.0009653902062829,0.0101361740915693,0.0113611294948159,0.0005303943516445,-0.010766864425401,0.0018731955455753,0.006706598466716,0.0128143101847613,0.0,0.029227003082662,-0.0096652325068776,-0.0038502290114548,0.0186802834692871,0.014665372406013,-0.0008963581160459,0.0041904940809271,-0.0134661139591355,-0.0109124952458968,0.0242847262410548,0.0,-0.0221449896872082,0.0008492802997763,0.0024633398691005,-0.0166903616569614,0.0233389139355455,-0.0004296216147406,0.0035340634731795,0.0084843438023409,0.0,-0.0112320568975237,-0.0037940531729525,-0.0102727114816745
2021-02-17,0.0324598964084057,0.0,-0.0037271587835607,0.0003342469416405,0.0001320121386771,-0.0141990600185015,-0.0115587112083347,-0.0102672883016255,-0.0007976581376619,-0.0024997159413703,0.0511474803024694,0.0029354532905352,0.0225317314635187,0.0533660203730428,0.0099294794688553,-0.0214318097514735,0.0167063103400026,-0.0191004539668758,-0.0150530982575523,-0.0017122762540506,-0.0037709286540298,0.0289340735333665,-0.0201005025125627,0.0,-0.0049389873403609,-0.0027871402644542,-0.0120072639881464,-0.0287554290849183,0.1408673662412138,-0.0330795847750865,-0.0113411030952877,-0.025893243190126,-0.0168088585801909,-0.0035325142988547,0.0145141652313358,0.0210029646331788,0.0032499355171524,0.0,0.0195784837511534,-0.0158424280605532,-0.005666409751363,0.0027866819155619,0.0126059343806308,-0.006945461392021,0.0131660276519112,0.0162921251273902,0.0260907232983826,-0.0158239817636485,-0.0008031013593234,-0.0053011318260678,-0.0170979564637938,-0.0149575459561449,0.0414076925862005,0.0404353383167432,-0.0291462158395443,0.094484819883593,-0.0074718116607594,-0.0324577161928451,0.0009878203848294,0.0020684662322887,-0.0147974512955404,0.0092849408404294,-0.0131899552461463,-0.0105596308566019,-0.0176042994453441,0.0,-0.0119041136173041,0.0236139247988314,-0.0082864557220069,-0.0291503267973856,-0.0161684355963072,-0.0038470314183076,0.0577928870292887,0.0262016109055149,0.0,-0.0216940789473683,-0.031383602151227,0.0027484002765949
2021-02-18,-0.0314393774725034,0.0,-0.0333278154830879,-0.0183022587543436,-0.0067091947195676,-0.0167779317294369,-0.0029914569989778,-0.0135514262113308,-0.0098663049796551,-0.0100239207198996,-0.0436909687724019,-0.028538973691411,0.006091595130127,0.0212211018693142,-0.0098318542737039,-0.0256777436156619,-0.0140922602664318,-0.003345409812702,-0.024154715796085,-0.0084634249991039,-0.0309780962955487,0.0112481739219723,-0.0256410256410256,0.0,-0.0116972823986151,-0.0182970425739356,-0.0259066883698811,-0.0040392358433992,-0.0173922908430853,-0.002004008016032,-0.0197796044079119,0.0017452006980802,-0.0071213954032856,-0.0216237448751625,-0.0028613036128533,-0.0098355962702436,0.0017702885349943,0.0,-0.0177255853960707,0.0060373285135117,-0.0180147850427043,-0.0007951296302245,-0.0071175821871003,0.0377509532537023,0.0147471652416424,-0.0135630785128881,-0.0480293566858985,-0.0180389888603257,-0.019280001587648,0.0037305685137249,-0.0226665386071265,-0.0066461959960298,-0.0084250782245913,-0.010807926640112,-0.0112969666708275,0.0149188517945739,-0.0020949125984296,-0.0103829440991637,0.0049499753288611,-0.0226631575325969,-0.0197240187397553,-0.0146279913600754,-0.0170637070257876,-0.0327344474006756,-0.0076448309720857,0.0,0.0367304498625868,0.0227923157606639,-0.0123724284293627,-0.0163449494269475,-0.0052822913973654,-0.0347463405279867,-0.0119983518747425,0.0108973538394017,0.0,-0.0238675655531459,-0.0067888159288286,0.0009101219563421
2021-02-19,0.00675948617133,0.0,0.0112791826017466,-0.0132231686251819,0.0198681184762157,0.000518844961439,-0.0189431704885343,-0.0027535532152448,-0.0075536977894671,0.0003624439074905,-0.022843540814582,0.0065889984210301,0.0122616379857087,-0.0163653305342097,0.0142298953591673,-0.0124063400576368,-0.0047459519821329,-0.0036652091125979,-0.0013140604467805,0.0125685486785984,-0.005218695638587,0.0322014889207862,-0.0189473684210526,0.0,-0.0107587223308676,0.0286688515906907,0.0033232883656741,0.0002236395618386,0.0283219950620792,-0.0038726333907056,-0.0034306467220854,-0.0152262794304243,0.0025791428402994,0.0039847235535301,0.0209085571701159,0.0189579332135556,0.0126487604214786,0.0,-0.0390973170678831,-0.0003992414412615,-0.0096623300687034,-0.00794958564091,-0.0103917520153185,-0.0296380503846855,0.0249115146255136,-0.0082531849712776,-0.0059355953788773,-0.0039936349670163,-0.0032781909242676,0.027582212231332,-0.0086306065703599,-0.0124230135449412,-0.0791697345815364,-0.0662836498657769,-0.0037876396692128,0.005432319753478,0.0088068634367246,0.0108986105583568,-0.0359573567895367,-0.0028160833560673,0.0075838732502935,0.0061854775116294,-0.0112528756992996,-0.0160403016442081,0.0012014983391053,0.0,0.0062373967374163,0.0133718789926158,0.0059515103785789,0.0336147002094697,0.0244853299792078,0.0159981016395431,0.0094416734782392,0.003798917851115,0.0,0.0047593349561385,-0.0016794804807046,-0.0039519332997594
2021-02-22,-0.0208110421570725,0.0,-0.0057347346556337,-0.00686833323273,0.0036356182537273,-0.0397958987688623,-0.1164576622181317,-0.0569630307660883,-0.0655903207742119,-0.039388554372768,-0.0371995370245753,-0.0280615922060082,-0.0282193726243682,0.0351213081824173,-0.0208825877665553,-0.0345350822159645,-0.0478541374474053,-0.0698724921440657,-0.0354189044038668,-0.066065928237766,-0.0196753926701571,0.0147511223194003,-0.0498927038626609,0.0,-0.059466986024284,-0.0620152544009268,-0.0546807017543859,-0.0475127811531201,0.0740065810496861,-0.0174226061915048,-0.0504142939454296,-0.0340065446364657,-0.042355731302767,-0.036085076603934,-0.0048163670215443,-0.0070934922275592,-0.022077884462209,0.0,-0.0453840420603106,-0.0328132800798801,-0.0458604555048782,-0.0552908766812511,-0.0727693388236266,-0.0430534926047572,0.0320728254253883,-0.0335237459867404,0.0089565555580972,-0.0276667028803931,-0.0698399163545188,-0.0299420886989082,-0.0369979474739935,-0.0256437565085675,-0.2048001624592265,-0.2151436171641991,-0.0382105063050504,0.0371221724555621,-0.0251409880442137,-0.0207575331501871,-0.0245279440847397,-0.0458023351248312,-0.0615972803901297,-0.040087861836902,-0.0180306300350631,-0.0425448377673776,-0.0363122970492729,0.0,-0.0600009157218882,0.0246569111548329,-0.0258516563401703,-0.0097195301558254,-0.0357045542098488,-0.0783018662958696,0.0013385553517426,-0.024750896125171,0.0,-0.0211012896184854,-0.0062485646993479,-0.0357260731866603
2021-02-23,0.0075397475823635,0.0,-0.0096168038603462,0.1300593467945352,-0.0252336463394747,-0.0071742420706624,0.071703722994455,0.0457881775374815,0.0476572325716841,0.0094052707831937,0.034219575610165,0.0098143988135483,0.0134104722033578,-0.0211726115000826,0.0026679755844607,0.0097473251526325,-0.0050082488805089,0.0042798902009193,0.0079619164277162,0.0625706438349431,0.006024289422245,-0.0044724886865864,0.0124223602484472,0.0,0.0011575554865081,0.0193165442942426,0.0184101909314962,0.0049657140019592,-0.0104136511306249,0.0024912075029308,0.0,-0.0018313758078432,-0.0137486760439426,0.0138511481258685,0.0383345733499953,0.0446612643138535,0.0029692046826061,0.0,0.0295083350917915,0.0612329173710495,0.0756628817177684,0.0581066245840338,0.0640362993658008,0.0,0.0035981983367947,-0.0020888160260006,0.0266311433592201,0.0251546683438548,0.0203206338466239,0.0005326544870951,-0.0016954181324968,-0.0019857415256812,0.0895727259668333,0.1216706607326258,0.0397285544867571,-0.0373144868646923,-0.0061841237518945,0.0150830362231442,0.0193792421599885,0.0103400756545783,0.0034366128877163,0.0330508252407186,0.006765185366079,0.0106454523087018,0.0007471651674528,0.0,0.0011989823637188,-0.0035125613543769,-0.0003157199850751,0.0033999683912353,0.000896432782157,0.0147148952219315,0.0500297059114762,0.0167789265552382,0.0,-0.0076990427270605,0.011363819576188,0.0031678870921345
2021-02-24,-0.0006778374274714,0.0,-0.0106846425459714,0.0345871478568875,-0.0102212354165076,0.0050636311742386,-0.0039487672758568,-0.0065199548972531,-0.0070256290435636,-0.0108122534918891,0.0437650366285513,0.0073389343642684,0.0306904069150966,0.0284061627884053,0.1013620213185946,-0.0032177439873086,-0.0151595902173269,-0.0160762083437785,0.0020161847156627,-0.0103342309194431,0.0159579550883899,0.0429517368365142,0.0122699386503066,0.0,-0.0100104059539095,0.0050826348917838,-0.0103313214955631,-0.006113584195419,0.0607259814238465,0.0033620815670223,-0.0164166692333753,-0.0096191067063309,0.0015149156939042,-0.0040612356590812,0.0547980465543389,0.043572559057426,0.0008896008977217,0.0,0.0015921817481203,0.0210491755435575,-0.009506277594811,-0.0192427718021251,-0.0146774519999161,-0.0130730384976937,0.0162999046191578,-0.0245670414710682,-0.0259403229012524,-0.0088493513947528,0.0086530542393548,0.0069139080173676,-0.0079213445663579,-0.0114392109378327,0.0127737493591151,0.0141313636918569,0.0190735694822887,-0.01565894534887,-0.0081493425226871,-0.0124520697594455,-0.0107886033117743,-0.0058494521287792,-0.0123973484548625,-0.0218244041792646,-0.014875177007395,0.010257409030415,0.0254358869255881,0.0,0.0032932529480227,-0.0110950493835834,0.0012747631352283,0.0086508404481311,-0.0116334537241654,-0.0046809029612809,0.0952998404727665,0.0101084082255764,0.0,-0.0159587296545314,0.0363387578877449,-0.0072595017803928
2021-02-25,-0.0347469047037649,0.0,-0.0451353481041995,-0.0106497538079924,-0.0262871152274584,-0.0142056274597585,-0.0267242693773824,-0.0253167488939846,-0.0237413282486105,-0.0233598349941841,-0.0398839738941262,-0.032640949554896,-0.0374799390971564,-0.036490993630643,-0.0431508199659468,-0.0331221284646106,-0.0179484095965365,-0.0176703130521972,-0.0186052921719955,-0.0198302048446141,-0.0216014547278655,-0.0670240035309296,-0.0418732782369144,0.0,-0.021784563939908,-0.0304420629604823,-0.0104391719369918,-0.0139655967241862,-0.0633551411892686,-0.0313228438228438,-0.0262322289722553,-0.0444024436603505,-0.0357020751960714,0.0,-0.0375800505200398,-0.04012432361587,-0.013317401133694,0.0,-0.0333859396947738,-0.014124596567699,-0.0326257405041235,-0.0269676107672091,-0.0286801059655188,-0.0176542252741167,-0.0449018753456568,-0.0021459068949724,-0.0325378379910434,-0.0235389318866574,-0.0180271892430701,-0.0417273201680902,-0.0199675969797938,0.0045301507383037,-0.0386912940972272,-0.0495831703132995,-0.0337022758363387,-0.0394920889704196,-0.037836061340548,-0.0300925517849273,-0.0311709915338727,-0.0441152096646471,-0.0112324947107078,-0.0301721901429852,-0.0199711180764905,-0.011197506667095,-0.0330708886239855,0.0,-0.0545967257630747,-0.0180824609803107,-0.0159658660794165,-0.0052212630331373,-0.0386370650539434,-0.0751883208953047,-0.0481424615075549,-0.0226683483358133,0.0,0.0029290803883124,-0.0830453375447377,-0.0092211728659128
2021-02-26,-0.0105781933682503,0.0,-0.0462494387204038,-0.0308031257271969,-0.0176315838258614,-0.0096656341293134,-0.049150878365676,-0.0096166032953106,-0.0187750895536034,-0.0189027909089791,0.0330168321104877,-0.0058690024468952,-0.0130310984942412,-0.0539191723981128,-0.0141906142647889,-0.0008230324864898,-0.023511403643043,-0.020372647942237,-0.0185928942564247,-0.0368021783583908,-0.0347785219128187,-0.051646887040061,-0.049453709028177,0.0,-0.0139122784969208,-0.0403785706884044,-0.0307547263434723,-0.0122428587143852,-0.0032634299548517,0.022710181982253,-0.0278264616690731,-0.0271072861337098,-0.0116089175396184,-0.0051922573223153,-0.0095734109988007,-0.0119377365115279,-0.0167976137969184,0.0,-0.0131581398736182,-0.0445331658230754,-0.0128930581613507,-0.0123923420592183,-0.0147744094976262,-0.0299224316767384,-0.0104097666685676,-0.0155718500038865,-0.043838987519775,0.0049872899712015,-0.0166087125548042,-0.0242621400267987,-0.0209545911078672,-0.014031604811186,-0.0310553398934729,-0.0409759495875489,-0.0271557271557271,-0.0035750308861182,-0.020445756529589,-0.0259960376604021,-0.0294903575002273,0.0030728920827272,-0.0310722651499959,-0.0224857362320723,-0.0163988972335773,-0.0300573526783537,0.0306806437324671,0.0,-0.0148309765797614,-0.0164002567880251,-0.0084388185654008,-0.0419933667144305,-0.0147570096649704,-0.0182905670138867,-0.0103566798323634,-0.0124337718474664,0.0,-0.0116821037323128,-0.0182379913884693,-0.0333789703261138
2021-03-01,-0.0178314393939393,0.0,-0.0355643211604529,-0.0268445979700031,-0.0016812345064805,0.0009171360715092,-0.0067772407732864,-0.0325452305920367,-0.0330425207521598,-0.0247736331950415,-0.0051571965740547,-0.0016721065867623,0.0273592833565803,0.0817331955492537,0.0166331622008824,-0.0359635080739164,-0.0347681600150484,-0.0280643618474992,-0.0027759494033139,0.0122869447087488,-0.0415758313506335,0.0334652373072401,-0.0344827586206897,0.0,-0.012502708282885,-0.0116982218702758,-0.0344439211189155,-0.0243019624403124,-0.0016329544988306,-0.0155882352941176,-0.0219840561013529,-0.0114433476543154,-0.017463000505465,-0.0339180803502286,0.0309282630355365,0.0284873850041456,-0.0405749608430529,0.0,-0.028332795573435,-0.0158987034496709,-0.0312167381321656,-0.0280455815953558,-0.0299623250408948,0.0076939169242928,0.0437748796467867,0.0139118664460822,-0.045836703679192,0.015301956776242,-0.0293310199420189,-0.0237271705844771,-0.0172358863259844,-0.0152442624275229,-0.006320072051927,-0.0107807366561556,-0.0079375578780261,0.0552554027504912,-0.0112457501525586,-0.0193700985766336,-0.0011071991376734,-0.0299049265341401,0.0200008366708426,-0.0117673274874604,-0.0192059426583178,-0.0372200539372519,0.0434334173733668,0.0,-0.0182581288521688,0.0180400995445368,-0.0117844128364874,0.0136968459440949,0.0031855634010309,-0.029505520636512,0.0375569332947431,0.0428469700471998,0.0,-0.0136897079931008,0.0038503490090762,-0.0461452121526797
2021-03-02,0.0159761659130133,0.0,-0.0458077709611451,0.0120495831592353,0.0088482192722429,0.0305454694647875,0.0384083695519945,0.0174524831138338,0.0269536348426315,-0.0004042400287459,-0.0041471449007178,0.0120236005591958,0.024935700130708,0.0688788545276815,-0.0399624709374043,0.0294862080639701,0.0055541119916848,0.0224600622133177,0.016042013430523,-0.0002444947922609,-0.0260368557177166,0.0256147255664571,-0.0169172932330827,0.0,0.0089827314731163,0.0134027752485705,-0.0093953468643294,-0.0127033196994197,0.0172028339881313,-0.000298775022408,0.00913198766167,0.0120768303126692,0.0003263707571801,-0.011189962165744,0.0134968254607443,0.0117665124671286,0.0184450669847169,0.0,0.0222977609508341,0.0085049526574765,0.0290992419129534,0.0361194188330649,0.0403723627484644,0.0199298763609521,-0.0276351497700256,0.0053808499592078,0.0223495260359132,-0.0114051909016589,-0.003665448621497,-0.0075220772968662,0.0018089279346451,0.021159914173924,-0.0045475144942257,-0.0004673053172669,0.0120016002133618,-0.0290162734068578,0.0136912109227398,0.0043863196304454,0.0121692314910386,0.0197592460600302,-0.0094675833486234,0.0313945162451587,0.0180334907685704,0.0242705777963359,0.0243272926963207,0.0,-0.0143551795315292,-0.0128882780165919,0.0109316917952835,-0.0081070663279051,-0.0146125884564352,-0.0031985272205923,0.022550926775555,0.030740272670884,0.0,0.0039254530779955,-0.0120486029351271,-0.0292378935908775
2021-03-03,0.01285895951563,0.0,-0.0234227009388439,-0.0062636883018838,-0.0129472604816428,0.0103577779547203,0.0020767657834199,0.0202408424610782,0.0087686376198437,-0.0068556022723624,0.0,-0.0035042037204581,-0.0207006631452502,-0.0238062452747344,-0.0327759067105339,-0.0084249428419305,0.0110145676539938,0.0125560769349766,-0.004971049286824,-0.0059453936785357,0.0300878451270256,0.0166439648657577,-0.0452517527087316,0.0,-0.040874670623449,-0.0303683737646002,0.0,0.0050484370559134,0.0007999418224129,-0.0052301255230127,0.0069612955986646,0.006464276668739,-0.0058174579036137,0.0025616359882836,-0.0033309272957241,-0.0016695124264844,-0.0249780177880837,0.0,-0.0117445417469,0.0050573892661052,0.0090899385361538,0.0,0.0023323016443459,-0.0105165550931789,0.0060186762406422,0.0029434438292801,0.0251275221750384,0.0350226589400739,0.0137960008629596,-0.0169089448393991,-0.002414020735985,0.0030281868576689,-0.0429042386185243,-0.0363833695107698,0.0158782448280405,0.0461111273492531,-0.0025161218175717,0.0144230086064387,0.0103831690683537,0.0186094823904012,0.0037548024642661,-0.011809649469352,0.0197398897884961,0.0190073379535262,0.0141532193212887,0.0,0.0026487983147021,-0.0004080660007816,0.0075364910897612,-0.0073961097298539,-0.0028999330245215,-0.0251454917488241,0.0052262432069605,-0.0123026016863616,0.0,0.0163286436445582,-0.0007810660402823,-0.0075327159832111
2021-03-04,0.0430529659230387,0.0,0.0215916974613827,0.0078819293316978,0.0296182911024327,-0.0194392817973455,0.036220254859657,0.0334026234678519,0.0386592707840087,-0.0048798774536734,0.0312199364794876,-0.0341067624484588,-0.0310100314217061,0.0224146741329018,0.0210130546621205,0.0322962728995579,0.0081789137380192,0.0158378529778728,0.0513781259757586,0.0868222224652022,0.0716875165437156,-0.0059289857072274,0.028704939919893,0.0,0.0067549094788783,-0.0088213491475166,0.0426586451999657,0.0115463700110718,-0.0024140548046956,-0.0060087126333181,0.0188922284242163,0.0340926638718421,0.0113748240934905,0.0115086894648324,-0.0011162345687214,0.008323514879708,0.0067237017469652,0.0,0.013582595256494,0.0297860474548772,0.0220213714613908,0.0187111429937827,0.031354270327226,0.0439989943087015,-0.0023270756994251,0.0493584250613257,0.0159938230752261,0.0127386734365015,0.0543882442542895,0.0320250402818573,0.0108991118521355,0.0287178918442665,0.0429248609903716,0.0486215799414324,0.0078474609248329,0.0376020519354245,-0.0022982492199034,0.0168047215711177,0.0735524346394922,-0.0098924034347036,0.0357032752788741,0.0289434870361744,0.0183610647790297,0.035421979963661,-0.0351205265105459,0.0,0.0287213271746356,0.001360255908855,0.0601620984035409,-0.014510934770254,-0.010346331307675,0.0620216847600161,-0.0294447420103552,-0.0148490339436589,0.0,-0.0040750040450409,-0.0489611173377014,0.0
2021-03-05,0.0203011030864861,0.0,0.0363805194445214,-0.0062578026240373,0.0752049826024576,0.0180163285535366,0.0186360885752674,0.0547964208920024,0.047266273730828,0.0265325210116782,-0.0111054313099041,-0.0201338896785731,0.0635279836996574,0.0672119284252834,0.0132748770881219,-0.0189397995869349,0.1000126758778046,-0.0037264485942265,-0.0247576878425442,0.030674815764984,-0.0252577319587627,0.050840247708517,0.0577547047371835,0.0,0.042747950032455,0.0234836586642734,0.0181825648607303,-0.0014878272983142,0.0338704586472859,-0.0185884842073448,-0.0018064988223456,0.0100327419140746,0.0574993950326683,-0.0125554898293072,0.0263872074924504,0.0288352808141725,0.008589287766904,0.0,0.0318257320815316,-0.0012246756763409,0.015675835551612,0.0358882359351815,0.0371623778813612,-0.0014449601541289,0.0226505248133126,0.0058458626853117,0.0377809141244165,-0.0121854852978817,0.0094646271510516,-0.0091958316214095,0.0227504636730606,0.0470101339210848,0.0086814292903876,0.0076507427664953,0.0155083655083654,0.076027832530886,0.0020725647364348,0.0050834615296306,0.0231777997382547,0.0153718801436122,-0.0014778418059436,0.044387526075361,-0.0136490139419683,-0.0206227059050807,0.0207641366652742,0.0,0.02663943470951,0.03396798326964,-0.0082838998220945,0.0465574246683013,-0.0160086706229344,0.0169212012320327,0.0582993627761181,0.0589974602325893,0.0,0.0161380580175822,-0.0025926698153402,0.0386556716448911
2021-03-08,-0.0258663191998872,0.0,-0.1053236871314139,0.0018883726810152,-0.0780990357066028,-0.0660267501759879,-0.0457428813081477,-0.038629870746659,-0.0355482657296994,-0.0306174745487102,-0.0193846034556286,-0.0743428841501365,-0.0130276695309059,-0.0158008478503723,-0.0108091702852873,-0.0369111294774432,-0.0589709610509333,-0.0313068710740613,-0.0230607386080504,-0.0112302518875705,-0.0378106821787415,-0.0135162198899783,-0.0723926380368099,0.0,-0.076369480156512,-0.0822798684691268,-0.0678618965030452,-0.0330514587248258,-0.0460217309619238,-0.0639051432091161,-0.058223481823775,-0.0264864036096417,-0.0871839944248842,-0.0290030276699893,-0.0238942354427919,-0.0272394211394028,-0.0375268217151749,0.0,-0.0503249738382686,-0.0326261761135723,-0.0395457192778101,-0.0346448918813933,-0.0318496172710296,-0.0684279763209823,-0.0371317568861409,-0.0394323305388887,-0.0495519057084073,-0.080779641533928,-0.0485525775799475,-0.0672828988042282,-0.0409811377583675,-0.0411582662616624,-0.0480541349632031,-0.0576254509675303,-0.0458145871617768,-0.0505708236777961,-0.0142287565412408,-0.0607067144266969,-0.0792716033913878,-0.0423934475959351,-0.0938674313833338,-0.0345946024040684,-0.024698941570364,-0.007462809238103,-0.025138709049801,0.0,-0.0634575698830591,-0.0095922611791829,-0.0194887061032028,-0.0722417009187867,-0.0580993481518932,-0.0790461707377094,-0.0449713193116635,-0.0053889665873975,0.0,-0.0169950199262166,-0.0532606225857759,-0.0657387409007279
2021-03-09,0.0319939265766497,0.0,-0.0063375334439411,-0.0172787710069951,-0.0233545539858472,0.0140247811049356,-0.0071961423612209,0.0013832309843739,0.0082857119828483,-0.0295284841522636,0.061398769125341,-0.0208581885830989,-0.0276052335954537,0.0380743494423791,0.0427139631666313,-0.0104436528497409,-0.0209092300627583,0.0038612712759511,0.0155005809175663,-0.0144428210393302,-0.0072822203902169,-0.0367113157587826,-0.0165343915343915,0.0,-0.0361188097022879,-0.0353531332112428,-0.0229873866857054,-0.0120824274784434,0.0089935584458211,0.0301036354663595,0.0079368113061337,0.0004837303484543,-0.0392664042069519,-0.0040907751907826,0.0137234593474884,0.0098864470933845,0.0183455895863362,0.0,-0.0051285210725271,0.0257137033592784,0.0090352313383057,0.0133543470788937,0.0138344249669684,-0.028124926451552,0.0321378853165394,-0.0294724699924913,-0.0393552489971626,0.0125538586691764,-0.003583396927569,-0.0217686524937354,-0.0347956947034383,0.000489207603002,0.0185737216234807,0.0232311279713222,0.0039845929074247,0.0392630274914995,-0.008152379989383,0.0323175328939369,-0.0144420503515536,-0.0102755999049655,0.0083451297294667,-0.002300906145477,-0.0070941620237394,-0.0196253788443384,-0.025559852999876,0.0,0.0063392037392537,0.0505500516623109,0.0384889885807504,-0.0106556150956014,0.0405341676347783,0.0135525865022267,0.0058897617158208,-0.0100325732899021,0.0,-0.0045541345638332,0.0339845437526999,-0.0163795465442838
2021-03-10,0.0072600844236596,0.0,0.0356804404398383,0.0131086893718099,0.0239130321870244,0.0338302513302861,0.0313845107396031,0.0152248819806006,0.0168349360895945,0.0207083479056253,-0.0352992301961757,0.0366830849932364,-0.0173119722736616,0.0273979797690415,0.0196880245958843,0.0484169189233412,0.0800137577387281,0.0321943562853594,0.0368065632325036,0.0026844830867549,0.0095271049596308,-0.0287251692749204,0.0981842636180228,0.0,0.0275405438187175,0.033099463475031,0.0441223689892267,0.0218524130051414,0.1199404689291727,0.0135739380389652,0.0145592073282148,0.0174845815225641,0.0318691549989027,0.0086281469575457,-0.013170907423781,-0.0073469083314685,0.0025741573844635,0.0,0.0446739468916317,-0.0086254540938305,0.0274639423076923,0.0061796823295829,0.0073733875070562,0.0386012495762095,-0.0403130847324093,0.0390460314849974,-0.0055378739656271,0.0645577761969065,0.0422341358374123,0.0298800994901544,0.0607184256729733,0.0165772212283838,0.0420820737119702,0.0347443070696076,0.0597962693477973,-0.0438564899590654,0.0176047812623449,0.0586960311738735,0.0048845598430498,0.0415291364100103,0.0172712881205612,0.0194959331910855,0.0387773595427296,0.0221974457733631,0.015403412622182,0.0,-0.0109438954296069,-0.0545583666479604,0.0039489688500538,0.0107703801205998,-0.047422703204625,0.0206113785084636,-0.0321859212830941,-0.0154056262242627,0.0,-0.0047988768328622,0.0109094285316373,0.0242254894280067
2021-03-11,-0.0117897665521888,0.0,0.0614951126345295,0.0015762938084922,0.0222504036996642,0.0251303553190345,0.0050183421952929,0.0199904309081666,0.0173659426271393,0.0091063039080672,-0.0101548322329046,0.0318689582700419,0.0215846616645343,0.0537622664922303,0.0342577246359654,0.0109092611667758,0.0222344460206711,0.0071186865521994,-0.0052482842147758,-0.0037911709173734,0.0239700203368142,0.0916557404295397,0.1096142069810166,0.0,0.0518480457168251,0.0709092361776924,0.0863820491612055,0.0168008400420021,-0.00578756653523,0.0508901843390579,0.0374031534592904,0.0085920621501704,0.0315515428072255,0.0122228554670857,0.0378167434328418,0.0205507758199645,0.0202204412023483,0.0,0.0032891115503366,-0.0016599225787053,-0.0029098672281686,0.0028612068044102,0.0014666509854925,0.0464232419324752,-0.0119572394838756,0.0548015668895658,0.0478781284004352,-0.0040160889269938,0.0810240899699676,0.0407436232779441,0.026835129158838,0.0709819333646175,0.0296119126610601,0.0425185720859904,0.0,-0.0164193594593017,0.022609871704162,-0.0119099543362736,0.0696545327546918,0.0651877460866223,0.0532379592906122,-0.0025159083385442,0.027995678519423,0.0402247562386381,-0.0331773003275998,0.0,0.0030188679245282,-0.0093518565263353,0.0,0.0491821309470386,-0.0199172981482985,0.063864032269816,0.044743080639251,0.0262484961799063,0.0,0.0082697897284347,-0.0049810188586824,0.0343653855960293
2021-03-12,-0.0039768078198821,0.0,-0.0370801121981255,0.0018901573417586,-0.0132492176179859,-0.0239833774678167,0.003198982887492,-0.0142555593016608,-0.0067458968256421,-0.0172320349995103,-0.0102720133146096,0.0070273661856266,-0.0110254609454988,-0.0306124924196482,0.0156600992974775,0.004152964969972,0.0120649126285083,0.0050523905522785,0.0342261904761904,-0.0021309346530085,-0.00141703115237,0.0091179368764722,0.0126931567328918,0.0,0.0183781785535106,0.0040287984481666,0.0017277057629236,-0.0027538726333907,0.048030851934089,0.0158920539730136,-0.0063514004854448,0.0028377963798922,0.0302633558228546,-0.0108671885249487,-0.0129243086997672,-0.0113385362980416,-0.0100666405331243,0.0,0.0147541675458957,0.0008282041146685,-0.0077871797503996,-0.0040828038532485,-0.0065833557844416,0.0073976692885313,0.005188483283059,0.0282023475811457,-0.0031885651456844,-0.0092742948020423,0.0039899119263886,-0.0100839558711289,0.006385640400067,0.039407167229887,-0.0108956297584076,-0.0051552080213145,0.0112345524903259,0.0071088769268941,-0.0054126867499387,0.0065177244268277,-0.0050474232984349,-0.0021637606159504,-0.0008406262665686,-0.0136216471351766,-0.0009595613433858,-0.0038764616166753,-0.0183808982539944,0.0,-0.0056851433826602,0.0012137983859261,-0.001515785356101,-0.0011741174201285,0.0036310534001657,0.001544026547295,-0.0231492748851125,-0.0230684780420634,0.0,0.0250521668857877,-0.0107041872171267,0.0046464621565993
2021-03-15,0.0179670868409198,0.0,0.0409094138543517,0.0352216350195566,0.0079473107212424,-0.0278298243846747,-0.0069907913698477,0.0099410378235298,0.0139879725219582,0.0058469429790175,-0.0124412097007277,-0.0143832136729197,0.0004705761563341,-0.024841159891081,0.0249029731424021,0.0115771347744535,-0.0167063103400029,0.0009987948425866,0.052452583387835,0.0297460531208231,0.003553191727097,-0.0475791344143027,0.0305177111716621,0.0,0.0172297560090233,0.0514954486345902,0.0051741778319123,0.020087830322556,0.0201410570918822,0.0094451003541913,0.0225945119137096,0.0099096441487211,0.0072678898784899,0.0313239162632359,0.0360023582613653,0.0336051534107835,0.0117569258549412,0.0,-0.0258477995059182,0.029878442509388,0.0029412634130481,0.0094256525926719,0.0117728050289973,0.0337749662692707,-0.0244158831272097,0.0062552237419903,0.0394514302522244,-0.034595029165655,-0.0047590544690956,0.0113860268062273,0.0138467151930439,0.0176681982969395,0.0246677879297543,0.0207118407707911,0.0074682138007653,-0.0289792202227935,0.0183703119998031,0.0314154401070452,0.0177582914167362,0.0050506875801874,-0.0026892624810325,0.0204604249846724,0.0181773038523862,0.024066985645933,0.0,0.0,0.0097536365929538,-0.018854304840053,0.0242458538284073,0.0324605263710289,0.0383223878249243,-0.0128118259183052,0.0118489316176686,-0.005954813373136,0.0,0.0102195707427279,0.0290917912258112,0.0010673013224722
2021-03-16,-0.0163396707768935,0.0,-0.0323668332104731,0.0030347972290318,-0.0031265851204483,-0.0250896304944011,0.0026760258956968,-0.0178973717146433,-0.0165570789568579,-0.007054813523047,0.0041904457836134,-0.0200637020107465,-0.0003164205143116,-0.0397249185276422,0.0410737664640412,-0.0106239075917623,-0.0363993397461437,0.0160637271475341,0.0060402684563758,-0.0326976939367028,0.0212325335411678,0.0312593505236293,-0.0745637228979375,0.0,-0.0362909906580171,-0.0443800572417935,-0.0326204971111713,-0.0032005790181132,-0.0476506032327261,-0.0128654970760235,-0.0040167374807382,-0.0074756042148991,-0.0479795132793248,-0.0082843914776866,0.0101808539910448,0.0182286506835742,-0.0097377309677848,0.0,0.0049754302376714,0.0153093213374806,-0.0146631887646079,-0.0129911435142143,-0.0203644011299045,-0.0497025974581711,0.0437084994888703,-0.0267803582140714,-0.0430830179335713,0.0181278609059647,-0.0311261412261155,-0.0242867593269934,-0.0330063804609058,-0.0402218206483747,-0.0150536044362291,-0.0156339755631801,0.0,0.00220066295661,0.0,0.0356738416414654,-0.0428731512902645,-0.0157951041470013,-0.0225814226748214,-0.0350887476416391,-0.0136238208303921,-0.0080829790216324,0.0024917917448405,0.0,-0.001998501124157,0.032943676939426,0.022481937951551,-0.0174237279865326,0.0156683772984642,-0.0046660705514904,0.0854763370387803,-0.0032034030278168,0.0,-0.0004426196092134,0.0024600469040885,-0.018116608048104
2021-03-17,0.0245770038285784,0.0,0.0298661174047372,0.0208980299292629,0.01527155643419,0.0095302878926373,0.0277871873043247,0.0355399965516982,0.0416838951778373,0.0121209702098219,0.0261505444718226,0.0310988045792208,0.0256039556528879,0.0272031172566586,0.0397338315190483,0.0049619024210396,0.0377742993000382,0.0289737450797387,0.0015071776245891,0.0736895735912066,0.0110878524236277,0.0186718096636002,0.0342857142857144,0.0,0.0606687782266863,0.0608615270844887,0.0239600765600103,0.04518772425304,0.0307310459602734,-0.0094786729857819,0.017251647483784,0.0329561928430506,0.0510573507020808,0.0043767223212838,0.0118116085578445,0.0148065594650534,0.0253741902589985,0.0,0.016501526786306,-0.0047603630826048,0.0287756872363973,0.0275636417718068,0.0389796261996968,0.0762355060227402,-0.0016897704912246,0.0226031178349233,-0.0042878793479467,-0.0086955734957145,0.0230591539549602,0.0236759239529322,0.0547351555255573,0.0123488759771472,0.0318735268064918,0.0343511450381679,0.018440237701403,0.0604431285358928,0.0454358602345543,-0.0077419679177542,0.071357172442358,0.040847643405188,0.0306904075687886,0.0332476545919122,0.0328612229761819,0.0578269744072854,0.0391043073953853,0.0,0.0730705047976638,0.0172751235785422,0.032700860384887,0.0354653953750143,0.0178243813671823,0.0479612817511783,-0.0091668445772843,0.0144030980116665,0.0,0.0226651673085549,-0.002861001742528,0.0369017506490048
2021-03-18,-0.0077748312439729,0.0,-0.0487123287671232,0.0026695459537948,-0.020010877977682,0.0147325125987898,-0.0084593412300503,0.0184740118720139,0.0184688665538264,0.0037202576574206,-0.0203847146914537,-0.0288854879539526,-0.0228211095263118,-0.0689430094456085,0.0008031644042616,0.0082239104847214,-0.0363993397461437,-0.0220767440943329,-0.001504909458726,-0.0240315722709014,-0.0082273908495885,-0.0159420289855071,-0.0408839779005526,0.0,-0.0414198970113337,-0.0490746227039838,-0.0121254232643712,-0.0101589249222968,-0.0325916749601564,-0.0334928229665071,-0.0015399986000013,-0.0095708926677676,-0.034471843076659,-0.0118786313750807,-0.0175105846650841,-0.0161245336959174,-0.0219594269040561,0.0,0.0016231975152205,-0.0031927710843373,0.0096385892478121,0.0036022996823863,0.0057126651000729,-0.047237505491517,-0.0290929179096233,-0.0122539684642465,-0.0462808281050847,-0.0693401009668612,-0.010464017506341,-0.0124584653576026,-0.0401784646300328,-0.0283186783906209,-0.0283427906300014,-0.0348723735171235,-0.0217155919153031,-0.0860133581744867,-0.0215166304297543,-0.0011695116338963,-0.014587929648034,-0.0490557427688852,-0.0339592412202,0.0276508025163149,0.0096814018821098,0.0161192168969765,-0.0100677515354903,0.0,-0.0603230760258927,-0.0163279839263459,-0.0148516345853919,-0.0323882756360556,-0.0478252586535362,-0.0333301136157829,-0.022321127974467,-0.0177732221609702,0.0,-0.0010768064995811,-0.0188569718188497,-0.0498960832617819
2021-03-19,0.0124174555930614,0.0,0.0475491043142677,-0.0171591744584147,-0.001918204667743,0.0355460563175695,0.0085315122029836,0.0064822449037613,0.0101994293614142,0.0082249551425614,0.0208088981431453,0.0231832058042262,-0.01113074355757,0.0343214204069191,-0.0072099905791147,0.0195733584001698,0.0478454768303848,0.0366412336876744,-0.0015071776245891,0.0087084195831128,0.0483713142558928,-0.038606587381988,0.0685483870967742,0.0,0.0255134558603555,0.0166770516438807,0.0157811834401593,0.0081121111997266,0.04014272970562,0.0222772277227722,0.015882626624432,0.0243928424933013,0.0441378313949287,0.0148307853129492,0.0010461944676241,-0.007795751315533,0.0395292745215498,0.0,0.001620567014869,-0.0043995890493745,-0.0028654120289708,0.0008011985930953,0.0021351166257099,0.026238939024658,-0.0156810443712106,0.0349346003091437,0.0101594633519741,0.0004491792426228,0.0252203894132665,0.0216245755103634,0.0308126565557118,0.0497707528957529,0.0239435776107332,0.0327040050556914,0.0370165406136628,0.0649681745657717,0.0616139231155627,0.0101532712808678,0.0246696588305452,0.0744356877872316,0.0268407400773513,-0.0110094433061941,0.015065972113915,0.0151769672358637,-0.0060480718661607,0.0,0.0198552745356828,-0.0172651629103175,0.0267345542198209,0.0215439263144852,0.02263580327667,0.020071818891491,-0.010020730170318,-0.0143502822876967,0.0,0.0004277647864028,0.0019505971970565,0.0099154567951285
2021-03-22,0.0032227098189798,0.0,0.0675226129271711,-0.0222758717097185,-0.006866057283783,-0.0111413914716255,0.0029363002616702,-0.0042936640207902,-0.0052338489535942,-0.0032605448097582,0.0326232894397107,0.0064128023558815,-0.0163229721447746,-0.0272714770556137,-0.0059172353858344,-0.0151974779919105,-0.0264381746948898,-0.0183071524714266,0.0285806196179352,-0.0159922496528093,-0.0046149857402125,-0.0171297772110651,-0.0113207547169811,0.0,0.0052192662586803,-0.0085802869709423,0.0060466567839587,-0.0144390949571663,-0.0744273225253139,-0.0054479418886198,-0.0180214940430257,-0.0202186190183984,0.0055986631329096,-0.0039539475096033,-0.030376360808709,-0.0267316655059731,0.005478340650425,0.0,-0.0145631715055053,-0.0056269803693047,0.0076678700361012,0.0047793264111821,0.0056681138446694,0.011361205015191,0.0074359413078561,-0.0216644744089002,-0.0055873815089783,-0.0170479136512219,-0.0182563338301042,-0.0311618843846712,0.0141025563527996,-0.0034167315358051,-0.0187040259721267,-0.0200107090950814,-0.0285798991995256,-0.0359833439077836,-0.0141504444976368,0.0077288095875736,-0.0178168489192472,0.016456522486,-0.0246209306983145,-0.0084095592754618,-0.0193411591174482,-0.0105038993927881,0.0148582460405419,0.0,-0.026604678334104,-0.0214854903684398,-0.0083114066720053,0.0229777702303841,0.0114154134418937,-0.00151219243414,-0.030936943455031,-0.016564616953242,0.0,-0.0133462558079873,-0.0090327818938392,0.0058164332009198
2021-03-23,-0.0295946961930149,0.0,-0.0185299647170927,0.0160094286763143,0.0152090804519926,-0.015448110021345,-0.0360485958972316,-0.0099151748985787,-0.010903290012879,-0.0057343933272514,-0.0138147448960456,0.0098755450319076,-0.0130486670527738,-0.0432242607240145,-0.0078455446562873,0.0,-0.0222054949190816,-0.0112541212274916,-0.0014675102846007,-0.0014064834034958,0.0105959574911438,-0.0428568210995743,0.0556161395856051,0.0,-0.0163714134302369,-0.0243999999999999,-0.0334735740044205,-0.00192192137094,-0.0059631005133646,0.0006086427267195,-0.006341022421983,-0.0110026007112149,-0.0132942409263628,0.0091242546819707,-0.0435756125414615,-0.036345956260091,-0.011500277137826,0.0,0.0591135670370845,0.002832463449623,-0.0247201960419025,-0.0170584017209783,-0.0253760776005648,-0.0168397892910785,0.0021069059695668,0.0024074840632501,-0.0438264508712332,-0.0182566158541146,-0.0258663737141716,-0.0163818057056321,-0.0289215803152046,0.0090009803047854,-0.0229650382999017,-0.0306133599762712,0.0183727034120735,-0.0388750622200099,-0.0276681404186359,-0.0042188661382011,-0.0205881741444551,-0.0229415939971607,-0.0223037657199377,-0.0216980719306946,0.0064175278730032,-0.01628664495114,-0.0208830927268499,0.0,-0.0010002500625156,-0.0088395221059224,0.0097754014986608,-0.0176752605638533,-0.0150475233896917,-0.011116425085228,-0.0336618879085693,-0.0230661224017137,0.0,-0.0056742014514861,0.0043449654264891,-0.0238587184721107
2021-03-24,-0.0185677560219748,0.0,-0.0166756320602474,-0.0215153958498144,-0.0592400912437035,-0.0070185308424295,-0.0181921487603305,-0.0156735769853436,-0.0102614562833849,-0.0222440686852798,-0.0040059836211049,-0.034702961332075,0.0066861679899707,0.0061032888626193,0.0182706978823483,-0.0203092441035243,-0.020222656481317,-0.0243835967809162,-0.0248879680046257,-0.013992365151677,-0.0235883584028371,-0.0059675923964965,-0.0346074380165288,0.0,-0.047077536831438,-0.0290730180029072,0.0035505451190034,-0.0298448472370307,-0.0187258034204097,-0.0462287104622871,-0.0455995061982408,-0.0254968149106189,-0.0357162012851182,-0.0239707931017917,0.0079087707529765,0.0058640976334176,-0.029687863564756,0.0,-0.0620158565945679,-0.0261932444195546,-0.0204684377571412,-0.0112994350282485,-0.017362416520271,-0.0314376089342199,0.0087671885449398,-0.0177666483868623,-0.0422959500715963,-0.0529988348220588,0.0207504613491902,-0.0252906743645257,-0.030930809271263,-0.0089206853912735,-0.0008846722899283,0.0008857253285234,-0.0144449772236873,0.0112613001421328,-0.0160453893460472,-0.0346653767404621,-0.0185160615822237,-0.0296984320542424,-0.0235894008030242,-0.0061197183885982,-0.0040974674164161,-0.0261352885525071,0.0124991904669387,0.0,-0.0363704630788486,0.0263338040642426,-0.0116179151330918,-0.028482680647147,-0.0333345922876459,-0.0056237947903944,-0.0138104718887436,0.0229513783421368,0.0,-0.0125056659034648,-0.0152188423173428,-0.010740964727728
2021-03-25,0.0128369589594077,0.0,0.0531168276671827,0.0495508627089722,0.0108555113549817,0.0183509057996049,0.0144046128431487,0.0203478640564733,0.0222755439941992,0.004638504953548,-0.0150828602703459,0.0092616362882362,0.0030824125840156,-0.0145637561010153,0.0115165223920008,0.031503830088932,0.0283460759723186,0.0256585109354716,0.0044968250438564,0.0133092302615052,0.0061768152973846,0.0051038525090782,0.0267522739432852,0.0,0.0302410262968371,0.0399247571883756,-0.0141619277012101,0.0168689423869483,0.0068717728714358,0.0433673469387754,0.0511196744724997,0.0694546936437829,0.0350867434629524,0.0108715862234909,0.0149413659536519,0.0166758153356929,0.0230287210371966,0.0,0.0082644065431018,0.0148959843976597,0.0208961492882109,0.0146915351506455,0.0176691964689432,0.0250822003021415,-0.0073015238752566,0.0479106967483284,0.0748430777910995,-0.0034363947836739,-0.021142179904383,0.0379742670045082,0.0342807193123586,0.0141488909974469,0.0190830954307437,0.0166529902978231,0.0073587544851911,0.0159043576232802,0.0113022026015723,-0.0012008950555953,0.0096895242832888,0.018512411426534,0.030290485221333,0.0151347540602464,0.025630123367244,0.0061627200971463,0.0019402157690502,0.0,-0.0045025153475162,-0.0062438975851538,0.0014020945986692,0.0393484581169396,0.0132919701184632,0.0359726136732099,-0.0036535115142111,-0.0076224480188876,0.0,0.004443005943624,0.0077976196079536,0.0381866712588254
2021-03-26,0.0106725949019537,0.0,-0.0203980792864472,-0.0035404915950357,0.0095947799911342,0.0042743741095052,0.0033918347025143,0.0082378785501333,0.0067564109126272,0.0046104164720639,0.0030627673459893,-0.0073422947483761,0.0569154369034621,-0.0295553260800136,0.003704973407852,-0.0008068733657078,-0.0451085838549472,-0.0162451837195702,0.0030008609027178,-0.014004540173732,-0.0033685226771886,0.0498937778803623,-0.013548723293382,0.0,-0.021082408895509,-0.008822769389789,0.0071877534468776,0.0056135545213571,0.0007608555059308,0.0055012224938875,0.006591934574168,0.0155717360631932,-0.0207156713650848,0.0019908033540707,0.0526298533105134,0.0442545427464999,-0.002466991500023,0.0,0.0032791728212704,0.0432128800990396,0.0116227812389795,0.0157473316796885,0.0170548146527858,-0.0302117422682645,0.0013996889580094,-0.0207626561050682,-0.0068503038017874,-0.0157633256855181,-0.003324474907397,-0.0054845766097073,0.0022843494503477,0.0008425688528657,0.0148008329213666,0.0112050137688728,0.0072446269017145,0.0346714612984713,0.0113976574399916,-0.0071880838696284,-0.0050499641200852,0.0055831699803976,0.0110914817151055,0.0346241508346663,-0.0138391006413539,0.0002413782699213,0.0263372559033616,0.0,0.0055666211479417,-0.0084703334939578,0.0089427752713695,-0.025609760956969,-0.0010642153725138,0.0376968960100156,0.0134428113470028,0.0334278406001757,0.0,0.0030992764449131,0.0234983124307224,-0.0230769230769231
2021-03-29,0.0099026386588498,0.0,-0.0164254581668155,-0.018653623872476,-0.0197152739572685,-0.0054857451695715,0.0047139091331986,0.0073075317803354,0.0041108924122803,0.0045892580810125,0.065113762271638,0.0009806288837093,0.0445116465060482,-0.013959317776053,0.0313916942678353,0.0297737434762452,-0.0104942450914015,-0.0148686171208951,0.0119184834588124,-0.011013715378775,-0.0054225937898138,0.036709843281004,0.0047543581616482,0.0,-0.0257609834555757,-0.0386964618249534,-0.000895831865444,-0.0009728347478041,-0.0060594080482928,-0.0212765957446807,-0.0076757772082584,-0.0087617000131832,-0.030444039597006,-0.008746450129037,0.0139915900950009,0.0172761147462068,0.0049538895351972,0.0,-0.0065360686838263,0.0265741697416974,-0.0038636396647637,-0.0095214610709853,-0.0003562115224345,-0.0014973070820391,0.0010505833021203,-0.0116715830875123,-0.0356373630729793,-0.0165166741580897,0.0149997426262418,-0.0055227924768888,-0.0125383421525376,-0.0067555353555176,0.0150278265747478,0.0157761292140106,-0.0180412371134021,0.0204305906681896,-0.0046796380926001,0.0229357798165137,0.0116744083405546,-0.0298755547820032,0.002089170503843,-0.0293130534133103,-0.0072392091890353,0.0004826400410242,0.0277900644126833,0.0,0.0224848846563043,0.0063383815273339,0.0637108366617091,-0.0266672664518343,-0.0110008877909445,0.0043038444583651,0.0054311335253129,0.0256466841328464,0.0,0.0039657971894819,-0.0083384288708592,-0.0140289067640129
2021-03-30,0.0189515884103745,0.0,0.0545700798169601,0.0002991925588158,0.0244528125514522,-0.0018613118852236,0.0308773446100976,0.0234700900318833,0.0167162149454969,0.0294988761073649,-0.0105114186181536,0.0582237975680599,-0.001459574569904,0.0115842143176996,0.0429656050336169,0.0117190903546222,0.0238857960376948,0.0090591240091584,0.0117781062937742,0.0303981974437199,0.0217874610938195,0.012078852271006,0.0557308096740272,0.0,0.063283074962837,0.0486614234241213,0.0223050574249445,0.0092277444424864,0.0929826976914958,0.0304347826086954,0.0136512091987655,0.0110489324480547,0.0647921760391199,0.0268630377237226,0.0158566329382996,0.0100248869571313,0.0090079730144128,0.0,0.0131581398736182,0.0011444937771745,0.0145375541330687,0.0188324673343025,0.0163915688977038,0.0609221128021486,-0.0108279034112687,0.0585695382686817,0.0214573456468718,0.0208651065606628,-0.0024545602077246,0.0283603259954963,0.061198222838261,0.0561226346906833,-0.0029668843351414,0.0,0.0441311115180369,-0.0225626933054637,0.0057683500200007,0.0125884191653997,0.0095339433922112,0.0014263031836163,0.0406306288342539,0.0133372567771361,0.0118502743061392,0.0063617451080895,-0.0174160967770135,0.0,0.0118390498305989,-0.0331323742699227,0.0270833917833328,0.0305280008066852,0.040547186012021,0.0147563328058402,0.0119982191882466,-0.0092881548484822,0.0,-0.0004363179419755,0.0409168716907277,0.0497933528500085
2021-03-31,-0.0192463274430486,0.0,0.0559607975161784,0.0337872884981618,-0.0063561189309691,0.0209345692623899,-0.0087931172149472,-0.0195970796508755,-0.0215637450199202,-0.0213906833973362,-0.0154395315575224,-0.0038007601520303,0.0019010192018913,-0.0279923894574189,-0.026729665092677,0.0061720420847148,0.0310743902068588,0.0109683074074984,0.0189226089247644,-0.0121043821540187,0.0059990053462637,0.0279359948002189,-0.0179282868525896,0.0,0.0048963708872096,-0.0063915469021317,0.0226856140489188,0.0064968480638105,-0.0230107075372664,0.0066305003013862,0.0150404020902106,0.0839143149139405,-0.0049698090742867,-0.0003872062801676,0.0257995065073297,0.0244490716640639,-0.0141587205105802,0.0,-0.0048704283837232,-0.006824644549763,-0.014329242001782,-0.0125882835162064,-0.0192825438405006,-0.0252099067549891,-0.0243653792040889,-0.0302819548872181,0.0140043998497612,0.0089729205699098,0.0633655312658869,0.0042002400137151,-0.009790315809115,-0.0140913029777848,0.0152724090146598,0.011324766571138,-0.0140886238746636,0.0001085517031762,-0.0023344554090197,-0.0264157291557144,0.0064610649690119,-0.0200293812031961,-0.0011709651733666,-0.0166390800592386,-0.0090036309926764,0.0012133740787345,0.0408012427886097,0.0,-0.0083605049745004,-0.0293118882207561,-0.0131846118825403,-0.0129119322235676,-0.0024155223567097,-0.005162178928976,0.0136303313365644,0.0092709869883018,0.0,-0.0279132570510655,-0.0065278383571657,-0.0474315756666091
