date,ABEV3,ALOS3,ANIM3,AXIA3,AZZA3,B3SA3,BBAS3,BBDC3,BBDC4,BBSE3,BEEF3,BPAC11,BRAP4,BRAV3,BRKM5,CMIG4,COGN3,CPFE3,CPLE3,CSAN3,CSMG3,CSNA3,CVCB3,CXSE3,CYRE3,DIRR3,ECOR3,EGIE3,EMBJ3,ENEV3,ENGI11,EQTL3,EZTC3,FLRY3,GGBR4,GOAU4,HYPE3,IGTI11,IRBR3,ISAE4,ITSA4,ITUB3,ITUB4,JHSF3,KLBN11,LREN3,MDNE3,MGLU3,MOTV3,MOVI3,MRVE3,MULT3,PETR3,PETR4,POMO4,PRIO3,PSSA3,RADL3,RAIL3,RAPT4,RENT3,SANB11,SAPR11,SBSP3,SLCE3,SMFT3,SMTO3,SUZB3,TAEE11,TEND3,TOTS3,UGPA3,USIM5,VALE3,VBBR3,VIVT3,WEGE3,YDUQ3
2016-01-04,-0.035857229489734,0.0,-0.0615916035605155,-0.0572845417236662,-0.0595188704269226,-0.0404213036565977,-0.0339284779307816,-0.0146291519817283,-0.0145148123036902,-0.0616462189495896,-0.0601543919055105,0.0,-0.0581395348837209,0.0,-0.0188265142882803,-0.0645733196753605,-0.0115336488765573,-0.0250296901428725,-0.0437257079400333,-0.0476190476190476,-0.0580650898097102,-0.0350016909029422,-0.0718406570568773,0.0,-0.0293296089385475,-0.0256008359456636,-0.0628801622025397,0.0,-0.0288186114637911,0.0,0.0,-0.0362259479729852,-0.0564224631931588,-0.046875,-0.0236713373683773,-0.0361896216539554,-0.028557079281818,0.0,0.0,-0.0284501571665966,-0.0407009968886913,-0.0596374939145414,-0.0450236966824645,-0.0551150895140665,-0.0643965097708594,-0.0555545961628127,0.0,0.0170426878753449,-0.031879517003887,0.0,-0.0403214118935282,-0.0107911365382974,0.0116564672578161,0.0253777148253069,-0.0648665110141102,-0.0611610793131642,-0.0055534442387612,-0.0090263627101375,0.0,-0.0734727572922399,-0.0531400093893322,-0.0394468757158186,0.0,-0.0412152351167206,-0.020059852239783,0.0,-0.028826024935623,-0.0206166286201491,-0.0358358684629872,0.0,-0.0109533972469709,-0.0488014288272322,-0.058083093377211,-0.0260850331000268,0.0,-0.1026480414359065,-0.0207280080889789,0.0
2016-01-05,0.0156886001563467,0.0,-0.1034912365149928,0.0220776865072167,0.007087172218285,0.0382719628877936,0.0035228442902823,0.0077928305958516,0.0036365168066045,0.0639496632654281,0.0352030367042321,0.0,0.0106428267347808,0.0,-0.0431695833500191,-0.0282609611253843,-0.0233639715999779,0.0135097724378494,-0.0033386558281317,0.0050000000000001,-0.0582460115170394,-0.0491939723147011,-0.0008060760219252,0.0,0.0453237410071942,-0.0058981233243967,-0.0146610869132007,0.0,0.0,0.0,0.0,0.0484861077007348,0.0174343641969541,0.0117925581810871,-0.0462400747314339,-0.0811481768813033,0.0118476606255564,0.0,0.0,0.0,0.0166799046862589,0.0212062682941398,0.008361530942176,0.0,-0.0027326407712933,0.071201316511245,0.0,0.0100542610916054,0.0255098925256473,0.0,0.0192123764619025,0.016228406184922,-0.0253487510802024,-0.0276274893519051,0.0173686495874945,-0.0261278522905417,0.0303878300747058,0.046651351828945,0.0,-0.0087912087912087,0.0248479185339156,-0.0150109821148415,0.0,0.0110282696489592,-0.0167485804265877,0.0,-0.0006676458806248,0.0007863092329551,-0.0154756315146962,0.0,-0.0048865699247604,0.0229567702199138,-0.0821905843305093,-0.0133999545764251,0.0,0.0016491342045426,0.048485630700396,0.0
2016-01-06,-0.0097224802498296,0.0,-0.0430484492451518,-0.0180006591790685,-0.0145844403912164,-0.0009175409901464,0.0,-0.0177056071060353,-0.0141855877785704,-0.0078252363873491,-0.0146775496675022,0.0,-0.0693625386127493,0.0,0.0701870818460654,-0.050884188626907,0.018484600862239,-0.0099972685058726,0.0026216137489076,-0.0190676573081729,-0.0516238973536486,-0.0790140520617369,-0.0287553109481722,0.0,-0.0381004817618719,-0.052858683926645,0.0212643013983591,0.0,-0.0143241738493089,0.0,0.0,0.0057827418483156,-0.0163275051425212,-0.0051874089444173,-0.0808476538153325,-0.1293481931779804,0.0056273861394569,0.0,0.0,-0.0112517001195234,0.0089192708333334,-0.0059275435791442,-0.0039522154777705,-0.0083908512653945,0.0027401285583104,-0.0057780281305475,0.0,-0.0865855585400537,-0.013636025307034,0.0,-0.0235586579302624,0.0,-0.0461473506438675,-0.0419083698354445,0.0170721297481861,-0.0044714720085853,-0.0189871146046444,0.0092244409313462,0.0,-0.0222328758914125,0.0091920657958395,-0.0228723607589291,0.0,-0.0326855123674911,0.0346986314665631,0.0,0.0058505764678933,-0.0064931785147064,0.0031475935216802,0.0,0.0248855539875401,-0.0071392170925974,-0.0895508184240578,-0.0734839515916864,0.0,0.0016339461670864,-0.0227934840589225,0.0
2016-01-07,-0.0265772123854276,0.0,0.0089771939667975,-0.0495443162161464,0.0311236127001246,-0.0414869829100782,-0.0237902354720241,-0.032032779605595,-0.0202222316829153,-0.0394234364907588,-0.050197109067017,0.0,-0.0633675316837657,0.0,-0.027029140967194,-0.0555758516759522,-0.0106653755706183,-0.0404112864658059,-0.048373038930854,-0.0109926938802868,-0.0797484409681852,-0.0237118559279639,-0.0041161378444726,0.0,0.0054663575741964,-0.0404328018223236,-0.0541473350684622,0.0,-0.0218002938642433,0.0,0.0,-0.0275832422847521,-0.0041449616310983,0.0013091619144827,-0.0452387871742709,-0.0624515128006205,-0.0163078377825292,0.0,0.0,-0.0353063776573573,-0.0147447893140607,-0.0119453924914676,-0.0190159614290421,0.0167872253309675,-0.0360005274802561,-0.0162759354799941,0.0,-0.1328489880643487,-0.0602182345039918,0.0,-0.0048389000354065,-0.0261836251473227,-0.0285499291784702,-0.0218707525021624,-0.0167855644146034,0.0089831117499101,-0.0411239572662081,0.0129269702223437,0.0,-0.0454768325569993,-0.0062135850726455,-0.0276589640602994,0.0,-0.0636887035934088,-0.0091459124806527,0.0,0.0234844243706648,-0.0579845223973337,-0.0332217700528658,0.0,-0.0262067884649829,-0.0402395266497159,-0.0573847601128879,-0.0594885264521624,0.0,-0.0003237656434841,-0.0286578068904704,0.0
2016-01-08,0.0130594789056837,0.0,-0.0767066828039646,-0.0270277611778128,0.013858853128666,0.0124973963757548,0.0,-0.002064392359663,-0.0195677993105646,0.0190048131370328,-0.0132152739346984,0.0,-0.0120811855670104,0.0,0.0025954040676641,-0.0466611865963927,-0.0560969812217733,-0.0027985968678716,-0.0227446191421157,0.0,0.0249813357836099,0.0363804058208649,0.0033176409534045,0.0,0.0190140043265398,0.0549950544015827,-0.0484835795896393,0.0,0.0035377143003327,0.0,0.0,0.0135934132729182,0.0249920317978138,0.003900190577494,0.0342431006493506,0.0415804716590813,-0.0004734576757531,0.0,0.0,0.0245430583761829,0.0,0.015544041450777,0.0003968496245192,0.0,-0.0174945282101167,-0.002364850124351,0.0,0.0041891083183722,-0.0043199665965407,0.0,0.0012198427758201,0.0067273619364334,0.0038274023784572,0.0015790803436079,0.0,-0.0445156695156695,-0.0187347374847375,-0.0079724941444957,0.0,-0.0238217542057274,0.0,0.0,0.0,0.0120435944192358,-0.011076398750355,0.0,-0.0054605799896166,-0.0084010433844031,0.0428017860304097,0.0,0.0022991941324566,0.0160585893398301,0.0260589931248613,-0.0339088593263515,0.0,-0.0479577473560957,-0.0048199541780139,0.0
2016-01-11,-0.015817223198594,0.0,-0.0337986253808545,-0.0079287528965074,-0.0580793118591373,-0.0018926146883356,-0.0286852369229067,-0.0191716990199971,-0.0282755462321431,-0.0313617893237938,0.0192471622773564,0.0,-0.039132561552258,0.0,0.0254859512273346,0.0127814972611077,-0.0057179255484616,0.0035176748745746,-0.0259293970634175,0.0017169321134078,-0.0569251456745852,-0.0146346286957381,0.0172722738440509,0.0,-0.0013128491620112,0.0399399962497655,0.0023260931065915,0.0,-0.0038748538735793,0.0,0.0,-0.0017445346998856,0.0081397475763673,-0.0058275572822391,-0.038161573551773,-0.0240317775571001,-0.0056913603284194,0.0,0.0,0.0048500695879549,-0.0120182074205063,-0.0255102040816326,-0.0117024198224039,-0.0081879194630872,-0.0495737999102736,-0.0284367236975612,0.0,0.0,-0.0113064516129032,0.0,0.018156897251929,0.0264372048693843,-0.0356316100040852,-0.0286939521977676,-0.0113102859581732,-0.0417443160641073,-0.0470117043200994,-0.0013318602152165,0.0,-0.0048674603696639,0.0016697897920183,0.0021860708394243,0.0,0.0255604441650953,-0.0043557342523454,0.0,-0.0046143090188766,-0.0434314602936553,0.0105630481939074,0.0,-0.0582655671143634,-0.0263413112660887,0.0169674700097264,-0.0284581428962068,0.0,0.0110429287312407,-0.0227613317985361,0.0
2016-01-12,0.0107142857142856,0.0,-0.0490246406570841,0.025974391445054,0.0181384919372145,-0.006677933962653,-0.0346870194224525,0.0068705461285272,-0.0057010809249434,0.0166248356639175,-0.0024650057223346,0.0,-0.0865433565246903,0.0,-0.0410653650254668,0.0189302884615385,-0.0321806886071424,-0.0133318009424204,0.0216484926234765,-0.0533366410320018,-0.0086145437262357,-0.0266934269944807,0.0113314447592067,0.0,0.006656784046094,0.0028849621348721,0.0207921723586415,0.0,0.0226449308477774,0.0,0.0,0.0070085376731654,-0.0177447155946656,-0.0208712642657312,-0.0291192819623642,-0.0327635327635327,0.0319400033203165,0.0,0.0,0.0176697725174179,-0.0121312562147828,-0.0008625704599706,0.0044924739482825,0.0,0.0126634818064179,0.0231739486643918,0.0,-0.0570123162495033,0.0290216806146919,0.0,0.0214063720520534,-0.006246504806221,-0.0764849854090181,-0.0920010388261264,0.0057198359594214,-0.1164916374951381,0.0373891518415754,0.0155641433659166,0.0,0.029413708771234,-0.0607345940839801,0.0123785563257767,0.0,0.0232073544433095,0.0031248497668381,0.0,0.0222981831803708,0.0077505658039473,-0.0043117125524965,0.0,0.0340653050288037,0.0070325248015377,-0.0416578108395323,-0.0810598902313987,0.0,0.0034035173993502,0.0444716079564395,0.0
2016-01-13,-0.008833922261484,0.0,0.0168498168498167,-0.0155795710132207,0.0076320341915132,-0.0019089513217412,-0.0183502478168515,-0.0036710253480598,-0.0143420690498761,-0.00817060697617,-0.0197467125584679,0.0,-0.0640906557681589,0.0,-0.0236629528895826,-0.0330286051312298,-0.0296947399208755,0.0127936323044068,-0.0268403704285041,0.0364970459310078,-0.0251692934619763,-0.0243839571089802,-0.0168067226890756,0.0,0.0066405490261454,-0.0088097806544408,-0.0316743471582181,0.0,-0.0224902670875623,0.0,0.0,0.0034708413174735,0.0098453922455989,0.0019955553539843,-0.0653955247399936,-0.0761624237323795,0.0023082411202663,0.0,0.0,-0.0151152719924115,0.0030868339820158,0.0200770960488274,-0.0154458549780222,-0.0917580186764108,-0.0175039580805118,0.0035724656172182,0.0,-0.0065304402780703,-0.0034243317797013,0.0,-0.022113022113022,0.0083774859048002,-0.0285918148922073,-0.0469789059706828,0.045713059341131,-0.011005943209333,-0.0026090490737219,-0.0008058258222407,0.0,-0.0238217542057274,0.0057582330901204,-0.0093455473159641,0.0,0.0266341891945853,-0.0031151154988977,0.0,0.0257051511070802,-0.0087887684432399,0.0043303839232153,0.0,0.006725242626967,-0.0148614997688762,-0.1043468618318919,-0.0435800389420026,0.0,-0.0050944077589764,-0.037173376457571,0.0
2016-01-14,0.0011852913611556,0.0,0.0537691490975276,-0.0198105321816661,-0.0025247424762674,0.0211217828780507,0.0560798220833083,0.0110536542892638,0.0302649540828989,0.0329753692245691,-0.0369465889396566,0.0,0.0416832076220723,0.0,-0.0303984729181578,-0.0148927518552404,0.0514024622414011,-0.0021085318867526,-0.0377419354838709,0.0052174312770065,0.0258191430503473,0.031228533685601,0.0179158448389216,0.0,-0.0184377587634557,-0.0177761654271721,-0.0186871410895015,0.0,-0.0049555644954832,0.0,0.0,-0.0216717708520988,0.0,0.0,0.0291687742370594,0.027556365292644,-0.0230432112550245,0.0,0.0,-0.0059462741567386,0.0045825528498795,-0.0034246575342465,0.0144549726042366,0.0092385635523766,0.0111982724067696,-0.0065320508886219,0.0,0.0502544529262085,-0.0008431166682574,0.0,0.0,0.0062335474360324,0.0632214060860441,0.0796818727490997,0.0054386865059004,0.0498553305141331,-0.0052054578436785,0.0074076286627438,0.0,-0.0487403801881207,0.01760715266068,-0.0217762596071733,0.0,0.0060676779463242,0.0299985577616461,0.0,-0.0124233032947206,-0.0243913244349934,0.0073915072328512,0.0,-0.008353319684118,0.0210846564850832,0.0096570508852296,0.0722373447400326,0.0,0.0218820082705695,0.0007071979491259,0.0
2016-01-15,-0.0154272551232987,0.0,-0.001007556675063,0.0121379231928138,-0.0126628964838948,-0.0206848813062421,-0.0383323847467272,-0.0432271209225146,-0.0254310020326733,-0.0420089961903888,-0.0235465965527315,0.0,-0.0285823170731707,0.0,-0.0023808937887588,-0.0260048501109333,-0.008148237566393,-0.0042067654007951,-0.0415688903788133,-0.0138333142791814,-0.0269071732486367,-0.0393523262963722,-0.0231982345659077,0.0,-0.0268545076204937,-0.0180978762696214,-0.0309731652117685,0.0,-0.0394891114582376,0.0,-0.0068779867379573,-0.017732520669527,-0.0081214560087798,-0.0033042140044357,-0.022662734818698,-0.0179521276595744,-0.0108504650199293,0.0,0.0,-0.0101312214335361,-0.0167815403056637,-0.0296243630761937,-0.0260667518119008,-0.018160342536542,-0.0060427115353502,-0.0083665760581777,0.0,0.0149404401372905,-0.0300434651085035,0.0,-0.0119138740057905,0.0023126347292856,-0.0718973599802614,-0.0913829047949964,0.0,0.0582997668009326,-0.0277095060651708,0.0013194176772317,0.0,0.0,-0.0315799614643547,-0.0319047359231776,0.0,-0.0290729142503671,-0.0072812135355893,0.0,-0.0095952105339315,0.0024975186989548,-0.0439865853884493,0.0,-0.0235603638465803,-0.0065866192311492,-0.0768853464132434,-0.0290133333333333,0.0,-0.026436971165434,-0.0098054371590734,0.0
2016-01-18,-0.021093939337447,0.0,0.0412794467257402,0.0059821378419366,-0.0035890336709953,-0.0009563011932975,-0.0061551208830231,-0.0054444468837127,-0.0086827549979914,-0.0241235162360606,0.0044638583054092,0.0,-0.0088269909768537,0.0,-0.0250621311445079,0.0,-0.0269883770461875,-0.0183641975308642,-0.0424973767051416,-0.0254347322049617,0.0097918462864885,0.0094410070407511,0.0139225626331642,0.0,-0.0165573438899645,-0.0246379537333082,-0.0171827038569331,0.0,-0.0029617611381733,0.0,0.007684082261955,0.0002999400119976,0.0081879541179508,-0.0320163487738419,0.0202827289489859,0.0,-0.0104928687488716,0.0,0.0,-0.0253425823474339,-0.0046395069253953,-0.0110717629340172,-0.0117074558007993,0.0369924812030073,-0.0131599293579549,-0.0319508721965111,0.0,-0.0139248060473444,-0.0177111716621253,0.0,-0.0168569600215554,-0.003852458160634,-0.0610910250957039,-0.0715869980879542,0.0434782608695651,-0.0649038461538461,-0.0373465976271047,-0.0288408865463482,0.0,-0.0256534365924491,-0.0210103260977696,-0.0038324433235173,0.0,0.0694831568049694,0.0030560910244956,0.0,0.0114048303885312,-0.0104246204816937,-0.0031978603407174,0.0,0.006198347107438,-0.025983973896651,0.0625664187035068,-0.0512358563111062,0.0,-0.0034399635155384,-0.011329928407342,0.0
2016-01-19,0.0314038412096859,0.0,-0.0320672478206726,-0.0099388592646361,-0.0324250020215088,0.0124854336607289,-0.009260086348072,-0.0016444827053396,0.0070132784739105,0.019773421869822,0.0266760392217602,0.0,0.0029685335444291,0.0,-0.0004048250080649,-0.0466705514647454,0.0060352106069607,0.0122229209243829,0.005662100456621,-0.0054005186401159,-0.0309812770628773,0.0249933949801848,0.0024274482808592,0.0,0.0238584944467297,0.0314307751639029,-0.0575075533828971,0.0,0.0185717520542529,0.0,-0.0076254873895661,-0.0002998500749626,0.0130053045546003,0.0330752990851512,-0.0227272727272728,-0.0453622207176709,0.0072324152325904,0.0,0.0,-0.0059600480296909,-0.0108873162765378,-0.0102901831652603,-0.0101515539071492,0.0535092807424595,0.0200072573728309,0.0236646134044311,0.0,-0.021182166633044,0.0405394114599868,0.0,0.0,0.0049049405747585,-0.0238405345716065,-0.0291622044649475,0.036482785602504,-0.0749785775492716,0.012000056470854,0.0164646695632288,0.0,0.0263288623944359,-0.005019815059445,0.0223193448466074,0.0,0.0089727837968649,-0.0060935595762632,0.0,0.002771658661659,0.0093901011593766,0.0096243583761082,0.0,0.0219388306495191,0.006439488721958,-0.0098762345293161,0.0326285806914758,0.0,0.024136713693597,0.0078729499875929,0.0
2016-01-20,-0.0125372748506698,0.0,-0.0350952432007433,0.0,0.0053180982480665,-0.0265948701085168,-0.0093466370138847,0.0060360171131035,0.0023214783173923,0.0110129507486398,-0.0043285521979297,0.0,-0.05327545382794,0.0,0.0142885166646629,0.0140031118026227,-0.0168003232624642,-0.0142108328479906,-0.0130766436614602,0.0235133712864181,-0.0136572471521178,-0.0183008557583255,-0.0016264276420412,0.0,-0.0109625208058312,-0.0428117405122453,-0.0371357562223102,0.0,-0.0189641140032253,0.0,0.0484544798945614,-0.002999400119976,-0.0208555280691934,-0.0133514986376021,-0.0116559260297001,-0.0191489361702127,-0.0167447994029548,0.0,0.0,-0.0110471756127558,-0.0110415520088056,-0.0140153878145145,-0.0140995203255971,0.0763936682725394,-0.0150870781520351,-0.0024338985486419,0.0,-0.0072135201978565,-0.0424127575519118,0.0,-0.0073654099792741,-0.0020546087899709,-0.0357930154310245,-0.0493848112006788,-0.0201000283098991,-0.0578971746178786,-0.055340875800399,-0.029201349831271,0.0,-0.0256534365924491,-0.0311899995914866,-0.0127976314005451,0.0,-0.0052398523985238,-0.0190058479532164,0.0,-0.0087061429175933,-0.0226932619863567,-0.0412694744545227,0.0,-0.0274957698815566,0.0014613058391346,0.0099747474747475,0.0032517043415858,0.0,-0.0070601452883424,-0.0142128116746498,0.0
2016-01-21,-0.0133041632775176,0.0,-0.0101114856105781,0.0080365451315456,-0.0063479588289526,-0.0165955829568007,-0.0007584261141279,0.0054503697680297,-0.0144833549502809,-0.0531792045143395,0.0,0.0,-0.0250104210087536,0.0,-0.0092583927579903,0.0046032441911441,-0.018288731169878,0.0151443538540312,0.0191387559808611,-0.0008647082194022,-0.0028075548749361,0.0310875387281415,0.012109473989067,0.0,0.0110840297121632,-0.0062499999999999,-0.0413362262456981,0.0,0.0070632155874681,0.0,-0.009534765129324,0.0196111612515041,0.0,-0.0175596060020252,-0.0264784260361738,-0.0388045312123402,0.0218935608907753,0.0,0.0,-0.0060627595549535,0.0031998886995234,-0.0128226758899949,0.0021623746805583,-0.007928388746803,0.0250213436658566,0.0091471374681515,0.0,-0.0072659331534149,-0.0072449184946669,0.0,0.022225673413746,-0.0007733709567853,0.0607063353588832,0.0158886012675174,0.0,-0.0304818092428712,-0.0485261976490047,0.0341892225930045,0.0,-0.0210772833723653,-0.0146739474183551,-0.0007567900888527,0.0,-0.0131315379479189,0.0124993990673527,0.0,-0.0042868560633583,0.0466790401696937,0.0198658203438857,0.0,-0.0213861099028565,0.0065713475062318,-0.039254906863358,-0.0075999731765652,0.0,0.0003343019518091,0.0447063097427513,0.0
2016-01-22,0.0324723317161916,0.0,-0.0356955773404176,0.0337921002573571,0.0165112635565762,-0.0039505324630711,0.0228004128969578,0.0026994830544595,0.0205715539121986,0.0119700246441685,0.0313057261739646,0.0,0.0064129970072681,0.0,-0.0268067983602325,0.022856207724198,-0.0384986957781857,0.0468698469358062,0.0715059588299027,0.037588884730539,-0.0102380342974148,0.0391647568118156,0.0278816060091209,0.0,-0.0123400103311713,0.070754716981132,-0.0229835720138915,0.0,0.0302705547631216,0.0,0.0,0.0121157357036163,-0.009847674547265,-0.0130712830003046,0.0030285381479324,0.0,0.0190520144512631,0.0,0.0,0.0376038966842435,0.0158443989876226,0.0143778841223722,0.0095298809990846,-0.031709203402939,0.0064790492055355,0.0090642257491813,0.0,-0.0692179004600586,0.0145786877491722,0.0,0.0386400850790864,0.010825114265095,-0.0127056154282473,-0.0200333889816359,0.0205123266563944,-0.0380324543610546,0.0114232500388018,0.0277707234729089,0.0,0.0215311004784688,-0.0153846153846152,-0.0038148667601682,0.0,0.0394301608780633,0.0191348938796827,0.0,0.0146307647402217,-0.0137617002951196,0.0064798219526125,0.0,0.007753660764995,0.0388133025283259,0.0204294079375406,-0.0120278397188998,0.0,0.0305141388174807,0.0179301051899503,0.0
2016-01-26,-0.0005873553408036,0.0,0.0147834859537483,-0.0615326334018834,-0.028288828867923,-0.0089670632867735,-0.0084597346314821,0.0,-0.0115138396352414,-0.0445802892500373,-0.0261400237328359,0.0,0.0,0.0,-0.0229575660321198,-0.0044264305903685,0.0335761533952942,-0.021718584956359,-0.0212335692618808,0.0021416172591808,-0.0206232221360227,-0.0087237796510487,-0.0457424226606814,0.0,-0.036058809855881,-0.0031204111600585,0.0206086748142824,0.0,-0.0204228193633647,0.0,0.0,-0.0084724145470447,-0.0297995977054309,-0.0195105741615437,-0.0120195099291603,-0.0203109327983951,0.0046704171531684,0.0,0.0,-0.0322358362583173,0.0156313993174059,0.0027589983361764,0.0107028935053998,-0.0573748668796592,-0.0267280959315047,-0.0257459882410149,0.0,0.0047180408896876,-0.0125709718776536,0.0,0.0034943440384864,-0.0017796908304534,-0.0402160174652417,-0.0476105083833945,0.0150986128149477,-0.0790722192936216,0.043918607862996,-0.0056686046511627,0.0,-0.0158257043502945,0.0039116828929066,-0.0329306752266711,0.0,0.0148989259754819,-0.0211982855013043,0.0,-0.0144197921536192,-0.0398191730506199,0.0142068803569332,0.0,0.0139913258680257,-0.0335206899893401,-0.0300943636827339,-0.0088457241866721,0.0,-0.0253324020255943,-0.0379614407412943,0.0
2016-01-27,0.058191535275806,0.0,-0.0093679501395632,0.0922092151548352,0.0080846345745171,0.0311466852270749,-0.0147287749970063,0.0205458548601573,0.0122381152060133,0.0028480024968788,0.0129856565937891,0.0,0.0350467289719627,0.0,0.0158081563994225,0.1033319048639382,-0.018745949449125,0.0291337538595595,0.0573347107438015,0.0212804247086875,0.1465443263581756,0.0175516661722534,0.060935363296563,0.0,0.0374076865109269,-0.0090222795065365,0.0633951631838458,0.0,0.0267022394207587,0.0,0.0,0.0123853801062128,-0.0102318974122705,0.0128059260693795,0.024390243902439,0.0207320194522651,0.0348864236661383,0.0,0.0,0.0179787281384895,0.0015458028093284,0.0063849449718558,0.0038128804870232,0.0347408558113262,-0.0005150677763788,0.0417903133592878,0.0,0.0131932021466905,0.0527283151220829,0.0,0.0289749445281246,-0.0033273213508302,0.0972704417574523,0.0881189983054038,0.0198010597750299,0.0429307384087007,0.0154054212971128,0.0080251425230228,0.0,0.037424286126334,0.0286821369815568,0.0055467396526371,0.0,0.0434705148761802,-0.0099005188252655,0.0,0.0262423380035026,0.0215544914664811,0.0476962259782356,0.0,0.0175801072930259,0.0326929440194121,-0.0720483828556404,0.0513858539390454,0.0,0.0293564362770817,0.0408797354579553,0.0
2016-01-28,0.0039310632094136,0.0,-0.019993824301374,0.033764519535375,-0.0064158379542642,0.0107154910563618,0.0220284394749636,0.0169495145838451,0.0017183975942434,0.0327692407443429,0.017951449748542,0.0,-0.0338600451467269,0.0,-0.0201845030478859,0.0875855707141817,-0.0025428066641349,0.0492002429641627,0.0219833903273083,0.0241629955947135,0.061834302492947,-0.0086001652009134,-0.0191451698833071,0.0,-0.0221989772198977,-0.0182088442958008,-0.0027231912857879,0.0,-0.0406127616972409,0.0,-0.0370334893856487,0.0093115277802988,0.0318858007331406,-0.0126440078397629,0.0148594377510038,0.0,-0.0022528040945224,0.0,0.0,0.0377486338797814,0.0215071802442625,0.0018156774355122,0.0067668932937534,-0.0084618534188617,0.0229036981292587,0.0,0.0,-0.0099315824321342,0.0362640354951866,0.0,0.0,0.0110240970120536,-0.0030549342643609,0.006489011939782,0.0,-0.0411635565312843,0.0254357519254155,0.019257819863977,0.0,0.0412872732327795,-0.0217377580438123,0.0047198494281164,0.0,0.0106539183882534,0.0,0.0,-0.0171808477544017,-0.0298132254453327,0.0194290976058932,0.0,0.0216934420973888,0.0082239796488061,-0.0444885236610937,-0.0085103590102605,0.0,-0.0278603130400187,-0.0027078313895226,0.0
2016-01-29,0.0430377996179414,0.0,0.0719574635683337,0.0562578206797925,0.0226081207816368,-0.0106018866349444,0.0670392722299848,0.0203112856812786,0.0431159919741457,0.0634464227417694,0.0310607936257849,0.0,0.0573491928632114,0.0,0.0300421188510136,0.1067363064148922,0.0855667201907002,0.0411038209185643,0.032982791586998,0.0227756629459965,0.0125792983787886,0.0289649088414036,-0.0241970809314385,0.0,0.0142042077736834,0.0217638152914461,0.0842435424354244,0.0,0.0679521511275484,0.0,0.0484544798945614,0.0435744344135524,0.0317463300941678,0.0376673364157933,0.0557408558991463,0.0403711133400199,0.0067600291956861,0.0,0.0,0.0513301177412219,0.034586960091969,0.0244568047830344,0.0465584477346945,0.0593255333792153,0.0447737323172146,0.0466035993658426,0.0,0.1009808292465448,0.0650127521446788,0.0,0.0303941320909146,0.0499624535813112,0.0628727770177839,0.0521791455342559,-0.0145852324521422,0.0429307384087007,0.0468002202363304,0.0448304807432384,0.0,0.0891128763099926,0.0594131818964034,0.0227246527177358,0.0,0.0220630469304319,0.0224989183212347,0.0,0.0191813775141078,0.0416067801642408,0.0357510613314062,0.0,0.0746228761360203,0.0301862989161052,-0.0117141162514827,0.0418137687555162,0.0,0.0455266254028337,0.049557446444606,0.0
2016-02-01,-0.0070109722544502,0.0,0.0350883638902157,0.0171896910207438,0.0668360558382885,0.020502868714141,0.0223726735762845,0.0122488471673254,0.0258868788911077,0.0159985831513076,-0.0024449344015367,0.0,0.0180795500200883,0.0,-0.0191661714167592,0.1252016779606324,0.0482326389947849,0.0172718847417643,0.0,-0.0011775590882329,0.0435341365461847,0.0563467492260061,0.0,0.0,0.0209786111924992,-0.0183367290238933,0.015042711772113,0.0,-0.0010417938972432,0.0,0.01247583696026,0.0049802684864463,0.0283465714493915,0.0232823982269918,0.0555287817938421,0.1164135936370209,0.0559259560397862,0.0,0.0,0.0028448932163323,0.0058098926915994,0.0316408076946539,0.021448370923522,0.0,-0.0366628396479141,0.018044411892,0.0,0.0283458189916987,-0.010174017793646,0.0,0.0,0.0248848829234837,-0.0505045304777593,-0.0247549019607843,0.0098057354301572,0.0480241492864983,0.008779737821654,0.0209836869195783,0.0,-0.0590831086050502,0.0237157360406092,0.0153297732940695,0.0,0.0009256198347107,-0.0085570548685881,0.0,0.0228045112114785,-0.0512946755375315,0.0195520982314161,0.0,-0.0111066650805152,-0.0151580305310686,0.1294823705926482,-0.0226411098167954,0.0,-0.0319364939576298,-0.0245864906705777,0.0
2016-02-02,-0.0228338702408572,0.0,-0.0706730086610819,-0.0202742851710123,-0.0138107921475782,-0.0257957833815627,-0.0748603351955308,-0.0410201134815235,-0.0403767157599438,-0.0425566531086578,-0.0204061535768212,0.0,-0.0828729281767957,0.0,-0.0271870492699408,-0.2104961284772011,-0.0314222952822915,-0.0370051350008282,-0.0117229677618385,-0.0203157894736841,-0.0327894088669951,0.0053205879700604,0.0,0.0,0.0068300522298112,-0.0277358490566038,-0.0296395641240569,0.0,-0.0511658683237676,0.0,-0.0217393850658856,-0.0192564902774443,-0.0157490079365079,-0.0026673962109295,-0.0131392045454545,0.0088514680483591,-0.0033880468679816,0.0,0.0,-0.0176801981780407,-0.0823521984785833,-0.0566100959927462,-0.0871654185511974,0.0,-0.0316383283012872,-0.0271346348801465,0.0,-0.0378027170702893,-0.0466422287390029,0.0,-0.0054534622611245,-0.0117866360768569,-0.0850729273979288,-0.0889670771550641,0.0146573836570171,-0.0981932443047919,-0.0568189414296982,-0.002373998052788,0.0,-0.0579729025534132,-0.0200523622515769,-0.058117428289921,0.0,-0.0299887707246185,-0.0339071465832029,0.0,-0.0067495467046075,-0.0423435419440746,-0.0400479000940895,0.0,-0.0137357830271216,-0.0292402101536285,-0.020855472901169,-0.0947427729380663,0.0,-0.0169941247078148,-0.0411193484389684,0.0
2016-02-03,0.0066788514425293,0.0,0.0635193460906764,-0.0017224648229016,-0.0415195987367638,0.0176525502843081,0.0129904559915163,0.0631547694787293,0.0481758792470841,0.0253313589357673,-0.0016642652101552,0.0,0.048407917383821,0.0,0.0349335517808664,0.0399564111877952,0.0057974497228938,0.0144832805834593,0.0266895582956141,-0.025206833566133,-0.0107698021115177,0.0052924291352709,-0.024007038712921,0.0,0.0,0.0857752765379391,0.0559759510728723,0.0,0.0054993784300052,0.0,-0.0370334893856487,0.0070111023690881,0.0240105113482964,-0.0134183696795135,-0.0080193286382563,0.0171196233682859,-0.0076554592631701,0.0,0.0,0.0173476235992759,0.0519400110071546,0.027266459121205,0.0412950598632162,0.0080561330561332,0.0260342309522638,0.0295973848080204,0.0,0.0358092899529363,0.0364816438271888,0.0,0.0043928362977299,0.0174119968658406,0.0265497214649756,0.0441379310344827,0.0288912964969303,0.043554006968641,0.0690867340430054,0.0272322562532585,0.0,-0.0256534365924491,0.0140870726820085,0.0192418192801262,0.0,0.0038815117466803,0.0721087767524053,0.0,0.0028823729790634,-0.0309745871481132,-0.0041166197383896,0.0,-0.0376563470238622,0.0126819919625309,0.0212996879663547,0.0476851630200603,0.0,0.0152570694087403,0.019361442634376,0.0
2016-02-04,0.0143635252994875,0.0,0.1714193363022553,0.0449099613599359,0.0177417310860472,0.0105912767909264,0.0399255575910901,0.0668335594031754,0.054527861574364,0.0160402485942587,0.0016670396061757,0.0,0.138518366509337,0.0,0.0118140368550849,0.0018337408312958,0.071423238311407,0.0242124181898335,0.0472788081483732,0.0033287773907677,0.0062211734420252,0.0976621754260731,0.0245975531229878,0.0,0.0340326074563903,0.0525469168900802,0.0265370897549164,0.0,0.0102186589470747,0.0,0.0,0.0150357663726647,0.0078041235301353,-0.0224518640376282,0.104834948437581,0.101830422890806,0.0218523925385238,0.0,0.0,-0.0168319206780744,0.016480282519129,0.0026644429077005,0.0144620040874272,0.0714101572570249,0.017576828653909,-0.0160301667496468,0.0,0.0033583563808772,0.0200026709798044,0.0,0.0010857597259603,0.0121889766774103,0.0793210945618287,0.0534566270365477,0.0513338013338013,0.1112966054535335,-0.0514697108309136,0.0057523621124964,0.0,0.0631608828330139,0.0085224437658424,0.0510993220485984,0.0,0.0346289512956179,-0.0178563252598324,0.0,-0.0102596260200836,0.0234584253127299,0.0442531718053791,0.0,0.0128243535972714,0.0140921906380349,0.0625664187035068,0.1476031622720832,0.0,0.0474128654082317,-0.0040593953637432,0.0
2016-02-05,-0.0119855136708458,0.0,0.0183953153263636,-0.0049538339884176,-0.0112798201088429,-0.0171645486053804,-0.0079693529444662,-0.0310849343243116,-0.0101473525125491,0.0238960736339275,0.0074947782282834,0.0,0.0,0.0,-0.0029222563439469,0.064019872744705,0.013979094076655,0.0060590007615137,0.0457250689505008,-0.0282556632171029,0.0015456774331095,0.0528797301142136,-0.038407670760612,0.0,0.0407685098406747,0.011207335710647,0.0093714139997449,0.0,0.0075818066490056,0.0,0.0,-0.0008210461496355,0.0271377993267873,0.0194832898791181,0.0170262664165101,0.0769524536948633,0.0155118005244678,0.0,0.0,0.0175674027083079,-0.0014797658109759,0.0110351542690223,0.0097653246393749,0.0222569778633301,0.0187034868643367,-0.0561818257226992,0.0,-0.0502067336089782,0.0196104103929355,0.0,0.0,0.0078715749725246,-0.0419875909285408,-0.0401270690519978,-0.004423670812119,-0.0563345017526288,-0.067332019401462,-0.019241718426501,0.0,-0.0049395901475202,-0.0222244211359589,0.0127073190857331,0.0,0.0167513522373381,0.0121206470560815,0.0,0.0062213461690761,-0.0045366961923385,0.0084652820618273,0.0,0.0129805121670969,-0.0085787055771109,-0.0098762345293161,-0.0106319436148608,0.0,-0.0325146255378812,-0.0054488898423254,0.0
2016-02-10,-0.0110219422998779,0.0,-0.0065629045368335,-0.0232563575168288,-0.0326772207694073,0.0019311502938705,0.0,0.006705905055963,0.0112737881018594,0.0,0.0016629711751663,0.0,-0.0297404470079306,0.0,-0.0250935333899613,0.0910505836575876,-0.0127279974708947,-0.0017935891528993,0.0,0.008546815293825,-0.0154329200149007,-0.0068715256331067,-0.0557391742759508,0.0,0.0038138623301637,0.0026868178001677,-0.0139581885934441,0.0,0.02473318965198,0.0,0.0,-0.0093299551477386,-0.0173704854566757,-0.015693294894448,0.007194576396255,0.0641843971631206,-0.0127988695478191,0.0,0.0,0.0109099628341924,0.0014819587628864,-0.0004414036636503,0.0048430575227305,-0.0217723902553842,0.0048291663130934,-0.0327380429241883,0.0,-0.0273631840796019,-0.0169218257308773,0.0,-0.0196599605884238,-0.0004566763283222,-0.0422645301769861,-0.0506880334436509,-0.0267437961099933,0.0,0.0152868533061567,0.0254640929901179,0.0,0.0049641108204199,-0.020442447426478,0.0044406420598059,0.0,0.0041269022440031,0.0425130118373173,0.0,0.0197904641970125,-0.0232779852228489,-0.0028037383177569,0.0,-0.0128141775791198,-0.002074399888597,-0.0396464646464645,-0.0029380986879175,0.0,-0.0181279828090253,0.0,0.0
2016-02-11,-0.0050160067108349,0.0,-0.0743961938240553,0.0067960468065759,-0.034853265531185,-0.0125701835246795,-0.0460016348620232,-0.01712752192457,-0.0258280198967418,-0.037505262798557,-0.0586275594908688,0.0,-0.0501579045142114,0.0,-0.0072895120150577,-0.0802988212328253,-0.024698233254904,-0.0344031782140679,-0.0637146029983343,-0.0288308485595784,-0.0125398627101238,-0.1080230117390965,-0.0484496124031007,0.0,-0.0214242368275243,-0.0272986099480824,-0.0377273891878042,0.0,-0.0381250429132592,0.0,0.0,-0.0069467244984362,-0.0522204942111629,-0.0055507003330418,-0.116397270937314,-0.1542819060313227,-0.0150548803273186,0.0,0.0,-0.0183625869702718,-0.0220999806987068,-0.0283827455388507,-0.0296912654026281,-0.0518527430221367,-0.0221104756055429,-0.0141563008259355,0.0,-0.0581841432225064,-0.0414798043569759,0.0,0.0144913986537023,-0.0213803520811577,-0.0343360149236329,-0.0185321100917431,-0.004651563442157,-0.0464314141682143,0.0008414029286727,-0.0227860478880126,0.0,-0.069287764501702,-0.0241337272971464,-0.0279456499695801,0.0,-0.020517595684562,-0.0229742864716797,0.0,-0.0101105384569207,-0.0077717142138811,-0.0061685268808042,0.0,-0.0159156323591314,-0.0119622174852397,-0.1237181172758349,-0.0323537722520487,0.0,-0.0167703681083075,-0.0226052069627488,0.0
2016-02-12,0.0039229181004818,0.0,0.006253273965427,-0.0202742851710123,-0.0038881174370164,-0.0049223457523549,-0.0046092480425469,0.003383781253657,0.0031134542737349,0.0,-0.014038305527142,0.0,0.0498728730686486,0.0,-0.0077785296502007,-0.006857422751949,0.0484490314476182,-0.0056337066375306,0.0,0.0283940072485515,-0.0174612731950298,0.0360831481239376,0.0407331975560081,0.0,0.0038555906063793,0.0,0.0318511615522865,0.0,0.0254535618080105,0.0,0.0,0.0005742426088015,0.0008022170361727,0.0111633651607998,0.0080841581592994,0.023640661938534,-0.0059416636658263,0.0,0.0,0.0068260072891286,0.0015132076713051,-0.0139241813862203,0.0078569197125897,0.0,-0.0093424926398431,0.0112351265910284,0.0,0.2029871011541071,-0.0122344533107218,0.0,-0.0230854299142937,0.0004668667524176,0.067733172351343,0.051972331276874,-0.0368671570748593,0.1043405676126878,-0.0100293505995485,-0.006991257636402,0.0,-0.0053790432475077,0.0009528044210125,0.0136165122812874,0.0,-0.0092771676774298,0.0170480238762775,0.0,-0.0506531984198489,0.0026083781104908,0.0033777411998696,0.0,-0.0052715544149268,0.0263179681983098,0.0,0.0385040569009031,0.0,0.0494868841639382,0.0056054553880784,0.0
2016-02-15,0.0,0.0,-0.0141857816821213,0.0051673944687045,-0.0027880670729278,0.0226865671641791,0.0107750304253613,0.0043442344137225,0.0,0.0177572855707277,0.0035535839921774,0.0,0.0335320417287627,0.0,0.0017421132238548,0.0103160577041634,0.0126077307446186,-0.0113140816536757,0.0,0.0322566163101303,0.0266852367688021,0.0198948475289169,-0.0142377890490834,0.0,0.0128384185646754,0.0168732782369147,-0.0736380350288681,0.0,0.0060268331464832,0.0,0.0,0.0069739130434782,0.0121511331341543,0.0337780700930188,0.0106410322315324,0.0078906851424174,0.0064041193365591,0.0,0.0,0.0078596856125754,0.0015109213335522,0.0159435167920218,-0.0032856500782667,-0.0234741784037559,0.0198518048896461,0.0092601031735903,0.0,0.1392024078254328,0.0371886257377174,0.0,0.0157539738691572,0.016437469048798,0.0189970034488606,0.0157277412475564,-0.0142869979333273,-0.0125976316452505,-0.0206790721234786,0.0011800426936796,0.0,-0.0587683876550332,-0.0004865253627787,0.0141745681079077,0.0,0.0234597313215538,-0.0011560179627405,0.0,0.0111876625450562,-0.0200471259839593,-0.0084415584415584,0.0,-0.0354926434697718,-0.0023915839023626,0.0589647411852962,0.0253670489465542,0.0,0.0081260712480115,-0.0229991002260407,0.0
2016-02-16,0.0027850140536092,0.0,0.0413875045381035,0.0,0.025170747294005,0.006713368359603,0.0197932573710795,0.0278589537651681,0.0357556695911271,0.0080732282458442,0.0017705003743004,0.0,0.0784066330209085,0.0,0.0434770885854105,0.032462777642177,-0.0093313433638551,0.0082657544237414,0.0547071905114899,0.0082416387596224,0.00548049270172,0.0804602441438468,0.0063202673959283,0.0,0.0316361707769823,0.0580765323399932,0.038474930362117,0.0,0.0394805365070232,0.0,0.0,0.0013816687103849,0.0183948595187097,0.0146784821631449,0.0817904374364191,0.0769524536948633,0.0038180205427502,0.0,0.0,0.0,0.0150208258174542,0.0206425802194176,0.0242882244095099,0.0240384615384616,0.0063252777993627,0.0214116712120937,0.0,0.0969286657859973,0.0007980963923086,0.0,0.0022134509712872,-0.0083106905274992,-0.0218054707873274,-0.0176712448604671,-0.004922515952598,-0.0255167134473079,-0.0189706844355194,0.0274268308833267,0.0,0.0226767792844557,0.0313855791411821,0.0206061426058721,0.0,0.0128350198829652,0.0243044736256397,0.0,-0.0234002039508712,0.0794547771473648,0.0113569779064557,0.0,0.0319789859263544,0.0128522843484673,0.0443468404647209,0.0742184439395126,0.0,0.0483878859043984,-0.0014151261259238,0.0
2016-02-17,0.0161424017911315,0.0,-0.0259246347415459,0.0463157386624188,-0.0169165316045381,0.0067100194673404,-0.0029948741576916,0.0088777172122274,0.0110143306163763,0.0468415109124011,0.0044362204350816,0.0,0.0025071034598027,0.0,0.0041665590036432,0.0131993695823482,0.0366454484995726,0.0472934571069354,0.0215068878268203,-0.0044861425644342,0.0133297355639503,0.0271002710027101,-0.0053747206956942,0.0,-0.0036758090635683,0.0156825092014722,0.0444593461860856,0.0,0.0,0.0,0.0,0.0152118797537124,0.0110107633304465,-0.0072330705840201,0.0292928343050593,0.0285460992907802,0.0126911354147991,0.0,0.0,0.0193074709792637,0.004426637371159,0.0013133170347321,0.0108542194829444,0.0,0.0048338275265629,0.0317315768533663,0.0,-0.1092879723016709,-0.0023923798272169,0.0,0.0221010687588805,0.0004629498408019,0.0779353374929099,0.0540564609493277,0.0146573836570171,0.137208693375229,0.0452501318115561,-0.0013663139170673,0.0,0.0277923439958049,0.0,0.012978404676998,0.0,0.0059052604698672,0.0107339967841468,0.0,0.0130662181892107,-0.0103365165025893,0.0236005793644031,0.0,-0.0003269271186046,0.0169204976119696,0.0638990638990639,0.0549224120639668,0.0,0.0092285794287847,-0.0007198128486592,0.0
2016-02-18,0.0076696661340509,0.0,0.0,-0.0081887802177524,0.0088772639004477,0.0037852293766715,-0.0366818785743169,-0.0032473591877869,-0.0202869149398637,-0.030633922969388,0.0044048181388758,0.0,-0.0350116705568522,0.0,0.0726154558729872,0.0326268714757924,-0.0080781366606004,0.014455097107336,-0.0148617035915784,0.0,-0.0193321616871704,0.0088074621873721,0.0820481683869662,0.0,-0.0147832817337461,0.0051993067590987,-0.0330968508234085,0.0,0.0183090893803077,0.0,0.0,0.0059969760290843,0.0062058597300886,0.0013308370739628,-0.0307889086839339,-0.0486123082227202,0.0125257660255193,0.0,0.0,-0.0053145927425635,-0.0176606832657787,0.0004439242907301,-0.0202739232294107,-0.0546884913082096,0.0062552831783602,0.0104461240509365,0.0,0.0518844008788237,-0.0071795479105294,0.0,0.0194623672161864,0.0002360896007251,-0.0265733529783203,-0.0192632646164243,-0.009570241964608,-0.0230255583697904,0.0239600023737462,0.0169086802194255,0.0,0.0324344023323615,0.0050683301186029,-0.0042663456001675,0.0,-0.0049503379557642,0.0061484220483274,0.0,0.0126879013426735,0.0022365805168986,0.0137173297819213,0.0,0.0236632483823495,0.0299528955389305,-0.1300688599846977,-0.0335851209098922,0.0,-0.0033524848849172,0.0114352602197009,0.0
2016-02-19,-0.0043481163726194,0.0,0.0115503497641125,-0.0033025559922784,-0.0049495227245944,-0.0009427388613355,0.0108839050131925,0.0037166716596763,0.0040338303908782,0.0066542514534884,0.0368358552902308,0.0,0.0596060815480303,0.0,-0.0201155112542507,-0.053701890487309,-0.0295398748713074,-0.0225651666450524,-0.0251431764212879,0.0127391294928178,0.039426523297491,0.008693730199661,0.0083420619482268,0.0,0.0162620787178882,0.007680250783699,0.0195551128818061,0.0,-0.0223114450660225,0.0,0.0,0.0013509862199405,0.001546239510763,0.0086051540818166,0.0,0.0144953795977531,0.0057701314515876,0.0,0.0,-0.0010764262648007,0.0016046108000131,0.0058894715611133,0.0116956375118797,0.0248322147651005,0.0114781891495601,0.0051733057423692,0.0,0.0094794344473008,0.0233047056718553,0.0,0.0349948863889013,0.0013878791884212,-0.0332990972485,-0.0283425223983461,-0.0243391066545122,-0.0176761725194437,-0.00862081455831,0.025842482706099,0.0,0.0104482880338863,-0.0183540556542333,-0.0064400809610178,0.0,0.0054214369997129,0.0111106362975941,0.0,0.0133846139989011,0.0101732138429384,0.0005419253128386,0.0,0.0139998174432933,-0.0171280478509232,0.0115801817648784,0.0277946700053657,0.0,-0.0119355549627085,-0.0105937861657615,0.0
2016-02-22,0.0147358362461338,0.0,-0.0307172724348664,0.049749154124373,0.0176937349492716,0.0644539263149257,0.0461219041969449,0.0555622918862452,0.0523094641828822,0.042955442752397,0.0448370489646883,0.0,0.117397684656775,0.0,0.0173702282367198,0.0384033747214263,0.0010608780806267,0.0412962717261509,0.0515833213927496,0.0354262487966625,0.0386624869383489,0.1058359506244979,-0.004136523836023,0.0,0.0110544217687076,0.0432415616736661,0.0503435474942199,0.0,0.0262269814514397,0.0,0.0,0.0086683756071235,0.0215965861781848,0.0091794344932327,0.0097563274732523,0.0216110019646365,-0.0016391508701779,0.0,0.0,0.0081308777429467,0.0338717060092852,0.0547802374077639,0.0403781760882411,0.0322200392927309,0.0056777427952312,0.0285682947613543,0.0,0.0144835269775585,0.0141481254826536,0.0,0.0317637623875808,0.0385899079800875,0.1614382374321981,0.1300647220498272,0.0099971970475567,0.1079654510556622,0.0509324213726178,0.0043800497395478,0.0,0.0207503667994131,0.0836071710827337,0.0431636594528812,0.0,0.0405049639991119,0.0115379738810703,0.0,0.0184429690069238,0.0054070733777027,-0.0064831683818339,0.0,0.0417459013626493,0.0230148809795351,0.0340530357919142,0.1107301962968119,0.0,0.0216824755822688,0.0428513586467518,0.0
2016-02-23,-0.0177516748031951,0.0,0.0054421768707482,-0.0505479360704204,-0.0385659756703078,-0.0070919252264406,-0.006606180890275,-0.0074578068392684,-0.0095575041042543,-0.0087174717168875,-0.0283373127848926,0.0,-0.0744199620604115,0.0,-0.0260015280861021,-0.0305445905032002,-0.0115350126355262,-0.0314879113178097,-0.0490530044965255,0.0108675440590071,0.0072937625754527,0.0195508586525761,-0.0041537057388193,0.0,-0.0231159364885185,0.0146115998210825,-0.0228181677259339,0.0,-0.0205777262658336,0.0,0.0014524158125914,-0.0045644541046646,-0.0339598933659348,0.0045369038397695,-0.0581123973114263,-0.0493006993006993,0.0012313815728099,0.0,0.0,-0.0099698765911963,-0.0014863070014545,-0.0268230552809671,-0.0142574199749512,-0.0077401345006978,0.0056381804668201,-0.0277748156411749,0.0,0.0400062754941952,-0.026349817533979,0.0,-0.020861671709741,0.0026870739036102,-0.0445353875782378,-0.0237721638160991,0.0345050878815911,-0.0487223906453009,-0.054374278602122,-0.0124299353249152,0.0,0.0507871321013002,-0.0387892979156271,-0.0213799312697346,0.0,-0.0069198878185587,0.0021726414306006,0.0,-0.0010298121901834,0.0263947210557888,0.0125223022533533,0.0,0.0172605610222398,-0.0048204913244533,0.0220011210762332,-0.0578281918310432,0.0,-0.0193953878503061,-0.0095985850175794,0.0
2016-02-24,-0.0043814649735093,0.0,-0.0720155780718835,-0.0499379579987357,-0.0169538027032479,0.0026784674507978,-0.0333076462025857,0.000445132916689,-0.0019273764551692,0.0024767599179504,0.0166649912318914,0.0,-0.0165536812233958,0.0,0.0071711375610719,-0.0530913978494622,-0.0243976193421576,-0.0048183657024454,-0.0322395758704685,0.0191101028062217,-0.01812734082397,0.0019111168696552,0.0,0.0,-0.0037307591964518,0.0385011021307861,0.0,0.0,0.0003396061269145,0.0,0.0,0.0043166434318153,-0.0320426062960295,-0.0006389072482924,-0.0308241240893999,-0.044501655020228,-0.0020497785618008,0.0,0.0,-0.0184523575831336,-0.0074742676167854,0.0056843709100853,-0.008435888723093,-0.0236572890025575,-0.019163867114595,-0.0045729520852492,0.0,0.000452556946749,-0.0023757525675834,0.0,0.0334689480175212,-0.0113804061456002,-0.0070546737213403,-0.0102065418307482,-0.0190467674148261,0.124971545640792,-0.0374858453800791,-0.0017713245016591,0.0,0.0048202188639916,0.0062698428545757,-0.0063364129941818,0.0,-0.0548853485587991,-0.0032518969398815,0.0,-0.0183373228731674,-0.0333342394628465,-0.0279817262196117,0.0,-0.0545450684335149,0.0061343370524713,-0.0215274921157273,-0.0541273114274311,0.0,-0.0265751145378063,-0.091035804512588,0.0
2016-02-25,-0.0258554426509219,0.0,0.0329693779563964,0.0105224248398225,-0.0201109797741002,-0.0071622144792877,0.0038382049010923,0.001325905887378,-0.0028966476131623,0.0085438457101187,0.0,0.0,-0.0745431227957678,0.0,0.0011897461057277,0.0508078320043416,-0.0097776775902391,0.0296450525480864,0.026650873556411,0.0167863302715494,0.0273115654562099,-0.001907471468753,0.0016646715546908,0.0,-0.0024877576138476,0.0393377670864583,0.0210349313112725,0.0,0.0230363780177935,0.0,0.0,0.0187811486102285,0.0435808970401307,0.0297612486497211,-0.0477578360689266,-0.1085450346420322,0.0152057412098618,0.0,0.0,0.028638854445822,0.0075305529850984,-0.0234830238520704,0.0008045771500089,-0.0161100196463653,-0.0038132787346916,0.0189437282274265,0.0,-0.0146260554885404,-0.0007987338589199,0.0,0.0068720509162734,0.0126378255613759,-0.0071047957371225,0.0041409548554725,0.0048313582497721,-0.0605018211250505,0.0034530175706646,-0.0188068579426172,0.0,0.0,0.0378807421371167,0.0092196546867664,0.0,0.0207541654486991,0.0065250125481011,0.0,0.0184662756859219,0.0054203780907051,0.0171716323961395,0.0,-0.0160261449652971,0.0013004422394327,0.0109304932735425,-0.0589124663771735,0.0,0.0155522118567561,0.0099434540923901,0.0
2016-02-26,-0.004517549944506,0.0,0.0338107698664096,-0.0329212085741458,0.0123142392815855,0.0090076038214077,0.0060882352941176,-0.0083892468340368,0.0029050625556803,0.0,-0.0532734204194635,0.0,0.0181881170968298,0.0,-0.0146213875310864,-0.0483512117600316,0.0384155711114904,-0.0428984111699566,-0.0259590423997693,0.0003944850983255,0.0050497549383634,-0.0421741383778181,0.0690530875954662,0.0,0.0212905596975743,0.0468345813478556,0.0160027344478279,0.0,-0.0162262575948327,0.0,0.0,0.0023638721539143,0.0147033234731164,-0.0006208387745927,-0.0278687644310798,0.0,0.002832513825365,0.0,0.0,-0.0214644009798964,-0.0089627870150436,0.0026653406265539,0.0,-0.0328807241746538,0.0110022768600723,-0.0219687895122112,0.0,0.0148431522570773,-0.0167572128550915,0.0,0.0038961923574689,0.0144968166690782,-0.0129312547917198,-0.0041238780625858,-0.0290302095618253,-0.037691147964678,-0.0202661550642547,0.0101504094550364,0.0,0.0095941916245299,-0.0244723156928724,-0.0056208086211574,0.0,0.0054091892579866,-0.0113447473404254,0.0,0.00844969504203,0.0279277263446424,0.0130532360803985,0.0,-0.0045540147235061,-0.0008139446962385,-0.0325755475464375,-0.001830749112647,0.0,0.0065665485320089,-0.0264999644136556,0.0
2016-02-29,0.0005661675681796,0.0,0.0717378272164124,0.0179035227072144,0.031867531693754,0.0374864739526974,0.0257549624345894,0.0351493533845368,0.0319146197023532,0.0220366053699385,0.0225015086106854,0.0,0.0280707723715549,0.0,0.0224533310125756,0.028013192501983,0.0539159267784721,0.0251689387460805,0.0319810482676932,0.0272481712967525,0.0528545391852617,0.0400067636117686,0.0264624198703951,0.0,0.0061434850782715,0.0106645857718818,0.0180138850659081,0.0,0.0164938917307979,0.0,0.0,0.0060431371906781,0.0213324187601817,0.0251488796538279,0.0114891736632787,0.0522452504317789,0.0173628093514623,0.0,0.0,0.0141068944963242,0.0255656397801355,0.0088873018706978,0.0283459877921692,-0.0169304886441845,0.0175103157449252,0.0368615777163512,0.0,0.0369420989143545,0.0251577061471521,0.0,0.0291216023666389,0.0331880298451581,0.0667978458989229,0.0554563169860344,0.0249462767448378,0.0335720680393911,0.0405004273836351,0.0270059004488374,0.0,0.0238217542057275,0.0118963624960801,0.0565388013930037,0.0,0.0152541300082282,0.0054642511874236,0.0,-0.0036825550866916,0.0486170632491191,0.0128850445519557,0.0,0.0307512383048982,0.0211219329795946,0.0113196733056311,0.0736450067375353,0.0,0.0543446261819808,0.0264414875469123,0.0
2016-03-01,0.0345863221672817,0.0,0.0762896208825356,0.0035177248742785,0.0331288343558282,0.0490575877225656,0.0576265389876879,0.0249257595040821,0.0281205164992826,0.0547272612083711,-0.0067641951629194,0.0,0.0769485354956149,0.0,0.0,0.0460120207927223,0.0180579570717247,0.0269554123458404,0.0142037302725968,0.0242989577935166,0.0196968279217741,0.0384677917601534,0.0197222883980532,0.0,0.0231720402636554,0.0041178741474714,0.0376134110436821,0.0,-0.0165581038918385,0.0,0.0,-0.007569591404851,0.000755553316879,-0.0110330992978935,0.0198230668414154,0.0330324169060318,0.0226191048507282,0.0,0.0,-0.0064263322884012,0.0433441356101209,0.0442810232613013,0.0470799432492687,0.0690282833940072,0.016741063139209,0.0288904018571229,0.0,0.0558383015849934,0.0245403277918112,0.0,0.0132125479647138,0.0174371451743713,0.0299000097077952,0.0330794676513577,0.0388331814038285,-0.010827197921178,0.0330092156950605,0.0108767708512362,0.0,0.116274694261524,0.0386976816253801,0.0461460882826818,0.0,0.0132793017456358,0.0054345554115631,0.0,0.0237859180407709,-0.0281797953980785,0.0100675458346735,0.0,0.0412689937484702,0.0182961119127438,0.011051289317087,0.0846653999686231,0.0,0.0180597748391708,0.0045585127852036,0.0
2016-03-02,-0.0060330682822162,0.0,0.013396852894471,0.0333506134439258,0.0086938971946657,0.0295423072826048,0.0314201023982754,0.0279941207278133,0.0218422745088522,0.0216240026429337,0.0196080671884819,0.0,0.0689920098340504,0.0,-0.0019576967272417,-0.0048918740536553,-0.0206875415027838,-0.0233173000350396,0.0183901541943698,0.0083947008450915,-0.0339527414544619,0.0463113727454909,0.0446057571964957,0.0,-0.0369547304551923,0.0126874279123414,0.027737564421796,0.0,-0.0202007903598363,0.0,0.076931506849315,0.0013122283277289,-0.0261056304945976,0.057682555780933,0.0416599732262383,0.0,0.0287121265543097,0.0,0.0,-0.0042987852973654,0.0155004031896783,0.0126720518179592,0.0233249453861681,0.0079895219384413,-0.023784999963475,0.0324002838213839,0.0,0.0629389891199561,0.0077261585654286,0.0,-0.0307265841564831,0.0083698684734954,0.070034876048638,0.0640405093454465,0.0653738153738154,0.0271453590192645,0.0319544251818222,0.0098853589818321,0.0,-0.0291589415135682,0.0339182158906563,0.0409245347347133,0.0,-0.0091675383006213,-0.0081077709866532,0.0,0.0372582166005486,-0.0657170129965489,-0.0498678470209852,0.0,0.0091552004102215,0.0115629949912239,0.0329316143497757,0.1100861403959885,0.0,-0.0078439546696214,0.0301812767365461,0.0
2016-03-03,0.0165413788432886,0.0,0.0489472634547993,0.1103440038222647,0.0862050390162068,0.0709087773754095,0.1315184449785769,0.0657129240073626,0.0892897433765989,0.0350125919901225,0.0259102778182469,0.0,0.0905562742561449,0.0,-0.0058967939228909,0.1473216027466739,0.0794778844147714,0.0352239000684908,0.0632032226698151,0.0184706866115396,0.0702920921396341,0.1504414185246145,0.0156554522508705,0.0,0.0532033498405455,0.0372057706909643,0.0767410412440838,0.0,-0.139861604717795,0.0,0.0,0.0310099107215988,0.1079623759647188,0.0263893883095609,0.0773145530252401,0.1521350546176763,-0.0139553747900694,0.0,0.0,0.010377470590565,0.0818481265807893,0.0416496225502955,0.0988880331833597,0.04002079002079,-0.0393603567874166,0.0193520985366231,0.0,0.1379891163513862,0.1004665585616342,0.0,0.014406938961841,0.0439492052813053,0.1246916842847076,0.1628525439148995,0.0395354583642204,0.079923273657289,0.0202463185327372,-0.0106423915919093,0.0,0.1030092592592593,0.023102726879238,0.0841540546645585,0.0,0.022913561847988,-0.068117035546613,0.0,-0.0056017362106384,-0.1066345631733873,0.0110600931729063,0.0,-0.0166199121367702,0.0092682328146225,0.3511056844390179,0.0984451457856789,0.0,0.0327738340078285,-0.0073185280352389,0.0
2016-03-04,0.0363335054379507,0.0,-0.0222451584865687,0.0275178037393231,0.0664692379629892,0.1011883675243952,0.0987300854306165,0.0785161882291256,0.1032727193441478,0.0457196417413037,-0.0391182285920276,0.0,0.0711743772241992,0.0,-0.008695439030817,0.0085353827320027,0.0288827416256962,0.0195961059827982,0.0587927880846617,0.0135014322465287,0.0173951630796538,0.1630508298215494,0.0651640504577055,0.0,0.0928337559390461,0.0618594436310395,0.0404761904761905,0.0,-0.0783071360169072,0.0,0.0,0.0089294226063745,0.0449195366555235,0.0285719846629946,0.1609008923032877,0.1527322875366317,-0.0015294151724938,0.0,0.0,0.0102904857109256,0.0397444610574961,0.0440005712041697,0.0488491614616632,0.0308595702148923,0.0243891039672214,0.0461738926220254,0.0,0.0055789593532962,-0.0069669747301751,0.0,0.0227263702664424,0.0129132564284333,0.0954767965537497,0.0988805970149253,0.0421519689406544,0.0148016577856719,-0.0058366293122391,0.0017138064735697,0.0,0.0427597061909759,0.0827266477463024,-0.0073652738277547,0.0,-0.0159351666363138,-0.0210516845845891,0.0,-0.0485418502565453,0.0067259015187262,0.0152981735008452,0.0,0.0132084611658322,0.0198967632641595,0.0708906516718546,0.0595329098241821,0.0,-0.0118948202393951,0.0132889597633409,0.0
2016-03-07,0.0031419502591505,0.0,-0.0833101838991055,-0.0357008249926714,0.0627914701388427,-0.053373497499488,0.0005463791871558,-0.0174011267122309,-0.0282309463345223,-0.0014214448035779,-0.0042404674745912,0.0,0.0904392764857882,0.0,0.0167459974037214,-0.0127115786634297,0.0307957827506046,-0.0073540771869109,-0.0055528134254689,-0.0122774487389512,-0.0088541893836959,0.0886378886155223,-0.0105137254322883,0.0,0.0215128852045414,-0.0130989314029644,0.0185078079814922,0.0,0.0394459297873197,0.0,0.0,-0.0063149606299212,-0.0443128385215165,0.0027816148504173,0.0554482305068027,0.0421713772992373,-0.0095792887769725,0.0,0.0,-0.0129406514948683,-0.012340837189845,0.005368714415169,-0.0044663267100404,0.0447218518967398,0.0023800833409375,0.0186392075078207,0.0,-0.0007925724637681,-0.0035144352172441,0.0,-0.0148056116374177,-0.0015667374482062,-0.007006756515211,0.0208116545265346,0.0364175473276058,0.0678724231816414,0.0313160475749747,0.0036522920862958,0.0,0.0112201257861634,0.0274331672690566,-0.0068531967591619,0.0,-0.0021899386200303,0.0041814088131233,0.0,-0.0346931886052611,0.0005560851604704,-0.0204548051651239,0.0,0.0203140604747029,-0.0028492019767624,0.0735114861697141,0.0622457737806472,0.0,0.0171956095393917,0.0167411732506157,0.0
2016-03-08,-0.0062642186548751,0.0,-0.0421527925088639,0.0447527848348641,-0.0262592041604681,0.0042943648047455,0.1089851297992103,0.0126453340318097,0.0049723419832423,0.051979255444539,-0.0332119330052861,0.0,-0.1032498307379824,0.0,-0.0427470984137793,0.0200471295379256,-0.0140551499481759,0.0131050583657588,0.0441742151631716,-0.0017679114950698,0.012145748987854,-0.1360918784541737,-0.0126400931218194,0.0,0.0189428187090656,0.0,-0.0018023356294595,0.0,-0.0137612504900884,0.0,0.0,0.0119494762199083,0.0145423971600286,0.0221723213948747,-0.0262870940104369,0.0114794088104461,0.0054188635032221,0.0,0.0,0.0051497759257803,0.0349437458636665,0.035441574122889,0.0224318213932457,-0.0357308584686774,-0.0123500807913762,0.0014430937655505,0.0,-0.0115580736543908,0.0225455875437587,0.0,0.0310151857495664,-0.0023577766803142,-0.0262447348525758,0.0135736895756211,0.0117370892018779,-0.0817701693680569,0.0265611187012779,0.0134921114670858,0.0,0.0406010548313267,-0.0035653730964869,-0.0097642421616596,0.0,0.0039567233384854,-0.0600805344559348,0.0,-0.0035957998188648,-0.0887336244541485,-0.0137324178388107,0.0,0.0014890559593476,-0.0087287090828876,0.0616647742160887,-0.1450553311083787,0.0,-0.0247981422697545,0.0422629996859438,0.0
2016-03-09,-0.0209908588195464,0.0,-0.013825613768666,0.0206800515442491,-0.0292140890095711,0.0504506721629187,0.0024620745819208,-0.0049935335536714,-0.0452682808373721,0.0081187999344978,0.0308337269721303,0.0,-0.0566251415628538,0.0,-0.004503074030791,-0.0154345788134457,0.0062382311149105,0.0466877650095249,-0.0106951871657754,0.0078144969874018,-0.0220869565217389,-0.0407857499583819,0.0168374595689368,0.0,-0.0030948361684628,0.0189777622540459,0.0036359139253028,0.0,-0.0097244732576985,0.0,0.0,0.00100230216278,-0.0211479435236341,0.0184238217430634,0.0165980082390111,0.0686622215917152,0.0115426074289877,0.0,0.0,0.0119676170362548,-0.0241207315513493,-0.0261312310092797,-0.0332147093712928,-0.0222569778633302,-0.0245328089835858,0.0091358883533394,0.0,0.0684397569643471,-0.0206688638512045,0.0,0.0072880168185005,0.0076728997333248,-0.0093167701863353,0.0173618462841413,-0.0347302784222738,0.0396667988893295,0.0236557456191854,-0.0046522169603131,0.0,0.0460935258678396,-0.0035781304665881,-0.0162527879454041,0.0,-0.004372190405813,0.0183535368287814,0.0,0.0330999478032361,-0.025336748741004,0.0133660020277119,0.0,-0.0332303981201326,-0.00121456142686,0.2386672151378033,-0.0352564102564102,0.0,0.0086619333697433,-0.0467263570229435,0.0
2016-03-10,-0.0010786331823795,0.0,0.0157518206024829,0.0347186870023825,0.0138927461482509,0.0460069698655811,0.0591146964916589,0.0326389139618008,0.0298858614440593,0.0718395472304629,-0.0170922546425176,0.0,-0.0060024009603841,0.0,0.0020543706416398,0.0199612337198626,0.0230302056186353,0.0123585445685516,-0.0508108108108108,0.0141128301750061,0.0206295571758845,0.0747756235434125,0.0483381889529699,0.0,0.0766775937303259,-0.0093692870201096,0.0435468368780345,0.0,-0.0623431165382188,0.0,0.0,0.0165683620945913,0.0731711141074284,0.035129697101528,0.0959556220001573,0.1497411389884508,0.0193944909738141,0.0,0.0,0.0169082125603865,0.0370884881526525,0.034775862650521,0.0392161534337958,-0.0226405807801156,-0.0182442381436074,0.0133370849746765,0.0,0.0168454935622317,0.0407883752478346,0.0,0.0099548427084255,0.0091833258060169,0.026160620988207,0.0460978147762749,-0.0120183279501239,-0.014307516215185,0.0025365182144951,0.0258865545714936,0.0,0.0169576743760855,-0.0078841949024051,-0.0088518614944026,0.0,0.0070200395843642,0.0267233961181756,0.0,-0.0115073695947593,-0.0338261848997909,0.0,0.0,0.0021402221959325,0.0151963152371275,0.0989638682252922,-0.0344861856489763,0.0,-0.0080136014641066,-0.00794743853153,0.0
2016-03-11,-0.0220080943627956,0.0,-0.0309835133598636,0.0223954028417363,-0.0050283373877428,0.0220057114060137,0.062789867998573,0.0382084542498515,0.0355941098385454,-0.0169096768018377,-0.0217485052273337,0.0,0.040257648953301,0.0,-0.0119062020488853,0.0769153830766153,0.0077882144340077,-0.0047844808838241,0.0528980005062009,0.0003572896010863,0.0429952953476215,-0.0368396770472895,0.0265426497277676,0.0,-0.0134690997076319,0.0660899653979238,-0.053915548838088,0.0,0.0245919764383741,0.0,0.0,0.0024624476729868,0.0357054157109673,0.0102793100429035,-0.0446925368848044,-0.0419120193972982,0.012691201482712,0.0,0.0,0.005814726840855,0.0178684257082921,0.0219049481713278,0.0084253241170604,0.1162029459901801,0.0085417301615309,-0.0244488254567668,0.0,-0.0050648939537828,-0.0216189795841635,0.0,0.0,-0.0079377541887158,0.0285485689347928,0.0176066845717695,-0.02425302212423,-0.0193535900909619,0.0259367093435722,-0.006612072288875,0.0,0.0133039687176952,-0.0176954136705114,-0.0119078889764467,0.0,0.0,-0.0060529869162359,0.0,-0.0373914959242124,-0.0155622582853758,-0.0148405062446848,0.0,0.0006117192530588,-0.0002994589228504,-0.0426689230025383,-0.009293434306301,0.0,0.0216586793008963,-0.0101731946562281,0.0
2016-03-14,-0.0098778750769075,0.0,-0.0177960301163585,-0.0287380659069911,-0.0399252753015206,-0.0322978303747533,-0.024236320913058,-0.0073618061682909,-0.0063594268566545,-0.0238941355921202,0.0097816115234772,0.0,-0.0270897832817337,0.0,0.062342532749966,-0.0519488560725674,-0.0420921350066256,-0.0149323310461372,-0.0270432692307691,0.0027858635284032,0.0399699285803785,-0.0198309103537469,-0.0092403314917127,0.0,-0.0126719398287242,-0.0442497024775506,0.0183969446593943,0.0,0.0013316435236205,0.0,0.0,-0.0369380987472366,-0.0188029847798794,0.0127227345212508,0.0292349316097999,-0.0242227042660881,-0.0103169864802282,0.0,0.0,-0.0245791691069504,-0.0070020360530367,-0.0032057416267941,-0.0046378393125086,-0.0347394540942929,-0.0029901309772797,0.0062689455932372,0.0,0.0365892459433663,-0.0041503343324879,0.0,-0.0295701618155402,-0.0126785643623125,-0.0545223110105367,-0.0852883675464319,-0.0042075736325386,-0.0641405170712453,-0.0063202508272093,-0.0083259834185923,0.0,-0.0197383011754269,0.0051422301557406,0.0012073548958795,0.0,-0.0174431102785369,-0.019487515810184,0.0,0.0252490112787462,0.0619078947368421,0.0217667270357644,0.0,-0.0052017975696344,-0.0128764874846122,-0.0841540404040404,-0.0309916435367283,0.0,0.0056524944703857,-0.0088062172353535,0.0
2016-03-15,0.0144113315797986,0.0,-0.0407167745146839,-0.0760617531064824,0.0181676668783155,-0.0496815286624203,-0.2117104719966974,-0.0549343176636629,-0.0526310526210525,-0.099221159201044,-0.0140878306628596,0.0,-0.0119331742243437,0.0,0.0043065277255469,-0.0547954152107893,-0.0322936888971553,-0.0503416250110917,-0.1017912291537986,-0.0111124962156964,-0.0326104417670684,-0.1228100183262065,-0.0708062065215876,0.0,-0.071149108824808,0.0037355671270093,-0.0342908966125788,0.0,0.0395063879742829,0.0,0.0,-0.0023114937031722,-0.0485623921794134,-0.0075480094478486,-0.1004016064257028,-0.1890823761887119,-0.0074477081806392,0.0,0.0,0.0082703854348247,-0.0577865573114623,-0.0459047344757516,-0.0444474898360055,-0.028745033886422,0.0194781887358319,-0.0100555103772584,0.0,-0.0131982811540822,-0.0139178307735844,0.0,0.0046203683388612,-0.0249052127002958,-0.0660433807030665,-0.106759283996794,-0.0625195618153365,-0.0946857865879375,-0.0809273786214035,-0.0184756958032422,0.0,-0.1342081447963801,-0.0171888492432018,-0.0427153746584209,0.0,-0.0084075636818252,0.0,0.0,0.0168407893561925,0.0759733420659014,-0.016929779515298,0.0,-0.021530533034328,0.0042483850317174,-0.1567519128696491,0.0029715861223864,0.0,-0.0255854477453355,0.0,0.0
2016-03-16,-0.0005454392884114,0.0,0.0094437525944375,-0.0015229188563092,0.0140816737075033,0.024069109323801,0.0337130138779786,-0.0260338885697875,-0.0222198764975984,0.0065239457414414,0.0598252752513164,0.0,0.0623993558776168,0.0,-0.0085700826206696,0.0014510278113664,-0.0220073277674336,0.0359111720185629,0.0148535277128318,0.0070233571647246,0.0391481235469943,0.105434691774144,0.0073516173558183,0.0,0.0595720971696009,-0.0129694372392016,0.054189192619102,0.0,0.0,0.0,0.0,0.0079571782375968,0.0248557009458765,-0.013658704837458,0.0526379870129871,0.0798050563508985,-0.0026242693795476,0.0,0.0,0.007338110148491,-0.0250524136832885,-0.0281737380513165,-0.0295917391720049,-0.0222569778633302,0.0421396884510965,0.012307758245055,0.0,0.03369621565578,-0.0012261935820506,0.0,0.0670854690972624,-0.0046610657152721,0.0774405381596861,0.0937967338637315,0.0089308071112597,0.0582343349638947,0.006920509132358,-0.0021505636168129,0.0,0.0232570293717988,0.0178707602533072,0.0295395710059171,0.0,0.0107167622769968,-0.0049687067029765,0.0,-0.0026871333731428,0.0170024101142542,0.003336422613531,0.0,0.0157236515894441,0.0024173786343466,0.1089675467996402,0.0994059164006779,0.0,0.0813669472674138,0.0214804333201883,0.0
2016-03-17,0.0240628017295663,0.0,0.0560638771803572,0.1038238453276045,0.0555577597037626,0.0651870382221186,0.1437105524243767,0.1208294631931237,0.1302817661664685,0.1090697397251483,-0.0227419008796395,0.0,0.0795755968169762,0.0,0.0502933167638295,0.0926277296719217,0.0342574281748615,0.0649428743235116,0.0982517956362651,0.0553836799656646,0.0446246654148854,0.181811309343816,0.0690179023562003,0.0,0.1014029404959719,0.0934643510054844,0.085110993402995,0.0,-0.031599472386305,0.0,0.0,0.0137279457223022,0.0366963008831291,-0.0087248439494341,0.0980067085630567,0.1135401974612129,0.0150409768376928,0.0,0.0,0.0123000057209328,0.1027029969785229,0.0955133735979292,0.1092541504507611,0.0530330995447274,-0.0056456880306909,0.0541717237291483,0.0,0.0017051153460381,0.0535093905911239,0.0,0.0206830959633048,0.0486707025991295,0.0875204400178386,0.1203171998906207,0.0704831237590999,0.0768214836011447,0.1000485149048568,0.0443752951290092,0.0,0.128760406558047,0.0442508143322475,0.0872996273180368,0.0,0.0230150314975363,-0.0131079848273875,0.0,-0.0039447037069647,-0.0393891845549103,0.0498295349579296,0.0,-0.0402573170467119,0.0453652010174754,0.1040837387586612,0.0458826471078512,0.0,0.0165473429464555,0.0355399114340864,0.0
2016-03-18,-0.0165531150847332,0.0,0.0168089041762664,-0.0318198626004709,-0.030701864287862,-0.0220650481990223,-0.0159465495284325,0.0,-0.0132858316300215,-0.0006447666440722,-0.0172395863423653,0.0,0.0333450333450333,0.0,0.0033640154744711,0.0198598130841123,0.0018289351796871,0.0,-0.0004935834155971,0.0036261352853463,0.0111289582377238,-0.0012580225591163,0.0490414623272403,0.0,0.011859292643801,0.058098223615465,-0.019614369078524,0.0,0.0030885849907524,0.0,0.0,0.0135420413141722,0.030334490016497,0.0072494443856492,0.0655570771445626,0.0816972767574413,0.0222299526449267,0.0,0.0,0.00226056815613,-0.0011602073562084,-0.007072536819721,0.0027201971865389,-0.043117550829633,0.0236396445370601,-0.0181936235298841,0.0,-0.0387503754881346,0.0020951365557937,0.0,0.0219388778146045,0.0131997605771352,-0.0134299285787512,0.0024896265560163,0.0452859350850076,-0.0306623058053966,-0.0211814573430686,0.0371568354665181,0.0,-0.0301809954751131,0.0360746759829686,-0.0398612444637159,0.0,0.0013108157541763,0.0252992118322468,0.0,-0.0308516468945032,-0.0059022632358884,-0.0015837466005439,0.0,-0.0322478552293971,-0.0167249974323929,0.0,-0.0109707667583109,0.0,0.0131136483121883,0.0083991228070177,0.0
2016-03-21,0.0168317326930771,0.0,-0.0252433381203128,0.0328656428399132,0.0036191842617185,0.0064505319594536,0.0166926121124595,0.0209082837317899,0.0167365231784875,0.0019438194812069,0.0043855008053801,0.0,0.0067934782608696,0.0,0.0253536270253709,0.0259744280362836,-0.0064251505524208,-0.0077498588368153,0.0877777777777777,0.0078845179807529,0.0076780513635161,-0.0025405636208368,-0.0082872928176795,0.0,-0.0045107105784655,-0.0031601817104481,0.0250084870431142,0.0,0.0131837090592017,0.0,0.0,0.0004937128751061,-0.0141064748995846,0.028789072760704,0.0,-0.0236533957845432,0.022471046709479,0.0,0.0,0.0,0.0128265328818921,0.0014277555682467,0.0002989635928778,-0.0150201489803394,0.0041599669562908,0.01343105505369,0.0,0.0857291666666666,0.0124950514647665,0.0,-0.0107339481307925,-0.0026817362104347,-0.004849324558365,-0.007401636151149,0.035413278131007,0.0105440742302826,0.0106384310191616,0.0251282681839013,0.0,0.1176223580460038,0.0037181996086106,0.0146129032258064,0.0,0.0042926294638778,-0.0283761981588688,0.0,0.0178506275539986,0.0148390320750082,0.0264056015766451,0.0,0.0026629914270364,0.0036638277358187,0.0208973160635597,-0.0117370576781038,0.0,0.002340085966338,0.0145923493464976,0.0
2016-03-22,0.0005329135614202,0.0,0.0267810371922474,-0.011073701418757,0.0270524370375617,-0.0077132234615171,-0.0144815245263526,-0.0009599031077667,-0.0103773944171522,-0.0551056294425043,0.0,0.0,-0.0067476383265856,0.0,0.0072725632684815,0.0063367531683764,0.0536067960006683,-0.0010385397846096,-0.0106684825785948,0.0257801899592944,0.0005254860746188,0.0303931850773739,-0.0155212127705163,0.0,-0.0407234671823456,0.0161482068555578,-0.0162508279973503,0.0,0.0186912536586896,0.0,0.0,0.0101469613089271,0.0174163831604297,0.0314728761340619,0.0632702827390758,0.0387383065483328,0.0081542161430934,0.0,0.0,0.0108826404029771,-0.0356741984285784,-0.0149066945474131,-0.025603559924285,0.0534341681130672,-0.0004627521264561,0.0182851760906859,0.0,0.0282068502350572,-0.0260624129420102,0.0,0.0116787810199392,0.0232496512162616,0.0224504002784544,0.0061813186813186,-0.0075687254551947,0.0626043405676126,-0.0333254900989485,-0.0020281542705731,0.0,-0.0061785088085497,-0.0131379636156395,0.0086478237370044,0.0,-0.0090335879713834,0.0317444813440124,0.0,0.0236672073412254,0.0029210726178652,-0.0051358903510825,0.0,-0.019278708384782,0.006868615709757,-0.0153685174285526,0.0184805207158484,0.0,0.0092994178095573,0.012989239936554,0.0
2016-03-23,0.0138729555213215,0.0,-0.0478285823608187,-0.0293619868540166,-0.0342399618789657,-0.0122749133206575,-0.0372505709258357,-0.0320296630662583,-0.0325553652858214,-0.0099426853987559,0.0087327043288929,0.0,-0.061141304347826,0.0,-0.1173286916029082,-0.0226386806596701,0.0,-0.0239824546412601,-0.0548353791442011,0.0019106407995297,-0.0255852340936374,-0.0663467730209177,-0.0181736563600996,0.0,-0.0235780070358512,-0.0191089012381788,-0.0281007316963685,0.0,-0.0029876489974436,0.0,-0.0222198771164577,-0.0034195862911228,-0.0024356345722503,0.017442819895046,-0.0626975763962064,-0.0837085786860639,0.000702864171499,0.0,0.0,-0.0012085603257534,-0.029832995951417,-0.053694620889282,-0.0318428646081839,0.0144756973049311,-0.0009185840577899,-0.024239741548463,0.0,0.0292992441914714,-0.0147913033659938,0.0,0.0016491373742963,-0.030604938835824,-0.0534468085106383,-0.0406630911750366,-0.0306496870278437,-0.0392772977219166,-0.0145276589202899,0.0135703593632201,0.0,-0.021801226581534,-0.019452591905898,-0.0228526398739163,0.0,-0.0104007341694708,0.0135378206948784,0.0,0.0247658233388776,-0.0043688472068503,0.0098226894712065,0.0,-0.0294924635649891,0.0108806271566459,-0.0833554729011689,-0.0848954650371576,0.0,-0.0217664821338701,-0.0484553533643673,0.0
2016-03-24,0.0,0.0,0.004587770410555,0.0,0.0,0.0026326963906579,-0.0331116814434593,-0.023489754043755,-0.0183170581332909,-0.0110926772445684,0.0,0.0,0.0777858176555716,0.0,-0.0552103280788301,0.0192974382574013,0.0280725197322975,0.0395278256048092,0.0191770845976453,-0.0158753443189412,0.0234850234850234,0.0250072307384252,-0.0154342796181609,0.0,-0.0425260601153728,-0.0422423218367955,0.0033947623666343,0.0,0.0124100798799595,0.0,0.0,-0.0066481824726949,-0.02391922090104,-0.0204687373286838,0.0257249611480341,0.0558215725806452,-0.0137015457471998,0.0,0.0,-0.018932201496705,0.0,-0.0083777996805219,-0.0105253276697603,0.0071925754060324,-0.0082895685305324,-0.0110363318753637,0.0,0.0,-0.0007131032726346,0.0,-0.0247078464106843,0.0131690605651064,0.0070490918899479,0.0038625736938402,-0.0316187931418392,-0.0815617334423549,-0.0062529249649003,-0.0057349215760255,0.0,-0.0095761583716236,-0.0428077680135148,-0.0081935483870967,0.0,0.0131684698608964,-0.0163926770035494,0.0,-0.0187341426118453,0.0131724114874127,-0.011778233575735,0.0,-0.0059480099867822,0.0007196649428791,0.0397797261068038,0.0658570012247041,0.0,0.0028790502102398,-0.0092728485657104,0.0
2016-03-28,0.0157844967630871,0.0,-0.050001666722224,0.0230525931632941,0.0363628100836843,0.0273872042464282,0.0584568360513986,0.0328689743624728,0.0487439222042138,0.0525606589268345,-0.0129856565937892,0.0,0.010070493454179,0.0,0.0116846421788066,0.0416566337587285,-0.0452272376798185,0.0370001263282007,0.0160771704180062,0.0200069560608822,-0.0021817634667468,0.0012806320678953,0.0413858125888295,0.0,0.0595509893455099,-0.0102739726027397,0.0304955234873069,0.0,-0.0063425776584337,0.0,0.0,0.0136166669236819,0.0358111927642736,0.0077823588826519,0.0351052512813898,0.0576441102756892,0.0081948640483382,0.0,0.0,0.0197149959203808,0.0393573459221199,0.034565489349305,0.0248440575860349,0.0425017277125086,-0.0023214934694089,0.0158149852119617,0.0,-0.0563865470038981,0.0121568927288018,0.0,0.0,0.021986288621417,0.0640691403878432,0.0806500607533413,0.0653023683605427,0.3276207433785891,0.0059259840665593,0.0182797913978727,0.0,0.0643426985778703,0.0273806246862804,0.026540037728485,0.0,0.0281303392726386,0.0055552917715206,0.0,0.025246809325649,-0.0664741791783534,0.0160696877260291,0.0,0.0186279579424295,0.0008606190169293,0.0164459930313587,0.0079748307229328,0.0,0.0232326421087938,0.0237469979574886,0.0
2016-03-29,0.0020766696901706,0.0,-0.026807958173971,-0.0211260627440098,0.0065776285456551,-0.0120644168407166,0.0298464928945967,0.0223051519154557,0.0174342232353281,0.02363693398106,-0.0087827589855736,0.0,0.024925224327019,0.0,0.0072774313387289,0.0072815533980583,0.0143054914628519,0.0059421486484656,0.0132442569151431,0.0050497669962816,0.0273316745834275,-0.0512898330804248,0.0324982433381979,0.0,0.0161808423614853,0.0085980916430743,0.0049359002992808,0.0,0.0233957893720908,0.0,0.0,-0.009036969420356,0.0036292193085383,-0.0014458702331465,-0.0177514792899408,0.018167456556082,0.0070633939607982,0.0,0.0,-0.0016375139560848,0.0106398996235885,0.0118767599801226,0.005982342254776,0.0135896586012596,-0.0046537906834975,-0.0151104640974834,0.0,0.0134498991257565,0.0077806315153345,0.0,0.0126668948990071,0.0205799103043733,0.0,0.0059030217849613,-0.0153248435139218,-0.0710813076278289,0.0460622138992923,-0.0166313525484725,0.0,0.0120580087990873,0.039385342789598,0.0051644382485267,0.0,0.004629354857855,0.0263953158938523,0.0,-0.0007981930268498,-0.0034022021526661,0.0229495512225317,0.0,-0.0182873028343507,0.0160471480680208,-0.0215274921157273,-0.0052654434914776,0.0,0.0012726448838713,0.0260024993970753,0.0
2016-03-30,-0.0098219035595469,0.0,-0.0363800252388677,-0.0331018565383758,0.0152537309717331,0.0077331775570947,-0.0207722249893925,0.0,0.0014240010632542,-0.0139888519865164,-0.0088487177662325,0.0,0.0194552529182878,0.0,0.0067967623174851,0.0096385542168673,0.0211442220200182,-0.0192147259075863,-0.0104106419895894,-0.0012439820349606,-0.0143847932185973,0.0067635499497302,-0.0087424256304886,0.0,0.0009424330479854,-0.0305645077450877,-0.00980108900989,0.0,-0.0024948559670782,0.0,0.0,0.0140475313190862,0.0018216421968459,0.0483093377211025,0.1085288522511098,0.0893272747423252,0.0003506926179204,0.0,0.0,-0.0059084470290017,-0.0081938719769578,-0.0014733085599226,0.0056362005107089,0.08055373882712,-0.0369562619502867,0.0176621137054169,0.0,0.0059721300597213,0.0056092746670663,0.0,0.0,0.0016506680744436,0.0065782849471387,-0.0058683806063992,0.0038725705100102,-0.1102689045298683,-0.0158755811929683,0.0078824561213552,0.0,-0.0089357591370148,0.0276425722907094,0.011431573417389,0.0,0.0142376085543804,-0.0095689377559002,0.0,-0.0182286355292679,-0.027647481312679,-0.0064747439601833,0.0,-0.0101819704021076,0.0014104971905988,0.0054652466367712,0.0298090040927694,0.0,0.0104474593897141,-0.0061756095476206,0.0
2016-03-31,-0.0172325309127067,0.0,0.0153034498241411,-0.0133799572846434,0.0021454886503649,-0.0191569823612223,-0.0246604246340497,-0.0346563119843388,-0.0352839686406855,-0.020445191096178,-0.0008855911919579,0.0,-0.0270356234096692,0.0,-0.0122392375170897,-0.0357711103534492,-0.0094899698147674,-0.0155714089724241,-0.0295733489187609,-0.011031850018602,0.0102758851781523,-0.0402632773490693,-0.0152889452212142,0.0,-0.0234209493919183,0.0526541554959785,-0.0082820846613098,0.0,-0.0062484421868687,0.0,0.0,-0.0051021180602868,-0.0265421879664559,-0.006921881621698,-0.0326344993278608,-0.0040695899888086,-0.0136775290149523,0.0,0.0,-0.0092247117277585,-0.0353995593831364,-0.0187386264898273,-0.0286407100700005,-0.0310703117118934,-0.0592523654412904,-0.0502511549091202,0.0,-0.0377874104787033,-0.0216162494564879,0.0,-0.0125084516565247,-0.0171995278852078,-0.0065352939215097,-0.0106816584680253,-0.0736589271417132,-0.086206896551724,-0.0201488106517098,-0.0043830907235323,0.0,-0.0843554544716107,-0.012955202738594,-0.0423734976055182,0.0,-0.0090866728797763,-0.0458915880904825,0.0,-0.0144901191929158,-0.0306769166233504,0.0130491054434715,0.0,-0.0344300018657877,-0.017041047468733,-0.0108710801393728,-0.0250910776975558,0.0,-0.0350492671863387,-0.0344456867635676,0.0
2016-04-01,0.0021214618504044,0.0,-0.0080339045513174,0.0346781553088988,-0.0235559660637496,0.0123547125207552,0.0,0.0212765957446807,0.0195843364614551,-0.008755230843109,0.0160865294779963,0.0,0.0603683120845592,0.0,0.0324640061457768,-0.0197719303415151,0.0304856792650152,0.0030659884328616,0.0439653095639605,0.0146551301133481,0.0037589828634605,0.013976256917183,0.0161296810265072,0.0,0.0019282529225082,0.0449266503667482,0.0183320131266266,0.0,-0.0180285758765633,0.0,0.0,-0.0107435249718477,0.000613342998132,-0.0241346609767663,0.0736207202412631,0.0288078455409133,0.0021325865690129,0.0,0.0,-0.0026872054955244,0.0,0.0118120760517257,0.0068885120813904,0.0256116605934408,0.0015498763396537,0.0197252902860378,0.0,0.025560669865831,0.021382769347978,0.0,0.0135168636154363,0.0208541043536059,-0.0093975499244839,0.0011838802860255,0.0,0.0943396226415094,0.0660856560864295,0.0143617078671083,0.0,-0.003282324240408,0.0253834424612073,0.0159246723943415,0.0,-0.0012344227604044,0.0443016406211964,0.0,-0.0004128130132716,0.0085704877934049,-0.0277460470149701,0.0,0.0143377948394243,-0.0040122014894611,-0.0110610116950824,0.0237664931853081,0.0,-0.0097866877345447,0.0221128579699818,0.0
2016-04-04,-0.0148432220295237,0.0,-0.0324330348850169,-0.0378848481119111,-0.0219316928936554,-0.0096185922384075,-0.056652244456463,-0.0254928174478347,-0.0366622332735788,-0.0261516501578789,-0.0457390750804559,0.0,-0.0553899907512074,0.0,-0.0794355355997434,-0.0605422954367823,-0.0262009210152993,-0.0259395623480375,-0.0467289719626168,-0.0781816716369792,-0.0362374710871241,-0.0358700468782797,-0.000593777214789,0.0,-0.022974219157211,-0.030320756556498,-0.0229136570730081,0.0,-0.0119564020698007,0.0,0.0,-0.0259198867831651,-0.0247694408068875,0.0190304973843189,-0.0785690680766689,-0.0360440869824248,-0.0067388196855217,0.0,0.0,-0.009525435949982,-0.0330651440436023,-0.0466471821799507,-0.0350138581903659,-0.0562379453862552,-0.0283484788621098,-0.0287725827281184,0.0,-0.036955691367456,-0.0223274779646689,0.0,-0.0108323432804529,-0.0200655533934609,-0.0883279688294087,-0.0932740516507425,-0.0418794688457608,-0.113995943204868,-0.0309945339331494,-0.0330503786911753,0.0,-0.0131725334876063,-0.0102344296710987,-0.0232242771110066,0.0,-0.0271614384085693,0.0163628735257099,0.0,-0.0853557808902869,0.0235341305523943,0.0040657947623905,0.0,-0.010515621031242,-0.0211469406900248,-0.0782218422739901,-0.0464295195115476,0.0,-0.0448194357179186,-0.0272337087953985,0.0
2016-04-05,0.0112980808965734,0.0,0.0586699431730917,0.0,0.0,0.0129680570369954,-0.0160936956121132,0.0003295180965958,0.0056526001960901,-0.0003553281455423,0.0,0.0,0.0179503916449086,0.0,0.0305610524262103,-0.0335338538333547,0.010410479957865,0.0052205169167569,-0.0104091019123699,0.0037422400979276,-0.0187809523809524,0.0858511333123686,0.0176522623149946,0.0,-0.0039190741956663,-0.0378041423687915,-0.003343644800291,0.0,-0.0064851132109109,0.0,0.0,-0.0002526728045101,0.0101708473801496,0.0377952255316442,0.0108490988971576,-0.0082406262875979,-0.0053616256925207,0.0,0.0,-0.0016858560508822,-0.0050461670603393,0.0038797284190106,0.0019753984124097,-0.0197913305367322,-0.0265240079970179,-0.0058334882257904,0.0,-0.0201289043133365,0.0078455806619788,0.0,-0.0075832509066929,-0.0031635773339876,0.0229299836479857,0.0329681794470526,0.0218960144333277,0.0,-0.0209661920153751,-0.0183606340964346,0.0,-0.0301240135287484,0.0453527765503019,0.0107021437082543,0.0,0.0094376720408966,-0.0345839831208146,0.0,0.0079256811282326,-0.0402354892507905,-0.0076059677593188,0.0,-0.0036579730978539,0.0152857418980736,-0.0302960043280007,0.0338103059491663,0.0,-0.0033307230488123,-0.0050169096732289,0.0
2016-04-06,-0.0111718603149697,0.0,-0.0306833019004787,-0.0666652453843856,-0.017485316817288,-0.0422578142318775,-0.0092606080785799,-0.0287325799490424,-0.0306907151881734,-0.0163953364376354,-0.0073750138976393,0.0,-0.016030779095864,0.0,0.0100336709442738,-0.0583366441530923,0.0017190515271832,-0.0425972699151459,-0.0390166340508806,-0.012892210665691,-0.0338160500058236,0.0079085724469791,-0.0028931731492772,0.0,-0.0314553507055308,-0.0290491118077323,-0.0420156560239176,0.0,-0.0291424597922883,0.0,0.0,-0.0169807446253968,-0.032057808699587,-0.015284244057829,-0.0414227425935781,-0.0251350228500207,-0.0032310529207304,0.0,0.0,-0.0123774251117805,-0.0267346498327398,-0.0162525879917183,-0.0286412346694403,-0.0271041369472182,-0.0245228999329928,-0.0317547063984007,0.0,-0.0285367334547662,-0.0701110269997477,0.0,0.0144280968201233,-0.0270779997879205,-0.0091553133514985,-0.0319159680840318,-0.0512799935799695,-0.008470695970696,0.0174253336562608,-0.0049757934373318,0.0,-0.0103222206723393,-0.0015922445011201,-0.0176516396988837,0.0,-0.0227742650804591,0.0006176358798937,0.0,-0.0337028317622501,0.0106538541884269,-0.0035838957412148,0.0,0.0077163873394567,0.0102763631748448,-0.0938072846098668,-0.0143932355832021,0.0,-0.0058456252095205,0.0100844119302194,0.0
2016-04-07,-0.0005372167214902,0.0,0.0510364439122952,0.0048653463989585,0.0059321647186134,0.012701443740416,0.0308141488825408,0.0123825937692505,0.0084877968676233,0.0340509725622701,-0.0250647152528872,0.0,-0.0195503421309872,0.0,0.0917020336577725,-0.0103368258209689,-0.0077169207603989,0.0108489447474506,0.0217640320733103,0.0175259005630175,-0.0040986900265208,-0.0078465176933447,0.0376813479929738,0.0,-0.0050831596409885,-0.0229229444683598,0.0,0.0,0.0174761678118748,0.0,0.0,0.0141888417534385,0.0064865812502739,0.0182587327755139,-0.0191850960797015,-0.0515661623694865,0.0010805088214267,0.0,0.0,-0.0093459759841449,0.0143858968317764,0.0224139745343574,0.0108454737890673,-0.0277464471012859,-0.0223471162852937,0.0287634608243594,0.0,-0.0091666666666665,0.0015196124988128,0.0,0.0,0.0119033717137273,0.0215597844021557,0.0158059467918623,-0.0045677550329892,-0.0461787116139459,-0.00606394707828,0.053194125332252,0.0,-0.0522903453136011,0.0063932482781978,0.0029948031357351,0.0,0.0061635644414461,-0.0580219362803285,0.0,0.0174391651295606,-0.0049419369386297,0.0025691330343797,0.0,0.0273566333444121,0.0104584195380865,0.0138082673702726,-0.003975301221278,0.0,-0.0061645134776286,-0.0064181133420988,0.0
2016-04-08,0.0,0.0,-0.019437522249911,0.0242316784869975,0.0485448218208681,0.0495114564882006,0.1152521650534894,0.0431542532099051,0.0493888724926472,0.0593503180261409,-0.0238070923434348,0.0,0.0713415309626674,0.0,-0.0021522518931845,0.0581213585334661,0.0293894492546638,0.0225499970676206,0.0515695067264574,0.0172413793103447,0.0363137508069721,0.0869497415790412,0.0363130242880966,0.0,0.0520532717672459,0.0,0.0438583952734896,0.0,-0.02289830192878,0.0,0.0175401568505475,0.0116929414560722,0.0742020234276341,0.0134561339198435,0.1109154375923771,0.1131206470456076,0.0097195344653711,0.0,0.0,0.0353829557713054,0.0592687725434473,0.0488541237820776,0.0630443083972849,0.0571925754060325,-0.0571402500228122,0.0397262548457657,0.0,0.0422624053826743,0.0418343155185259,0.0,0.0108777018807897,0.0620249269118327,0.0553461828362227,0.0727674215580547,0.0995921142080218,0.027112079399661,0.0301517672565925,0.0256333479483696,0.0,0.0367836605195321,0.0269811664726753,0.0071682620532185,0.0,0.0388577349750092,0.0111396743787488,0.0,-0.0189725542661587,-0.0654990085922009,0.0189473357250462,0.0,0.0067565886071223,0.0153154588227066,0.1428819293831871,0.0819492257684026,0.0,0.0428572943284595,-0.0021531905349332,0.0
2016-04-11,-0.0199290492768483,0.0,-0.0346354923032239,0.0126059745217275,-0.0073546680510747,-0.0125765618619845,0.0306224991321188,0.0143336522958748,0.0211610450569272,-0.015868172108636,0.0048775384776325,0.0,0.0697962982111466,0.0,0.0034473435176423,0.0563389739457425,-0.03778534110863,-0.0115568810759656,-0.0293769248993128,-0.0102990826313815,0.0254243887244978,0.0872701932733495,0.0296441492129178,0.0,-0.023286056813102,0.0613503689833681,0.0218408380309012,0.0,-0.0509228488164017,0.0,0.0103492319952838,-0.0100543435703881,-0.0006080670224984,-0.0250779919521348,0.0528788993942137,0.0163487738419618,0.0067700347679615,0.0,0.0,0.0057966621834093,0.0024506642589965,0.0102544812246501,0.0050522022271406,-0.0406013387468452,-0.0424279962836793,-0.0367919681168678,0.0,0.0210812991728868,0.0116770477094521,0.0,-0.0115937333672736,-0.0214355051361179,-0.0066659864639663,0.0157012924844421,-0.032921174652241,0.0089559274098514,0.0142797709363222,-0.0170371606122533,0.0,0.0,-0.0077287561618395,-0.0130464637216753,0.0,0.0083902954205414,-0.0187936191425721,0.0,-0.0365839196774447,-0.0070827397371,0.0010059595482325,0.0,-0.0070573113003498,-0.0125703614983411,0.0655078184302413,0.0449509418654767,0.0,-0.0327182146306745,-0.0410663310031692,0.0
2016-04-12,0.0093402745551345,0.0,0.0256487401278675,0.0607548327707887,0.0143887131721167,0.0222755217379317,0.0260074104277838,0.0285788130391237,0.0410936787722231,0.0513304001676095,0.0145615907138954,0.0,0.1130871834525419,0.0,0.0055849842309929,0.0386815841332401,0.0331523453341142,0.0228472786352558,0.032462777642177,0.0154370972743875,0.0325018035463415,0.2062432845105468,0.0193778864119769,0.0,0.0357410335358243,0.0254254877542547,0.0740161700987178,0.0,0.0009500815405034,0.0,-0.0102432225091572,0.0172596541741152,0.0312601406165495,0.00456028072779,0.0739097703930742,0.0439876874193225,0.0056681073776558,0.0,0.0,0.0127507298239006,0.0461142563046834,0.0359391947677711,0.0451951346054071,0.0211597849708338,0.0221539456662356,0.024479733577458,0.0,0.0017781290131384,0.0331872340972481,0.0,-0.0083700131110695,-0.0049303021105542,0.0892251857431436,0.0763031388443775,0.0510628096531882,0.0436813828544733,0.0202675803163192,0.0062159237965928,0.0,0.0,0.0373759753395626,0.0246267338104073,0.0,0.0416606057079684,-0.0158512421886907,0.0,0.0290286183198276,0.0249613318137413,0.0426646364674534,0.0,0.0088750031118525,0.0134395684456913,0.1117047802236945,0.1042920225155279,0.0,0.0195612642820353,0.0105245886268809,0.0
2016-04-13,0.0010867202782003,0.0,0.0499779994133178,0.0323153849332615,0.0253493981819632,0.0405059194735848,0.0104019075923558,0.0118664723471619,0.0092590058655572,0.0156556396970906,0.0191367921503238,0.0,0.0507988885029524,0.0,0.0380190856662627,0.0205330640472474,0.0270293845063511,0.0202379770532257,0.043144208037825,0.0340357663985884,0.0352296546905455,0.2033286451007969,-0.0272289212182694,0.0,0.0163098059695496,0.0148770367371722,0.0352270836799202,0.0,0.0147025006482799,0.0,0.0103492319952838,0.0104817890578832,-0.0070012586532409,-0.0199895358857564,0.0844202989259694,0.1341069050789423,0.0077477218071972,0.0,0.0,0.0030499144536189,0.0046246187149463,0.0115641262052474,0.0123104075892117,0.0689964157706093,0.0055667615883563,0.0401553583867493,0.0,-0.0186372152647668,0.0370103131259098,0.0,0.0025381010282259,0.0190749681959869,0.0423097475874643,0.0531593466742565,0.0526115715045998,-0.0167860340196954,-0.0154899433611994,-0.0056082648113009,0.0,0.1724089831217743,-0.0123104678773727,0.0017568062770796,0.0,0.0020108923334729,0.0268442517164835,0.0,0.0270235247208932,0.0333879374534624,-0.0009638272704702,0.0,-0.0457736486903308,0.0044663342408761,0.1156039730855493,0.0442935767722374,0.0,-0.0298769046784469,0.0371598895873444,0.0
2016-04-14,0.0190387120478305,0.0,0.0276235376287758,-0.0483767663424201,0.0184432485498613,0.0179612782831817,-0.0179218824817019,-0.0169732488188878,-0.0241417957663733,-0.0015461409264287,0.0046943629887863,0.0,-0.0495826791174283,0.0,0.0065825755353474,-0.0389805097451274,-0.0230269443913624,-0.0254385721037561,-0.0362606232294616,0.0003281701233919,0.0216333345174237,-0.119816625758107,-0.0321980470231322,0.0,-0.0377485276097868,-0.0244315915436776,0.0310754891326181,0.0,0.020102029007869,0.0,0.0,-0.0079106131494706,-0.0064564683514221,-0.0167072309020962,-0.1053907422371003,-0.1115397517611539,0.0202654080596003,0.0,0.0,-0.0233053989913972,-0.0207639569049949,-0.0391466221748466,-0.0290723649083043,-0.0193839061190277,-0.0086136540182303,-0.004133125887844,0.0,0.0032154340836012,-0.0020273998896328,0.0,0.0050515755263529,0.0133230156007035,-0.0304291444253446,-0.0367968067855805,-0.0192127121704586,-0.059640336899613,0.013343582229375,0.005459672631668,0.0,-0.0411659726353361,-0.0033443019273385,-0.0210662219592232,0.0,-0.0231624717785767,0.0169926097229902,0.0,-0.0141899040094729,0.0198581969103068,-0.0024118928242533,0.0,0.0202997116665157,0.000414953555657,-0.0991441208570279,-0.0700076792796204,0.0,0.0144102019128586,-0.0007156755306064,0.0
2016-04-15,0.0133403258055,0.0,0.0194725752735673,0.0314018298454097,0.0127546522153125,0.0058814543232508,0.0351222400222888,-0.0015662201676108,0.0045291616882936,0.0262386316294205,0.0028059626706751,0.0,0.0326058603599688,0.0,0.0077693329913972,0.0209360374414977,0.0227329530019015,0.0187995663832942,0.0027042915931805,0.0153205170264418,-0.0085535465924895,0.040147547030616,0.0305508957106297,0.0,0.0411805783766019,-0.0067463968107941,0.0043055582614117,0.0,0.0219983834449639,0.0,0.0,0.0024975954826098,0.0041329452883094,0.034445313872343,0.0508645161290322,0.0837266377194638,-0.0075665639812885,0.0,0.0,0.0236526889272765,0.016503300660132,0.0054182677621108,0.0064195369403947,0.0197670691313174,0.0124178014937066,0.0036883826136571,0.0,-0.0035056089743589,0.0074288667972928,0.0,-0.0025189507105783,0.0023053758483062,0.0392223950233281,0.0578433911767244,-0.0274688857795125,0.0573710965867828,-0.0043853411084247,0.049038938034436,0.0,-0.0184059229846547,0.0115893593509956,0.0161451635947993,0.0,0.0204302916167322,0.0096396262791043,0.0,0.0039480550167865,0.0270641985775514,0.014491691820766,0.0,0.0126598319625907,0.0125005232334685,0.0500541988140024,0.0219781462796642,0.0,0.027855766007375,0.0258275329558426,0.0
2016-04-18,-0.0015849398369776,0.0,0.0063668788959632,-0.0116032464619275,0.0325123038350823,-0.0368289163945628,-0.0273193708470014,-0.0939941174610202,-0.0960758279855424,0.0030025659683656,-0.0195742873560346,0.0,-0.002526103065005,0.0,0.0312368063387409,-0.0333425017572812,0.0074056759140219,-0.0112844062386244,-0.0126641651031895,-0.0025041196807651,-0.0152907343760959,0.015093054925102,0.019058482450512,0.0,-0.0018740259996449,0.0,0.0071387002909795,0.0,-0.0013412575445737,0.0,0.0,0.0206892282933321,0.0241265219692958,0.0186946185433325,-0.0573168635347854,-0.0316174549255291,-0.0117473074732313,0.0,0.0,-0.004246638850255,-0.0081176817868739,0.0017910256820288,-0.0072930025090602,0.0,0.0061327455302473,-0.0160934475710941,0.0,0.0070358830033168,0.018077248917155,0.0,0.0243721957292866,0.0111697310351768,-0.0125707102451287,-0.0464376071166244,-0.0605028017567772,0.0057234432234432,0.0260946167948383,-0.0272981285303637,0.0,-0.018751053429968,-0.0201955612394425,0.020582763693,0.0,0.0156311168279179,-0.0324618096357227,0.0,0.0381484750416789,0.0334226070367247,-0.0142846826027297,0.0,0.0003503941934677,0.0111096912888895,-0.0143308234151081,0.0241950658003962,0.0,0.0121999694236354,-0.0209883276971745,0.0
2016-04-19,0.0105533417565684,0.0,-0.0036104670420669,0.0351977552662527,0.0279417220329836,0.0194207925996006,-0.0045312256792515,-0.0086780465668306,0.0022950752784691,0.0060024284634241,0.0275714449526671,0.0,0.0492993415498903,0.0,0.002753693089408,-0.0026557066076509,0.0171599130930031,0.0057065986972528,0.0160332541567695,0.0299629107753105,0.051677469905264,0.0991755170486305,0.012977170440501,0.0,0.0358512194157871,0.0320057630956054,0.0141762009322392,0.0,-0.0278430010420286,0.0,0.0,0.0321406913280775,0.0005686003385756,0.0375971752867902,0.0918800635631855,0.0507285483000539,0.0031462337731009,0.0,0.0,0.0268735101311083,-0.0011904171420067,-0.0032244676435846,0.0055043192055805,0.0,0.0378087847245889,-0.0018640290540912,0.0,0.0019962072063079,-0.0131501840088136,0.0,0.0106635478655705,0.0147213534262156,0.0501045739747203,0.0411246148579254,-0.0042717820585151,0.0227634873662643,-0.0138756758010998,0.0128438281427596,0.0,-0.0573281229870744,0.026471787899388,0.0046100530950943,0.0,0.0165469012417058,0.0197358433277667,0.0,0.0227186850557339,-0.0046684180630502,0.0347419628989245,0.0,-0.0003502714603819,-0.0039326469167006,0.1063331690487925,0.074015237477711,0.0,-0.0206218785242469,0.0035879036391592,0.0
2016-04-20,0.0020838175537585,0.0,-0.00365679332469,0.0056601893373193,-0.0333120075241829,0.0214482740841948,-0.006810403238416,-0.0115499464758577,-0.0007632733230885,0.0002960533807019,0.0184994606390498,0.0,0.061544650040225,0.0,-0.0109845243488425,-0.0146135801686426,0.0032040314803869,-0.0051532602114807,0.0063120981881938,-0.009183400688755,-0.0102949642724102,0.027066885337605,-0.0051220663221263,0.0,-0.0409829809967183,-0.0228360590347027,-0.0013864093895999,0.0,0.0115476411656256,0.0,0.0,-0.0012044653349,-0.0424787218928797,-0.001723382503286,0.007443813522928,0.017205957883924,0.0139423330346317,0.0,0.0,-0.0083244164747274,-0.0198887619804341,-0.0053808212158092,-0.0185452067343678,-0.0387678122380553,0.0364313593034602,-0.0238779433958363,0.0,0.0101603745392966,0.0093349168646079,0.0,-0.0600614909862381,-0.0421433124811734,-0.0016164415194549,-0.0145505363968926,-0.0172413793103448,0.0471845092365903,-0.0190945669309866,-0.0204752042929575,0.0,0.0033709912536443,-0.0090069804098175,-0.0005696563073611,0.0,-0.0062022642327068,0.0135477147536104,0.0,0.0235163718653304,0.0028088384784119,-0.0268915416967585,0.0,0.01285195845326,-0.0162069171405967,0.0960574674239891,0.0635414151171216,0.0,-0.0133965290343807,-0.0042856508415863,0.0
2016-04-22,-0.0020794842878966,0.0,-0.0172833739281305,0.0985948988287521,-0.0399977373645954,-0.0134265451884006,-0.0256616579495163,-0.0095616735066119,-0.021072250626362,0.0056612937498103,0.0136225850041999,0.0,-0.0760894278135656,0.0,-0.0043657009721035,-0.0216181437992599,-0.0472351421188631,-0.0020663203928839,0.0067371355558136,-0.004332714374137,-0.0193669803250641,-0.0190255737380238,0.0041187495661429,0.0,-0.0218446601941747,-0.0317379324420858,-0.0154238222932238,0.0,-0.0082180684477974,0.0,0.0013632970148123,0.0,-0.0467641425449837,0.0112359550561798,-0.0467010846397952,-0.0067323066565682,-0.0044709001585608,0.0,0.0,0.1023226042428675,-0.009576165986877,0.001432987698847,-0.0182809529772001,-0.0335731414868104,0.0192727239809173,-0.047137975827403,0.0,-0.0072971107385859,-0.0059539218224177,0.0,0.0189984188101244,-0.0055874501773504,0.0453914652480629,0.0284880083420231,-0.0087307470554319,0.0531349628055259,0.0228845577211393,-0.0110921323973587,0.0,-0.0437664578225733,-0.0562706336795113,-0.0080325100274435,0.0,-0.0046875425830539,0.0025460242851547,0.0,-0.0425499273537824,0.0190110349365557,0.0050205186414038,0.0,-0.0059923150104402,0.0203505684124281,0.03581771071483,-0.1116756071486012,0.0,0.0091495503381582,0.0092995249882921,0.0
2016-04-25,-0.0015708778482179,0.0,-0.0323905883950701,0.0076848143738499,-0.0057744204956573,-0.0135836893402573,-0.0221005385996408,-0.0164448600820085,-0.0230864467263857,-0.0740729561267147,-0.0009007710600273,0.0,-0.0664424575506522,0.0,-0.0151367991775578,-0.0193009568276724,0.0008461705359079,-0.0010494816411623,0.0078458520826123,-0.0319752614129048,0.0425346313548973,-0.0917992656058751,-0.0092406959327111,0.0,0.0135866249033884,0.0086424957841484,-0.0113772455089818,0.0,-0.0170376842425163,0.0,0.0,-0.0110297361687108,-0.016980090843486,-0.0235098379629629,-0.0657077557509813,-0.0682877234601372,0.001728504660696,0.0,0.0,-0.0213853172957279,-0.0108453766466299,-0.0176535845780343,-0.0088468896747637,-0.013873223550643,-0.0038988951650148,-0.0121878033058954,0.0,-0.0072514155160424,-0.0099668560606062,0.0,0.0093221041659266,0.0030815394459111,-0.0418717849438575,-0.0430691864709222,0.0309098462816783,-0.0429868819374369,-0.0821382925084718,-0.0041074682197811,0.0,-0.0563574209476781,-0.0147577435665018,-0.0040540971919258,0.0,0.0070644286848662,-0.0082535651494433,0.0,0.0071067712260595,-0.0039790923131963,-0.0139872290517353,0.0,0.0007084969919952,-0.0081414455341011,-0.1038355895624878,-0.0657010490441449,0.0,-0.0345935005524632,-0.0021211719475009,0.0
2016-04-26,0.0057555689343768,0.0,0.0172988525913191,-0.0152524167561761,0.0095416454300854,0.0029823651452283,0.0456773577631313,0.0312600567566776,0.0360497561183412,0.0044824045247835,0.0,0.0,0.0434935418680257,0.0,0.0076876052504093,-0.0028163347415006,0.0344251988987405,0.0072831040504279,-0.0016027475672582,-0.0179647620615841,0.0145592074436038,0.0106844138161001,0.0077801553705165,0.0,0.0028695268290725,0.0257053291536051,0.035970379633067,0.0,0.0178015883751039,0.0,0.0,0.0067957411372829,0.0364756517107858,-0.0240610415586339,0.0579382594591719,0.0183686459943621,-0.008617184323293,0.0,0.0,0.0216661580714068,0.0365907269012955,0.0341249447617799,0.0347207599260663,0.0281367951504061,0.0206585411521349,0.0174834615903876,0.0,0.012907744646788,0.0416198378727372,0.0,0.026029808707898,0.013740010264682,0.0340030019628219,0.0364044753348025,0.05158378334811,-0.0394348376212568,0.012736656531848,0.0007508539641916,0.0,0.0261635220125784,0.0722489757780493,0.0110365606102695,0.0,0.0054650751787703,0.0057615600531837,0.0,0.0050818905007019,0.0279824430757908,0.0162268528716389,0.0,0.0173645182526176,-0.0132681668940495,0.0300476164413552,0.0348927341951073,0.0,0.022462535699387,0.0298038173685841,0.0
2016-04-27,0.0062334386872267,0.0,0.0105201434878587,0.0141979348458405,0.0563095853097261,0.0543762120232707,0.0252822304545532,0.0236173562745571,0.0351962830093643,-0.0025557394606173,-0.0125500378664935,0.0,0.0415964971370832,0.0,0.0104332995667577,0.0084728666532176,0.0227172705744282,0.0474700493305144,0.0067652792110997,0.0646724458827276,0.0052782634513244,0.0528435725774301,0.0563832119736431,0.0,0.0267523060607879,0.0315810920945394,0.0055637282637395,0.0,0.0110447151963319,0.0,0.0,0.020471161657189,0.0413582390111797,0.0089569006087655,0.0547401226500452,0.0539333869095455,0.0208599538315115,0.0,0.0,0.0127107394132484,0.0246969016614277,0.0063940238034945,0.0341548897682306,0.0479474913783513,0.024075335884131,0.0378970491754941,0.0,0.1917415785834237,0.0057966689241153,0.0,0.0098137896326118,0.0395836949603656,0.048489754899224,0.0599877325700266,0.0530390127998772,-0.0274423710208562,0.0323178807947019,0.0315122054316814,0.0,0.0472664868840402,0.0346020297354907,0.0235652164724031,0.0,0.02052460789616,-0.0178221699960832,0.0,0.0,-0.017164236344887,0.007976648073755,0.0,-0.0117572368662018,0.0052684757505774,0.0750265674814028,0.0406556004714333,0.0,0.0041741204531904,0.0475617098133653,0.0
2016-04-28,0.0051636750136825,0.0,-0.009489026180155,-0.0127265231497247,-0.0357960608216255,0.0192505762911374,-0.0246588009658028,-0.016185355578959,-0.0205447486272057,-0.043436882305571,-0.0326990735668284,0.0,0.0412287793047696,0.0,-0.0067515519506999,0.0028005601120224,0.0087395750087089,-0.0004978605452246,-0.0061503416856492,-0.0153395489479651,0.0180815804154497,0.0007834227741001,-0.010519646504921,0.0,0.0037221810811864,-0.014517084732372,0.0151921525967329,0.0,-0.0259464077815751,0.0,0.0,0.006599991315801,0.0071082778763185,0.0444471193632356,-0.0407949292284229,-0.0205032618825722,0.0255485731946016,0.0,0.0,-0.0043093560543995,-0.0022884409387475,0.0158677737937975,-0.0068436990958883,-0.0391719745222929,-0.0373965708436407,0.0121734683731302,0.0,-0.062748673740053,0.0108874281018898,0.0,-0.0040436762340575,0.0011966299561003,0.0127000186373438,-0.0019288635136177,-0.0271489919208093,0.0395033860045146,-0.0459205493847526,0.0003688071138792,0.0,-0.0278102907439486,0.0002850774892448,0.0162810625535561,0.0,0.0060679933225575,0.0149052841475574,0.0,-0.0123006154963544,-0.0450473886388663,0.0024801445078419,0.0,0.0246837319628385,0.0079992140592706,-0.0465104784499802,0.0174855521920445,0.0,0.0155123557111305,0.0045977011494253,0.0
2016-04-29,-0.0035983712635333,0.0,0.003859540301182,0.0051562301421592,-0.0213896654082249,-0.0450159998075211,0.0165563495268359,-0.016803763592315,-0.0122062491129179,0.0016752128030477,-0.0075134978667706,0.0,-0.0139751552795031,0.0,-0.0180029653284671,-0.0446505751712215,0.0070793763648369,-0.0216744524171725,0.0181068072427228,-0.0081091455807555,0.0056085611139764,0.0138818218586507,0.0101015676749833,0.0,-0.0229103970488302,0.0082172562380999,0.0204149500249413,0.0,-0.0387827788461074,0.0,0.0,-0.0025737990136166,-0.0170692303617776,0.0629835050061227,0.0064589854424403,0.0139261309575295,0.0076343545956805,0.0,0.0,0.0161929994898546,-0.0034649358254845,-0.0083440407449262,-0.0149815620012109,0.006850071815269,-0.0327348776208282,-0.000968339508252,0.0,-0.0111435394003713,0.0253561832509201,0.0,-0.0219722730839653,0.0099368350832818,-0.0221106320328109,0.0,-0.0597785425707018,0.0297502714440824,0.0102076102409098,0.0007271014255285,0.0,0.0178666024560558,-0.0322563929839107,0.0254170137548506,0.0,-0.0041613990729034,-0.0089395353406355,0.0,-0.0057790934459612,-0.0250345053029202,-0.0340783960415861,0.0,-0.0157097730944515,-0.0091690157740058,0.0162251827276966,-0.005055653802143,0.0,0.0290735250366753,-0.0058842759071592,0.0
2016-05-02,0.0061931764184117,0.0,-0.0143146476262401,0.0205371818723696,0.0096004334919663,-0.0023178474251738,-0.0253367875647668,-0.0142329126255317,-0.0196953835416793,-0.0163335993344313,-0.0208090286583819,0.0,0.0035433070866142,0.0,-0.0077350568805423,0.0315294936488603,0.0156224786186864,-0.0032199914683987,-0.0081044574515983,-0.0125614770620011,-0.0027886402974549,-0.0182599631969733,-0.0042078802120333,0.0,-0.0223944361649278,-0.0081502832720405,-0.0013398030127462,0.0,-0.0179901926374584,0.0,0.0,-0.0028255103217621,-0.0114783030433669,0.0276200414707197,-0.0281631041121588,-0.0308821020303702,0.018791745588675,0.0,0.0,-0.0070768084727371,-0.1108472086190008,-0.0334384464079428,-0.0275468240132313,0.0,-0.0114427587217824,0.0144478626715551,0.0,0.0896163133887844,-0.0166916233594645,0.0,-0.0066630231287138,0.0035640812170167,0.0,-0.0058750773036487,0.0338983050847456,-0.0366933783213834,-0.0018002941325624,-0.0036328656658378,0.0,0.0,0.0307614050117799,-0.0161680206063007,0.0,-0.0083311293308648,0.0173960450017345,0.0,0.0192302221716496,-0.0055974145719048,0.0081872557147932,0.0,0.0329866852852189,-0.0102185970142478,-0.0039787798408488,0.0091380536154908,0.0,-0.0086231819042777,0.0059191055573826,0.0
2016-05-03,0.0041007477371113,0.0,-0.0270947969631538,0.0062831858407079,0.0098883405089431,-0.0227525252525252,-0.0514946928215761,-0.0246768251476904,-0.0209286499502697,-0.0379563303702424,-0.0048304173843225,0.0,-0.0599450765005884,0.0,-0.0229881021355292,-0.0581289430181168,-0.0346173324991806,0.0,-0.0347253744893326,-0.0085897184662616,-0.0023464369515604,-0.0527185025952917,-0.0253649434749205,0.0,-0.0069718281230943,-0.0294618699268464,-0.0013416004931288,0.0,0.0024763344123683,0.0,0.0,-0.0004626149308969,-0.0360477001703577,-0.0307814045499504,-0.0645620094988951,-0.0674295774647887,-0.0087773374431234,0.0,0.0,-0.0066053429885506,-0.0545534657009886,-0.0452871632534401,-0.0575851250876247,-0.0406013387468452,-0.0070155602717254,-0.0033233862536435,0.0,-0.0117376672412378,-0.0006270434899448,0.0,-0.0159088780670538,-0.0160568227784747,-0.0339024062373974,-0.0383359253499223,-0.0573385669206494,-0.0328371278458843,0.0032514542637234,-0.0153239390329075,0.0,-0.0386071158213474,-0.0002857068647567,-0.0142385306319731,0.0,0.0026670222696361,-0.0184625876851129,0.0,-0.0057030152483555,0.0049639411819799,0.0111458654566281,0.0,-0.0127116634255085,-0.003906414240447,-0.0763085117279523,-0.0608901966472574,0.0,-0.0147718359712807,-0.0039228506047727,0.0
2016-05-04,0.0005095201887577,0.0,-0.0009664948453608,0.025010992876616,-0.0044885014643952,-0.0012145016667096,0.0215218487865938,0.0348300961832175,0.0426771889302366,0.0010585617913019,-0.0009759779298856,0.0,-0.0375594691595024,0.0,0.0252062081069588,-0.0237481194928003,-0.0135472920845548,-0.0117481397628284,-0.005525511403715,0.0131609290067533,0.0051549713254719,-0.0368202573682027,-0.0103041700920055,0.0,0.0040118718657249,0.013526071244192,0.0254157287052501,0.0,-0.0069115152873346,0.0,0.0,0.0084900202487705,0.0140251661246995,-0.021703337823679,0.0352149004914339,0.0418161223333963,0.0072311398053268,0.0,0.0,0.0084388185654007,0.0164860771292087,0.0242928677764244,0.0245707735830651,0.0281367951504061,0.0182367983872473,0.0109551166716452,0.0,-0.0707641196013288,0.0056581365123469,0.0,0.0246832807946233,0.0135734940598544,0.0109088885178383,0.0143122826877981,0.0129817112998038,0.0565866908103214,-0.0079377136346373,0.0018566421895862,0.0,-0.0072834645669291,0.0144063393089113,0.0238931905939077,0.0,0.0026865274637584,0.0,0.0,0.0456612459531784,-0.018443616029823,-0.0085250377599628,0.0,0.0010449195291855,0.0113469353297595,0.0564981148813483,-0.0675301464017387,0.0,0.0002755748798186,-0.0118354118805383,0.0
2016-05-05,-0.0234730013475821,0.0,0.0,-0.046347615697445,-0.0098356660399693,-0.0107368312118389,-0.0172461091095302,-0.0239888263329924,-0.0250956341595988,-0.0193565731696389,-0.023316095921637,0.0,-0.0338218714768883,0.0,-0.0184398572021199,-0.0194459732159236,-0.0500740369976433,0.0025843041935573,-0.0056744296016078,-0.0098197011819409,0.0092954676581831,-0.0637273915729288,-0.0186382049064676,0.0,0.0,-0.0183374083129584,0.0026025069046102,0.0,-0.0094521545578566,0.0,0.0,-0.0072568732341846,-0.0079055241069686,-0.009040836764215,-0.0462652119177507,-0.0291745945456193,-0.0048955949446488,0.0,0.0,0.0030281816257753,-0.010802911341624,-0.0237167206183523,-0.014912583459291,-0.0273667816219824,0.0069385884509622,-0.0207245341102741,0.0,-0.1107436539149088,0.0043784885858484,0.0,-0.0166124912932436,-0.0296639007857668,-0.0246930573143203,-0.0110809948979592,-0.0042717820585151,-0.0242073693230504,-0.0570422265610044,-0.0073919833420093,0.0,-0.0073369026373188,-0.0168141479593797,-0.0141071303862002,0.0,0.0003713921901526,0.0329048588019256,0.0,0.0225763731052133,-0.0053740469611948,-0.0010107076418286,0.0,0.0138937214296854,-0.0047086767138672,-0.028811335607452,-0.0425224798864175,0.0,-0.0174890820782825,0.0053139595225739,0.0
2016-05-06,-0.0156691270860076,0.0,-0.0119674656920707,0.0140708219375269,0.0045535259058704,-0.0042367340534037,0.0082812267381271,0.0040349350132038,0.0047443719755944,-0.0100429498309421,-0.0099625238393726,0.0,0.0417377255183555,0.0,-0.0346557933271821,0.0231618334892422,0.002546763853517,0.0077329283415306,0.0215194388301034,0.0111977670142024,0.0599275914634145,0.0108940819050835,0.0228996127356633,0.0,0.0109885629243031,-0.022104607721046,-0.0078049125037523,0.0,-0.0386509198038719,0.0,0.0,0.0141431068606345,-0.0225844986297519,0.0016702692080958,0.0485095149048508,0.0225851609892673,-0.0114743280377421,0.0,0.0,0.0244769433037381,0.0040844703224125,0.0018947083502502,0.0003382868188956,0.0,0.003440836724105,-0.0115499045694397,0.0,0.1929842195195497,-0.0211758180809762,0.0,-0.0033762646235938,-0.0174639385609431,0.0229473030568179,0.0274889157597741,-0.0085802169337866,0.0109769484083424,0.0038569282611342,0.0046570169918187,0.0,-0.0074410707151418,0.0238876732312181,0.0049484410892641,0.0,0.0064704322460886,0.0012973284643473,0.0,0.0047428616432003,0.0229487852608467,-0.0308797653958944,0.0,-0.0068516655819181,-0.0033394964069917,-0.0126985842429482,0.0131972419247214,0.0,0.0172292034479177,-0.0085895397575932,0.0
2016-05-09,0.0026490174183082,0.0,-0.0060199456029012,-0.0290109656126903,0.0527378160476974,0.0024162836506893,-0.0212620660379099,0.0127834960657688,0.0063134089267204,0.0021785084601821,-0.0200986071072554,0.0,-0.0878855764259866,0.0,-0.0666078817065727,-0.0291105909888824,0.0135664856341977,-0.0158587506567485,-0.0272346368715084,-0.0170815269456215,0.0173782771535582,-0.1005418696780656,-0.0016435995964679,0.0,-0.0148215366001208,0.0139021543033004,-0.0170318033778853,0.0,0.0146224027058177,0.0,0.0,0.0220655270655272,0.0074768505205038,-0.0066278988299586,-0.0612410826689048,-0.0441726750022816,0.0003287966044276,0.0,0.0,-0.0017269515344519,0.013617217702383,0.0090841550722682,0.0062441121766225,-0.0069770101795721,-0.0102961854220529,-0.0019451109565118,0.0,0.0308366332462717,0.0095420496141249,0.0,-0.0271253094535848,0.0088835690026896,-0.0665250262126814,-0.0595088655264396,-0.0130633572828217,-0.0243213897937025,-0.0211113807328318,0.0087070909546478,0.0,0.0485534591194969,0.0008650298944155,0.0087606235147219,0.0,-0.0188912894556567,-0.0201545179711117,0.0,-0.0143704439160765,-0.0085760412097909,0.0031319030471752,0.0,0.0096632747896956,0.0009753709278264,-0.0901428493240653,-0.0977388589408981,0.0,-0.0066667347292979,0.0099968759762574,0.0
2016-05-10,0.0105924625239814,0.0,0.0455689736947719,0.0285803044423735,0.0469704190541633,0.0581130295805276,0.0592505987289972,0.0306703517515034,0.0430842541149052,0.0329105529304485,0.0194935525556074,0.0,0.0722652559984886,0.0,-0.0176123563958751,0.0615865601928582,0.0435144273877299,0.0265106281347027,0.024048815506102,0.0157594779879408,0.0410248858783683,0.0449045714575,0.0448362777601163,0.0,0.033097942892232,0.0513920870839437,0.0413347334878331,0.0,0.01183720917888,0.0,0.0,0.0136308519979373,0.0485528343894503,0.0420780906167128,0.0463777833654626,0.0308412107323594,0.0268578372294545,0.0,0.0,0.0129983494159471,0.0469915181875106,0.0266557344131721,0.0627618075976714,-0.0071412117023726,0.0265719523373051,0.0365668032320471,0.0,-0.0013894564773191,0.0208008261957948,0.0,0.0714329197764602,0.0396526462495085,0.0646448523543494,0.0769968717413973,0.0308570483123757,0.0498553305141331,0.014501735250372,0.0106605394439958,0.0,0.0498080614203455,0.0402780955286101,0.0309449180458782,0.0,0.0323334318017025,0.0,0.0,0.0072899822389522,0.0262801204819276,0.0156257070029108,0.0,0.03006950918725,0.0149258294038074,0.0990736284889315,0.0420113544201135,0.0,0.0067114783752673,0.0297556449118465,0.0
2016-05-11,-0.0120500341873466,0.0,-0.0174122409100425,0.0075683550375751,-0.01159159477055,0.0057199455243284,-0.0452190632176745,-0.002456345324146,0.0097650989975563,-0.0133047975744605,0.0543284789644011,0.0,0.0237864505329925,0.0,-0.0283043609831545,0.0031224497037223,-0.0376831098918162,-0.0025319574083705,0.0200958055847646,0.0199547886613866,0.0484327260382482,-0.0496608527131783,0.0041836457484378,0.0,0.0485417657314946,0.0569437531110006,0.0,0.0,-0.0244151947077679,0.0,0.0,0.0047162676860037,0.0289369810807131,-0.0003925549915397,0.015245774704296,0.0186180066691368,0.0161452245733326,0.0,0.0,0.0,-0.0064156585564768,0.0142612664004562,-0.006143838091796,-0.0142691415313225,-0.0185626657380868,0.0018870125503489,0.0,0.008512031429039,0.0222244215712148,0.0,-0.008125,0.0008455758509036,0.0046643344994168,0.0039115448665814,0.0042532702030335,-0.0078439686241255,0.022425846738614,0.0109065213829264,0.0,0.0304872474632049,-0.0008186005595804,0.0005325432328278,0.0,0.0044483754324808,0.0264949311915372,0.0,0.0215099040300366,0.0090799031476997,0.0061481800496012,0.0,-0.0341639456951365,0.0004103915662652,0.0214547643807125,0.0044105437941053,0.0,0.01389498616627,-0.0057871760983619,0.0
2016-05-12,0.0169683350024834,0.0,0.0256401150609042,0.0025038350995363,0.0264753132697868,0.0284370691353161,-0.0283231713001809,0.0238619366127621,0.0215639014560324,0.0024763213072085,-0.0076353451252734,0.0,-0.0451768350400137,0.0,0.0208794707119921,0.062502210745994,0.0233338712280133,0.0152303069387083,0.0339021876073759,0.0397665667453281,-0.0036427415002698,-0.0321522644234855,0.0427334704036359,0.0,0.0333320736177771,-0.0046152397098992,0.0217508476049725,0.0,-0.016685935525502,0.0,0.0,0.0142739838511016,0.0468807873432457,0.0036020908376892,-0.0382127077635178,-0.0182777121033008,0.0019091256204657,0.0,0.0,0.0419571654628918,0.0116008645927383,0.0054153945042585,0.0098977272727271,0.0362480875603152,-0.0252365356622998,0.0422511095282451,0.0,-0.0226424281772439,0.0205256193723979,0.0,0.0262244371885203,0.0193081752366299,-0.0155032332946443,-0.0448653653267494,0.0425922966277767,0.0106837606837606,0.0355298272634332,0.0350713685127592,0.0,0.0559325792858724,0.0174370261677672,0.0052645331113971,0.0,0.028566248834559,-0.009017175572519,0.0,0.018223039005204,-0.0334114995182781,0.0147894496022198,0.0,0.056308790908983,-0.0006849598621048,-0.0251835181910733,-0.0313581650049077,0.0,-0.0104118417077836,0.013555157203569,0.0
2016-05-13,-0.0218973426954147,0.0,-0.004812852740556,-0.0012487907835723,-0.0022119738736668,-0.0187929424720499,-0.0271338655204175,-0.0407817302258912,-0.0403995474631829,-0.0088440525774868,-0.0192287864728322,0.0,-0.0567772170151404,0.0,-0.0271094750971101,-0.0808642386310674,-0.0425129304907277,-0.0120014596369828,-0.0666888224216238,0.0235853396718295,-0.0047664184157074,-0.127736905869752,-0.0055002646353738,0.0,0.0080642211900667,0.0046366389099168,0.015042711772113,0.0,-0.0106036245912217,0.0,0.0,-0.0209005167784328,-0.0065706343189284,-0.0035891623488774,-0.0638210604030514,-0.0671545016672839,-0.0003191692073172,0.0,0.0,0.0134726712277273,-0.0229627025126443,-0.0365847811146451,-0.0376950861360849,0.0069278818852924,0.0053011778321168,0.0031542217286448,0.0,-0.0252428796811425,-0.0177515416644705,0.0,-0.0303547904525867,-0.0016644541331698,-0.0463999999999998,-0.0337251100609881,-0.0041388825017245,-0.097674418604651,-0.0138730398881951,0.0034744311230732,0.0,-0.0249096866336216,-0.0073432204408337,-0.0476428853355411,0.0,-0.0302908221075159,-0.0234461508834433,0.0,-0.0149112745428783,-0.0345664152859535,-0.0301368667549052,0.0,-0.0403032004491858,-0.0240578170958132,-0.056065519705381,-0.0492266666666666,0.0,-0.0143982254059994,-0.0222765390882715,0.0
2016-05-16,0.0005320629307663,0.0,-0.0222322733282305,-0.061320090166244,-0.0047997490327305,-0.0107109744790904,-0.0154838455165884,-0.0132187706543291,-0.0174528159292213,-0.0360738941796053,-0.0098028909329829,0.0,-0.0042996369195489,0.0,-0.0175941023175438,-0.0176029555579702,-0.0060166886253842,-0.0126533794782702,-0.0214836795252225,0.0177233774794749,0.011156766170508,-0.0095213172833046,0.0190965156685345,0.0,-0.0115551363215846,0.0031082226617686,-0.0086336965632858,0.0,0.0048197299403613,0.0,0.0,0.0177498484096796,-0.0276392775375222,0.0171979524957344,-0.0666530361889184,-0.0760599741832986,-0.0088824081619037,0.0,0.0,-0.0061571786768742,-0.0052042963127006,0.0100534191579018,-0.0152827960383998,-0.0972253552898715,0.0204801604248288,-0.0008974367372606,0.0,0.013459408808246,-0.0030156362348547,0.0,-0.00906107880951,-0.0098211272359095,0.0346461792064052,0.0306804882126736,-0.0409451242976987,0.0030459231490158,-0.0270182418639726,0.0060665171169413,0.0,0.0031878688665833,-0.0342756825473695,-0.0022036228368105,0.0,-0.0051931865392604,0.0420035495957404,0.0,-0.0080736301369863,0.0306418622771988,-0.0067335522862584,0.0,0.0010180082142732,0.0077487371642244,-0.0045420136260408,0.0170247377573344,0.0,0.0112325910325106,-0.0163004816975264,0.0
2016-05-17,-0.0111919234891313,0.0,0.0069031775966978,-0.0666766725451202,-0.0092727826753946,-0.0484376156065801,-0.0482639793240238,-0.0286045021695448,-0.0324386967089542,-0.030752535975466,-0.01089524112854,0.0,0.0388638326456194,0.0,-0.0268602515089829,-0.0325922648674557,-0.0406154729819291,-0.0235805924242844,-0.0151625424551189,0.0322091534056616,0.001560860087731,-0.0084137790874909,-0.0054270471743516,0.0,-0.0260781794824738,-0.032300469483568,-0.0174346833516531,0.0,-0.0037294755081274,0.0,0.0,-0.0152331690407842,-0.0333826049419859,0.002356355503488,-0.0259740259740259,-0.0519075765717356,-0.0176067003543456,0.0,0.0,0.0115845101961604,-0.031500445235975,-0.0169502660797582,-0.0213503692972665,-0.0384807596201899,0.0085971615720521,-0.0179779701022817,0.0,0.0037824661679415,-0.0132831001076424,0.0,-0.0219477622345123,-0.025208766488292,-0.011180972431648,-0.0256306269770461,0.0384399325896798,-0.005839757066106,-0.0076169604318949,-0.0139502869551729,0.0,-0.0222871129814917,-0.0513765608545208,-0.0159760915814001,0.0,0.0018532052620587,-0.0038323239969718,0.0,0.0174957059133242,-0.0086848869736146,0.0010417924870154,0.0,-0.0135362603450694,-0.0034961152148024,-0.0091839719216145,0.0134028294862249,0.0,-0.0211028188138724,-0.0105993925494328,0.0
2016-05-18,-0.008613057759612,0.0,0.0147365445100187,-0.0071359652649352,-0.0071164564077272,-0.0113780680610631,0.0010946446615023,0.0007494734948698,0.0043881963876875,0.0340258577047394,-0.0130143694739242,0.0,-0.0526510253094402,0.0,0.0081777233568023,-0.0706962917794122,0.0243163893846065,-0.0236250638515239,-0.0347333415445252,-0.0235456866184629,-0.021603030872988,-0.0533295074911357,0.0039740963049141,0.0,-0.0221598296557311,-0.0714147098777411,0.0038035247143053,0.0,0.0171270504701381,0.0,0.0,0.000220000825003,-0.0338859192096894,0.0239331677579588,-0.015004016064257,-0.0091815914758558,-0.0192240868803438,0.0,0.0,-0.0235530238186594,0.0,0.0071175566397112,0.015530964861192,0.0240384615384616,0.0147837459973843,-0.0128189720786764,0.0,0.0180874225422877,-0.0214365195383239,0.0,-0.0367668896042956,-0.0191332685301089,-0.0314478075727931,-0.018979438941147,-0.037017001545595,-0.0176221804511277,0.0057498350457159,-0.0207643074139981,0.0,-0.0195449754040759,-0.0035815293526815,0.003922456837532,0.0,-0.0085715030091445,-0.0076941344098788,0.0,0.0144039903634081,0.039419621152178,0.0192757273645949,0.0,-0.0144092902002608,-0.0248238124149802,-0.0601605856653677,-0.0277573679484038,0.0,-0.0045472560021693,0.0120494507789334,0.0
2016-05-19,0.0108661180751445,0.0,0.000975134080936,0.0071872532545096,-0.0154671936336688,-0.0006029781879194,-0.0236773488098243,-0.017135111250908,-0.0206526098060322,0.0243948366929978,0.0030450090398705,0.0,0.0,0.0,0.0167360689395912,-0.0235400262467192,0.0246271089280296,-0.0032262283646509,0.0043383947939263,-0.0258514926681077,0.0293027215554884,-0.0460932256597892,-0.0222222222222221,0.0,-0.0226620160715318,-0.018808777429467,-0.0164252036005142,0.0,0.0052654720739988,0.0,0.0,0.0165926618368776,0.0125786163522012,-0.0076658667877294,-0.0406093026290037,-0.0461045646951149,-0.0069760827149836,0.0,0.0,-0.0072695946558655,0.0054304102976669,-0.0152460267427585,-0.0084591856241637,0.0,0.0011199601791935,-0.0157583627534526,0.0,-0.0097055436749465,-0.0175248882398189,0.0,0.019078979823393,0.0019321122763991,-0.0416183940825237,-0.0386084005091218,0.0128400609902896,-0.0059794307581918,-0.0087695809345293,-0.0349394082388732,0.0,0.0,0.0180118044963193,-0.0044711528601021,0.0,-0.0011299731959847,-0.0213947255061505,0.0,-0.0139987623555383,-0.0061633281972264,-0.0291362701430918,0.0,-0.0132252867482626,0.0060408079629905,-0.0739368050756957,0.0122316455341897,0.0,-0.0017077719338685,-0.0019808926397457,0.0
2016-05-20,-0.0032280968263926,0.0,-0.0241458492797995,0.0785760231567098,0.0306500523492043,-0.0060596521602266,-0.0236915787206546,-0.0106066032200794,-0.0109589336321805,-0.0184003970515248,-0.0171845989130876,0.0,-0.0175507020280811,0.0,0.0089733288774804,0.024107517849643,-0.0240351916452753,0.0075522314073686,0.0139753525600305,0.0080512159285135,-0.0007737459978656,-0.0228098048116204,0.0025170952720559,0.0,-0.0328489461127432,0.0052183173588924,0.0064148377987345,0.0,-0.0078514382603717,0.0,0.035238604402501,0.0079377958079784,-0.0065431808435584,0.0177637770574086,0.0246829633155407,0.0242264331974093,-0.0083667921266726,0.0,0.0,0.0116464946334777,-0.0121452862000971,-0.0022742970737378,-0.0127970308960331,-0.0468214693566806,0.0184675486104946,0.0150692650211643,0.0,0.0147840531561462,0.0076478798125474,0.0,-0.0445958538563009,0.0,-0.0156530903229805,-0.0067078552515446,0.0168766341811268,-0.0091434071222329,0.0007699061254811,0.0352784511189021,0.0,0.0066299332526991,0.0,-0.0100743731844497,0.0,0.0082870747941385,-0.019808275457302,0.0,0.0407945177596091,0.0172942045035069,0.0231672001219327,0.0,-0.0275239418086117,0.0050018213366653,-0.0265906932573598,-0.0510452383585886,0.0,0.0194158454288804,0.0125912295573427,0.0
2016-05-23,-0.0053920634789161,0.0,-0.0465630347974901,0.0106043945803901,-0.0278805615061923,-0.0091580892055951,-0.0179130818442532,-0.0088103691267414,0.0028763183125599,-0.0165449438202247,-0.0061776913636426,0.0,0.0089321159190154,0.0,-0.0192740008879429,-0.025385498687664,-0.036058313756786,-0.0203307913814809,-0.0156621977195841,0.0,-0.0386638541026942,-0.0068749274184183,0.0,0.0,-0.0109885629243031,-0.0727831338065473,-0.0140296180826189,0.0,0.0005279342531361,0.0,0.0177380604890315,-0.003501616646766,-0.0059179013033308,0.0128944428033854,0.0120441952287733,-0.0330210772833723,-0.0124812502533748,0.0,0.0,-0.0018058690744919,0.0027192779449203,0.0015196541942457,0.0033200693308594,-0.0082534611288604,-0.0071484613372854,-0.0023151752289789,0.0,-0.035766901293174,-0.0265531569879394,0.0,-0.033617916043878,-0.0033373181908746,-0.0256006549737066,-0.0449173627154788,-0.0332709989091477,-0.0575522098105876,-0.0023079414781622,0.0203392555671677,0.0,-0.0032931333719016,-0.0179927820410927,0.0203642039542144,0.0,-0.0100975838856128,-0.0135222793273789,0.0,-0.002118678596457,0.0211549975506648,-0.0133770296439744,0.0,-0.0224895069849025,0.0042676082686372,-0.0491289198606271,0.0219418381024534,0.0,-0.023524445862889,-0.0320565174779483,0.0
2016-05-24,0.0135574024416647,0.0,0.0643930895221001,0.0130933500534797,-0.0057338704437659,0.0003196334869348,-0.0525405453973674,0.0073424861891331,0.0028572049365547,0.0198128207325316,-0.001040640479527,0.0,-0.002951013181192,0.0,0.0423379273673167,0.0037450031559016,0.0328478643640899,0.0114767658267112,-0.0473523421588595,-0.0100691604075258,-0.0207204955142626,-0.0525737271685493,0.0100849479014102,0.0,-0.0060603562005278,0.0429616087751369,0.0051822573561703,0.0,0.010547673963184,0.0,0.0104463123524609,-0.0079029565404706,0.0059531313470886,-0.0074809489393535,-0.0322929643957772,-0.0244611286025672,-0.0061475935609346,0.0,0.0,-0.0080657319463288,-0.0095205123766661,0.0060525339717436,-0.0009854254361418,-0.0413422818791946,-0.0038721573448062,-0.0046546658614863,0.0,0.0240217299040828,0.0110359187922957,0.0,-0.0048235725895244,-0.007389531853523,0.0045566184074457,0.0034888589105455,0.0215201096155397,-0.0064416387528987,0.0119451847242326,-0.0052493696816893,0.0,0.0099120417913112,0.0153239929947459,-0.0038752970211204,0.0,-0.0143388070323413,0.0116337885685382,0.0,0.0055855885283118,-0.0458397739992537,-0.0020835849740306,0.0,0.0526916175339657,-0.0005665964242332,-0.0230120923415171,-0.0290838584585554,0.0,0.0134741902834008,0.004725140277602,0.0
2016-05-25,0.0155204995481061,0.0,0.0234331084879144,0.0181119848551041,-0.0076946953978859,-0.004340300892025,0.0293985158491192,-0.0069033074170061,-0.0040731873774522,0.0124633567974308,-0.0124312461803434,0.0,0.0295974743488556,0.0,0.0193370927491072,-0.009264693552444,-0.0379899747109825,-0.0194512186217673,0.0089524318546232,0.0038913428889089,0.0062115324616387,-0.0145886302485744,0.0184460187256607,0.0,-0.0152432701480773,-0.0322085889570552,-0.0154491436560643,0.0,-0.0057436305989632,0.0,0.0455235204855841,0.0024426983674632,0.0026317255207752,0.0113187781851629,0.0245959955280008,0.0250744786494538,-0.0161610946172711,0.0,0.0,-0.0071433999544039,-0.0013689852033087,-0.0180483635815191,-0.0046518991195488,0.0,0.0055531560436847,-0.0327077638333116,0.0,-0.0161637931034481,-0.0154120756530395,0.0,-0.034956008640219,-0.0200391288085852,0.0009007559916358,0.0164101613202298,0.0168060596496764,-0.0160788381742738,-0.0190364151649644,-0.0152866746532281,0.0,0.0098589681241434,-0.0059194793994277,-0.0033477686661138,0.0,-0.0022997726968846,0.0087999999999999,0.0,-0.0063179094054018,0.0381729139899074,-0.0098496081338699,0.0,-0.017971289768784,-0.003118047007568,0.0235541219713451,0.0428034418959795,0.0,-0.0195264548613279,-0.0006718454755405,0.0
2016-05-27,0.0168528871592812,0.0,0.0009268476880299,0.0114426704332124,-0.0127922291735265,0.0062312794180574,-0.0194384946682326,-0.0135220150210091,-0.0143362158046446,-0.0007284530055603,-0.006300895908637,0.0,-0.0086239938673822,0.0,-0.0061611085937659,0.0,0.0064310945769912,0.0115716264315606,0.006224341146868,-0.0175703787958154,0.0020577291690155,-0.0473947895791583,0.0323289231488919,0.0,-0.0030958448286756,0.0092823183155987,-0.0065322351604658,0.0,0.0005251645876644,0.0,0.0,0.0010965357592493,0.0236233594889243,-0.0111920973181914,-0.0240055550044638,-0.0341487042867522,-0.0062872287386182,0.0,0.0,-0.0103788748564868,0.0,0.0042153047989623,-0.0099957178687222,-0.0085410249229908,-0.0055224888016198,-0.0067655660876,0.0,-0.0117954334821804,-0.0019523079068469,0.0,-0.004026204449297,-0.0137549360696408,-0.0549609487995371,-0.0507160448782268,0.0,-0.0034264628360569,0.0124284546197874,-0.0025035441739812,0.0,-0.0259609491287977,-0.0270788968635802,-0.0055778120184899,0.0,0.0119006137929185,0.0,0.0,-0.0059739792749501,0.0231377683712086,0.0070901395107192,0.0,0.024772177794309,0.003271919915865,-0.0230120923415171,-0.0225720602109354,0.0,-0.0054854693418496,-0.0168284381696709,0.0
2016-05-30,-0.0077656307187982,0.0,0.0076136909253035,-0.0062753000654045,0.0051087059242087,-0.0117475083056478,0.0173576042278331,-0.0035193525021258,-0.0029023251707738,-0.0072437021315862,-0.003170424468883,0.0,-0.007249178426445,0.0,0.001429038053242,0.013074937587272,-0.002740237176273,-0.0016341793769506,-0.003685180310608,-0.0036256721965785,0.0061886410306901,0.0093089302619122,-0.0099692647174717,0.0,-0.0031054588473889,-0.0091969493046208,0.0092195540308748,0.0,-0.0215096238656717,0.0,0.0,0.0022041920216362,-0.0192250291699453,-0.0245282777827459,-0.0158213910627774,-0.0201855566700099,0.0052760276106831,0.0,0.0,0.0049035531424506,-0.001370861892956,-0.0045884812127184,-0.0003336711238536,-0.0087558254483829,0.0150023358513515,-0.0029162379820484,0.0,0.0259186631426378,-0.0065437101206279,0.0,-0.0090853031860226,0.0058719337937604,0.0085705540250995,0.0182088978572114,-0.0165282843175291,0.0166622586617297,-0.0023017283152964,0.0148573732486645,0.0,0.0233268910962292,-0.0052017185937796,-0.0039356658092906,0.0,-0.0022779646650596,0.0053528945281522,0.0,0.0137627124217933,-0.0148747436144663,-0.008117498899965,0.0,-0.0017543222871523,-0.0052451760686416,-0.0235541219713448,-0.000705909470712,0.0,0.0058037809926172,0.0082056542086028,0.0
2016-05-31,-0.0020929225538466,0.0,-0.0302246426140231,0.0113668706418101,-0.0363313570196008,-0.0050022859909099,0.0036477813178186,-0.0369375419744795,-0.0500033202735904,-0.0051122368359901,0.0031805080293627,0.0,0.0175250705870899,0.0,0.0009513325450862,0.0387603374822487,0.0137271409195078,-0.0027280904841253,-0.005680317040951,-0.0015289350967051,0.042131454611535,0.0077119483091032,0.0254029850746269,0.0,-0.0031151327639914,-0.0185646366311975,0.023457970398697,0.0,0.008040879077124,0.0,0.0,0.0033057628216373,0.0300598984631133,0.0038634309886453,-0.0053700516351117,-0.0051183621241203,-0.0031521544975992,0.0,0.0,0.0200264762022042,-0.0165313394473975,-0.0244993427005617,-0.0218812970540605,-0.0175238637982618,-0.0065652925289402,0.0195126811078534,0.0,0.0083935843098146,0.0032934061555049,0.0,0.0050890585241729,-0.0031000984040782,-0.0378013825661777,-0.0405794366064266,0.00836357898059,0.0421436004162329,0.0142065001821347,0.0181558142306623,0.0,0.0097505270555164,0.0224503931874668,-0.0197457117374981,0.0,-0.0269997610640614,-0.0026621968053637,0.0,0.0290656653717955,0.0503163120945999,0.0300434436761916,0.0,0.0392931594512047,-0.0277770188783813,0.0060689867096872,-0.0041951993080082,0.0,0.0317472103186389,-0.0224030859880035,0.0
2016-06-01,0.0120374462614005,0.0,0.0038958304085356,0.0712514290739601,0.004459391984573,0.0075411519852961,0.0060728744939271,0.0110181311018131,0.0184188452397595,-0.0055028728920446,-0.0179468670827848,0.0,-0.0014352693522149,0.0,0.0133331522993578,-0.0142340168878166,0.0117303744031003,0.0136629798308391,-0.0164740268367212,0.0140111783171272,-0.0059019208069535,-0.0259837633796989,-0.0233666171775688,0.0,0.0249989371200203,-0.0036908881199538,0.0152917365808091,0.0,-0.0026607417160412,0.0,0.0,0.0,-0.009521635196476,0.0023091374001984,0.0125631619021249,0.0102893890675241,-0.0070146406248352,0.0,0.0,-0.0072587338715762,0.0217688287004038,0.019444152752984,0.0149770604517132,0.0089907192575404,-0.0187333362472137,0.0167450755936509,0.0,-0.0267842426240316,0.0196722077497284,0.0,0.0233351678591084,-0.0042081669610652,0.0226046120417746,0.0174101214774013,0.029186228482003,0.0,-0.0215899114055391,0.0358494615264555,0.0,0.0,-0.0018065407401504,0.0166945261420621,0.0,0.0234652114597544,-0.0080079090459713,0.0,-0.0289855072463767,-0.0029904103554606,-0.0344837828204823,0.0,0.0027055393586006,0.0032235790961132,-0.0060323762981062,0.0147667718678519,0.0,-0.0240569965765042,0.034732460324343,0.0
2016-06-02,-0.0031045790556045,0.0,0.0194035590672305,0.0,0.0012113178223704,0.0099796115463033,0.0199149442107189,0.0176576079459236,0.0322820504020957,0.0143922740168724,0.0215032067449736,0.0,0.0344959754695284,0.0,0.0093993273752897,0.0216185348343938,0.1355982443139713,0.0188907690512312,0.0199918951776307,0.0057082452431289,-0.009849956822107,0.0690680328086428,-0.0191365691291172,0.0,0.0060973080592312,0.0188701088214864,0.0138006235837324,0.0,0.0154679721664512,0.0,0.021543484774904,0.0065762930686676,-0.007037001884669,0.0111546421273216,0.0195166968588713,0.030808402291534,0.0169625560597617,0.0,0.0,0.0003344278243948,0.002732161023107,0.0204123675942935,0.0111946803476701,0.0087668870365047,-0.0022538573922958,0.030583873957368,0.0,0.0237107291049198,-0.0057855121610319,0.0,0.0198182209314832,0.0474096488809057,0.0278282326330578,0.0269251220573305,0.0485820725309815,0.0279580629056415,0.0182050549958532,0.0013466808554718,0.0,0.0322749021313615,-0.0042184547414366,0.0181061394380854,0.0,-0.0080245267928552,0.0107634044249551,0.0,0.013967681981609,0.0060072562897757,-0.0236256806226351,0.0,0.0319834383940824,0.0113923290850523,0.036183452408389,0.036023054755043,0.0,-0.0068788252272752,-0.0080459288438166,0.0
2016-06-03,0.011413597553205,0.0,0.0114548322930241,0.0221817226545824,-0.0004051863857374,0.0271461963450914,0.0236734144865156,0.0182522785446019,0.0050089207548844,0.0036303691492711,-0.0136856808273486,0.0,0.0722489811041127,0.0,-0.0041879882391202,0.0141339934520483,0.0196367798090533,0.0143026901656477,-0.0076811018408158,0.003889005675846,0.04543348505083,0.0778150217256363,0.0151136052836839,0.0,0.0424224934036938,0.0,0.0061845621229181,0.0,-0.0178541442090494,0.0,0.0,0.0130666559781953,0.0251522516863751,0.0231959426408876,0.0625921952527825,0.0696554279362726,0.0170240748182515,0.0,0.0,0.0054706257788044,0.006840777993565,0.0022712742689861,0.0026845637583894,-0.0175238637982618,-0.029821694836561,0.0068545163868904,0.0,0.0103399784928446,0.0194049457260723,0.0,0.0223467369808834,0.0,0.0103030909272781,0.0202410092261344,0.0270446635730858,0.0121418164157358,0.0,0.0126869180852065,0.0,0.0031181527052079,0.0248032180037152,0.0116721177432541,0.0,0.0319546346314063,-0.0086767895878524,0.0,-0.0094369827268796,-0.0701532120475008,0.024197359715177,0.0,0.0721047649100661,0.0008664619864531,0.0581257413997626,0.0862997287211335,0.0,0.0083690440833299,0.0040555954543533,0.0
2016-06-06,-0.0041028467929282,0.0,0.0150549301505493,0.0171225725621215,0.008067048419418,-0.0119989656064132,-0.010402295074787,-0.0081833701389214,-0.0058109404461302,-0.0083325643628309,-0.0128027236185217,0.0,0.0323946095369731,0.0,-0.0112238232980977,0.0174015748031495,-0.0215723920641952,-0.0078338932332101,-0.011477378886961,0.0116068624078256,-0.0274519005161895,0.0068188624478793,-0.0172935106924391,0.0,-0.0019379078505042,-0.0240881717986591,-0.0147650782515742,0.0,-0.0026749618059577,0.0,-0.0083041692796308,-0.0032179360369271,-0.0106958282273962,0.0066802536231882,0.0392806436346426,0.0325597506061656,-0.0044439198862848,0.0,0.0,-0.0090832149442312,-0.0135885993954225,-0.0082923472042704,-0.0097024182356337,-0.0089907192575405,0.0034787730422698,0.0068012358665952,0.0,0.0660717209759291,0.0063414193023307,0.0,0.0009542846089367,0.0192980958073605,-0.0009240924092408,-0.0128725662083604,-0.0526650194140486,-0.0508637236084452,0.0022699959941248,0.0047827338663992,0.0,-0.0311686129547171,-0.0109147812479624,-0.01099189751672,0.0,-0.0160425022136568,-0.0013427491545653,0.0,0.0110460183426932,0.0,-0.0351616574891562,0.0,-0.0368232944391885,-0.0059137213356471,0.0549327354260089,0.0400197753720559,0.0,-0.0214590017356546,0.0080784280725376,0.0
2016-06-07,-0.0169929782388663,0.0,0.0185395510422234,0.0022424711400281,0.0167978705329332,-0.0134010364864157,-0.0116845180136317,0.0023528854429031,0.0129541723969655,-0.0175402681753469,-0.0010867675186924,0.0,-0.0012551250941343,0.0,-0.0283645874057996,-0.0205092485101772,0.0118139553605571,0.0005263831785007,0.0252463885513702,-0.0047166324131711,0.0192199437072777,-0.0541356824161995,0.0171104206015557,0.0,-0.0135916944048185,-0.0323669810222377,0.0050011019377151,0.0,0.0150144337650559,0.0,0.0,0.0036649422473902,0.0031774669126061,0.0059110961146728,-0.0062841530054644,-0.0225874986022587,-0.0048039503729246,0.0,0.0,-0.0039960344696101,0.0179202054694567,0.0075999932294046,0.0162216462242505,0.0,-0.0202316644808643,0.0135105830710291,0.0,0.0200445434298441,-0.0138721960753479,0.0,-0.0056944820211546,-0.0211736617240513,0.0305562896405919,0.0189296564617902,-0.0594679186228482,0.0096056622851363,0.0053157474020781,-0.008207479157809,0.0,-0.0160423170308705,-0.03463505959287,-0.001665066296198,0.0,0.0113546133079243,0.0,0.0,-0.0107335240804974,-0.0118718889655923,0.0267663563321003,0.0,-0.0110556931908715,-0.0130629287205488,-0.020855472901169,-0.018941286886145,0.0,0.0026337006181134,-0.0073458825493553,0.0
2016-06-08,0.0094276635965089,0.0,0.0382735889278802,0.0145592058614985,0.0051131806434363,0.0357616596805856,0.0313255709807434,0.021953352080724,0.0313471729514298,0.0141406679168798,0.0,0.0,0.0351038873994637,0.0,-0.0189807556227713,0.038361251580278,0.0389067907864899,0.0441929245819587,0.0697919410060574,0.0153757019342188,0.024222818368313,0.1645419579573768,0.0072182342781266,0.0,0.0531474711766359,0.0137167609192636,0.0372625754866569,0.0,-0.013735350684588,0.0,0.0,0.0027946953518416,0.0456589136882792,0.0036649604929681,0.0300919561298995,0.0692140487358425,0.0037964521558979,0.0,0.0,0.010872394836378,0.0176333973678928,0.0128174976481656,0.0153036941213799,0.0812115891132572,-0.0100251799571284,0.0066717239501274,0.0,0.0,0.0223824494259159,0.0,0.018140119465644,0.0239139582486396,0.0826361509119466,0.0893119266055044,0.0125980508676015,-0.0187781672508762,0.0056587020766243,0.0092632285240339,0.0,0.0261302546928703,0.0281476625558241,0.0244855777593597,0.0,0.0427363848106565,0.0343608386036551,0.0,0.0095169616817067,-0.0513397986854805,0.0205257192541183,0.0,-0.0159798706601629,-0.0108827914098069,0.1170804504137839,0.0259414329908433,0.0,0.0087487938243808,0.0168397594920743,0.0
2016-06-09,-0.0057057703188377,0.0,0.054362246509571,0.0011026728167853,-0.0054750795216509,0.0,-0.0028658894027226,0.0019192526476436,0.0016030574871277,0.0139341583002567,0.0281416365667204,0.0,-0.0375556454876567,0.0,-0.0084293897178416,-0.0302476886200204,0.0112387516752823,-0.0105806416471485,-0.007016248153619,-0.0157281013621267,-0.0213902370130704,-0.0737209447248706,-0.0023888349225857,0.0,0.0074763503204149,0.0058160237388724,-0.0071880437787643,0.0,-0.0123190807645563,0.0,0.0156316471600859,0.0070724332851321,0.006674282193785,-0.0040229244804237,-0.0492318642861379,-0.0603466723732077,-0.0030906876909105,0.0,0.0,-0.0029691121445776,0.0066493857770766,-0.0104161483471827,-0.0022958110463369,-0.0250372174854512,-0.0190714826021181,-0.0017711996496244,0.0,-0.0094112332480047,-0.0006239067705025,0.0,0.0009417514030822,0.0054958067482098,-0.0248704663212435,-0.022360719248747,0.0,-0.0127583567236539,-0.0045067601402102,0.0009879963065557,0.0,-0.0222871129814917,0.0081161499428814,-0.0010886500739083,0.0,0.0154602951510893,-0.0006258726108516,0.0,-0.0141488672103203,-0.0123255813953488,-0.0282675835628108,0.0,-0.0035663818047237,-0.0038657536590234,-0.0524046635899927,-0.0764619688290928,0.0,-0.0023170291010352,-0.0178840945272603,0.0
2016-06-10,-0.0229700811887377,0.0,-0.0133017765661044,-0.0297704002482158,-0.0161367612806883,-0.0398801290917473,-0.0488601476255797,-0.031010793387031,-0.0399381001844274,-0.0325513277515268,-0.0073648715380165,0.0,-0.0264906231603734,0.0,-0.0255174086065983,-0.0398618957940991,-0.029630611356192,-0.0229152617019227,-0.0242965166728647,-0.0298629485388114,0.0019155077407504,-0.0782427341227126,-0.0052660340801828,0.0,-0.030611085870059,-0.0134529147982063,-0.0373961899457812,0.0,-0.0504334694334136,0.0,0.0153813183708855,-0.0159643901420217,-0.0475959760808862,-0.0106385623027019,-0.0517811466716575,-0.0596675017080391,-0.0148181502932058,0.0,0.0,-0.0069738821277176,-0.0528996865203762,-0.0323483566029197,-0.0512143993060575,0.0,-0.010333227302083,-0.0141495738352248,0.0,-0.0238656228623547,-0.0187734807861673,0.0,-0.0103113755705586,-0.0271556531558054,-0.0613025656596325,-0.0435475534114404,-0.0416275430359937,-0.0064616179891444,-0.0184660595149845,-0.009824088850351,0.0,0.0,-0.0032809350005928,-0.039694045893116,0.0,-0.0123826000988631,-0.0097793621736198,0.0,-0.0126309978975395,-0.0041597990738561,-0.0095035305537725,0.0,-0.0120542949756888,-0.0156702379978735,-0.10048061518744,-0.0477820174920996,0.0,-0.0170984787147908,-0.0330722916929815,0.0
2016-06-13,0.0101554489151387,0.0,-0.0118111431607711,0.0215858396891639,-0.0028034207396498,-0.0142456982793116,0.0084701142320813,0.0126472736511162,0.0166375941177769,0.0,-0.0233245682609621,0.0,0.0077747062888735,0.0,0.0082186768149883,0.0017979731938542,0.0,0.028143223370989,0.0078770168974717,0.0070175438596491,-0.010737762878768,0.0072014208208648,-0.0115467212705389,0.0,-0.0124397055090124,0.0,0.0012592315284349,0.0,0.0171287542777709,0.0,0.0012087954257644,0.0118989188830669,-0.012008353637313,-0.0018591563449991,-0.0153628528192644,-0.0341487042867522,-0.0101446838914398,0.0,0.0,-0.0025092567092016,0.0097523494296352,-0.0058372161502086,0.0044950668545959,0.0512215435868961,0.0141227805319905,-0.0017932641334084,0.0,-0.0462508759635598,-0.0255064362566322,0.0,-0.0293550873586844,0.0042155333860274,-0.0190192780437314,-0.0182391353298805,0.0217178314826909,-0.0520291363163372,0.0192045745728195,0.0056175588306535,0.0,-0.0097944483485593,-0.0038998466500977,0.0158571502941329,0.0,0.0272279086063216,-0.0053028460228654,0.0,0.0170595150986985,0.0003448139974779,0.0197584724329793,0.0,0.0158241908472607,0.0491259118932483,-0.0111847260810714,0.0167311585122351,0.0,0.0088442821065866,0.004201955106573,0.0
2016-06-14,-0.0179790974720446,0.0,-0.0230443065200023,-0.0611823261492229,-0.0040096549765725,-0.005033693269465,-0.0267178171747667,-0.0156096872574461,-0.0196340337731445,-0.0186893642950309,-0.0108711470733765,0.0,-0.0347162695011142,0.0,-0.021899929589222,-0.034222548539729,-0.0015218918286116,-0.0060828583954405,-0.0240766418757091,-0.0345084673554159,0.0065920101659915,-0.0471508973646705,-0.021897957740074,0.0,-0.0290686177575638,-0.0313397129186603,-0.0287899388171313,0.0,-0.02582797180929,0.0,0.0108947701270576,-0.0136860596208804,-0.0070459749867887,-0.0137556948324901,-0.0207811299321774,-0.0303410230692076,-0.0187299312687417,0.0,0.0,0.0449274473111021,-0.019345586513697,-0.0097742002927032,-0.0144614256639742,-0.048725736167965,-0.0181615620287933,-0.0175321269341726,0.0,-0.0074291778920728,-0.0026232336893157,0.0,-0.0214678049103302,-0.0015741889735861,-0.0314231073595356,-0.0371100917431193,-0.0212561930637685,0.0274423710208562,-0.0079128789382451,-0.0320718884617166,0.0,-0.0065646484808161,-0.0264369799201051,-0.0406895703509347,0.0,-0.0348868370404659,-0.0158466203658417,0.0,-0.0272577359588708,-0.018446114300909,-0.0022165731469138,0.0,-0.0259740259740259,-0.0157523967164687,-0.0564841498559076,-0.0375030473765474,0.0,-0.0292332319857325,-0.0285101032000694,0.0
2016-06-15,-0.0048540879358962,0.0,0.0,-0.0260578173452035,0.0028226197332483,0.023391812865497,-0.0006297229219143,-0.0051529970212969,0.0016726297949645,0.0278063452022896,0.0011034766872157,0.0,0.0346328034810405,0.0,-0.0088462737298324,-0.0037166870802888,-0.0214073552976119,-0.0015300215030049,0.0024541462154481,0.008462690095343,0.0049971069380885,0.0554668289096762,0.0407988263492851,0.0,-0.0019959266802443,0.0121017535193874,-0.0090120043397612,0.0,0.0017298672579522,0.0,0.0,0.0002259496531009,0.0154746796577556,-0.0030115485229375,0.0371558224436181,0.0572795448668217,0.0064850772908711,0.0,0.0,-0.015883035098278,-0.0014325364849135,-0.002762382334829,-0.0048997601426317,0.0084675180455302,-0.0135576640907757,0.0146416988107791,0.0,-0.0011515051817734,-0.0059031877213694,0.0,0.0079801982876388,0.016810721362471,0.0152510638297871,0.0252965556667144,-0.0217994774657088,-0.0667735042735043,0.0015205068356118,0.0195438492386321,0.0,-0.0033040139304371,0.0117234892375643,-0.0046475352037436,0.0,0.0101224283730909,0.0013418149289334,0.0,0.003722909187608,-0.0223345975558364,0.0155504808065745,0.0,0.0066666666666665,0.0255516887610387,0.2275503970678067,0.0252867093505946,0.0,-0.0054118063702162,-0.0078555647302996,0.0
2016-06-16,0.0102873477256484,0.0,0.0567995974336392,0.0377103339666888,-0.0080346176591002,-0.0037209302325581,0.0056010642021984,0.0135456444988832,0.0149953554208872,0.0103741881890953,0.0011022603685959,0.0,0.0102995451034246,0.0,0.0189062102220824,0.01123404976896,0.008586519164911,0.0240070682109971,0.0529570931580982,0.0009376172021502,0.0206741337799643,0.0284135943316921,0.0009529387240547,0.0,0.0,0.0499023914104441,0.0247037841464921,0.0,0.0494860900113938,0.0,0.0,0.0277323765862733,0.0088826177517973,-0.0018943030116858,0.0187841305349036,-0.0147976030328971,-0.0017895047961953,0.0,0.0,-0.0109336077922466,0.0226247048626677,0.0083101026853453,0.0182647813253244,-0.0083964211975223,0.0200011899567646,0.0117205998421467,0.0,-0.0255270092226613,0.0396039603960394,0.0,0.0079170189069146,0.0167004260669134,0.0122388760352749,-0.0011616020815908,0.0,-0.0712650257584429,0.0003728908362077,0.0066651020887116,0.0,-0.0166196299780495,0.0265437837692172,0.0186769425630346,0.0,0.0164684126349461,0.0067000843714328,0.0,0.0322062524837727,-0.0116071428571428,0.004910359175182,0.0,0.0079493074380354,0.0077283390740114,-0.0195322219457575,0.0153440751008755,0.0,-0.0051519433842593,0.028836853588861,0.0
2016-06-17,-0.0032159894719525,0.0,-0.0405035414558656,-0.0269704067830161,-0.004046981673937,-0.0037081499266373,-0.0117431362992875,0.0019667780384351,-0.0061557569946831,-0.0040360629700565,-0.0142402043542728,0.0,0.0254863647948346,0.0,-0.0056658264684485,0.059235348369246,-0.0131661007553183,0.0074822044866262,0.020435633871757,0.0167676263036282,0.0089995384852059,0.0124246812088375,0.0004859327429413,0.0,-0.0059997551120362,0.0341661824520627,-0.0228502498707565,0.0,-0.0153519064070883,0.0,0.0,0.0012670993767938,-0.0119478928019606,0.0117464510585911,-0.016758694178049,0.0050893743793445,0.0,0.0,0.0,-0.0108734994269167,-0.0138239420154314,0.0160982694360356,-0.0024177827286766,-0.0086063298167685,-0.0189965098531026,0.0218369283977584,0.0,0.0530674328206861,-0.0095238095238093,0.0,-0.0127541171301905,-0.0074470496905078,0.0575394196369416,0.0529376192026793,0.0,0.0813559322033896,-0.0068160336541662,-0.0127477036415348,0.0,-0.0033709912536441,0.0133749852337012,0.008598252953015,0.0,-0.0197172710510141,-0.0100078879905343,0.0,-0.0017004347337857,-0.0297272321382218,-0.0086919458694229,0.0,-0.0144569016386001,0.0059678599791339,0.024869940362898,0.0032711543660448,0.0,0.003959465807664,-0.0133146767528805,0.0
2016-06-20,-0.0010727046184059,0.0,0.0034428212524424,0.0313289368843983,0.05447063224841,0.0360948963744445,0.0368691731442125,0.0145129757512691,0.0165206809984761,0.0243145127247825,0.0,0.0,0.0284980531853202,0.0,0.025918644869483,-0.0122293901135868,0.0306158275402006,0.0069315277461829,0.021225566614702,0.0183336916131806,0.0059461794526465,0.0150173010380623,0.0,0.0,0.0291738523445841,0.0074165636588379,0.0467691873589164,0.0,-0.0033422152800109,0.0,0.0,0.012422520661157,0.0178352363876568,-0.0172249895433287,-0.0034154351395729,-0.0050636038038779,0.0182770575821527,0.0,0.0,0.0043301263969994,0.016803485167294,0.0027036801047031,0.0165975103734439,0.0,0.0043703608272964,0.0065402306894599,0.0,0.0308136735676456,0.0435889822766308,0.0,0.0437327220012135,0.0110882701052763,0.0298512137823021,0.0256682129445549,0.0089308071112597,-0.0170988885722428,0.015642383218283,0.0263252351985492,0.0,0.0,0.0243374867238297,0.0153365580501259,0.0,-0.0007273092067313,0.0087645037597727,0.0,-0.018752711671032,0.0189093166106628,0.0148029851663031,0.0,-0.0096603339090385,0.0145505767987956,0.0097189550575709,0.0189835897712269,0.0,0.0145499108734401,0.0092399734101484,0.0
2016-06-21,-0.000536928274643,0.0,0.0420684965380813,0.0630886825018492,0.0046231353263213,0.0167984700470356,-0.0445949312617489,0.0112127310731739,0.0117874166900329,0.003956225101882,-0.0055549763950735,0.0,0.0096657269432138,0.0,-0.007074163454958,0.0354195047680103,0.0502632885272389,0.0230966524472084,0.0460310004697042,0.0089867310012063,0.0007325637204131,0.0053635144655803,0.0033404040203794,0.0,0.0322567775140136,-0.003680981595092,0.0049531639598354,0.0,0.0274381460525254,0.0,0.0,-0.0166449835463381,0.0093772350401313,0.0003869070649229,-0.0136756079878732,-0.0148957298907647,0.010563212739298,0.0,0.0,0.0104598381685414,-0.0096473331390265,-0.0053927798577956,-0.0003370155401608,-0.0431251750210024,0.0043513438844378,0.0290312181987117,0.0,0.0238984898022729,0.0104393500027355,0.0,0.0095222098762242,-0.0062431971741317,0.0179147150069955,0.0381202618883527,0.0132362673726009,0.0811829515801683,-0.004130813493111,0.0181399843541483,0.0,-0.0067647865435598,0.0523993171903649,0.003364647535164,0.0,0.0114948298363617,-0.0013328725872537,0.0,-0.0086876064456963,0.0074254566078162,0.0102744908149985,0.0,0.0302868237783537,0.0217150006293651,0.0144074550916559,0.0019304253546825,0.0,-0.0020973799222542,0.0154785166970381,0.0
2016-06-22,-0.0139924293766633,0.0,-0.0280307299854655,0.1208850679572619,0.0088288347024818,0.0023637657584383,-0.0031528541627157,0.0034425524067129,-0.002014517315256,-0.0265080682678536,-0.02234402611795,0.0,0.0143597925807739,0.0,-0.0061088418593515,0.0768903335655135,-0.0319082879994069,-0.0168080325249716,0.0181859003143241,-0.0279305397812182,-0.0018426898222939,-0.0080023509731672,0.018078895112771,0.0,-0.0104162640590576,0.003694581280788,0.0,0.0,-0.0081764956593912,0.0,0.0,0.0038133779524494,0.001246555570135,0.0015212458745874,0.0052119875714142,0.0253276209677419,-0.0097569907661722,0.0,0.0,0.0145733173076922,-0.0083286735925129,-0.0155062853985357,-0.0173559085006493,-0.0359964881474977,-0.0309561936948001,-0.0261053304013464,0.0,-0.0034212727134493,-0.0188436088759894,0.0,-0.0169834261214565,-0.0174970895589217,-0.0242925867272237,-0.0199161860503713,0.0173905943827563,-0.0563153660498794,0.0143389125220319,-0.0210257986368485,0.0,0.0102162908421536,-0.0560381597760397,-0.0133929487048014,0.0,0.0014391345342661,-0.0307464162135442,0.0,0.0321309688023985,-0.0420037531276064,-0.0021418407848422,0.0,-0.0199286810508259,-0.0324271453210982,0.0142028284781818,0.0160206922944956,0.0,0.0,-0.0006918619735364,0.0
2016-06-23,0.01036873119253,0.0,0.00762939453125,0.1244982135713399,-0.011029669163781,0.0141491492760603,0.0265867636917078,0.026955829198064,0.0328420378083949,0.0239128194076143,0.0617015410067094,0.0,0.0672434132913879,0.0,0.0291843989751152,0.0365086779977721,0.0396994064713764,-0.0004888166673272,0.0733186328555677,0.0073331591003427,0.0085223680550288,0.0889410477861585,0.0070061036554005,0.0,0.0287070127131054,0.014612381483547,0.037032690695725,0.0,0.0175847289916204,0.0,-0.0172983230845025,0.0014730395007171,0.0309547211847192,0.0106454187369666,0.0775750324060224,0.0841833599606733,0.0147770498732036,0.0,0.0,0.0050644158151933,0.0364434947768279,0.0110323780124181,0.0387811634349031,0.0467516697024892,0.0351385875626026,0.0188203239315809,0.0,0.0106042111687518,0.0346913321339086,0.0,0.0211175919175086,0.0212652583311714,0.0343296380229067,0.0353075653020618,0.0384399325896798,-0.0014208581983518,0.0212043218667119,-0.0065558633425669,0.0,0.0405430029154518,0.0172850505950488,0.0378762680858142,0.0,0.013131813676908,0.0144838841289269,0.0,-0.0075465960290338,0.0023070812157883,0.0241211611779892,0.0,0.0133333333333334,0.022390190449733,0.0327155711816937,0.0466937694016185,0.0,0.0332324621733148,0.011791432280398,0.0
2016-06-24,-0.0016260432394763,0.0,0.0033618026530983,0.0200574120418075,0.0288455778645451,-0.0174271783972995,-0.0203618337232737,-0.0171881524786732,-0.0247350188718267,-0.0395248597549258,-0.0215264752560958,0.0,-0.084008843036109,0.0,-0.041790494293881,-0.0137632171953544,0.0028819505188431,-0.0146716717775192,-0.0476630713918849,-0.0361241682436969,-0.0172517552657973,-0.0878709245385678,-0.0255263791857383,0.0,-0.0772063709019116,-0.0413368513632365,-0.0416592573433129,0.0,-0.0199813300142247,0.0,0.0,-0.0195729307786594,-0.0270253092147915,-0.0071453135149592,-0.0623978285679035,-0.0639310813874405,-0.0183728400589345,0.0,0.0,0.0026078500707213,-0.0243385637384033,-0.0128549867286574,-0.0349969418960246,-0.0089907192575405,-0.0296266551751155,-0.0225522484152139,0.0,-0.0249867894617649,-0.0203537368522113,0.0,-0.0263164605380594,-0.0155705066593436,-0.0514285714285713,-0.0434267021059087,-0.0493817619783617,-0.0162208309618667,-0.0185763266977124,-0.0148526814759736,0.0,-0.0064792925313018,-0.0246487243972323,-0.0419420742699195,0.0,-0.0199804353142578,0.0129197667403979,0.0,-0.0406808908671602,-0.0610186421723504,-0.0188482903164343,0.0,-0.0207253886010364,-0.0165296117805562,-0.0723600692440854,-0.0831906286451741,0.0,-0.0394057191543745,-0.0294878648561959,0.0
2016-06-27,0.0124478569410513,0.0,0.0083914395242838,0.0307633101225481,-0.0333350976552161,-0.0112473917247697,-0.0157247576259164,-0.0262217467507339,-0.0394537338436906,0.0194561426910837,-0.0318941873838802,0.0,-0.0107803700724055,0.0,-0.019208420616298,0.0077685601799772,-0.0129269188395151,-0.009926756633488,0.0092762377305575,0.0226736545434393,0.0022453561951418,-0.0094982448895311,0.0,0.0,-0.019152437770006,-0.0282110091743118,-0.0186397220066799,0.0,-0.0187331322432132,0.0,0.0,-0.017160604305943,-0.023451483518637,0.006811884236453,-0.0221725113494308,-0.0244611286025672,0.0010607378492479,0.0,0.0,-0.0081118017898866,-0.0305218054821858,-0.0268180380302975,-0.0335027697144088,-0.0089259584430787,0.0019075687077989,-0.0195892154813702,0.0,-0.0003096934035305,-0.0165080471285145,0.0,-0.0202708011418694,0.0006834411961615,-0.0551220425744428,-0.0507844226905485,-0.0260141451914478,-0.0216951113682384,-0.0330326415684638,0.0209072382821344,0.0,-0.0065656120560499,0.0028863545982835,-0.0238752299715672,0.0,0.0014473585706085,0.0,0.0,0.0305205557750338,-0.0478128649561186,-0.012801935975382,0.0,-0.0130998793279494,-0.0187682991876407,-0.0146802687235629,-0.0269483771419291,0.0,0.036199345861744,-0.0113030449918475,0.0
2016-06-28,0.0021421536441235,0.0,-0.004969018469183,0.0945291626316955,0.0148331070130096,0.0257360510603252,0.0249369369369369,0.0230242397325914,0.0247262451430589,0.0121126023402744,0.0079506511309115,0.0,0.0401756668835393,0.0,0.0285882477245627,0.0400432522934179,-0.018193317955205,0.0050131425629351,0.0214812439884577,0.0271098793912276,0.0115325865580449,0.028767979987492,0.0214287126950536,0.0,0.002055412235995,0.0212414444182202,0.002543960671743,0.0,-0.0230198534680009,0.0,0.0,0.0286005034545553,-0.0025285634013859,0.0124230725125187,0.0034988561431841,0.0,-0.0846578506792125,0.0,0.0,0.0137487592041127,0.0286068898710418,0.0214713955504188,0.0350182304645489,-0.0091539937989073,-0.040002820647137,0.0110981912144703,0.0,0.0273389095415119,0.006842489869129,0.0,0.0177363735999358,0.0171858666109134,0.0416556553911204,0.0478270659761317,0.0177781487354979,0.0008870490833827,0.0218798026369004,0.0036226526689338,0.0,0.0032823242404078,0.0209138120698917,0.0110730349111158,0.0,0.0228252473150434,-0.0140949923073104,0.0,0.008458401305057,-0.0351921115266915,0.0151317979602336,0.0,0.0027276468167658,0.0004301781719775,0.0148989898989897,0.0445952900919446,0.0,0.0046543976032527,-0.01856350143739,0.0
2016-06-29,0.0143979164789804,0.0,0.1487019042748412,-0.0287812729850444,0.013461673348045,0.0029104777197912,0.0286899655439138,0.0160246157595698,0.0241296104791448,0.0155874856868465,0.0135243362497545,0.0,0.0175918686473808,0.0,-0.0195612297307212,0.0325988530033203,0.0140778354617454,0.0299288179465055,0.0394433982004605,-0.0089990955682845,0.0497067928422216,0.0412698412698413,0.0466246502667171,0.0,0.03589593318961,0.0397504044372545,0.0416630947278182,0.0,0.0068959806959854,0.0,0.0,0.018680031241864,0.031680459245946,0.0040902111807494,0.0086831165347995,0.0150198609731877,-0.1425834495771811,0.0,0.0,-0.0009645597369383,0.0236616733865033,0.0079377707062668,0.0224542551573825,0.0092385635523766,0.0086046780066528,0.0241569659719649,0.0,0.0065586128910666,0.0425903932435998,0.0,0.035813251034211,0.0253364027515141,0.0284463894967175,0.0326213091502987,0.0350172215843858,0.0103397341211226,-0.0026384876188968,0.0191712707182321,0.0,0.032804279587957,-0.0082568002706325,0.0293706441841252,0.0,0.0118644480717227,0.00750062924742,0.0,0.0120109675906079,-0.0177973568281938,0.012789553707182,0.0,0.0285154830161689,0.0116997240225471,-0.0146802687235629,0.0161657589517558,0.0,0.0634645082272751,0.0048819255222525,0.0
2016-06-30,0.0015743708571844,0.0,0.0465378168866541,0.0015585384860223,0.0163174258395621,0.0465075552887019,0.0418574976644563,0.0142726495854634,0.0055957590037025,0.0035733769776322,0.0189050572519082,0.0,0.0195927775643487,0.0,-0.0005238579895826,0.0444639319237389,-0.0058481717456698,-0.0029059113042567,-0.0360342224458983,0.0078639550978811,0.0382420638726384,0.0,0.0196005882951466,0.0,0.0188111209892507,-0.0073349633251834,0.0157517899761336,0.0,-0.0011395007342142,0.0,0.0,0.0137499201328987,-0.0171999115953146,0.018136695787323,0.0155216538704423,-0.0147976030328971,0.0489890977824281,0.0,0.0,0.0103424567357626,0.0312508984273927,0.0244150559511699,0.023299623240135,-0.018160342536542,0.0111426698710945,0.0158641039557325,0.0,0.0065158777711205,-0.0053264985391682,0.0,0.0102824830104473,-0.00725005679768,-0.0051803885291397,-0.0084491800549405,0.0125980508676015,0.0,0.007539582809751,0.0152780036500967,0.0,0.03176233894097,-0.0105995906713495,0.0173479992180023,0.0,0.0027688159098568,0.0,0.0,0.0058422979172327,-0.0248987646727151,0.0094636759684445,0.0,0.0079230269382915,0.002820591087705,-0.0247474747474748,0.0356436162545374,0.0,0.0299737616920705,0.0,0.0
2016-07-01,0.0089235333000143,0.0,-0.0361352318510548,-0.0039012416030156,-0.003357761352743,-0.0055461260787452,-0.0075671419823287,0.0092531003798796,0.0174678883728713,-0.0181475542025676,-0.0065408252853379,0.0,0.0079125847776939,0.0,0.0110292465968822,0.0,0.050001879416629,-0.0014571901173628,-0.0069959277435522,0.0114095985511619,-0.0016857954414243,0.1201997924234561,-0.0056791377871321,0.0,-0.0165202387799219,0.0439991043439318,-0.0262509722582318,0.0,0.0085677659124052,0.0,0.0,0.0030883261272391,-0.0187443780094184,-0.0327219007755754,0.0509262289716565,0.0350049652432968,0.0179996396210873,0.0,0.0,-0.0089624417224105,0.0091998884862001,0.0155805910351676,0.0206375351225656,0.0091729323308271,0.059667860229658,0.0151987816411001,0.0,0.0130218022174268,0.0053550220563283,0.0,0.0175821693460336,0.004765462512368,0.0477651726489367,0.0424799563447089,0.079186228482003,-0.0146198830409356,-0.003741581441756,-0.0115597163019586,0.0,0.0369248641247976,0.0138798442188596,0.0082530114389165,0.0,-0.0013925904583544,-0.0006995103427599,0.0,-0.0043066116818828,0.075236881184866,0.0234300960823479,0.0,0.0108014567828624,-0.0196886041126449,0.0558648368720871,0.0215231997570573,0.0,-0.013806917070989,-0.0021918427296351,0.0
2016-07-04,-0.0083252770431684,0.0,-0.0115533400835995,0.035974784646358,0.0101177336276674,0.0055770571407964,0.0046718674247432,-0.0022993892704931,0.0042560190801244,0.0018178462674172,0.0021946297851029,0.0,0.0684112149532711,0.0,0.0264909980966769,0.0481062255115367,-0.014006103618318,0.0851136557853358,0.0,0.0071177032350482,0.0138792505204718,0.0616519003223503,0.0171347238189083,0.0,0.0158096390401292,0.003538873994638,-0.0098016374891831,0.0,0.0362654725880837,-0.0521008403361344,0.0088179151729594,-0.0020483562883281,0.0286604025398022,-0.0112762816270426,0.0177826222360635,0.0194291196929718,0.0269361333594624,0.0,0.0,0.0088827852206818,-0.0012983425414364,0.0064232247622899,-0.0006526485665463,0.0,0.0110110984881588,0.0178807987079367,0.0,0.006390480387836,-0.0005906612241453,0.0,0.013627842730995,0.012326078364383,-0.0033133153862083,0.0050734850010067,0.0116009280742459,-0.0014836795252225,-0.0056268613446485,-0.0024038028701586,0.0,0.005921658064258,-0.00345079469031,0.0141841125901553,0.0,0.0006972662354838,0.0101500000000001,0.0,-0.0028249714709802,-0.0064777921728715,0.0152719605664302,0.0,0.009712540142555,-0.0094681858735766,0.019189504015695,0.0210573254719317,0.0,-0.0037662555335363,-0.0116626658816069,0.0
2016-07-05,0.0120690627542923,0.0,-0.0371926875393989,0.0377308398908322,-0.0133569217160547,-0.0194353469914655,-0.0075893836367625,-0.0073617920789171,-0.0003889935304234,-0.027494542540551,-0.0109638164663002,0.0,-0.0451364590622813,0.0,-0.0435196675420623,0.0222518914107698,-0.0163290128163235,-0.0067242569998909,0.0150368033648791,-0.006474745529166,0.0046543463381245,-0.0741986509336194,0.0,0.0,-0.0204272045102632,-0.0087625561017311,-0.0457960102851956,0.0,-0.0317161134960868,-0.0381205673758865,0.0174909084196341,0.0160175286162216,0.0216630627088658,-0.0045696779342481,-0.0476117621859796,-0.0427058823529411,-0.0114804555247769,0.0,0.0,0.0070378683657954,-0.0117555942798661,-0.0097827361508953,-0.0071125782205492,0.0183281180151988,-0.0078658483879333,-0.0093954466848514,0.0,-0.0025545580614554,-0.0343630280835436,0.0,0.016145712929954,0.0065843022293983,-0.0565729720103291,-0.0587716838267697,-0.0037987385321101,-0.0460624071322437,-0.0207529916908518,0.003853547158573,0.0,0.0501571138777297,-0.0441183904559701,-0.0311959091223801,0.0,-0.0079048534358481,-0.0194030589516408,0.0,-0.0058420096513199,-0.0243455368566085,0.0170347711391127,0.0,-0.0186065582854039,0.0049241732864591,-0.0424085659287776,-0.0536320846273291,0.0,0.005126428818843,-0.0110670668835781,0.0
2016-07-06,-0.0056998654640693,0.0,0.0037920122217371,-0.0145415472779371,-0.0169182250630215,-0.008508459700619,-0.002342852090885,-0.0048210232104169,0.0,-0.0059479835578033,-0.0099708749405611,0.0,0.0307805056797361,0.0,-0.0158706212473221,-0.0307647656363372,-0.0202172127743995,-0.0027079114927667,-0.0173003211436859,0.0171945836315916,0.0073125312258708,0.0522780832678713,-0.00432364549695,0.0,-0.014895126152599,-0.0141224665804225,-0.0194617633590474,0.0,0.0028240052063963,-0.0718894009216589,0.0315229913731325,-0.0082915039970254,-0.0018086662048795,0.0015388395339515,0.0233253012048193,0.0247019786161977,-0.0174113397888967,0.0,0.0,0.0220876892768295,-0.0052899686520375,-0.0045506064655828,0.0039106412494918,-0.0089259584430787,-0.0170858260246654,-0.0008278741631272,0.0,-0.0038050636616421,-0.0220881558958216,0.0,0.0052923990612576,-0.0156923845587462,0.0308636149126946,0.0226440793394058,0.0,-0.0087227414330218,-0.0019216975897582,-0.012801841163673,0.0,0.042118021362018,0.0075492153311209,0.0033282626673065,0.0,0.0090092271923662,-0.0307404977032962,0.0,-0.0017146031056051,-0.004009633206824,-0.0241445916114789,0.0,0.0013098760134599,-0.0033127618325613,0.0196620390728059,0.0143313122508363,0.0,-0.0327579925760365,0.0,0.0
2016-07-07,-0.0041713036725086,0.0,0.0030167142274766,0.0206648044112609,-0.0019097687892279,0.0074258034375076,-0.0123842438743407,0.0041013752981298,0.0038914490527393,-0.0093469519980182,0.0246303939962477,0.0,-0.0245289726270885,0.0,-0.0053806297329612,-0.0317412786345262,-0.0007440055753328,0.0181017612524461,0.0025300442757747,-0.0026242871175358,0.0072594462981334,-0.057407338285245,0.0373159876754536,0.0,0.008064184324213,0.0071077091306726,-0.0171896610565266,0.0,-0.0056263109710165,-0.0317775571002979,0.0138859575066834,0.0128349330133974,-0.004253569271496,-0.0068689477081989,-0.0211924272393331,-0.0241065003597985,0.0299577283587575,0.0,0.0,-0.0074567018866862,0.0079630828104335,0.0,0.0100661147179699,0.0273143363354495,-0.0310330224450201,0.0090841408792343,0.0,0.0153518436903188,0.0131767177790693,0.0,-0.0149241287310321,0.0048154950743029,0.0239577610938168,0.0062848580704235,0.0153248435139219,0.043997485857951,0.0092608913777441,-0.0170203078043893,0.0,0.0054154248746094,0.0092772412345158,0.0163418977359448,0.0,-0.0240741185224299,-0.0077075304655764,0.0,0.0161594658667569,-0.0111911483586737,-0.0101088646967341,0.0,0.0084917788754312,0.0080974867682945,-0.024149827501232,-0.0165805204160295,0.0,0.0155441996823975,0.0104494902687675,0.0
2016-07-08,0.0157099212091975,0.0,0.0391264293068878,0.0122902868072722,0.0011502037043009,0.0295086768690049,0.0286682070032975,0.0215108664283971,0.0275221870855859,0.0479547574851162,0.0032812820437699,0.0,0.0262390670553933,0.0,-0.0048625988317432,0.0642028761404052,0.0412994920030536,-0.0017779913503123,-0.004521556256572,0.0087755402028517,0.0333945118402791,0.0609036550112858,-0.0033524405072085,0.0,0.0099995918533937,0.00814332247557,0.0363330652825499,0.0,0.0101916543811293,0.0082051282051283,0.013704452212228,-0.0020112779635503,0.0396329659551402,0.0334122052055436,0.0249871696176546,0.0099545286960796,0.0122941741120874,0.0,0.0,0.0059393028760965,0.0290324381664899,0.0374039834137718,0.0270079018752211,0.0441218741017535,-0.0326774134531335,0.0429412079706308,0.0,0.0555595746220067,0.0278638795433234,0.0,0.0187171271386252,0.0125626470627333,0.027569968108253,0.0292840302767094,0.0112670068027211,-0.0382299819385911,0.009941693312196,0.0220954039706877,0.0,0.034847991902541,0.0293700838588051,0.0279833001271514,0.0,0.0363010329562223,-0.0177390574157657,0.0,-0.0018648129632274,-0.039369070633874,0.0178675998000428,0.0,0.0055016941192256,0.0147719949070217,0.0099116161616159,0.0106146471850623,0.0,0.0153162996301232,0.0118089472839419,0.0
2016-07-11,0.0,0.0,-0.0217209908735331,0.0842839482597463,0.0581688749543669,0.014864864864865,0.0458381490285015,0.0021804010199351,0.0113176078151058,-0.0054057030626198,-0.0261498028909329,0.0,0.0383522727272727,0.0,0.003260154102296,0.0975850745401178,0.0,0.0,0.0842928065913171,0.0072420475905983,0.0374052414988086,0.0088275913553059,0.0071370061174338,0.0,0.0079204719954739,0.0444803446418955,0.0129973194130925,0.0,-0.007291185971389,-0.0152594099694811,-0.0210830745009454,0.0010138476755687,0.0058716188537308,0.0356657608695651,0.0178375841026443,0.0343149184716475,0.0016168836694749,0.0,0.0,0.0138657948876927,0.0012750257717975,0.0044065853059218,0.0097037207165824,0.0170681348933241,0.0066196635529731,0.0196081787270943,0.0,-0.0037694469193338,0.0042175980081777,0.0,0.0279990030028602,0.0112580086125406,0.0479754031790231,0.0528430781595339,0.0149253731343281,0.0334898278560249,0.0227339239630723,0.0153273027210267,0.0,0.02329968211828,-0.0020208654356228,0.0218746347734621,0.0,0.0227596354661099,0.0440265013891858,0.0,0.0178004976825165,0.0254424778761062,0.0325821569893076,0.0,-0.0061166160655701,0.0079155161931168,0.0146902544227043,0.0413768549012627,0.0,0.0215418941465679,-0.0218918551420932,0.0
2016-07-12,0.0015514430003007,0.0,-0.0155396220380094,0.0184459089940027,0.0220646058152336,0.0152077931179477,-0.0127608999353613,0.0014456194117775,-0.0082066988651982,0.0181138691519793,0.0234936056012833,0.0,0.0327633378932969,0.0,0.0048704807187625,-0.0011914533082686,0.0361225505724758,-0.0048981851441776,-0.0135411592791038,-0.0040217580001157,0.0198551057477505,0.0470446767181573,0.0041705242573957,0.0,-0.0127696255312326,-0.0177356155908434,-0.011542278163681,0.0,0.0152473038304203,0.0268595041322314,0.013250937442639,0.0050394012005632,-0.0227446624706898,0.0441431920605419,0.0590315142198309,0.0710588235294118,-0.0008071367884452,0.0,0.0,-0.007685892981237,-0.0153621068032188,-0.0135531852431745,-0.0083707705430765,0.0665854648802273,0.0131627018507114,0.0038439802821157,0.0,0.0037837094111172,-0.016201081496997,0.0,-0.0161755876783815,-0.0221095611193694,0.0310268474951562,0.0280152671755724,-0.0367301850317591,0.0281647486371896,-0.0003771965193866,0.0081059124954248,0.0,0.0354338772444868,0.0135798719214315,-0.0261051066506549,0.0,-0.0096298874579418,-0.0179631525076765,0.0,-0.0357282342097451,-0.0050558219934755,-0.0024324618144261,0.0,0.0294733072989517,0.0019633382128627,0.029016757023164,0.0492325726217077,0.0,-0.0195123365515641,-0.0141797961075068,0.0
2016-07-13,-0.0103611791669959,0.0,0.048112849948557,-0.0155270175566334,-0.037512658102178,0.0224584656449906,0.0146154983420279,0.015200398415001,0.0221909889935862,0.0032084689077609,-0.0163917616382972,0.0,0.0119213192926683,0.0,-0.0075429958444391,-0.0491729403032552,0.0273419756106083,0.0102920723226704,0.0028639146750939,-0.006071521947535,0.0137569603668521,0.0,0.0157597690750075,0.0,-0.0089548601945295,0.0125971026663866,0.0220507943217442,0.0,-0.0061183608058608,0.0160965794768612,-0.0114472537805266,0.0050018434312399,-0.009547021607082,0.0357387996323743,0.0451734649441137,0.0220782073813707,0.0097056126136523,0.0,0.0,0.0182640727201421,0.0234164327775026,0.029347089264752,0.0206448061108626,0.0312143129044537,0.0,-0.0038292606795683,0.0,0.0047974778973338,-0.0176736405309695,0.0,0.0103859830303598,0.0103953002091008,-0.0225765751254999,-0.0018935174871909,0.0037987385321101,0.0073637702503681,0.0252036328623104,-0.0014257250387424,0.0,0.0073519715152314,-0.0039956547254859,0.0144740318839728,0.0,0.0090674789128397,0.0140705612590545,0.0,-0.0137466787635278,0.0018418852544674,0.0121647209470228,0.0,-0.0040868232557634,-0.0216924480984116,0.009399509070227,0.0073432717708805,0.0,0.009413133045518,0.0136316630628936,0.0
2016-07-14,0.0,0.0,0.0688693136317841,0.0446809100742371,0.009195698702906,0.0366161047846245,0.0531859530797893,0.0335004088016779,0.0412010767472934,0.03014807520305,0.0022190120184073,0.0,-0.0176058642581321,0.0,-0.0059672613288959,0.065265270846692,0.0279407513222114,-0.0035433824937751,0.0118168389955686,0.0145408312386741,-0.0153473344103391,0.0219442383123078,0.0416680804859015,0.0,0.0331311723968363,0.0428156748911465,-0.0101499224539031,0.0,0.0005585916579806,0.0198019801980198,-0.0077140563370449,-0.0099661273952333,0.0240976144636686,0.0195666580552402,-0.0216105108191438,0.013003761418592,0.0124093957713014,0.0,0.0,0.0098898226984496,0.0444707337402199,0.0317388929936715,0.0284866668914136,0.0378983634797589,0.0227277410315056,-0.0076935558775969,0.0,0.0154832548939363,0.0024770266833276,0.0,0.0162609180449728,0.0093094454408682,0.0254051084866795,0.0282334560874903,0.0228489825062478,-0.0204678362573099,0.0137325329035042,-0.0044163030754497,0.0,0.0558337424316806,0.0154449835144858,0.019553934903822,0.0,0.0059674460723986,0.0201449200883909,0.0,0.0321475798966743,-0.0405512889051151,-0.02835724475788,0.0,0.0110556931908716,0.0175952964233219,0.009311981020166,-0.0263747689463956,0.0,0.0223710806667383,0.0291226117603411,0.0
2016-07-15,-0.0078502463683626,0.0,0.0234913115982309,0.0132035398230088,-0.0036437412483772,0.0141117214129089,0.0131438510495314,0.0048222774082151,0.0,0.0062004490282747,-0.0099708749405611,0.0,0.0199200532978014,0.0,-0.0032779482068612,-0.0208060717089767,0.0123002349204248,0.0048894762133588,-0.0079805352798053,-0.0309551589530847,-0.005701394585726,0.0480463347164592,-0.0156845499853416,0.0,0.0097177875176011,-0.01202902873049,0.0064065737017111,0.0,-0.0262851946497226,0.0145631067961162,0.0194438581680034,-0.0106716731306043,0.0088270813361386,-0.0006499873307554,0.0220878403316013,0.0385105028644174,0.000796159422012,0.0,0.0,-0.0126532280032687,-0.0048652405591165,0.0052464426939002,-0.0032778287662251,-0.0365145228215768,-0.0222226699439899,0.0096929166713657,0.0,-0.0020822138635141,0.0414869560421375,0.0,0.031178568163116,0.0074465592209753,-0.0074996651935181,0.0082483177772954,0.0110994764397904,-0.0313432835820896,0.0028420116935634,-0.0060214134288206,0.0,0.0321750720684417,0.0197162927937382,-0.0046646292423997,0.0,-0.0313913766041916,-0.0190418618709384,0.0,-0.0178251700950941,-0.0014405501270674,-0.0014959484728859,0.0,-0.0115608808290154,0.0021069742001587,0.0829170829170828,-0.0005695504111441,0.0,-0.0036485195797516,0.0029064527757751,0.0
2016-07-18,0.0058034708136127,0.0,-0.0131053861956597,0.0155207350731929,0.0073090041802374,0.0134443707049731,0.0363448370042334,0.0161294739436426,0.0208501892512718,0.0215634832782769,0.0022363977485928,0.0,0.0146972369194591,0.0,0.0257473850312077,0.0531337698783911,0.0102305134050775,-0.0075196958647648,0.0262925537133327,0.0153848440705175,0.028361041211171,0.0224517065606493,0.029080830644494,0.0,0.0356097656787066,0.029482793318575,0.0012800774965835,0.0,-0.0120580916296747,0.0516746411483255,0.035420063317892,0.0264675772179079,0.0203998519067012,-0.0039024605344385,0.0273603511013582,0.0657881295331492,0.0019710048562711,0.0,0.0,0.0041246499565463,0.0220135547622741,0.0156571835653778,0.0170349907918967,0.0455272548295804,0.0064906966681088,0.0195738977466284,0.0,-0.0007403917345359,-0.0017793594306049,0.0,0.010618017378968,0.0139753960664719,0.0332748616920794,0.048080373161105,0.0478458989229495,0.0036979969183359,0.0259550561797752,0.0087731875616094,0.0,0.0356166851857413,0.0193471838829966,0.0182326324194834,0.0,0.0098894290344104,0.0055461408103527,0.0,-0.0011504962527849,0.010098398138193,0.0213075866661118,0.0,0.0173857965031833,0.0136108025415031,0.0766225309311916,0.0138432131451162,0.0,-0.007582584021933,0.0238806640756632,0.0
2016-07-19,0.0057699848747969,0.0,-0.0152892759726277,-0.0476739285622134,-0.0036254391771475,-0.0083440714843998,0.0486050976996348,-0.0020212364577156,-0.0038079274125224,-0.0053581331854442,-0.0134183963818252,0.0,-0.0308355864555168,0.0,0.0133578048724762,-0.0134507524807755,-0.0038016355121287,0.0066852971644704,0.0,0.0046553162833595,0.002045851134244,-0.0066795740561471,-0.0007717972424327,0.0,0.0157986572089672,0.0453523604730721,0.027987492009744,0.0,0.0104642188332007,0.0136487716105551,0.0078980912946038,0.0118952054294678,0.02857903075602,0.0248456141127515,-0.0140052993024387,-0.0308636058660018,0.0118383163283444,0.0,0.0,0.0034894903146036,0.005973322534106,0.0034155713457959,-0.0058742374269761,0.0144756973049311,0.0129079146705974,-0.0022566686750287,0.0,0.0110467465984103,0.0256026653085477,0.0,0.0185891952359018,0.0004779048650715,0.0124582114500626,0.0199246833276276,0.0771562232325229,0.0208781086889777,0.0013872157120431,0.0121703133189421,0.0,-0.0085834420762651,0.0056892415136471,-0.0056295162163675,0.0,0.0084475801694234,0.0359021500434093,0.0,0.0067000316345318,-0.0037995661488298,0.0329924072640341,0.0,0.0301521022745567,0.0062267256221038,-0.0434979838709678,-0.0420984835177704,0.0,-0.0073797173684159,0.0049368088467613,0.0
2016-07-20,-0.0026098442050318,0.0,-0.0060745960393634,-0.017972291963947,0.0091067979026768,-0.0420927062031355,0.0200703719661066,0.0084591288380004,0.0086874617065833,0.0127984079192293,0.0079389173927564,0.0,-0.0089671205579542,0.0,-0.0047421146374274,0.0090808530342396,-0.0501863414554931,-0.0017709068718366,0.0027722015103717,0.0043423142494936,-0.0465581777057186,-0.0153818666146899,-0.024410848908592,0.0,-0.0036595156743032,0.0273024777933614,0.0049409273482008,0.0,-0.0143880632364259,-0.0125673249551166,-0.0020913066120006,-0.0252896773883359,-0.0083366648637207,-0.0344481280304094,-0.0284633102994404,-0.0239343289486698,0.0007788161993766,0.0,0.0,0.0031761677892776,-0.0035727764498678,0.0064887700209708,0.0156668437544047,0.0857308584686775,0.0267500732671066,0.0101889568396664,0.0,0.0035309793471018,0.0296189776642079,0.0,0.0031762438493923,0.0104515635946753,-0.0130272152715078,0.0033901718582169,0.0423293369219475,0.0442105263157894,-0.0034632350260654,-0.0032824581574351,0.0,-0.0043581268829154,-0.0062003235978411,0.0082338913351671,0.0,0.0047031845941456,0.0066554920134096,0.0,-0.0210863031689885,-0.0315538904743226,0.0239572923788986,0.0,-0.0132749817651348,0.004952062228654,0.0289297570743531,-0.0195965770171148,0.0,0.0084952755369149,0.0105456212746446,0.0
2016-07-21,0.0041882728360591,0.0,0.045495660677179,0.0209130370806358,0.0064975184847566,0.0,-0.0187427404878391,-0.005034242219351,-0.0075791229612975,-0.0133057788242467,0.0674086233641058,0.0,0.0361260053619303,0.0,-0.0127159598888486,0.0225360730127976,-0.004684561463498,0.0004435121366497,-0.0022878932316491,-0.0121146173376859,0.0135200386286817,0.0536630429403321,0.0079419405385343,0.0,0.0064276746060003,-0.0109219987257668,0.0049333578607622,0.0,-0.002330890303977,0.0190909090909092,0.046577316854975,-0.0066344398954273,0.0095213251597756,-0.0023150995940187,0.0131809201241885,0.0204681325362245,-0.0027266610105027,0.0,0.0,-0.0122140946558217,-0.0095447314597379,-0.0111877764860417,-0.0133862806635497,0.2894540014958864,0.0397047244094488,-0.0082167661156216,0.0,-0.0035185554006506,0.0186186246533499,0.0,0.0182028935731766,-0.0064292062451545,0.011003659174072,0.0025424012310575,-0.0468309859154928,0.1610023041474655,0.0,0.0014088847796416,0.0,0.0,-0.0029828397585207,-0.0071423250270047,0.0,0.0043318272858541,-0.0066114892991822,0.0,0.0013581141145095,-0.0098737500698286,-0.0155892852556693,0.0,0.0088599307256906,-0.0031463522564483,0.1003789818703269,0.0539047595296582,0.0,0.0049982631518006,0.0173926194797338,0.0
2016-07-22,0.0098907646474677,0.0,0.0032268624608333,0.0576164309521665,0.0043020383107832,-0.0015344244796301,-0.0162311458650932,0.001682085786375,0.0065955950195035,0.0010128929252004,-0.0031604046446661,0.0,-0.0116437026974578,0.0,0.0359470125738061,-0.0044128646222887,0.0134413219733406,0.0097529414583883,0.0310529333078539,-0.0038037891026582,-0.0118275783499389,0.0074054358717434,0.0118231357083244,0.0,-0.0100361225933787,0.0237416030183124,-0.0012314451174864,0.0060081561497993,0.0163784382677394,-0.0276538804638716,-0.0100041947968689,0.034411698984532,0.0016678412027248,0.0049660336748649,0.0534585062818619,0.0399165921954123,0.0019537781845704,0.0,0.0,0.0079440737210041,0.0024219247928616,0.0030843461796861,0.0061888686921145,-0.0560987736161751,0.026251017664767,0.0169477594766085,0.0,0.0007328447701533,-0.0099726762480641,0.0,0.0178669308934518,-0.0009452455418033,-0.0036452004860266,0.0075744936434314,0.00978943479867,-0.0339866038203919,0.001048678177739,0.0031303583205097,0.0,0.006551116333725,0.0552105558005651,0.0226034270922237,0.0,0.0458213523791855,0.0233681719581937,0.0,-0.0149272133950367,0.0348956937529092,-0.0028045917036264,0.0,-0.0075679070497723,0.0050786437387846,0.0255515219212509,-0.014363464268812,0.0,0.0052422374560747,0.0027394932999214,0.0
2016-07-25,0.0,0.0,0.011653925041954,0.041769585881471,0.0017885950761029,-0.0062139468585046,0.0334901188653102,-0.0067304785894205,-0.0031037580883754,-0.011782259724223,-0.0094971197259847,0.0,0.0117808757117612,0.0,-0.0036250073829071,-0.032078731875892,-0.0179072349297015,-0.0052684038160329,-0.0035214530627375,-0.0161283189102328,0.0119691443424307,0.0092004040718003,-0.0202485787988323,0.0,0.0,-0.0231910112359551,-0.0122629877703355,0.0047716301522464,-0.0028733589269633,0.0256880733944953,0.0101052900873819,0.0414876509132804,0.0083135948969301,-0.003301765775413,0.0055003173259995,0.0077341735892293,0.0136439228913403,0.0,0.0,0.0,-0.0048067141403865,0.0006849940633848,-0.0076239838272613,-0.0324817838644543,-0.0308190430507254,-0.0351841375037041,0.0,0.0499300978629917,-0.001115915748361,0.0,-0.0007663390739724,-0.0127887631602342,0.0007265179034767,0.0075506689627766,0.0065239924394855,0.0128402670775551,-0.0003532535873511,-0.0018670944329028,0.0,-0.0324548346612963,-0.011600718408657,0.0030174904384991,0.0,-0.0019068736141906,-0.0280373831775702,0.0,0.0131841356463981,0.0115576999086832,0.0088822028909674,0.0,-0.0015293422773487,-0.0054647058603355,0.0213750850918992,0.0157371617890669,0.0,-0.0026074498567335,-0.0115845652081834,0.0
2016-07-26,-0.00206104468219,0.0,-0.021749147544005,-0.0232442155179462,-0.0017854017153858,-0.0062528014343343,0.0065621196352025,-0.0033880424418251,-0.007956521343323,0.0023776053869248,0.0191906490240347,0.0,0.0417232679992236,0.0,-0.0041568795986869,0.0308651557487322,-0.0175520347934141,-0.0048549479912206,-0.0076257788524132,0.0193745598393695,0.0024235143028772,0.0209433758873984,0.0294158915144562,0.0,-0.0036864972633399,0.0063494984816416,-0.0062076178266591,-0.0097381599127813,0.0109680524280035,0.0563506261180679,0.0,0.0163511286772755,-0.0329685664778872,0.0049690553199108,0.036818851251841,0.015254879666477,0.0192314358008574,0.0,0.0,-0.0057568945665881,-0.0096854156551071,-0.0092182722584767,-0.0126995134742705,0.0167861355593865,-0.0131917080692136,0.0003853349342417,0.0,0.0029167459260668,-0.0033614618868075,0.0,0.0045911969240017,0.0019232253582732,-0.0014519809168221,-0.0124572705758612,0.0,-0.0032961460446246,-0.013525863644672,-0.0259511012751606,0.0,-0.0134234261409912,-0.0039084820918379,0.0115215801024139,0.0,-0.0187719376194073,-0.0174464710547184,0.0,-0.0031048994819676,-0.0137970061574529,0.0342824542295523,0.0,0.0195738747398777,-0.0054947329597416,0.059228650137741,0.0574116312324946,0.0,-0.0096622520995528,0.0075850099633605,0.0
2016-07-27,-0.0015529174352425,0.0,-0.035963259538389,-0.0041601446424535,0.0096443852142806,-0.0110056155702397,0.0018751862042376,0.0037388377710827,0.0034871023097464,-0.0125696873160429,-0.0062811076060288,0.0,0.0242175856929955,0.0,-0.0083559034495075,0.0088593299033754,-0.0192446201141852,-0.0031045849565477,-0.0327054634054914,-0.0055563721887402,0.0099805761044755,0.0124892529073714,-0.0347490037924039,0.0,-0.0018500689056276,-0.0220373079736649,-0.0237464779169637,0.0040741431859174,-0.0011401503352865,0.0169348010160879,0.0499972298511242,-0.0081290673680868,0.0107869546394727,0.008218537367618,0.042106331168831,0.0451703219785348,0.0211300735131581,0.0,0.0,0.0229954781074226,0.0158701486374897,0.0062026929513456,0.0038961751632553,0.0,0.0042534722222222,0.0226366853863588,0.0,-0.0060061958652083,0.0,0.0,0.0053233194404325,-0.0019195336624574,-0.0101786456169505,-0.0311532700948578,-0.0419190695420402,-0.025947596031544,-0.022864554382064,-0.0025605654882655,0.0,-0.0090809025866813,-0.0013079394217531,-0.0034623033809437,0.0,-0.0029206004211098,0.0102401129943503,0.0,-0.0027262813522355,0.0072409317576336,0.0447798615986361,0.0,-0.0150020721094074,0.0127077112874598,0.0888040605730107,0.0271472478345906,0.0,0.036125239320041,0.0410845295055821,0.0
2016-07-28,0.006213435864236,0.0,0.0040554076173258,0.0298646717659913,-0.0134426343395047,0.0174902515221306,-0.0377134061013154,-0.0288055271999621,-0.0444706592411731,0.0106694487305372,-0.0010440622486842,0.0,-0.013641324117861,0.0,-0.0136786896070472,-0.0032837454599732,0.0280317753159171,0.003114253420869,-0.0124975779887618,0.0038284160113521,-0.0122757125028131,0.0,-0.1436011595743797,0.0,0.0129744860325686,0.0192613370733989,0.0012692341128401,-0.0133746321821277,0.0028536294047387,-0.0166527893422148,-0.0433350419103902,0.0242212950791564,-0.0162992397653861,0.0110896338432651,-0.0126083146723783,-0.0180373247611393,0.0179064048978958,0.0,0.0,0.009689504608916,-0.0120151395839154,-0.0054930802447472,-0.0110309391057178,0.0165090130287346,0.0351129935363663,0.0135106365556885,0.0,-0.0217529576389772,0.0213477186064434,0.0,0.0241975207290043,0.0001608047958423,-0.0191238195173136,-0.0060805936308356,0.0168184117349521,-0.0221990075737791,-0.0154859425566343,0.0328123728859521,0.0,0.0343114566941282,0.0222755784297958,-0.0124277692607746,0.0,0.0032697547683924,0.0114844959304938,0.0,0.0210911741802939,-0.0086402170227195,0.0209983201343892,0.0,0.0130953382699428,0.0061358634116446,0.0241562644475266,0.0063435759052923,0.0,0.0157810254400208,0.0065976264885512,0.0
2016-07-29,-0.0329232314355658,0.0,0.0283948514562399,0.0226243235963861,0.0039433842687135,-0.0057373375168086,0.01837780847815,0.0191908785900238,0.0312661498708011,0.0265611852777127,0.0115814301653884,0.0,-0.0046099944680066,0.0,-0.0106732597945986,0.0021963759796335,-0.0156809450382876,0.0128618519628409,-0.0013734916118905,-0.0026358027418238,0.0,-0.0246703910614525,0.0088747926790235,0.0,0.0256166097201218,0.0094486744335382,0.0498715010071544,0.022032323283061,-0.1545023585459154,0.0076206604572395,0.0353386124571564,0.0105575643944466,0.0171498373305274,0.0074285277313494,-0.0089483804170982,-0.0036373556424479,0.005861984349865,0.0,0.0,0.0176981701213245,0.0158122075384377,0.011031498841616,0.0183836128276275,-0.0054428935124221,-0.0064392217263423,0.0092532747328506,0.0,0.04408322496749,0.0302596766291034,0.0,0.0007414383904773,0.0100711929154366,0.050225990211548,0.0375708557998064,0.0198358413132693,-0.0053418803418803,0.0274271626497515,0.0324000735171845,0.0,0.0420333522269622,0.0333314603584873,0.0256643427301204,0.0,-0.0016295491580662,0.0013328725872536,0.0,0.015682297582346,-0.043030319614711,0.0873193089669761,0.0,-0.0111195323774619,0.0036620377420155,0.1061956889741564,-0.0283607425908505,0.0,-0.0027562129633882,-0.0019683441558441,0.0
2016-08-01,0.0106367442313308,0.0,-0.0144560639757725,-0.0016999880282533,-0.0100001002014048,-0.0167703543413577,-0.0171001195937382,0.0099304052069746,0.0014105812151414,0.0,-0.0052078243022493,0.0,-0.0222304557243423,0.0,0.029666197605481,-0.0055038103302285,0.0228517820318792,-0.0105091244763189,0.0089399744572156,-0.0094047126911946,-0.0121175715143858,-0.0352380515969389,0.0115751422858021,0.0,0.0026760845424258,-0.0452562704471102,0.008534568309626,-0.0037905083704499,-0.0391090139476788,-0.0092436974789916,-0.012496194824962,-0.0203423522915516,0.0101068952806744,0.0009542502087422,0.0206452254806854,0.0330382403942686,-0.0207633091185082,0.0,0.0,-0.0256527954464977,-0.0119719557569161,-0.0069806968556513,-0.0102144935087491,-0.0217141848353782,-0.0161276766620284,0.0077061830912255,0.0,0.0,-0.0037379444159104,0.0,-0.0073788546255505,0.0134599099701384,-0.0585194428174896,-0.0522335853959159,0.0714590573745503,-0.0080558539205155,0.0469786914953445,-0.0002967082340772,0.0,0.0212424849699399,0.0047199051668824,-0.0024538558673127,0.0,-0.0324628219078709,0.0140011831985802,0.0,-0.0246739034930068,0.0131392705488755,-0.0389969736273239,0.0,-0.0063834701719756,-0.0232316317279404,0.0240087057063185,-0.0324379061693224,0.0,0.0148233451563868,0.0161641217493848,0.0
2016-08-02,-0.0084134132928719,0.0,-0.03668227103589,0.005676276362706,0.0068572180443517,-0.026639156350298,-0.0236811041496413,-0.0143366266999384,-0.0123622682074711,-0.0112807686132683,-0.0041824561403508,0.0,-0.0056839712012125,0.0,-0.0314327321608602,-0.0243407707910749,-0.0135414593626428,-0.0008850615955029,-0.0284323271665042,-0.0216409568522244,0.0085758617797535,-0.0599252715240176,-0.0128207565101691,0.0,-0.0160136533643195,0.0146582905006664,-0.0289950144319076,-0.0011901972150619,0.0084203532793158,-0.0059372349448684,0.0009710383945498,-0.010111827569103,-0.0005532601146545,0.0047992026606866,-0.0417225160236881,-0.0533616043820125,-0.0044676963959475,0.0,0.0,0.0014806240157214,0.0060457014038324,0.0027354972797848,0.0119649496068345,0.005503924930073,-0.0542161813280687,-0.0134727209176702,0.0,-0.0467679661228047,-0.0134039810969498,0.0,0.0022291034162775,-0.0206190748430952,-0.0166887560520406,0.009771185547081,-0.0182097535992715,-0.0370871683811585,-0.0482727337837515,-0.0128300798806031,0.0,-0.0186981385960978,-0.016052389457163,-0.0113119125212097,0.0,-0.0328959700093719,-0.0328665888759237,0.0,0.0023422656096443,-0.0523693940334735,-0.0474064243296742,0.0,-0.0042794649083879,-0.0047015233541827,-0.0598764612114771,0.0050259347433552,0.0,-0.0185649182054215,-0.0032214174236663,0.0
2016-08-03,-0.0106221916366433,0.0,-0.0103670845066912,0.0254229203764944,-0.0050161592705962,-0.0038155353525838,0.0158479194955449,0.0086035964954409,0.0231855500821018,0.0033587447012171,0.0157712256173185,0.0,0.0457317073170731,0.0,-0.0086509992598075,0.0487667154333821,-0.0082364086100732,0.0017716912468874,0.0182401282822208,-0.0106028060874732,-0.0148853454190142,0.0567728244943326,0.0037065205880368,0.0,0.0099453834231308,0.0145403377110693,0.0211457911093095,0.0178557095668818,0.0020910913778287,0.1092150170648462,0.0189707739213451,-0.0042705355821024,0.0027796099123715,0.0481940700808625,0.0356043844256248,0.075221651889874,0.0194357785155403,0.0,0.0,-0.0200529548539708,0.0397229578325524,0.0328888211536997,0.0416802132778464,0.0111270638908829,0.0191080245674601,-0.0118046832222113,0.0,0.0125432808518979,0.0244433477516186,0.0,0.0089066462702789,0.0003207369251592,0.0447268526159432,0.0475477740262453,0.0555845360227205,0.0877143660387966,-0.0107111501316944,0.0021389363730854,0.0,0.0720182831024138,0.0195705265010672,0.0144287958447972,0.0,0.0083341409051265,-0.010205107580937,0.0,-0.0083666966255413,0.0126282557221784,-0.0101184221400992,0.0,-0.0095295703203759,-0.0143082263737266,0.0969303048500476,0.0461401139770671,0.0,0.0035334708488654,0.0012847020093542,0.0
2016-08-04,0.0042961302095694,0.0,0.0125909697564905,0.0644701139623227,-0.0151243439298035,0.0439521467751087,0.0268068042407487,0.0197881733522893,0.0108119509197954,0.0147187843374418,0.0041348115053212,0.0,-0.0009110787172011,0.0,0.1080156174654285,0.0453978120946625,-0.0096845233357212,0.0039792552937241,0.0113188976377953,-0.0122561473201225,0.0049382716049382,0.0263912794033276,0.0263294198895029,0.0,0.0295423403672239,0.030235783633842,0.0219318557724115,0.0121681214628435,0.0131921218877739,0.0030769230769229,0.0076389518542026,0.0272199094194609,0.013871270848015,0.027823493108414,0.0509565089265982,0.0279489627636488,-0.0069660371594715,0.0,0.0,0.0268272277159824,0.0023021159874609,0.0023165567408849,0.0056699958385351,0.0654952076677315,0.0,0.0156831429300912,0.0,0.1261371701400091,0.0074244098727649,0.0,-0.0183842232840227,0.0204051532310296,0.0014744602422327,0.0092374148529656,-0.0204810015374478,-0.0336004135435513,0.0014453065571276,-0.0015257753167269,0.0,-0.0019719661035015,0.0142855601471714,0.0210891904472054,0.0,0.0154973570398846,0.0089390014729036,0.0,0.0135293245225187,-0.0301475021691495,-0.0830868320610687,0.0,-0.0254352600846414,0.0105693223199216,0.0,-0.0031831805552516,0.0,-0.0304172696352692,0.0110061947434894,0.0
2016-08-05,0.0202969167590119,0.0,-0.058715276914277,0.0248423229866137,-0.0248660015900289,0.0063186502094891,0.0071152165772061,-0.0023479815363269,0.0062054887729643,-0.0019810457571204,-0.0195802069947077,0.0,0.0054714572314424,0.0,0.029544720697449,-0.0331023504073415,0.007689422355589,-0.0048442577097491,0.0204379562043794,0.0489937802996056,0.0033810033810033,0.011940252158251,0.0207007411145689,0.0,0.0043476717773991,-0.0278226530245917,0.0131097659664001,-0.0060109191372563,0.0047962307269111,0.031441717791411,-0.0004724090612557,-0.0036296428253318,-0.0076574645798819,0.0116087065298973,0.0387886718384895,0.0407835852402262,0.0088606412841063,0.0,0.0,-0.0221325817783536,-0.003445242633045,0.0023112027086706,-0.0059276884084208,0.0,-0.0218714302595816,-0.0058832967855805,0.0,0.0599862495702991,0.0078947615163191,0.0,0.0,0.0359407502372379,-0.0228467767378273,-0.0299608204655451,0.0059980940635684,0.0294196309173575,0.0093682744651222,0.0077950619827615,0.0,-0.0395973512763002,0.0218392638689433,-0.0024019917245248,0.0,0.017271974446942,-0.0020639315378806,0.0,-0.0133487252861603,-0.0096438156757494,0.0315971589874339,0.0,0.0130715361528566,0.0172950086742531,-0.0252471580845651,0.0111931699715781,0.0,-0.0147826334952609,0.0172912948641681,0.0
2016-08-08,0.0078502463683627,0.0,-0.0168560105680317,-0.010105388830063,-0.0131234976356665,-0.0198721699599404,-0.0023549826474963,-0.0023468214276162,-0.0099360737180931,-0.010236094639718,0.005257075205773,0.0,-0.0099764193723924,0.0,-0.0028703697390758,0.0192726744467579,0.0235746634406601,-0.0044253079775147,-0.0255603242727705,-0.0097482687906796,-0.0009208874005859,-0.0254092952603071,-0.0365880457075885,0.0,-0.0190469459511988,-0.0062776957163958,-0.0400025560738704,-0.0048836368021222,0.0177385615409455,-0.0148698884758363,-0.00948265514344,-0.016035311207956,-0.025928087788933,0.0152940594549142,-0.0489922620118767,-0.0457569365568716,0.0021943437115443,0.0,0.0,-0.0028684605928152,-0.0069633443668015,0.0013218382363739,-0.0065249968779919,-0.0563884724304513,0.0434524348867879,-0.0051756604078119,0.0,0.000972920382682,-0.0438625052328014,0.0,-0.0411966749994918,-0.0321277344366121,0.0369413727231147,0.0222991548722126,-0.0118689401537946,-0.0046765393608729,-0.017847736109369,-0.0051536731634184,0.0,-0.0247435291501015,-0.0040392263007765,0.0057733879330039,0.0,-0.0286544947086869,0.0123083131557708,0.0,-0.0041115304121417,0.0546598686325847,0.0576649054890736,0.0,0.0075963103635376,0.0145330929306588,-0.0466153490369684,0.0005209068119418,0.0,0.0144737349955614,0.0276792327784489,0.0
2016-08-09,0.000522971109808,0.0,-0.0112060625604644,-0.0306112925804946,0.0076003880141988,0.0154761084705288,0.0108620414248443,0.004034501015327,-0.0052000327847951,-0.0060080220265814,-0.0041920785138451,0.0,0.0018321729571271,0.0,-0.0110290598290598,-0.0178393272839566,0.0081303628791356,-0.0044449783757807,-0.0107663697758638,0.0122302590113749,0.0079604491369198,0.0186249350567564,-0.02059494392701,0.0,-0.022064518453142,-0.0048309178743962,0.0012314451174866,-0.0050590730081792,-0.0113942821671207,-0.000754716981132,0.0119592220067861,-0.0140707512350236,0.0073586692074449,0.025489374555446,0.0232981692606082,0.0205747321884033,0.0040150605518942,0.0,0.0,-0.0163561643835615,-0.0011604651736993,0.001642782756648,0.0020007332530247,0.0,0.0183707534517527,0.0033422026088649,0.0,0.0650143096279496,-0.0180190698579489,0.0,0.0054688824826183,0.007477467313502,-0.0050856253243383,-0.0024900398406374,0.0540235718716517,0.0099190811798486,-0.0003703372623137,-0.0182897069023092,0.0,-0.0147951766013854,0.0195568098672518,0.0172382158927089,0.0,-0.0037593084787972,0.0323400438509067,0.0,0.0183093813861516,-0.0118026218370279,0.0221398254566262,0.0,0.0022078621432417,-0.0078381570519348,0.0326079423383465,0.0005314821845001,0.0,-0.0090739613453051,0.020219263305641,0.0
2016-08-10,-0.0046726011340956,0.0,0.0022557412691941,0.0073686783035007,0.0162128136769497,-0.0189259468626343,-0.0247739443420244,-0.0291225845209092,-0.0142718517704786,0.0030264429036754,-0.0020978233323007,0.0,-0.0384052670080469,0.0,-0.0029107351507566,-0.0032166783563497,0.0181479318400439,0.0,-0.0023745918670228,0.0070864157265058,-0.0340427300689999,-0.0402163833075732,-0.0046772049333839,0.0,-0.0388072346852322,-0.0529312920089618,-0.0024598610510919,-0.0141826264348567,0.0013534915197477,-0.0090634441087613,0.0,-0.0045037781054182,-0.0415928045399927,-0.0005605860499585,0.0311813790074659,0.0302399200266578,-0.0010930972531874,0.0,0.0,-0.0110714982034928,-0.012854105898057,-0.0095330141018319,-0.008269214685958,0.0108570924176891,-0.0228523785612098,-0.011852786132402,0.0,0.0300664199158344,-0.024472891566265,0.0,-0.0124383353712527,-0.0182531930645331,-0.0379981222616315,-0.0269595606590115,-0.031351987587609,-0.024554148358749,0.0185492731035539,-0.0198689937287943,0.0,-0.0064525462962963,-0.0039778144575102,-0.0037619816538976,0.0,0.0044705090611931,0.034609258097215,0.0,-0.0023236919077022,0.0098574996327309,0.0066718766402669,0.0,-0.0125517167266669,-0.0143000014926931,-0.034229336554918,-0.0473960365985862,0.0,-0.0013150064310533,-0.0036067524354874,0.0
2016-08-11,0.0172106494374513,0.0,-0.0609848690276045,0.0292591122285446,-0.0092757908106166,0.025721397621462,0.0565497623505688,0.0241385474245798,0.0296627877819775,0.0254340581130723,-0.0178901477206993,0.0,0.0313807531380754,0.0,0.028207688467299,0.035376328432086,0.008579020625079,0.0209846747918425,0.0190419518000595,-0.0029294431113924,0.0481518137613494,0.0457180585526102,0.0633804876622048,0.0,-0.0028167934543086,0.0,0.030674131094005,0.0119466785268647,0.0054136155566548,0.051829268292683,0.016555523123096,0.0037720566965577,-0.0029296026416077,-0.0073487470053619,0.0523177620371202,0.0390555510633137,0.0138357693099451,0.0,0.0,0.0172649307853713,0.0283968548104371,0.0096247671427305,0.0255942655352343,0.0376353475375479,0.012924807291414,0.0123713364643507,0.0,0.013782240598543,0.0262243799386538,0.0,0.0031487490393646,0.0130794334780266,0.0394990104915011,0.0467248161450315,0.0235294117647058,0.0071542130365658,0.008930139219867,0.0033282016142668,0.0,0.0021551096484841,0.0216153901577924,0.0387274765065952,0.0,0.0263926110260337,-0.025240272464309,0.0,-0.0100737821066176,0.0185187879140542,-0.0066276577255083,0.0,0.0333670704234547,0.039104262890891,0.0299871434031759,0.0176848142753096,0.0,0.0144168388677976,0.0319252155091986,0.0
2016-08-12,0.0117959027229135,0.0,-0.0056022408963585,-0.0025356056169021,-0.0093626366698015,0.0104260291209778,0.028116213683224,0.0036989050972389,0.0013709626502873,0.0290423666120842,0.0053585024924938,0.0,-0.0322699612760464,0.0,-0.0335842032855872,-0.0062101612298461,-0.0281443937036851,-0.0017492228959095,-0.0093430656934306,0.0002952814031771,-0.0270342392643074,-0.0182176571138179,0.0225172363209622,0.0,-0.0291890853189853,0.0169541646131099,0.0083415509465072,-0.0019228421438164,0.0114480541079942,0.0688405797101447,0.0027903963246285,-0.0171064310497862,0.0158862563962103,0.0199300866733707,0.0011076556043112,0.003112840466926,-0.0046701006689892,0.0,0.0,-0.0022841480127911,0.0011444433622287,0.0095476577486857,0.0075647785554973,0.015568459143314,0.0115442049239957,0.0003717772569304,0.0,0.0164109535832199,-0.0211104513064132,0.0,-0.0094059563963695,-0.0108839112022968,0.0168214062174003,-0.0082677036698145,-0.0057201446225243,-0.0005261773217574,-0.0053081723477784,-0.0102619138424967,0.0,0.0301938333672371,-0.0298933029732098,0.0004564997261,0.0,-0.0163655437696702,-0.0116785526252811,0.0,-0.0135080661747163,0.0085839974862169,-0.0270840866410831,0.0,-0.0076880140701189,0.0029256491625648,-0.0158896160852843,-0.0244336099121061,0.0,-0.0180870718650812,-0.0034897387216346,0.0
2016-08-15,0.0106456176700244,0.0,0.015304196311892,0.0050912632204567,-0.0170141448641998,-0.0304883472691692,0.0224910914063147,0.0154299931778965,0.014726678255857,0.0,-0.01173158812266,0.0,0.0514481707317073,0.0,0.0861455367610115,0.0208220340981439,-0.0047075225694295,0.0227679047134181,0.0422438353472836,0.0064499940961153,-0.0092617987721259,0.0343194152523762,-0.0146779284125958,0.0,-0.025217236396746,0.0083357565183677,0.0047134268537074,0.0021711874254608,0.0073241250787909,-0.0101694915254237,0.0018501930955492,-0.0001876458653405,0.0075247864504821,-0.0013991135817307,0.0717477339461254,0.1250581846392553,0.0079399164671398,0.0,0.0,0.0173160173160171,0.0172929587741699,0.0336519632729435,0.021922084281182,-0.0101922439509447,0.0210174688191988,0.0033285935884177,0.0,-0.0086462214579153,-0.0056821054121548,0.0,-0.0253386180302689,-0.0015746637239216,0.0438585241991329,0.0258336628443389,0.0173134328358208,0.0150039484074755,-0.0049865650190589,-0.0110045703019985,0.0,0.029280677009873,0.0165963899216914,0.0195458655848412,0.0,0.0305500912473635,-0.0052302774952782,0.0,-0.0039694783805196,0.017503363308079,-0.0115572286628863,0.0,-0.0173524511000497,0.0202853904501729,0.0591340715093757,0.0261688884813333,0.0,0.0368404801420356,0.0064414283640588,0.0
2016-08-16,0.003006287961079,0.0,0.0548023568445741,-0.0025362989983043,0.0038469631651929,-0.0143817235130858,-0.0232931336315891,-0.0128835931788092,-0.0151875588062987,-0.0087236775147212,-0.0075476063099145,0.0,0.0144980065241029,0.0,-0.0310956061394548,-0.0265188265188264,-0.0223346303501945,-0.0055681607705132,0.002262230181921,0.0210151197407206,-0.0124574105621805,-0.0556094749931758,-0.0293654621397567,0.0,-0.0019899689321175,-0.0082668461020858,0.0011808070976082,-0.02312950079336,-0.0085903757864309,0.0,0.0143564864349889,-0.0110966440276359,-0.0114948121297636,0.0176121564313049,-0.0123684732975977,0.0111019169769686,-0.0032223186846549,0.0,0.0,0.0015139116202946,-0.0102567780806196,-0.0076619749933343,-0.0041326438938688,-0.0566764336542485,-0.0294082209555586,-0.0118046832222113,0.0,0.0452464703898232,0.0062840002033657,0.0,0.0016200132245975,-0.0157461363060552,0.0096316862822183,0.0146151869459076,0.0057084933845497,-0.0160788381742738,-0.0039313705787781,-0.0372501404468929,0.0,-0.004056128042096,-0.0209840219034774,-0.0115873157950412,0.0,-0.0138448093463962,0.0006815637018644,0.0,0.0061788862934217,-0.0004871191771861,0.0177568619840624,0.0,-0.0223895105197218,0.0170229583843677,-0.0177692905230449,0.0298355748179257,0.0,-0.0050719377594133,-0.0046694430922891,0.0
2016-08-17,0.0025015443985998,0.0,0.0165681436086555,-0.0096424438952615,0.0214561363905103,0.0145915755178032,0.0052941664592149,0.0060254228805924,0.0113117073918178,-0.0033898028862217,0.0021707775462929,0.0,0.011611289746338,0.0,0.0074465051820513,-0.0167766124056759,0.004846683824635,0.0038764653155303,0.0045142480955517,0.0322742811180374,0.011989218328841,-0.0180329185066239,0.0203161329033227,0.0,0.0019939368044108,-0.0416787825918387,0.024656136939579,0.0320609733241705,-0.0113335437219577,0.0,0.0155187735256081,0.0085048336397604,-0.0116284793148425,0.009064867861763,0.0344141355257603,0.0769283229898383,-0.0017953705089019,0.0,0.0,0.0188067709822827,0.0161122786675362,0.0125433076433569,0.0132713203159455,-0.0273340433084841,-0.0048509386757319,-0.0141892515875992,0.0,0.0170569795316244,0.0096399664521082,0.0,0.002431590876583,-0.0062421972534333,0.0170596967705822,0.021622819514357,-0.0282743621028062,-0.0065893516078018,-0.0100500611578376,0.0278020912744352,0.0,-0.0163456246560262,0.0045288531775018,0.019840453119726,0.0,0.0033582089552237,-0.0217465336900996,0.0,-0.0152525025587257,0.0132839478667705,0.0110712540668089,0.0,0.0116113351378221,0.0100967311657802,0.0103469865225558,0.00737567113184,0.0,-0.0035731322900784,0.0064483408201709,0.0
2016-08-18,-0.0064816998486082,0.0,0.0296353597055136,0.008712208631433,-0.0097502709870243,-0.0218593022455673,-0.0013041899164658,-0.000994906080866,0.0027093991194453,-0.0135808020931278,-0.0086788393324417,0.0,-0.0123609394313968,0.0,-0.0027709764894821,-0.016000965367443,-0.006478017867359,-0.000429055150981,0.0013107386948785,0.0030472108976054,0.0131043446762266,-0.0154860020931448,-0.019911606068124,0.0,0.0109448291266474,-0.0156771518155154,0.0102970913050239,-0.0394244621735814,-0.0040455207827353,0.0,-0.0061041113822468,-0.0053633177295289,0.0023530583533573,0.0359428942958397,0.0423443906799587,0.0,-0.015828747617926,0.0,0.0,-0.0264396086189381,0.0045406998858881,-0.0022206083628948,-0.0019092276036721,-0.028102189781022,0.0109582205845664,-0.0238660722649899,0.0,-0.0221648082676093,0.0112393286427734,0.0,-0.0137529086359046,-0.0133657980624772,0.0181135145482389,0.0094205144096684,0.0203624849874439,0.0098169275669939,0.0061651338751178,-0.0055400393754865,0.0,-0.0041403233928272,-0.0163612565445027,0.0026558173701756,0.0,-0.005345853477129,-0.0141237318480207,0.0,0.0154887446765361,0.0155421190050846,0.0355964167845355,0.0,-0.00828910294214,-0.0126541915493153,-0.0076644597371252,-0.0104549125168236,0.0,0.0232992574652435,-0.0046612914836944,0.0
2016-08-19,-0.0035146827979631,0.0,-0.021580310880829,-0.0335397243036091,0.0015144027673719,-0.0027201951036489,0.0206628646995619,-0.0073298012189778,-0.0057419159867029,-0.0086038261330857,-0.0054699300494199,0.0,0.0116216699445736,0.0,0.0185201074509442,0.0184195035808887,-0.0041903276960284,0.0,0.0054230949041609,-0.0115830651426034,0.010137551003239,-0.0088364753757994,0.0108377709442737,0.0,0.0196842485839392,0.0265104808877929,-0.0011239068850843,0.0042283964231926,-0.0175994760567699,0.0068493150684931,0.0045453569357851,0.0003784026677386,0.0093901378710719,-0.0165567597192511,-0.0057981281926993,0.0203913621683238,0.0047537461586575,0.0,0.0,-0.0016750418760469,-0.0090166844160454,-0.0044650980501939,-0.0065612765746566,-0.0115471273000374,-0.0060176923953073,-0.0042678107711413,0.0,-0.0081119918416538,-0.0044437846397464,0.0,-0.0032830671637639,-0.0053819900236282,-0.0079202801475946,-0.0069994474120465,0.0,0.0065685759327378,-0.0158627674389163,0.0075322283609577,0.0,-0.0083431653463678,-0.0016897422087043,0.0088239082828802,0.0,-0.0190680936579894,0.0095843422114607,0.0,0.0,-0.0028687027239144,-0.0191668563623946,0.0,-0.0054731463433435,-0.0019412363534243,-0.0103201209491882,0.0084544742339833,0.0,0.0002476859708833,-0.0075761685200252,0.0
2016-08-22,-0.0131016782442983,0.0,0.0066195355733842,-0.0273353406375533,-0.0166438523328983,-0.0191168171557561,-0.0383512835047371,-0.0258303570234225,-0.0268549973180761,-0.0194471849238332,-0.0021970568285705,0.0,-0.0371155885471897,0.0,-0.0204578886318422,-0.0425547287045734,-0.0091098339946267,-0.0068678290931447,-0.0036268948200501,-0.0189886741610879,-0.0331889730990256,-0.0832537328439997,-0.0174179187534779,0.0,-0.0144781940668952,-0.0138138138138138,-0.0306570693136454,-0.0128827811244979,-0.0344607485053296,0.0068027210884353,-0.0230728669355412,-0.0265963734367242,-0.022100263332759,-0.0032089022318497,-0.0593507979072513,-0.0525041891640291,-0.0141883515852951,0.0,0.0,-0.0305451644845418,-0.0273439365716197,-0.0083234913671896,-0.0192651122883682,-0.0234590179504226,-0.0121273466893299,-0.0023358127721335,0.0,0.008178334423778,-0.0279050809714588,0.0,-0.00328271549799,-0.0191962518147024,-0.0391594807163838,-0.0344092005193841,-0.0199561286180514,-0.0182719916470895,-0.0366234868852669,-0.0243926959001262,0.0,-0.0315005240644741,-0.0234108051497423,-0.0205500223456553,0.0,-0.0040973843441802,-0.020935345258319,0.0,-0.0297061833795151,-0.0230156468400982,-0.0216649647233568,0.0,-0.0358874986158788,-0.0189330922878336,-0.0598764612114771,-0.0366849731876004,0.0,-0.0245148391356982,-0.0235397004700652,0.0
2016-08-23,-0.0005061083383294,0.0,0.0145987321461451,-0.0075678060207792,0.0076939263303856,0.0095649047105359,0.0184920086902335,-0.014115837750254,-0.0108308223708385,-0.0003495907230558,0.0077140197136058,0.0,0.0082599118942729,0.0,0.0371262238687484,0.0011319046181708,-0.0063744590687903,-0.0077797376382773,-0.00662684338249,0.0028469241773962,0.0074514364474307,0.0151357279956128,0.0090898793679559,0.0,-0.0107733205412643,0.0210109622411693,0.0128796311019241,-0.0175643804789361,0.0099895697139751,0.0067567567567567,-0.008803792851933,0.0098970223927721,-0.0160437901094753,-0.0080435723560813,0.0083130656672381,0.0210912425492892,-0.027307971094076,0.0,0.0,0.0032912002950731,0.0011785214466351,-0.0090313616514491,-0.001678500946064,-0.0358879595409453,0.0153404477438812,-0.0410178892096471,0.0,0.0178000278125434,0.0068927431890699,0.0,0.0074272399345776,0.0036802551284724,0.031780862447299,0.0259020907373612,0.0319903919641881,-0.0151555437383673,0.0015088796902122,-0.0126745917994547,0.0,-0.0195384480388428,-0.0039538108236925,-0.0066976835140839,0.0,-0.0034205616418696,-0.0131155907119163,0.0,0.0002058195477114,0.0677426972066728,-0.0186812795786924,0.0,0.0144253408216472,-0.0014555414542508,0.033240312268183,0.020127462730032,0.0,0.0059043088291981,-0.0024069858566257,0.0
2016-08-24,0.0,0.0,0.0489733485429844,-0.0032724569484147,0.003817590902033,-0.0011160184261767,-0.0101860272840017,-0.0010515613248279,-0.0070581461221986,0.0131014423528006,0.0175096420348728,0.0,-0.0354997269251774,0.0,-0.0040313321256345,-0.0211049973618753,-0.0028462483735722,0.0034847717827668,0.0103354317391712,0.0173183640280176,-0.0047242411286875,-0.0702825347090918,-0.0256770029465412,0.0,0.0128707669926453,0.0,-0.017331240188383,0.0140477792732167,0.0162543090282323,-0.0053691275167785,-0.0140183821094537,-0.0115676442648773,0.0151032674723448,-0.0016181229773464,-0.0627533165938433,-0.0671627429597793,0.0018968583283935,0.0,0.0,0.0009473580023471,-0.0035068788777988,-0.0026039058587881,-0.0047790333920948,-0.0124079491576717,0.015108673921115,0.0122189696244239,0.0,0.0,0.01481850128989,0.0,0.007372482736381,0.0011663918272131,-0.0194274517300706,-0.0212845640097372,-0.0506771053745239,0.0075593952483801,0.019372558430996,-0.0106360772704846,0.0,-0.0221055457772739,0.0029798479625018,0.0089904599407746,0.0,-0.0037923337253676,-0.0118936808356603,0.0,-0.0051015596196551,-0.0133342005984129,-0.006635724127928,0.0,-0.029753750353807,-0.0092665728400734,-0.0804444444444443,-0.0320055337183512,0.0,-0.0010187772803319,0.0024127934162536,0.0
2016-08-25,-0.0137886979418226,0.0,-0.0027433825164973,0.015301101064157,-0.0186313206742052,0.0038985428007702,0.0040261280676254,0.0017497995747499,0.0046204064835337,0.0146916438644495,0.0042948764142105,0.0,-0.0075500188750472,0.0,-0.0233572434994236,0.0045430045430046,-0.0071404623177506,-0.0008681675798069,0.0088347437924301,0.0072497300632421,-0.0015893812152322,0.0114468332364903,0.0032354070660522,0.0,0.0029324343194556,-0.0085495576101004,-0.0352897948750717,-0.0050409979899818,-0.0173826545582056,-0.0013495276653171,0.0056870764546079,0.0158757192734881,-0.0148785527111469,0.0083859923879592,0.0021938614070244,0.002750653280154,-0.0136303959520147,0.0,0.0,0.0333945472524368,-0.0023625535266033,-0.0169839197854059,-0.0031125854937134,-0.018896833503575,-0.0089284039540075,0.0321925346571747,0.0,-0.018126337842146,-0.0084269944053563,0.0,-0.0081353761921583,0.0063273340832394,0.0143536005848665,0.0104591836734693,-0.0386158475426278,-0.0262593783494103,-0.0067097415506959,0.0274754255574203,0.0,-0.0203782794386822,-0.0165790187042559,0.0017804443794053,0.0,-0.0027466570292735,0.0240736864140673,0.0,-0.0043090075493812,-0.0302854505900191,0.0164871935267991,0.0,0.0289625074390003,-0.0069469861966247,-0.0204111982749006,0.0016560235019225,0.0,0.0168410022267546,-0.0096279434265028,0.0
2016-08-26,-0.0062166261177287,0.0,-0.0020817843866171,0.0941944473895461,0.0054242962818025,-0.0044280268049536,0.0204991680532447,0.0031455294510633,0.0138067795663388,-0.0106870229007633,-0.0064147640026979,0.0,-0.0142639786991251,0.0,-0.0087413848504521,-0.0045224589912616,0.0093457090965511,-0.0030412268238554,-0.0334623893805309,0.0027704301823749,-0.0095084435839518,-0.003389441029471,0.0092155755667626,0.0,0.0204670220383482,-0.0138373608743607,-0.0061105867156838,-0.0141734808401474,0.0007064409939698,0.0,-0.0080074211502781,-0.0148492323904869,-0.0181341517999872,0.0069798730439649,0.0076617062030353,0.0138526951035522,-0.0003827434133856,0.0,0.0,0.014968422779342,0.0094232571907839,0.0282362211618438,0.0121810936280351,0.0064549713690786,-0.0114124571796279,-0.0136460312508862,0.0,0.005195046152419,-0.0079333838001514,0.0,0.0008235490512493,-0.0134001344005535,0.007399577167019,0.0016094420600858,0.0123456790123455,0.0132085855806274,0.0030022516887666,-0.0089695725219338,0.0,0.0161621823617339,-0.0025138925641704,0.0026699777637109,0.0,0.0003382377811602,-0.017324202780049,0.0,0.0051499099847667,0.0264317180616739,-0.0192841752453913,0.0,0.0095941210492294,-0.0016129620844432,0.0654698648853804,-0.02585240462467,0.0,-0.003763272667047,-0.0237386487810392,0.0
2016-08-29,0.002607126676152,0.0,-0.0137833407837878,0.0177043824921792,0.0011568505554504,-0.0061364285034724,0.0401747864084001,0.0267919083164525,0.0181552702628242,0.0101063472893183,0.0053873707319889,0.0,0.0385876905267219,0.0,0.0194892828790687,0.0204050204050203,0.0249473293969781,0.0095872985960614,0.0264186933714831,0.0107595551791639,0.0342288730100122,0.0283990469602644,0.0091314242366775,0.0,0.0315173959653056,0.0017285205897303,0.0331400579826053,0.0228539830205249,0.0077799206724644,0.0121621621621621,0.021373371935573,0.0229985656285709,0.0246167472029383,0.001605093256815,0.0108620725670001,0.0081845238095237,0.013824042060748,0.0,0.0,0.0224649490228825,0.0151515151515151,0.0113107402361489,0.0176357179096904,-0.0064135719457949,0.023691465329096,0.0154161084245207,0.0,0.0131973605278943,0.0022891676586391,0.0,0.0065607312435365,-0.0139193299299312,0.0153820471239147,0.0254891458458048,0.0030917210580556,-0.0054318305268875,0.0157015136994393,-0.0018365213460289,0.0,0.0091017743863197,0.0209355794314012,0.022614143147364,0.0,0.0204081632653059,0.0056685215039782,0.0,-0.0012313680240416,0.0299634398346844,0.0210059929939339,0.0,-0.0160629036787419,0.0161702998669532,-0.0418907847397855,0.0220282240252944,0.0,-0.0035281187368965,0.0486124512717589,0.0
2016-08-30,0.0,0.0,-0.0153861650424315,0.0715305830987065,0.0007667428009869,0.0134494806873113,-0.0037776663113674,0.0033849064252415,0.0030846659631462,0.0068915698664031,0.0107170049849876,0.0,-0.0102173509195615,0.0,0.0564416700193373,-0.0088791628936512,-0.036849812971981,-0.0030215357334515,-0.0249024344917301,0.0532800395582659,0.004032004032004,-0.0309218639064309,0.0248912359170478,0.0,0.0009258909338272,0.0018270401948843,-0.0035641137290951,-0.0030147302007276,0.0035096841284285,-0.0046728971962617,-0.0046510605883042,-0.0029111908552961,-0.0024025321926601,0.0175650632503423,-0.0107453557332671,0.0026836632002684,0.0056819462920789,0.0,0.0,-0.0058221478720181,0.0022869523350987,0.0092617280139206,0.0066009891512444,0.0,0.0136521324443861,-0.0073956622685315,0.0,-0.0294211413216741,-0.0028523864628378,0.0,-0.0024414763751257,0.0011899958281755,-0.0006576320548652,0.0171131866781371,-0.0091324200913242,0.0,0.0165574469735159,-0.0060480827294685,0.0,-0.0090196793002915,0.0051861155020462,-0.0078040286517075,0.0,-0.0135621301775147,0.0132898955424551,0.0,0.0133375866468945,0.0040898217455049,-0.0100657501494322,0.0,0.0039956618528453,-0.0053055263801562,-0.0145741160724244,-0.0248632294901104,0.0,-0.0017703052154489,-0.0184220696762795,0.0
2016-08-31,-0.0026003472414913,0.0,0.0007161125319692,0.0162414318354913,0.0,-0.0105081703976575,-0.021918023758949,-0.0172243133505263,-0.0064920467930907,-0.001706977166088,0.0010518086845285,0.0,-0.0356606606606606,0.0,0.0387766885334512,-0.0190594624774763,-0.0036180444240897,0.0064943423161984,-0.0268724985706118,-0.0241252950458381,0.0169417079751521,-0.0193957622380318,-0.0088290303652632,0.0,-0.0222008268675313,0.0260385005065855,-0.0083514064674846,-0.0178751419421513,0.0020941278065629,0.0046948356807512,-0.0205602937605321,-0.0172917188039992,-0.0011977879150845,0.0,-0.0130553756814906,0.0,-0.0169495325426541,0.0,0.0,-0.0160980457105002,-0.0148913174012249,-0.0278500020856218,-0.0204952947003468,0.1025507548152002,-0.0046862171711113,0.0051002943794069,0.0,-0.0090094317488621,-0.0251442997770606,0.0,0.0040753948038716,-0.0096794245626499,-0.0290018566828833,-0.0183355988521372,-0.0122695852534562,0.0,-0.0025302614179635,0.0082777213483571,0.0,0.0250068952836259,-0.0093385465473229,-0.0087428904187174,0.0,0.0099815245819037,-0.0013779025261545,0.0,0.0172118943293486,-0.0036248591044164,0.0256376195536665,0.0,-0.003979760077321,-0.007597536676828,0.026636483682324,-0.0402286114189069,0.0,0.0126555246053854,0.0005999700015,0.0
2016-09-01,0.0250141086885675,0.0,-0.017046616233899,0.016862458546456,0.0,-0.0306899267355558,-0.0150735175830893,0.0024048837639514,-0.0099827135241783,0.0291590946638029,0.0180181459342032,0.0,0.0175165434021018,0.0,0.019495378938841,0.0422746559039635,0.0166666666666666,0.0129048759504266,0.0145906776341557,0.00026726176954,-0.0060467699142345,0.0232594718939855,-0.0017852352718089,0.0,0.000946037262284,0.008492149698825,0.0240411294271258,0.0202530658906672,0.0118634695621575,0.0,0.0104959466261955,0.0172079260750406,-0.0205016329863237,-0.0214497496942662,-0.0143074839146631,-0.0269655403144865,0.0130282573494195,0.0,0.0,0.0081739833019121,0.008752895282214,0.0223118510254871,0.0099109030046218,-0.0639282341831917,0.014708744612818,-0.0191170293680255,0.0,0.0456461006676451,0.0433779225797019,0.0,-0.0081287362407075,0.0495599271603575,0.008834563717778,0.0116622561388393,0.0124219980171458,-0.0207239568941697,0.0163290800392612,-0.0021748340629853,0.0,-0.0022124555266541,0.0081870963533172,0.000877171804962,0.0,-0.0074834295488559,-0.0048548650858545,0.0,0.0059719968550828,0.039530010669889,-0.0474149603796022,0.0,-0.0093384325589359,-0.0299632701249106,-0.0086362132960934,0.0295189947257128,0.0,0.005253844108451,-0.0018175685804228,0.0
2016-09-02,0.0086386054158007,0.0,-0.013000182002548,0.0349222142378959,0.0126955179911623,0.0356993377157346,0.03761535320539,0.0276957567804025,0.0291805316853766,0.0246649008748696,0.0312142598119891,0.0,0.0353863810252486,0.0,0.0028477965826443,0.0515563719406244,-0.0099735064606258,0.0152885542445249,0.0557861210307886,0.0106341763189183,0.0060835557762741,0.1022788409807087,0.0178472145001666,0.0,0.0207931486767996,0.025261921080975,0.0199544172258259,0.0190997644362387,0.0399991483502835,-0.0186915887850468,-0.0099110754223173,0.0031115508875667,0.0018495122237129,0.0157701194896739,0.0581035815511468,0.0803190757804979,0.0317718505344088,0.0,0.0,0.002951901371766,0.0138492773239231,0.0264556926606787,0.0146403500866203,0.0434782608695651,-0.0144955335123582,0.029031884728893,0.0,0.0393515373816963,0.0393226377893651,0.0,0.0057378598672284,0.0421592918027615,0.0511036468330134,0.0438604495543997,0.0,0.0352708803611738,0.0332120908064719,0.0327407910628019,0.0,0.0222335420849191,0.034693239293841,0.014102852732126,0.0,0.0668294317583415,0.0034406614286448,0.0,0.0300735000665157,-0.015297289275821,0.02941758133096,0.0,0.0326353757332011,0.0083128923080391,0.1017200474495847,0.045871451336835,0.0,0.0121948994855705,0.0163691314223499,0.0
2016-09-05,0.0020219881602214,0.0,0.0131714127657331,-0.03458651078603,-0.0037987362409027,-0.0044452896569757,-0.0096965117743357,0.0056732022666206,0.0033842600817197,-0.0022794388350578,-0.0020152564380003,0.0,-0.0230925549602807,0.0,0.0,0.0051932110568184,0.0057630833866106,-0.0025097223478339,0.0174604625651337,0.0060410580443892,0.0051623783961662,0.0010284658427319,0.0083301469383296,0.0,-0.0055553456029627,0.0082131601566231,0.0115008985076958,-0.0032048478790529,0.0145899726352711,-0.0360544217687074,0.0004731043908592,-0.0038744027952745,0.0221141720511186,0.0260495499083883,0.0179390397337553,0.00515595162317,0.0062296119311797,0.0,0.0,-0.0017579373535052,-0.0034090638186283,-0.0093227384862816,0.0002763439692863,0.0059938128383603,-0.0064692525140183,-0.0050217346072305,0.0,0.003485535029627,-0.0026963002908152,0.0,-0.0089667753883574,0.0025098375542327,0.0287833827893175,0.0191439144497216,-0.0184331797235023,-0.0272553829381303,0.0093350166306538,0.0097575237085898,0.0,0.0152132493038252,0.003564579337947,0.0165073022215878,0.0,0.0009647745120036,-0.0061924257932446,0.0,-0.0015336309115417,-0.0044457282077687,-0.021108496229768,0.0,0.0019640884286176,0.0005476369651224,0.0158479138627187,-0.0186453877495738,0.0,-0.0002523136258369,-0.0125223944000147,0.0
2016-09-06,0.0060307059608848,0.0,0.0209562933881073,0.0222834205204176,0.0266872035126564,0.0039159503342884,0.0225553153611393,0.0063025349020229,0.0104372305485964,0.0166284583738969,-0.0080908561128654,0.0,0.0075642965204236,0.0,-0.0190682744859895,0.0093464528098066,0.0408005739141488,0.0067094317383322,-0.0222821203953278,-0.0094079310435445,0.0039081682763135,-0.0247274753595933,0.0256597777115668,0.0,-0.0055863798738315,0.0081462536705503,0.0045573218396133,0.0004951208658974,0.0359504160024752,-0.0261115031757233,0.0100130605137136,0.0143886608762049,-0.0186339353853981,0.0253968253968253,-0.0031099238467365,0.0203913621683238,0.0273229968556867,0.0,0.0,0.024174182186883,0.0079896660606642,0.005957212629841,0.0095312330416079,-0.0119162021910436,-0.0118380178549771,0.0178710705686866,0.0,0.0018235498436958,0.0054168356410404,0.0,-0.0008255795791776,0.0212676286688389,-0.0049699363226909,0.0108360018298261,0.0218896713615024,-0.0210142897170075,0.0205539586515448,0.0172273393532509,0.0,0.0213951608246232,0.02179963857674,-0.0115437414201922,0.0,0.0013000694864726,-0.011844070240486,0.0,0.0119241060962498,0.0049070932095416,0.0449059195839365,0.0,0.0165840619257113,0.0038425307085969,0.0129840018548574,0.0206672877203877,0.0,-0.0004867276578485,0.0308051996633311,0.0
2016-09-08,0.0,0.0,-0.0240660096264038,0.0286286394631454,-0.0193102083127139,-0.0127961183522024,0.0045856585472012,-0.0006571943060684,0.013334501489399,-0.0022472777820681,-0.0010247301543927,0.0,-0.0243993993993995,0.0,-0.0115796424696948,-0.0154254205346548,0.0550194566108852,-0.0024992682322743,-0.0088219077375483,-0.0039527788831409,0.0090088253877667,-0.0232296539656464,0.0067782286815905,0.0,-0.0131081132724424,0.0096777224466786,0.0215144711346231,-0.0138502593399985,0.0182960875719051,-0.0195652173913044,-0.0136890606420926,-0.0030697937004539,0.0122480720627309,-0.0095066630771301,0.0166580010398751,0.0425122571836404,-0.0092189973614774,0.0,0.0,-0.0197217590662776,-0.0135981774170581,-0.0031182472168276,-0.0118650859583451,-0.0059326979186928,0.0149724341061854,-0.0114494491826581,0.0,-0.0030337176042298,-0.0172481681024132,0.0,-0.0082291201429207,-0.0238859289827845,0.024371752848574,0.0171687172959977,-0.0122322402802504,0.0357756153405839,0.0,-0.0003113158877838,0.0,-0.0062756183745583,0.0048787924988564,-0.0043242219556846,0.0,-0.003850372725034,0.0,0.0,-0.0038027066323678,0.009314353142025,-0.0244873044009062,0.0,-0.0079978964436751,0.0106674579477383,0.0359022986626555,-0.0262659725508753,0.0,-0.0066461660549549,0.0029213238496155,0.0
2016-09-09,-0.0125000953332469,0.0,-0.0289650853295756,-0.0423762005810726,-0.0143893681213616,-0.0456560497277501,-0.0534614551418933,-0.0528074075048335,-0.0552644775293528,-0.0279646127292007,-0.0153046570471174,0.0,-0.0489932025137872,0.0,-0.0271945312686406,-0.0741055815492224,-0.0221634138273238,-0.0054286488194663,-0.0341183015019469,-0.0264875086560485,-0.0327239672760326,-0.0648569600584956,-0.0189474420516048,0.0,-0.0673598203221808,-0.0160059557044482,-0.0487768159578472,-0.0248245196125139,-0.0241647538893139,0.0125646711012563,-0.0071731038743803,-0.0344380080461532,-0.0447631241997439,0.0070667776513155,-0.0511811798029072,-0.0527443743302774,-0.0318556827321002,0.0,0.0,-0.0327424455842879,-0.0459761818837965,-0.046563314583619,-0.0379415051976698,-0.0240680950983269,-0.014751567237755,-0.0347517889841266,0.0,-0.0001304121022429,-0.0438869941659907,0.0,-0.0489625434853585,-0.020551878190526,-0.0542882020026121,-0.0499137978977809,-0.0278488372093023,-0.0276319425255595,0.0036886018666917,-0.0142538103584806,0.0,-0.0126589480271953,-0.0542355737622008,-0.0351719765414486,0.0,-0.0521360030562485,-0.0176142581687425,0.0,-0.0030553818024346,0.0290159693547584,-0.0308419874610412,0.0,-0.0486945573422865,-0.0359915003247933,-0.0470313437075849,-0.0522825898281549,0.0,-0.0492673892913557,-0.0426428816963074,0.0
2016-09-12,0.0,0.0,0.0186498978824034,-0.0078076354890302,0.037266578642451,0.0023478326727424,0.0048225466315738,0.0010483781381915,0.0034867758762697,0.0072778812925007,-0.0176120895605311,0.0,0.0262306136210384,0.0,0.0167703958058682,0.0022459292532284,0.0133288227334236,-0.0004198676849404,-0.0046074102514879,0.0046236132580057,0.0144512895478752,0.0161854682643625,0.0107306465125398,0.0,0.0223795387074672,-0.0422735010402874,0.0256389965972936,0.0054000534142799,-0.0044429924861155,0.0204379562043797,-0.0024133691544101,0.009970430830136,0.005696745482816,-0.0007506367761416,0.0226589547442834,0.0505907491201609,0.0096109411790594,0.0,0.0,0.0098639923066354,0.0084228577192717,0.0275411534476803,0.0130465625546178,-0.0124310776942356,0.0173702892530775,0.0080013034850767,0.0,-0.002912916829703,0.0206561733442354,0.0,0.0165849847290291,0.0012820512820512,0.0341803618284768,0.0325752919483712,-0.0095688056934394,-0.0198920147769252,0.008688607357137,0.0287573676086976,0.0,-0.0170853981790941,0.0053688116958812,0.0148592926023884,0.0,-0.0152919699376465,-0.0042968542782876,0.0,-0.0179943209697788,0.0081221219043474,0.0222751992848095,0.0,0.0169501364137689,0.0078576486443273,0.0103673280116589,0.0373762164670254,0.0,-0.004688380264879,0.0298964396401844,0.0
2016-09-13,-0.016705282669138,0.0,-0.0366432754709017,-0.0529055280401143,0.0181482828492751,-0.0335734434817651,-0.0356457228386425,-0.0323755227731424,-0.0416412071025343,-0.0233122529644268,-0.004227462956679,0.0,-0.0669557789605099,0.0,-0.0228440477626342,-0.0573465749936338,-0.0230269746945316,-0.0046204845264855,-0.0280617164898745,-0.0281722743426696,-0.0576198612512095,-0.0739444070404925,-0.023358552457542,0.0,-0.0119398135927061,-0.0491754715118001,-0.0340868760126533,-0.0089474298005779,0.0121152457832907,-0.0479256080114449,-0.0024116000243442,-0.018546299208788,-0.0081835023790801,-0.0012491876060332,-0.0875532130549361,-0.0843452772626667,-0.0219704771713011,0.0,0.0,-0.0090194264569841,-0.004776432929879,-0.0264808850301078,-0.0198810586993586,0.0250735965891788,-0.0188460396407096,-0.0234150396600894,0.0,-0.0562919682567367,-0.0522726589960044,0.0,0.0,-0.019521422734672,-0.0760944559435579,-0.0674036281179137,0.0225227945172392,-0.0243548854740502,0.0,-0.0157753893397675,0.0,-0.065220577458596,-0.0240306366682622,-0.0332656150091864,0.0,-0.0196465546299419,-0.0007458710708577,0.0,0.0095511140235911,0.0203335371482695,-0.0213404265656125,0.0,0.0,-0.011139315096435,-0.077104642014162,-0.0697638833305868,0.0,-0.0306132238382133,-0.0136151785386618,0.0
2016-09-14,0.0123549879434796,0.0,0.0083796587890572,0.0087698783910197,-0.0381959859769446,0.0103463553204241,-0.0036271615352172,-0.0007167688062215,0.0083265927582434,0.0050424521047989,0.0159025401468144,0.0,0.0369718309859155,0.0,-0.0064925446825317,0.0059430547301313,-0.0141384112013804,0.0080178834156412,-0.0137910506994741,-0.0103121672364512,0.0238105640263881,0.0147275710932468,-0.0004333811858392,0.0,0.0251751988326929,0.0052965001557794,-0.0011821841651222,0.004125126662962,-0.0069318358665767,0.0030052592036062,0.0048424857585163,-0.0050292758089369,0.0069878384734261,-0.0030170118905763,0.010397458399058,-0.0079048801202064,0.0,0.0,0.0,0.0054636557073237,-0.0108048345352663,0.0157223205166932,0.0008594178738208,0.0121806298276885,0.0168058484730984,0.0032512443398791,0.0,-0.0069306473224597,-0.0017856954174194,0.0,0.0042852983988355,0.0047314368212094,0.0087685488533435,0.0076895021579235,-0.0377347348529585,-0.0059435364041604,-0.0072867801976509,0.0107865248669511,0.0,0.0371903417999373,-0.0144311468619885,0.0036754548270694,0.0,0.0277764133798321,-0.0057581573896352,0.0,-0.0036674618243187,-0.0058163445155984,0.0086255041886442,0.0,0.0059934927792681,-0.0046487820343863,-0.0055768684285307,0.0227505662335032,0.0,0.0094512345984461,0.0023997321229256,0.0
2016-09-15,0.0035611761967571,0.0,0.0067892349890015,0.0137295055574873,0.0049130402487294,0.03500309533636,0.0173213681002371,0.0133199440519313,0.0272933182332955,0.0230805160500586,0.0166738878251269,0.0,-0.0030560271646858,0.0,0.0113306000745434,0.0142596272624737,0.0259527564513613,0.0046050100699237,0.0312877263581488,0.015770994960077,-0.0034565161730817,0.0012077789150461,0.0200074068052282,0.0,0.0078582310961428,0.0231404958677685,-0.0188413678385208,0.0059116122815698,0.0012732864502731,-0.0172284644194756,0.0120440781385182,0.0181869990212719,0.0006272102488822,-0.0499016715830874,-0.0034301545768377,0.0185697352824969,0.0273334559048845,0.0,0.0,-0.004232486380951,0.023065003683288,0.0229139523027246,0.0216945996275605,-0.030134037765385,-0.0094406309875922,0.0064814160126329,0.0,0.007956078723305,0.0011855364552457,0.0,0.0059830942801155,0.0214361292176661,0.0234263062374631,0.0305232996531443,0.0163240257747774,0.0104633781763827,-0.0043384965350654,0.0139698554508012,0.0,0.0157213689684363,-0.0015040587467649,0.0050216883550215,0.0,0.0147195870869076,0.0,0.0,-0.0067837190742219,-0.010022455974471,0.0135105204872647,0.0,0.034135270086246,0.0053766329459803,-0.0056081443114842,0.0,0.0,0.0395686274509805,0.0155701957873251,0.0
2016-09-16,-0.0151991897888658,0.0,0.0112211043077172,-0.0632075112121866,0.0331249604021033,-0.007576323987539,-0.0170264467486643,-0.0266436378050852,-0.0181806489545436,-0.0212531486146096,0.022572928981881,0.0,-0.0214577656675748,0.0,-0.0021559666838653,-0.0210754851862638,0.0119851009738423,0.001666873148701,-0.0396058921080868,-0.0199581881533101,-0.0211321885839078,-0.0314257089697194,-0.0149215401508979,0.0,-0.0097462009706419,-0.0017164781906299,0.0023963223787166,-0.0084269662921347,-0.0247159943133649,-0.0701219512195121,-0.0047617976348488,-0.0156719596033338,-0.0126030247259342,0.0042467769995984,-0.036736314895307,-0.0286397724334108,-0.0247840210853991,0.0,0.0,-0.006814473557923,-0.0118684047175667,-0.0302782777239374,-0.0226313071478476,-0.0621406234237869,-0.0077465516108133,-0.0092555732484077,0.0,0.0070624076809455,-0.0059312357269727,0.0,-0.0025472861605135,-0.0025449522981302,-0.0255034183447278,-0.0259021863201335,-0.0064005796751404,0.0485207100591715,-0.0006712753053126,0.0094458602604134,0.0,0.0066079295154186,0.0083401634804951,-0.0186417888149266,0.0,-0.0151654303544095,-0.0297082797082797,0.0,0.0169808381367815,-0.0021131300589768,0.0040064102564101,0.0,0.0156922131507331,-0.0168910536582014,-0.0366046411380126,-0.0138316693266031,0.0,-0.0480968727601945,-0.0188765441122724,0.0
2016-09-19,0.001028394683749,0.0,0.0059217370428659,-0.0168646757262592,-0.026594711720275,0.005298711735014,0.0036403657297663,0.0105812025482154,0.0053427900405154,-0.0043348882097473,0.0130404388040439,0.0,0.0083536373129131,0.0,0.0082054501917476,0.0143347848429935,-0.006576751018228,0.0049922979187513,0.0465210766886743,0.0090446258426006,0.0070867691769285,0.0611753778603394,-0.003892519709814,0.0,0.0019684248583939,0.0017194295539597,0.0083914719227204,0.0048954974478141,-0.0279434577939445,0.0163934426229508,0.00430989014301,0.0078618490178867,-0.0031875953914934,-0.0042288181519353,0.0035732282743139,-0.005324459234609,0.0037370080579235,0.0,0.0,-0.0111270638908829,0.0024122421288037,0.0078094884570907,0.0071486293280287,-0.0132300742174894,0.005403410488862,0.0064998375040623,0.0,0.0272264747673831,0.0017974325431011,0.0,0.0008551156717278,-0.0039810244246426,-0.0006704338664877,-0.0083528634096509,0.0096627164995442,-0.049943566591422,-0.0043603280852265,0.0213171114193886,0.0,-0.0372878348808327,0.009523391074155,0.0032392841435771,0.0,0.0102580043518805,0.0089532441693378,0.0,0.0322336171310631,-0.006340850631094,0.0084040726498826,0.0,-0.007886946563236,0.0136013480982186,-0.0146165032253253,0.0152425637615887,0.0,0.0429678211936277,0.013838445922035,0.0
2016-09-20,0.0020546763492634,0.0,-0.0220890456365516,0.0058835295659429,0.0325608744500562,-0.0035221822541965,0.0272627583298186,0.0144498895389419,0.0109824652842409,-0.0060419544268623,-0.0237678159089099,0.0,-0.0010355540214013,0.0,-0.0231277398556651,0.0165053462389674,0.0,0.0012418746713507,0.0330000970591091,0.0387011303097781,-0.0070369002888603,-0.0011736622239905,0.0086908651156074,0.0,0.0029468366610534,-0.0017164781906299,0.0142403277049363,0.0053847952608603,0.0053517503250259,0.0483870967741935,0.0,0.0269952043957661,-0.0070459749867887,-0.010608020698577,-0.0142420230976401,-0.0566075610572097,-0.0011136042549654,0.0,0.0,0.0027642049420633,0.0059659589401648,0.0061198470038248,0.0022733818870097,0.0469805973403096,0.0065697209280437,0.0137200223089792,0.0,0.0186961759850072,-0.0125169865806014,0.0,-0.0025516094767468,-0.0062432016682864,0.0107341383937127,0.0344806690098171,0.0032502708559047,-0.0400950400950401,0.0037047558175318,0.027773325121698,0.0,-0.0273366710692016,0.0268100015232954,0.0004636693952908,0.0,0.0054201183431952,-0.0029579316389131,0.0,0.0371709755526048,-0.0378664740232377,-0.0166800570791312,0.0,0.0222590059676786,0.0093238485966344,0.0088924206304157,0.0023972518102959,0.0,-0.0018143303601113,0.0183708711467098,0.0
2016-09-21,-0.0015417605810168,0.0,0.0241065133684039,-0.0287518685628865,-0.0029032520490553,0.0082224060565039,0.0322872017211082,0.0167339381858679,0.0196089262041538,0.0182279180515712,-0.0040509495262563,0.0,0.0362819626814097,0.0,-0.0013125164064551,0.0196999108126543,0.0099304365359411,0.0053747821034282,0.0013154185849855,0.0175440976933514,0.014807847940681,0.0435761088207762,0.0249890398947831,0.0,0.0088145349883073,0.0295337311621322,0.0082048020352998,0.0086703148319238,-0.0093122866076865,-0.0384615384615384,-0.0066696676419837,0.0077865622088995,0.0083787066224532,0.0321742894243255,0.0566103264644595,0.0542591673168308,0.0301895792427924,0.0,0.0,0.0086178092108926,0.005955495751414,0.0035341161893498,0.0096271283856599,0.0128058302967204,-0.0083034887743939,-0.0103491011860636,0.0,0.0658782303985983,-0.0060421661488178,0.0,0.019620099315901,0.0149741902473461,0.0192727100322396,0.0118329330443442,-0.0160187185025199,-0.0114480198019801,-0.0080661328553403,0.0109585217898098,0.0,0.0047052136293301,0.0096640881636114,0.0073899927532568,0.0,0.0327220508957368,0.0096692671135041,0.0,0.004480792836756,-0.0331748216743835,-0.0089266115460598,0.0,-0.0155530935742288,-0.0107748069150047,0.0735128647513314,0.0568910256410255,0.0,-0.0057098266115985,-0.0046541833531767,0.0
2016-09-22,0.0107933123789965,0.0,0.0389758254560861,-0.001503801865279,-0.004359909232299,0.0046495437479801,0.0047091016115945,0.0066489918370193,0.0192408400599528,0.0285005107904481,-0.0091721831706818,0.0,-0.0070023341113704,0.0,-0.0048314016071293,0.0329534638437989,0.0242658680642209,-0.0008224689629109,0.004504081824153,-0.0069073113490593,0.037158375722045,0.0045039027462356,0.0172308444335818,0.0,-0.0029125059438898,0.0135573239021515,0.0267167145065134,0.0058159271856164,-0.0040265211685889,0.0959999999999998,0.0167823505864759,0.0116014504775674,0.015982136815752,0.0259732317584568,-0.0079763339542019,-0.0216630785791173,0.0188115453571449,0.0,0.0,0.0097588581997873,0.0153827099331187,0.0137359168268489,0.0159904850006609,0.0443050986842106,0.0053839988685115,0.0144775726365684,0.0,0.0103558806608039,0.0321792084455547,0.0,0.0025089117453398,0.0004785879740414,0.0130474219131568,0.0248943437735194,0.0357295286872751,0.09358372456964,0.0111751768412291,-0.023408954351321,0.0,-0.009334925823485,-0.0246636300665392,0.0041237630801918,0.0,0.0120586291002757,0.0264446620959843,0.0,-0.008381814910334,-0.043917213528521,-0.0067552602436323,0.0,0.0259165476345064,-0.0083484879875385,-0.0109356439102787,-0.0056686300810635,0.0,0.0180031010126147,0.0257539509931854,0.0
2016-09-23,0.0030475511027017,0.0,-0.0452865771298963,-0.0125646972310998,-0.0153341869398206,-0.0162104637925062,-0.0213133184488464,0.0,0.0020197546175309,0.0045162842310289,0.0061713939360545,0.0,0.0010073875083946,0.0,0.0238215022387684,-0.0197987747173381,-0.0486570776515304,0.0,-0.0165343297524521,-0.0050755287009063,-0.0201995012468827,-0.0213356131851428,-0.0161151918720395,0.0,-0.0253154495777445,-0.0117282155665406,-0.0011367127496159,-0.0032668708726302,0.0208935765947562,-0.0671532846715328,-0.0047168760167283,-0.0009605810343817,-0.0151046939101711,-0.0253157011844648,-0.0011486382010559,0.0055700728923118,0.001421542981858,0.0,0.0,-0.0096645432922328,-0.0081481300773341,-0.0006228201295466,-0.0024913951813015,0.0303179446795944,0.0059553954945323,0.0,0.0,-0.011673310013829,-0.0058789009284682,0.0,-0.0166917684894742,-0.0187134055336573,-0.0366867165618257,-0.0221431395808618,0.0188379348913874,-0.0306239267315397,0.0043501263888072,0.0065100810642277,0.0,0.0,-0.011287823354711,-0.0077554896537935,0.0,-0.0115996216045767,0.0251272264631041,0.0,0.0104335203302436,0.0732001191346491,-0.0113353402460327,0.0,-0.0144820530129631,0.0087012032344178,-0.0110918789077678,0.0057009466386701,0.0,-0.0010247924560231,-0.0017138717599871,0.0
2016-09-26,-0.0055740670588873,0.0,-0.0215151353371416,-0.0208663024253317,-0.0166860852197069,-0.0158989710950666,-0.011341757406119,-0.0073050879174954,-0.0124477292618884,-0.020216455901552,-0.0194137539190317,0.0,-0.0150956055015095,0.0,-0.0155094469423356,-0.0033791508930612,0.01143969403087,0.0,-0.0104483282674771,-0.0206621050784782,0.0096928819886314,-0.0046008697002639,-0.0146958781768389,0.0,-0.0189802450510692,-0.0337387210670852,-0.014717190047058,-0.0012650302201663,-0.0343227822306752,0.0164319248826292,-0.0151655372122876,-0.0248584125792947,-0.0287522652890102,-0.0046826949958066,-0.0011499590879938,-0.0248239075429118,-0.0120580474934036,0.0,0.0,0.0091515176611867,-0.0117568930319501,-0.0201919481490713,-0.0077436180350066,-0.0235024362281455,0.0065074910731766,-0.0118943925611014,0.0,0.0218527511420223,-0.0177515416644705,0.0,-0.0186795342784423,0.0027493955229702,-0.0180409914204002,-0.0211715094448616,-0.0154272837580169,-0.0050191910245054,-0.0083347966052094,-0.017933552512019,0.0,-0.0235413560074875,-0.0022528650566481,-0.0101248394381806,0.0,-0.0195747783879863,-0.0084289998965766,0.0,0.0062328838872844,-0.0280801786232386,-0.0114653033606495,0.0,-0.0231179228118244,-0.0022629727791223,-0.0112162886229684,-0.0118971248614916,0.0,-0.000254108080637,-0.0230442477876107,0.0
2016-09-27,0.0040815374568523,0.0,-0.0340735486687036,-0.0176689557325376,-0.0003755659938217,0.0071832102047597,0.0083788825974537,0.0045591325778997,0.0207779419005416,0.012118392834616,0.0093824609413177,0.0,-0.0040871934604904,0.0,0.0083167476712484,0.0,0.0166362807657247,-0.0016462919498549,-0.0009598771357267,0.0060221040156547,0.004936456254595,-0.0069234519746466,0.0110822939994512,0.0,0.0,0.0122817701989443,0.0275796406998702,-0.0037871033776867,-0.0143774574971687,-0.0069284064665127,-0.0038497681045197,0.0098120558421412,0.0065862760387658,0.0133154272874096,-0.0057564150818074,-0.0367461430575034,0.0,0.0,0.0,-0.0003009164273013,0.0142611812140669,0.0096538466974798,0.0114331348624687,-0.0180999902162214,0.0217489973045321,0.0177002516097772,0.0,0.0445428916633103,0.0060205406681619,0.0,0.0155731067585169,0.0212736995624696,-0.0033978108390165,-0.0208917347811975,-0.0062206572769952,-0.0252225519287834,-0.0050405486761181,-0.0006140284471809,0.0,0.0,-0.0064793402853527,0.0171915153468411,0.0,-0.00634529564894,-0.0063102998696219,0.0,0.0056588761070499,0.0078004335016288,0.0125236085231521,0.0,0.0220654293665227,0.0017030012032492,-0.0283226762038942,0.009171929410376,0.0,0.0136123584399447,0.0046921989927171,0.0
2016-09-28,0.0076111278870796,0.0,0.0015533651537831,0.0423239850805161,0.0275377426882634,0.0089086294416242,0.0187932097763638,0.0059284691622301,0.0060074018206375,-0.0029134759949831,-0.0092952486340687,0.0,0.0256497948016416,0.0,0.1028636487389549,0.0135114464895731,0.0117811153453386,0.0020612583703805,-0.0059569561875479,0.0326972864128871,0.0113921404682273,0.0801453260015712,0.0118012694243816,0.0,0.0356400665004155,0.0154416925699387,-0.0044656418980496,0.0096321791842184,0.0222233323579998,0.0077519379844961,-0.0072424076440874,0.014563164600674,0.0189517077287,0.0172549698990862,0.0474981628699311,0.0381479324403029,0.0017947279865395,0.0,0.0,0.0244910245183889,0.0105516293678837,0.0133973569268674,0.0071661302896435,0.0306895177361496,0.0005711332916316,0.0083061338044732,0.0,0.00944632942628,0.0317467090525056,0.0,0.0238507938709007,0.0121479845389289,0.0464164819910868,0.0556342485157168,-0.0157080429904333,0.0030441400304415,-0.0081033623614833,-0.0001514972982981,0.0,0.1084576144523508,0.0040183570848246,0.0315256724531824,0.0,0.0335196837500877,-0.0007347538574578,0.0,0.0077417923691216,0.0191118895528539,-0.0142089910990372,0.0,0.0015650458794274,0.0049506470380547,0.0641335464921737,0.033523604547794,0.0,-0.0065940393599137,0.0309609246803828,0.0
2016-09-29,-0.0065469969877667,0.0,-0.0133100219953752,-0.0233489993286002,-0.0201925008110989,-0.0217856154562149,-0.0291671976551547,-0.018378415725291,-0.016580798702827,-0.0158990585569749,0.0,0.0,-0.0150050016672224,0.0,0.0051168114185686,-0.0244239863165308,-0.0258726798286643,-0.00493684397794,-0.0027063599458727,-0.0110757394879957,-0.0149013123902035,-0.0257995309176196,0.0129182421499831,0.0,-0.0049162235376744,0.0068134689444061,-0.01461658173385,-0.0138079731345561,-0.0332874885678979,-0.0053846153846154,-0.0048660495340853,-0.0220182624821015,-0.0057698312494059,-0.021773376363497,-0.0022108843537413,-0.0282608695652173,-0.002505985038736,0.0,0.0,-0.0171078287347418,-0.0289932494779271,-0.0150989791266629,-0.025463675065247,-0.047660479505027,-0.0149497145963577,-0.0317675236236821,0.0,0.0018715862648486,-0.0255381624930209,0.0,-0.0024943003543937,-0.0068601814750017,-0.0169657194721775,-0.0303194678390955,0.0223182145428364,0.022761760242792,0.0139588292286161,-0.0051011818579749,0.0,-0.0217499633592261,-0.0075015309246785,-0.0270137008446832,0.0,-0.0110220894441427,0.0070903361344538,0.0,0.0127525002384674,0.0196507102057321,-0.007899014528091,0.0,-0.0428109681700451,-0.0049262588691753,0.0,-0.0110007016908486,0.0,-0.0109570599179156,-0.0056669115332144,0.0
2016-09-30,0.0050663655208686,0.0,-0.0158616747642184,0.0010384899478561,-0.0144276253547777,0.0114440015430112,0.0075149725162031,0.0014147457328876,0.0006737051121807,-0.014838043823436,0.0,0.0,-0.0091401489505755,0.0,-0.0168408243463504,-0.0227923166172488,-0.0179340089122505,0.0,-0.0204496995541773,0.0061297029038964,0.0104900973481032,0.0033033481393003,-0.0106948217244972,0.0,0.0108691268400888,-0.023538642604943,0.0136876006441224,-0.0198572137987964,-0.0154619445507658,0.0046403712296985,0.0141766966217724,-0.0152653433502149,-0.0180653794685529,-0.0075034818941503,-0.0177262655530935,-0.0028866276971927,0.0010744009279402,0.0,0.0,-0.0090221068793564,-0.0035760728218465,-0.0031979353680431,-0.0019652767170713,0.0,-0.0052520235467254,-0.0089075343874308,0.0,0.0180709111704153,0.0089338765809354,0.0,-0.0041751055091027,-0.0078483618202137,0.0046401515151515,0.0104224937435595,-0.0218309859154929,-0.0008902077151335,0.0016869175415832,0.0003045942973176,0.0,0.0244509034249242,-0.0007602300522244,0.0013624317745672,0.0,-0.0105041536032221,-0.0084485006518905,0.0,0.0112008694077159,0.0078823106572312,-0.0168710478482373,0.0,-0.0081624438133148,0.0055186282486221,-0.032876808049752,-0.0100016020872909,0.0,0.003610893176168,0.0062620932277925,0.0
2016-10-03,-0.0035324267540922,0.0,-0.0121097720342673,0.0124635627086695,0.0351385222515532,0.0350877192982455,0.0236796247740338,0.0227164103573336,0.0373743189972095,0.0190747113005778,0.0343744327939348,0.0,0.055278442090878,0.0,0.0302672442670512,0.0256457613255587,0.0270448775132092,0.0016537791087471,-0.0023745918670228,0.0159174532074868,0.0058134706419734,0.046206216633494,0.0336746852712106,0.0,0.0224819964491611,0.0189835275210927,0.0157481517688029,0.0161010146205371,0.0107094654069597,0.0053887605850655,0.0053074364853988,0.0196821605284325,0.0072172546620128,0.0247680190847059,0.0157903869512405,0.0291669682275457,0.0279898762294295,0.0,0.0,-0.0040859418918735,0.0179696323252602,0.0245258062700512,0.023803207770477,0.0375596386153689,0.0234768698739702,0.0204295784250372,0.0,0.0171509886159377,0.0147544431591124,0.0,0.0008407944371222,0.022942202196851,0.0297389009331698,0.0294589003176082,0.0319174466042715,0.0237600237600237,0.0073722515986951,0.0058785715494054,0.0,0.0151803211559273,0.0361659665023761,0.0050026133054581,0.0,0.0202137009112353,0.0064166622837005,0.0,-0.0100593962929261,-0.0008607650972051,-0.0038149054736732,0.0,0.0427940115440115,0.0074577306209686,0.0113435208265597,0.0162867579064176,0.0,0.0039087150217098,0.002831870782785,0.0
2016-10-04,-0.0106271238801359,0.0,0.0016461873125992,-0.0251325901071544,0.029520257181717,-0.0086219602063375,0.002577278584724,0.0108241471259311,0.0144059980871702,0.003613848076041,0.0090706620773435,0.0,-0.0174825174825173,0.0,-0.0435848827853765,-0.0170555398348468,0.0059296625103353,-0.0012382864792503,-0.0075374392541902,-0.0054851324042725,0.0021468086863181,-0.0094589548921643,-0.0072339074794927,0.0,-0.0076478851256438,-0.0204041399704286,0.0044211191145731,-0.0127764286870649,0.0021191976079193,0.063552833078101,-0.0163065233646271,-0.001756923113698,-0.0006489023885131,0.0,-0.0166552784420909,-0.0142053445850913,0.0010440256799151,0.0,0.0,0.0050251256281408,-0.0141268706392839,0.0144071637527296,0.0087996412377298,-0.0240680950983269,-0.010895490026019,-0.0284331553598299,0.0,0.0152786981812824,0.0058138932357787,0.0,-0.0058579115864042,-0.003403032244819,0.001281523181839,0.0035946787432776,0.0557558139534883,-0.0150855816652161,0.0076573258981282,0.0119995627349249,0.0,-0.004264146594445,-0.0007342534557798,-0.005877497110781,0.0,-0.0097479143997099,0.007786778155213,0.0,0.0122315748333536,0.0069535894059298,0.0009541111735569,0.0,0.0006270270270269,0.0018146413904924,0.0027862118235399,-0.0248632294901104,0.0,-0.0028427215071114,-0.0022486403569933,0.0
2016-10-05,0.0025526135015299,0.0,0.0024358748605974,-0.0021021154387055,0.0125454126925348,0.0110260412795164,0.0226439645186373,0.014977937627054,0.0079467299711257,-0.0147263916794704,0.0099789986222025,0.0,0.0326215895610912,0.0,0.0263377757803091,0.03237372415598,0.0242098184263617,-0.0024796434674797,0.0219846107724592,0.0414709452683801,0.0166845184147648,0.0254707328893755,0.0089105411954766,0.0,0.0125235923246302,-0.0173073052928154,0.0341802284670551,0.0116495683887387,0.0183227114716106,0.0071994240460762,0.0185270496460434,0.0044898350135293,0.0045728969509415,-0.0264630869036819,0.0259706418830887,0.0373805107718647,0.0139473342846023,0.0,0.0,-0.0034794520547944,0.0131539461838552,0.0123341456810182,0.0196388351049117,0.0184461152882204,0.0028954531338485,0.0280274354328495,0.0,0.0246944917866338,0.0046262905186802,0.0,0.0168322484869247,0.0024845185777067,0.0313799881153722,0.039935696759455,0.0263781045211739,0.0217967599410897,-0.0036313432489499,0.018969987037591,0.0,-0.0107349537037036,0.008561935593798,0.0168316338393064,0.0,0.0131175312485694,0.0028002489110143,0.0,0.0348784830219437,0.0064777921728713,-0.0052491382011908,0.0,-0.0233367185980684,0.0051617929005494,0.0391123143233711,0.0118971248614918,0.0,0.0051841746248293,0.0101853631265393,0.0
2016-10-06,0.0030677951584898,0.0,0.032526275726791,0.0311011882686287,-0.0389392164712045,0.0034310361729241,0.0313440710051826,0.0044679340326621,0.0,-0.0013275114757769,0.0079069705839502,0.0,0.0,0.0,0.0078596932474006,-0.0156665906152559,0.0140641845610109,0.0033144098446931,-0.0177960301163586,0.0189025858027898,-0.0059767413590503,0.0175914580780676,-0.0028105114797301,0.0,0.0076115026892682,-0.0105467950030718,-0.022381145405061,-0.0043507015587311,0.0242159163644122,-0.0021443888491778,0.0067015943613131,0.0021335685423795,0.0103968974337818,0.0274461538461538,0.0253344056891295,0.0387842112501719,-0.0085971762369954,0.0,0.0,0.0016633216946635,0.016488127560843,0.0140295034171,0.008283599441947,0.0061029628900481,-0.0046266359438611,0.0024081528188184,0.0,0.0222237950314954,-0.0166866660513008,0.0,-0.0008198194151206,-0.0091350644498412,0.0434772974051012,0.0356629512109132,0.0,0.0928221389449408,0.0159173740408238,-0.0161459989725273,0.0,0.0086577554184095,-0.0060607340456985,-0.0022375566534645,0.0,-0.0048582081120778,0.0076533250594685,0.0,0.0217086399281445,0.0072982950405595,0.002402142238324,0.0,0.0277771632115755,0.0044392945283813,-0.0188200610195056,-0.0033658002420609,0.0,-0.015200868621064,0.0084051053232334,0.0
2016-10-07,0.0,0.0,0.0,0.0035824503096877,-0.0106807499665745,0.0177071121531848,0.0243131826798663,0.0153781518209037,0.0141312064141645,0.0113068545803973,0.0019579500657029,0.0,0.0335056480949644,0.0,0.0016432343307857,0.0090911432176981,-0.0107195958368638,-0.0037163934243273,0.0061722249875559,-0.0007460552329555,-0.003892953957157,0.0122129526103036,-0.0012126787655766,0.0,0.0094425066964713,0.0142812791058677,0.006545239152969,0.004884179815964,-0.0202687220081241,-0.0050143266475645,0.0095099742406996,-0.0143441648032731,-0.01607458826732,-0.0180624957218152,0.0386830426256579,0.0293260955911558,-0.0079748932809587,0.0,0.0,0.0042543263754513,0.0116070127725707,0.0054075441835927,0.0092917335280722,-0.0180999902162214,-0.0336807239388421,0.0240004642256135,0.0,0.0272104133490271,0.0152175726980683,0.0,0.0091153297141763,0.0160944678016377,0.0089405168935421,0.0106054257882057,-0.0257001824230066,0.0113426536533896,-0.000985695947185,0.0105013634366895,0.0,0.0236624619399739,0.0119510485053222,0.0224175608318806,0.0,-0.0032470481380562,-0.0055424407266756,0.0,0.0064377827518815,-0.0242799792643672,0.0023963857788253,0.0,-0.0138307376034615,0.0081464335475751,0.0273915170148835,0.0112418028520868,0.0,0.0086301942744173,-0.0011147698429031,0.0
2016-10-10,0.0015292062875995,0.0,-0.0031473290234774,0.0463554322660186,-0.0126569119214074,0.0061916532674171,0.0067124937575278,0.0057205157002213,-0.0003294160277368,0.0141418300446582,-0.008813230337447,0.0,0.0333456835865135,0.0,0.0196809013508028,-0.0011229646266142,0.0191100301397091,0.0066315671558194,0.0081131888789947,-0.0096437415228401,-0.0066295629399246,0.0251338261534539,0.0032321540715929,0.0,0.0149666876658458,-0.0017345168860319,-0.0021773671511798,-0.0010239328092698,-0.0151740658842206,0.0086393088552916,-0.0108371534113668,0.0120067575721007,0.0045650098908547,0.0152839379231619,0.0082672549136508,0.0025725127017814,0.0017482881345349,0.0,0.0,0.0140344643808847,0.0149063850216035,0.004775022956841,0.0013138102401035,0.0245117576723794,0.0126219108039011,0.0078145365112827,0.0,0.0646737665138852,-0.008075204191709,0.0,0.0,0.0007669280819377,0.0318459271732267,0.0307827844427746,0.0263781045211739,0.0508607198748043,0.0215690323764941,-0.0124345871815482,0.0,0.0189229766862129,-0.0089230413924144,-0.0030659622158182,0.0,0.0107752238193954,0.0007224687790277,0.0,-0.0041591356523258,0.0069809106072773,0.0162512410513664,0.0,-0.0054134287959486,0.0020545171513171,0.0080255730123104,0.0583290444330075,0.0,-0.0568036185450433,0.0105763782772179,0.0
2016-10-11,-0.0116879291903706,0.0,-0.0205364507779389,0.0146051405710527,0.0290339563042907,-0.0239940849571874,-0.0227899444112111,0.00067263109776,-0.0035588654468765,-0.0126485422945393,0.0108630932691162,0.0,-0.0376479024740049,0.0,0.0494606180259382,-0.0237109714344115,-0.0031239593409554,-0.0045291669448711,0.009814505839631,0.0099889430567421,0.0,0.0,-0.0160836651058751,0.0,0.0,-0.0070523303352412,-0.0184447983014861,-0.0064028958994218,-0.0189054010291102,0.0099928622412563,0.00619408637226,-0.0161449949323317,0.0240846059571187,0.0002574775779942,-0.0256430472060709,-0.0180896786195394,-0.0024464482350252,0.0,0.0,0.0052153522721147,-0.0101700527423665,-0.0035642478523121,-0.0034133262341218,-0.0059326979186928,-0.0201789738458805,-0.0116281031235064,0.0,-0.0014244563324997,0.0040704719883168,0.0,0.0065603350337486,-0.0218159794324138,-0.0234379780919161,-0.0216183605238681,-0.0400257538362485,-0.0156366344005955,-0.0019204420385884,-0.0059301340509294,0.0,-0.0185715477216492,-0.0004872416824667,-0.0136425319382994,0.0,-0.0029073698444895,0.0,0.0,-0.0229606639228121,0.0190797546012269,0.0018896544631838,0.0,-0.0339632165744886,-0.0225570600186862,-0.018521017475204,-0.0236234938131517,0.0,0.0118191264037086,-0.0203707164579759,0.0
2016-10-13,-0.0113164044732342,0.0,-0.0088863075359372,0.0163124206660005,-0.0109942956539533,0.0057183353290486,0.0172895172969824,0.0016706584090895,0.0012980033896905,0.0147796106217084,0.0009817010916517,0.0,-0.0316691505216096,0.0,0.005363072749666,0.03237372415598,-0.02507794604225,-0.0024816947068357,0.0083584410535524,0.0264856997126259,0.0200214220977177,-0.0313805450566938,-0.0093905873570628,0.0,-0.0092162431583501,-0.0194544518785383,0.0132636354077477,0.0154672830075346,0.0249838624493867,-0.0042402826855123,0.0170369431878312,0.0345893274836084,-0.0222407487091221,0.0204041357415589,-0.0147469353076828,-0.0210361272620369,-0.0346362722790064,0.0,0.0,0.0204448257832714,0.0,-0.0006027174696348,0.011324498888539,-0.0120340475491634,0.0115092809085268,0.0188192994532845,0.0,-0.0206999302605718,-0.0231581770543212,0.0,-0.0228391851368249,-0.0025145629841165,0.024585369929398,0.0240487140618175,0.0149228705566735,0.0007564296520423,-0.0147404665188869,0.023252122184346,0.0,-0.0252117503753435,0.012165785318398,0.0405900454256826,0.0,0.0051761940281638,0.0006703795379536,0.0,0.0248123364202006,-0.0199987959785684,0.0051578798804192,0.0,-0.0049754069496666,0.0071349456818596,-0.0431375244904272,-0.0457005611572901,0.0,0.0073463342384596,0.0022545959070412,0.0
2016-10-14,0.0156023193279977,0.0,0.013829880746579,-0.0037734846270363,0.011488961079269,0.0062446847284656,0.0260952520730901,0.007010274351908,0.0081164541911618,0.0203932142105713,0.0195101539105304,0.0,0.0327048864948058,0.0,0.0373464144857567,0.0078332953076278,0.0147909443198042,0.0037318032566426,0.0156144578313253,-0.0007271669575334,-0.0121970920840063,0.0344166623881159,-0.0049496048023155,0.0,0.0055811834386925,-0.0072433340331723,-0.0087316176470587,0.0012666285177873,0.0292484291582577,-0.0056777856635912,0.0093064155644304,-0.0003865752943242,0.0188409384712711,-0.0065000042044012,0.0085617493070526,0.0214881548214882,0.0126860157172832,0.0,0.0,-0.0113248200115613,0.0159852811163412,0.0167420517862995,0.0190087166522017,0.0243612596553772,-0.0119727146644526,0.0123181729346399,0.0,0.0280322403133395,-0.0011932796181505,0.0,0.0041786041876634,0.0069293134025842,0.0228741513934476,0.0317384650124192,0.0,-0.0095742000503904,0.0048766003129248,0.0042214075168816,0.0,0.0086309610299033,-0.0192229167321041,0.0175710351733633,0.0,-0.0177198111086126,0.003504251481577,0.0,-0.0088207547169811,0.0117207656584024,-0.016351591120869,0.0,-0.0110051943604085,-0.0084703950465703,0.0028378475465191,0.015216887033171,0.0,-0.0126839118203472,-0.0235507873334486,0.0
2016-10-17,0.0015386057264248,0.0,0.0321088985867461,0.0090026407746273,0.0271048446074144,0.0056505360764995,0.0585441906369343,0.0106104227994694,0.0199762480036036,0.0123640640273703,-0.0143525941127429,0.0,0.0009314456035767,0.0,0.0205746347491579,0.0,0.0076052352316944,0.002065515932385,0.0045553762930623,0.0060277494784843,0.0120410499632022,0.0078256841269315,-0.0012392533498567,0.0,-0.0185006890562762,-0.0072961827217934,0.002198393826551,0.0152060002054863,0.0351826228436737,0.0164168451106352,0.0,0.0143322551914872,-0.0012688299767831,0.0140922556072788,0.0105858881967346,0.0105180636310184,0.0007137036425515,0.0,0.0,0.0007308581603635,0.00898400752587,0.0140937693418607,0.0219776150492043,0.1012180974477958,-0.006063673344665,0.0114070748134214,0.0,-0.0107686010264805,0.0385794637570837,0.0,0.0199490279218728,0.0023462956206674,0.0284814541685767,0.0393463352949761,0.0263781045211739,0.0033070465530398,-0.0012956312224394,0.0152291280450125,0.0,-0.021378356574853,-0.0098105150787295,0.0214884293072961,0.0,0.0321413854676984,0.0069326760129411,0.0,-0.0082465956448728,-0.0038616602710448,-0.0023747729042304,0.0,0.0077570384735257,0.0217082472347149,0.0055879929791884,0.0122126765068775,0.0,0.0084686026309257,0.0183770756171472,0.0
2016-10-18,0.0046009279837797,0.0,0.0886536738351253,0.061530937305857,0.0217539596787446,0.0016808336935119,0.0207415614950139,0.0249351813322238,0.024322674932147,0.0119037740546004,-0.0048538635712983,0.0,0.0576958868416155,0.0,-0.0010790330691899,-0.0055589093470167,0.0427657299695214,0.0053592717629886,0.0230514879546528,0.0498860745759441,0.0080395919604081,0.0300911105639005,0.0248933695230708,0.0,0.0207343578696312,0.0109714529186195,0.0164890918315576,0.0139851735654286,0.0359481733733653,0.0,-0.0133735070969616,-0.0050834729362833,0.0229895931882686,0.0049659892334015,0.0503202933000284,0.0469356089992241,0.0160947803733095,0.0,0.0,-0.0021909731904552,0.0133793296349822,-0.0799669400470468,-0.0782658320726857,-0.0324817838644543,0.0073207989470347,0.0154123877202647,0.0,0.0111086354521436,0.0228538271253042,0.0,0.0268892697219305,0.0293322120905947,0.0206387349327545,0.0307674309780066,0.0056873055048825,0.0228194726166328,0.0087511664428614,-0.0014255852507989,0.0,0.0240240240240241,0.0148561818103409,0.0437060173860686,0.0,0.0050791820077185,0.0151978784169726,0.0,0.0032630005895337,0.018103133000122,-0.0228546899592857,0.0,0.0033446731498343,0.0061677677439502,0.0195561571616855,0.0290515908398325,0.0,-0.0013585618933232,0.00732607106811,0.0
2016-10-19,0.0015292062875995,0.0,0.0342867431452234,-0.0265477910046321,0.0631755406761984,0.0224374340780517,-0.0185329820891965,-0.0067207995003123,-0.0070945336813965,0.0009318552866015,-0.0048775384776326,0.0,-0.0079183529825797,0.0,-0.001085086415891,-0.0011129379031238,0.0193046352548702,-0.0036904867452787,0.021608643457383,-0.0388347284899009,-0.02302466785564,-0.0273315484158858,-0.0190257600215225,0.0,-0.0027699787069662,0.0072700453060794,-0.0064886448714749,-0.0103426550306598,-0.0138815947300513,0.0105337078651686,-0.0070055116893438,-0.0047378505486848,0.0205969005562087,-0.0172826177227805,0.0129650939777521,0.0074101519081142,-0.0003509488714638,0.0,0.0,0.0110188438198657,-0.0066013432698499,0.0774780253192548,-0.0162845321513861,-0.0055348879412031,-0.0163473185247355,-0.001847624674383,0.0,0.0108921488383806,-0.0122812954079499,0.0,0.0007967526944239,-0.0095475579346547,0.0106518313175232,0.011485642946317,-0.0312099871959027,0.0054536440257808,0.009634150468734,-0.0164577368205769,0.0,0.0106664366626414,0.0175600739371535,-0.0177757586246684,0.0,0.0110559417411453,-0.0027629860343614,0.0,0.0255271465077824,-0.0182003232952163,0.0185170394036209,0.0,-0.0040070780295679,-0.0134866500639231,0.0082454056320313,-0.0079956128324648,0.0,-0.0089511041009463,-0.0072727900910395,0.0
2016-10-20,-0.0015268713862752,0.0,-0.0214120514287134,0.0,0.0423522940825962,0.0203038544499671,0.0207037941220107,0.0054771606801489,0.0145983672567069,0.0,-0.0088304862023653,0.0,0.0292656970556934,0.0,0.0173166315995498,-0.0100529234509127,-0.0236681504612774,-0.0020578649373187,0.0043387869474824,0.0095095872409056,-0.0027279812938425,-0.0125833565448199,-0.0177492479495376,0.0,-0.0046294546691357,-0.0144351464435145,-0.0097965335342878,0.0074630158399988,-0.008317334245062,-0.0062543432939541,-0.002823456177144,0.0197883486763039,0.0018252427184466,-0.0218627724395542,0.0078953347470462,0.0247027093294103,-0.0045796566829451,0.0,0.0,0.0167298478386774,0.004422422376068,0.0086837177086274,0.0030370843989768,0.0393248175182481,-0.0079992243176418,0.0014797595794253,0.0,9.342301943204844e-05,-0.0101870138245133,0.0,-0.0071327903949393,-0.006278661783263,-0.0015781167806417,0.0068221090190974,0.002918662921967,-0.0147928994082839,0.0025475714269751,0.0036369270412865,0.0,-0.0126589480271953,0.0210884566799252,0.0044270852452517,0.0,0.0037541470228741,-0.0047352778197572,0.0,-0.001112665733893,-0.0224160009756692,0.0239181294192993,0.0,0.0063614689835405,0.0,0.0108462124887378,0.0257833403356697,0.0,-0.014234273664107,0.0112588313089478,0.0
2016-10-21,0.0050844168445565,0.0,-0.0331639135959339,0.0250012791649612,-0.0299239259487269,0.0,0.0124610180242086,-0.0086556802901903,-0.0094858645832522,-0.0086619099399699,0.0029697194675717,0.0,0.0404388534665978,0.0,0.0,-0.0158336317593492,0.00302927789396,0.000824843391221,0.011610116101161,0.0200115974958874,0.0148495506057053,0.0009790093752592,0.0084024081668265,0.0,-0.0074415779182563,0.0128422840161324,0.0055063121138867,0.0041981318000663,0.0103230853892206,-0.0104895104895105,0.0051872770511296,0.0087640012356555,0.0079466604643951,0.0128475402187624,0.0400691300509084,0.0674762218101334,0.004600726430489,0.0,0.0,0.0200277047758372,-0.0076994006454588,-0.0047813425908265,-0.0016533864541831,0.0,0.0043397517349232,-0.0037019923058737,0.0,0.0110851626965593,0.0080013844634694,0.0,-0.0031965152565881,-0.0049245826493634,0.0189861508354658,0.0118355065195585,-0.0292664177465407,0.0212712712712712,0.0028531624407914,-0.0004306247308595,0.0,0.0021320732972225,-0.0422464649769444,-0.0152181858051312,0.0,0.0012611985735409,0.0266740901958799,0.0,0.0111123710171221,0.0171912621480343,0.0028082357896885,0.0,-0.0123008234717933,0.0012397560939068,0.064516129032258,0.0424130720644981,0.0,0.0083248403144267,-0.001669161805448,0.0
2016-10-24,-0.0025254865616312,0.0,-0.040162964909975,0.0168537573083906,0.0113642029872396,0.0032170596075187,-0.0080919876270899,-0.010024540883598,-0.0095845641380176,-0.0074829267559709,0.0286046634589964,0.0,0.0074532104013691,0.0,0.0085133399708525,0.014944769330734,-0.0235631390945744,-0.0008241635853344,-0.0080960854092527,-0.0147693521440505,-0.0131325618628782,0.0215668722233273,-0.0120875983144851,0.0,0.0365496796404321,0.0035628209158544,0.0240416722318685,-0.0029469670537806,-0.0063851847963041,-0.0007067137809186,0.0065726241701045,0.0005557508875,0.0327026126195419,0.0121727558880482,-0.0046960228298955,0.0406276267862146,-0.0045796566829451,0.0,0.0,0.0025257012311208,-0.0055521999721227,-0.0003322131786412,-0.0085300397070854,-0.0270388903520322,0.0098876929365281,0.0,0.0,0.0558960303039635,-0.0102000626142456,0.0,0.0200341330318611,-0.0024775896414341,0.0031023212010414,0.0139219314477045,0.021098478420725,0.0384709629992647,-0.0028450450650693,0.0149320457796853,0.0,0.012793973894543,-0.0436295703229249,0.0109776735348257,0.0,-0.0077965512748121,0.0166633800039439,0.0,-0.0076918509918265,0.0039001655730668,-0.0074591718537186,0.0,0.0151523887498701,-0.0027570056748678,0.0303030303030302,0.0195837167702375,0.0,0.0024818365590537,-0.0161851902923331,0.0
2016-10-25,-0.0086331715097597,0.0,-0.0167319330722677,0.0152612265436113,-0.0044910179640719,-0.0139264281460443,-0.0237371544362425,-0.0039191445431489,-0.0046800139607195,-0.0053441528457991,-0.0172586614577978,0.0,0.0591845681718545,0.0,-0.0154712679858259,0.0248655569782332,-0.0204264271808076,0.0,-0.0132747331599245,0.0070184528786256,-0.0072697402197351,0.0259148073022312,0.0012699691704036,0.0,-0.0081371318916525,-0.0017750861438864,0.0085358607596772,-0.0009873087089377,0.0064262173818283,0.0,0.0074625221268189,-0.0060985286449476,-0.0322628697692317,-0.0230582524271845,-0.0047181795085834,-0.006515885837372,-0.0505816707901246,0.0,0.0,-0.0083935737887553,-0.0133856612236318,-0.006723161675422,-0.0052828062266676,-0.0166922313453036,-0.0116218560277537,0.0003721140934169,0.0,-0.1549612086565944,-0.0005815792427227,0.0,-0.0141416940193529,-0.0277767376842525,-0.0211520406472636,-0.0109933084209612,0.0029359627742078,-0.0294950448324681,-0.0028531624407913,-0.0028591794075011,0.0,0.0021006614244756,0.0407420636692414,0.0028118965985597,0.0,0.0122354280211001,-0.0032489574241101,0.0,-0.0004720022868842,0.0405971680940222,-0.0028085924975954,0.0,-0.0298524416979996,0.0062232258742149,0.0245045946114896,0.0517204660926708,0.0,0.0167608361451074,-0.0022776249627696,0.0
2016-10-26,0.000515471969259,0.0,0.0100540299671365,-0.004297396780881,-0.0009679888343613,0.0027177700348433,-0.0076285463980053,-0.001637802529637,-0.0040724270390029,-0.0132799598176573,0.0,0.0,0.0100889900662251,0.0,-0.0192893646910649,0.0176657254941154,-0.0063150133833405,-0.0020621084780524,-0.004817743841469,-0.0409401859322927,0.0131151610434205,-0.0112302679447027,-0.0037875805844945,0.0,-0.0109385173472235,0.0144351464435146,0.0063513047476722,-0.0012384830459176,0.0038324233515329,-0.0099009900990099,0.0,0.0145072992700729,0.011519023063701,-0.0051242236024844,0.0066367647595082,-0.0065044175836088,-0.021235189425652,0.0,0.0,-0.0081837448612209,0.0022493725434484,-0.0048384398605086,0.0061403686244358,-0.0055973573132684,0.0055672555672556,-0.0059462198645794,0.0,-0.1626341766472233,-0.0005717085919633,0.0,0.0079667924201969,0.001758766552625,0.0126382306477095,0.0055577522955931,0.0,-0.0029175784099196,-0.0041355106237913,-0.0118871682837499,0.0,0.0147021330840486,-0.0150153370943177,0.0048173365546526,0.0,0.0092981014574233,-0.0131841401118948,0.0,-0.0028533042460359,0.0095449422372499,-0.006597561602963,0.0,-0.0006908260640478,0.0,-0.0167490389895661,0.019680445871542,0.0,0.0175743473437208,-0.0062514267652379,0.0
2016-10-27,-0.0020530194217197,0.0,0.0046047370888135,0.0120797872986195,0.0070979517339282,0.0027104037806657,0.0512162327343845,0.0147772202677329,0.0166844046828362,0.0073656444746097,-0.0107358152550574,0.0,0.0099882190237157,0.0,0.0051024188330131,0.0282115497937538,-0.0019113828088456,0.0016530956449867,0.0205516989404457,0.0412368619991709,0.0060234813680448,0.0236434604555926,0.0147952374262432,0.0,0.006451370210845,0.0106207465456795,0.0041979609903761,0.0037137936433382,0.0101785994456358,0.0142857142857142,0.0055554340456245,-0.0027430524327729,0.0215709647965911,0.0183046320864332,0.0084767252309365,0.0175677887500682,0.0220754428400677,0.0,0.0,0.0076848812512066,0.0214510146707929,0.0392189823495181,0.0213752123948081,-0.0114422810740981,0.0215348814660396,-0.0130861800610652,0.0,0.3092205597460946,-0.0097450355479283,0.0,0.0079038242927311,0.006849710056707,0.0020986553747863,-0.0005461496450026,-0.0293841480254073,-0.008046817849305,-0.0044781647381004,-0.0033326830537131,0.0,0.0,-0.0224961344977024,0.0135739682909767,0.0,0.0049061616248178,0.0240090711891147,0.0,-0.0015874815738745,0.0086290106874133,0.0085315174190541,0.0,-0.0047805403885359,-0.0031613362610488,0.0121939867820906,0.0105628475243031,0.0,-0.011954497650589,-0.0028626460037813,0.0
2016-10-28,-0.0205098520818829,0.0,0.0060932096393477,0.0191809414135597,-0.0310869467937531,-0.010812309398392,-0.0156589147286821,-0.0032332009320711,0.0037150143248434,-0.0034912832762937,0.001969544757574,0.0,-0.0114108935997565,0.0,0.0010860698033279,0.0221362561788092,-0.0076359317048733,-0.0020629592872197,-0.0034010561174259,-0.0072251627710899,-0.0065963060686015,0.0018596655727456,0.0083323959748384,0.0,0.0,-0.0140801958983776,-0.0136076669320895,-0.0024646217585545,0.0107037696165668,0.0133802816901409,0.0239405473989486,0.0200320151508321,-0.0263912509155008,0.0379692941747489,0.0252343834189447,0.0302396654334888,0.0026049171968873,0.0,0.0,-0.0155335837101759,0.0021971922196266,-0.0018664144933305,0.0084262750155039,0.0,-0.0066251566118683,0.0037916254533465,0.0,-0.0439819916254761,0.0081079408305997,0.0,-0.0172584403562346,-0.0094950806318174,-0.0062457141798097,0.0,-0.021225744039151,-0.0120452310717797,0.0111950394588502,0.0183258029262565,0.0,0.0145170295924064,0.0255759033997236,0.0066924973582247,0.0,0.0036669864619975,0.0051995570747676,0.0,0.0141497144002404,0.0215955079498679,-0.0249030833611461,0.0,-0.0299159386846877,0.0011032450363321,0.1129605787505365,0.0063631684836007,0.0,0.0104878715675169,-0.0080277871307307,0.0
2016-10-31,-0.0141352350681605,0.0,0.0227247926669575,-0.0087802925979544,-0.021831398973781,0.0273262331838564,0.0353467737701473,0.0301941778326839,0.0314607446441455,0.0255234143905342,-0.0049207794092426,0.0,-0.0015390140050275,0.0,0.0231607161265936,0.0061910101859639,0.020535452561639,0.0012403343315603,0.0149977548271218,0.0070418381910613,0.0030238022269895,-0.0092342728790029,0.0123996018397747,0.0,-0.0155671837039805,-0.0177998551174582,0.0053048103674446,0.0012322280810395,0.0685367430960628,0.011118832522585,0.006294830308652,0.0261258772172183,-0.0042202700462827,0.0304932073242762,0.0045547711227511,-0.004215456674473,-0.0059425753739676,0.0,0.0,-0.0068772221212985,0.0408012554232437,0.0418733949986285,0.034760793807288,0.0,-0.002426952550211,0.0188646192587726,0.0,0.0628992952644404,-0.0034483464309101,0.0,-0.0135663321098733,0.0247619537142931,-0.0256061171204773,-0.022120218579235,0.0093023255813953,-0.0062204528489674,-0.0042812705562308,0.0122856616557611,0.0,-0.0244909190974133,-0.0117304600947124,0.0289555990345753,0.0,0.0252352528835737,0.0239954020786437,0.0,-0.0034452547051112,0.0187463319940408,0.0,0.0,0.0262266830103039,-0.0037170138370042,-0.0259178670779739,-0.0027151424984889,0.0,0.0029184947525078,0.0185079319708447,0.0
2016-11-01,-0.0182099490477849,0.0,-0.0110965883325775,-0.0181436052103493,-0.0226585960074788,-0.0292593097803847,-0.0460947503201024,-0.0245801329553351,-0.0293075659895389,-0.0320504656232908,-0.0059261812589489,0.0,-0.0077069311000359,0.0,0.0130886409979609,-0.0574194896561331,-0.0245264652847591,-0.0049551912324363,-0.0211466996991682,-0.0281929347826085,-0.0057034607785223,-0.0465544657335831,-0.0204100660275807,0.0,-0.0102321696376026,-0.0217047729427879,-0.0337831055793745,-0.0308240144936591,0.0349825925948117,0.0254295532646047,0.0026809085535759,-0.0217772943165784,-0.0320614596670935,-0.0208338308932992,-0.0417313359956751,-0.0420717048186474,-0.0284001490354404,0.0,0.0,-0.0189192014215532,-0.0222394678492239,-0.0307620517606518,-0.0295743556846912,-0.0459255110613272,-0.0200567028083216,-0.0296266844333642,0.0,-0.0039038294708142,-0.0409175385815938,0.0,-0.0121284629231241,-0.0341387871796158,-0.0380883112906005,-0.0469176091912916,-0.0153225806451612,-0.0250375563345016,-0.005620934060397,-0.0207444914751374,0.0,-0.0397743300423131,-0.0474348265705368,-0.0281407662893745,0.0,-0.0281777685693567,-0.0139382600561271,0.0,-0.0155737704918033,0.0011743200576082,-0.0120454964324266,0.0,-0.0245157170226353,-0.0272373103156062,-0.0532149522139908,0.0099670871677248,0.0,-0.0108691462709578,-0.0312565775626184,0.0
2016-11-03,-0.0234569021707741,0.0,0.0262185417959162,-0.0210608424336974,0.0301018855345729,-0.0290404927515866,-0.0476044919928234,-0.0204584715094506,-0.0237701772385867,-0.0421055890525469,-0.0398100852215894,0.0,-0.0163102573396158,0.0,-0.0712279721339502,-0.0098039215686273,-0.0303042695893998,-0.0037349005708903,0.0103950103950103,-0.0258891875278718,0.0111650584885174,-0.0507760898282695,-0.0050011680928937,0.0,-0.0319536614369557,-0.0592353257942918,-0.0054761586750367,-0.0188286406765676,-0.0411241250340141,-0.0013404825737265,-0.0057895955704331,-0.015975425809506,-0.011878935393407,-0.0053172460893037,-0.0378889899909007,-0.0066015603688144,-0.013845326129261,0.0,0.0,-0.0180987641167696,-0.0195024604848402,-0.0259980742167247,-0.021473913423869,-0.0482340279816064,-0.0217085328902354,-0.0450382609273428,0.0,-0.0010886469673405,-0.0288525362396421,0.0,-0.0294879059586902,-0.0121063803545578,-0.0424020534452911,-0.0432936982574637,-0.0342810342810342,-0.0064201335387775,-0.0172734131318477,-0.034442083491553,0.0,-0.0174206815511163,-0.003438249953849,-0.0058696676711272,0.0,-0.0158831681057457,-0.0192581349018119,0.0,-0.0300421691601084,-0.0113421340916888,0.0004796993883833,0.0,-0.0159301691216583,-0.0051150796557055,-0.063224226496237,-0.0152508262402836,0.0,-0.0152846510540467,-0.0111352525801194,0.0
2016-11-04,-0.0100626911573363,0.0,0.0065711657247995,-0.0026313351246177,-0.006045172303825,-0.0073325454063051,0.0101586592802422,-0.0052777581113349,0.0,-0.0083872688046929,-0.0165703650202788,0.0,-0.0102642383408778,0.0,-0.0169188172125255,-0.0065923677794914,-0.0152924802834126,0.0037489023484116,-0.0124351404544639,0.0007423813117877,0.0089549819684753,-0.006175524049752,0.017592069220401,0.0,0.0029125059438894,0.0077847738981109,-0.0065807144775718,-0.0080412574319219,0.0182105809754975,0.0221476510067113,-0.0179287368004968,0.0120390261367704,0.0031727757101929,-0.0398554870772096,0.0236248770522811,-0.0265817223198594,-0.0163786949279441,0.0,0.0,0.0025498786095023,0.0198903716724103,0.0060329531051963,0.0082356447446849,0.0063733552631579,-0.016125648173126,-0.0291764269313727,0.0,0.0088120815818153,0.0303270827132322,0.0,0.0,0.0089890003022616,-0.0011636121846817,-0.0086779594538278,-0.0129028349890962,0.0310157663478933,0.0,0.0005940925445568,0.0,-0.0066373665799623,0.0140783106027277,0.0098405401522769,0.0,0.0034228769497401,-0.009141033081834,0.0,-0.0088958116995501,-0.0150314507644437,0.0082974841175764,0.0,-0.0719468775794311,-0.0085741296076744,-0.0299996811936109,-0.0159370019686885,0.0,0.01170325376176,0.0071225853703194,0.0
2016-11-07,0.0152431998770985,0.0,0.0406058232145187,0.0167276690881843,-0.0027036081136552,0.055133033653262,0.0539431697310439,0.0331739448330301,0.0347383790895816,0.0416228681317785,0.0379221219439853,0.0,0.0725947987023345,0.0,0.0485697243185767,0.0497833871735156,0.0465899162255227,0.0016599558092844,0.0484645348310535,0.0462284096388521,-0.0062048192771085,0.0672851391563102,0.032918012613444,0.0,0.0454967502321264,0.0488469839827332,0.0398209484325475,0.0219615738686411,0.0201975876750835,0.0013131976362441,0.036512089238996,0.0124375359306594,0.0435043704543938,0.0022815112458072,0.0682779902803185,0.0909501241254795,0.0222038648768252,0.0,0.0,-0.0004464466902066,0.0238338208948454,0.0195903043741181,0.035915222339367,0.0565883554647599,0.033135313531353,0.0329319859528416,0.0,0.0128094326810297,0.0300228970062699,0.0,0.0362911996702881,0.0145681649452309,0.0682338256708965,0.0762877420312075,0.0065050629027307,-0.0150413637503132,0.0091322631283445,0.0193927128891713,0.0,0.049089541008277,0.0453476424249343,0.0362472437584466,0.0,0.0278293535990328,0.0013179089178503,0.0,0.014794118674257,0.0,0.0106332391091854,0.0,0.0019381131273976,0.0086482810906292,0.0901860251101032,0.0703439077831762,0.0,0.0296090587291966,0.0135444694931279,0.0
2016-11-08,0.0038922935949492,0.0,-0.0306649937264742,0.0069257477005542,-0.0067797091301344,-0.0086127487103905,-0.001769424347279,0.0073899646784738,-0.0006125170574371,-0.0090980919822574,-0.0203026344437186,0.0,0.0334192780642603,0.0,0.0109369357782735,-0.0115932348942056,0.0212880889827387,-0.0024858073835197,0.0243649559357179,0.0166981800992673,0.0256006142530966,0.0232886148194311,0.0318772234632249,0.0,0.0120365821397527,-0.0223112747752627,-0.0010689934126891,0.0053724069549663,-0.0226226458963031,-0.0327868852459016,0.0035225917399384,0.0033851294539022,0.0030180957861756,0.0027774474663224,0.0189061094582438,0.0,0.0030997818030686,0.0,0.0,0.0088246440365979,0.0052937007176399,0.0052637431886422,0.0023588943633838,-0.0237819025522041,-0.0125813363738229,-0.0079676206996243,0.0,0.0096912808947673,0.0029189346407945,0.0,0.0211668268540305,0.001437823751051,-0.013106134371957,-0.0098796066538002,-0.0162185232607767,-0.0216340035632476,0.0080390598387647,-0.0196062346185397,0.0,-0.0234106036263483,-0.0283305301325876,0.0131584366377002,0.0,0.0002940744008235,-0.0026323486399533,0.0,-0.0057336371082645,-0.0168630614865402,0.0,0.0,-0.0115929355962742,0.0014257929035808,0.0071148628278563,0.0363137939014186,0.0,-0.0002564248675138,-0.0121975282067841,0.0
2016-11-09,-0.0072017150130634,0.0,-0.0682924303613958,0.0107496960201323,0.0013671028375719,-0.0233681765389082,-0.0353593046309791,-0.0210436663848411,-0.0274793051816565,-0.0104921604850553,0.0331685093616311,0.0,0.0367047308319739,0.0,-0.012986250428145,-0.0351876432967298,-0.0454793159269765,0.0020766683504518,-0.0165317139001349,-0.0242813804005441,-0.0130619803774774,0.0274866173029457,-0.0135179557900307,0.0,-0.0045743945928787,-0.0228204276060706,-0.0191757049891539,-0.0165403259075908,0.0115731379499011,0.015593220338983,0.0,-0.0060291444926922,-0.0060307786461986,-0.0052854033084591,0.0635939224174517,0.0374948282995448,0.0011624226729967,0.0,0.0,-0.01497263067511,-0.021063300063895,-0.0261931978809444,-0.0319694065400163,0.0121806298276885,-0.0184654283382109,-0.0156727204905228,0.0,0.0324469530047386,-0.0038840381567908,0.0,-0.0071726077784388,-0.0068519052655192,0.0094125540185883,-0.0228802153432032,-0.006569569259374,-0.0286160249739854,-0.0026583162495212,0.0011965525897412,0.0,-0.0174206815511163,-0.0245144321553818,-0.0230144373759341,0.0,-0.0246529892274416,-0.0118768328445746,0.0,-0.01202492211838,0.0396213548469122,-0.0287017553031589,0.0,-0.0144902281440176,-0.029241304600147,0.0046997545351135,0.0429685487057045,0.0,-0.037134144603722,-0.0164884054549746,0.0
2016-11-10,0.0066888221599918,0.0,-0.0416782439566547,-0.0561513969021569,-0.0221482256683474,-0.0339406336219197,-0.0641503783960364,-0.0625194480253505,-0.0891707550556419,-0.0490357994845894,0.0060093568509358,0.0,0.0617855324663303,0.0,0.0361845366753255,-0.0884008304775245,-0.0867035522681286,-0.0120197154699227,-0.0286449399656946,-0.0355475078623843,-0.0176464717037628,0.0378106038153769,-0.0352251761665188,0.0,-0.0808793187530481,-0.0194989230246003,-0.0610993158763858,-0.0421708068427606,0.0446223852693217,-0.0654205607476635,-0.0482656163626312,-0.0405329946459659,-0.0636368300879961,-0.0131645052240776,0.0382116805797194,0.0281142515328249,-0.0374647223483565,0.0,0.0,-0.0305638790520292,-0.0516081114537148,-0.0405170019942947,-0.049807377491104,-0.0421680853145485,0.0577467217021794,-0.0489747339874351,0.0,-0.032245804829562,-0.051292449102668,0.0,-0.015266094233535,-0.0346572354239541,-0.049869022950307,-0.0690605110667806,-0.0365587372886643,-0.0307980717728977,-0.0553183799778637,-0.0241531762680417,0.0,-0.0377014380960923,-0.0447071566017951,-0.0455944967615772,0.0,-0.0672379270997051,-0.0301231636741355,0.0,-0.0313496317784645,0.1111988170811699,-0.0389288838054228,0.0,-0.0111124712667128,-0.0242475449560004,-0.0070315526025682,0.0748042194718248,0.0,-0.0301505554568953,-0.0131459906574842,0.0
2016-11-11,-0.0332386530259994,0.0,-0.0289939112786313,-0.0040519460755095,-0.005224650230585,-0.020754856340941,-0.069333139408043,-0.0319523661143701,0.0017253912784536,-0.0209076188638404,0.0418810386069943,0.0,-0.0653822683288292,0.0,-0.007760208597469,-0.0399802431193918,0.0050744622173193,-0.0083903080603648,-0.1261698746247572,-0.0909090909090908,-0.0419215216110219,-0.0737679046488208,-0.0320463678255814,0.0,-0.0779968164564711,-0.0974679153659383,-0.0297581658291458,-0.0332087918103685,-0.0399810900249881,0.0007142857142856,-0.0663883544487603,-0.0239983567459004,-0.0582489691357178,0.0005090990672269,-0.0328080559612575,-0.0508121212121212,-0.0256838987453644,0.0,0.0,-0.0254580195571542,-0.0272200863828373,-0.0158387707850978,-0.0128234226055379,-0.075485188968335,0.042944667631859,-0.0223208726620675,0.0,-0.0010573059843518,-0.082199888208152,0.0,-0.0521959478151177,-0.0440511846820345,-0.058247433286011,-0.0961479591836734,-0.0141164281551512,0.0,-0.0126966668260722,-0.0229182189563474,0.0,-0.0921518672714843,-0.0257638076398856,-0.0099468869658724,0.0,-0.1037992798448896,-0.0365667074663402,0.0,-0.0328850758469028,0.0767291318572471,-0.0435580073366749,0.0,-0.0269173635563381,-0.0150595520120248,-0.0776247487022534,-0.0331211069483071,0.0,-0.0506805558381313,-0.0139385208329434,0.0
2016-11-14,-0.0085975282106394,0.0,0.036488504031054,0.0018081916173764,-0.0220695388527557,-0.0147081007693468,0.0277864599612427,-0.0032328264839863,0.0072219210659765,0.0,0.0143525941127429,0.0,0.0517675589963622,0.0,-0.016350600068469,0.0340707711656089,0.0454212856254345,-0.0016922601964393,-0.0342528038799636,0.0270244565217392,-0.0671926698905575,0.051813387423935,-0.0092254936944621,0.0,-0.0238822487826472,-0.0065334358186011,-0.0797604596584931,0.0071063043678292,0.0097021925196389,0.0592433975731621,0.0019752548778686,0.0047586755214668,-0.0034329769437777,0.0051315222078482,0.1042266058399961,0.0740665066149053,0.0131774108532833,0.0,0.0,-0.003027507064183,-0.0011465931545948,-0.0127385980858685,-0.0060613027620729,0.0135896586012596,-0.0046977274398763,0.0197545645016461,0.0,-0.0277609773799444,0.0289225110758171,0.0,0.001716207065636,0.0085182569044739,-0.0036703661627197,-0.0007055967937681,0.014646962233169,-0.0276319425255595,0.0128599452665227,0.0123502239518964,0.0,0.0202943189596167,-0.0065369996657215,0.0172902203108717,0.0,0.0143971978262549,0.0057699433592715,0.0,-0.0121023539003538,-0.0045996022970133,-0.0005416404385824,0.0,-0.0264039464570935,0.0033631775600166,0.0765126870527002,0.0184709741834261,0.0,0.0238855550792969,0.0006071645415905,0.0
2016-11-16,0.0306407902788705,0.0,-0.0271952062687256,0.0343254081742898,0.0053756181960926,0.0006124167495982,0.0646990846333972,0.0205199126692734,0.0150347222222222,0.0345161483817342,-0.0282990238227708,0.0,-0.0558708761972329,0.0,-0.0155439652552425,-0.0012162087456465,0.0179355719260179,0.0148323769599927,0.0390249006068215,-0.0263133524719205,0.0556161891768987,-0.0419636520719551,0.0097330440358751,0.0,0.016688963969071,-0.0023210831721468,0.0786710519373163,0.0197769297265386,0.0033907161726709,-0.0363881401617249,-0.0142962474290813,-0.0130912899284343,0.0206834138580331,0.0073962846968982,-0.0561841423389186,-0.0613021353497883,0.0304885425992693,0.0,0.0,0.0226884923504064,0.0326543571707698,0.0431227067791331,0.0493644134624484,0.026814911706998,-0.0153696947305222,0.0116218798593636,0.0,-0.0053188180404353,0.0404349894966515,0.0,0.0051514551112457,-0.0013799798897402,0.0417945794228578,0.0528723945094051,0.0433713102019679,0.1682296106848537,0.0447969967959447,0.0067967721825863,0.0,0.0174085130647703,0.0045860698129431,0.0537520379748661,0.0,0.0632712131214137,0.0120526315789475,0.0,-0.0270225250804466,-0.0897379647694707,-0.003749597211237,0.0,-0.0144165856066436,0.043277178944584,-0.0616161005681131,-0.04950633709124,0.0,0.0567562193220232,0.018431432038835,0.0
2016-11-17,-0.0117816701302005,0.0,0.0411336176261549,-0.0288175584338977,0.0142500447645386,-0.0179022263025017,-0.0184658888047872,-0.0169292151062805,-0.0313002428762014,-0.01444581576615,0.012622647893189,0.0,-0.0281795979710689,0.0,0.0,-0.0207837493773177,-0.0309588475951456,-0.0029231185950973,-0.043399456248112,-0.0405434782608695,-0.021431956231422,0.0066668813810428,0.0121447275700974,0.0,0.0021856948502354,0.0045237172030501,-0.0247187347138432,-0.0055409680153822,0.0095707069245858,-0.0293706293706293,-0.0025038778611529,-0.0030774672798018,-0.0060778537310871,0.030637014828758,0.0166704796766568,0.0102340662681121,-0.0106487895367131,0.0,0.0,-0.0039025493828034,-0.0237222393037063,-0.0263745392243393,-0.0298785619814836,-0.0261146496815286,-0.0048029568202924,-0.0280819803691587,0.0,0.0016260671065386,-0.0131738931587225,0.0,-0.0136706747214266,-0.0084579809174617,-0.0289202273205642,-0.0305542142818819,-0.0138354634570045,-0.032838725370956,-0.0020253801878913,-0.0190142843628795,0.0,0.0024726361598312,-0.0412970934487848,-0.0138770033340407,0.0,-0.0270308992788576,-0.0119090956367986,0.0,-0.0166684824054907,0.0369705671213209,0.0172160310506042,0.0,0.0275314497834606,-0.0067188806091361,-0.0050558722184652,-0.0163056824321005,0.0,-0.0321673335182032,-0.0217099873389439,0.0
2016-11-18,-0.0170205826309376,0.0,0.0497482720368631,0.0116919105644763,-0.0059730184339706,0.006076186024772,0.0293912233732975,0.0157862695841408,0.0173741083409844,0.0118672415387071,0.0393106816078956,0.0,-0.0130001933114246,0.0,-0.0238608581344514,0.0050024022835826,-0.0267060472211874,0.0092138774124173,0.0236842105263159,0.0408547637929082,0.0271180471484229,0.0274347325313539,-0.0078560807268164,0.0,-0.0447312785134081,-0.0398867730313947,-0.0139432239943826,0.0016701663929257,-0.0234248279103356,-0.063400576368876,-0.0170422701977345,0.0148552910146779,-0.0190356973280959,-0.0282552642887838,0.0382549731465089,0.0181544633901704,0.0083721978947866,0.0,0.0,-0.0116115661419222,0.0162071805804546,0.0066922625713219,0.0094090186114725,0.0134074558534988,-0.0283441261582256,-0.0017530376458482,0.0,0.0167962286534919,-0.0120159157190333,0.0,-0.0164699520361137,0.0043561083564445,-0.0024276053407317,0.0161044854589225,0.0,-0.0193661971830985,0.0081179627124086,0.0192250372578242,0.0,-0.0146347880422271,-0.0017856680727724,0.0547756904236265,0.0,-0.0010553183134542,0.0120526315789475,0.0,0.0378509702130351,-0.0111852840824803,-0.002644929107228,0.0,-0.0163285785965163,0.0177962485093348,0.0126877265665459,-0.0068650456837585,0.0,-0.0087286644017846,0.0129420273305165,0.0
2016-11-21,0.0075006767199601,0.0,0.0157968893946782,0.046664915637937,-0.003182058125595,-0.006633113950187,0.0784191779272913,0.005648744532084,0.0058052759458522,-0.0027575896008971,0.0239752704791342,0.0,0.0476913284042501,0.0,0.0406194685751306,0.0099268841394826,0.0397138561078962,0.0041498895232112,0.0118251928020565,0.0194827281261478,0.054732871868504,0.0552415650738786,0.0179331017335331,0.0,0.0342690739662201,0.0230501206110962,0.0128518141742963,-0.0072299326128768,-0.0296972755977603,0.066153846153846,-0.003059602010825,0.0146378416176211,-0.0166329314441608,0.0025343368626951,0.0180325973875852,0.0317702689390209,0.0003942451969756,0.0,0.0,0.0133421419236237,0.0102510310630081,0.0156129989141085,0.0081957987578402,-0.0065612563192427,-0.0273180574688111,0.0057010148569973,0.0,0.0284012404433664,0.0135121220095419,0.0,0.0193873038260639,0.0117843943936963,0.051168955327655,0.0730099942812014,-0.0070462409562754,0.08130289817902,-0.0164350219512748,0.0110525274592947,0.0,-0.0123823509779054,0.0395753396245981,0.023800121106811,0.0,0.0390634596958456,0.0112850382235165,0.0,0.0068930284337422,0.0003600576092175,0.0228241022519779,0.0,-0.0076658505304885,-0.0015909776675325,0.0250894911787267,0.0512781841490084,0.0,0.0159077536104719,-0.0292172409905677,0.0
2016-11-22,-0.0160423636269089,0.0,-0.0370241937635039,0.0148594713445819,-0.0237461272729072,0.0074568696736645,0.0127529621474258,0.0186183512004658,0.0067898092469094,0.0076126700149088,0.0306349168015069,0.0,0.0680001869420947,0.0,0.0068675797296102,0.0037033943140367,0.0555599379453604,0.0037194652012197,0.0052845528455285,0.0100890128514807,0.0165796371172561,0.0462559940981188,-0.024178929182376,0.0,-0.0287188034958104,-0.0201729106628241,0.0126887408349793,-0.0005575184852222,-0.0376710257309799,-0.0541125541125541,0.0,-0.0129334604472725,0.0070550683133463,-0.0156426287081258,0.042168161689565,0.036520742827135,0.0304390278333293,0.0,0.0,-0.0021967742849853,0.0,0.0006519499823973,0.0033592465544887,0.0399523603291469,0.0331917100512637,0.0,0.0,0.0059413626321132,0.0266639573737921,0.0,-0.0095092923726328,-0.0221019986216403,0.0249075011885322,0.022460788792447,-0.0247101311537731,0.0,-0.0303664558206229,0.0015142750195664,0.0,-0.0426143084045823,0.0486801251917152,0.0183158896289248,0.0,0.0169295155226634,-0.0076622441633241,0.0,0.0014464108564116,0.0424015196960607,-0.0217905668664371,0.0,0.0064326626523718,0.0164963910464983,0.0293393196769868,0.0751101865799519,0.0,-0.00139210665366,-0.0068902781272378,0.0
2016-11-23,0.0273669746589038,0.0,0.0530733220686407,-0.0041800359129844,0.0127043030376767,-0.0115280464216633,-0.0045555138541976,0.0065499687296153,0.0043874682936861,-0.0144242293989766,0.0288455905613291,0.0,0.0059075792053211,0.0,-0.0362555561505917,0.0110137047106475,-0.03158628935831,-0.0024704546972023,0.0048524059846339,-0.0139386172363223,-0.0050366757939759,0.0667183754054434,-0.0235221266723647,0.0,-0.0170450592518727,0.0068181818181818,-0.0238032266596138,-0.0019663489362888,0.0269142289657946,0.0678871090770405,-0.0025534657054251,-0.011380694711119,0.0083978849771169,-0.0112720723205128,0.0198700750405165,0.0797715549005158,-0.0103603577891053,0.0,0.0,-0.0043890175134582,-0.0180522453217547,-0.0032706566071171,-0.0092145855459464,-0.025611660593441,0.031497963202502,-0.0209349554918671,0.0,0.0193808803015462,-0.0357135003188705,0.0,-0.0052323791935979,0.0119174307400646,0.0062116811874799,-0.0050140243751085,-0.0181251218086141,-0.0351043643263756,-0.0042217743378134,-0.0160627219135959,0.0,-0.0759265795975997,0.002449435797434,-0.0179864517636066,0.0,-0.011648724685531,0.0203140384515727,0.0,-0.0021627017135251,0.0271146449775083,0.0079515664151326,0.0,-0.0034000700443613,-0.0058342922011228,0.0759980614284847,0.0144040091035115,0.0,-0.0042024930043247,0.0126288710023192,0.0
2016-11-24,-0.016435467000463,0.0,0.0080227266749086,0.042011292086671,0.0057368268239206,0.00245251513254,-0.0267171106517414,-0.0113043420164754,-0.0094020885946352,-0.0191559312936123,0.0119002881122385,0.0,-0.0123983120894419,0.0,0.004470690456465,-0.0108937244463956,-0.0176629968789656,0.0103190539937527,0.0086519114688128,0.0106653803896348,0.0095417930535746,-0.0171996668473446,0.0064576057734389,0.0,0.0312131364129664,0.0159341388925773,0.0012869141154159,-0.0030880801503517,-0.0101297588444119,0.0135714285714285,0.0046112349387861,-0.007674470614546,0.0111039304388698,0.0015601711830279,-0.025745800283097,0.0051612352840813,-0.0054276353736474,0.0,0.0,0.0026678460353239,-0.0080265308084207,-0.0131124823510956,-0.0104334687710559,0.0,-0.0119786256398738,0.0178220636889991,0.0,-0.010073953298783,0.0101028529727016,0.0,0.005259900990099,-0.0173208714062848,-0.0134690932414015,-0.0170387925657976,0.0037051740108506,-0.0115535889872172,-0.0021198366408373,-0.0012258816419907,0.0,-0.0056533863019978,-0.0141625250572313,-0.0204309923624861,0.0,0.0010115742918979,0.0,0.0,-0.0189305526084452,0.0135309278350514,0.0246580066674328,0.0,0.0008492569002123,0.0024351878823185,-0.0264898797961883,-0.0205939957321172,0.0,0.0092783715844761,-0.021209030196886,0.0
2016-11-25,-0.0069211391114093,0.0,-0.0318615938625331,0.0076652047364271,-0.0235281820534773,0.0048930300348759,-0.0021639817263765,0.0027705510693649,0.0047456634454721,-0.008525156479803,0.0285399176213734,0.0,0.0369570962910756,0.0,-0.0155752586237244,-0.0183931642900737,-0.0269708819216534,-0.0012256390437805,0.0004987033712349,0.0139732202041626,-0.0047357529449219,0.0254640839386601,0.0089719924745306,0.0,0.0123544350133839,-0.006665795320873,0.001268348779003,-0.0019693178871531,0.016849590353996,-0.0486257928118393,0.0025562906454232,0.0108297254018148,-0.014424753050552,0.0023235575667914,0.0142821897530085,0.0239338001273075,0.0058458165875048,0.0,0.0,0.0006402868485082,-0.0046271621687097,-0.0020002914331889,-0.006839846490323,0.0065177903622182,-0.0103052748231149,-0.0043806742429051,0.0,0.0,-0.0026641379933171,0.0,-0.000864171224282,0.0111058349929482,0.0011377488825681,-0.0179686310339576,-0.0257745550428476,0.0241233523999004,-0.0074411905904946,-0.0086349217325162,0.0,-0.0170950021128653,-0.0110452035181017,0.0197742337730524,0.0,-0.0023501210312331,0.0054852963583726,0.0,-0.0007415532450679,0.0237706957074546,0.0,0.0,0.0038476731087151,0.0164276138890826,0.0067954427158636,0.0474786968914624,0.0,0.0100334109547433,-0.017185441532139,0.0
2016-11-28,0.0185732969357572,0.0,0.0179509986253738,0.0292113827546987,0.014970868738563,0.0146076146076146,0.0459705488621151,0.0093331985579028,0.0124810341428289,0.0261489767229261,-0.0204061535768212,0.0,0.0503377086784759,0.0,0.046703858100376,0.0274708193200123,0.0518846767972156,0.0057266676984986,0.0118632240055824,0.0013074629987972,0.0151345515614378,0.034906143008933,-0.0046615946171776,0.0,-0.012203665619562,0.0180263157894737,0.0153698042461196,0.0138264704230099,-0.0059166920036485,-0.0111111111111111,-0.0122196653222896,-0.0042127250111478,0.0369213082376522,-0.0023181711626453,0.029581081081081,0.0484064818268472,-0.0011589088959231,0.0,0.0,0.0031425077496232,0.0092973446588944,-0.0056545169768245,0.0212321723503934,0.0065817409766455,0.0563408588463856,0.0298941461548272,0.0,0.0083235294117647,0.000667813646036,0.0,-0.0069904385019133,0.0031332361352547,0.002841139702898,0.0104408952292345,0.0188781378983693,-0.0271976687712481,0.0178355501813785,0.0135316581512545,0.0,0.0028922066755254,-0.0011192894944948,0.0144610414266683,0.0,0.0289981390308826,-0.0095469010456129,0.0,-0.006253768494612,0.0194029716425028,-0.0105738486565322,0.0,-0.0255334032878629,-0.0035144963444664,0.0315363184651176,0.0730155790313504,0.0,-0.0121390122392518,0.0447152031690774,0.0
2016-11-29,-0.0279206845738217,0.0,-0.0036804617788016,0.0015536954975656,-0.0194256671923181,-0.0101853270026038,-0.0363350142063634,-0.0208839631459473,-0.0316561259133202,-0.0247850533269459,0.0116721956014251,0.0,-0.0721507724662298,0.0,-0.0075554210634206,-0.0255260624398294,-0.0574269584349577,-0.0020335927538145,0.0075862068965517,-0.0080565131097879,-0.0204628261939929,-0.0457322483332066,-0.0016966376529845,0.0,0.0,0.0,-0.00377597019146,-0.0116916129300372,-0.0184551955320931,0.049438202247191,-0.0010309027298629,-0.0147892386193568,-0.0127643848078233,-0.017082934470455,-0.051989132289438,-0.0366051310432067,-0.0120239208487743,0.0,0.0,-0.0072150481239458,-0.0195808917504641,-0.011052968816745,-0.0241575376603297,0.0,0.0156555772994129,-0.0431124154840627,0.0,0.0299273692500656,-0.0420894273077923,0.0,-0.0131963584732314,-0.0304029739153524,-0.0527561923263719,-0.0517417770729961,-0.0185283570195244,-0.0142286570144783,-0.0017463617463618,-0.0151919205822135,0.0,-0.0259937646141854,-0.068511503842734,-0.036496859734822,0.0,-0.0295087221281076,-0.009638922888617,0.0,-0.0109215654243775,0.0411836889638308,-0.0197579159225557,0.0,-0.0170345776501555,-0.0190421543875755,-0.061144368648197,-0.0590117572080115,0.0,-0.01117199391172,-0.0136542954536749,0.0
2016-11-30,0.0052746824109288,0.0,0.0,-0.0042714967717972,0.0088040973111396,0.0072727272727273,0.0233348827943422,0.0188814335979052,0.0237466557084651,0.0125308099350189,0.0090533707244906,0.0,-0.0228837939150903,0.0,-0.0029015727507893,-0.0149603409828661,0.0358370729588883,0.0048905680328683,-0.0186760535836509,0.0337778245817261,0.0176129966221649,-0.023563477937465,0.0140653076398786,0.0,0.0459859525498183,0.0311490241695746,0.0,0.0098606059331833,0.0048547924716439,-0.0364025695931476,0.0180553524125266,0.0237907277163771,0.0033979324444957,0.0281636519783614,-0.0223597496815639,-0.0347133888638135,0.0196313283281235,0.0,0.0,-0.003783660298695,0.0117568930319502,0.0358916905134711,0.0195751422793886,-0.0324825986078887,-0.0313904945407835,0.0026788314083276,0.0,0.0281797841909994,0.0258011950027157,0.0,0.030300465509945,0.0415753819544537,0.1059838919865836,0.0914093054619016,-0.0037891602950131,0.049886047100532,0.0049150283238921,0.0048305380852549,0.0,0.0534149561877326,0.0529041031407726,0.0158681037945178,0.0,0.0121718208194747,0.0180750811061332,0.0,0.0080456786919282,-0.0707236005358747,0.0109022556390976,0.0,-0.0444275389882083,-0.0064692991007713,-0.0348764791363919,-0.0383866461599243,0.0,0.0381327668831903,-0.0207552664789827,0.0
2016-12-01,-0.0303179950263673,0.0,-0.0221377697459338,-0.0315757136901234,-0.0472713980372546,-0.0535883452390095,-0.0659684368997559,-0.0583385200206129,-0.0558032282859338,-0.047366539561487,-0.0057115346740487,0.0,-0.0113752955346386,0.0,-0.0138151794345688,-0.063271914491217,-0.0311383626374586,-0.0137891725400358,-0.0514149063371862,-0.0341894490214303,-0.0258041571168893,-0.0619490695396669,-0.0462369721199001,0.0,-0.0428924517159168,-0.0710704437202306,-0.0772249123392886,-0.0457472795913834,0.0211239216318634,0.0,-0.0481450737500799,-0.0377250476090335,-0.027794518582293,-0.0540179801598236,-0.0442836304929687,-0.0753241232731136,-0.0419734693292839,0.0,0.0,-0.0066501368724291,-0.0494469429925854,-0.0459455585525715,-0.0453402306371144,-0.026814911706998,-0.0341852005341437,-0.0355836059860996,0.0,-0.0336602027324812,-0.0795317194460751,0.0,-0.0484327140862096,-0.0366431650395422,-0.0140621981842765,-0.034994068801898,-0.037831963594376,-0.0012059816690785,-0.0419346052273186,-0.0293133274799405,0.0,-0.0507064721969007,-0.0623168247975759,-0.0798965564175854,0.0,-0.058752243119159,-0.0218512898330804,0.0,-0.0148472365259183,0.0174183599916057,-0.0242583745744772,0.0,0.0088368760449009,-0.0144711381842588,-0.031312417416956,0.0146147130248492,0.0,-0.0674838135718876,-0.0629312395907684,0.0
2016-12-02,0.0048108403055655,0.0,-0.0113330615572768,-0.033817464992976,-0.0248110925193703,0.0178011037766474,0.020661673776209,0.005365874459859,0.0159918955099678,0.0204068868775855,0.0073840126771722,0.0,0.0487320638931503,0.0,0.1242629296763639,0.0243201076814829,0.0,0.0012337034443667,-0.0060924369747897,0.0015689273283407,0.008416825538474,0.0214478378143216,-0.0074955383700179,0.0,0.0548928195987019,0.0068816623937391,-0.03153894870171,0.0032144519432162,0.0047253181086579,-0.0207407407407407,0.0298182062118468,0.0237603807488708,0.0209142030611191,0.0094761276227754,-0.0038674688083453,0.0222038339539372,-0.0032178958071656,0.0,0.0,-0.0086135999653724,0.0036571954681465,0.0044661758881134,0.0041443120120794,0.0207213261648744,-0.0091443936952312,0.005533808424504,0.0,-0.0149079299925887,0.0095920562267077,0.0,-0.0072764047160968,-0.0187527382157964,0.0241565769366405,0.0252509731612375,-0.0118593816179586,0.0125573532963052,-0.0109394313967861,-0.0162903789147509,0.0,0.0,0.0089131989510766,0.0246970977740208,0.0,0.020575418441121,-0.0070327851897817,0.0,-0.0026372268727873,0.0117303104765662,0.0276173443959073,0.0,-0.0069128787878788,0.0029351323796475,-0.0124349701814491,0.0419110150188368,0.0,0.0110877907100002,0.0089077906140238,0.0
2016-12-05,-0.0149607653250549,0.0,-0.0259497498488097,-0.0004162611540401,-0.0520540759117387,-0.0224868428047418,-0.0191270964931388,0.000728126170834,-0.0052526619422385,-0.0181775197667393,-0.0073298886861912,0.0,0.032226142328543,0.0,0.0528041353600869,-0.0145143949348942,-0.0135768634380295,-0.0004107277651969,0.0,-0.0311582660892228,0.0032984051004605,-0.0058775927424506,0.0062150747837634,0.0,-0.0127383015597919,-0.0138032699008308,0.0085011770860581,-0.0090325199715831,-0.0082334379137122,0.0022692889561271,-0.01086213073641,-0.0127607594786588,0.0116235362151222,-0.0160871447121628,0.0116325771662326,0.0126821370750134,0.0088747809807263,0.0,0.0,-0.0023722202817557,-0.0048669860360819,-0.0092189709561623,-0.003529988908796,0.0,-0.0221721808418501,-0.0050508411413969,0.0,-0.0121241934083741,0.0117058306184889,0.0,-0.0137401545456805,0.008556455036524,-0.0337828790052605,-0.0107408702602788,0.027932561794542,-0.0016694490818029,-0.0062613260013748,-0.0076291400375084,0.0,0.0652582723162484,-0.0240880032554903,-0.0109235147732115,0.0,-0.0125184987505763,-0.0063014269346942,0.0,-0.0086948926438826,-0.0021983087205488,0.0080596844597871,0.0,0.0027812211944948,-0.0095142415807301,0.0176345882050623,0.0037268632581253,0.0,-0.0100960328776313,-0.0176582849233479,0.0
2016-12-06,0.0176228453820428,0.0,0.0172433256194615,-0.0016657379981815,0.0346849131868385,0.0255601479225582,0.0011242036890535,0.0144954154363459,0.0214974850985376,0.0074020565231736,0.0180583678140682,0.0,0.0037514067775417,0.0,0.0258553301530022,-0.0120613370507303,0.0304154709462793,0.0020544826590558,-0.0050729232720355,0.054320652173913,0.0044502355417459,0.0126672664695886,0.0172104105571846,0.0,0.0365575353287106,0.0279929338225302,0.0027974878188856,0.0117629846378932,-0.0213518142642064,-0.0188679245283018,0.0036632147384711,0.0283981019881074,0.0148483722525509,0.0136281985482809,0.00383784022233,0.0053734789945822,0.0255752954541399,0.0,0.0,-0.0053830106930808,0.0220469618211149,0.0123926110943375,0.0133030812205015,-0.0136069351475913,0.0088180297214841,0.0036919866499902,0.0,0.0424135910954892,0.0173617062957611,0.0,0.0148637073613142,0.0122649519925104,0.0327466392128135,0.0312847187152811,-0.0464938494683438,0.0143334925943621,0.0166888849762305,0.0163571979009944,0.0,-0.0417668269230768,0.0787420639190787,0.0159997775878006,0.0,-0.0045696877380043,0.0091714270740528,0.0,0.0364063088248252,0.036423076239717,-0.0133301258012933,0.0,0.0573878314341411,0.0036923150935908,-0.0074492598087181,0.0135176247700965,0.0,0.0034949852257442,0.0228218868085652,0.0
2016-12-07,-0.006573126027051,0.0,-0.0323484533222361,-0.0150342809806651,-0.0147693781930214,0.012488068724149,0.0119919037320468,-0.0139331820017546,-0.0062118875727202,0.007356521277255,-0.008863619167036,0.0,0.0305219882895226,0.0,-0.0051610086414972,0.0149079754601229,-0.0126478988168095,0.0004100540828086,0.0076481835564052,-0.0028093507564628,-0.0062067176242841,0.0033281624594556,0.0021712102920774,0.0,0.0259325119607096,0.0046265697290153,0.0392218445167011,-0.0069699511235792,0.0278777762553095,-0.0023076923076922,-0.006249846214414,0.0021025826723826,0.0093222367735485,-0.0094123816671037,0.0473281771840392,0.0266796236582886,0.0046801329227343,0.0,0.0,0.0019653857436199,0.0024051711179036,-0.0078217137279886,-0.007879171947613,0.0137946378907554,0.0617915048875188,0.0252623862992702,0.0,0.0039339103068449,0.0596928705531216,0.0,-0.0054984609274155,0.0080225980599508,-0.0155857600214712,-0.0179467717846386,0.0365160349854225,0.0200188412623645,-0.0197053475340481,0.0111114119887714,0.0,0.0523283160865473,0.0341903788124393,0.0059926528434317,0.0,-0.0148332798578375,0.0098670544245949,0.0,-0.0159986397291823,-0.0066686095349116,-0.0054069558981714,0.0,0.0153182049821636,-0.0086875594149177,0.0374304340912705,0.0343359644155791,0.0,0.0310920201369906,0.0216238781047797,0.0
2016-12-08,-0.0108156253976332,0.0,0.0270649961294762,-0.0250101400520125,-0.0052645864670157,-0.0067824128630161,-0.0074112634765812,0.0065248246982974,-0.0104119830375484,-0.0145968082114735,-0.0024429345751583,0.0,-0.021760154738878,0.0,-0.0006127628566341,-0.0240282899111408,-0.0277578153072223,-0.0045087460811573,-0.0025300442757747,-0.015430343758077,-0.0041770423327174,-0.0315829421190229,0.0147160618128532,0.0,-0.0353878216371251,-0.0113157894736842,-0.0242662352669286,-0.0046889561975769,-0.0448089484591053,-0.0015420200462606,-0.0047209910779871,0.0017018498875147,-0.0033065922567144,0.0474908267766844,-0.0102099330060559,0.0104117368670137,0.0034923053833455,0.0,0.0,0.012471821295781,-0.0011997000749813,0.0085801726964693,-0.0058871122277343,-0.0406013387468452,0.018228592429254,0.0013454138935107,0.0,0.0296965965069413,-0.025484940716849,0.0,-0.0036817472698907,0.0265291607396869,0.0021811100292115,-0.0100972326103216,0.0157513536319526,0.0113137843454167,0.0089339794064202,-0.0127390240854148,0.0,-0.0165754087980034,-0.0081263564022185,0.0014892387202065,0.0,-0.0068143100511073,0.0,0.0,-0.014577900656634,-0.0311076211514566,0.0304406760108437,0.0,0.0025834071449659,-0.0194614457879871,-0.0096254061676169,-0.0290078752621789,0.0,-0.0022620960725509,0.000674212397336,0.0
2016-12-09,0.0109338821713402,0.0,0.0310135946179828,-0.0043497146073328,0.011807107002973,-0.0241773887365535,0.0089571602075744,0.0107971965173954,0.0133278691445575,-0.0107463591691862,-0.0171314871705168,0.0,-0.0179189322787938,0.0,-0.0164925988375225,0.0,-0.0453848286057471,0.0185284102290177,0.0152187698161065,0.0120100805922347,-0.0044970557392918,-0.0300439774162178,-0.0074240759771785,0.0,-0.0052408659193977,0.0480436518498803,0.0359107969245344,0.0026481346013167,-0.0098769974435259,0.0,0.0005307283417228,-0.0130912899284343,0.0277863322041491,0.0362666759613456,-0.0522827791829756,-0.0497764530551416,0.0007708104439063,0.0,0.0,0.0024289390741114,0.0059806816475651,0.00135464643728,0.0029663421895245,0.0281367951504061,-0.0254006352414638,0.0085030150003571,0.0,0.0076925167849084,0.0199631735968675,0.0,-0.0092321182512838,0.0115360631885264,-0.0092689751661421,-0.0076312806951265,-0.0155070958809276,0.0257990867579909,0.0003752063634998,-0.0088705229177781,0.0,0.0084084539050071,-0.0115722169547565,-0.0011135706234637,0.0,0.0007062859449096,-0.0007199424046077,0.0,-0.0051251394866889,0.0025204171602113,0.0205712366531858,0.0,0.0270926893911507,-0.003032631609226,-0.0291259130865421,-0.0172603521356374,0.0,-0.0087508720095202,0.0019804405969905,0.0
2016-12-12,-0.0318470179775688,0.0,-0.0150538798938647,0.0004362572811955,-0.0253500235970964,-0.0171570614141741,-0.0477121947883181,-0.0117507426635942,-0.0415501749573595,-0.0333195103041665,-0.0157616070832684,0.0,-0.0220208883855543,0.0,0.0099368155012637,-0.0136880245269579,-0.0490814766062059,0.002021261485682,-0.0099937539038101,-0.0149673804490214,-0.0060164083865086,-0.0229989974412305,-0.0090951284385654,0.0,-0.0084295636840632,-0.0393650793650793,-0.0119950050125754,-0.0128992718623688,-0.0280557655591292,0.0023166023166023,-0.0063156324335076,-0.0107652399481193,-0.0444002560505563,-0.0219974269064858,-0.0582683505047041,-0.0884119017745115,-0.0289693465228163,0.0,0.0,-0.0043701502870163,-0.0392776299097037,-0.0495535714285715,-0.0412991949433044,-0.0410501724329737,-0.0071105185678971,-0.0137539984424578,0.0,-0.0253290893396632,-0.0141680282446499,0.0,0.0018712148989163,-0.0119182163772733,0.0088065117191331,0.0012689711182172,0.0235567119049293,0.0089027375918095,-0.0549596179331381,-0.0122069154274245,0.0,-0.0445462740384614,-0.0317165555746856,-0.0309156413568079,0.0,-0.0003528937285742,-0.000668999588308,0.0,-0.0019067915428186,-0.009727626459144,0.012916672379986,0.0,-0.014235538671063,-0.0074438925870207,-0.0199891605827781,-0.0040504579229306,0.0,0.0,-0.0270600700953623,0.0
2016-12-13,0.0111714012128949,0.0,0.0106932761559184,-0.0078553485772545,0.0289031335746732,0.0161645040686166,0.0092362497665798,0.003244769389604,0.0039718940339033,0.0325375361372748,-0.0092784087698478,0.0,-0.0488505747126437,0.0,0.0132216100334086,0.0277559734999528,0.0564495608008388,0.0133025122121424,-0.0070452155625656,-0.0078344108391378,-0.0030162223852611,-0.0072596949090241,0.000873724317459,0.0,0.0286916354015309,0.0137475214805025,0.012140631953716,0.0100965305187221,-0.0070598472014395,-0.0023112480739599,-0.0121860690126865,0.0204059739919186,0.0168322335133903,0.0265418246537181,-0.0354807555295197,-0.0396205082829475,-0.0023855046555816,0.0,0.0,-0.0069823702394576,0.0049712599036819,0.0174929188550607,0.0046107584363517,0.0,-0.009548586827799,0.0256401889895323,0.0,0.0172972075388149,0.0218935802783928,0.0,0.0232581618101739,-0.0072371841530622,-0.0065326437764902,-0.0096066105647367,-0.0191673536685903,0.0147804985660711,0.0538563302024077,-0.0189430323629378,0.0,0.0087271011872001,0.0235981456785419,-0.0053801153182474,0.0,0.0223914468707446,0.0146248519491218,0.0,-0.0229252121144013,0.0057055198212987,-0.0051034912211829,0.0,0.0148628603007474,0.0218928694525537,0.0101821730644113,-0.0393367987840848,0.0,-0.035322852736926,0.0169431180363575,0.0
2016-12-14,-0.0079842543077837,0.0,-0.0105801397992765,-0.0030766373653584,-0.0136422208527089,-0.0330862460772644,-0.0243239396527183,-0.0129300990584199,-0.0118685415124853,-0.0131323440421244,0.0093653038875705,0.0,-0.0101456463904044,0.0,0.0027333089091874,-0.0337579812421715,-0.068704055186766,0.0,0.0121783331568356,-0.018566195986835,0.008483237939493,-0.0319355734518189,0.0161542892112747,0.0,-0.0020660285870894,-0.0314252184117876,-0.0293367571275303,-0.0041197131567394,-0.0032264060757343,-0.0316602316602316,-0.0241239550789496,-0.0180938919973366,-0.0238422291993721,-0.0270867882808181,-0.0675804333552199,-0.0701233556840865,-0.0091732232071868,0.0,0.0,0.001473398590789,-0.0061833359097233,-0.0031614581876171,-0.0021395946964659,-0.0071925754060324,0.0240921886327045,-0.0043839277192758,0.0,-0.021763969748082,-0.0147329023477373,0.0,-0.0091016723397957,-0.0166677140722429,-0.0351090062233355,-0.0459396514216979,0.0078447853190446,0.0065217391304348,-0.0148127691090999,-0.0092354619143107,0.0,-0.0259937646141854,-0.0195922722817118,-0.0046334496985085,0.0,-0.0215557638238049,-0.0144140486220372,0.0,-0.013489644520756,0.0116585048212869,0.0,0.0,-0.0468588788260919,-0.0169293850398851,-0.0277589926899173,-0.0158790934901497,0.0,0.0008797339341273,-0.0293469530654694,0.0
2016-12-15,0.0099015460637144,0.0,0.0114629721260102,0.0083828542687358,-0.0150577944392377,-0.0131501636775692,0.0383801840965121,0.0007234145165178,0.0032732316227461,0.011787855214387,0.0050517036785897,0.0,0.0409985422740526,0.0,0.0108952227691272,0.0098014417604654,0.0,0.0,0.0044988491316173,0.0211215231295551,0.001520218911523,0.0301682922164849,-0.0206180088742461,0.0,-0.008281223593037,0.0161550888529886,-0.0109804490025186,0.0038428473809122,-0.0278662102220504,-0.0311004784688994,-0.0329661772213233,0.0029145848203664,-0.0033887109975159,0.0037792699724519,0.0504550815978028,0.0887323168382232,0.0104678180468058,0.0,0.0,0.0275746540422432,0.0,-0.0070446253157452,-0.0039884014176044,-0.0071278336059826,0.0258880635434288,-0.0079309287047215,0.0,0.0305078146726736,-0.0006791679616902,0.0,0.0018420332063824,-0.0024711696869852,-0.0091067661852992,0.0074574816245507,0.0271040378066578,0.0006479481641468,0.0015035486296046,-0.0133884454580006,0.0,0.0326091305565559,-0.0232363884881159,0.0120307783871105,0.0,-0.0014367816091953,0.0097327359802257,0.0,-0.0011825351221259,0.0021866788932582,-0.0010204914686913,0.0,0.009652103316595,-0.0064030754603889,0.0519360074194297,0.0125529462719218,0.0,0.0162286155297346,0.0178647203598405,0.0
2016-12-16,0.0220646835325732,0.0,-0.0105720885989943,-0.0061271113902692,-0.0045673686881502,0.0253466020243258,0.0064763563822314,0.0130900070871722,-0.0054468038044681,-0.005635306142755,-0.0176202042009626,0.0,-0.0065639768948013,0.0,0.001498495413142,-0.0082973260692591,-0.0065589373280089,0.000398140575905,0.0238516821164462,-0.0021585115539959,0.0546852863792755,-0.0192138116675175,0.0263150755541086,0.0,0.0167007498295841,-0.009009009009009,0.0236154113918252,0.0020567998828866,0.0346665570490949,-0.013991769547325,0.0181813301360915,0.0261075855524584,0.0054461365568314,-0.0158834981432087,-0.046288692620959,-0.0692653824763638,0.003182486250711,0.0,0.0,0.0035014104872206,-0.0049515217504019,-0.007080471466124,-0.0178802480703162,-0.0217723902553842,0.0166230554161588,0.0094695139627016,0.0,0.0079881257590068,-0.0061166658987237,0.0,0.0201381469426291,0.0141590022494946,-0.0120356155971754,-0.006070934071786,-0.0377562757967386,0.0284912583639109,0.0105090395552107,2.8893105141980516e-05,0.0,0.0057734035957841,-0.0066210578144031,0.0318407124254389,0.0,0.0065126845891707,-0.0055079559363525,0.0,0.0386863322188779,0.0099505551547571,0.0112913550988165,0.0,0.0,0.0170281986637046,-0.0197424352152145,-0.0170082576323287,0.0,0.0130687931143598,-0.010130487347313,0.0
2016-12-19,-0.0227851773943477,0.0,0.0198318958413448,0.003079344229792,-0.0268347507705142,0.0084335683672058,-0.022332956464693,-0.0204551337208895,-0.0218972690964017,-0.006422268716456,-0.0051164654037656,0.0,-0.0429477579067923,0.0,-0.0014962532844583,0.0320777949673223,0.0082580080809764,0.0011939463692196,-0.0423194303153611,-0.0269136851045758,0.0056992631255756,-0.05877064307008,-0.0303454838624408,0.0,0.0,-0.006951871657754,-0.020350085910653,-0.0017603961987128,-0.0206195123889234,-0.0025041736227046,-0.0083747089063667,-0.0022657387926849,-0.011521100523035,-0.0388681185564764,-0.0347936106278664,-0.0240643163669943,-0.0099247960395337,0.0,0.0,0.0261053821161181,-0.0174556444259176,-0.0135787181348476,-0.0269849742756874,-0.0222569778633302,-0.0095815667227867,-0.0044095593631345,0.0,-0.0205616984819683,-0.0095849607677239,0.0,-0.0188394325031965,-0.0120450636998561,-0.0319472931816767,-0.0270842263180455,-0.0195485549539412,-0.0174186778593913,-0.0155996222851746,0.0008667681106382,0.0,-0.0285857379512269,0.0051521515123846,-0.0159854529664006,0.0,-0.0334060642540064,-0.0048717948717948,0.0,0.0085969545429003,-0.0190865296664431,0.016242861760586,0.0,0.0021740425278455,-0.0120674632555971,-0.0226776307336501,-0.061259560282328,0.0,-0.0255088760476859,0.0060857479784366,0.0
2016-12-20,0.0061329770454081,0.0,-0.0119586296056883,-0.0342382408351091,0.012060959638052,0.009021113243762,0.0162614394015105,0.007691593523921,0.0216485078162009,0.0072236871017359,-0.0094456844382061,0.0,0.0227827127537165,0.0,-0.0110783075529854,0.0040380556150385,0.0049059604837793,-0.0027825526428878,-0.0049925642659868,0.0055370683541542,-0.0229540727737602,-0.0208134332109999,-0.0229170642168486,0.0,-0.0020533020449212,-0.0231556273559504,0.0027587466885905,-0.0141153226986682,-0.016449414500906,0.0,-0.0033764024033604,-0.0158614297300428,-0.004102578971021,-0.0088224360078704,0.0075918946965971,0.0291662028275632,-0.0144337770670613,0.0,0.0,-0.0266802500068833,0.0101556492456182,0.0191910884088712,0.0254806064921271,-0.007505844715147,-0.0205055179779282,-0.0301447306010999,0.0,-0.0100046469671705,0.0013808598778288,0.0,-0.0247120444841625,-0.0008810009307348,-0.0017977528089887,-0.0007159181650465,0.0079609840063112,0.0234942332336609,-0.0169851380042462,-0.0012124244640314,0.0,0.0,0.0033739067244555,0.0124665581818683,0.0,-0.0122726447160166,0.0,0.0,0.0079506565857541,-0.0216603612724463,-0.0034988204734009,0.0,0.0052004398086238,0.0047327428791472,0.0128837178728717,0.0203486773359731,0.0,0.0279395266841178,-0.0109048286832577,0.0
2016-12-21,-0.0036518226837207,0.0,-0.0121033693163231,0.0181833299222267,0.0136230485982848,-0.0044566428435555,0.0,-0.0181785967399007,-0.008401724857421,-0.0079263359784753,0.0398620160981217,0.0,0.0087750877508774,0.0,0.0326997072097043,-0.0202004813991041,0.0057042427232363,0.0015944667693734,-0.0010675776662751,0.0046656720466566,-0.0005858688434947,-0.0050658041108314,0.0040640955294948,0.0,-0.0123451606130589,0.0118522601984563,0.0303902634551616,0.0032806109952423,0.0227461763189551,-0.0041841004184099,0.0011292803727513,0.0122791113831954,0.0130717051442545,0.0002835867318,0.015069384215091,0.0239588967009194,0.0,0.0,0.0,0.0017397454031116,0.0,0.0010618266249486,-0.0003187033327263,0.0534341681130672,0.0034891328051174,-0.0146255064073331,0.0,0.0257337714333047,0.0434838498574299,0.0,0.0093793349198874,-0.014144,-0.005402971634399,-0.0006888760298697,-0.0078981073004126,-0.0177378964941569,-0.0131020843633714,0.024470606370065,0.0,0.0147134642078128,0.0207314865109542,-0.0014914598599798,0.0,0.0007617946831983,0.0,0.0,0.0349548752852371,-0.0112288154825122,0.0195504721372523,0.0,0.0120912907231125,-0.0059261823516805,0.0280031150626256,-0.0037652747726589,0.0,0.0214634653362435,0.0068985948874218,0.0
2016-12-22,-0.0186129596549522,0.0,0.0199227373068433,-0.0178586010867175,0.0205777555970798,-0.0048314453391565,-0.0095248798853643,-0.0016169199119356,-0.004376735964986,0.0311981748380536,-0.0124987434239185,0.0,-0.0421555069813086,0.0,-0.0237472264416539,0.0178804652030597,0.0445268827094256,0.000397982123073,-0.0163513946777813,0.0164295164295162,0.0,-0.023393824718328,-0.006742988403542,0.0,0.0187492028400151,0.0211114137837102,0.0321816317148211,0.0118958667781288,-0.001962576621142,-0.0176470588235294,0.0315841830390448,0.0070245627093412,0.0006753261681704,0.0020119804289175,-0.0426857488696642,-0.0404584587756826,-0.0150507949192971,0.0,0.0,0.0017367239456107,0.0075335993280134,0.0042569440515924,0.0081864553445369,0.0144756973049311,-0.0417149583484245,-0.0097385612147715,0.0,-0.0062989582492126,0.0138868668316665,0.0,-0.0009203923645257,0.0224184194581493,-0.0120933842074629,-0.0230243203000054,0.0559420497740801,0.1697471850435521,0.0027422182963969,-0.0092535123850365,0.0,-0.0028922066755256,-0.003535001583782,-0.0044878833968775,0.0,0.0281911961571776,0.003504251481577,0.0,-0.0010909701242027,-0.0165525218955987,0.0152361074876075,0.0,0.0288155396524023,0.0085608629681526,-0.0198226066096397,-0.0415436459476588,0.0,-0.0226914271177818,-0.010276995502501,0.0
2016-12-23,0.0113739248528748,0.0,0.012769871760186,0.0154523127302497,0.0020583619532832,0.0287728344944868,0.0284664699875185,0.0239677249098047,0.0209278515136996,0.0055355143674586,0.0016853297138332,0.0,0.0078241430700447,0.0,-0.0054050751496883,0.0148474017047017,0.0100774890419537,0.0003978237963142,-0.014993481095176,-0.0061893187764805,0.0052368297639517,0.0364597093791281,0.008597858927972,0.0,0.0194265921041649,0.0160064025610244,0.0077774351594888,0.0032314429635695,0.0026196697465183,0.0179640718562874,0.0169530927124947,-0.0094239386520071,0.0210358542854272,-0.0054488203349609,-0.0019338043882484,0.006660428249023,0.0322150373721479,0.0,0.0,0.0034815211569363,0.0201391240913946,0.0234195665338197,0.0282223000214576,0.0071925754060324,0.0157228841665644,0.0074908903729189,0.0,0.000460517404849,-0.0026067842665105,0.0,-0.0009338599967189,0.0089457049328365,0.0134633848302347,0.0164262933589229,0.0038035726414453,0.0335997094079187,-0.0031160020510393,-0.0086565294151146,0.0,0.0,0.0260153091066297,0.0191492131351955,0.0,0.0029358453958285,0.0069326760129411,0.0,0.0169017741898529,-0.0003267272201115,-0.0072595980880916,0.0,0.0004258762403646,-0.0012125995256474,-0.0025118346053522,-0.0074834485150032,0.0,0.0123275547920245,0.0269891491304441,0.0
2016-12-26,0.011255338592663,0.0,-0.0059304375701233,0.0205960898921697,-0.0143732622141519,0.0088783427093608,0.0156941705396422,0.0204835270359962,0.0183091205181757,0.0029336655797964,0.0075881615646065,0.0,0.0370147874306838,0.0,-0.0066425590643082,-0.0159547247057406,0.0153528739417656,-0.0019883279773867,0.0226119567615266,-0.0105713331105913,0.0057538294067336,0.0211062962018864,0.0049279757391964,0.0,-0.0040118718657251,0.0496258369436786,0.0103182158155981,0.0026380417276985,0.0097997729730456,0.0487394957983193,-0.0005418539872833,0.0076132071072145,0.0139506103392021,0.0025970927244696,0.0310753409344957,0.017607174103237,0.0184065884987107,0.0,0.0,-0.0149452895649853,0.0126672795995503,0.0007017833553502,0.0080069415460317,-0.0071412117023726,0.0118980064559939,0.013485532967624,0.0,0.0018953752843062,0.0084941913906331,0.0,0.007452600199578,-0.0001748105054121,0.0096458176337603,0.0126343264932107,0.0112998173083429,-0.0043929010718679,0.0242146078974438,0.0160950575438998,0.0,0.0203433678269049,-0.0144871858424627,0.0162012450085375,0.0,0.0196762205365779,-0.0041309669522643,0.0,-0.0048217745933035,0.0151837740923352,-0.0156090237241629,0.0,0.0020859052403048,0.0015186185098607,0.0126553672316382,0.0317600890484972,0.0,0.0079194479013462,-0.0087668513770574,0.0
2016-12-27,-0.0043247729263682,0.0,0.0201279157261098,-0.0171070983349584,-0.0004145149311732,0.0138742071881607,0.0070062051080124,0.0025047223010232,-0.0097037378364459,-0.0153655033876352,0.010859454673824,0.0,-0.0087785749298159,0.0,0.0130688775194693,0.0180488849460063,-0.0060482909285175,0.0007969157207781,-0.0103548700248086,-0.0216522138476916,0.0086200231928874,0.0561019854544242,0.0209768978112263,0.0,0.0090630715797694,-0.0042526579111944,-0.0050980062252882,-0.0008794563360832,0.010356525209525,-0.0536858974358974,-0.0048369744767003,0.0090945906855655,-0.0019694868238556,-0.0040274230899488,0.0338970800809483,0.0411606663084362,0.0227926558297275,0.0,0.0,0.0150151862995335,-0.0037576919197014,-0.0031626858077913,-0.0006101879596839,-0.0142691415313225,0.0047069206442598,0.0366945701057324,0.0,-0.0103778174152748,-0.0077747518228937,0.0,-0.0009278182479279,0.0024337876869926,-0.0023884161815197,-0.0006855325216628,0.029907667603372,-0.0241793152135546,-0.0144865950706946,0.0030342150146529,0.0,-0.0114094733202719,-0.0038353683839895,0.0050805747400173,0.0,-0.0146533862552733,0.0041481026271317,0.0,0.0005358328805167,0.0344573835936494,0.0059429112376243,0.0,0.0016709147550268,0.0054529839369146,0.0249944208881947,-0.0050004724855891,0.0,-0.0013979734487086,0.0163120567375887,0.0
2016-12-28,0.0074460991331408,0.0,0.0131714127657331,0.01472379541145,0.037511879049676,0.0248403492766844,0.012431740039102,0.0232453809467938,0.0359472651795083,0.0401317143445152,-0.0074390243902439,0.0,0.0312893364502786,0.0,0.031803069209827,0.0176087021845607,0.0091276430333335,-0.000398140575905,0.0,0.0574201653987933,0.0184915494577089,0.0083834977465411,0.0139856358868533,0.0,0.029938900203666,0.0280115563371434,0.0217817763647432,0.0175464121515451,0.0051284752167586,-0.0033869602032177,-0.0027068898006435,0.020868927084886,0.0236387892937546,0.0219371203279079,-0.019136665501573,-0.0083092485549133,0.0023039367017687,0.0,0.0,0.0147930656626675,0.0137964205250236,0.0172430441559874,0.0235392884789411,0.0362480875603152,0.0204963033452894,0.0283191502975239,0.0,0.0117428587033698,0.0084886449156666,0.0,0.0129513196039305,0.0156137719328843,0.0173788503879781,0.0256839447904946,0.0253361917754824,-0.0135648399348886,0.0386891928971815,0.0083987035558268,0.0,0.034584596253983,-0.0224443939508698,0.0526485533001606,0.0,0.0181394406161328,0.0068849449204404,0.0,0.0226136149349425,-0.005344122354615,0.0123122769870211,0.0,0.0070966100257285,0.0132622200425045,-0.0073092594320549,0.0317048269530599,0.0,-0.0036582125850685,0.0026681991708057,0.0
2016-12-29,0.0104706747563889,0.0,-0.0158862224071135,0.003081473414557,0.0068336497574081,0.0,0.014436586892538,0.0181644037043782,0.0164692412699809,0.0110803324099721,0.0124987434239185,0.0,-0.0217523975588491,0.0,-0.0040702673282165,0.0266351690535953,0.0045177858093972,0.0039829915495988,-0.0062125340599453,0.0103277190233712,0.0195480799984948,0.0027816846382247,0.02155114954276,0.0,-0.0048447696262607,-0.0419110459433039,0.0338795100959947,0.005747948182676,0.0197542508318269,0.0110450297366186,0.0070501877773985,0.0016623423301995,0.0038420288084279,0.0067806974945592,0.0027973273942092,0.0062971636742128,0.001534328460367,0.0,0.0,0.0058835744445213,0.02474530563324,0.0380646298631734,0.0110569036408956,-0.0139693356047699,0.0166325945054157,-0.0030115234326389,0.0,0.000377888145109,0.034349176387959,0.0,-0.0009168060459642,0.0141715840162668,-0.0023532378030844,0.0060729286497767,-0.0318063739466514,-0.0033003300330033,0.0022391627041034,0.019498970551244,0.0,-0.0389873798076921,0.0338455578512397,0.0116487735335863,0.0,0.0260027869015628,-0.0088639011295141,0.0,0.0268563799576613,0.0075899123003064,0.009257466010768,0.0,-0.00414093206064,0.0179933447615205,0.0073630780799598,-0.0374811098581608,0.0,0.0276706596652445,0.0333456153279292,0.0
