date,ABEV3,ALOS3,ANIM3,AXIA3,AZZA3,B3SA3,BBAS3,BBDC3,BBDC4,BBSE3,BEEF3,BPAC11,BRAP4,BRAV3,BRKM5,CMIG4,COGN3,CPFE3,CPLE3,CSAN3,CSMG3,CSNA3,CVCB3,CXSE3,CYRE3,DIRR3,ECOR3,EGIE3,EMBJ3,ENEV3,ENGI11,EQTL3,EZTC3,FLRY3,GGBR4,GOAU4,HYPE3,IGTI11,IRBR3,ISAE4,ITSA4,ITUB3,ITUB4,JHSF3,KLBN11,LREN3,MDNE3,MGLU3,MOTV3,MOVI3,MRVE3,MULT3,PETR3,PETR4,POMO4,PRIO3,PSSA3,RADL3,RAIL3,RAPT4,RENT3,SANB11,SAPR11,SBSP3,SLCE3,SMFT3,SMTO3,SUZB3,TAEE11,TEND3,TOTS3,UGPA3,USIM5,VALE3,VBBR3,VIVT3,WEGE3,YDUQ3
2022-04-01,-0.0006473566271059,0.0,0.0454597205731666,0.0347561760164694,0.0392539707231247,0.0210069317767238,-0.0005767902839269,-0.0065684833165682,-0.0108045533474822,0.0136935062506209,0.0110609664553356,0.0226569620415655,0.0287209344041328,0.0107523288572664,0.0022567002392901,0.0039410694207786,0.0777262180974476,0.0328452354133814,0.0117798934968533,0.0063418627324738,0.0517939532106606,0.0046146214279945,0.0095865787896944,-0.012378814496714,0.0257261985086763,0.037006252032814,0.0222761652432617,0.025673792301998,0.0066882228244828,0.0182679296346415,0.0309360319988747,0.0110246111634517,0.0506707456441091,0.0374759795132382,-0.0055204358833467,-0.0016185880466516,0.0131743076422043,0.0611231496227449,0.0028568276267881,0.0,0.0037208686440677,0.0024455252383701,0.0028289488338939,0.0350124521273256,-0.016170722481402,0.0567224928599168,0.0194757070715774,0.0777130160417365,0.0394181218011184,0.0406376631537888,0.0210166415504027,0.0367629168978036,-0.0002845037715972,-0.01315412699549,0.0,0.0285590489571678,0.0119768447667842,0.0083509456942256,0.02425905284518,0.0037501674181883,0.0201304730107785,0.0002741208295762,0.0137406032924161,0.0746249551994264,0.0116478404165056,0.0711577629682074,0.00090171563961,-0.0170426096021407,0.0024909675193811,0.0233104288075149,0.0112701824188705,0.0339256595726888,-0.0143198481277821,0.0142256517378196,0.0286576612618549,0.0184792445586099,0.0146258514033503,0.0487114070742886
2022-04-04,-0.012997043484038,0.0,0.0131615793895267,0.007631689385579,0.0029871738625513,0.0062317318068447,-0.0092339706073611,-0.0034617348484191,-0.0041468440735746,-0.0042433956389884,0.0304672964076142,-0.0093891999096226,0.0014696870812016,0.0113474816576173,0.0031536724116925,-0.0058883975476555,0.0065738889743196,-0.0068985716778423,-0.0203548644338118,-0.0092449148398477,-0.0402225295708358,0.010702679114847,0.0118694362017803,-0.0318866836860742,-0.0178366617190661,-0.0166579543474473,-0.0128138302493266,-0.014430811536585,0.0126145337020624,-0.0159468438538206,-0.0121221819402835,-0.0047246926497513,-0.0101490988805033,0.0054171768681123,-0.0156617920436237,-0.008181818181818,-0.0056099705855594,0.0073712854478622,0.022792449066108,0.0086979198625514,-0.0064906795424862,-0.0059275807247409,-0.0090792980897378,-0.0029318990617922,-0.00758813666122,0.0113598303003237,-0.0073371540633294,-0.0217682244823085,-0.0309044992694071,-0.0176026764952904,-0.0160133312172671,-0.0059091058429276,-0.0102219760948821,-0.0093850311020837,-0.0037335902685775,-0.0053086414703873,-0.0033473003425006,-0.0037256930721647,-0.0063173520696024,0.0158564248543344,-0.0048117587731723,-0.0184331797235023,-0.017434183766059,0.0054553684160374,-0.0105209706223006,-0.0295226281078027,0.0099099360913477,-0.0016617849992588,0.0074579561795269,-0.0444174609920466,0.0193002947883642,-0.0177690428818685,0.0196084942469574,0.0101082590164796,-0.0029111831757635,-0.0108199561098422,-0.0101758515305367,-0.0031903927430162
2022-04-05,-0.0079009146213198,0.0,-0.0247067133468461,-0.0386345406305917,-0.0041477174045889,-0.0192044090595947,-0.0264833289577317,-0.0265655802482002,-0.027888480141699,-0.0108563487927739,0.0128908487994583,-0.0394206644871891,-0.0155508461928782,0.0144916603172926,-0.0330047880415742,-0.0059348904193912,-0.0293320093190238,-0.0003012029291984,-0.0088931398685362,-0.0076337638376382,0.0021615459893107,-0.0257291536477565,0.0134897360703811,-0.0447098453529322,-0.0334876052927589,-0.0491902044866569,-0.0064974113022691,-0.0032033448975584,-0.0550810092262336,-0.0108035111411208,-0.0142811241140683,-0.0120525961333136,-0.0507755378048266,-0.0239491879475538,-0.0006662364982189,-0.0082340360525512,0.0012838497194436,-0.0123486339812133,-0.0529246832220635,-0.0086229184092465,-0.0261190561553067,-0.0255268400625935,-0.0201518675222057,-0.0044209202814787,-0.0127364201350587,-0.0486592153074835,-0.0207435665991109,-0.0389432318919361,-0.0094214645540274,-0.0156783223700479,-0.048797600038709,0.0210054673704687,-0.001142324280219,-0.0094830979340393,-0.0488394584139264,-0.0127256803818939,-0.0105554189481763,-0.0162421886839547,-0.0190669280062003,-0.0119310843056984,-0.0182176426887172,-0.0226476228261587,-0.0009807980129287,-0.0085295929488699,-0.0088280236413436,-0.0527970388648982,0.0142730079003818,0.0009242859263873,-0.0098691306536277,-0.0393280557073332,-0.0130674279281089,-0.0146156696446951,-0.0242142973457091,-0.0288964170811022,-0.0333612490965616,0.0113103285575588,-0.0111363912241004,-0.0429418668983098
2022-04-06,-0.0079638362112834,0.0,-0.0373297646225301,0.0375621355702673,-0.0086529530236889,0.0025272091356076,0.0050817461655148,-0.0079578909804621,-0.0051770806871237,0.0094067374952437,0.0172175895374646,-0.0090800761583144,0.0053615103187596,0.0154372397382509,-0.0125380719242352,0.0072905713284261,-0.050324611449931,0.0048332527791201,0.0029772904603506,-0.0046991563829046,0.0187466466359051,-0.0279596727639549,-0.089699074074074,0.0,-0.0358205772869821,-0.0017145626001714,-0.0104667985473442,0.0052780844575599,-0.0138799899713069,0.0081911262798635,-0.0061233341325366,-0.0170046678665396,-0.0318705586920514,-0.0153365027719424,-0.0039790861750378,-0.0049752776451378,-0.006146049381588,-0.0185270363171456,-0.0029423656741168,-0.0094547053649955,-0.007662730768182,-0.0034946236559139,-0.0003717493380002,-0.0251970749394008,0.013761867907869,-0.032543477525129,0.0589923303013966,-0.0419685050566652,-0.0124321423229541,-0.0244555464633848,-0.01710032131987,-0.0333825045895742,0.0031585990135212,-0.0009241204683442,0.0237036095577021,-0.0207901246907717,-0.0072736530103831,0.0004213674051922,-0.0226780868191135,-0.0278836353968183,-0.0300501727257772,0.0028265469894643,-0.0009881359930128,-0.0154614539024039,-0.0046540309725759,-0.0647173143955773,0.0125349482610983,0.0215982901875904,-0.0033987545162402,-0.0471548371736196,-0.0248571195772371,-0.016954959471881,-0.0102214508619394,0.015140587987753,-0.0289049241030632,0.014665045690881,-0.0086619600832202,-0.0267266715650256
2022-04-07,0.0073609246894477,0.0,0.0124623838806752,0.031392852945361,0.018210179404279,-0.0012640307412276,0.0184466263635829,0.0034353135847766,0.0042618389306658,0.0093190753992649,0.0029403835136319,0.0211088233727967,-0.0068156800852462,0.0015890916547058,0.06959895114816,-0.0052543670401558,0.0212131256214782,0.0060156293922528,-0.0029684525149957,-0.0085880803608954,0.0077841094620643,0.005596813475543,0.0038143674507309,0.0036864882192657,-0.0158298703572316,0.0076541089497068,0.0039684315743933,0.0025108702308775,-0.006334969455136,0.002708192281652,-0.0135527064754831,-0.0214385386274261,-0.0145052842649399,0.000625581469956,-0.0243177434146033,-0.0267190934703861,-0.004896988566543,0.0103807100204087,-0.0353973967588584,0.0049608961618872,-0.0086837043143719,0.0,-0.0007494965214207,-0.0045553326646605,-0.0165427439342376,-0.0085057471264368,0.0514361728334236,-0.0090638626303672,0.0044456719290117,-0.0058348723759629,-0.0281712008556593,-0.0024111140877951,0.0500837572899863,0.0519096114178945,0.0076975603699795,0.0004253111150807,0.0083038729018982,-0.0135414826791302,-0.0022085400788514,-0.0086038905539538,-0.0148969909223117,0.0352210074175134,0.0014804793690095,0.0294181897618874,-0.0382304464212654,-0.0020166456831527,-0.0045621739484837,-0.0157202543216894,0.0009108828641071,-0.0169218595999278,-0.0105311218673717,-0.0186754617862819,-0.0014752868379123,0.0060072156899508,-0.0039964069002181,-0.0216818463170924,-0.0061182566619781,0.0166750856235671
2022-04-08,-0.0086310786726639,0.0,-0.0328239589054372,0.0530179445350733,-0.0187317542653904,-0.0157733725799336,0.0178161250751258,0.0051442910915935,0.0112932924156072,0.0076874903044543,0.0330138355692577,-0.0019512152724965,-0.0194031285900089,-0.0009066116850547,-0.0296765016625426,0.0046291437833048,-0.0207724764686788,0.0116612644834395,-0.001498911749004,0.0086624743870555,0.0435427902504284,0.0222447579562738,-0.0500316656111462,-0.0073458958799105,-0.0210371590941008,-0.0177115755150437,-0.00132253510662,0.0013642842598249,-0.0127436068742982,0.0405131667792031,-0.0010414090621823,-0.006918157462622,-0.0345429430102107,-0.0155656369727962,0.0034139279617986,0.0068711031937904,0.0077665717145276,0.011675519313733,-0.0030577669169142,0.0132990199100042,0.0,0.0026266096858005,-0.001872283900076,-0.0106847474705066,0.0038813509287909,-0.0033568886783132,-0.035331052902863,-0.0655485064939386,0.003689807792945,0.0082152848705538,-0.013632974757695,-0.0169090002301848,0.0109008729560862,0.0049945921229654,0.007700363457155,0.0008502606048754,0.0324635610001271,-0.0175884818628825,0.0116249031258073,-0.0057933698101061,-0.0072178858954246,-0.0264013497563343,0.023671768469077,-0.0029001909881871,0.0192400017015792,0.0045549948644665,0.0163619381501336,0.0005505921462705,0.0068108434743674,-0.0198678302126579,0.0005609624426596,0.0051280274418765,-0.0361852658595477,-0.0203849850024752,-0.0151662954850821,-0.008862235398326,0.0005846047688415,-0.0183343980169584
2022-04-11,0.0180801794320837,0.0,-0.0410194742292148,-0.0272730897161344,-0.0394738043408794,-0.0461532809170401,0.0063093013662063,0.0017030154965493,-0.0013958972758327,-0.0103029300917398,-0.0355124378918606,-0.0132846244949142,-0.0054809225703565,0.0009074343756632,0.0188025123437149,-0.005930964042805,-0.0565130924759695,0.0011784635781098,-0.0090069711489029,-0.0120251804944567,-0.0444101680655434,-0.0089400340795031,-0.0146666666666667,-0.0086693836693837,-0.0208676026165792,-0.0248962655601658,-0.0065767937386542,0.0011387437216583,-0.0107627515208236,-0.0064892926670993,-0.0081254074393963,-0.0131581810033112,0.0,-0.0354258264126363,-0.0037414673011908,-0.0085302666498168,0.0097663232970814,-0.0341638484367451,-0.0245403230136995,-0.0022507794084101,-0.0087597715806397,-0.0048075561471578,-0.0037515918451637,-0.0061745422139236,-0.0073079352632383,0.0007484878522445,-0.0070432797396414,-0.0081569845515975,-0.00808596753241,0.0075610758750292,-0.0216139365799231,-0.0065511555984819,-0.0132088429112056,-0.0075946487474954,-0.0114317153686269,-0.0097526994078719,0.0140762463343107,-0.0091689955229877,-0.0010910948091744,0.0009711880867595,-0.001211727090446,-0.0058719403806534,0.0033675063646492,-0.0061956110480513,0.0107858978410317,-0.0246888197377194,-0.0087995588890651,-0.0056877057095097,-0.003380577048232,-0.0040483496852082,-0.0078370142181523,-0.0021889758350855,-0.0076646811492642,-0.0120856743660633,-0.0108708517888624,-0.0016779518044821,-0.0465718436217933,-0.0388164298228538
2022-04-12,-0.0098633592600378,0.0,-0.0103277717788845,0.0124628558881649,0.013923627801631,-0.0356138634455238,-0.0019934569598173,-0.0068093818149451,-0.0088559347786451,-0.0084860006913239,-0.0294509460051937,-0.0178233375843398,-0.0104047202661116,0.0020398762913733,-0.017567195564017,-0.0145714385792847,0.0449235903741436,-0.0011770764364009,-0.0136125002593845,0.0143411530589574,-0.0091606573872212,0.0086320599180365,0.0115020297699595,0.0162101732811625,-0.0058018010978492,0.0202707930367505,0.0106045174045892,0.002953303678427,-0.0166800087329889,0.0111038536903984,-0.00210206962343,-0.0007848497541833,-0.0099767016946857,-0.0150841148317281,0.0010212848736361,0.0043018290739915,-0.0002572304451902,0.0028685763286306,-0.0283020089892879,-0.0052585852119436,-0.0098299681190223,-0.0166836230141509,-0.0176942742641301,-0.021734489090055,-0.0060616366967645,-0.0205579138872044,-0.0212797182271792,-0.0180911542784906,0.0059245928512883,0.0,0.0008829209969649,0.0008249083026039,0.0010883245724437,-0.0029447290232139,-0.0038340238698905,0.0171280766624057,-0.0087912087912086,-0.0004433544005283,0.0115038694833717,-0.0193818148216595,0.0050264125391197,-0.0132160238210132,-0.0158380584885292,-0.0159782039689717,-0.0125171063187201,-0.001549707435747,0.0047627030816594,-0.0127332266835968,0.0076946797511292,-0.0230724721539129,0.0098736476900223,0.0321207096094384,0.0061791057951186,-0.0067027859817737,-0.0041190104297877,-0.010080065038571,-0.0055286175442356,-0.0362987223405241
2022-04-13,-0.0146154630069977,0.0,-0.0342806863176418,0.027218418191492,0.0253595821615104,0.0041777834582141,0.0048566757142052,0.0097150026886541,0.0103454015084489,0.0089479219322863,0.0326206878578068,0.0229856137733965,-0.0015469648026178,0.0198951249647334,-0.0031670233982984,0.0342776573182148,-0.0179029207816768,0.019205273624512,0.0076785526454192,-0.0094224881519899,0.0234518797469693,0.0229366367383156,-0.0280936454849498,-0.0220731750594413,0.0032420324596218,0.011185258208842,0.0078699312307326,-0.0038518866548935,0.0250743794313119,-0.0058139534883721,0.0048438329363966,-0.0031374521770212,0.0035543751037507,0.0033338475514645,0.0116005398110661,0.007694260240505,0.0025457231246102,0.0109630594773968,0.0129452264789784,0.0,0.0009885190572354,0.0022284606257054,0.0026846581750186,0.0,-0.0030465425605307,0.017940065630611,-0.0159444194531914,0.010050710736668,-0.0036843829986981,0.0392629722995323,0.0017642842703029,-0.0032969135590475,0.0245679167560293,0.0212664361697425,0.0038487801849897,0.0248440656379285,-0.0256797759365153,-0.0123439313722713,0.0043366878044295,-0.0039459115644655,-0.0058628925330718,-0.0005724163551862,0.008774528652744,0.0053440375291684,-0.007896969045315,-0.0015521127564267,0.0032333988102912,0.0054195955822469,-0.0085359619247855,-0.004160805508255,0.0189946722260829,0.0403092861147604,-0.0038426108698513,0.0003211177320605,0.0147101605089738,0.0071652671403525,0.0058691413813189,-0.0127354497036801
2022-04-14,-0.0087735174220681,0.0,-0.023142664504255,0.0,-0.0006478274271324,0.005552506184919,0.0008496176720476,0.0028225520130653,-0.0023236054032496,0.008482726450788,0.0029444921171739,-0.0106416619087353,0.0086711729455204,-0.0157391685903427,-0.0093115764012247,0.0045479539934931,-0.0073173862809705,0.0179761883254141,0.0167432150313151,0.0021592785469324,0.0104184969664395,-0.0330656805172718,-0.0116999311768754,-0.005025946220561,-0.0097044595467987,-0.0059619783268964,-0.0182197844212754,0.002049271979865,-0.0143892683349456,0.0110461338531513,-0.0069140609875492,0.0192912096181598,-0.012980062856976,0.0278719751262055,-0.007753509890661,0.0025504179851698,-0.0165006536855486,-0.0419620202182932,-0.0287541144867768,0.0030237095604381,0.0010016506073387,0.007132544036962,0.0064949110530407,-0.0190528153644696,-0.0043678759058222,0.0026205211643832,0.0147297846403902,-0.0033168997126681,-0.0022134710604215,0.0272218054864241,-0.0229044744904509,-0.0066107159557973,0.004973328809938,-0.0107191715586957,0.0230659823140189,0.0230072836508785,-0.0023955108127369,-0.0062491041995127,-0.0075550039748126,0.0396863876636353,-0.0081521916210328,-0.0048474641845223,-0.011116457230696,-0.0098375245036138,0.0079598275571397,0.0103673138141313,0.0002141931972241,-0.003345318973008,0.0036238856914612,-0.0404585600856454,-0.0405700232933695,0.0210749851188081,-0.0046236360273719,-0.014024706014179,0.0280900977263662,0.0058041256476386,-0.0082920460632029,-0.0709272481784676
2022-04-18,0.0006868788745619,0.0,-0.0221239763463726,-0.0214302805106336,0.0039992681077971,0.0020726700261852,0.0369350033635518,0.0191800463790694,0.0177283392717477,0.023698035632709,0.0043953831700442,0.0059751317325662,-0.0205777601899487,0.0069826717320513,0.0050428944067981,0.0077660824048626,0.0,0.0139554419716276,0.0044762022093549,-0.0008637281134112,-0.002056076678362,-0.0271257665271819,-0.0020891364902506,0.0479238470375842,0.002610578777181,0.0017351942663146,-0.0265262716434007,0.000904867211751,-0.0131416055613752,-0.0424164524421594,0.0073827148116585,-0.0112001876107423,-0.0095722552469957,0.0251716056974753,0.0023770341927227,0.0025439299005982,-0.0020661030165717,0.0310041671702656,0.0098690283232814,-0.0082901343327662,0.0059334216534656,0.003096596610947,0.0056979229589704,0.0161746056466505,-0.0210622303278322,-0.0115921660616967,0.0014515967564321,-0.0199676288985651,0.0111097252414382,-0.003787723680439,0.0063086152026361,0.0083196242047054,-0.0181285373631741,-0.0175833216636324,0.003747582205029,-0.0024094834694952,0.0148938341567663,-0.0080864607071085,-0.0190168846885265,0.0047657502928832,0.0022732548717296,0.0111752710917996,-0.0053837501737713,-0.0013967667885295,0.0374060666881712,-0.0179538088207843,0.0,-0.0281675571721402,0.0094828740235823,-0.0319681403313033,-0.0251430083604887,-0.0086577699349288,-0.0054148749800922,-0.0165063334684802,-0.0008790276135914,-0.0052104208416833,-0.0117707422622644,0.0011521340665094
2022-04-19,-0.004083689570083,0.0,0.0210030331355755,-0.0440293183596446,0.0082882061963032,0.0013736589062833,-0.0353413654618475,-0.0180982900415983,-0.012970711297071,-0.0283761923355833,-0.0211541673626189,0.0261370706887953,-0.0238330675172779,-0.0324312229017991,-0.0011387441075921,-0.0584134887405227,0.0551340632813175,-0.0120772242221276,-0.0089329517579722,-0.0203010627401972,-0.0427028024354743,0.004446817158769,0.0111653872993719,-0.0012007308796658,0.000650945350179,0.0265476728422955,0.0177095994953302,-0.0122391230317674,0.0392075356853895,-0.002013422818792,-0.0058634407145601,-0.013672398269539,0.0156965401919018,-0.0018887348718821,0.0264502006566944,0.0312485315539683,-0.0201746749071713,0.0124109950712802,-0.0195451648609666,-0.0132888318356868,-0.0108301225919439,-0.0127911962269544,-0.0177477201716441,0.0621141130621358,0.0067249801204134,-0.0068077314551975,-0.0028989853551257,0.0084893577189206,0.0138248847926267,0.0358290345342569,-0.0080602278133834,-0.0107277471730936,0.0172855220037453,0.030272523987278,0.0112609900036131,-0.007245909307183,-0.0023660238968412,0.019023846452113,-0.0027727192621747,0.0256401548597431,0.01814697630514,-0.0045307711734394,-0.0245803738199005,-0.0384344060911235,0.0024068913098556,0.0287248074740946,0.0019348840959076,0.0074854786926696,-0.0127484642347694,0.0255162477989434,0.0553928221962689,-0.024173745818069,0.0194555644515612,-0.0319083816888299,-0.007942479218494,-0.0102922862793933,-0.0169219418218584,0.0138685463200292
2022-04-20,0.0054614297429813,0.0,-0.0221404282351183,0.0394070882206027,0.0083272331509087,0.0103198442168666,-0.0014250944725548,-0.0030955644982973,-0.0035815937226947,0.0284356108230998,0.0044707227384028,0.013124849485671,-0.0189524935055032,0.0122519825234557,-0.0169510043060349,0.0040861455629264,-0.073170731707317,0.0034135134975521,0.0135305158509166,0.0022059705071333,0.016543172862772,-0.0410279640031405,-0.0048309178743961,0.01324134085999,-0.0019515656879268,0.0117016983969773,0.0227533865505564,0.0121609364290435,-0.0099642145413246,-0.0121049092131808,0.0063207012001824,0.0079217355681029,-0.0011857513841933,0.0,-0.0403046237154892,-0.0376834047206779,-0.0021130099245533,0.0070733819324177,-0.0265768739971878,-0.0003850917455063,0.0010056372340727,0.0008903365906622,0.0065323737623179,-0.0075034528251323,-0.0120229739793731,-0.0102893162085053,-0.0290574297792703,-0.0555562703210379,0.0063966626108116,0.0005224833169092,0.0108437020944427,0.0,0.0118144491504095,0.0047386398028448,0.0,0.0421721735951747,0.0,-0.00222597445837,0.046112701610528,0.042802114720263,-0.0032556652223273,-0.0025634714780666,0.0045397406420768,-0.019264337574945,0.0135852394793378,-0.0030459126539754,-0.0008574496279775,-0.0095255754585988,0.0097401772327441,-0.03073489010989,-0.01888389425737,-0.0055050204809564,-0.0633611700131766,-0.0260032066481494,-0.0004403642791176,-0.0022667554864735,0.001594846456939,-0.0233656010370379
2022-04-22,0.0013622796057197,0.0,-0.0712115711638038,-0.0495249289275148,-0.0321875196058472,-0.0224655097072227,-0.0207575004409666,-0.014931464312647,-0.0143605060038028,-0.0138274830296533,-0.0311557703578496,-0.0373363668777696,-0.0376546739426103,-0.007536861344352,-0.0263348634935975,-0.0067865179298127,-0.0526315789473684,-0.0107707248168094,-0.0207777936058934,-0.0246381319233436,-0.0021171935072733,-0.0767617476082809,-0.0471567267683772,-0.0411823371621156,-0.0254594653314766,-0.0404278462654097,-0.0235628021108958,-0.0070272330624625,-0.0151003564059275,-0.0367597004765145,-0.0075383063680449,-0.0106118373676282,-0.0261861779365016,-0.0151384715341509,-0.0268508281274679,-0.0263743548463469,0.0,-0.0538400395926752,-0.0068269401425837,-0.0092457623589189,-0.0149137577292601,-0.0191939134899798,-0.0194816195155006,-0.0347477516771553,-0.0022556863282564,-0.0369489655746576,-0.0643801197769671,-0.0106937406101366,-0.0298196828906006,-0.0471443680592279,-0.0357455201801232,-0.0187622945933594,-0.0498258830218178,-0.0389954644427805,-0.0148276067409038,-0.0474729917221382,-0.0142357405431043,0.0022309404748852,-0.0286790625387136,-0.0321334448195933,-0.0388597020067177,-0.0186547616336012,-0.007028463982364,-0.0200683562262203,-0.0130121110109887,-0.0376791571191086,-0.0120145967031585,-0.0080781739103934,-0.004932767670957,-0.0710041066108382,-0.0147174930268711,-0.0179985424292299,-0.0268875307445777,-0.0579639342144703,-0.0142385990246529,-0.0009504910097459,-0.003500300075279,-0.0495859582392329
2022-04-25,0.0250769030804558,0.0,0.04529932112734,0.0220276259080456,0.0067828406171366,-0.0167154933624963,0.0078436509820938,-0.0050435910368181,-0.0062366216537618,-0.0007528628600864,0.0099506413122572,-0.0059349536138841,-0.0183728093958027,-0.0020717924346159,0.0243176178660051,0.0287174172400912,0.0357342266890006,0.0123159303882196,0.0227357745542209,-0.0072165858827686,0.0,-0.0263525912585527,0.0160116448326055,0.002564516418285,0.0219089794387978,0.0,0.0120657028234048,0.0150727502154124,0.0240856182195101,0.012720848056537,0.0145563082440269,0.0230364949162531,0.0220039292730844,0.0012781818481684,-0.0201592818325805,-0.0183510034691826,-0.0066135984645879,0.0133620757976826,-0.017182015060582,0.0062213628147462,-0.0030307818268,0.0031853943768942,-0.0038903319591068,0.0094031071136548,0.000904314380888,-0.0007996412420372,0.0256037669910056,-0.0198207165436888,0.0082515154482256,-0.0302328162721647,0.0194615978386722,0.0021211860416847,-0.0068960874800858,-0.0147230033493938,0.0187983558994195,0.0089891042400584,0.0014435308765237,0.0186639396894099,-0.0087481810856092,0.0056864782109464,-0.0098388860015412,-0.0091371893665088,0.0106107897039426,0.0068966424933205,-0.0063908587178088,-0.0074060240331024,-0.0195452600260841,0.0034915235639434,0.0146512602613018,0.0650417779010503,-0.0051729952323053,-0.0063373998315586,0.0192628051699377,-0.0170293931509738,0.0009062581470125,0.0174499821323321,-0.0031958002033057,0.0251658850095535
2022-04-26,-0.0244634358701257,0.0,-0.0116507911516964,-0.0173954766396361,-0.0234702794331179,-0.0361181694931765,-0.022478573459523,-0.0380729958722572,-0.0429375526304125,-0.011380759774764,-0.0053039115262417,-0.0505575614559583,-0.0183699733794051,0.0223657546240831,-0.0184108527131782,0.0033152148446651,-0.0153189577717879,0.0183960739369359,-0.0103633260180444,-0.0163565834012798,0.0,-0.0629948292532545,-0.0616045845272207,-0.0166535489410417,-0.0374641769879913,-0.0197997354997165,-0.0344342727218333,-0.0359979080339541,-0.0306435576283431,-0.0293091416608513,0.0068581308231678,0.0100913106482531,-0.0317037825688344,-0.0121560520832474,-0.0389890047122661,-0.0356210985236318,-0.0207710434297876,0.0180660701995869,-0.0174823978843255,0.0104284162593475,-0.0425167127708622,-0.0304003645691689,-0.0340253231179611,-0.0263690818784505,-0.0297811020380155,-0.0216021845513287,-0.0296454384045625,-0.0477943168613694,-0.0059503840381388,-0.0379855497532011,-0.025459742373908,-0.01653953018439,-0.0015062849740542,-0.001663364176771,-0.011035301097597,0.0246954631717248,-0.0124925675229279,-0.0248682115525589,-0.0182005333832406,-0.0396237699124666,-0.0390248868778281,-0.045494296132614,-0.0025004684340089,-0.0121956001725421,0.0705666832329723,-0.0165277108150376,0.0004442677765565,-0.0202901593383282,0.009999180978766,-0.0366385624532047,-0.0649706883950923,-0.0567374101021289,-0.0410850820010896,-0.0136563695446506,-0.0297554078190117,0.0,-0.0394085229138,-0.0065877313669542
2022-04-27,-0.0047484944326502,0.0,-0.0303663878932696,0.016183919201723,0.0038942654451896,-0.0073443948454475,0.004421248587195,0.0,0.0060201350362596,0.0003839167530959,0.0213374990182133,-0.0004204664374346,0.0356614763863196,0.0227159139983212,0.0118460019743336,0.0178873749226475,0.0116793649345317,0.0166729187707399,0.0104718492053714,-0.0036924468111827,0.0134690086134099,0.0458144838673495,0.0236641221374045,0.0234660651592599,0.0155668881677226,0.0175398018580625,-0.0054841208365608,-0.0013980352388345,-0.0088254610122715,-0.0122214234363766,0.0066097186031552,0.0134517327802263,-0.0074117060159026,0.0045354120638625,0.0601013973337136,0.0507731561552819,0.0070705437138143,0.0095922892948412,-0.0071166552453266,-0.0015297711028304,-0.0063349233338849,-0.0145017624985785,-0.0080985697480032,0.0414021106099748,-0.0051158733526651,0.0028628274566153,-0.0128636380438397,-0.0154426239182574,-0.0142100962734023,0.024159726353361,-0.0037293501801547,0.0120764757854074,0.0030171145824691,0.0,0.0074389585458036,0.0110647660807141,-0.0136237296176232,-0.008949306416782,-0.0073031833778115,0.0461724844600943,0.0095891475240788,-0.0040492619299844,0.0055187066017203,0.0006484054518987,0.0238484666914973,-0.0119210603406529,0.0456042215262522,-0.0019732671410841,0.0063780052250987,-0.0412083734603883,0.0061765351533655,0.0120282557249871,0.0111374500431,0.0534616340022158,0.0,-0.0117865467333841,0.0550372659516451,0.0102473136619478
2022-04-28,0.0020460224453016,0.0,-0.0052161412876066,0.0119476131635654,-0.0026593819617768,0.0051757199341579,-0.0017623696839318,-0.0092409613611127,-0.0092431481941798,-0.007285891032397,-0.0097751042449928,0.0121659391095447,0.0214797687861272,0.0321107555374209,-0.0060975609756097,-0.0019614815494558,-0.0154227733934609,-0.0038259803365046,0.0103633260180444,-0.0102006857603873,0.009103028788068,0.0223792023566087,-0.005965697240865,0.0216483301636956,0.0202179029378348,0.0414077890589481,0.0013708019191227,-0.0072465282276095,0.065283909440817,0.0080058224163026,-0.015797069662532,-0.0128937079216996,0.0136930098979435,-0.0193461643801509,0.0290590431764792,0.0316482513607769,0.0302451213402021,0.0095011515010094,0.0035838325231878,-0.0053572260438826,-0.0053152825731419,-0.0085537145582376,-0.0081646920762536,0.0275202354672554,-0.0074822274881516,-0.0057037992262672,0.0325781688822317,0.0156848389879671,-0.0075858589498721,0.0327962883633803,0.0056149654426171,0.0098006872154579,0.0072343337569653,0.0066554377020076,-0.0036920145298636,0.0269638733414223,0.0157850276546285,-0.0058703025500785,-0.0153379018998356,0.0337990670894705,0.016759789564017,-0.005942529538109,0.0154538895616995,0.0026051653684919,0.0080718718201517,-0.0087794134553133,0.0023296534081735,0.0075105568279416,-0.0144268497757847,0.0148727708465494,0.0168820307360724,0.0230321571109586,0.0406781302978929,0.0247055948172296,0.0116139341642698,0.010999358409224,-0.0158104401284684,0.0035792189198862
2022-04-29,-0.0129200987036457,0.0,-0.0297268842509444,-0.0044270887098913,-0.0056689433831416,-0.0206131613600296,-0.0232330683730221,-0.0073230500360927,-0.013176356895286,-0.0177656480797636,0.0154632058539279,-0.0431010200359252,-0.0223635664003261,0.0273330927628903,-0.0130061349693252,-0.0436741449062154,-0.0429624879769156,-0.0082340874123881,-0.0439845541209122,-0.0163935261364157,-0.05271143405652,-0.0186304128902317,-0.0052513128282071,-0.0224421982916093,-0.0334695582137637,-0.0480192076830733,-0.0482079522120589,-0.0136516903596248,-0.0104479698092109,-0.0093862815884475,-0.007084393699704,-0.014979979180075,-0.0386724678741272,-0.0519389292303525,-0.0368467506428974,-0.0323676228990269,-0.0191350269505227,-0.0122357505012387,-0.010714942444191,-0.0315671152465107,-0.0149805891756108,-0.0383117386919077,-0.017691039309225,-0.0237958832917298,-0.0230814685711214,-0.0262438824318408,-0.0315503173164096,-0.0579156356830625,-0.0512282804074295,0.0111426683351376,-0.0391046830620691,0.040083836789674,0.0002986434122995,0.0006602391331875,-0.0074711613173151,0.0159806996748976,-0.0116547994099758,-0.0494996573661419,-0.0581144493875311,-0.0308829379619354,-0.0286070764269709,-0.0009460777023119,-0.0266247977923684,0.0021631317927615,-0.0373008650537128,-0.0066413546410128,-0.0196445252779546,-0.026872410991382,-0.0246159205465623,-0.0521079316571745,-0.0350142059307323,-0.0508360974100744,-0.0292578939529341,-0.0108086590208211,-0.0246103104247884,0.0152717411154534,-0.0330847338935573,-0.0343523521772191
2022-05-02,-0.0034417499229787,0.0,-0.030616369864471,-0.03483356441158,-0.0117323298677003,-0.0375950218054574,-0.0072214113573877,-0.0087166189851979,-0.0005555607868246,-0.018874131337637,0.005336505778382,-0.0004294807143857,-0.012027968789794,-0.0510482829905429,0.0298359025360517,-0.2505888856840689,-0.0040679588418283,-0.0215059323738112,-0.0196486799200589,-0.0352394615675448,-0.0395297399187177,-0.0008765178724131,-0.0316742081447963,-0.0153049420725739,0.002119276154028,-0.0235010890748594,-0.0318378687586826,-0.0016729973112543,-0.0274444719093188,-0.0255102040816327,-0.0050374064837905,-0.0036002297832405,0.0070204614348265,0.0020799671490168,-0.0203811495579276,-0.0255326095828911,-0.0098876475916538,-0.0276031174327981,-0.0397105538547899,0.0023858653598143,-0.0065068546081205,0.0118432941783914,-0.0042925879179667,0.0503028651673618,0.0106067086210057,0.0063180183051774,-0.0390750795731137,-0.0163919756055545,-0.0185339342270191,-0.0672177764181575,-0.005810844892812,-0.0206878554894579,-0.0179431104874644,-0.0099060909805764,0.0037938094664577,-0.0580518584097354,-0.0088441766624289,-0.0238886559563132,-0.0335934365982115,-0.0234304109233892,-0.022706345121335,-0.006297994814389,-0.0156806006334806,0.0067386154251118,0.0124028902048134,-0.0167143928128109,-0.041802626091572,0.0294280689027437,-0.009777803693189,-0.02062611053104,-0.0078222114422581,-0.037489362472614,-0.0097237272369846,-0.0044420219350304,-0.0146788277666934,-0.0182752712735579,-0.0385405086347687,-0.0210937826650499
2022-05-03,-0.0158990937516561,0.0,-0.0241648742373028,-0.0056293931673777,-0.0098898183151064,-0.0195318097148587,0.0206166180882618,0.0052315592363081,0.0066327491991708,0.0068135552628425,0.0151469046894545,-0.0190645849626819,0.0076690531150769,-0.0070658631811237,0.0004828585224527,-0.0343505941594367,-0.0082172032676598,0.0062124931004918,-0.0151713482543291,-0.0231968863239834,-0.0548717541491303,0.0444349345601082,-0.028816199376947,-0.0013012596916737,0.0126887659251198,0.0089222822258745,-0.0224184209193578,-0.0031079267093597,0.0253215113028197,0.0089753178758416,-0.0084409689151782,-0.0092333421353754,0.0158557616932322,0.0034653553548202,0.0080321980852073,0.0207736509691578,-0.0143038738588359,0.0059117114666276,-0.011278886783359,0.0138790607912513,-0.0021935283136278,0.0059161218306489,0.0050510575048419,-0.0580511264991717,0.0124058377567921,-0.0158995011255782,-0.0169514642557917,-0.0416662875858618,-0.0032854329557199,-0.047248496232195,0.0126637510274074,0.0024820875194915,0.006703401102033,0.0090010315583834,0.0223768672385864,0.027037360064039,-0.0064444568376306,-0.0151753255597112,0.008844284356128,-0.0019136533079655,0.0190398650950303,0.0095089471493965,0.0041117114253934,-0.0033467552162318,0.066916014231056,-0.0011311510242854,0.0033737266094442,0.003720717905761,0.013775513959531,-0.0087720938932011,-0.0138697903403786,-0.0174948503061598,0.009819206522897,-0.0050656228413538,-0.0086518612020564,-0.0069075135241603,-0.0183120659264504,0.0012671293824524
2022-05-04,0.0070278421024285,0.0,0.026652571916961,0.023166726345553,0.0156134958731912,0.0079647068494652,0.0291193836104015,0.0114552926716853,0.014385459174123,0.019903899903662,0.0052289758534556,0.0207589977803916,0.0072502107619407,0.0468307392765134,0.0043436293436294,0.0182678734534584,0.0289258200494211,0.0231500933706816,0.0068418529655291,0.0096013278081275,0.0241856110617662,0.0262915286645952,0.0425020048115476,0.0363198754953943,0.0320340615337828,0.042355131487084,0.0152998670327584,0.0309360138255765,0.02399501402306,0.0415122312824314,0.0059598203628132,0.0222812519433905,0.0368240184377313,0.0144793728860204,-0.0076015787453671,0.0,0.0290228874386129,0.0137094593188957,0.0380225606007806,-0.0152541387095579,-0.0032897301174011,-0.0019578002885178,-0.0012548176032983,0.0169484343883734,0.048071755305808,0.0314621207331582,0.0361920995778248,0.0760856408467252,0.036249107465986,0.0520715984478656,0.0298405763700311,0.0243803992025792,0.0471851242289951,0.0601652055116757,0.0182490318037789,0.0580721714245831,0.0189598288625973,0.0059679263849365,0.0150381927622889,0.0096087775684363,0.0428992750152914,0.0238638003174143,0.0066533467850948,0.0136418489952254,-0.0115529893422793,0.0062377606626915,0.0349619464489925,0.0136553508663477,0.0226532634857707,0.019473167786248,0.0287735849056602,0.0412705706654412,0.0176829911489149,-0.008362261822109,0.0256913588434246,0.0141002283157676,0.0186536528471565,0.0443005126090449
2022-05-05,-0.0425412444182998,0.0,-0.0426543399202559,-0.0161014417985825,-0.0388872567421262,-0.041892075574283,-0.0259842775996484,-0.0299799690517101,-0.032736365230068,-0.0230313985015013,-0.0141060897223511,-0.0428384770041513,-0.0039540065342122,-0.0267534329224865,-0.0362806343104276,-0.0330587947484302,-0.0562252778300998,-0.0099585346238741,-0.0033976800554016,-0.0415457727502844,-0.0338571880603312,-0.0591542735469274,-0.0584615384615384,-0.0400412111898857,-0.0364323952654584,-0.043164396814765,-0.0572327578875754,-0.0309352966868409,-0.0013763625297404,-0.0405693950177936,-0.020518017829373,-0.0368604924002119,-0.0421450615752547,-0.0367100127763097,0.0233488415049467,0.0362869475308136,-0.0505569972783087,-0.0628027007059596,-0.0183149008720842,-0.0428899722944094,-0.0252627956451008,-0.0201167454234999,-0.0230702170484993,-0.0591017040956627,0.0116860769879436,-0.0572937852792529,0.0083207406415577,-0.1070712551196627,-0.0349810747288638,-0.0019259369422962,-0.0719630260277304,-0.050017298710285,-0.0066471050487718,-0.001868935560126,-0.0072033654123205,-0.0285419003012511,-0.0142001113974258,-0.0439757411686327,-0.0314810819292705,-0.0095173276836778,-0.0265084781210146,-0.0193216681295141,-0.0218587467739188,-0.0311222112945804,-0.0167000803964869,-0.0180376795373996,-0.038111785086516,0.0269210077517689,-0.0126270425315143,-0.04166358184645,-0.1112494436021781,-0.0279769785230949,-0.0364946996466432,-0.0180912323647219,-0.052927636683391,-0.0321883727065158,-0.0269521069045,-0.0569701260858909
2022-05-06,-0.0145684390825141,0.0,-0.029085333760498,-0.011250321963425,-0.0331683735779474,-0.0288843491090682,0.0032584448027805,0.0199160297125633,0.0208712905287458,0.0,-0.002260029405587,-0.0099485195595451,-0.0173449932486078,-0.0085624459603386,-0.0152081775118424,-0.0058527863985966,0.0213052589561919,0.0155431758084121,-0.0085340166337321,-0.0257342291942362,0.0040756914119359,-0.0113865412496905,-0.0196078431372549,-0.0169537773088608,-0.0217134235850594,-0.0425060278447538,-0.0607071982680859,0.0002403763607017,-0.0138033729265504,0.0059347181008901,-0.00237440996055,-0.0135796620874784,-0.0201089884381087,-0.0169332933620398,0.005347261784564,-0.005986506604162,0.0013999766670556,0.0097990376140713,0.0037328558556655,0.0045664662059059,0.0033700832892011,0.0115170770452739,0.0214693936471068,0.0177128307317613,-0.0057783609954999,0.059901051548951,-0.0247372614485714,-0.027148125368961,-0.0131752692273833,-0.0335640473547358,-0.0312123213705324,0.0046687135493856,0.0378052763363212,0.0328060875512996,-0.0180520083584863,-0.0018824931905807,-0.0074506857735362,-0.0170510480615009,-0.0216695694438818,-0.0221212457054195,-0.0219715297172586,0.0309596633480446,-0.0020827055081197,0.0050086148174861,-0.0024528575272712,-0.0172165973317123,-0.0083289320798564,-0.0180092092788468,0.0031423024376213,-0.0126890318094906,-0.0472028498697072,-0.0247812721683613,-0.0108164143488636,-0.007095170354512,-0.00199347342263,-0.0037408651925654,-0.0358657955038087,-0.028271102255335
2022-05-09,0.0118270529666819,0.0,-0.021943056472141,0.0072413204943324,-0.03150912106136,-0.0025419271898555,0.0026649122660915,0.0148156677605695,0.0149223049681839,0.0139834681149471,0.0113173229142105,0.0360727968373979,-0.0363933382085818,-0.0870456431340193,0.0250632911392405,0.0147435571164384,-0.0291660559871024,0.0156002700264921,-0.0034386087870692,-0.0334444846039944,0.0008094133565283,-0.0450692134349179,-0.0625,0.0079569215965655,-0.002146593585228,-0.0711587669062994,-0.0493229616825122,0.0244781653391925,-0.0797727400415753,-0.0353982300884956,0.0060601558325785,0.0146035811475222,0.0147489506570948,0.0,-0.0234072993519789,-0.0206169141546108,-0.0075559623866189,-0.0275668027387904,-0.0037189734637942,0.0144524487630535,-0.0134830382419269,-0.0064421528328645,-0.0142925967560623,0.0411399978244315,-0.0220128814442626,-0.0144384400461762,0.0152110484341567,-0.0906967414982913,-0.0183665378134602,-0.0289401461654692,-0.0145559619921645,-0.0156377440565497,-0.0400716113962823,-0.0272274973716235,-0.0293787314535675,-0.0860360956250589,-0.0330353624131265,-0.004731976570808,0.006513758935718,-0.0226103316181969,-0.0071055590971929,0.0090993803660459,0.0041673936677089,0.0258485500890413,-0.0285573481350832,-0.0595837897042716,-0.0118047751686967,-0.027607507721549,0.0064835456285348,-0.02018779342723,-0.0825702214440697,-0.0172057611173074,-0.0182310719158443,-0.0409992162592515,-0.0295035092279698,0.0057314294609627,-0.0180459760885798,-0.0343982169390788
2022-05-10,0.0029222022014545,0.0,-0.0040966816878329,0.0238769666553773,0.015199373707819,-0.0144800179657672,-0.0114951120856484,0.002657009398816,0.0097957981181755,-0.0157565127311679,-0.0194004995836802,0.0299699956294778,-0.0251846774341619,0.0072197518403416,-0.0316127438873796,0.0038622303962547,0.0171598228663445,-0.0029548285473302,0.008637172809389,0.0124788149649277,0.0170322175681711,-0.0582087875042138,0.0568888888888889,-0.0184134677167666,0.0258249791144526,0.018933928024837,0.0125260116774754,-0.0063251901745919,-0.0076087703097693,0.0107033639143732,-0.0146288680874265,-0.0020555540529575,0.032872116526704,0.019378089913598,-0.0435704313955293,-0.0543842524808849,-0.0016903959350001,0.0215190437962715,-0.0111928040221858,-0.0130244745620891,-0.0068255512321661,-0.0029838950314116,-0.0051221896383186,-0.0045553326646605,-0.0264238590881974,0.0355809058192435,0.0333384426732066,0.010227843859943,0.0204065147369165,0.0410600022228926,0.006325708072965,0.0150269031690501,0.0125524536659284,0.0087057902440683,0.0075517661388551,0.0020635865879279,-0.0217365989985638,0.0021087027803217,-0.009056132942112,-0.002017648627651,0.016246203568105,-0.0201419883899431,0.0223009322685201,0.0170227099014133,-0.0037006381331269,0.0186349871884463,0.007809363151555,-0.0262056649370957,0.0182356858234546,-0.071154767609008,0.0399993107280864,0.0241781883135465,-0.0677831262210226,-0.0124195695584646,-0.0149429419269346,-0.0021622483630701,-0.0202583087685156,0.0054858813572362
2022-05-11,0.0160206285373845,0.0,-0.0040893362692669,-0.0032597092122871,-0.0163324793182965,-0.0242039352448135,0.0220560433558794,0.016550514433369,0.0172498677996391,-0.0076067001154161,0.0091364524072345,-0.0316630113473825,0.0410979545197704,0.0261974574559733,0.0410609538383064,0.0048300328109125,0.0042052144659376,-0.0115574229691878,0.0,0.0268898552451302,-0.0183374083129584,0.016147635524798,-0.0546677880571909,-0.0093887932969253,-0.018883674528926,-0.0097845678482534,-0.0053075802621864,-0.0132030453001037,-0.0061290719493064,-0.0189107413010589,-0.0264208369240346,-0.0292571211751633,-0.0128514218272421,-0.0359163101022554,0.0296133446260489,0.0389664011560892,0.0186426385263278,-0.011815363793141,-0.0415106657055647,-0.0049528144033198,0.0217927161723177,0.0244845465060785,0.033439448723995,-0.0015323901087367,0.0076151946931612,-0.0084912464756409,0.0,-0.0050635290475755,0.0208395179006115,-0.0006329403510912,0.004190630013205,-0.0097302145585375,0.0504507615820184,0.0348347689633936,-0.0112427466150871,0.0502659804961391,-0.0407425041992356,-0.0268815687778898,0.0032653738922288,0.0252018822982629,0.0262608049559045,0.0085905186127903,0.0020330518003295,-0.0182536144194637,0.0259899663400724,-0.0298758424019047,0.0095750967269265,0.0038730868365228,-0.0216545897098732,-0.0544235233427907,-0.0049997100416711,-0.0048852872876536,0.0318782340041696,0.0417001327409605,-0.0057530070910821,-0.0350375805549418,-0.0007636582149593,-0.0292922568352426
2022-05-12,0.037995327316872,0.0,0.0288157830798385,0.0103149390124328,0.0108178788603392,0.0540252408849539,0.0253699440973365,0.0052043713008145,0.0063634897019018,0.0242002060874124,-0.0754169261060532,0.0455147489647906,-0.0078939116171362,-0.0103554533655845,-0.0132288094071533,0.0038288773598977,0.0966597694354125,0.0167878619563925,0.0325314855972456,0.0120022739929459,0.0121873073063392,-0.0553368037887979,0.0587188612099645,0.0067590529773817,0.0256593828467077,0.0128282915836006,0.0177729634310244,0.0146612783336039,0.030068323029426,0.0223592906707785,0.0091949531371191,0.011037435145762,0.0173617143032323,0.0423695345557122,0.0099528029450028,0.0089250231818782,0.0216292875989445,0.0249570610423537,0.0236235156753601,0.018239501356472,0.0168226986612134,0.0199990525517939,0.0157572146619424,0.032124461263534,-0.0122870722994714,0.0305745682196432,0.0,0.0636134577507632,0.0032666434027373,0.0171841496821847,0.0135735787952224,0.0333192552525658,0.0038424920718636,0.0077449861405511,0.0190121041692139,0.025501884153074,0.0590181790606452,0.0184180319315454,-0.005861300932981,0.0285150848879116,0.025586516180353,-0.0039532004951483,0.0040513298930735,-0.0024392775586465,-0.0163775134389642,-0.0100596228508041,0.0426726558113419,-0.009949830496151,0.0126862363807944,0.044758137843244,-0.0154616643145287,0.0515618645544859,-0.0173781955989195,-0.0100396120748531,0.021043692289977,0.0187686627145147,0.0118770698216352,0.0603444878010328
2022-05-13,0.0041485718320799,0.0,0.0759965992820705,0.0283862876254181,0.0265052267834098,-0.0361326243594188,-0.0014191106906338,0.0142494578007477,0.0115777849025684,0.0153619862912952,-0.0016290053966492,0.0249360704143766,0.0049235632009239,0.0287156974783147,0.0392254220456802,0.0105181466926456,-0.0230008984725966,0.0377371111321691,0.0497604828328444,0.0264139911609428,0.0160540869835277,0.0394444628592263,0.0974789915966387,0.0067324281749305,0.0020839445225642,0.0477107402652974,0.0139543134201864,0.0136410714135351,0.0374234741784038,0.0256410256410255,0.0026664711058961,0.0075571735618589,0.0036561602282088,0.0217218734213755,0.0149727060046789,0.0221233854688089,0.0116736290910968,0.031968317258473,0.0038457273216945,-0.0032533662156359,0.0088299527079045,0.0105194714720293,0.011843624223893,0.0029535779031633,0.0602866980703473,0.007518475343037,0.0145182822813914,0.0478491393945725,0.0138259533724311,0.0262859800604637,0.024714258143375,0.031417583012838,0.0013646288209607,0.0130086562575844,0.0186573879656848,0.0363436418743128,0.0322878829303856,-0.0191494327464408,0.0176806386948649,-0.0133774104683195,0.0144648630177022,-0.0015274214239897,-0.0030278615240669,0.0046563654336402,0.0067769244659718,0.0634922858203361,0.019055892543258,0.0580498429069444,-0.0095799167669722,0.0,0.0388679580368129,0.0178915091299183,0.0343802603822631,-0.0011546631324776,-0.0030872681905648,-0.0136175421483968,0.0034090393195127,0.1211136718459593
2022-05-16,0.0103110001582249,0.0,0.0315833369913525,0.0150122246548929,0.0033940627967252,0.0157004227421273,0.0088318653702559,0.0217108435927533,0.0166572756726299,-0.0100883089189689,-0.0204276963465325,0.0111331660831288,0.0230031755632844,0.0179797495363143,0.0129001433349258,0.0160786940963086,0.0039084053706088,0.005967696018134,0.0189566790632225,-0.0105048000402097,-0.0031624363691937,0.0267785962562581,-0.0114854517611026,-0.0066874056964029,0.0346770041491262,0.0,0.0120517057051219,0.0044858322464882,-0.0303025914689335,0.0514705882352941,-0.0042099535120492,0.0208341898144974,0.0522107243650045,-0.0027369684983753,0.0143875884284634,0.017309205350118,-0.0056354388047509,0.0103225200106515,0.0191569445156809,-0.0012260654895702,0.0109486209098412,0.0047338909826271,0.0104900926902371,0.0413501766927981,-0.0148898623773037,0.0168832133834364,0.0302110938499498,0.0159799596201302,0.0160580185262837,0.0396324749464573,0.0271421247031002,0.0364763118820152,0.0281207413464159,0.0099187017840884,0.0146054181389871,-0.0011091967197356,0.0166542647782164,-0.0135571973280249,0.0270246322877902,0.0145304681915654,-0.0037430524160306,0.0256886922375823,-0.004549068679206,0.0006732088760001,0.0542408288581046,-0.0202956767969444,0.0212494952465938,-0.0046526962863024,0.0004953900216331,0.0142947281390746,-0.0128457170767446,0.0512293969712869,0.0379857656377138,0.0299450719227007,0.014982147276134,0.0040573162573802,-0.0113234864656984,-0.0064919993899243
2022-05-17,0.0027232783747337,0.0,0.0288291738473649,0.0384058634381903,0.0,0.0214499370277077,0.0285159452124568,0.0193703522287036,0.020489105961412,0.0113676939737172,0.0467044471120292,0.0126419492777003,0.0033170143323399,0.0032545729875248,0.0412735849056604,0.0297991412443914,0.0586268492648742,0.0330360956856041,0.0123895202020201,0.0084941867027881,0.0142584206057174,0.0173919795023098,0.010844306738962,0.0053821918835796,0.0053662724895602,0.0074331223197874,0.0510323633919138,0.0145676031062116,0.0282776541568972,0.0097902097902096,-0.0035608308605341,-0.008166278861643,0.0034620835275207,0.0123767197266142,0.0115802171290713,0.0173303660211183,0.0105228363841751,0.0321188630490953,-0.0789483362335446,0.0036827117144515,0.0086578752772983,0.0141347605324551,0.0087883115456441,0.0028474470491868,0.0201570440913878,0.005015840871013,0.0416725801873403,-0.1146071771168372,0.0386992693472898,-0.0041060543208486,-0.0058778587072784,-0.0081210183747828,0.000795297142895,-0.0130001581527756,-0.0035987926631066,-0.0199543984069053,0.0262996296962516,0.0192385759923752,0.0043866925930595,0.014333366359523,0.0121655800172173,0.0122251494380658,0.0152415870106064,0.0154475120966697,0.00748083505134,0.0012166186068709,0.0372457659179275,0.0247386015455088,0.0096677899446435,0.0080441031361275,0.0218200710018183,0.0472699109332646,-0.010974726376058,-0.0042442499677931,0.0183345639968235,0.0084922102437587,0.0270998876731707,0.0433781420619134
2022-05-18,-0.0346209912536443,0.0,-0.0297584581024071,-0.021596171700447,-0.011114405991255,-0.0294089315300735,-0.0142766497461929,-0.0183907041761314,-0.0185672340931076,-0.0154997482303779,-0.0286890346899949,-0.0386595046736941,-0.0367377967929565,-0.041927817070132,-0.0353340883352207,-0.0018114810419138,-0.0221520356509323,-0.0221433112623857,-0.0045794683919244,-0.0368413688893863,-0.014837036778642,-0.0582210859693974,-0.0352490421455938,0.0093637499766838,-0.0486694745831797,-0.0452020918636234,0.0226417163115382,-0.0083387335395601,-0.0578901887313102,0.0013850415512466,-0.0239003650216121,-0.0399178904152851,-0.0299327981194846,0.001355463830978,-0.0568888346579847,-0.0488868202621984,-0.0368481391737354,-0.0259319530330719,-0.024489221212083,0.0061098225451901,-0.0150288664202583,-0.0120808900917155,-0.0142533909276802,-0.0141384675223649,-0.0121234221598878,-0.0203579255689314,-0.0577856498118091,-0.0558374227943928,-0.0098877581427267,-0.0318048642733594,-0.0551194819035127,-0.0475646455639768,-0.022555245783308,-0.0163921292142034,-0.0289525806827448,-0.050529695024077,-0.0087030623900784,-0.0145577548040014,-0.0261985939317052,-0.0263731970175495,-0.0208564094449427,-0.0276896898445355,-0.0045076998478087,-0.0310875547854448,-0.0421974878190514,-0.0243430857848732,-0.0533612881820172,-0.0321247049316293,0.0063823031329381,-0.0239397357053178,-0.0086191242872879,-0.0770842577527979,-0.0397808790922133,-0.0253117445644082,-0.0210006430164311,-0.0062137967351236,-0.0178383370327764,0.0011386825826344
2022-05-19,-0.0056265616854518,0.0,-0.0054138158876314,0.0302892927336106,-0.0079422011201105,0.0225091555096814,-0.0058483204722616,-0.0018690756975657,-0.0076694277759524,-0.000393888265069,0.021335407990481,0.0280682263756373,0.0167813771374385,0.011363295355653,0.0002347969006808,0.0081508135168959,-0.0188487235078095,0.0176125761828493,0.0199878624145963,0.0016385631776503,0.0110947182059604,0.0720305333614248,0.0007942811755361,0.0330974072773639,0.0182194701459801,0.0048403532608696,0.0110791444041387,0.0058401660399072,-0.0076770697642152,0.0186721991701244,0.0043467491511905,0.0012875516312902,0.0179002393863891,-0.0054232492336712,0.0261758859575869,0.0261483753099309,0.023565371071339,0.0058086935066004,0.0209203578714705,0.0101248494140837,0.0076290897813613,-0.0009359804585543,-0.0032098098663296,-0.001440041031306,-0.011363571830154,0.0066636979547696,0.0062902176270696,0.002688298271976,-0.0061378228513059,0.0042584220504593,-0.0083289049875826,0.0040958427196395,0.0084145771370112,0.0169585403600229,0.0,-0.0123112539578991,-0.0287771538663204,0.0043756113847901,0.0,-0.0009586552073926,-0.008663916359539,-0.0087860949805107,-0.0020081752165265,0.0278245318746055,0.0018927313928944,0.0006192887812397,-0.0216135463119011,-0.0033375519638603,0.0017072803059783,0.0408999738379698,0.0120967906058571,-0.0082712323156779,0.051062629302238,0.0266127477898472,-0.0204309790659326,0.0084733515742416,-0.0340522929726163,0.0221790554572234
2022-05-20,-0.008487598524839,0.0,-0.0108865696590445,0.0020524789627738,0.0019707002801951,0.0194803303988273,0.0364176181677486,0.0193945338624104,0.0133923514599145,0.0027583043191869,0.0056189844604161,0.005294200444059,0.0221302302073429,0.0174518084801251,0.0119718309859153,0.0179699259788024,0.0114994363021421,0.0008259096693763,0.0030133200261026,0.0158193335808427,-0.0109729761279401,0.049737329453116,-0.0126984126984127,-0.0204994275901545,0.017893460771643,0.0211273557001605,0.0547710362135698,0.0127729471757322,-0.0185799395685912,0.007467752885268,0.0259766429768024,0.0107001562785984,0.0117204373326165,0.0218288463902498,0.0336403179497171,0.0246077543039724,0.0498371618813844,-0.0014463422362598,0.0655750158261236,0.0,0.0129728232433596,0.0094066570188133,0.0124865314164333,0.0158040300276569,0.0032167639354809,-0.0007793944947365,-0.0031254490587726,-0.0160836172479599,0.00695572378986,-0.0030277947198744,0.0115593661486641,0.0179336266425802,0.0140013302607446,0.0193188735462788,0.0111584378187052,0.0245266833399784,0.0135594071525873,-0.0027235720201088,0.0166577327841823,-0.007754705823282,0.0071003880760573,0.0091689371656948,-0.0025185156336209,0.0032751650376132,0.002453314562544,-0.0236903271947076,-0.0010848604798285,0.0118230619151022,-0.0065760002239829,0.0176776139410186,0.0048540760967918,0.0341419183394979,0.0128338950026343,0.0176585818582424,0.0323270942707145,0.001399563412642,0.018021287405592,-0.0133525035944239
2022-05-23,0.0042755690882736,0.0,0.0183295417614559,-0.0034119732715122,-0.0227382630132042,0.0049793400232305,0.0421625245706798,0.0098233030090972,0.0162677122025036,0.0043166902246907,0.0143744485933003,-0.0093221984851427,0.0161470719819163,0.0272573064454197,0.0187891440501044,0.030899861278373,0.0190370040124832,-0.0197639536211422,0.0300809429954647,0.0381301003363581,0.0237828267925641,0.0398199819981999,-0.0305466237942121,-0.0013148763650971,-0.0040551580232088,0.0527600761400315,0.0222520107238606,0.009174459981764,0.0118323057562781,-0.0249326145552559,-0.0031102694589713,-0.0114319677193178,0.0249150837776808,-0.0153559275427077,0.027544452021756,0.0248700643860058,0.0074838448367913,0.0125292374464514,0.0923073571813315,0.0172440897928649,0.0128066843904293,0.0251801546877947,0.0258630650134088,0.0113185530921819,0.0187863588475103,-0.0101347612296632,0.0094057443511477,0.008171776878066,0.0053675740205771,0.0376674168105048,0.0031135808341802,-0.0224264021868245,0.0368986331140219,0.0393355544380187,0.0184514980717886,0.0270803605473464,0.009909636502146,0.0202164924941079,0.0132279722893335,0.0048803526448362,0.0142850077112961,0.025137576740783,0.012624372848488,0.0371971435858198,-0.0192015778440949,0.0025568241848801,0.0075895536813404,0.0144105907165641,0.002205335785272,-0.0019346340660244,0.0055750328178527,0.0044013855249109,0.0361980291311687,0.0204275211985351,0.0242392415908903,0.0303657629123657,0.0223155122376741,0.0129693221992726
2022-05-24,0.0035583958170695,0.0,-0.0342333141848045,0.0198550078133765,0.0036468681573933,-0.0066125410915428,-0.0023540076614908,0.0194554888559723,0.0210159396257063,0.0101671951739401,0.0173246885597315,-0.0073628973799027,0.0057757257312345,0.033851271108251,0.0015938069216758,0.0222547540886641,-0.0149188432427702,0.0249224317770269,0.0131336961973584,0.0175919202587631,0.0193682268849435,0.0159966760153733,-0.0630182421227196,0.0078630728157114,-0.0162965598347615,-0.0393852442907116,0.0203252032520326,0.0188577413886845,-0.0561152654798035,0.0207325501036625,0.0285149691090282,0.0355614634169254,-0.0147004369399393,0.0149146921499323,0.0128742628054667,0.0133821792969814,0.0153620778398069,-0.0147550181720762,0.0070414747212144,0.0118252065014654,0.0094948101037979,0.0168258968659376,0.0151337316830275,0.0055959386177455,-0.0062946456170719,-0.0086625492492812,0.003106033559443,0.002702830300026,0.0076322039121843,-0.0257581819075091,-0.0269221649817861,-0.0139275222284036,-0.0277195583273693,-0.0283964617827171,-0.0036117907491552,0.0389773423147581,-0.0024530997982327,0.0101802173613978,0.0055988828581967,-0.0048566504778317,-0.014795325785316,0.0141805459665345,0.019953602251769,0.0094421972779916,0.0326274063896652,-0.0063722459532373,0.0247478266137581,0.000766782220962,0.0234776770492437,-0.0483564977110572,-0.0328906259328097,0.0220228525990078,-0.0008714431856932,0.0135066219800275,-0.0221881914836201,0.0065922873941022,-0.0184439931901626,-0.0161432565470568
2022-05-25,-0.0063679287949781,0.0,0.0205322523792736,0.0051441820026083,-0.0042608303643718,-0.0091456145872076,-0.0060821010361555,-0.0095420982419768,-0.0112694729864102,-0.0073535362878515,-0.0023230107601168,0.0173105893592004,0.0075396276840844,0.030974048708156,-0.0161400318254149,0.0083754032199736,0.0037750932670101,-0.0234950122176129,0.0014485312992775,0.0183040878769202,0.0167156751866093,0.0019084619841189,-0.0424778761061946,-0.0103962551709122,-0.0144869296148204,0.0046646753140471,0.0099601593625497,0.0073611062063227,0.0016491257147592,0.0101557210561951,0.0012980180921993,-0.0020728443779198,-0.0132004209102183,-0.0033363716098853,-0.006525780829653,-0.0033013653610588,0.0189180676995064,-0.0019290756854374,0.0,-0.0210408228831456,-0.0167159477570912,-0.019232996496511,-0.0179621486840799,-0.0222591933910849,-0.0221821287377906,0.0154946748803661,-0.0046446239812079,0.0,0.0,0.0222319878394052,0.038299663299663,-0.0220177765460446,0.0203472706002969,0.0142396937298658,0.0181828811973807,0.0102997082486075,-0.0024591322951695,0.019616187752508,-0.008037153000668,0.0019566390788052,0.0294905744002555,-0.0262167557768649,0.0053743793946419,0.0062359174228121,-0.0139375309057355,-0.0205120590543663,0.0020987289388116,-0.0180302571795878,-0.0069274149786029,0.0142364948319575,0.0141362096850528,0.0162119648867613,0.0157281001137656,0.0030947925361479,0.0055470081342319,0.0082783741273213,-0.0295232562513321,0.0
2022-05-26,0.012107419208011,0.0,0.0146144547103013,-0.0204794284661652,0.0227792709240259,0.041982675649663,-0.002926951546787,0.0042122059605718,0.0054475360375461,-0.0031216148532957,0.0403448484796025,0.0109392000794592,-0.0053451479205373,0.0339054527052671,-0.0108595194085027,-0.0257495337828145,0.0339807973098535,-0.0254622404443857,-0.0043209989563689,0.0609060794597924,-0.0074751384902891,0.0300010204428722,0.067467652495379,0.0,0.0245066057739358,0.0695230725369608,0.0239390468919002,-0.0234683265232988,0.0305040994796019,0.0355227882037532,-0.028767796058455,-0.0045588215241827,0.0186135521893537,0.0328369540834814,0.0044934903373872,0.0033123004751127,-0.0079218821756179,-0.0125837891187235,0.0104901588376034,-0.0254634860174095,0.0042462524177948,0.0091223771320605,0.0124514636713386,0.0056914862406853,0.0263871777519422,0.0266027776896304,0.026442350669551,0.0970366664704842,-0.0052984779245081,0.0199866098171181,0.0635227103023063,-0.0004250689471954,0.0031367951872416,0.0024934020745106,0.0571346540338788,0.0185626777510392,0.0128190115802513,0.0598033268591844,0.0692027813178903,-0.003894413144486,0.0168732202915717,-0.0029927067500854,-0.0043742832254384,-0.0059915029594393,0.0216774286940293,0.0373065373065373,-0.0102676420557897,0.0416096586513032,-0.0276712376143457,0.0661240011964277,0.0357954453227715,0.042783552341403,-0.016352588693193,-0.0005938969538453,0.0130362889116071,-0.0070655099117837,0.0158049998923364,0.022072472981564
2022-05-27,0.0,0.0,-0.0071913363545457,-0.0122730989370399,0.0142730458392612,0.0233599970442075,-0.0109435887576808,0.0071930768770769,0.0142952404767857,0.0140795700181106,0.0439970047424911,0.0100214362272239,0.0075234208862577,0.0161885523042013,0.0011679514132212,-0.0161967164838401,-0.010954683555137,-0.0080396499685144,-0.0014343244883323,0.0178838599914932,0.0060296326182951,0.0309699151282982,-0.0207792207792207,0.0275929083475423,-0.0218706467661692,-0.0103960396039604,-0.0123809671756792,-0.0092938285787222,0.0143951315071131,0.0155339805825243,-0.0258361924249506,-0.011661567964933,-0.0199839231301293,-0.0006515637530072,0.0124005765227137,0.0107406411520418,-0.0242017086002711,-0.0073560034983966,-0.0242223409941207,-0.0081704307694006,0.0,0.0085864532974466,0.0053797858657285,0.0,0.0013525012820583,-0.0057184660086135,0.0075768132097819,-0.0171998014994835,0.0015193307709699,0.0432319268159551,-0.0202304891625961,0.0123221165285449,-0.0417488008937916,-0.0476164966441926,-0.0236284627919608,0.0264470146876152,0.0009735972593236,0.0103027279649223,-0.004082288057609,0.0,0.0096774193548387,0.010202594373998,-0.0063510647002914,-0.0114220306373443,0.024167594373039,-0.0258671083398285,0.0345126479317496,0.0048764520244408,-0.0098988418746265,-0.0206809482775897,0.0098217818679016,-0.007645406371704,-0.0139960336663915,0.0174481164461171,0.0089131509614148,-0.0084663619450122,0.019836777954425,-0.0448523374716991
2022-05-30,-0.0084457636265514,0.0,0.0145082827936482,-0.033592993319481,-0.0008480390010362,0.0078797014197902,-0.0264505565980606,-0.0077354345668749,-0.0097218227390393,0.0262242193801127,0.0207127942746936,-0.0119028669461097,0.0099601252716785,0.0071488326108448,0.025664955669622,-0.0277183267230411,-0.0110760178254663,0.0043397124735267,-0.0246026923006094,-0.0037017191117839,0.0179582015061718,-0.00582982049278,-0.0256410256410257,-0.0064052240936339,-0.023061585725621,-0.0306691807442182,0.0069680382534291,-0.0109834362694968,-0.0070914688679768,-0.0095602294455067,0.0,-0.0164329009128877,-0.0232908591484815,-0.0129812595081666,-0.0122486857576731,-0.006532566766675,-0.0130395779166477,0.0004929854464401,-0.0035457108219038,-0.0024657549495995,-0.0021066253366838,-0.00538067164125,-0.0091714714662086,-0.0084791909762739,-0.0031515738171747,-0.0084301391724267,0.0,-0.0399991265970309,-0.0106462710961413,-0.0243131904522213,-0.0442447074239383,0.0193133798414721,-0.0216364355161853,-0.0199361977387964,-0.0173018080667594,-0.0160145637670494,0.0043769263035033,-0.0135968856063243,0.0046819382604272,0.0029294124274688,-0.0243075436397033,-0.0053461338990122,-0.0122892146305,-0.0205951911706739,-0.0001778691278483,-0.0362697261732116,0.0049119993469872,0.0014930048026728,0.0004993515614617,-0.0191941721745891,0.0021609584257979,-0.0049056664468498,-0.0283894064208176,0.0108496410676073,-0.0240395265938522,-0.0001945867810714,-0.0259359644819874,-0.0411627952409791
2022-05-31,0.0070935495868142,0.0,-0.0017955217574988,0.0033321626506539,-0.0262267924368434,-0.0023463246883507,0.0152433171301096,0.0125996905639087,0.0058920183897361,0.0101497765701839,-0.0048954925552597,0.0176711176344239,0.0063373718546133,-0.0113561042731169,0.0122838944494996,0.0383141172667518,-0.0112000700004374,-0.0288136701466837,-0.0163309230275454,0.0027878381178885,-0.0095539310103309,-0.0148791112485823,-0.0090744101633393,0.0115821796045896,-0.0236059769875567,-0.006312028582771,0.0193536293912743,0.0157299528589922,0.0119088423553044,0.0025740025740026,0.0155452611247755,0.0188493135242533,-0.0298224713395699,-0.0013211270229757,0.0044787273794906,0.0024546631160833,0.0049205532464251,-0.0207266379757716,0.0462637559962035,0.0020589449720451,0.0158933606767495,0.0090114392785016,0.0092563659625146,0.0056880589989016,0.0094902585121576,0.0282174415141269,0.0105277715352567,-0.0312514215530183,0.0253641707130078,0.0118927211387687,-0.006169533643238,-0.0078252635813705,0.0075748236422161,0.002336716789925,0.0105298913043478,-0.0095553027322636,0.0043578523051224,0.0167403480854246,0.0303000376512996,-0.0029208560354996,0.009123175964729,0.0017916228888645,-0.0010005002501251,-0.0175948284535667,-0.0117118007511366,-0.0221790633200397,0.0262723465455578,-0.0029836431304276,0.0087432675044882,-0.0195697982516533,0.0197705883946994,0.0119690308398525,0.0009112339295973,-0.0050776997416264,-0.0226300367308195,-0.0093141797961073,-0.0066534366131062,-0.0217603911980439
2022-06-01,-0.0049359141799447,0.0,-0.0071526822558459,0.0204075244030847,0.0087281870334365,-0.0211396563795982,0.0019136801658019,-0.0165877377364702,-0.018051018051018,-0.0059575414026896,-0.0056257355825813,-0.0197343253261572,0.0220467314373591,0.0004094760827777,0.0242696629213483,-0.0214522920002371,0.0075660369010221,0.0252193720684934,0.0045295765997463,0.0069379179357478,0.0170712573063875,0.0155617334423547,-0.0109890109890109,-0.011449568644158,-0.0021969115263202,-0.0045543526027725,-0.037987679671458,-0.037357220151497,0.0078536712171222,-0.0166880616174582,-0.0092271757412942,-0.0079894150623293,0.0006139785812062,0.0131778672885307,-0.0027422157741179,0.0057432031342752,0.0765681242603186,-0.0246982308701122,0.0204076628996638,-0.0004120565519776,-0.0080004749818169,-0.013064055782362,-0.013862357827588,-0.0085033350235986,0.0156646719982105,0.0127813549760888,-0.0267893800465307,-0.0026882982719759,-0.0112423559990385,0.0106326600433357,-0.0186342767227815,-0.0004153645318247,-0.0009040485059409,-0.0013333224268103,0.0104761904761905,0.00571835491732,0.0168796967560367,0.0242125229324516,0.0062244641209665,0.0068390513210521,-0.0022590931200345,-0.0193751883318397,0.0044875004814914,-0.0093966433244147,0.0145857292864644,-0.0281783033886741,0.0317523872487626,0.0052343867632542,-0.0047057148450708,-0.0299406294554507,0.0200933869865616,-0.0173938043556385,0.0273715043442119,0.0235461835266943,-0.0143991216958027,-0.0113616165395949,0.0331076320266716,0.0166833291677079
2022-06-02,0.0,0.0,0.0360850011722828,0.0076751236191332,0.0150804439064,0.0311975570166991,0.0008153466355627,0.001038662271666,-0.0040243984406506,0.0,0.022630254156376,0.0197279003108559,0.0397100414618745,-0.004305161740473,0.0059236507240019,0.0166654041360501,0.007465308273318,0.0500736054637691,0.0105086170659942,0.0147086849653785,-0.0379584564575005,0.0351681760212299,-0.0018518518518519,-0.0077214530697264,0.0066052457194158,0.0036521250551833,0.0084582424059,0.0026062808871347,0.0366019508534984,-0.0306788511749347,0.0043161238268631,0.0173808782455535,0.0159737660064578,0.0338134734974346,0.0405642329192712,0.0440453881453719,-0.000959766694102,0.0180844232468539,-0.0333331044993341,0.0061833961885768,0.0042195355518315,0.0,0.0042710739885076,-0.007159998426374,0.0026485179862452,0.0404594402015194,-0.0428194761821058,0.0242599023012182,0.0197155203456966,-0.0088613644509936,0.0147709676356566,0.029067811702317,-0.009327609315363,-0.0086576895354171,-0.0241725342351832,0.019537518368683,-0.0203923195448617,-0.0004756362900371,0.031477545382559,-0.0029095141111433,-0.0191666847225532,-0.0112458197316647,0.0243057552807337,0.012341849855904,0.0359376463108713,0.0042436014446967,0.005963259283326,0.004462363242609,0.0144342358903197,0.0,0.0148559987793666,-0.0070871837384894,0.0523983818146793,0.018813279245289,0.0146094854547791,0.0120883228220911,0.0045786860293934,0.0121620606532411
2022-06-03,-0.0028332201855623,0.0,-0.0731536720839333,-0.0316180154049259,-0.0166834179689217,-0.0170655141441896,-0.0138873173565066,-0.0060282806108885,-0.0059977223839048,-0.0314365901111434,-0.0159103710619517,-0.0386880803761915,-0.015475951533334,0.0008221564781032,0.0056706652126499,-0.0120855375903433,-0.0334321332054747,-0.0242546161422965,-0.0193049463016184,-0.0307968658951799,-0.01440928698873,-0.0069689012780467,-0.0213358070500926,-0.0116723067735572,-0.002187300913145,-0.0354686500319896,-0.0153846153846154,-0.0021261134065567,-0.0247913320817029,-0.0101010101010101,-0.0011318838848405,0.0075004910492009,-0.0199502975218066,-0.0201264582776738,-0.0062786469669422,-0.0078014585335518,0.0079107158128794,-0.0076120239789537,-0.0034478962861433,-0.0225220486870443,-0.0146914205679887,-0.0054324350047953,-0.0092726404020503,-0.0201687997781035,-0.0241800847923028,0.0057101794558933,-0.0111837514232195,-0.0552628252275443,-0.0148759600953474,-0.0575412372169651,-0.0218393541265341,-0.0056483867246086,0.0255130071697389,0.0174748618122631,0.0071018692119766,-0.0310113771201228,-0.0290382881929111,0.0070974404665478,0.0021818433690432,-0.0048708222037664,-0.0287794576349064,-0.009529229428004,-0.0319652082761375,0.0052339980085274,-0.0202950537347942,-0.0077444712864211,-0.012427751498799,-0.0220283659740861,0.0122616332156997,-0.0493791953669987,-0.0132780843768907,-0.0278143852267798,-0.0151931173347977,-0.0160180222414848,-0.030860287700926,-0.0139026533779613,-0.0155735770792713,-0.0558561597625151
2022-06-06,-0.0021241444418219,0.0,-0.0282105917343631,-0.0014290246335267,-0.031826112610203,-0.0307880213516693,-0.0124305799917384,-0.0048484221060441,0.0010098952764057,-0.0081099021616785,-0.0084287943295776,-0.0299813303071347,0.007693298139445,-0.0358025295658707,-0.0006506180871828,-0.0096087127040155,-0.042344983089064,-0.0313576567482254,-0.004550099292421,-0.004208570179274,-0.0192488370494283,-0.0350890384350288,-0.0265402843601896,-0.0223019738528582,-0.0336263221742182,-0.0377264624186394,-0.0184644507186858,-0.0078068105683241,0.0115510402894718,-0.0129251700680271,-0.0043024448291431,0.001237752821215,-0.0326914917261027,-0.0205398527674272,0.0079777776632532,0.0070793686969403,-0.0049948382899889,-0.0168781643162904,-0.017300908605024,-0.0180170485117953,0.004264456811033,0.0,-0.0035068082091463,-0.0191078938854739,0.0018065271344878,-0.0429236619623751,-0.0274677314513882,-0.0529241642312569,-0.0075458170901107,-0.0213391886418384,-0.0382479199858381,-0.0243510966937233,-0.0005893107073737,0.0006577558345377,-0.0210425363872277,-0.0269688173049911,-0.0249285042274406,0.0267721601705055,-0.0081554605877,-0.0244620381648394,-0.0248762668995761,-0.0037244858457312,-0.0019981307808824,-0.0164710962105049,-0.0334623396930069,-0.0525207452638171,-0.0108422133195249,0.0109784919821429,-0.008236773274544,-0.0952347986615899,-0.0027612195448262,-0.022741624497975,-0.0214219330855017,0.0010168239599537,-0.0233539326250662,-0.0295815911482778,0.0023170634269831,-0.0349861727442278
2022-06-07,-0.0227785459573539,0.0,0.0019413927780187,-0.0023870242051122,-0.0336402544218337,-0.0317566999915986,-0.0069867777941301,-0.0085217421457798,-0.0085288208015056,-0.0097416201117318,-0.0092121077935223,-0.0143925956675975,0.0129425544375232,0.0,-0.0236545138888888,-0.0114534626924774,0.0,0.0122466309358388,-0.0091417946582479,-0.0351930302531323,-0.0062735110633425,0.0059093211423821,0.0,-0.0161060753614503,-0.0226947386966768,-0.0137434836930764,-0.0043311269101904,-0.010724456542254,-0.0007566898259613,-0.0220537560303238,0.0006816366486297,0.0107410996495103,-0.0146736292428197,-0.0137582562190523,0.002310992039348,-0.0007779239331833,-0.0217482141791194,-0.018212259016339,-0.0176054997470943,0.0004268229376953,-0.0106158711037493,0.0027310537745224,0.0,-0.0150069056502648,-0.0004550306162574,-0.0111182371155715,-0.0066455333613413,-0.0323543955867525,-0.0007585129534146,0.0024251401353432,-0.0165771279349339,-0.0237101857174003,0.0035580511796515,0.0118805131992176,-0.0072033654123205,0.0092387643152729,-0.0122685273933212,-0.0224121724826695,-0.0202891818129028,-0.0200580353530099,0.0043128482759104,-0.0087202287219464,-0.0020021313010623,-0.0147584799927692,-0.0261954763316284,0.0014954846279053,-0.0548052771030118,0.0164753445892162,-0.0129511662370681,0.0071669047133238,-0.0297569137776188,-0.0045059792535409,-0.0271427893062348,0.0233775692247246,0.0135845521261646,-0.0177966018895761,-0.0011537557897562,0.0006590395793995
2022-06-08,0.0021875930890675,0.0,-0.0057900975654235,0.0081335800662736,0.0090010319654483,-0.0084068450228972,-0.0090094306507851,-0.0110606895225104,-0.0177174275526519,-0.0039314551673071,-0.0171669366874436,-0.0150383137177946,-0.0242456415134997,-0.0014942833178827,-0.0057790620137809,-0.0053616824589785,0.0241100018835938,-0.0190110961612838,-0.0061377274770811,-0.0165394402035623,0.0047377764192755,-0.0492498579765532,-0.0194741966893865,0.0,-0.0255427985532882,-0.0069456578717457,-0.0087327642810242,0.0084326111841268,-0.0076261722275766,0.0126849894291753,-0.0072738402815911,-0.0012275655672339,-0.0174784037309873,0.0033186219165897,-0.0490310601461952,-0.0312968887127368,-0.0244313493032067,-0.0164283181657015,-0.0107533430034066,-0.0081004104976707,-0.013925880830987,-0.0181549891349034,-0.0191730895620479,-0.0121591360944267,-0.0130445289975213,-0.0123680730430728,-0.0451382213849054,-0.0212775842044135,-0.0152179217234927,-0.0525648640426487,-0.0258404885010411,-0.005537312145036,-0.0038392201375443,-0.0048920932545252,-0.0143951706524263,0.0179416273628154,-0.012420913713465,-0.018719389441423,-0.0123106285118186,0.0020527582464253,-0.0278283569610374,-0.0113138881897366,-0.0065296877527908,-0.01252883204026,0.0039519574055346,0.0097267597267598,-0.0347898326823297,-0.0316809034611382,0.0019816845385913,0.0166375446326825,0.0017821751755289,-0.0211173136007617,-0.0432070443296855,-0.0344299648849005,-0.01447351046817,-0.0127077126614574,-0.0593463459300982,-0.0171311439016088
2022-06-09,-0.0109048012706787,0.0,-0.0116476360801577,0.021358035231509,-0.0161352946747055,0.0135727689031919,-0.0014247032524165,0.0012466402602915,-0.0005136017410228,-0.0063186959061222,0.0203738590963717,0.0126487552905618,-0.0285432646729294,-0.016455083413833,-0.0049183992845964,-0.0071719565655158,0.0,-0.0311349514401373,-0.0061756318222048,-0.0093921896528149,-0.0086469156603949,-0.0665421829910031,-0.0238331678252234,-0.0177402162326784,0.0095391161575282,0.0210267012712797,0.0131979863549049,-0.0007147091344033,-0.0184295921749384,-0.0020876826722338,-0.0153434595329857,-0.009410941452999,0.0118667472167082,-0.0006649389620132,-0.0435988349327084,-0.0460436910937385,-0.0313069637219276,-0.0075416852633867,0.0181158136072874,0.0008602500537657,-0.0141379842568296,-0.0203449900181691,-0.0171478000255846,0.020020338121266,-0.00683340166735,-0.0428889504519757,0.0070062411918665,-0.0652170964745133,0.0224088093599448,0.0165747968287703,0.0138333513455095,-0.0257073738363546,-0.011863668353497,-0.0144260603960315,0.0109540636042402,-0.0208608054648825,0.0041923777332337,-0.0152591503868373,0.0158666338612207,0.0194023876239137,0.0165222917154419,0.001907226175323,-0.0207274811746006,-0.0029330572808833,-0.0031861208464802,0.0074025050861583,-0.0072958349062539,-0.013695219123506,0.0009871072431657,0.0046579983061825,-0.0206464228203357,-0.0007691967640687,-0.0479742069767679,-0.0338279814252393,-0.0130633815921693,-0.0111786160480393,0.0045055102077267,0.0046905939662247
2022-06-10,-0.0014649950697281,0.0,-0.0196492367651834,-0.0473982641162455,-0.0208002797754738,-0.0242688179263108,-0.0167897653374111,-0.0130336880215462,-0.0149456521739129,-0.0222590336408867,-0.0064142865101028,-0.0340220927665863,-0.001729979096086,-0.0315076898181547,-0.0094360817793752,-0.0135426092926014,-0.0156796027220893,-0.0321297569922054,-0.0062337970750626,-0.0144819824602382,-0.0103157273532016,-0.0005091834879068,-0.0539165818921667,-0.0097279280675917,-0.0409226787002783,-0.0333462582396277,-0.0245975320748549,-0.0215239241193323,-0.0571199723587706,0.0020920502092049,-0.0130222963078934,-0.0020648994267187,-0.0182310546291951,0.0046406087386756,-0.0065115339962646,-0.0017002634642486,0.0056882996288769,-0.0065150711468831,-0.0142351427911799,-0.0146058737100081,-0.0198359269812443,-0.0235914579230968,-0.0219156347228935,-0.0060439902797683,-0.0197353332415944,-0.0452021311949913,-0.0173937382542286,-0.0365429465765697,-0.0136065411920981,-0.026976212500658,-0.0398204408437858,-0.00659511050346,-0.0125962353739188,-0.0139666860194128,-0.0289525806827448,-0.0044119162214274,-0.0224464767968272,0.0072606473947698,-0.0262164541034835,-0.0210426627861316,-0.0215463147059237,-0.0133251691159319,-0.001549882262163,-0.0222689578979594,-0.0095889139781619,-0.0654354931587954,-0.022043295618467,-0.003085640550927,-0.0044411494489355,-0.0069669997272703,-0.0465284710395991,-0.0169618998743563,-0.0009859713425285,0.000235880620985,-0.0402368202730221,-0.0014927274116717,-0.0212040523300008,-0.0493622697501536
2022-06-13,-0.0191387109819523,0.0,-0.0320641756785538,-0.0219518901147758,-0.0332246052120689,-0.0102930622597549,-0.0228648392967377,-0.0157109753151588,-0.0146507515473033,-0.0024411423574635,-0.0552818960200558,-0.0303173310018679,-0.0360092647622433,-0.042854822240787,-0.0440009072352007,-0.0146616898111537,-0.0836642219834632,-0.0153427999573646,-0.0203321650469969,-0.037485725366831,-0.0264397562342727,-0.0606237036497944,-0.1172043010752688,-0.0280419553050761,-0.011476271226922,-0.0649373802201721,-0.0816018766756032,-0.0004858689529739,-0.0580901459124525,-0.0292275574112734,-0.0110759641314186,-0.0264863098857417,-0.0179071737289057,-0.0277065466587416,-0.0531675868531879,-0.0551301919506542,-0.0254495091399937,-0.0278677298420325,-0.0505415497971164,0.0034890025696032,-0.0157490376475474,-0.0164385489052693,-0.0120334579557696,-0.0470996322300233,-0.0009358585917667,-0.0386180801553929,-0.0053104907625944,-0.0793101630852168,-0.0498084639812194,-0.0638264982764218,-0.03198588821592,-0.0340856359417843,-0.0151956473950319,-0.0128127513828648,-0.0634711140440339,-0.0394803466819433,-0.001601526788872,-0.0288435318148375,-0.0257696624101428,-0.0419635694398565,-0.0558229690584963,-0.0192930388858164,-0.004137214275721,-0.0229939826285838,-0.0237202910771728,-0.0747468085291028,-0.0068514812472132,0.0069630979617192,0.0029751618523679,-0.0234195545790473,-0.0590925887908027,-0.0399996399672369,-0.0484675542014868,-0.0316925377278177,-0.0292955090173273,-0.0119647740724111,-0.0075027136025287,-0.0631587245280044
2022-06-14,-0.0135002972366577,0.0,-0.0041316252689223,0.0336653916663427,0.0169019048958585,-0.0043308963763508,0.0003035747983688,-0.007662730768182,-0.0100948466929281,-0.0008157053720893,-0.009877150293771,0.0018391299224902,-0.0150846422439125,-0.0426618305600879,-0.0180308422301304,0.0074319009935954,-0.0217169657422512,0.0314884864959137,0.0063827624758612,-0.0331589109326468,-0.0057574050028172,-0.0168119310478404,-0.0669914738124239,0.0028790593730496,0.002488613986977,0.0217349857006674,0.00485312899106,0.0097780263271101,-0.0052874965737375,-0.0222222222222221,0.0038119680700496,-0.0046797581814198,0.0087795924234552,-0.0284873413852427,-0.0226925828762221,-0.0278337122442351,-0.0197832190867593,-0.0061846315487845,0.0,-0.003042262785726,-0.0034241573489556,-0.0034332580983564,-0.0067217835816588,0.0031796851015306,-0.0196831493038887,-0.0095065693430657,0.0071184568494691,-0.0486913285437988,-0.0072586591590299,-0.0351210329909844,-0.0232561103040497,0.0,0.0089497474817936,0.011273710915842,-0.0039715585164307,-0.0149836657264998,-0.0096245747475219,-0.0381185994394791,0.0029390337303933,-0.0085460613001342,0.0063394667419669,-0.0111492318222321,-0.0150588707519401,0.0007106528251934,-0.0173067387514195,-0.00340474225257,-0.0062305377264672,-0.0259358932471238,-0.0017300669290779,-0.0215779516285729,0.0129648539435673,-0.0024564726178308,-0.0259867642250757,-0.0019552570852161,0.0070996624219805,0.0023754563716453,0.0180520282792231,0.0089866462475702
2022-06-15,-0.0068425247361157,0.0,0.0290904627470234,0.0277459523892185,0.0145429397502021,0.0104453489764155,0.0158139077084598,0.0070806998259596,0.0069707572653601,0.0159070555193399,-0.0015327442115357,0.0302873798322764,0.0,-0.0056324188250429,-0.0227107997100748,0.0073930085083331,0.0399687337154768,0.009555792652709,0.0,0.0212317666126418,0.0091050219309052,-0.0104802805248021,0.1318537859007833,0.0086324580422387,0.0206909849005219,0.0339615599925358,0.0144709129203282,0.0169511743129429,0.0256802282686956,0.0395894428152492,0.0230262127222253,0.0384476694905333,0.0348017669432538,0.0398040361364555,-0.001970545529973,-0.0018374369425049,0.0371356605398001,0.0271510608135705,0.0418263828254392,-0.0021796759941091,0.0080280084676762,-0.0024721681712335,0.0042295448234892,0.0158917524646424,-0.0129058073146841,0.0423058329697798,-0.0106022138722453,0.0039371940185597,0.0146234650667027,0.0192692735518098,0.0350950436404911,0.0316198628641306,-0.0131499802957708,-0.0175693636816747,0.0320277831371793,-0.0148209493376668,0.0118776868204917,-0.0010299738926403,0.0011734101534126,0.0668090867313353,0.0479795745541411,0.0082886036053684,0.0,0.0121282165534142,0.0286852114089772,0.0153595663181276,0.0006723995734463,-0.0116361180868483,0.0002455472322555,0.0441076561275151,0.0144014750418948,0.0237511161238781,-0.0042711299395792,-0.0006109168945346,0.0058760168483329,0.0069034089445512,-0.0103065444084862,0.0200482024167925
2022-06-17,-0.0022998179718541,0.0,0.0444417938931298,0.0068069341771155,-0.0338577426200534,-0.0137831620311404,0.0023496923598662,-0.0159719127184087,-0.0154473520754004,-0.0016071771253118,-0.0207538270228549,-0.0440980132318855,-0.0426709411709644,-0.0950505943209052,-0.0763906056860321,-0.016496378072312,0.0128275792954852,0.0128264359717715,0.0031711406006988,-0.0223887364817375,-0.0205120691549761,-0.0512761298029065,0.1118800461361015,0.0014330639703832,-0.0056788665879574,-0.0031131564699514,0.0110786963291751,0.0,0.0,0.0253878702397742,0.0324832239431314,-0.0061737024627165,0.0045336101518971,-0.0449975361579625,-0.0788613065510939,-0.0851127920208849,-0.0093410934047621,0.0038538913190953,-0.0036511095201319,0.0144113826898097,-0.0182059027833868,-0.0118558431798921,-0.012635193353824,-0.0062615656065758,-0.0193728332617389,-0.0066969083360671,-0.0035719417814544,-0.0666655249626447,-0.0016066929695298,-0.0196101475797921,-0.0133225777990648,-0.0062179839972905,-0.0725179876275947,-0.060863315435674,-0.0077896179971334,-0.0878843751858681,-0.011738263403963,-0.0154545103682507,-0.0111250294559029,-0.0575723000977972,-0.0223101323073583,-0.0134791487671458,-0.0073762641870827,-0.034517864267338,0.0113503306996909,0.0084071001529406,-0.0179011081888381,-0.0203556716567868,-0.0094032176579832,-0.0281545622904049,-0.0374609295372698,-0.024797561557812,-0.0600174367916302,-0.0521622880614822,-0.0157749630399168,-0.0259251868793073,-0.0487540136338657,-0.0298409843437027
2022-06-20,0.0015400158906098,0.0,0.0077427311970399,0.0177187370681459,-0.0163907113068875,0.0087298647471643,0.0076206127101507,0.0201225655577843,0.0265152554150551,0.0140734244732227,0.0047116521434513,-0.0027933831088587,-0.0239975067525451,-0.0285719914554209,-0.023019271948608,0.0018654616213433,-0.0253302330183545,0.0129719065566571,0.0095034832682319,0.0038149793017079,-0.0041883250439399,-0.0099885844748858,-0.0186721991701244,0.0,-0.0163146083425357,0.0072414573432904,-0.0203745663102741,-0.0011939073025235,-0.0224460082504246,0.0096286107290233,-0.0089910504786229,-0.0020691720589169,-0.0115992154712444,-0.0077397979505376,0.0017121242285484,-0.0040424364368026,-0.0151888482205435,-0.0137135533482859,-0.0036626029753461,0.003876126899506,0.0312787942608923,0.0425151493086737,0.0434963823565803,-0.0141610549336335,-0.0024679018515435,0.0054779231724122,0.003584746286491,0.0840328810356056,-0.0112268606688504,0.012861130614971,-0.0257658210061061,0.0116191764336264,0.0086867191394861,0.0113535073424149,0.0,-0.0086814385887119,0.0010797897109537,-0.0329678329823932,-0.0082902724125821,0.027857734072912,-0.0097208104293933,0.0213308825138405,-0.0084985254168862,0.0012254552708825,-0.0201564537157757,-0.0025001838370468,-0.0432914085342713,-0.0016295627757721,0.0042452169478255,0.0096567352509462,-0.0495696026048859,-0.0139426290469868,0.0273552472112981,-0.0246736519014515,-0.0041490406865809,0.0037398886437651,0.055630884403109,0.0232503265495302
2022-06-21,0.0091965055237797,0.0,-0.0115135306649745,0.0080196493773025,-0.0143650247684761,-0.0051906033207952,-0.0410047728308403,-0.0071581312746911,-0.0071078016584871,0.0035717035782192,-0.0054740548974486,0.0107466416744768,0.0144382180759479,0.0196082407919782,0.0189041095890409,-0.0102248832244498,-0.0476117963555149,-0.0369200806061219,-0.0141210259683274,0.0016287773773218,-0.0084118817830184,-0.0065284113068694,-0.0063424947145878,0.0227968358707317,-0.0024865713078641,-0.0245338126263759,0.0048065629460978,-0.0050036279448216,0.030913668682069,0.0115803814713897,-0.0138319334774097,-0.0132728876601705,-0.0136770008748159,0.0177168766478428,0.0196557754988473,0.0152252566621977,-0.0026601380994404,-0.0044536062988403,0.0404405222968033,-0.0034321427122043,-0.0089825613861542,-0.0043148271740985,-0.0106220979579608,-0.0159678446704298,-0.0049480149182649,-0.0318389815150415,-0.0053579126721818,-0.0271330458663573,0.0162273563373362,-0.0077607195996212,0.0100701501343998,-0.0022055533622844,-0.0105963934819075,-0.019914892101702,0.0038939831679436,-0.0048194567476779,0.0275116794865744,0.0178537302887984,0.0,-0.0020792769404581,-0.0042080243960774,0.0019582720926945,-0.0208901249818841,-0.018942844130707,0.0133858477260027,-0.0033450055289347,-0.0176218837648478,-0.0077547694000498,-0.0097026962265702,0.0047694348092226,0.0357772867382182,0.0133091464578958,0.0055492693261429,0.006623707477896,0.0148960456583773,0.0311211353693507,0.0497910485563355,-0.0344577678218473
2022-06-22,0.0098696660617412,0.0,-0.0194203696060897,0.0109076042518398,0.0180728701773091,0.0139271319685541,-0.0036347266452139,-0.0051928377169767,-0.0042880338736733,-0.0110665171457239,0.0377054209211622,0.0554800024726462,-0.0269347800593751,-0.0667577835302007,-0.0104866899704221,0.0028218351659043,0.0227575547620315,-0.0080364709664221,0.0047744284847259,0.0027159810400305,0.01889793599697,-0.0459991807196012,-0.0361702127659574,-0.0097549600668466,0.0066554532363654,0.0377262886360496,-0.0063661049867822,-0.0055093283424804,0.0154276131917272,0.0013468013468012,-0.0114975672386108,-0.0117694225425454,0.0112274477566736,-0.0111424857693513,-0.0393918721372186,-0.0339918231484496,0.0183978839737652,0.0296119183373182,-0.1060064113993369,0.012478547950784,0.0045400392826093,-0.0110832255148008,-0.0074370781555541,0.0016070711128968,-0.0039780956110416,0.0155772897972552,-0.0215470981590026,-0.027885430938866,0.0023881275942458,-0.0092357501917014,0.0162138304363066,0.0243569182721727,-0.0046850992650675,-0.0029611866546765,-0.0038788788788788,-0.0642298455504879,-0.0125969373696019,0.0334937757447486,0.0023902568577607,0.0052270893302339,0.0152919659633663,-0.0175900028226116,0.0136741051919309,0.027722571192317,-0.06453256302521,-0.0352080771471101,-0.044606092317492,-0.0310498417139071,-0.002762730227519,-0.0238101281888564,-0.0112359550561799,0.0328452710724178,-0.0022026695397138,-0.008552670755672,0.0246631907902665,-0.0019133268033232,0.0193698758794207,0.031891845786421
2022-06-23,0.0022487026715354,0.0,-0.0514882970514649,-0.0146130244646834,0.0230487138986448,-0.0060118860201511,-0.0063923425760136,-0.024118159717444,-0.0264065948916618,0.0035988182984689,0.0287676208012026,-0.0135777523988012,-0.0284668616046227,-0.0344421270571041,0.0054347826086957,-0.0046736528882851,0.0044293903074517,-0.0227492340325242,-0.0205774574155357,-0.0210939162339194,-0.0101100208147486,-0.0200382874420768,-0.0198675496688741,-0.0084381561647599,0.0,0.0201970880681816,-0.0128318824317231,-0.0093969744878713,0.026160451900846,-0.0336247478143914,-0.0234928901075619,-0.0199907670355189,-0.0300459942239812,-0.0028102110377837,-0.0283594405216026,-0.026910616303676,0.0151879891251878,-0.0010833362145465,-0.035573283405918,-0.0186968512985519,-0.0214597089557023,-0.0229114123581337,-0.0228851421344636,0.0097383785711102,-0.0249748815846131,0.0161908108076975,-0.0165161997975026,0.0450795099644734,0.0031860381568249,0.0021498718676367,-0.0036790066681995,-0.0021630195753272,-0.0211935940137792,-0.0185213865986425,0.015638738851903,-0.0376108382503214,-0.007448603968159,0.0113184072754899,-0.0041698208427959,0.0135149707055821,0.0093149564193111,-0.0225455241975857,-0.0053958585395023,-0.0077070746993394,-0.0667329167438649,0.0112986228904923,-0.0225823734261989,-0.0316221863424827,-0.0118420337878211,-0.0073068622097407,0.0134668383072851,-0.0405491698595146,-0.0365082602488273,-0.0364972408874206,-0.0332348075611342,-0.0014898658612237,0.0046532464952726,0.0117789037766884
2022-06-24,0.0255144111837688,0.0,-0.0688771108098114,0.0095846033457187,-0.0267285590654853,0.001722414151513,-0.005818751368375,-0.0013348875686245,-0.0083006366597572,-0.0147301942221005,-0.0073561406533501,-0.0057740262824573,0.0244174735096527,0.0423778786149222,0.022972972972973,-0.000942369246267,-0.026562905317769,-0.0242314254879143,0.0161582106734643,0.016020350015568,-0.0102132772604385,0.051759078378033,-0.0416666666666667,0.0,-0.0107345923138876,0.018796501762172,-0.0064901730712819,-0.0026742544178682,0.0279611778687443,-0.0006958942240778,-0.0292998597581298,-0.0073800211265595,0.0020180633208721,0.0169451464518828,0.0395102290841506,0.0361610407605557,-0.0211512150828563,-0.0059763484280357,-0.0040979109516776,-0.0030330354947126,-0.0046022569074798,-0.0024924782008984,-0.0017040650406503,-0.0064222815651829,0.0143434097760482,-0.0293490829120095,-0.0093297587131366,-0.0313697451288484,0.0095277586678099,-0.0221905677215625,-0.0318357822396595,-0.0246963917978044,-0.0065260459153944,-0.0075465042884192,0.0153979345742378,0.0517830231147122,-0.0187445189018389,0.0096621250142892,-0.0053845520369443,0.0,-0.0121734756908924,-0.0030507629134117,0.0184496427522755,0.0150502147998521,-0.0173317210802096,-0.0257751497232961,0.0348800029234157,0.0486536452842032,-0.0056108331959027,-0.0049245599329421,-0.0041549821769601,0.0082909436653195,0.0298600388504259,0.0278239356365725,-0.010080448957083,-0.007251653774272,0.0212275461697026,0.0356360903238457
2022-06-27,0.0036557430695154,0.0,0.0201742077255036,0.0237272517853028,-0.0001435839594228,0.0,0.020641521899325,0.0086977803716323,0.0139595211212408,0.0068686210247401,0.044480468459229,0.0361790539699917,0.0357595803937313,0.0640545495247488,0.0277410832232496,0.0104571549382814,-0.0091136811810478,0.0356216015818091,0.0143232854541777,0.0108761014871523,0.0257966616084976,0.0309852798222469,-0.0470035252643948,0.0,-0.0058447555166715,0.0097373478539397,-0.0130651411699573,0.0046335027994079,-0.0199990365779247,0.0577994428969359,0.0132521768425417,-0.0017448744313579,-0.0026853319246346,-0.015974469454526,0.0151203669601902,0.0153971880165673,0.0221347515285608,0.0071033113966363,-0.053498404519046,0.002173044846947,0.0127352902461497,0.0110056281537067,0.0059744084228081,0.0145268769435806,0.0176741544674405,0.0017284671532846,-0.0150681965793461,-0.0161950477806949,0.0133679356248015,0.0036594997806056,-0.0078266742593794,0.0142457982303882,0.0674486803519063,0.0642823071671079,0.0,0.0529459654346258,0.002183152882103,-0.0020109768063748,0.0036112579533655,0.0061472260642387,0.0272298334375533,0.0180300113022617,0.0021279954968869,0.0105246930881774,0.0149559830053997,-0.0273325033071355,0.0012653124880457,0.0215251879303692,0.0023071196385267,-0.0024481415183742,0.011677101204538,0.0304016143785301,0.0312069257369478,0.0459669685264718,0.0,0.0032214214265564,-0.0184259091433374,-0.0196661565403972
2022-06-28,-0.0145790248355784,0.0,-0.0329847144006436,0.0057393974691586,-0.0116475424585104,-0.0284401403231385,0.0036182572614107,-0.009285354336587,-0.0143102988137636,0.0212685605356703,0.0078077364690976,-0.02672718103883,0.0107371400443023,-0.0060471489981122,0.0154241645244215,-0.0037661752398119,-0.009143717728055,-0.0078875928522419,0.001555706250748,0.008070743412134,0.0016765285996056,0.0058929503476841,-0.0505548705302095,-0.0014249243008965,-0.0201552282588766,-0.0365858816563041,-0.0480161549680266,0.0070377725108363,-0.0130668086675131,0.0105332455562869,0.0048434278041529,-0.0109533390637081,-0.0154932685941292,-0.0077580646626513,-0.0042548138766301,0.002030364002195,-0.0044733469465345,-0.0070532102478995,-0.0434779688790689,-0.0008673331848709,-0.0125751421608448,-0.0064307138572284,-0.0110294355752728,-0.006371239654946,0.0049602867045717,-0.0202686159980413,0.0172110607992261,-0.0205770561331307,0.0015476168542845,-0.0021859452464434,-0.035477843032568,0.0106281957633309,0.0145787545787545,0.0125052727784025,-0.0265529841656515,-0.0004374027993779,-0.0054459927704445,-0.0060612936161935,-0.0197745849621769,-0.0122310864635594,0.0033565121147229,-0.0023388990060776,-0.0154123312349729,-0.0030787579569251,-0.0008806374367419,-0.0353607072141443,-0.0025274269911569,0.0112522345390497,0.0061406089130753,-0.0148568412719355,-0.0197862007120722,0.0135534588317121,-0.0140466894133925,0.0179371628514635,0.0155654774095768,-0.0047092390053843,0.0084857081705367,-0.0272223250424469
2022-06-29,0.0066552594511302,0.0,-0.0568139122967097,0.0035113764385061,-0.0017453137363367,-0.0170265569535277,-0.0051101409009723,-0.0147226434821924,-0.0173096314000822,0.0011798059483349,-0.0450770403312617,-0.0137281026400197,-0.0022768088150245,-0.0071908903946982,-0.0362025316455696,-0.0207276487123978,-0.0092823797633264,-0.0162253507574436,-0.0140791779512506,-0.009072855197458,-0.0125529191690459,-0.0333930334934637,-0.0636363636363637,-0.0014071387518085,0.0162911957687796,0.017999824391957,0.0,0.0033755560550097,-0.0231592927699841,-0.0247557003257328,-0.0200057268301995,-0.005758231941194,-0.0013674677187948,-0.0014282444495307,-0.0111097861515223,-0.0070644931636881,-0.0237546004712113,-0.0049212484185847,-0.0363643171919576,-0.003906387471406,-0.0104317493747533,-0.009458948164964,-0.0102945606475357,-0.0096071216094131,-0.0044422233327782,-0.0113405803568772,-0.0281781446506903,0.0126056202350479,-0.0069719100090137,-0.0146253406591481,0.0340566272729787,-0.0162108860746423,-0.0137338435988159,-0.0088269756542116,-0.0077577577577577,-0.0083850121774952,-0.005475814013977,-0.0243767222684212,-0.0012236177651172,0.0206375639348161,0.0046426301842903,-0.0180908898976037,-0.0059414068750565,-0.0049940877790917,0.0286157579855472,-0.0310173954510585,-0.02356462889687,-0.0117336302955814,-0.0190695464678579,-0.0326797385620915,-0.021444649254306,-0.0118011412886449,-0.012070544304249,-0.0083076703989177,-0.0035332553543337,-0.0176417401311057,-0.0045900002080688,-0.0132517164364297
2022-06-30,-0.0154294032023289,0.0,-0.0602361644615165,0.0104998924567598,0.0136993267829554,0.0009105677596927,0.0090676374274838,-0.0230975143403441,-0.0227259771600129,0.0188370620514986,-0.0213849622327908,0.0017961854824184,-0.0399350788023746,-0.0208905342917644,-0.0218019437877593,-0.0009733564299264,0.0,-0.0016138398997462,0.0111090912763336,-0.0199265922664207,-0.0237299965102947,-0.064244649165339,-0.0319001386962551,-0.014230143293772,-0.0033753927729771,0.011773331033293,-0.0087009466944258,-0.0079286924842251,-0.031330727396329,-0.0133600534402138,-0.0076228321353669,0.0173747436273072,-0.0095966058320425,0.1609714951086009,-0.0341392500887646,-0.0294701621502372,0.0171113817188357,-0.0120781962604831,-0.042453047851968,0.000435745242133,-0.023427887333311,-0.0185946719113178,-0.0177595447627869,-0.0566444924021625,0.0019831309919993,0.0143473577150148,-0.0058034820892536,-0.0290469589482935,-0.0226186506613316,-0.0318991889584517,0.0289870588707628,-0.0222715512943634,-0.0110038949248835,-0.0053415996777527,-0.0313997477931904,-0.021364892573772,-0.0220238545875001,-0.0005181000768793,-0.022641974188279,-0.0515704213041199,0.0092423515483086,-0.017057951343627,-0.0092383278626568,0.0059698571148951,-0.0556393536913893,-0.0213330480368031,-0.0573430413778744,0.0171956126910399,0.0010357212047151,0.0129873726185201,-0.0004304240370998,-0.0199004065969208,-0.0399523316561137,-0.0283035632549097,-0.0112445052498644,0.0306613394136536,0.0161369888211637,-0.0246294681778553
2022-07-01,0.0268690028805249,0.0,0.0,-0.0075769964568003,0.0053212561347544,0.0209860334329221,-0.0068858157138268,0.0020844750645891,0.0075538099589742,0.0034641301408095,0.0369277336360198,0.0134447402198503,-0.0178333100301246,0.0125175080330974,0.0024167561761545,0.0096439659158464,-0.0373678154621665,0.0362660037594675,-0.0062725983339658,-0.0175799393553437,0.0138895981208191,-0.0233169251267627,0.0014326647564468,0.0014495963276892,0.0186090619111543,0.0572013128170156,0.0122842820629667,0.0062965156156142,0.0349670593808391,0.0250507786052809,-0.0074360266165914,0.0113805450757904,0.0055304343884223,-0.0263768894223934,-0.0031350788971736,-0.0104752704059404,-0.0123539884493464,0.0127866820154076,0.0640400335811335,0.0134963330939741,-0.0023836684657688,0.0029563258748903,0.0087237109790765,-0.0342916440649985,-0.0004948014918264,0.0212225669991157,0.0019457863660763,-0.0598271856075097,-0.0151627148840998,0.0229834375947308,0.0601776587028053,0.0132089548233349,0.0186623237221008,0.0214811423741945,-0.0080718656424944,0.005005761864202,0.0140748925030085,-0.0125021598693487,0.0012534985210044,0.0032071762103711,0.0332605667280807,0.0069406783909293,0.0325367504220734,0.0196795130154407,0.0006836416971716,0.0257663212208665,-0.0099070117315663,0.0152927852367883,0.017090327142804,0.0282113665564089,0.0124691512364969,-0.0138159918707523,-0.0115604037364428,-0.0190695225692039,0.0107746974733498,0.0166175328925668,0.0018884070730924,-0.0068844005156853
2022-07-04,-0.0058146555327468,0.0,-0.0307617778854305,-0.0133027834884366,-0.02143563887909,-0.0098318162027519,-0.0033257860383335,-0.0106155453773059,-0.0104593830507819,-0.0249508266287425,0.015990010297826,-0.0168047348942187,-0.0060502135369483,0.0193869188428879,-0.027591749263327,-0.0124141315014719,-0.0291422391712675,-0.0256257238070477,-0.0063322947029852,-0.0156584518768733,-0.0231176026189876,-0.0099473265375724,-0.0271816881258941,-0.0172895599203877,-0.0074720704164046,-0.008224811514736,-0.0242704194476521,-0.0163624894691609,-0.0143584875274412,-0.0310435931307794,-0.0172280249570699,-0.0207774703501038,0.0103238022248017,-0.024576999821553,-0.0053853593370579,-0.0021057467743788,-0.0082531726665473,0.0,-0.0462959872997106,-0.0180439163487058,-0.0084139743655385,-0.0061346654006522,-0.0096299610661074,-0.0106723325274132,0.0,-0.0030326973577188,-0.0291301145114845,-0.0318196029000898,-0.0121629683801313,-0.0227274768100715,-0.0084523283772509,0.0121415025374256,0.0237853000595904,0.0213827696762849,0.0081375508596928,0.0312219573434369,-0.0099932684233536,-0.012129866904485,-0.0025038584591334,0.0,-0.0073430447083384,-0.014129637843171,-0.0202163249389404,-0.0232523272771879,0.0079248259457311,-0.0280178615199343,0.018625327341502,-0.0015856365720976,-0.0160383779392714,0.0149682290697366,-0.0067957524260744,-0.0222337760552063,-0.0046807808912511,-0.005724917704308,-0.0313801091904676,-0.0218710694962964,-0.0003777908270744,-0.0431418705484253
2022-07-05,0.0299720646903292,0.0,0.0079345245532924,-0.0117166790372177,0.0053105623920741,0.0171489927395438,-0.0054421995140299,0.0035139670318824,0.0023402076934329,-0.0078749882375083,0.001428582829871,0.0062954553428666,0.0004101428989942,-0.0744221980847794,-0.0269972451790633,-0.0212484059555158,0.0350002931347834,-0.0202053278514557,-0.0079506372648189,-0.0176173128160512,-0.0131470406269333,-0.018085086023769,-0.0014705882352941,-0.0014729649557088,0.0234255085881351,0.0203260295133946,-0.0142023229223084,-0.0012223149957392,-0.0102850754611515,0.0095432856169053,-0.0104167365363848,-0.0097270889977753,0.0762915118860367,-0.0045236828100053,-0.0176006827609847,-0.0148480662983425,0.008052692411216,-0.0027453791945719,0.0194178397184674,-0.0052459132738756,0.0012048192771085,0.0056574618682085,0.0070735473604002,-0.0035793631202172,-0.0193129993007468,0.0026048647451659,0.0300041385018623,0.11737118078514,-0.0123029866157533,-0.0162727874154661,0.0012248382347481,0.0031088733735986,-0.0427033127719531,-0.0380899340978322,-0.0161437312849889,-0.0710835695607269,0.0302824256783753,0.0208208345475011,0.0112823645817423,-0.011697553925111,-0.0132774380401597,0.0045447868081824,-0.0139441674696607,-0.0138146602849447,-0.0314562293193007,-0.008946976009824,-0.020195448010131,-0.0291820669557182,-0.0046560232652408,0.0368556160938808,0.0389078183994842,-0.0109539508667445,0.0047027936378467,-0.0049567022493616,0.0036628198695434,-0.0030106034473961,0.0200099412970515,0.0152943091783943
2022-07-06,0.0099327836285953,0.0,0.0446290212607698,-0.0118529048870767,0.0335964092930183,-0.0141956628831672,-0.0063923425760136,-0.0035016623059823,-0.0081521474779902,0.0,0.0128548430800616,0.0165417278908177,0.0073014550849883,-0.0559840327230612,-0.0458663646659115,-0.0029611831195641,0.091820550583437,0.0016401052142969,-0.0128066561983807,-0.010405712071733,0.0115458962436654,0.0054572386372495,-0.0014727540500736,-0.0014751377819662,0.0081773058931355,0.0226702259054145,0.0072034674317806,0.0063689875981418,-0.0051872898365613,0.0162052667116812,-0.0033382135643308,0.0008956363422798,0.0240563006571175,0.0136327185244586,0.0206717794250639,0.0193753164310472,0.0676262337515472,0.0440294581799052,0.0190479693035687,0.0079133397147392,-0.0012033694344164,-0.0066417189165075,-0.0092133808286685,-0.0090177133655395,0.0106070166582534,0.0333509639695668,0.0349338154869529,0.0504178937421444,0.0207702549435375,0.0126002932907407,0.0425697550848924,0.0341020557236773,-0.0150819720753654,-0.0128426685380937,0.0287812624057164,-0.013228552098069,-0.0141518741027507,0.0222768259441064,-0.0012345030468584,0.0,0.0253744946367229,-0.0100949630293114,0.0101758286891804,0.002660138949811,0.0081178745928338,0.0080209762357834,-0.0150433419282945,0.0087926419109065,0.007016704838836,0.0544930904681304,0.0386827992731464,0.006813294232649,0.0140296576306875,0.0094222002265136,-0.0042576946791315,0.0172532039470989,0.0029601288763594,0.0943744153935237
2022-07-07,0.0,0.0,0.1030083664629442,0.0119950814465756,0.0249820191062861,0.0225077762480239,0.0147026626471529,0.0126443588984306,0.0205478780270114,0.0103205230803886,0.0211580678411531,-0.0022000529188674,0.0237612248853285,0.00630693534494,0.041246290801187,0.01781986660557,0.0486640726329443,0.0271255561047949,0.0064863971575532,0.0274686006550204,-0.0043900423509968,0.0529192835543148,0.1032448377581121,0.013234298377003,0.0194687131050765,0.0443353592021193,0.0214760490534779,0.0189817590134453,0.01653390629913,0.0066445182724252,0.0105616441616822,0.0352359576933796,0.0154448751556126,0.0300880142405062,0.0576059050064183,0.0454067890504117,-0.0017477476417177,0.0195047670232835,0.0280366861228869,0.0139622953140483,0.0108950086058521,0.0180126238056033,0.0141716000324385,0.0363740906477338,-0.0055007149056263,0.0372974401952899,0.0581701319989647,0.0240011528938071,0.0113911942879778,0.0225717184761553,0.0641808204240794,0.0406819511998224,0.0296320833552914,0.0292719339559766,0.0320277831371793,0.0157984321434565,0.0027605816545546,0.0256404640798066,0.0006180144641683,0.0655999801700417,0.0498691791561827,0.0021097533389038,-0.0089587393273233,0.018543345422729,0.0446421809920485,0.0547232557373811,-0.01894666912229,-0.0068925162106809,0.0113570169743066,0.1168663152850981,0.0178274264159961,0.0042331330038738,0.0230800985751635,0.0290662920394866,0.012233593011288,0.0036024250962241,0.0188166322002931,0.1050720803588143
2022-07-08,0.0056226198174893,0.0,-0.015950293184141,-0.0169974786760366,0.0012465595781181,0.0070415511360237,0.0096597510373444,0.0034603425251729,0.000576634759543,-0.0047173686001618,-0.0151949452920326,-0.0092517568025457,-0.0102291945376985,0.0313500053498303,-0.0173838700484469,0.0,0.016870330975115,-0.0044576791192926,0.0048437083102437,0.009096902577254,0.0008818799605747,-0.0302846201995655,-0.0427807486631016,-0.0057915839779676,0.0063579196053225,0.0246213534283368,-0.0105023734177214,0.0093119807709276,-0.0179834171070155,0.019141914191419,0.0068845078384462,-0.0116336738887077,-0.0006079996810492,-0.0105684227369093,-0.0051057766519563,-0.0040565727442165,-0.0024965219646772,0.0165452179213321,-0.0045449545621562,-0.0038744582448586,0.0060102497744027,0.0020177265857941,0.0004331340916512,-0.001760903126206,-0.0095492214967353,0.0012146319773558,-0.0691588023073318,0.0234385994839756,-0.0233377913641574,-0.0197822419874251,0.019735816274252,0.0069960583538171,0.009059335356268,0.0112410964817613,0.0193805695768678,0.025446049277825,-0.0044047709175,-0.002001879097179,-0.0024836721552755,-0.0050477442166108,-0.0026788292170395,0.000700234947252,0.0,0.005666782126775,0.0057269201493348,-0.0065973631359327,0.0245019325987334,-0.0285767138491894,-0.0025496540541334,0.1629842550087947,-0.0299745111848944,0.0050564133303685,-0.0293211386090188,-0.0230631515486908,0.0012069207813572,0.0031683803660682,-0.0123127372192289,-0.0222971927782729
2022-07-11,-0.014674621746664,0.0,-0.002323356566899,-0.0386811939435116,-0.0432916351979315,-0.0585730132319151,-0.0164469358232508,-0.015202144813786,-0.020132165360381,-0.0078877557035902,-0.0077146970455682,-0.0329214435473078,-0.0373612501354824,-0.0161117922600522,-0.0095707656612528,-0.0019508778950527,-0.0373163374525641,-0.0278024521267274,0.0112338895810779,-0.018035783858303,-0.0114543381362081,-0.0505002562982932,-0.047486033519553,-0.0160705556460811,-0.0165941678749798,-0.0182407339983979,-0.0531091966659339,-0.0099380071527005,-0.0523046232457213,-0.0136010362694299,0.0012632212140959,-0.0174384707287934,-0.0079088044041967,-0.0075359412649383,-0.0188172577725618,-0.0192646411272567,-0.0205363078968752,-0.0254321521175454,-0.0502298134455558,0.0004321697843236,-0.0202755305825406,-0.0126118928437495,-0.0161522373346477,-0.0245994732136384,-0.0101420521174703,-0.0286500362864355,-0.005715161601121,0.0038169688433666,-0.0172931521856077,-0.0675476698814694,-0.040859345988335,-0.0375971343559522,-0.0006449088432219,-0.0048665124181443,0.0,0.007355547270208,-0.0082954851821895,-0.0120246698297397,-0.0198990883701322,0.0202817230697291,-0.0324064299163066,-0.0199841636666636,0.0022634676324129,-0.0023421139645101,-0.0451159885152748,-0.0284921175299848,-0.0258857636480243,0.0014693401604755,0.0007650124498421,0.0432529142688506,-0.0353132860242192,-0.006714379160414,-0.0255460660569873,-0.034085303292049,-0.0265532758122445,0.0080008795470332,-0.0253035750627501,-0.042251186619453
2022-07-12,-0.0219817075934335,0.0,0.0371232876712328,0.0151487197245585,0.0062171539672062,-0.0213457613567025,0.0033427208076013,-0.0028013138556534,0.0041170012547053,0.0027808808499514,-0.0176625506615571,0.0138023996596809,-0.0111466550100338,-0.064563130062467,0.0020497803806736,0.006833066025127,0.0344670743417394,0.021368902590622,0.0206427114262053,-0.0160719299744851,0.0089131232632517,-0.0034990902365384,0.0146627565982404,-0.0089014014532056,0.0474279161205766,0.0076024476172817,0.0037363843620705,-0.0057358642904602,0.0349539302398582,-0.0091923834537098,0.0113780109674812,0.0039931712394394,0.0392862528273436,0.010762412214238,0.007845601800231,0.0020765518015488,0.0092043140508333,-0.0041793228831784,0.0432694687855834,0.0038878478485491,-0.0024184632393587,-0.0005119101680221,-0.0022138122930897,0.0198191502539328,0.0056352819882299,0.0045664391810518,-0.0172220142268813,0.1140694985823815,0.008380694542595,-0.0099976313607832,0.028024186660897,0.0076440895879295,-0.0195627741724975,-0.0150055337731752,-0.0304438195378407,0.0145945377863276,0.0122684846330258,0.0192743948327296,-0.0050740952316945,-0.0059578368469294,-0.0018514061013167,-0.0082299500659993,0.0095838979223126,0.0070704559891734,-0.0619295343175799,0.0361636745916222,-0.0274402840433858,-0.0012582573136205,0.0015362055722365,-0.0646912183306519,-0.0145554734224849,0.016880048035019,-0.0071485819178365,0.0030215880425896,0.0086769183792909,-0.0048040693293143,0.0003766540023582,0.0070011485030128
2022-07-13,0.0565555081839581,0.0,-0.0290846651697266,0.0069957835165694,0.0219827468069944,-0.0246707874227357,-0.0109026094633649,-0.019001552963985,-0.022794720606037,0.0035731215927943,0.0035960251079609,0.0072597116337385,-0.0175346943149548,-0.0554824958412892,-0.0096434833430741,0.007732514726624,-0.0291660559871024,-0.0128768423743047,-0.0171182046664424,-0.0215890268187823,0.004417190666736,0.0091295798386774,-0.014450867052023,-0.0044906740188398,-0.0069043336424271,-0.0033492822966507,-0.0260573303329196,0.0007232339979192,-0.0053345227475468,-0.0159045725646123,-0.0172495726382903,-0.011931867727277,0.0094502964704061,-0.007520372713863,0.006054632497888,-0.0010454587883877,0.0002540908628927,-0.0193924011176792,-0.0184311678451098,0.0025818606841929,-0.0097665720024936,-0.0025526009268667,-0.0040032025620496,-0.0176606340337666,-0.0295595361661753,0.017372385123022,0.011675070028011,-0.0341312188869346,-0.00748191213195,0.0,0.0130928908482688,0.0113791511312129,0.0042524238816126,0.0007142359417462,0.0117906683480453,-0.0292240692118194,-0.027551870648753,-0.0099542656206012,-0.0159483923263983,0.0219917012448132,0.0226186827254206,-0.015511843470106,0.0005592293819116,-0.0065545895839619,-0.007087965881201,-0.0056608289368255,0.0127688821960958,-0.0281513691385593,-0.0020439091873166,-0.0549506634909832,-0.0033777947500978,-0.0033142541499605,0.0023956773647548,-0.0034229270285391,0.0270429357057566,-0.0092360574887288,0.0052670781017238,-0.0340749304752678
2022-07-14,0.0185357380960735,0.0,0.0253577841867553,0.0094905954807216,0.0095590244196785,0.0,-0.0012294322717552,-0.022243284665645,-0.0227270456838591,0.0430790668563974,-0.0028713108853875,-0.0486498695041156,-0.0544019197469424,0.017832602815027,-0.0256712894659191,0.0115262386590042,0.0257648953301128,0.0202145367116699,0.0079128578907099,0.0220653972722602,-0.0114341887417218,-0.0640148728451276,0.0,-0.0015106374050606,-0.059511086611693,-0.0218619594519738,-0.0038220686676744,0.0043235887054169,0.0008968448996431,-0.0033670033670032,0.0254403196830033,0.0044763898626685,-0.0239938673821387,0.010728498335093,-0.0447132526908593,-0.0340877235605225,-0.007599869699442,-0.020843030186066,0.0,-0.0077256355379233,-0.0024657246782316,-0.0143526800503546,-0.0111586462477519,-0.0197833720757703,-0.0131301797279473,0.0056900944348365,-0.0500819563194967,0.0282698598851922,0.0150766262567998,0.0260788946376768,-0.0301443253881479,-0.007918002287532,-0.0319164604689525,-0.0269039951257725,-0.0116532685237115,-0.0384451227998551,0.0039726376614546,0.0366871080064596,-0.0019426272832734,-0.0420670365859159,-0.011967205888835,-0.0146593281822817,-0.0094876130059943,-0.0030642667844522,-0.0179781048024908,0.0180315001831405,0.0117314453890986,-0.0272375705306029,0.0122812178261508,-0.1444744474447445,-0.0156735379043256,-0.0066601053003735,-0.0359272103807037,-0.0666208190788131,0.0077780870818253,0.0014832990582307,-0.0123475889022329,0.0187141124140719
2022-07-15,-0.0168462393096142,0.0,0.0202197102372234,0.0103228042380432,0.0360676858505226,-0.0243249200925824,0.0205466747605558,0.0088068474786018,0.0061128943225725,0.0420640895736983,-0.040257958947951,0.0227278722427684,-0.0004469885945813,-0.0127128731164304,0.0533010296789824,-0.0075857466100176,0.0125098116169541,0.0099100242312177,0.0078507361313651,0.0052483668645662,0.0044486313916365,0.028997206496224,-0.0454545454545455,0.0286194578693002,-0.0016387363787514,0.0161211160191792,0.0038367329243709,-0.0002398666846216,-0.0035752047454346,0.0108108108108109,0.0039689426959339,-0.0004490608770354,-0.0419612001256676,0.0206024861190348,0.0594058715186693,0.0492018961013833,0.0173578905525373,0.0152867792837183,-0.0046967309012501,-0.0103752023895115,0.0308714478551268,0.0197628790615993,0.0180566846246055,0.0183409859225995,-0.0154392404053299,0.013339191945493,-0.0101434067855893,-0.0446755507533465,-0.0148526976848992,0.0024580527946991,0.0155462611185641,0.0121820880752101,0.0198466430342771,0.0170931761464772,-0.0039092055485497,-0.0028899921357476,-0.007906783187682,0.0106611463319963,-0.0038928168587856,-0.0061338858932397,-0.0018335526756039,0.0096725209587562,0.0011285407967498,0.0207819898651455,-0.0112786867207218,-0.0121199037809166,-0.0289851652852168,-0.023554800838366,0.0007591718125681,-0.0789535209950434,0.0008619611005296,-0.0050309746431183,0.0409980733734827,0.0061816274539188,-0.0011861432471077,-0.0019028396995621,0.0056842070551768,0.0402892890032073
2022-07-18,-0.006859215263725,0.0,0.00660632542655,-0.0036317404312894,0.009140498304585,0.023937281836359,0.0141269775703249,0.0079939483153417,0.0127814354222546,-0.0229072736161658,-0.0232173302577474,-0.0004642645276108,0.017534116153602,0.0226185720609353,-0.0235767682576193,-0.0095792667924218,-0.0041184165899509,0.0063304393612118,-0.0093554269404583,0.0110282092582649,-0.0106294289287203,0.0122732950029418,-0.0107526881720428,-0.0146470011439777,-0.0065896674015143,-0.0290555101434196,0.0229324120060461,0.0019151846785225,0.0125446255946333,-0.0086898395721926,-0.0165566910102648,0.001782400625061,-0.0588325715808243,-0.0428138408849347,-0.0067961356856393,-0.0061222984436084,-0.0067755570816264,0.0188136280325912,-0.0094329312275197,0.0008741568520904,0.0095741786273042,0.0081573461433881,0.0133040094738623,0.0306205871423261,-0.0043221632427029,-0.0011991242110671,0.0245936395759718,-0.0035972918204809,0.0184280926476583,-0.0089939910835433,-0.0174951710663617,-0.0070540960686734,0.0333266202719535,0.0228915662650601,-0.0196860362071149,0.0671511796698087,0.0085385621658515,-0.0124689556289525,0.029330939722433,-0.0071904948055486,-0.0018391554633867,0.0106776021819448,-0.02307377973171,-0.0173477830374219,0.0436191893828208,-0.0141520723420638,0.0179088416009998,-0.004096889266863,-0.0032848291707348,0.0047721792105597,0.0055886615456561,0.0126361992787602,0.0107291693629798,0.005264507908139,-0.0231816628979518,-0.0057244324612545,-0.0161979826297948,-0.0006791871122336
2022-07-19,-0.0006880127017728,0.0,-0.0393778099323032,0.0075167425809394,-0.0166497284593641,-0.0058471790119369,0.0269642784407968,0.0339127436464312,0.0366365040829839,0.0052092309573976,0.0467768708181459,0.0518772740174953,-0.001325536062378,0.0357235865059086,0.0170789163722024,0.0038753912654643,-0.0331808893646006,-0.0015756271293262,-0.0078431372549019,0.0028688974887991,0.0161154413313671,0.0235555646197458,0.0170807453416148,0.0148647247849071,0.0049690040282701,0.0081509260676566,-0.0149455374482815,-0.0040625131285972,0.0769907103145703,-0.0236008091706001,-0.0007528846759776,0.0080040946647492,0.003331845254298,-0.0249224771132698,0.0260908771441263,0.0184614813715302,0.0229866216848513,0.0058060683502023,0.0285707280595295,-0.0026201801078759,0.0189836104232992,0.0273144099449951,0.0336981855336881,0.0035095310208888,0.0206329611894136,-0.0119788400623864,-0.0180024831011175,0.0072205580955384,-0.0098724684100541,0.0123713961585103,0.0089033511852303,0.0,0.0111740715342694,0.0202814818635923,0.0040033576548073,0.0122196729933892,-0.0067744277688094,-0.0194244231267824,0.0069695058962422,0.0155232072545044,0.0016589614140352,0.0364456736014087,0.0213109670347106,0.0035335689045936,0.0094775990082514,0.0248894330740243,0.0064522949640042,0.0500449980569019,-0.0050654761037711,0.0947881666371928,0.0547241919145409,-0.0008306282222647,0.033062295921634,0.0021832578487195,-0.0182609999000766,0.0127897034792243,0.0321586141674548,-0.040114547537228
2022-07-20,-0.012428061999082,0.0,0.054655979342622,0.0033926895811073,0.0052821535554821,0.0323264382102272,0.0002855669694203,-0.0160470819028936,-0.0127547564209263,0.0122172446214259,0.0051250194129521,-0.0013198113994415,-0.0172548407245471,0.039425086220078,0.0075275043427909,0.0048007918831973,-0.0042773752012883,0.0170078965233857,0.0,0.0040049666455665,0.0132165440033171,0.0062764007332429,0.0717557251908396,0.0043920575257394,0.0082447255358473,-0.0179920288479787,0.0208726212926451,0.0021597634384109,-0.0016410070340653,0.018646408839779,0.0010057089750399,0.0220565122565732,0.0344558151648994,-0.0078618606966013,-0.0075022293446374,0.0020221894299612,-0.0318537767730208,-0.0099682398172396,-0.0185188716574735,0.0004378439145613,-0.0151254669884616,-0.0167389315406341,-0.012701325046677,0.0121924928737395,0.0143610941279672,0.0153571583561169,0.0264802978155511,0.1003592223891811,0.0074757137925931,0.0187505433890087,-0.0110309763253969,-0.0012554216986102,0.0085235181999243,-0.0003454900903331,0.0039873946877613,-0.0044705049699652,0.0335069838746309,-0.028730222523056,0.0069146066068468,0.0336384251154373,-0.0079078063325033,-0.0070309722869819,0.0095893119421535,-0.0049378301056338,0.0130001320480654,0.0448108592438489,0.0556551380620151,-0.0206743575633914,0.0050912657889632,0.0,0.0490472136729749,0.0591096289642916,0.0274303704897305,-0.0216310221915603,0.05517434414202,-0.0130478003067131,-0.0359801088202527,0.0120448379834046
2022-07-21,0.0181795430982087,0.0,0.0021678143330783,0.0042812546454586,0.0045813347554961,0.0445901639344261,0.0069230220220299,0.0120521562294395,0.0134978826850691,0.01023937405406,0.0051070197124456,-0.0022058679033939,0.0099019912319346,-0.0376126155576186,-0.0008620689655171,0.0067152661478342,-0.0086420377015211,-0.0037182775298927,0.0031660885698152,0.013112746583896,-0.0017392193974116,0.0020790844108271,-0.0014245014245013,0.0073016454125736,0.0089986073583849,0.0210660585211239,0.0,-0.0004798484689045,-0.0139921366504773,-0.0149152542372882,0.0115556911364367,0.0073386074152583,0.0397180084345691,0.0,0.001256567682121,-0.0030180720701066,0.0114768206739246,-0.0201372121948886,0.0283036510106884,0.0078777412410397,0.0118162439785829,0.0095071647611881,0.0081467861092388,-0.0223636879969708,-0.0319909327358373,-0.0119406972084947,0.0,-0.0195448774711147,0.009896919326892,0.0343928388552789,-0.0022194793282678,-0.0066941399163972,-0.010957197562236,-0.005141994925441,0.0,0.0260570636645474,-0.0049444776365397,-0.0035661590561384,0.0,0.018505467524496,0.0157524309028809,0.0021246919893997,-0.0061479709597548,-0.000469970281291,-0.0078407602213401,-0.0098276949767368,-0.0135260924550467,0.0142238775170246,0.0045592926541493,0.0129918080073843,0.0189346650020807,-0.0031396890986025,0.0066714923392448,0.0175090294377509,-0.0023471914086364,0.0019182588890294,-0.0253942068549704,-0.0140003616039493
2022-07-22,-0.0034322934040273,0.0,-0.0150909784959918,0.0015717134637174,-0.005767711687971,-0.0263447665503792,-0.0068754233150094,-0.0077026880608336,-0.0127378062344646,0.0094162569702476,-0.0413362892002978,-0.0070704434783036,-0.0044554738678947,-0.0334984137336024,-0.0198446937014669,0.0133246350811382,-0.0347675367047308,-0.0009286306224762,0.0031560960900591,-0.0157554288312978,0.0252626184985906,-0.0034579513120455,-0.0356633380884451,0.0130234624237772,-0.006488220929821,0.0206692913385828,0.0037155212225534,0.0093362699559085,-0.0091812287432774,-0.012388162422574,0.0094372402218521,-0.0124284285036565,0.0086269524155466,0.0085873400501637,-0.0012549907013643,0.0020242176672258,0.0068097436751792,0.0205510531122381,-0.0825690890239323,-0.000868463055112,-0.0105170611946983,-0.0089287145536444,-0.010631807147586,-0.0140882573648665,0.0238369181206599,-0.0161187412133664,0.0079375940878609,-0.0498326097285847,0.0024427125741537,-0.0123665031855891,-0.0301771588755346,0.0101088801326014,0.0107636925763443,0.0106845391921777,-0.0119146755492921,-0.0074462580141557,0.0176677225891495,0.0250743104428028,0.0050014885382554,-0.0375884466864578,0.0111298407487911,-0.0272098428648972,0.0061860023223898,0.0276168217836842,0.0143667967364313,-0.0379090302734665,-0.0148308669451928,0.0278257160507142,0.0151347079635753,-0.0512779625495467,-0.0182029814171941,-0.0173498293978694,-0.0154716393226514,0.009332975827077,-0.0259120794121436,-0.0031926609212241,0.0201358428313047,-0.0134816232161363
2022-07-25,0.0117152747804485,0.0,0.0196889049661517,0.0049307677218779,0.0280601700626113,0.0009301047424772,0.015289331567553,0.0105915168600669,0.0134899486657,0.0125539826612515,0.0219348958113547,0.0062282124137793,0.0134334255235084,0.028203416039924,-0.0123239436619718,0.0159499130882636,0.0,0.0168014824837485,0.0015630636046652,0.0114357627489605,-0.0033986405437824,0.0090218706005986,-0.0281065088757396,-0.0014350919854099,-0.0008074187534879,-0.038721163118463,-0.0037017672278574,0.0284548435818055,-0.0067383621637159,0.0097560975609756,0.0334538086099232,0.0104160226013421,-0.0006102257835398,-0.0176859852476292,0.0201571686209658,0.0070431506724661,-0.0077653837630198,-0.0063597120682571,-0.0550016347314792,0.003042262785726,0.0082650170162115,0.0135137320868243,0.0146167370824257,-0.0017923347000907,-0.0253972870779237,0.0114696167818022,0.0019687712152069,-0.0244766456459666,0.0065173667517599,0.0007796836711961,-0.0103681512860721,-0.0075070132600972,0.0432193609142339,0.0467128317767977,0.0040194489465152,0.0414649017390074,-0.0027126552147405,0.0109858479251618,0.0198866441534846,0.0102859660922605,0.014977691399892,0.0177983804046126,0.0111698630520236,0.0052753404747807,0.0162939648863762,0.0075121840174663,0.0184626156803424,-0.0164137348759668,0.0091918394749153,-0.0585636420390424,-0.0015433061694809,0.0264796360086208,0.0078634725873989,0.0184953970962369,-0.0169319084171519,-0.008757259707483,0.0300266154571795,-0.0259012922360776
2022-07-26,0.0095335939472562,0.0,-0.0257449827691059,-0.0044600361508926,-0.0194206045511859,0.0,0.0034054784462895,-0.0020921735030645,-0.0069403497240292,0.0063764373442269,-0.0192425218439785,-0.0344965232432645,-0.001325536062378,-0.0105754276827372,0.0032679738562093,-0.0110894602601269,-0.036072673497412,-0.0354950503642075,-0.0078431372549019,-0.0050852042196376,-0.0289869608826479,-0.0123801289105486,-0.0258751902587518,-0.0100201600830356,-0.0195957267293319,-0.0146230419013813,-0.0371762038708592,-0.0011521391654292,-0.0161132438436855,-0.0055210489993098,-0.0128515721966132,0.0081574822422956,-0.0103901823787311,0.0093368918791354,-0.0102942771987823,0.0,-0.0093389756311105,-0.0069328409354805,0.0158740104283015,-0.0077992341292613,-0.0023444514648665,-0.0049312576302833,-0.0055090006207324,-0.0411501377410468,0.0016278470366402,-0.0267215804744465,-0.0235788332542855,-0.0645152454295016,0.0064751657219712,-0.0297347430903358,-0.0151239239428623,-0.0109199811895156,0.0144091436638453,0.0100917872074581,-0.0160780009039839,0.0055065098145687,-0.0125121551507239,-0.0256819883373929,0.0048731056205302,0.0020316571205565,-0.023111868011221,-0.0017852624476369,0.0,-0.0093708165997321,0.0083668410555091,-0.0009345890375787,-0.028164766315134,-0.0134383767255656,-0.0051697599122449,-0.0454499081820036,-0.0297889360141987,-0.0273578049152527,-0.0211599313993091,-0.0018438412892042,-0.0055364369914765,-0.0006441915396177,-0.0105729681993246,-0.0465262913368842
2022-07-27,0.0107975714088588,0.0,0.0352424053266748,0.0161259131929523,0.0327853683129015,0.0139808449752376,0.0065153932977852,0.0056006693242778,0.0058305348712706,0.0137236962488562,0.0271733638721412,0.0196969155620434,-0.0008872295724263,0.0243824079096006,0.0198400947586614,0.0523364785415632,0.05144923565832,0.018715583122383,0.0031660885698152,0.044315154151487,0.0359983472781737,0.022285009351745,0.065625,0.0476843357461138,0.0283144651038764,0.0380594385058146,0.0443892122877014,0.0196211425832812,0.0284458594317749,0.0340041637751562,0.0180831999083266,0.0272532870162856,0.0191475157792522,0.0257535178336096,-0.0012445510588355,0.0009939639281453,0.0152888375854098,0.0542415030200711,0.0208337244070204,0.0165885727099981,0.0046999216679721,-0.0009943466581131,0.003406933499779,0.0578457276248622,0.0547422024188415,0.0490822205350365,0.0201235167580322,0.0344843452617487,0.0152724218242907,0.0298430420402624,0.0590954387734272,0.0301588016555811,0.006510103037602,0.0109662686141112,0.012271951699698,-0.0021053164514236,0.0154251912654854,0.0283828025650043,0.0545774534803804,0.0253843157918853,0.0464058476323636,-0.0046471673402712,0.0160267273519585,0.0124594594594593,0.0050681867013815,0.05219062891918,0.012336533424097,0.0292189677504983,0.0009888171186296,0.0049965264789184,0.0422635610979422,0.0361715867158671,0.0102410976482492,0.0022733805429984,0.044529617314347,-0.0321177891010293,0.0255743801652892,0.0720376590153664
2022-07-28,0.0080116719565885,0.0,-0.0319071426776876,0.0017630390881888,0.0322621007980177,0.0349284040614426,0.0185611978159656,0.0041795544418776,0.0075289836839762,0.0024326735549193,-0.0249870883647721,0.0224649360790478,0.0132847410185914,0.0378242937452997,0.0142276422764229,-0.0053280560207032,0.0044293903074517,0.0071661583032043,0.0079002914865815,0.004900089092529,0.0355949947654419,0.0102183814083847,0.035190615835777,0.0151841730495361,0.038862302270209,0.0420580136547092,0.0314385320334842,-0.0031707462805474,-0.0108937043642114,0.0241610738255033,0.0227394947473735,0.0153400026362078,0.0448504818523776,0.0263999867378403,0.0049973205580986,0.0069869468667065,0.0160593580401897,0.0163008488560192,-0.0051014779049791,0.0072968972223026,0.0105170611946985,0.0059559643926441,0.0063695505676222,0.0105727726853872,-0.0118196176119363,0.0297413793103447,0.0433757340770468,0.007407736879774,0.0300853672295138,0.0101730155194179,0.0446429583612022,0.0144338912235528,0.021172216202562,0.029985019255355,-0.0040842787682333,0.0042237442922372,0.013563276073703,0.0187276362870973,0.0092030892169763,0.0029604307706057,0.0006955779004964,0.0251458430601341,-0.0027231632264038,0.0179920450601958,-0.0041246447523956,0.0416296223926531,-0.0068001423975528,0.0021325525914215,0.0034609945206842,0.0074974078111291,0.0091836482444358,-0.0093125951513965,0.0180150471444624,0.0024106147268103,-0.0017820402741102,-0.0004439980971511,0.0394457449766105,-0.0224016882431719
2022-07-29,-0.0112575438240097,0.0,-0.0153894064827549,0.0079210324255722,-0.006527604644446,-0.0150937320761932,-0.0066286009324079,0.0034603425251729,0.0022956047333642,0.0041550028200205,-0.0128053138268802,-0.0101093671976737,-0.0174784236467017,0.0688004679198688,0.0503864872602346,0.0035812672176309,0.0,0.0154581011792358,0.0141010810163948,0.0108231961819447,-0.0180041399894095,-0.0080920178024391,-0.0127478753541075,0.0122272563553296,-0.0155897203154251,0.0162890031130094,0.0197130077516241,0.006589436920827,-0.004243882940271,-0.0032765399737876,0.0199166648833888,0.0130669507762279,-0.0208879516698962,0.014431191401045,0.013677508881708,0.0138769363166952,0.0518633567521729,-0.0095235560287463,-0.0205131861052141,-0.0285554569449406,-0.0023146248173744,0.0014841649178523,-0.0033738756430645,-0.0052310793300378,0.0364027365398234,-0.0261848286126226,0.0018906467315715,-0.0514728607495355,-0.0015333503705596,-0.0155009556012938,-0.0213675677435457,-0.032523011790849,0.0642112252470412,0.0575997563204386,0.0,0.018074343526202,-0.0139170463745424,0.0150000774797391,-0.0005673074021547,-0.0078971697167489,0.001216943401568,-0.0087636572742956,0.0076388509639016,-0.0006686770683098,0.0151905447382376,-0.018712013206273,-0.0002854174894545,0.0285411304928033,-0.0032011784869473,-0.0321942208734661,-0.0003796801704886,-0.0062637609525948,-0.0475699151779823,-0.0132965208170777,-0.0124478634143174,-0.0062398866244327,0.0039383050558379,-0.0206899414670597
2022-08-01,-0.0200919418215438,0.0,0.0133895624670532,0.015060485401565,-0.0015153409441809,-0.0198408238743755,-0.0080563177888695,-0.0020690459075631,-0.0022903470019454,-0.0017210817050045,0.0045736381289818,-0.0119831257016532,-0.02713714856572,-0.0476167312217635,-0.0553284273644044,-0.0071217250739622,0.0044098573281452,0.0033508552741425,-0.0015537417641853,0.0042886189280162,0.0175008578851905,-0.0394304916185925,-0.0071736011477762,-0.0080530376807251,0.0237549129217042,-0.0101510186636272,-0.0246114760931266,0.0024811630104248,0.0238294528620965,-0.009861932938856,-0.0065851787020274,-0.0016084345601329,-0.0071014872376961,-0.0197904725512673,-0.032296908470967,-0.0312820512820513,-0.0079812947926276,0.0045576450733897,0.0052350234389952,0.0206208807180527,-0.0104317493747533,-0.0050514305746998,-0.0056077060735074,-0.0122780779621768,-0.0080240722166499,0.0019793888835821,0.0207578682515239,0.0542660917327151,-0.0061611027825515,0.024406178543096,0.0218341095586604,-0.007979605474841,-0.0124478535863274,-0.0137596843408888,-0.0080718656424944,-0.0350975137710287,0.005428255426559,0.0390833727729347,0.0,0.0358257550241383,-0.0078118900258074,-0.0222676010581519,-0.0016259391492272,0.0033587425707499,-0.0498899212657187,-0.0060599688399077,-0.0321451928280001,-0.0169803320999868,0.0096379293194832,-0.0102249488752556,-0.006448846232387,0.0165494040405866,-0.0476154485677575,-0.0239444101998441,0.0204190632703369,0.0002234922256634,-0.0057028127956137,0.0143362186633659
2022-08-02,0.0054688728530742,0.0,-0.0154234290470246,0.0077421817375293,0.0077179421033655,-0.0064417273835954,0.0134463494509728,0.0150584524933565,0.017212232979868,0.0107107830485726,0.0015260833071921,0.0094354733754467,0.026522514064414,0.0166636872079066,-0.0011540680900172,0.0134394151166541,-0.0087809917355371,-0.0182132220876919,0.0046487806799826,0.0149318906166704,-0.0204760069377529,0.0162780822194812,-0.0173410404624277,-0.0027187252199524,-0.0301614464884825,-0.0324205678097225,-0.0072034674317807,-0.0063043762350361,0.0074829818473038,0.0059760956175298,-0.0205714009854236,0.0064573808438412,-0.0280424055889394,0.0063104036384309,0.0308402645883816,0.0272357204140121,0.0089922030338911,0.0045316169900861,0.0364596881243213,0.0163389385211836,0.0093611785441123,0.0109149149149148,0.0106549548788648,-0.0142134954941752,0.0047649140546006,0.0090723724280381,0.0536124096897576,-0.003676632910681,0.0209157300270415,-0.0023050291545191,-0.0138905468317616,-0.0088970723991157,0.0005450705184983,0.0044534324282887,-0.0326814542590891,0.0008571734704809,0.0134973713869224,-0.0068810821664878,0.0102595998816432,-0.01056784556855,0.0047236123192488,0.0068684970000758,0.0065007769717777,0.0040143837855508,0.0293574738826485,-0.0235414042139882,0.0008952336525533,0.0082161173542498,0.0102813110254922,-0.0206611570247933,0.0080157519803016,0.0069745925556901,0.0292701637436183,0.0318753570501169,0.0100012078753473,-0.0067245488593803,0.0179327270326734,-0.0208368158871318
2022-08-03,-0.0054391269593021,0.0,0.0537049266939637,0.0032015518953389,0.0610251397108028,0.0333406770948079,0.006919099756691,0.0122938243191408,0.0158445384499168,-0.0235897959704808,-0.0242870082706194,0.0298170710541845,-0.028952576936543,-0.0060695311420641,-0.0014442518775273,0.0026522384892848,0.0577384054194891,-0.0086501651129489,-0.0123328496921689,0.0105103175445753,0.0585313068712802,-0.0139281308448406,0.0720588235294117,-0.009484684411798,0.0685836341896612,0.0361844551878021,0.0381028510524914,-0.0231019682701618,0.0387847874868549,-0.0039603960396039,0.0011675441217695,0.0028100016710492,0.0503342548378988,0.009402212950035,-0.0405784026582125,-0.0432178842428873,0.0096178329846003,0.0245744476874238,0.0653245399106341,-0.0067713635375797,0.0081212420723169,0.0073591153218524,0.0071612700004499,0.0198191502539328,-0.0051259795967143,0.0660952720859926,0.0736744448702175,0.0811803807029911,0.0197214314029334,0.02080232313916,0.081259835587494,0.019232705669117,-0.0054724982201999,0.001475472987215,0.0675712347354138,0.0158184348570817,0.0303708290883424,0.0161654617364803,0.0135445307830246,0.0660232675328087,0.0311698263380271,0.0157977361763916,0.0306961065228383,0.0091036961787918,-0.0125209052697177,0.0660731344606504,0.0152019327975874,-0.0110736042863754,0.0,0.0553867791842475,0.0287781225914582,0.0361863029189342,0.0,-0.0388610059208527,0.0361325711369959,0.006545119547519,-0.0091631824701681,0.0851123763348158
2022-08-04,0.0034158614785175,0.0,0.0806758924989972,0.0278674180291276,0.0305325847864765,0.0663065880179092,0.0189458581892321,0.0242985165116234,0.018385975349036,-0.0122550814390175,-0.0163283012319972,0.0609314509139236,0.0142162309328115,-0.0018322945065915,-0.0153312120335551,0.0290974500052905,0.0504483200315304,0.0445892167555934,0.0265221447997934,0.0509599221445633,0.0552948283072349,0.0586181847532183,0.0919067215363511,0.0438256149538427,0.1141758373075794,0.1055162760650323,0.0751855946927815,-0.0032472035702921,0.0548013997273879,0.0397614314115308,0.0258744830641983,0.0263987616261989,0.0724718133266972,0.027336254317513,0.031613381718009,0.0400438327668506,-0.0102225158518898,0.0548214378541354,0.0518884077435524,0.0051131456210053,0.0230236282231446,0.019973735324416,0.0242798695371888,0.0618486578403982,0.0,0.0363182536517643,0.0098053948455931,0.1399305452052346,0.0267880019437205,0.0264167822158609,0.1272531118642688,0.0503112033195021,0.0154185159133772,0.0097397413380169,0.0078800203355362,-0.0172540985334227,0.0082720469438664,0.0113658422952984,0.028950379203378,0.0291430744093801,0.0493064579368842,0.0137884624309649,0.0099294862570153,0.0314915914869451,-0.011501210653753,0.1273002734461605,-0.0014683990399707,-0.0031699354902762,0.0133285967533529,0.1250033316452998,0.0158277772933035,-0.0029755814746607,0.0568755702334906,-0.0057769324865525,0.0326179795166168,0.0147983780849907,0.0245404914258433,0.0420147574770692
2022-08-05,-0.0054502555351436,0.0,0.0078643344314017,-0.0039337540919728,-0.017341396594427,0.0142819057775067,0.0186009974877536,0.0092206386933884,0.0120299379335524,0.0095687952426091,0.0316198909841416,0.0166386783461172,0.0149238571314562,0.0281520304592626,0.0355464159811986,0.0025704297758586,0.0159928712128318,-0.0038831006106853,0.0045640023980351,-0.0148423688862698,-0.014970719034829,0.0266854735718506,-0.0263819095477386,0.0039367195224666,-0.0140696756076871,-0.0023049702951011,0.003250330542089,0.0055824308949077,0.0060229127622273,-0.0031867431485022,0.0147690018926158,-0.0070152652513659,-0.0087190104770913,-0.0665104948984753,0.0207014751004583,0.0148043645195277,0.0035230187174215,-0.0143852628673932,0.0179375406936741,0.0101685399695228,0.0134968933186385,0.0167145952030345,0.0188002018980912,-0.0183020292374916,0.0103111032437934,-0.0276107136409848,0.0194203653409725,-0.0538914130683489,-0.0007227858230723,-0.0051508654499817,0.0124417638773519,-0.0099800117577895,0.0173544701093619,0.0192987752285664,-0.0117906683480455,0.0308331117078319,0.0271827609634784,-0.0022457029338094,-0.0091990256483738,-0.0221270307242209,0.0001604206934868,0.0191768028895673,-0.0481100546646287,-0.0074698765030466,0.0083125952756315,0.0007457304880846,-0.007349411438578,0.0129287448778265,0.008128432673206,0.3155725082328413,-0.0196393661397504,-0.008944834486356,-0.0179463797191319,0.0129609108031467,-0.0092549814453271,0.004194916809556,0.000691448584785,0.0073907430754249
2022-08-08,0.0137003090229446,0.0,0.0097364483830129,0.0033263732813737,-0.0116855341530528,0.0314846800841095,0.0314880428377071,0.0026117077819727,0.0032468118111799,0.035462890112772,0.0390807349332693,0.0089287308701939,0.0,0.0202365341164447,0.0164539007092197,0.018811257453448,0.0157411254212251,0.0098929117797041,0.0,0.0080376836517253,-0.0136784229582941,-0.0084473571839668,0.0245161290322581,0.0405259990151196,-0.0006823710912003,-0.0046205909150071,0.024307652883788,-0.0120267641289041,0.0276957746478874,-0.0172634271099745,0.0418709820438925,-0.0011789053390643,0.0170422319652134,0.0123056400850389,0.0081189351680073,0.0126526589941224,0.0049099429795267,0.0094151412271183,0.0220262518627389,-0.002517963171953,0.0133171531236211,0.0107981042654028,0.0124347070840522,0.0203211297802428,0.0086727989487516,0.0010894736327839,0.0079376665085215,0.034808235127469,0.0224828429473102,0.0539567399931666,-0.0193161752902776,0.0145176078250666,0.0482408305665857,0.0504678696593401,-0.0079116952721239,0.0240976389224096,0.0698931105273339,-0.0004520752176212,0.0049169896453982,0.0171954295283509,0.0201139195443216,0.005816826124062,-0.0179358771977573,0.0197922444657354,-0.0117781596867772,0.0118736642127761,0.0198445673496077,0.0165305702004927,0.010200498433446,-0.1216301392065406,0.0467365605521457,0.0150397349279076,0.003429533608191,0.0085293567105508,-0.0043999518637745,0.0059423415332078,0.0312176107430939,0.0306874896958977
2022-08-09,-0.0040588621368612,0.0,-0.0057900975654235,0.0008269737479296,-0.0244763427308281,-0.0160626854261844,0.0166811259936379,0.0156202871792998,0.0145453891655731,0.0101767378717498,-0.0597281419191336,-0.0209162994035292,0.0071341768532418,0.005249945690217,0.0220485626569912,0.0218000891560372,-0.0116342483184876,-0.0092012836912855,0.0090865338338628,-0.0034914277237374,-0.0046227056424201,0.0117959856201319,-0.1095717884130982,-0.0062750872026783,0.000682837039456,-0.0504086302713305,-0.0253212058397812,0.0037446394806115,-0.0036400315761776,-0.0117111255692907,-0.0103151569827314,0.0043248831549247,-0.0508099495441267,0.0083181657209214,0.0160946214021033,0.009609870536102,-0.0207165515441973,-0.0107241925896571,-0.0344833708393808,0.0071522380592305,0.0186167317293186,0.0278846803051784,0.0261467917620688,-0.0199164059109701,0.0005024938584086,-0.0232737459067196,0.0,-0.0581033527200367,-0.0191504412854544,-0.0182285172809336,-0.0241706678306417,-0.0015873833460542,0.0132210502112493,0.0163791367389407,0.0,0.016224782105199,0.0144640149305959,0.0008997478781347,-0.0217361271010823,-0.0186815503377937,-0.0252377181359906,0.0068013843920955,-0.01992628107419,-0.0175043884589709,0.0185937040305972,-0.0660278872532754,-0.0180058037995185,0.0100873081856893,0.0119739057949248,0.0076883649410557,-0.0042512738611301,0.0118501139107076,0.0204821952964984,0.020704830370934,-0.0049708773069629,0.0126865477951672,-0.0050436080916225,-0.0258912147276733
2022-08-10,0.0284931411823872,0.0,0.0563121933324162,-0.0072405869887793,0.047271870700718,0.0097949443658258,0.0085748775513037,0.0160280062636115,0.0159318069043736,-0.011413097984154,0.006274338219208,0.0710763821411946,0.0128328885355744,-0.0017408425678028,0.0062807209175315,0.0032931308667689,0.0353135920544418,0.0122766087567101,-0.0329854818093365,0.0505026875574861,0.0386900696626144,0.0187830785743365,-0.0056577086280056,0.0063147125747446,0.0264937993235625,0.0595910217570918,0.0454678791434439,0.0016334504383228,0.0372815704916589,0.0296247531270572,-0.0184603918533488,-0.0035213532976766,0.0808635643010351,0.0437797616616706,0.0051448287717488,0.011411752556026,0.0221055524705382,0.0193275417469895,0.0892850575558088,-0.0012531964978239,0.0053745381256298,0.0167279733753722,0.0185334550057403,0.0796532357670527,-0.0030320504473669,0.0413260717497752,0.0236254684360122,0.0681814153802526,0.0187945393663604,0.0307078814355743,0.042204827136334,0.0350295469468155,-0.0035174311406122,-0.0032230367875305,0.0439899672004631,-0.0099800878055801,-0.0050592158215475,0.0085567461290338,0.022219083933531,0.0217582552477597,0.033171439868282,0.0192549944998403,0.0225865286732269,0.0126575907798385,0.0301863298223994,0.0848366692660946,0.0112389353446664,-0.00101917740755,0.0011605454563645,0.0400813835198372,0.0750891691043373,0.0270940099134671,0.0155974173578699,0.0007152223149362,0.0294124346116175,0.0021579894304648,0.0371861503550252,0.0704379888935331
2022-08-11,-0.0019728189390618,0.0,-0.0533101801606252,-0.0212603227289995,-0.0281252457957711,-0.0177877921887594,0.0442845547469354,0.0050487603964606,0.0083642960559595,0.0285222984214583,0.0732659663280923,-0.000383972725278,0.0187811851768795,0.0075588107952084,-0.0366350067842605,-0.0024547278057538,-0.0113696926629951,-0.0233715960707971,-0.0062144886363636,-0.0333168006154219,-0.0178737767257345,0.0292445461646049,-0.0128022759601706,-0.0012620287111532,-0.0423518984171026,-0.0431463010494168,-0.0279531425364758,-0.0037245855425439,0.007751280092789,-0.0095907928388746,-0.0121665230787203,-0.0502565338659136,-0.0405691063925246,-0.0237027646704384,0.0078854141216713,0.0084579908442674,-0.0323232101502564,-0.0231266118138278,-0.0573770837729478,-0.0154698318496536,-0.0032044467393614,0.004888448617452,0.0015144246053535,-0.0062811629864665,0.002027514491131,-0.0260974708628624,0.0153867921191326,-0.0759880537580887,-0.023420052419117,-0.019402004271398,-0.1100331726857356,-0.0223074099751233,-0.0188846821714252,-0.0231709094764183,-0.0191585042814019,0.0225805930485212,-0.0147925574945105,-0.0089274223914815,0.0010879576329725,0.0026631158455392,-0.0147213940010128,0.0009965664152766,-0.0176701163490055,-0.0273470503454104,0.0006853497152683,-0.0043450132187442,0.0064330199211761,0.0087711289947094,-0.0231740099331462,-0.0403560250391236,-0.0132421632181867,-0.0306490532084577,0.0263464926901282,0.0348310636880304,-0.0253342872104258,-0.0064651424479564,-0.0179264591714306,-0.0409725757079204
2022-08-12,0.005288144756627,0.0,0.0504883752923372,-0.0012768717663224,0.0688352347349514,0.0781934834101123,0.0565421299467776,0.0182076161771056,0.0124466971707333,0.0095725635828314,0.0217798196358687,0.0034528608513961,0.0077179176755448,0.0040405125542366,0.0140845070422535,0.0188705776477866,0.0344564240790656,0.0369617265989254,0.007801798582574,0.0359414675008507,-0.0166927025217584,0.0308843513403809,0.0302593659942362,0.028940486846031,0.0082896550336517,0.0144986587891753,0.0431354861988091,0.0023360546176152,0.0272717064817673,0.0006455777921239,0.0246356973708719,0.0115747874481082,0.0373384652739683,0.0074702233051731,0.020325917666095,0.0167909818083633,0.0216268175940839,-0.0018957393634942,0.0043473491691456,0.0212299354720186,0.0128742286889615,0.0088506954117821,0.0121143912503969,0.0505452017898258,0.026825725883536,0.0165195199337839,0.0605970877168535,0.1776326894139364,0.0675871591301346,0.0261522223525272,0.0267047110003715,0.0157346384509144,0.0799695928694117,0.0715618110903848,-0.0116819495038311,0.0201111405133633,0.0070381231671554,0.0081084980522292,0.0521192117716737,0.0044234091204105,0.0092195018261223,0.0099340051648131,0.0123720046447799,-0.044249709387734,0.0374567280153415,0.054549684333812,0.0395241993417645,0.0145615801441225,0.0120988917306052,-0.0019161383696516,0.0244891053539095,0.0411702163567015,0.0171211822431531,0.0121645007286994,0.0597342454143714,-0.0019511341288881,0.0255551563061444,0.0064709859892246
2022-08-15,0.0138062586131559,0.0,0.0258643268727083,0.0379536772339306,-0.0037885933054015,0.0076285039656112,-0.0251745635910223,-0.0123339247846973,-0.0051259269384545,0.0055591378939756,0.0021331430157407,0.0103271454592108,-0.0195702330407242,-0.0350591452178565,-0.0486111111111111,-0.0088603052803002,0.0148521301081339,0.0172338556885534,-0.0015364614111805,0.0019002375296912,0.0439721301802005,-0.0455378083645763,0.0951048951048951,0.0525687384867299,0.0616911948116736,0.0627217350558939,0.0045831099427544,0.0097943072384321,0.0177007473800707,0.0064516129032257,0.020984932858602,0.0232923846133168,0.0587684545430902,0.0333747036453608,-0.0141775309595225,-0.0110036014804242,-0.0171722302250124,-0.0037936419970778,-0.0995673697372789,0.0062399514295672,0.0010679903730446,0.0087730478375394,0.0085992564038228,0.0090354595265171,-0.0251396310355667,0.0339464437174359,0.014287825787062,0.1284913986331739,-0.0081641231246766,0.0509632653061224,0.0847726316407513,0.0120094359854172,-0.003438844977943,0.0003165057762304,-0.0040035587188613,-0.0208722922353213,0.0200349446709375,-0.0035779711472406,0.0144447541440539,0.0176256561157943,0.0114980823764363,-0.0087471965493342,0.0160997685136909,0.0175623838864458,-0.0356662745757015,0.0620659226971558,-0.0139787987682971,-0.0259131485813554,0.016876798361175,0.2337070849416906,-0.0104778636683064,-0.0148313841814777,-0.0241888578434167,-0.0214883806997794,-0.0010425146023449,-0.019998246220347,-0.0181211722001877,0.022510059453719
2022-08-16,0.0051886909744958,0.0,-0.0432331226995169,-0.0049319455564451,-0.0174482021084521,-0.0060600338194523,0.0048860976452078,0.0174743668390151,0.0144093703843644,-0.0084529211157855,0.0191495086014528,-0.004921349998751,0.0221331049703754,-0.0062526180913191,0.0014598540145984,0.0032444023615907,-0.0255466643844408,0.0005755895720545,0.0061947601010099,-0.0037932669511616,-0.011087077033446,0.0043943823650745,-0.0038314176245211,0.0778155890455356,-0.0071047289677467,-0.0381078357268833,-0.0228626519298971,-0.0050792360828931,0.0153790385919216,0.0006410256410256,0.0044933659267214,-0.0027932838598102,-0.0015065913370997,-0.0017938393551416,-0.0235814385038981,-0.0220674609833865,0.003829383457967,-0.0047588463464096,0.0384623001138668,-0.0008268341191982,0.0042223257351505,0.0113008626559132,0.0100128906780043,-0.0104299004139175,0.0262901715681715,-0.0199082168856553,-0.0042259678437848,0.0272289736168649,-0.0185327052533782,-0.0098335443480421,-0.0150919227091489,-0.0072725469243845,0.011505965956575,0.0091441227653852,-0.0079116952721239,-0.0398744137860131,-0.0155304327966198,0.0103128321507568,0.0025428842341177,-0.0043374200166071,-0.0189980047930398,0.0060450512656826,0.0016419350204215,-0.003809123507546,0.0149733951520054,-0.0162302314920926,0.0,0.0212820025595177,-0.0124251591248711,-0.0807370128795152,-0.0208473890163271,-0.0157703793282163,-0.0032373428077228,0.0241566924852849,-0.0209006433166547,0.0042160113690195,0.0082393662574935,-0.1176109026938809
2022-08-17,0.0032241306803657,0.0,-0.0452089217016167,0.0239476335836286,0.0100169776982801,-0.0190509089338917,-0.009024604457569,0.0036863501688142,0.0015237450266654,-0.0088581423378047,0.0076556361321178,0.0026611324038896,-0.0123152373816497,0.0080896619699102,0.0046647230320699,0.0566836458521282,-0.0075092218513964,0.0212411472607385,0.0261950511744637,0.0128560867671927,0.027654733509931,0.0168756027000964,0.0012820512820512,-0.0161624969930238,-0.0052057698860411,0.020201689476786,0.004686564008598,0.0082172758831937,-0.0052690731191326,0.0044843049327354,0.0119371492073316,0.0140143216532684,0.0312187361619078,-0.0233695316838403,0.0114646065751802,0.0117717717717718,-0.0021437011196758,0.0133945811906746,-0.0046291219923817,0.0256418858471998,0.0010623653339716,0.0030122781568189,0.004041580134682,0.0165655478019588,0.0211821142239165,-0.0146114921418392,-0.0099024390243902,-0.0313267021464105,-0.0034958647490616,0.0284600359280498,-0.0054130297396067,-0.0019302388954491,0.0332777194394544,0.0234276039380447,0.0,0.0008236893043944,-0.0092796659320264,0.0403942754241304,0.0086249516357852,-0.0026000529822117,0.0111128263512338,0.0056763488342981,0.0125470428730474,0.0422979048824545,0.0169905144980411,0.0363014197306152,0.010490114582824,0.0218382997419843,0.0154567750463836,-0.0202776927371284,0.0162213913478659,-0.0021815446339016,0.0129797038235603,-0.0245890130350234,-0.0096075224856908,0.00088578601716,-0.005230951091669,-0.055590251088906
2022-08-18,0.0289403603366649,0.0,-0.0335149990683807,-0.0036291453495682,0.0070999556588688,-0.0015582494783825,-0.0231266216250931,0.0042735042735042,0.006077254669935,-0.0176126308712889,0.0174757281553399,-0.0056878880950792,-0.0060137101557219,0.0442929000996177,-0.004062681369704,-0.014553478780555,-0.0264147604088313,0.0202360518442545,-0.0059994650158583,-0.0009398449255871,-0.0065458045884807,-0.0276592381855539,-0.0384122919334186,-0.0109571037792074,-0.0182965119598104,-0.0243589332135176,0.0,-0.0091265565376607,0.011923197065059,0.0012755102040815,-0.005054380463068,-0.005130780787932,-0.0204925528615619,-0.0030641416454756,-0.0198326033113309,-0.0174522141754719,-0.0186383909692188,-0.0037757230534719,0.0046506504205223,-0.0225803286195578,0.0,-0.0021451654199334,-0.0029269924455718,-0.008901472715051,0.0004851410754749,0.0,-0.0100014780509435,0.002487677036514,-0.0035081286924929,-0.0218755958964188,-0.041707339534027,0.0077267866487678,0.0132115184218399,0.020146318150068,-0.0039873946877612,0.0123245956956503,-0.039345509893455,-0.0046960973654484,0.0040278539956204,-0.0392401825765326,0.004708114101632,0.0106190284061156,0.0032311158479825,0.0028083136203209,-0.0298983492300829,0.0210206834532373,-0.0474187294141936,-0.0070573162893039,-0.0033304258187296,0.0620737826958071,0.0335878952251802,0.00218631417586,-0.0192142972891636,-0.0074735320622412,-0.0102314610054549,-0.0116987850858819,0.0134734640001992,-0.0528346036133035
2022-08-19,-0.0212565403203258,0.0,-0.059185001325397,-0.0252927116320265,-0.0063788001291504,-0.0264610446866293,-0.0184146686214309,-0.013389729129283,-0.0125851683203254,-0.0059274913829974,0.0254983036471585,-0.0141184963213845,-0.0142787761049052,-0.0085382010893568,-0.0177738927738927,-0.0031189603465512,0.0038629340119977,-0.0030314552547828,-0.0090727356604644,-0.0197653181215441,-0.017570491909176,-0.0284460338101431,-0.0559254327563248,0.014400494437577,-0.0592562440031401,-0.0663157894736842,-0.0419297138047137,-0.0125220249459341,-0.0458107016426173,-0.0178343949044585,-0.0040238075278732,-0.0091307110465064,-0.0268883548743262,0.0036914399784535,-0.0202276702080649,-0.0217323758889732,0.0170445894273558,-0.0170626991277386,0.0185188716574737,0.008249113178502,-0.0042748456720924,-0.0119069909362625,-0.0119995526727801,-0.0388646826701742,-0.0024127021672923,-0.0188082144573283,-0.0144321688066089,-0.0620348873435177,-0.0119746458615557,-0.0486910953936852,-0.0728418908140418,-0.0084306828085416,-0.0407470202182203,-0.0505663867767006,-0.0200813585587912,-0.0271905042580435,0.0107252329386526,-0.0227171838746435,-0.0315629162266714,-0.0381090849519284,-0.0195305970489461,-0.0144488048519444,-0.0118137502101194,0.0023589368385199,-0.0219759731018065,-0.0486623362325223,-0.0170818601752889,-0.0132317916495442,-0.009543983875673,-0.0665628245067496,-0.0090079825433653,-0.0116516215312604,-0.0152359147449665,-0.0112231862405207,0.0168687440419448,-0.0093733772771107,-0.032100204312324,-0.0175258008789753
2022-08-22,-0.0153194476184257,0.0,-0.0455674803411798,-0.0122488000159335,-0.0045049702376556,-0.0167827480957513,0.01023401604758,-0.0111031239444669,-0.0137665807318919,0.002105721386739,-0.0235202894804857,-0.0170281603201295,-0.0153584098203727,-0.0172264291017073,-0.0269949569860576,-0.0015509887553314,-0.0115894789261622,0.0016561740811369,0.0061103351955307,-0.0177646188008883,-0.0029807892516247,-0.0331827561206847,-0.0183356840620592,-0.0174709072077011,-0.0042445783753155,-0.0075042277339346,-0.0145882525213698,-0.012200574631747,-0.0466403270880081,-0.0317769130998702,-0.0112644839098841,-0.0108180045327571,-0.0404291530401121,-0.0171659931809572,-0.0248632647486676,-0.0181567942406436,0.0160386418846392,-0.0004813379145778,-0.0318170222824472,-0.0065497231303693,-0.0085113409490068,-0.0110117627242357,-0.0112624084575593,0.0031219929434405,-0.0207828236423883,-0.0206379358106771,-0.0263414798357234,0.0105824995956469,0.0128307124600097,-0.0069102325543267,-0.0163244576652397,-0.0042534587815251,0.0158595358909576,0.0214265380357425,0.0040853979968371,-0.0229487372344514,0.0081997359202699,-0.005263429002243,-0.0046575087259795,-0.0075469689712065,-0.0122710558842561,-0.0136651583710407,-0.0097844428719175,-0.0045054115278126,0.0125121531197773,-0.0229501793773868,-0.0278700385887541,-0.024814556918096,-0.0009639296197498,0.0,-0.0227264017169356,0.0007357542749859,-0.0220989178241434,-0.0146357929931442,-0.0305118759017702,-0.0009039511759388,-0.0301508084464335,-0.0154150305658555
2022-08-23,0.0012930284217593,0.0,0.0341098169717137,0.0006301165463564,0.0043001006234335,0.0105657805044308,0.0205192463237731,0.0056138937301302,0.0072381872611355,-0.0021012966414611,0.0110111169931179,0.0188995474329269,0.0539280863535633,0.0607646495381462,0.0091463414634147,0.0046869768998996,0.0078321806439793,-0.0080011683583522,0.0075577920450382,0.0083101629290855,-0.0014838589124961,0.0928703276419011,0.0316091954022987,0.0233315246880085,0.0198959163192036,0.0227183983529162,0.0098632885058325,-0.002179388849073,0.0079130145986454,0.013395847287341,-0.0118212902401998,0.0020247499034247,-0.0026691474377923,0.0056131503505207,0.0596324597575355,0.0524225433110487,0.0011787666320079,-0.0135095673557211,-0.0046967309012501,-0.0082355627077683,0.0,0.0,0.0026616448392708,-0.0124064718296347,0.0172769702949917,0.0161834528740278,0.0150396736217954,0.0863885268765576,-0.0161861786579761,0.0271564176640528,0.0300823973194528,-0.025620620895304,0.0376348018725967,0.0317845685052831,0.0081375508596928,0.0721611126317229,0.0076606127294147,0.0066140990937977,0.0166307920132562,-0.0076043588313526,0.0208124117370154,0.0050681801301124,-0.007682264825122,0.0179009380293797,0.0427900788271327,0.041611453698837,0.0015417276564677,0.0160073470324877,-0.002894579029713,0.0487076797567398,0.0126238859180034,0.0103098881968681,0.0971825635118075,0.064110929853181,0.0165670728482825,-0.0049628455789451,-0.0051832266895037,0.0115387106624349
2022-08-24,0.0233189573106629,0.0,0.0769210806321853,-0.0027304648339303,0.0246707477913308,0.0024155690260243,-0.0166180511794398,-0.0037187995331905,-0.0056444429217487,0.0,0.0565055428391902,0.0088876987618427,-0.0245262286853777,0.0140460720277788,-0.0030211480362538,-0.0007864045318227,-0.0038629340119978,-0.004726901802427,-0.0014925658738208,0.0111486799921656,0.0112170313944783,-0.0178577712094021,0.1128133704735376,0.0054385699136494,0.0174281772439539,0.053486515566971,0.0048926738646606,0.0024277655736122,0.0228435122705978,0.0237937871777924,-0.0176310628314797,-0.0044489938804177,-0.0048120929989277,0.0235730028428147,-0.0081519233251977,-0.0068475606632399,0.0360072419902144,0.0009815224503784,-0.0518859790794877,-0.0033238259932176,-0.003224829674489,0.0066848809566051,0.0041616952771323,0.0439465561527336,-0.0111577256092118,0.0085145936058532,0.0059097024711753,0.0843358597085679,0.0,0.0094905175184827,0.0322214379967473,0.0023891105374325,0.0067171882474381,0.0059786066725091,0.024345788308814,0.0346474030403236,0.0208902077151336,-0.0122620773511668,0.0224939351932074,-0.0124504198774413,0.0093265264165118,0.0043731715057011,-0.0099576212503116,0.011239722794903,0.0333545987457417,0.0496147941778486,-0.0012314835129836,-0.0323170373450359,-0.0101604367912641,0.0547196831739185,0.0141071183385497,0.0342609553921693,-0.0360553563649765,-0.032189943277633,0.0119497042299574,-0.016098051769871,-0.0003458451591075,0.0260524341828425
2022-08-25,0.0012619317262578,0.0,0.0346772055811261,-0.0145307866780494,-0.0006606067358293,0.0248795125943439,0.0237562016502501,0.0068447047510815,0.0072269645887348,-0.0122800002024732,0.0347918436703482,-0.0088094034378159,0.0190727169060895,0.0035309980617432,0.0051515151515151,-0.0171144252060935,0.0389160089420137,-0.0053093418001045,-0.010540234951419,-0.0043124321403629,-0.0081425601166954,0.0006269817100477,0.0287859824780976,-0.0151275444861305,-0.0054838774004428,-0.0156167633104903,0.003239800120806,-0.016710174015428,0.0279079213675932,-0.0071013557133634,-0.0277133895922061,-0.0073042084881935,-0.0075245928923695,0.0151505695116243,0.0143862150184397,0.0147524071526823,-0.0027258911412558,0.021982183899101,0.0248754434724693,-0.0174970143536358,0.0096905995109133,0.0088469374087989,0.012444712276433,-0.0150315310658534,-0.0142324125895166,0.013588175281054,-0.0235507246376811,0.0399994177315305,0.0021489302064841,-0.0087326163619139,0.00097115279801,0.0135138299018071,-0.0101436009783473,-0.0106987290411123,-0.0040035587188613,0.015783609565777,0.0274444831996278,0.0031012082875647,0.0145001218052598,-0.0009740082079342,-0.0032895175183941,0.0117120041550347,-0.0145271168184424,0.0154993060928729,0.0169893299785668,0.0049090970646985,0.0040072562872468,-0.0123160704402632,-0.0134419095658195,-0.0408844039157838,0.0006491973559961,-0.0098666386303164,-0.0074738415545591,0.0194261071356443,0.0021443468554473,-0.0126702721620395,0.0055579998721433,0.0317475883957705
2022-08-26,-0.0094767967942087,0.0,0.0374743804732626,-0.0094037138133866,-0.0044003981999681,-0.0266267989281848,-0.0050204237031109,-0.0049401795481774,-0.003591831149728,0.0088812131337407,-0.0024905236941854,-0.0204786860997411,-0.0178628693854436,0.0035185739838263,-0.0195960205004521,-0.0245511176255037,-0.0112418759880555,-0.008423445433494,-0.0061009858418392,-0.022147022234054,-0.0171541458596279,-0.0595259407784023,-0.0255474452554745,0.0098676661822074,-0.0185875842155919,-0.007128991231006,-0.019394271118409,-0.0027059390034472,-0.0142530113915081,-0.0071521456436931,-0.0072453311206512,-0.0188141186598751,-0.0243601059135039,-0.0214952121854874,-0.0247225888448942,-0.0251957030058626,-0.014577823647036,-0.0310735897331762,-0.0436895145165159,-0.002545725589129,-0.0031891688604739,-0.0026343004080718,-0.0059577622173432,-0.0274780637306351,-0.0209029028417936,0.0072500413315568,-0.0120680387703083,-0.0213661854862038,-0.0107131354567491,-0.0264206096816678,-0.0048708530922986,-0.0176488253366906,0.0099797373434191,0.0108144296941441,0.0396860843488802,0.0064407898981695,-0.002263198691871,-0.0190075662102395,-0.0128103401474181,-0.0184475165961921,-0.0329922819375183,-0.0052919559702417,-0.0051030185170728,-0.0163028360645824,0.0096040959149661,-0.0262650764773262,-0.0021491412257516,-0.0416293294431689,-0.0032204678624143,-0.0278588531380534,-0.0465592311828889,-0.0014212318976712,-0.0667437190622957,-0.0150139942857476,-0.0139230859420799,-0.0142341264566439,-0.0048354344224591,-0.0184572312424931
2022-08-29,-0.0038335114148919,0.0,-0.0057020990010102,0.0066882969034607,0.0143648330338463,-0.0072375917232577,0.0206759237040254,0.0031062132991299,0.0036047789068935,-0.0063394018205461,0.0006241854722546,0.0173572690072942,-0.0095315506832566,0.0194167986968067,0.0092250922509224,-0.0056766007179229,-0.0189642920589803,0.0,-0.0045794683919244,0.0177220491610166,0.0235282294086118,-0.0339786419964595,0.0262172284644195,-0.0086805029540978,0.0210440290121565,0.0271700657340299,0.0033118127523397,-0.0037045899313774,-0.0096417019158995,0.0229207596594629,0.0218885705806466,0.0016679766757452,0.011100054278994,0.0048851364618103,-0.0041601403420837,0.0019989223201404,0.0064721476729723,-0.006905476703185,-0.0558366613001024,0.0199809158111354,-0.0064289271539168,-0.0048341331838722,-0.003372385977201,-0.009432536855965,-0.0076255915600974,-0.0097130029689348,0.0045807957596923,-0.0131010300136588,0.0151556690255478,-0.0048666215748058,0.02350846125531,-0.0087807172251616,0.0216184034101141,0.0249716570201083,0.0152807609696226,0.0252249466388108,0.0163319931269529,-0.0031563348024403,0.0029929670562105,-0.0019754023347692,-0.0032490425693704,-0.0023310424318536,0.0108290887300432,0.0088151763649999,0.0033070508820691,0.0131753764393267,0.0116883576177677,-0.0013248137366161,0.0119293764346488,0.04046887079086,0.0016956861888905,0.0071244529876077,-0.051902075332441,-0.0193463913094061,0.0287892749918254,0.0011798945960825,-0.0152719948291671,0.0
2022-08-30,-0.0140911956637436,0.0,-0.0344087963694655,-0.0132877215798251,0.0041390685472348,-0.0121567151160122,-0.0028276050502933,-0.000617579263254,-0.0030787124140525,0.0003527318828726,-0.019337679341381,-0.0007762816110828,-0.0362906902525759,-0.0158729290082497,-0.0249847653869591,-0.0285730277334677,-0.0231336864502693,-0.0070863105121639,-0.0153873260116287,-0.0251556150007716,-0.0088916527564123,-0.031725388192638,-0.0815085158150852,-0.0076715008328621,-0.0068734367183591,-0.0054478028289193,-0.0033008808530367,-0.0029721186960419,-0.0076488774434884,-0.0044814340588987,-0.0048363293682543,-0.0004197214327099,-0.0076856317159805,-0.0242913081197683,-0.0175279654725505,-0.0109114249037227,0.0059725598272186,-0.0134110633358833,-0.075268787439239,-0.0049988165146921,0.0053921047435332,-0.0026540884930831,-0.0045117299310203,-0.0269327987448791,-0.0158835873785798,-0.0050845061496688,0.0167196617631644,-0.002212490912121,-0.012794220658109,-0.0069957892642815,-0.0191388024883358,-0.0088585012194081,-0.056440594132137,-0.0594556833066511,0.003747582205029,-0.0132198938435903,-0.0124985353278912,0.0013563085239887,0.0019928720555051,-0.0089236790606653,0.0143423863289593,0.0016683047954064,-0.0281871047877145,-0.0039486192019888,0.000209189644547,-0.0458214949185881,-0.0133780784087532,-0.0039747729142323,-0.0002455988347699,-0.0129764661160451,-0.0192966459726605,-0.016276009941036,-0.0206755508642301,-0.028993871050769,0.0073895895635591,-0.0016555176438897,0.0007021721542948,-0.0180295974152882
2022-08-31,-0.0077982260904228,0.0,0.0019875137372271,0.0015185811294804,0.0023875825015811,-0.0278937046297413,-0.0151211989906455,-0.0179817919125454,-0.0251947294376007,0.0017732580422618,-0.0171746120508876,-0.0124173492865039,-0.006805097636775,0.0051075448196094,-0.0484375,0.0168097487900438,-0.0197886736490869,-0.0022818610923803,0.0249925439904563,-0.0084379947229551,0.0104684954427369,-0.0170845374252105,0.0105960264900661,0.0055132055132054,-0.0200679004261405,0.0132981356211847,-0.0345879770033676,0.00671042783279,-0.0315346043757429,-0.0032154340836013,-0.0212915482975696,0.0066635935025398,-0.0011090273019078,-0.019288844031112,-0.009342981557377,0.0,-0.0166664421846589,-0.0090640257108174,-0.0465124632926322,-0.000838265696242,-0.0203498912255257,-0.0190515853968432,-0.0253027620094175,0.0097635256180579,-0.0197790972355232,-0.0335881228869615,-0.0059798951799981,-0.0532151044427821,-0.0071981192562512,-0.0323956594323873,0.0019522153184488,-0.0207237267282937,0.0293555887726291,0.0246654535101076,-0.0187281705407684,0.0163753545881186,-0.0179906317627316,-0.0176033085736595,0.003972555168531,-0.0499960508648604,-0.0226569459421444,-0.0226287770217638,0.0040594907844475,0.026098127982381,0.0016505567802838,0.0798170456741609,-0.0181832354254211,-0.0188420462606091,0.0238255273995271,-0.0410517654885072,-0.0144979608769896,-0.0266177903271082,-0.0037319968203926,-0.0072334865073628,-0.0377381490165709,-0.0255765976941712,-0.0035198376984912,-0.0175537685018332
2022-09-01,0.0104793551681132,0.0,0.0414916456641465,0.0151809911207976,0.0162332760869816,0.0211022507792628,0.0153533602054878,0.0,0.0084393012716152,0.0180327701599738,-0.0174818460488039,0.0110001728907329,-0.017814483152819,-0.0160469818894001,-0.0006568144499178,0.0016432689719654,0.040329062455676,0.0194482892858687,0.0228701117318437,-0.015513488485958,0.0103709352361238,-0.0166671842810854,0.0222804718217561,-0.020844500941908,0.0692087055751455,0.0424645043636837,0.0034111933395004,0.0083962159344368,-0.0238764350913882,0.0245161290322581,0.0297933451792711,0.0111669787496428,0.0260233786162387,0.0266517466981401,0.001286352382984,-0.0050160478453794,0.0150915795067909,0.0228646361732898,-0.1463410805499132,-0.001677937950308,0.0036857120826587,0.00713108678914,0.0154157101215615,0.0516277831987936,-0.0122189510981424,0.0037772200674321,0.0195342887271596,0.0234202815547384,0.0,0.0196516533096384,0.0759484907227916,0.0116150604706641,0.0180256948085999,0.018659353537062,0.0305615219392452,-0.0040269637866662,0.0288957807096785,0.0225161793640122,0.0079189136780759,0.0200009501639031,0.0292665571319492,0.003064715699182,0.0034716948380237,-0.0030525976890882,0.0119298879245155,-0.0204364369141842,-0.0599481786753084,-0.005874665379161,0.0139166600015996,0.0530870057322283,0.0014019657589596,0.0073877419464283,0.0174586860682119,-0.0094576554025864,0.0130776911727448,0.0073148078709177,0.0031801917299707,0.0251768033946251
2022-09-02,0.0032387657900185,0.0,-0.0056912390768542,-0.0064073824523288,-0.0109688494325757,0.0446283932467486,0.0047217903295695,0.0067802318573402,0.0109429813079218,-0.0114598104897102,-0.0105396503673675,0.0101066672366987,0.0079011571949771,0.0130475119482711,0.0683535984226091,-0.0008202865345723,-0.0038629340119978,0.0033625211483485,-0.0074529214314161,0.0010162931248851,0.0329929809050428,-0.0110541442513184,-0.0115384615384614,0.0190514922104736,0.078603501822063,0.0703798575534173,0.0051089983674252,-0.0063686710536909,-0.0103852820615826,0.0044080604534004,0.0025261777010896,-0.0024571346581533,0.0841925607910758,0.0290467325409327,0.0308327953518399,0.0282209021522623,0.0009148637015008,0.0298082249597722,-0.1285719539553528,-0.0062971648562555,0.0152725708315408,0.0143612460703057,0.0137492233702281,0.0828131590046392,-0.0021496017302315,0.0048893827659359,-0.054563643454228,-0.0251727566616868,0.0123306898125425,0.0392564955117304,0.0814435548365153,0.0045134291430282,-0.0145366834569076,-0.0127019141820252,0.0073840290597273,0.0202199113284529,0.0073649891790021,0.0134838146239406,-0.0054024542429284,0.010316721006055,0.0035149726181691,0.0027173316593283,0.004605704153783,0.0077505472029852,-0.0117892435700105,0.0159566909152426,-0.0517555106835473,-0.0109084529067594,-0.0033130866924351,0.1642339562458827,0.0132906451273888,0.0051360203420085,0.0134774113800391,-0.0151832306376957,0.0118276168970159,0.0067863585602609,0.0644817957090975,-0.0102987253435875
2022-09-05,0.0045245879982827,0.0,-0.0019154497926806,-0.0012892246602893,0.0047371157512308,0.0166100449089718,-0.021157712480894,0.0081607141285116,0.0020716801325875,0.0077301297648013,0.0059917037947456,0.0177001637963509,0.0263083870012583,0.0348780738245162,-0.002460781298062,0.0,0.0233131073497878,0.0128605635812943,0.0045091520501356,-0.0066045989177745,-0.0149049651904348,0.0201198675708187,0.0012970168612191,-0.0077052954719876,-0.0018363672021252,0.0173062892164015,0.0338422732223728,0.0027121997816594,-0.015726367224206,0.0043887147335424,0.0123691834334871,0.0344396698969777,-0.0084632986578815,0.0288298735938767,0.0145419474435732,0.018634711650552,-0.002515597784764,0.0101283332052561,-0.0163916438067103,-0.006765636964149,0.0118344986228395,0.0106149186447841,0.0161958483242348,0.0396712563538279,0.0150862353796339,0.0101131954078452,0.092038953352822,0.0140851567665647,0.0229149832007824,0.0260996279622589,-0.0066895033447516,0.0008178109605911,-0.0021410478066824,-0.0026907876560114,-0.0183838742093751,0.0645034379455342,0.0004607629790824,0.004431650316276,0.0153020948238455,-0.0296198971947536,0.0108234155781326,0.0121839100588401,0.0,0.0220758411963681,0.0131657656234127,0.0144871547228124,-0.0003522096092497,0.0278032716082707,0.0033240997229917,0.0195503275759378,0.0041449203427059,0.0043810050343862,0.0072654784855281,0.0365546470054911,0.0095593954681922,0.0057792946530148,0.0228391013442565,-0.0032018131616106
2022-09-06,0.0006411099421357,0.0,-0.0286739969745546,-0.0277721839258512,-0.017682346402264,-0.0357986809155997,-0.0480442149322586,-0.0093433461404121,-0.0062021914409758,0.0041850054073084,-0.0205151700264711,-0.0245746534636994,-0.0278771529961627,-0.0230726531137622,-0.0200431699044094,-0.0206372347803931,-0.0266161390994204,-0.0008245657982631,-0.0164529995815422,-0.0373197210126609,-0.0353044639167613,-0.0365241529005396,-0.0712435233160622,-0.0077496596955822,-0.0404922659236237,-0.0523839577715301,-0.0458393405049719,-0.0063921541942398,-0.0068508321049696,-0.0168539325842695,-0.0135746474609033,-0.0122839339874335,-0.0346413519374769,-0.0256849572418352,-0.0131051000629637,-0.0173345226274425,-0.0164939870740337,-0.0186233339419388,-0.0083366943269287,-0.0119147614171142,-0.0170056835177982,-0.0026206290903768,-0.0092700142959256,-0.0013674509216243,-0.0074277567653779,-0.0348527070063693,-0.0328619993102429,-0.0740749164758627,-0.0252039348406356,-0.0522123402330951,-0.0850932740030806,-0.0040809067399852,-0.035206656526075,-0.0369054358430797,-0.022461760809346,-0.0277595057743298,-0.0178172112818292,-0.0044120974432462,-0.0175018536826495,-0.0242054254358877,-0.0275585199763372,-0.0060207872871423,-0.0143277371215382,-0.0271497416245716,-0.0119809507895396,-0.0648751214644011,0.0197266376430089,0.0055878218500344,-0.0061528752859509,-0.0780891738349421,-0.0312850439709614,-0.0254374405764707,-0.0252197122583166,-0.0237647782057179,-0.021573201993145,0.0076576780381867,-0.0197398847981165,-0.0361451218521894
2022-09-08,-0.0038524091932119,0.0,0.0216638385904557,0.0013277638067519,0.0064359539337621,0.0492354963786669,-0.004287989545473,-0.0037725870427502,-0.0057208237986269,-0.0076388645391385,-0.0216204978951197,0.0116269154351886,0.0069372825143383,-0.0400763096855656,-0.0399622404027689,0.02613056611409,0.0430082902029038,-0.0182337640631365,-0.0106364462666073,-0.0138068509085982,0.0537744241984909,-0.0174380192143143,0.0251046025104602,-0.0134067064710741,0.0338893129060482,0.0193751513683699,0.015439153849134,-0.0019774942323084,0.0344827586206895,0.0076190476190476,-0.0048163614632059,-0.012040772333939,0.0119614791203945,0.0149780958844942,-0.0190836591086787,-0.0097963657538234,0.0118812370998018,-0.0155710594315245,0.01680923144819,0.0129201674556176,0.0021605830531168,-0.0039552483909965,-0.0071077491939663,0.0095477481195249,-0.0224631407733878,-0.000386685640042,-0.0324842927491934,0.0725006345818446,0.0136486163715152,-0.018357301903534,0.0506472370833177,-0.012698305444682,-0.0100286084196458,-0.0093485411273277,0.003819380274749,-0.040737395331643,-0.015349588719154,0.005762092344987,0.0074210335990441,-0.0075586065873072,0.0053450353185757,-0.0063923205124299,0.0081378336475399,0.0501092185205962,-0.0312429531412076,0.0070000772325471,-0.023141749670368,-0.0222320611294625,-0.0066671958091911,0.1352216202515603,0.0205820865399628,-0.0052202786430698,-0.0036864882192658,0.0131922887553859,-0.0161392405063289,-0.0002357299208621,-0.002641379951247,0.0133302129651298
2022-09-09,0.0141911225087201,0.0,0.0616567697313039,0.0026546583817987,0.0097563308234918,-0.0038436061916049,0.0276228365187434,0.0094671833802268,0.0135997489277119,-0.0007016233241802,-0.0151925630810093,0.0076621893294108,0.0707369910252442,0.0270942651663543,0.0131104555883316,-0.0024648234482176,0.0149745301247146,-0.0098474732266835,0.0015442053206669,0.0166913840392577,0.0155925914344974,0.0887264790502331,0.073469387755102,0.0079163177271792,0.0346330089395834,0.0401520551199809,0.0337854594708024,0.0002487487508953,0.0088908712459114,0.0050409577819785,0.013137097324243,-0.0048714454923544,0.0195270287250886,0.0041338014255534,0.0380681528337498,0.0346264939377691,0.0041420632635655,-0.0113708547039955,0.0165270969498909,0.0042537047469046,0.0064677749943065,0.0061739221945487,0.007913664980613,0.0229654403567447,0.021335551872899,0.0319010114451647,0.009161591519385,0.0209799819822569,0.0205507119534118,0.0165431614493172,0.0683604703955274,0.0186691565393377,-0.0016874878052639,-0.0003092985235728,-0.003804848112918,0.0181488995048315,0.0307015279044817,0.0030881487583853,0.0181714137078943,0.0173908777610165,0.0191672394514581,0.021674009582286,0.0098049833575208,0.0287013356067065,0.0311914433025684,0.0050549419901828,0.0162662774577282,0.0256936000040703,-0.0052703422559595,-0.047123998772013,0.0173872811665147,0.0127406617229572,0.0383151008151008,0.0781272811455886,0.0065600993365098,0.0166284918710142,0.0079451259501359,0.0320741992997626
2022-09-12,-0.0006341772769402,0.0,0.0,0.0143358178557637,0.0182502819008758,0.0223894308587426,0.012578741859738,0.0131209900781823,0.0129012281969242,-0.0133048446000212,0.0112195911322077,0.0239536235763551,0.0072945483573503,0.0026922434433989,0.0,-0.0041228961933806,0.0221087699563016,-0.0008543059167399,0.0,0.0148347563585571,-0.0181446853929124,0.0077962051718203,0.0278833967046894,0.0033705399134633,-0.0089709900283659,-0.0047396071265418,0.0702712677615797,0.0037174402401114,-0.0007368327979014,0.0087774294670845,0.0129667518432985,0.005302487918382,-0.0040343784920792,-0.0011805481981503,0.002850227895377,0.0009528745047557,0.004357599019743,-0.0180011788382603,0.0325209718199019,-0.0063535310750633,0.0203647553966601,0.0078792316005995,0.0119631642682136,0.0422842197035746,0.017677547347054,0.0249517659172473,0.0362962834136244,0.0913233131433983,-0.0090294384431434,0.010620003523224,0.0016415298725105,-0.0105863778367509,-0.0059214731315138,-0.0066109336128405,0.0,-0.0167541510444563,-0.0032063771278432,0.0184624626315814,-0.0019262408158677,0.0074859863781566,0.0273435923842975,0.0096104797952736,0.0022808685890789,-0.0130055248618785,-0.0024717553977944,0.0081790369686922,-0.0090490858903067,0.0079812695625429,-0.0002409824049375,0.0329794244709673,0.0082003285999296,0.0051816552415415,0.0166688185926404,0.0086277938769747,0.0233569156683808,-0.0077088740405324,0.0417057769434252,-0.0007966273126807
2022-09-13,-0.0076393634677341,0.0,-0.0272378544028458,-0.0115256040511716,-0.0089609609307634,-0.0271877727762849,-0.0138874290519235,-0.0129510593568591,-0.0106990014265334,0.0067421252284491,-0.0228836613858217,-0.0207953793492202,-0.0230027190621284,-0.0029515725523188,-0.0391459074733095,-0.0305960415130721,-0.0144344734168642,-0.0176331087294374,-0.0184043093016902,-0.0360119873466894,-0.0284307679443092,-0.0478118469699404,-0.0258939580764486,-0.0022342702685811,-0.0199042978181658,-0.0013483275001433,-0.0503810476223318,-0.0237000837277651,-0.0352686998584238,-0.0136730888750776,-0.0103301904511476,-0.0048694723254624,-0.0212518459241171,-0.0388450290182292,-0.0377868159600143,-0.0296111964727102,-0.0031967897444182,-0.0315685309656031,-0.0157463076854468,-0.0110774441807414,-0.0157448884552268,-0.0078176346466497,-0.0099738964429032,-0.03168130489335,-0.0136846589808802,-0.0108993553043529,0.0058402980565905,-0.016737166193117,-0.0469482005408778,-0.0196057273293214,0.0090094586837705,-0.013997817388141,-0.0286359530261968,-0.029448219313913,-0.0191585042814019,-0.0199413127637475,-0.0018373113823954,-0.007769048222473,-0.0434982927291248,-0.0233320570498708,-0.0238459495550626,-0.0124740477818018,-0.0113926579063761,-0.0145203363075578,-0.0451732253173723,-0.0442929098315535,-0.0403781872204369,-0.0252920681475939,-0.0081953767094625,-0.0465429490905482,-0.0027099975264451,-0.0176704723111895,-0.0409824614876621,-0.0270850834493684,-0.0127371883782233,-0.024730931472392,-0.034991433037756,-0.0534255410634942
2022-09-14,-0.0134697524943225,0.0,0.0093408530137468,-0.0019785055160734,0.0074464158653937,-0.0077676222982659,0.0009992672040504,-0.0056270378291203,-0.0046348748583788,-0.0088123423643317,-0.0241292717545583,0.0026572335570638,-0.0169991678729013,0.0371556516024107,-0.0282828282828282,-0.0085412583730657,0.0402869046085125,-0.0069466492954818,0.0,0.011911272819385,-0.0124366601757913,-0.0391445181847917,-0.0316455696202531,-0.0011274663326026,-0.0159995700003584,0.027922208497314,-0.0193006028033989,0.0035397997759731,0.0007643331575366,-0.0252047889098927,0.0142949739852495,0.0093840435476872,-0.0067179716277383,-0.0085685682529422,-0.0371636460859767,-0.024611465845137,-0.0096184241454868,0.0557308214168057,-0.0560020100750895,0.0034484164661887,-0.0010664503725066,-0.0065753233622704,-0.0037329165659417,0.0170068027210883,0.0090707993560126,0.005877045502729,0.0188707578336169,-0.0489361207897792,0.0124942156409069,0.0014223667166188,-0.0113612004287245,0.0158641146348301,0.0122592327175452,0.0153378652730298,0.0038939831679436,0.0510510733064806,0.0244101668932565,-0.012613256923127,0.0171801074693327,0.0097640457697303,0.0067767448633155,-0.0049872952951748,-0.0097993231395356,-0.0065889623520323,0.0133962163539302,0.0117502213966349,0.013537731483429,0.0033852266789182,-0.0017012256250484,-0.0041930591488982,0.014615393032612,0.0007484386022262,-0.0317424583520936,-0.0183156176567995,-0.0048399079093509,-0.0009643366619115,0.000325394186762,-0.0269618048983609
2022-09-15,-0.0052021872455,0.0,0.0055439147895932,-0.014987153868113,-0.0014780235275159,-0.0172083621469227,-0.0101890057234127,-0.0043984133979727,-0.0036216887417218,0.0074696162074254,0.0079995524725891,-0.0007571975370278,0.0137505690871839,-0.0218056741473474,-0.0107415107415107,-0.0094556719280129,-0.0070187027785805,0.007871715295272,-0.0203201113430758,-0.0465494680548445,-0.0088893730595349,-0.0061493186335334,-0.0379084967320261,0.0067410798269267,0.0,0.0132465137076265,-0.1196748930812952,-0.0100761707934931,0.0357663843339723,-0.0187459599224305,-0.0053685440738758,-0.0105109696059273,0.0025967413441954,0.0197579747479565,0.0,0.0,-0.0113295668138901,-0.0089594550281899,0.0,-0.0068731315124953,-0.0010675889030899,0.0008843843000729,0.0026239609960896,-0.0012917839004795,-0.0026461889690241,-0.0211847168100384,-0.0028494227462538,-0.0290816812518776,-0.0159704735952537,-0.004988121507258,0.0098488891854027,-0.0045226957978635,-0.0023075842241221,-0.0019285843288011,0.015578078078078,-0.024989070807068,0.0130420535226651,-0.0030854181070771,-0.0124227851031811,0.0096817635854069,-0.0245761405525349,-0.0063474642550046,0.0069886243559751,-0.0421517279235186,-0.0059693638914873,-0.016132590394455,-0.0151624578705318,-0.0143908783970774,-0.0058427133452576,-0.0055993549543091,-0.0187619081856418,-0.0367062383412561,-0.0189285665440321,0.020149363128312,-0.0259359178092317,-0.0021761356172286,-0.0199203750715987,-0.0121183827891733
2022-09-16,-0.0019631102349049,0.0,-0.0735402648144128,-0.0181267341823783,0.0020084979763721,-0.0143342985755912,-0.011288988697564,-0.0101017255269985,-0.0114238238654065,0.0402385183751827,0.0230867417725733,0.0030269216997391,-0.008750324540906,0.0098186958729635,0.0063047285464097,-0.0113032211946566,-0.092220697684088,0.0057865749273944,0.0079759706127087,0.0044871947872162,0.0291495839699271,0.0131481542864086,-0.0203804347826087,-0.0368276807125728,-0.0156315434897397,-0.0104531538737346,0.0167616563965593,0.005342623831714,-0.0264496814535158,-0.0138339920948615,-0.0195699926778939,-0.0106181453400626,0.0010410847595347,0.0296825904239146,0.0083371349610912,-0.0050288497167964,-0.0156673380977345,-0.0175899242181662,0.0169516670230081,-0.0025894167090442,-0.0074961616039979,-0.002201994417874,-0.0033600108060648,-0.0193309472341329,-0.0275725730933305,-0.0156690519948119,-0.0742802713044621,0.0276485060096698,0.0,-0.0430109354156222,0.0203232226470564,-0.0177497811071115,-0.0054870947647808,-0.0090152969231663,0.0,0.0115528138966429,0.0013316225308375,-0.0061852168128441,-0.0110659427895554,-0.0063926172480504,-0.0072226395216122,-0.0097494368634819,-0.0046243360206104,-0.0405324737344793,-0.003434910215917,0.0104950237241061,0.001100008007721,-0.0050210080816022,-0.0046526655896608,0.0281694370617293,0.0136581291147495,-0.0093254446318457,-0.0167008211004698,-0.0014625552395105,-0.009978298150031,-0.0157469948483113,0.0156606251262663,-0.0552213678831973
2022-09-19,0.0130991939601414,0.0,0.1289770863595893,0.0063815424475059,0.0281796298836196,0.067854004978767,0.0197959877592655,0.0242375458366872,0.0257379976888327,0.0115380284999582,0.0098725250881475,0.0037732716215936,0.0291231895343404,0.0013129209909699,0.0348068221371389,0.0281217050760655,0.0976961480327942,-0.0040294733407651,-0.0063222325131879,0.0195556611619343,-0.0145251038651728,0.0404593389096696,0.0263522884882108,0.0428758508075599,0.0273202312138729,-0.0006689336083394,0.0439539982625243,0.0113951501610041,0.0173598224632467,0.0066800267201068,0.0233995637119319,0.0194046875424349,0.0165977559631009,-0.0017642960988611,0.0574118757868231,0.0588068383343973,0.0432397430003475,0.0352936702809587,0.0083324036968071,0.0160339432013969,0.0301807813637466,0.0282533524500294,0.0374800232661889,0.0144542612969085,-0.0005416755831372,0.0128863881483893,0.0,0.0224225674818916,0.0191829080201908,0.0329577639861846,0.0167376207973841,0.008403860724703,0.0119116349495105,0.0159186654667344,0.0344976282880551,0.0021411898438252,0.0017713408889008,0.0168956448259165,0.0066158089819843,0.007510067844574,0.0227924371085559,0.0353109081327946,0.0046458198527004,0.0227088906862438,0.0081801280727122,0.0155754543437336,0.0040289308387921,0.0121553566435002,0.0071346320094856,0.0410964905875308,-0.0010120030793807,0.021186517015872,0.0522860990997378,0.0323810500086736,0.0330494899249642,0.0088630931264503,0.003935595471934,0.1410112125380351
2022-09-20,0.0187461788859697,0.0,0.0,-0.0031691804667685,0.0059538524423645,0.0317711993692042,0.0151839478264348,0.0367359413202934,0.0322528335381675,0.0137535206496386,-0.0048880055862922,0.0251887814601305,-0.0124298371120404,0.0188970179034382,-0.0077362933064244,-0.0025638396061942,-0.0213635984311105,0.001157495877786,0.0015804830604635,0.0126025449799571,0.0206348690271049,-0.0388860356158351,-0.0391891891891892,0.0111154174095031,0.0018545359608928,-0.0105985385173201,-0.0438469616215252,-0.0015031015005024,0.0378347391696012,-0.0026542800265428,0.008070517516888,-0.0036454378743678,0.0025533967662521,0.0153226479356145,-0.0090470521120122,0.0,0.0070588488191811,0.0039510759204748,0.0165270969498909,0.0004268229376953,0.0282366104289961,0.0283382545931758,0.0332357199621158,-0.0012823481218943,0.0130942424141045,0.0037418946543645,0.0030868577916549,-0.0219308221424688,-0.0079620983482515,-0.0224770287344959,-0.0195905175844995,0.0108383915767968,-0.0017223839947467,-0.0057580095389099,-0.0111355922110403,0.0089031567683253,0.0132750021497978,0.0074321327700099,-0.0075838667551539,0.0180770615772416,0.0148582671567543,0.0259118344425075,0.002887496200663,-0.0058036257452243,0.0010654427734295,-0.0345073053149425,0.0043775603906259,-0.0024941385210062,0.0087940423077574,-0.0842089020438509,0.0010130282671065,-0.0023022775788156,-0.027336539886558,-0.0143345974206506,0.0113886766135193,0.0014642048042057,0.0173223276170124,0.0341473661138305
2022-09-21,-0.0133244665752958,0.0,-0.0175773548882478,0.0063585122062186,0.0122447787849626,-0.0234663787016655,-0.0071138611910298,-0.0066118069183925,-0.0059530207446235,-0.00463528737827,-0.0210514951959408,-0.0517052903329904,-0.0091245324547778,0.0131379121084069,-0.0125423728813559,-0.0042889456831468,-0.0036241152895029,-0.0008671182225713,0.0,-0.0075778934952097,-0.0011043270507035,-0.0442762576747332,0.0098452883263009,0.0,0.0086444714022553,0.0213959519648192,-0.0018442538024783,0.001253747142194,-0.0221587770707948,0.008649367930805,0.0020029070765568,0.0048753966273307,0.0208646164311965,-0.0034814831417022,0.0016582295114793,-0.0019094198043682,0.0167349726775956,0.0059059027668892,-0.0162583929139525,0.0021332041879986,-0.0050827558559074,-0.0041741442339646,-0.0104886631827375,-0.0051894783771733,-0.0236969328718991,0.0298285645660072,-0.0046160376357399,0.0650229978189402,-0.0043770314192849,-0.0267133285264583,0.0199819748134555,0.0127820827361719,-0.0020111177609196,0.0025760882197227,-0.0074671805371552,0.0070603791462491,-0.0248920619092577,-0.0060751539641422,0.0106942354673267,-0.0062606112054329,-0.0154188691819516,-0.0073551908049779,0.0023019028582562,-0.0164967630609572,-0.0014912019087385,-0.0205201953470037,-0.0188825756785077,-0.0161253846486136,0.0087140181006737,0.0301758470681943,0.0104417032011827,0.0015383935281376,-0.0127711444164334,-0.0143977713675752,0.0214498452148652,0.00146206404301,0.0016032719267433,0.0023579282024108
2022-09-22,0.0077179773803262,0.0,0.0339881706801858,0.0406333496660809,0.0166336557506296,0.0090081660428718,0.0182726340511394,0.0199589628800596,0.022956573814534,-0.0146276659520692,-0.0107520952801059,-0.0011612722098627,0.017967228786931,0.005341124555235,0.0240302094061104,0.0266853518218026,0.0875518849758227,0.0282904037509483,0.0206757030143638,0.0441679518547291,0.0146272496305983,0.0367424717870306,-0.0278551532033425,-0.0142896568642482,0.0342726308943668,0.0477741285568404,0.0183935726296995,0.0120191682770214,0.0,0.0408970976253297,0.015976949787545,0.0125417986039044,0.0448664813821573,0.0262023465906962,0.0227957069855191,0.0220674609833864,0.0020023303661402,0.0151664726909965,-0.0578533496732026,0.0110632960913141,0.021471024190879,0.015511740598844,0.020140230949833,0.0156496486447725,0.0209573546920662,0.030053011860857,0.0432828130274869,-0.0315781005792039,0.024923826934796,0.0282054061867591,0.0292783111238477,0.0134362437999482,0.0204650559709556,0.0247029655150208,0.0188690692877078,0.0357495181556155,0.0111944560788943,0.0074223958673294,0.0075556267008163,0.0420596784718514,0.0297380970694562,0.0135282038893587,0.0316270698344132,0.0091208859578173,0.0572246819874904,0.0540558669210589,0.0081400791455681,0.0196231872828938,0.0026406337521005,0.0376483183156393,-0.0023321696331483,0.0276926879651127,0.0077730385003929,0.0229362035855875,0.0186581634851552,0.0277271656100379,-0.005451426746019,0.0580342196613277
2022-09-23,-0.0191430878526627,0.0,-0.0069255755990929,-0.0032543293506168,-0.0106101516985701,0.0024532326187203,-0.0123638064671218,-0.0207488195783733,-0.0195142576044622,-0.0010123674309716,-0.0260855024803522,-0.01703475942661,-0.0206608431447019,-0.0553875612103962,-0.0388870264834058,-0.0075432118277561,0.0100727916584693,0.0131960295132438,-0.0031118687068898,-0.0469971570717838,-0.0100893689691662,-0.011556621944374,-0.0315186246418338,-0.0055685176543786,-0.0082863886161215,-0.0155937203666631,0.0054020996840282,0.0069272001781035,-0.0745631409833178,-0.0278833967046894,-0.0034936633435173,0.0775072925882776,-0.0047754229049193,0.0368936294564581,-0.0149948388436566,-0.015959280847221,0.0197554338574037,-0.0159020999779919,-0.0175419579787906,-0.0058893485299389,-0.0230202448542566,-0.0140325739749977,-0.0197426102204408,-0.0231215913302857,-0.0270073282887849,0.0042172198426326,-0.0311153498986663,0.0065220332224968,-0.0214553268837115,-0.0111238028292768,-0.0317092034029389,-0.0072278207197526,-0.0706200631075156,-0.0626190132037883,0.0073840290597273,-0.0483923450814505,-0.021253476350061,0.016470904025398,-0.0325008208615339,-0.016144825230559,-0.0076806005546166,-0.0139804963446056,0.0044593943877231,-0.023773705886705,-0.0262520842681379,-0.0140989471749074,-0.0146840956766544,-0.0369028832831384,0.0014365522745412,-0.0026796205542658,-0.0120287111531787,-0.0583768554150633,-0.0231114081251914,-0.0207098772548747,-0.0278271291596163,-0.0071027096557704,-0.0141885569846523,0.0170540182697831
2022-09-26,-0.0065111096327834,0.0,-0.0243777000617156,-0.030903538991544,-0.0216474113796775,-0.0485409132957698,-0.0461602220848078,-0.0217911714770796,-0.0159138215562208,-0.0216125621799649,-0.0081840553997595,-0.0586836153786164,-0.0065927247343519,-0.0682720692080618,-0.0366236484129752,-0.0479775313431971,-0.0332281562853025,-0.0393449150233657,-0.0312555920071576,-0.0295923837046704,-0.0291160408111426,-0.0397519124344428,-0.0532544378698224,-0.0224300819620848,-0.0340131327519714,-0.0368190088836561,-0.0484793187347932,-0.0245716229431522,-0.0150059453032104,-0.0345501955671446,-0.0197295681213051,-0.0096418844762407,-0.0258828861918865,-0.0191573310787007,-0.0468908896991343,-0.0372082158410224,-0.013496437762288,-0.0171420250057209,-0.0089275863337134,-0.0177841631083076,-0.0215149898337347,-0.0209384645126023,-0.0180213274557718,-0.0407248812040399,0.0016616046742845,-0.0248494471115453,-0.0535243452276322,-0.0626354373728156,-0.0277847700226548,-0.0419746943417685,-0.0471246006389776,-0.0327834461714503,-0.0079068045230568,-0.0160300891007461,-0.0109948572441922,-0.0320036758813031,-0.0294149976916481,-0.0213215441842676,-0.0258362572459205,-0.0400060176827291,-0.0410224467060099,-0.0251357648049279,-0.0294097212572603,-0.0504231400783123,-0.045426100807828,-0.0377164987270054,0.0059628861739859,-0.0018804704595185,-0.0236657900329402,-0.0256181841693128,-0.0361879946726858,-0.0349844918810435,-0.0459909357808625,-0.0083115863828117,-0.0448101063868362,-0.0235953473962881,-0.0001912425096682,-0.0364426832163881
2022-09-27,0.0111322223431233,0.0,0.0,-0.0287434793264014,-0.0114729431995269,0.0007866499319413,-0.0079794754374228,-0.0080445705657233,-0.0080897967438567,-0.0120807708587505,-0.0075096859286126,0.0217564401732415,-0.0053091817613992,-0.0011502110206265,-0.0123099203475741,-0.0313260340632602,-0.0309049883149326,-0.0265370897549163,-0.0145106007429757,-0.0146800117680259,-0.0359739679286625,-0.0178577640687871,0.0,0.0034401100835228,-0.007409005898432,-0.0118624291587954,-0.0358413773999019,-0.0158710785446206,0.0096252122616833,-0.0297096556380824,-0.0371199456767248,-0.0209655308285242,-0.0118171826488779,-0.0206449203008383,0.0258935890596332,0.0118884633381279,-0.0112520729900783,-0.0069742829929092,-0.03603666286308,-0.0043065519029832,-0.0094318767961093,-0.0068427861374004,-0.0093576509368493,-0.0178177914225982,0.0,0.0035887702801649,0.0371622249048193,-0.0368680287578674,-0.0375872721104225,-0.0156464477833425,-0.0301760268231349,-0.0062751399952678,0.0070511090567704,0.0071269912650069,0.0,-0.0014718652948882,-0.006993363383089,-0.0026145128725215,-0.0143227191252408,0.0128262310891444,-0.0121057392860577,-0.0052927244277615,-0.0125770406373704,-0.0081672829817233,-0.0130397210882325,-0.0114849153350822,-0.0448142533512748,0.020489632656933,-0.021794065130516,-0.022118674059219,0.0080726234896775,-0.0131776716925839,-0.0082612527823839,-0.0044122244338306,-0.0231790090650956,-0.0122068002722875,-0.0154015089794907,-0.0363084818924934
2022-09-28,0.0181369667971822,0.0,0.0624986821296784,-0.0141052444779644,0.0025908016041471,0.0078426523709009,0.0002572302558399,0.00374433538047,0.0005097359567745,-0.0429761730741119,-0.036279371091122,0.0167930953710877,0.0071143142571714,0.0284819072046846,-0.0150293255131964,-0.013861852433281,0.0390004573614402,0.0077030812324929,-0.0098300566477839,-0.0131803446510831,0.0077685931722322,0.0090912310943715,0.0124999999999999,-0.0091368615757497,0.0815185883035003,0.0306727768562511,-0.019559307799412,-0.0135624750852637,0.0198560417048616,-0.0076548364648573,-0.0297267576677583,-0.0019117092189662,0.0278950444891861,-0.0102613377146335,-0.0025240033991603,-0.0029286338180136,-0.0109351343523308,0.0215760249810827,-0.0186943320325093,-0.0077958562565842,0.0031689355054675,-0.0051691632674046,-0.0003612044526659,0.0167411356357987,0.0033244952070161,-0.0055919015825321,-0.0015578555312825,0.0358868545459294,-0.0117258525362722,0.0023838014566628,0.0751944684528953,0.0072374262739904,-0.0070017390312739,-0.0134833437068709,0.0854700854700853,0.0268569154346192,-0.001876129812216,-0.0061149669763796,-0.0064587846311709,0.0042133326985565,-0.0099677409102465,0.001332370588134,-0.0092647634513056,0.0546778606297944,-0.0068233830695562,0.0184566667923247,0.0062011840650522,0.0039221761751682,-0.0165184950820014,0.0113094879063875,0.0167069431112341,-0.0108534260616337,-0.0013858343626668,0.0094537982129798,0.0052074832311268,0.0071658003854464,0.0089868399277599,0.1138141130205532
2022-09-29,-0.0070003414800722,0.0,0.0,-0.0039852738926591,-0.0031016674080929,-0.0194540595013801,-0.0054421485018453,0.0105635644185682,0.0076421438760954,-0.0303060627926451,0.0047056390102646,-0.0177207563218797,-0.000439289484685,-0.0193030421386104,-0.0308894678079643,-0.011254915070761,-0.0272920084837328,-0.0117581653926338,0.0297619047619046,-0.0098737225601284,0.001548473967684,-0.0139235026384452,-0.0601851851851852,-0.0288381074991954,-0.0074796257674364,0.0200490998363338,-0.0299580722239755,-0.0064883165400434,-0.0693193897330081,0.0133239831697054,-0.0040683708038189,-0.0034485076068785,-0.0125975420971156,0.0,-0.0033759727379074,0.0009790786354735,-0.0082314605784385,-0.0181731877670033,-0.0380911284153542,-0.0061051861639375,0.0126505309367028,0.0147197662479068,0.0148968552908199,-0.0150886457940397,-0.0165741738323202,-0.0249744173923116,-0.0124822898545525,-0.0646655404553592,-0.0158074569143543,-0.0356907863816667,-0.0313504823151123,0.0025264713124846,0.000924453223241,0.0013715633765147,-0.0342492153515775,-0.0243637224925714,-0.0018796562914208,-0.0272525471534299,-0.0146310396070847,-0.0178493119836915,-0.0133666127614836,0.0003305033093252,-0.0111075338055376,0.0067267710227489,-0.0376891601865306,-0.0161086147035527,-0.0331408975512067,-0.0062062118702482,-0.0193448487976639,0.0014016043897056,-0.0219098770783892,-0.021092796684034,-0.0264277310163816,0.0013170821020551,-0.0322428497421345,-0.0093240633897144,-0.0059366754617413,-0.033826521322662
2022-09-30,-0.0044787240139847,0.0,0.0184762547381371,0.011772114010764,0.0203218365798001,0.0357120514768309,0.0046892252645114,0.0030703948389767,0.0030336737789462,0.0003802095497773,-0.0210761985640391,0.0172196063574534,0.0499308878256246,0.015688565165957,0.0076804915514592,0.0199162775720496,0.0315546961780557,0.0044610711071106,-0.0048203598929716,0.0193581380265175,0.0169508615474243,0.0564804157718001,0.0361247947454843,0.0106880095446411,0.0637647892791439,0.0684850915897847,0.0226337926707409,0.0057442952504485,-0.0251018265798868,-0.0207612456747403,0.0067289465302324,0.0342208528448533,0.0421942615804251,0.0178526434362447,0.0342823605963369,0.0392449592449593,0.0137434906318785,0.0185095655777332,0.0891091127831815,0.008338625343486,0.0124924942516952,0.0034092375396443,0.0046553779595093,0.0306396016851779,0.0196647213245781,0.0337825126981456,0.0379202004976115,0.1061723136808792,0.0064283534259117,0.0172728070260943,0.0307053941908712,0.0151206260469731,0.0125460365538843,0.0167170025818557,0.0248588859113974,0.0110202565262651,-0.0042414841187616,0.0271138685990526,0.0159429825838346,0.0160377472335189,0.0279332335524176,0.006633627255369,0.0135927071463455,0.0689655172413792,-0.0027609648845701,0.0368377888297832,0.0171384317876668,0.0293769782422468,0.0109014614591518,0.0083829660512209,0.0273022287993629,0.0112089434111593,0.0742772148368504,0.0527535832956489,0.0261822772269317,0.0029733858553457,0.06635700066357,0.053970568956476
2022-10-03,0.0489036566709983,0.0,-0.0065861262665626,0.0663250639807317,0.0424752429666279,0.0636028682123719,0.0763259485966683,0.0662241405994736,0.0690509796014384,0.0297319455529674,0.0279092183666314,0.0620682622305379,0.0218878064259144,0.0685205247886238,0.046875,0.1068716750595923,-0.0033899657015236,0.0571650994382622,0.0338649097961947,0.0615662282043438,0.187868372057155,0.0416680705774001,0.0697305863708399,0.0387749413867164,0.0915559998096053,0.0646961657823605,0.1066421251164588,0.054014218052073,0.0429164584876728,0.020494699646643,0.0525195435487091,0.0631938444484294,0.0828600374543333,0.0497717460155664,0.029050582553614,0.0170073643538852,0.0316395699835831,0.0643416392382283,0.0181797757016344,0.039617888380087,0.0709057771863337,0.0530900378344354,0.0608945446735396,0.0486436269044965,0.0325096123308128,0.0815048222888392,0.0395618624346032,0.0959817131271185,0.051079395765812,0.0787363095409203,0.0225442834138485,0.0674406337561277,0.0885753944647458,0.0798666307422875,0.0276495132127954,0.0512153504160315,0.0288683735528447,0.0580711527802568,0.0411291015904855,0.0715829730628532,0.0576185012265568,0.0537252611881449,0.0740529846769306,0.1693607467801017,0.0062341216794115,0.0605284355202715,0.0321314813730215,0.0204504427493199,0.028239984594427,0.0332383385260546,0.0545133468123768,0.0801365775390605,0.0265951309565017,0.0272074794421794,0.0765194101434154,0.0372905688124791,0.0448039825762289,-0.0159132428965678
2022-10-04,-0.0036853495593262,0.0,0.0431917147228431,-0.0255341869156922,-0.0154982904930026,0.04322500040564,-0.0537876927451563,-0.0047659752911195,-0.0005186762752756,-0.018275289341172,-0.0263756873108563,0.0064540099607164,0.030476807103547,0.0932989382465028,0.0127411721878414,-0.050387209949085,0.0204890151666734,-0.016809705446069,-0.0171520457387887,-0.009757193985465,-0.0433669683929367,0.0490581905614198,0.0192592592592593,-0.0090438460809999,-0.0179730368109305,-0.0328859218166004,0.0072895277207392,-0.0152758000289912,0.0403327055869429,-0.0256232686980608,-0.002495235704926,-0.0104876608989643,-0.0321714107507371,0.0070049867182677,0.0143130285721133,0.0204247304844784,-0.0050383846369052,0.0110759338580517,-0.0625022985546688,-0.0113061841486958,-0.0095899292236208,0.0056557814297557,0.0016803235128883,-0.0167440377050923,-0.00267019201822,-0.0046448401980145,-0.0029287012724702,0.036661589602766,-0.0205027409117138,0.0576666844321271,-0.0417322834645669,0.0011605924461752,-0.0197200984703781,-0.0251751217899537,-0.0572217410134257,0.0480313979566409,-0.0046037634648906,-0.0041552537767972,0.0083126434756759,-0.0176895026767009,0.0160978666492082,0.006257964037944,-0.02225288356318,-0.0017279185150004,-0.0231890445458837,-0.0142735931683819,-0.0083502477138306,0.0079285298958302,-0.0102345519305535,-0.0388715808728956,0.0058144171194192,-0.0086862794826274,0.0233211576285472,0.0241905132461468,-0.0026976986388553,-0.0204785453481634,-0.0101250744490768,0.0344582424874395
2022-10-05,-0.0073822228518362,0.0,0.0,-0.0127659003008164,0.0052470294376647,0.0172641729527955,0.0160639278762422,0.0156142383703499,0.0108585401907517,0.0264301328220248,-0.0111547924455612,0.0049027944269082,0.0211830176824341,0.0348553598289429,0.003235082674335,-0.0229784933317314,-0.0234108466334652,-0.023940254435925,-0.0079379506756347,-0.0202537539285297,0.0173343157404894,0.0294870345437168,0.0174418604651163,0.0091263836903718,0.0060981927443346,0.0046181517670507,-0.0018142900825602,-0.014010416892164,-0.0023739390715437,-0.0071073205401562,0.0,0.0134267186277319,-0.0031417293425802,0.0171220375637943,-0.0101932883843784,0.0009069212410501,0.019375925457763,0.0132327707386115,0.0,-0.0033899857987081,0.0029048359381391,0.0,0.0,-0.0078748671003548,0.0128420500032808,0.020009519869391,0.0572774232756001,0.0058941751050463,-0.0077505108709658,-0.010758377425044,-0.00164338537387,0.0003894345500898,0.0354127953278469,0.0376181365617063,-0.0178581682457652,0.0319800273435177,-0.0060058374494835,-0.0075160149963666,0.0082495727802316,-0.0129982962302683,0.0054822159345078,0.0009326558178426,-0.0066665276358505,0.0,-0.0101004241275735,-0.030834802648933,0.0095694201125089,0.0255613624252617,-0.0012614494053666,-0.0348678145537811,0.0057842522182161,-0.0039745991137101,-0.001263042284459,0.0154372161884845,-0.0026977439028812,-0.0255187901692636,0.0129345952450645,-0.0169988545246276
2022-10-06,-0.0055897370841393,0.0,0.0270570096269555,0.0338033610198957,0.0046289826923957,0.0067884718293709,0.0178130902686752,-0.0125259294718366,-0.0205503959179227,0.0076186489456333,0.013697902370348,0.0138812642145713,0.0011740478911086,-0.0009297878065656,0.0064493013256896,0.0,0.0684628975265015,-0.0183942057147905,0.0,0.0189972674349532,0.030799725547,0.0006988399257232,0.02,-0.0079074465734397,-0.0085916466832418,0.0126052453304943,0.0,-0.0177618723516367,0.019824594912934,-0.0028632784538297,-0.0102311891819144,-0.0181301795052138,0.0189244784014104,0.0468177601419295,0.0114862928646479,0.0036402944028486,0.0021586356815137,-0.0144137851853269,0.0666692819175018,0.0008503792231671,-0.0048409687376766,-0.0120531976762763,-0.0181190725217645,0.0145306596919501,-0.0058115804000077,0.0225652118923116,0.0208363270584854,0.0488260468131291,-0.0007885264759359,0.0514818871032101,0.0213991769547325,-0.013158669014435,0.0295508153009946,0.0341021213616179,0.0036248830682881,0.0099040633860056,-0.0051103958439211,0.0069665596155141,0.012779414312944,0.0152043440983136,0.0100002013954878,-0.0111814413777591,-0.0083838369700617,-0.012085998866305,0.0118704216181018,0.0701280655512261,-0.0182031427126388,-0.0038350522344126,0.0030313024074994,0.0173319570475589,-0.004791346786576,0.0055958168975323,-0.0012646395777203,-0.0183213580182165,-0.0092058667403523,-0.0127251508864579,0.0017820046428445,0.0497964637519032
2022-10-07,-0.0380484615568613,0.0,-0.0170441023012283,-0.00307374892103,-0.0009795063428295,-0.002019772509833,0.0022124332142361,-0.0242223479033693,-0.0238484752223634,0.0136784271366701,0.0071538380909124,-0.0255341323606044,0.0019565421879408,-0.0027895545610419,-0.0242079031683872,-0.0253481722876379,-0.003194407907099,-0.0032674960070185,-0.0016084371691506,-0.0871760193076752,0.0044560313586272,-0.0013967037790812,-0.022408963585434,-0.0045659194679988,-0.0137559542358545,0.0028432848302391,-0.0198913531838419,-0.0046492914301041,-0.0388784404922624,-0.0258435032304378,-0.0094206047277424,-0.0056839195686448,-0.0212262790563534,-0.0170900364182078,0.0015640862195152,-0.0009028129751647,-0.010128532107775,-0.0105085354547793,-0.0446425287779044,-0.011464624428778,-0.0067911946763592,-0.0032538311759721,0.0020480941917488,-0.0104017473503295,0.0,-0.012470944490649,0.004082207207207,-0.0111716737586634,-0.0164142938047181,-0.0110292039756809,-0.057211925866237,-0.0101966864209309,-0.0050502283559862,-0.0008945077225831,0.0108936269369686,0.0126555405221282,0.0023327752078781,-0.017208924732142,-0.0353361991530859,-0.0089859805191148,-0.0304485988423841,-0.0097359870024371,-0.0022583559168924,0.0038422918502427,-0.0103283182537741,0.0194167609282027,0.0127497435396413,-0.0079125811715499,0.0062926300325298,0.0127812944846594,0.0012845325747816,-0.0151067323481116,-0.0253936357630477,-0.0005306929282495,0.0043741514072876,0.0111220560580282,-0.0112659534233754,-0.01317951070789
2022-10-10,-0.0142730445017281,0.0,-0.0110444758995754,0.0107860114459485,-0.0083421571437763,0.0027010164952216,-0.0145105171595761,-0.0094558341337396,-0.0151402979246157,0.002484631147541,0.0418289203229751,-0.0037976270053476,-0.0241899647633889,0.0030312749441132,0.0175118569865013,0.0055831559025314,0.0032046448499472,0.0053715207836102,0.0016110284071211,-0.0750715271036631,-0.0132903819604234,-0.0237771739130435,-0.010028653295129,-0.0011507112034521,-0.0082678823989649,-0.0079100352616029,0.007376229371562,0.0127150235796094,0.014558179943326,0.0,0.0118288104943391,0.0128580098275288,-0.0018121279981142,0.0132937591723647,0.0093816480349806,0.0154092487198591,0.024818940864645,0.0036937476086293,0.0186895201066323,0.0081595437624497,-0.0019536086729218,-0.0118312089509617,-0.0105738862498394,-0.0052645861601084,0.0308178559791463,-0.0048587507180154,0.0203280527127436,0.0018833243553315,0.0,-0.0181325365140789,-0.0196581196581195,-0.0027712255953732,-0.0090804879635979,-0.011298794317775,0.014291476978044,-0.0171815499378885,0.0051303540284037,0.0085418103917793,-0.0460473442964588,-0.0030224868476371,0.0108291234617297,-0.0095158796241227,0.0113031914893615,0.0123707552080676,0.0604578882003732,-0.0368989153557266,0.0552987915036919,0.0400955056857235,0.0020021620569434,0.0042166332725261,0.0076904292676551,0.0032232966544403,-0.0038976995099632,-0.02012893063831,-0.019583342467355,0.004747059657078,0.0275862516086577,-0.0146828342819433
2022-10-11,-0.0138154298927896,0.0,0.0,-0.0080567235120523,-0.0118751954127412,-0.0330153960557565,-0.0239585422935473,-0.0095461004764689,-0.0024864525508856,-0.0279837493931572,0.0037876895925943,0.0011406955726753,-0.0043999179024064,-0.0127856823438334,0.2040157762638939,-0.0166251039068994,-0.0128152128978916,0.0091984083779035,-0.0063930287482693,0.0168819780568807,-0.0275824114321959,-0.0128842768840312,-0.0549927641099855,-0.0057281833018655,-0.0271041153043807,-0.0381604226705091,-0.0366317792578497,0.0010289115269135,-0.0287065640155578,0.0007369196757553,0.0016043506213909,0.010224632667025,-0.0203681017814709,-0.0232056685999312,0.0015529672767611,0.0026697475449251,-0.0101959534809623,0.0096622371231263,0.0091780388377946,-0.0046832876333555,-0.0127370974856639,-0.0024825792553576,-0.0068927574143854,0.0092572384693727,-0.0056707906865007,-0.0253801819318102,0.0,-0.0281967616819553,-0.023050130730676,-0.0340910980659537,-0.0305143853530951,0.0,-0.0097042257078628,-0.0075159827826641,-0.0247145048576785,0.0012703122612194,-0.0004676003650662,-0.0072003960217812,0.0422392005345264,-0.0171755507687398,0.0068862065011117,-0.0236952497691348,-0.013408032229636,-0.0118667137167918,-0.0107302058360057,-0.0358516034031414,-0.0390296805075977,-0.0128507165051243,-0.007239866095433,-0.0488832638475283,-0.0362575813943963,0.0024189378831522,0.0117672077691926,-0.0067571622100793,-0.0355218340774086,-0.0049773170674375,-0.0107950548427903,-0.0155865900528939
2022-10-13,0.0013386538428745,0.0,-0.0127686020452362,-0.0120739814388206,-0.0063092537313433,-0.0313647634891239,0.0069056704597614,-0.0132587266221051,-0.0144176224586972,0.0266075737741116,0.0664200827659415,0.0057137351658618,-0.0003994176233362,0.0054162526545482,0.1197141155449672,-0.015965166908563,-0.0162174508908176,0.0058835960004894,-0.0112700299168068,0.0236294254247186,-0.0244127041986013,-0.0072571197528432,0.0199081163859111,0.0080785323463146,-0.0058868477684558,0.0076901950013732,-0.0038003220611915,-0.0199722656648044,-0.0484398559740291,-0.0132547864506626,0.0009157239519228,-0.0359501633924403,0.0272625917165112,-0.011881806938922,0.0019294553806155,0.005340848930273,-0.0111610735554481,-0.0182295196235986,-0.027274344236206,-0.0214083561461486,-0.0059480592013404,-0.0070317283698636,-0.0059005529481859,-0.0104878092732415,0.0176243943998679,-0.0257115884720886,0.0292052151079356,-0.0483560342096927,-0.0113911942879777,0.0022037429196151,-0.0512589928057553,-0.0103303576822451,0.0313006927369741,0.0284850549263391,0.0072818361878133,0.0082545032512439,0.016244032488065,-0.0123747790218031,0.0405273573598683,-0.0051371848690771,0.0019766004309575,-0.0114777253235268,0.003395790354254,-0.0217635295077952,-0.0083611729194686,0.0224352855496399,0.002257102088468,0.0033590310957016,-0.0171082333372935,-0.0102853922382077,-0.0059426839115468,-0.0184574575865308,-0.0077629089890001,-0.0178261832708125,-0.0143812062903287,-0.0032481913479993,-0.0126859602965797,-0.0185779337750392
2022-10-14,-0.0119892029053381,0.0,-0.0452299650903263,-0.024445753239935,-0.0037285993059493,-0.0007129027292832,-0.0055859840108862,-0.0042679849807983,-0.0065622531802982,-0.0237875761765761,-0.0636985768722295,-0.0060603031401117,-0.02571472764301,-0.057845654490844,-0.0457446808510637,-0.0209893351486272,-0.0330082810927947,-0.0035106147722246,0.001616513305148,-0.0212133674728366,-0.0277176905529772,-0.0592123813402676,-0.051051051051051,-0.0080137926630694,0.0026902593786519,-0.0123392551847171,-0.0438812017759385,0.002350760606677,-0.0163913133832085,0.007462686567164,0.0139468660000647,-0.0123085350025203,-0.0040479595204047,-0.034499465046329,-0.0235394049405986,-0.0247967164872608,-0.006945680758099,-0.0236759325911389,-0.0373838521391417,-0.0069965224385513,-0.0039891002050733,0.0008288300235386,0.0003522441104257,-0.0145690298847225,0.0005123270896072,-0.0219338738722268,-0.0141956537862493,-0.1117871701161209,-0.0230448974805028,-0.0205459449244987,-0.0037914691943128,-0.0136499380188573,-0.0195330662313893,-0.0153236537836,0.0215719160256779,-0.0223563582693926,-0.0082195883550284,-0.0332614283091609,-0.023776486030377,-0.0227296569570234,-0.0200240170869656,-0.0016605522301601,-0.0152328736151933,-0.0265241199478488,-0.0047877393869694,-0.0250757250937054,-0.0382756954510941,0.0,-0.0056313592764556,-0.0489560265738689,-0.0106239712703876,-0.0130899878014451,-0.0377483724280126,-0.0325584082970166,-0.026273286081666,-0.0122885498444674,-0.0182236907980375,-0.0792475422233426
2022-10-17,0.006067344071843,0.0,0.01014985014985,0.0489747750405664,0.0040464930594501,0.0187189402599088,0.0084294648110896,0.0073528148568089,0.0071130733382389,0.0196354098360655,0.0294852947283614,0.0217154447014651,0.0082487729371454,0.0082013785514669,-0.0353957636566333,0.0458089829975332,-0.0034014966585296,0.0132042497711448,0.0113800951789777,0.0305917753259781,0.0465894726197095,-0.0069932398681273,0.0917721518987342,0.0115384615384614,0.0016113892365456,-0.0124934146157897,0.0379153329426085,0.0083436689592966,0.0657863462300276,0.0133333333333334,0.0101458189477594,0.0106294054766553,0.0,-0.0287000641186473,0.0209490216640053,0.018169112508735,0.0312552021574386,0.0152156347843652,0.0291280092777732,0.0198212041619765,0.0110139613594697,0.0058367563270174,0.0080251844688767,0.0026796769603223,0.0330968676624869,0.0192714783055678,-0.0170032200788468,0.0,0.0185266696010564,0.0157327019205471,-0.1141769743101807,0.0109872846458884,-0.0064574389191861,-0.0008949271445217,0.0070199275362319,0.0096612279920775,0.0197965540574547,0.0187672397012812,0.0383443915770758,0.0169129662098495,0.0263150509893868,0.0089741606065294,0.0160424738125986,0.0259610851583593,0.0180937786542398,0.0096470321189421,0.0433070159698545,0.0343183158998756,-0.0033464665460603,0.006237006237006,0.0402694955780256,0.0298264796767293,-0.0121811617599576,0.0120304808146201,0.0287777894084206,-0.0058367976196903,0.0228224572716357,-0.01446733513569
2022-10-18,-0.0013449265430248,0.0,0.0117291032081965,0.0210654333140623,0.0138035335892792,-0.0106000318319274,0.0514024398518175,0.0091324590275765,0.0075667232141356,0.0274633684557128,0.0308352628903825,0.0182721254726963,0.014315612678043,0.025888119056787,0.0072233458537995,0.0391483299034352,0.0205187921619016,-0.0040520191649554,0.0112520458265139,0.0148418491484185,0.0504966567464153,0.0297349564595279,0.0260869565217389,0.0136818492769301,0.0134170532464894,0.0048268678708431,0.015376596299192,0.0002549480040254,0.0312799418508606,0.0087719298245614,0.0330354911810575,0.0163231709499251,-0.0121932362881315,0.0245325258671411,0.0147065689341239,0.0169557621513696,0.0173816081278077,0.0192008277248014,0.0282987249544628,0.005186037411887,0.0198211769957177,0.0202870485637691,0.0245825143506619,0.0201083751105868,0.012814623177543,0.0130662619945993,-0.0239713445995591,-0.0114421621189484,0.0239942641628034,0.0103260118800938,0.0225563909774435,0.0032208090634697,0.0224889687774512,0.0245573957738434,0.0139982010344053,0.0280705565868042,0.0148991823820046,0.020178390016124,0.0199572947717805,0.0343072285623806,0.0193058920248128,0.0158121624154441,0.0112840357021806,0.0049919064278627,0.018666683116707,0.0242032936151079,0.0231883185566743,0.004651352287311,0.0059405514381443,0.0077520661157024,0.02096667555134,0.056318782775685,0.0273964461876745,0.0182538519092485,0.0611895090281529,0.0056176385402586,0.0282670509373028,0.0316859531395137
2022-10-19,-0.0006690799293176,0.0,-0.0562843346171139,0.0072306118857485,-0.0061626216439424,0.0178559938227913,0.003129799563764,0.0072415395665215,0.0045009376953533,0.0062491863038667,-0.0042732701473731,0.0032948132872006,-0.0100838922918702,0.0596021386971445,-0.0011474469305794,-0.0089727769906921,-0.0268345465276411,-0.0029084311515518,0.0047744284847259,0.0030519610955956,-0.0044242903659007,-0.0220371918321267,-0.0155367231638418,0.0123671861512626,-0.0270028667427021,-0.0137789801026471,0.0037859342915809,0.0,-0.0143686676544791,-0.0043478260869566,-0.0071314777589644,0.007492527035698,-0.0141774189941634,-0.0038099240116258,-0.015258350970829,-0.0157987575734335,0.015414996606992,-0.0165403405680036,-0.0183466303890865,0.0017197603955447,0.0097248057774372,0.0028405239475535,0.0003409356903691,-0.007877572406815,-0.0058428226980832,-0.0040729695115604,-0.016373388538628,-0.0300939614954991,0.0,0.0102204751324559,0.0231092436974791,-0.0140434539762406,0.0370958931320455,0.0353693598544857,0.0,0.0372331664506824,-0.0231310380600402,0.0051572292568839,0.012721525546689,-0.0040143336659712,0.0236757394756608,-0.0016228592515558,0.0016688312595136,0.0072740120332941,0.0057408270908902,-0.0062216612590118,0.0201036278139403,-0.0088586092073662,0.0025675955181194,-0.1169282750250125,-0.0022105891287836,0.0038107890780687,-0.0199994215640906,-0.0118127240126615,0.0021978832466718,0.0337755536754689,0.0026026026026026,-0.0561833679728718
2022-10-20,0.0100772532188841,0.0,-0.0070227046735167,0.0101337492846618,-0.0062997908812792,-0.0175427505768561,0.0468198164004451,0.0131709199510074,0.0114591544621001,0.0148292644087699,0.0121595598349382,0.0062026520854159,0.010186613000183,0.0111124404439346,-0.0117748420448019,0.0171857226304301,0.0,-0.0035014005602241,0.0237385736721298,0.006072429876355,-0.000637489952604,0.0396283592527224,-0.0315638450502151,-0.0122161072785055,-0.0348170441945191,-0.0109464725184577,-0.00941848324064,-0.0002548830221076,0.0,0.0050946142649199,0.0017417699967519,0.0,-0.0310763298173981,-0.002734795171575,0.0251841209211594,0.0285202213044495,-0.0057430507643377,0.0051363744640304,-0.0280390920858254,-0.0021460098716453,0.0202105035016189,0.0161901880379293,0.0155403515018948,-0.0264974231028392,0.0068556883603378,-0.0224884013650265,-0.0055486463216301,-0.023864862188824,-0.0024266490183101,-0.0260117073830954,0.0297741273100615,0.0126153831506086,0.026824363148822,0.0296444479706219,-0.0344846703997339,-0.0065824954159224,0.0013661882242317,0.007698425322093,0.0,-0.0212000455425253,-0.0242846586154548,0.017212629315233,0.0044544206116288,-0.0030020735972271,0.0004395445595823,0.0012562640639453,-0.0075262305819542,0.0077194099061212,0.0020488158840141,-0.1550520059435365,0.0003160126676906,-0.0015150459738089,0.0299251870324188,0.0127977840383404,-0.002737649301237,-0.0115446229569092,0.0002901607428114,-0.0317475883957705
2022-10-21,0.0179478899332052,0.0,0.0229695616798448,0.0236212774491124,0.007849075076127,0.0435702335757031,0.0247718543555077,0.0265955685092571,0.0211819912056179,-0.0088361921013661,0.012720156555773,0.0369984678732167,0.0286281637484395,0.0257971861833437,0.0034873583260681,0.024919905700296,0.0069138398091619,0.0146358198549145,0.016992821319697,0.0326060434832862,-0.0025423415427853,0.0605293784767824,0.0059259259259258,0.0078628937332267,0.0247981356266,0.0184287602705994,0.0399896745326651,0.0206731521860672,0.0145781360463508,0.000724112961622,0.0206384703547366,0.0116891842036792,0.0023957235943656,-0.004927671093816,0.0196546478969525,0.0130009849231003,0.0049517398789145,0.0325468181436661,0.0192336254270011,0.024505501531594,0.0264090818562039,0.0290707987026148,0.0332648767782008,0.0312967674348998,0.0034045039619841,0.0128951283004834,0.0404521404521405,0.0146705923491901,0.0291521642982133,0.0192893930050981,-0.0717846460618144,0.0124629191720222,0.0340884714748044,0.0342728508605363,-0.0071202985931667,0.019272122979669,0.0154605008782493,0.0207992279211144,0.0270524726891292,0.0113414293690676,0.0096308444848689,0.0175613905417066,0.0166282652749631,0.0370853252209186,0.0024134236912742,0.0218743106110743,0.0007222194550977,0.0018158195097963,0.0204427185017428,0.0412380198716257,-0.0088625439475517,0.0319078431030572,0.0317062337922833,0.0292961051237359,0.0142866630753222,-0.0067117246724878,0.0155799192152339,0.0286911284010864
2022-10-24,-0.008490140751006,0.0,-0.0086470612228251,-0.0198093269628719,0.006490352564713,-0.0390149909437744,-0.1002662572860946,-0.0466350496838302,-0.0424492681437684,-0.0161181801990778,-0.0055823939881911,-0.0206383101517863,-0.0152865200686667,-0.0144322435455234,-0.0228786562409498,-0.0086846257059022,-0.0136925795053003,-0.0043301375391293,0.0592740141948211,-0.0105213411600836,-0.0159324515955623,-0.0810361838793467,0.011782032400589,-0.0178454638886293,-0.019802059478244,-0.0108673521327496,-0.0201464443800936,-0.0010122832464931,0.0071763245364624,-0.0050651230101302,-0.0014899496868092,-0.0143524507414218,-0.0167144147230093,0.0071553562446424,-0.0044529866298657,-0.0111139365473501,-0.013757097488211,-0.0351215266985764,-0.0849058894960532,0.0008396734351152,-0.0386008485977439,-0.0325094647419125,-0.0453943892069554,-0.0316530319795389,0.0150157466278448,-0.0161730015512129,-0.01742869030558,-0.0168682242326827,0.0,-0.0043710911538658,-0.0268528464017185,-0.0150862269109685,-0.098894260254699,-0.0919932310181145,-0.0252154299924817,-0.0106344890030386,-0.0192557699316257,0.0112259278730819,-0.0098743535835633,-0.0152858769538662,-0.0058698663053713,-0.0380186014803273,0.0332655234558463,-0.004769221559276,-0.0216745219296928,-0.0544360415303348,-0.0018042455764876,0.0348140526106035,0.0082651240290392,0.0257557844958622,-0.0067072000438693,-0.0316648779292335,-0.0281627551728926,-0.0296764825990288,-0.0411722336609746,-0.0042564260209512,-0.0079545454545454,0.0015932546253614
2022-10-25,-0.017790837676498,0.0,0.04529932112734,-0.0187480949597005,-0.0098205964034121,-0.0135383332130282,-0.01716921272228,-0.0072418402395898,-0.0060405725120391,-0.0156832969618954,-0.0329806758069739,-0.0149995482063793,0.0019859768323988,-0.0204128935133126,-0.0091879075281565,-0.0236345787720133,0.0277653381101656,-0.0257816094472318,0.0100412604520392,-0.0336907066187375,-0.0136003164616571,-0.0092027564446686,-0.0262008733624453,-0.0147767630644342,-0.0100969668254189,-0.0152322140743599,-0.0093515156632609,-0.0179982979918059,0.0420036421181542,-0.0087272727272726,-0.0136435078133356,-0.0046188477026488,-0.019429159574047,-0.0010902977568003,-0.0055841152965473,-0.0069278475268491,-0.038934236269339,-0.0228658083315989,-0.0721675203694365,0.0062865986043638,-0.0057319698600646,-0.0043966811738057,-0.008094781049884,-0.0245204555672112,0.003816950303541,-0.0192377664785184,0.0095511433141997,0.0514702537522311,-0.016526840934995,-0.0248525875274927,0.0121412803532008,-0.0233790479602854,-0.0149533084445155,-0.0210222177941615,0.003678433699199,0.0089573308051427,-0.0105046561028503,-0.0143910665291927,-0.0223306833048203,-0.0289905856518793,-0.0289303890386327,-0.005627196146172,-0.0200580070163385,-0.0090628383526487,-0.0266286170180122,0.0194063926940639,-0.0303578032352292,0.0118648456351599,-0.0032292676531572,0.1023092121511486,-0.0334415618023663,-0.0410608625835617,0.0052584950415821,0.0,-0.0180820712052691,-0.0050226792372175,0.0037212470202159,0.0461398225185212
2022-10-26,0.0127468797147167,0.0,-0.0083248051641344,-0.0373672819859961,-0.0587124401999605,-0.0483678198300744,-0.0354333378543334,-0.0389276157687523,-0.0435876226007394,-0.0070853873464279,-0.0283003070053027,-0.0456838822126409,0.0139061494241885,-0.011324582590504,-0.0161531558480406,-0.0376734762274728,-0.0439294909883145,-0.0338964945323702,-0.018454920107006,0.0085651294524689,-0.0328272701231738,0.0162544091466987,-0.0762331838565023,-0.0403765690376569,-0.0487551267979896,-0.0167480991821912,-0.050927997613416,-0.0152280635924649,-0.0289011165126342,-0.033015407190022,-0.0146943088752623,-0.0207012848803544,-0.0505203833638807,-0.0415751225283081,-0.0026186727167037,-0.0034880887101687,0.001949426594443,-0.0310388899032315,-0.0444453343554597,-0.0154126951936726,-0.0259560992773432,-0.0180797965144146,-0.0214209284108884,-0.0125780124819969,0.0061818754410418,-0.0260314108235114,-0.0689285547839865,-0.0885770563894275,-0.0400022798734669,-0.0554741322567906,0.0010905125408942,-0.0301273448738619,-0.0181625125740471,-0.0244549275032626,-0.0036649524147307,-0.0136116529028508,-0.0156888462896633,-0.0212767843686557,-0.0199225947236776,-0.0031877014867921,-0.0366314025964006,-0.0525773239609891,-0.0129175796393055,-0.0186455424709641,0.0248288211038674,-0.0215775475923852,-0.0652262413383785,0.0147985360587983,-0.0211793861819995,-0.122593775089154,-0.0212903433085707,-0.0317252300215686,-0.0235820895522387,0.0222436703178308,-0.0356709555272207,0.0078286293931619,0.0835965356001628,0.0174950026481692
2022-10-27,0.0304630828741441,0.0,0.0554684554168567,0.0496252056475716,0.0249069495046401,0.053107325325086,0.0125988680704467,0.0196137544556562,0.0185420527755715,0.040659985182746,-0.0067210477941177,0.0368539175572264,-0.0329119811931536,0.001144481961969,-0.0030404378230465,0.0410004749089756,0.0671610871726879,0.0563269629181313,0.0028911846490986,-0.0012122775341758,0.0264779054614381,-0.0053314763837356,0.0323624595469256,0.0264459760862638,0.0536397470265206,0.0308779761904762,0.0656054244594626,0.0269988296878258,0.0101771371988117,0.0341426403641882,0.0256610717702807,0.0408155111727268,0.0579026140789498,0.0308220184564744,-0.0022520865751873,0.0043715512893018,0.0378385225343906,0.024642505705253,0.0813985511584745,0.0114257924247624,0.0256613315549627,0.0110450131472754,0.0184159172120812,0.0113185530921819,-0.007088663355146,0.0362498962265533,0.0087095805385923,0.0792818450885128,0.0383344218171741,0.0555545231546867,0.0533769063180828,0.036597930447507,0.0030373747147609,0.0076400522837314,0.0184514980717886,0.0083992956011129,0.0351635460799051,0.0340990407521808,0.0391690428554176,0.0224576731388852,0.0496998634702952,0.0179103141021335,0.0289121570395263,0.0225152318017338,0.0123351215670832,0.0564246729185891,0.0318975318150143,0.0060602464782764,0.0089110801502154,0.0878215904496415,0.0455458978782694,0.0556981061140091,0.0295235183648512,-0.0356311617592165,0.0495235958297606,0.0253046145101891,0.0223787768811465,0.1113592477541767
2022-10-28,0.013495753314386,0.0,-0.0175240673886882,0.0174404539910695,0.0244056757961468,0.02161250020282,0.0059572163552668,0.0074528219845202,0.0057273570110301,0.0047955465687123,0.0150367243074431,0.0047644576297829,-0.0332260894998538,-0.0029750915958987,-0.007624275693809,0.0161192214111922,0.0529564778506814,0.0061151970911494,0.0086485493940506,-0.0078958241871756,-0.0079442937657491,-0.0574291433759585,0.0250783699059562,0.0281009018428963,0.0107449856733523,0.0055163169562302,-0.009333979477887,0.0022967589198166,0.0178308866431722,0.0007336757153337,-0.0055585672105072,0.0007024601459428,0.01725842624374,0.0155026051504287,-0.0364946945164381,-0.0313351291299517,0.0172896945316429,0.0052921945239068,0.0,0.0125525379432842,0.0009617598851305,0.003643596989848,0.0078444870260301,-0.0097880850736509,0.0418841138080392,0.0204952025485871,0.0215859468042873,0.0379164575431916,0.0296954217969733,-0.0135295722824221,0.0124095139607032,0.01066904823639,-0.0151357262981953,-0.0118329861999245,0.0,0.0121974842130045,0.0149463921268764,0.0239086923578901,0.0133559047955933,0.0062671135870078,0.0072153637110075,0.0006906107726483,0.0159052588255599,0.0242577002570953,-0.0004375596326928,0.02271049869655,-0.0100446924396029,0.037463036134022,-0.002523535473198,0.082570422535211,0.0312087912087912,0.0077545605897382,-0.0417143907577878,-0.0487948801141464,-0.0017026930036878,0.0046484501316579,-0.0092711949818614,0.0289180654811369
2022-10-31,0.0145884832029825,0.0,0.1102158769042334,0.0289134306030607,0.0594076758231996,0.0606467290313359,-0.0463678089519273,0.0252574516387995,0.0274140188848299,0.0126204850399278,0.0133325736425276,0.0554340892770461,0.0062860100979542,0.0672496919888616,0.0359557467732023,0.0017659383418138,0.0345857453633715,0.0257741273100615,0.0028763357666889,0.0318216426214785,0.0240043432737426,-0.0024371279027932,0.0963302752293577,0.0045607678616832,0.0408530674421825,0.0401199753896637,0.0244799863881917,0.0241929087015149,0.0472205024726177,0.0395894428152492,0.0427939333062152,0.0507334213029735,0.0096957724219675,0.0141780254642951,0.0054681797848044,0.0107934014139827,0.0405495874015295,0.048801804914734,0.0107514975695635,0.0123969250709514,0.0326954827184886,0.0250020845760612,0.029115227386256,0.0367234381372225,-0.01233184484623,0.0699438915698815,0.042259678437849,0.0205463745357561,0.0101343847179031,0.0381114700265914,0.0398365679264556,0.0706786135076584,-0.0704303553469661,-0.0847410621290652,0.0434579983688687,0.0402733369841072,0.0370352303523033,0.0591780517225155,0.0423770651214512,0.0332750794637515,0.0526779015409477,0.0268976491481021,-0.0010454919693148,0.0094004390152671,0.0186165846896526,0.0402147789643734,0.0526941700735528,-0.0346586814190732,0.0166939570054183,0.0322003577817531,0.0453998024330504,0.0323344405965084,-0.016334902388998,-0.0047434204489693,0.0392899209153625,0.0048625999390738,0.0470511202848416,0.0542503046944977
2022-11-01,-0.0131245756280703,0.0,0.0496285187292067,-0.0054208761503113,-0.0148316832135009,0.005323330563105,0.0237683383152271,0.0042097109612455,0.0055427910174921,0.0003352671933762,0.0073095305032329,0.0027633444449934,0.0270714467055945,0.0118265937096846,-0.0222485909225749,0.0343003973826525,0.0060943012937026,0.0008487604893985,0.1098404400152481,0.0433024930782863,0.0071574642126788,0.0464185581162672,0.0334728033472804,0.0147433362334887,-0.0005400244184954,0.0181154955265816,0.0275695987045609,-0.0012434600027535,-0.0021823065301326,-0.004231311706629,-0.0030914320893304,-0.0009966340783142,0.0038426320855866,-0.0118274807258433,0.0186393944538434,0.0053313023610053,-0.0373943843854923,0.0009108527131782,0.0638282722054248,-0.0171453797974782,0.0018608308216485,-0.0052126028597352,0.0025557459707374,0.0108834107597781,0.0129396414794644,-0.0139150851781036,0.0135154028988209,0.0201351625296446,0.0294384431433989,0.0198217248166963,0.0137524557956778,0.0018947041466066,0.0033020409543236,0.0016833996592799,0.0104399285395266,0.0491660841189474,0.0111324235756509,-0.0079799370812653,-0.0130985356239026,0.0090469487831457,0.0005670993297606,-0.0073883507197862,0.0365716453642772,0.0029937784018878,0.0302496732104164,0.027120607460872,0.0663710966641799,-0.0062018536160655,-0.00771397466692,-0.0164207061954029,-0.0316650270536152,0.0439958237770854,0.0387327112897903,0.0303879362178023,0.041094176607817,-0.0113769612245249,-0.0216001502992565,0.0192142961606229
2022-11-03,0.014561849411536,0.0,-0.0013959599277386,0.0226052146890329,0.005536756139534,0.0171961809434439,0.0208482089204036,-0.0199374544113085,-0.0170954426051787,-0.0037012750455373,-0.0021769466927156,-0.0044804293934361,-0.0206791127301112,0.0176413561751342,-0.0218446601941747,0.0059508334055522,-0.0211477151965993,0.0157980916417321,-0.0154236179260712,0.0284237569895722,-0.0116281255875163,-0.0054476525064759,0.0040485829959513,0.0067033532355371,-0.0145258921090343,-0.006318388689842,0.0357799462593693,-0.0017447345634071,-0.0094724676692609,-0.0339943342776203,0.0095160015225603,-0.0090005810362909,-0.0181728880157171,0.0086983926883075,-0.0171546794632339,-0.0097247990105132,-0.0155378600586443,0.0227893198056035,0.0200029862888153,0.0112122981561748,-0.0018573745618165,0.0035603754120221,-0.0072228205558904,0.0094505698137681,0.021454852963413,0.0,-0.0026670345334988,0.0679831544470968,0.0049307558118836,0.0050403310772653,-0.0125968992248062,0.0321844883786848,0.0027014580010333,0.0030115824924878,0.0171832697939111,-0.0105043093564964,0.0551061443273392,0.0015306641698387,-0.0013766826794898,0.0219364854375485,0.0255032936474641,-0.0101472712767105,-0.0010033508130927,-0.004637686795718,-0.006123737739489,0.0112409681857053,-0.0438107649993602,0.019858047969121,-0.0107797278423478,0.0467562516685948,0.0068508944594642,0.0178616805882305,-0.0079862515163768,-0.0292038668767384,0.0163218277054013,0.0210543977597519,0.0200470727652781,-0.0225076870515886
2022-11-04,0.0268387837977994,0.0,0.0167255982238303,0.0177601480643474,-0.0166155504599306,0.0142989976790668,0.014729916897507,-0.0024380854613115,-0.0107071649768804,0.0064208509455765,0.0465428507496084,0.0179985683389685,0.0616933796520779,0.0716384185672747,0.0338089330024813,0.0025270654452516,-0.0092642854557957,0.0180516977942062,0.0221937970330745,0.0337218666055361,0.0235393701910728,0.0633824071900466,-0.0282258064516128,0.015330535639624,0.0065475812090776,0.0242648671035641,0.0051884216275259,0.0184574619587265,-0.0036775294091584,0.0417888563049853,0.0057375190503561,0.0110993930365135,0.0087662879058576,0.0231970394439933,0.0457724242778621,0.0491014972443832,-0.0010390659600043,-0.0151493639254883,-0.0588220447639143,0.0073956858499208,0.0027912462324728,0.0027579636199526,0.0036376846212031,-0.0160256998623221,0.0082185622176411,-0.0423387185020155,0.0267262975087216,-0.0082139206226796,0.009361438313701,0.0157580027004136,0.015701668302257,-0.0165065498436018,-0.0523040558328152,-0.0550912490700838,-0.0642042368278108,0.0247675233294528,0.0,0.0130070197259584,-0.0623273740467649,-0.0097530904967912,0.016303304240963,0.0167471202272448,-0.0464215779167456,-0.0058412127842464,0.0148761294083357,-0.0066671568987914,0.0549072893367057,0.0103872282326771,0.0015210303572308,-0.0574202543698564,0.0024760937463697,0.0042038462777438,0.0765020162757856,0.0759493163639861,0.0098347429334519,-0.0148631266397321,0.0149253731343284,0.0174267419751705
2022-11-07,-0.0054698729653082,0.0,-0.0904208857688202,-0.0537134060271193,-0.0357566146984972,-0.0192296587168678,-0.0348945928054214,-0.0263527999313952,-0.0329922900782997,0.0104103085791793,-0.0250160359204617,-0.0197188050523827,-0.0027277447931981,-0.0496991442998679,-0.0297029702970295,-0.0295035948554895,-0.0872265039997077,-0.0455565240263858,-0.0217119269335153,-0.0406450438975571,-0.0338605066067014,-0.033849485424748,-0.0733056708160443,-0.0204676132810712,-0.06127636731085,-0.0682396593963322,-0.0498311794155315,-0.0139576862613826,-0.01551301151061,-0.0344827586206896,-0.0262850191645213,-0.0372580198106463,-0.0434584110641447,-0.0421733347809566,-0.0144647969225262,-0.018721352461456,-0.0037416051388609,-0.0244359547322137,-0.0208363501794017,-0.0285388316605762,-0.0176417547665408,-0.0188713448099113,-0.0227336959485924,-0.0271445095332264,0.0063407127048089,-0.0311845845864147,-0.0234260395772835,-0.0600418618108171,-0.0324743127396526,-0.0493642668428006,-0.0550724637681159,-0.0283493010837128,-0.0340553798871124,-0.0406349521587096,0.0108544230322729,-0.0326686104667246,-0.0246957731574926,-0.0143487105821741,-0.0117306607167817,-0.0226663850506352,-0.0309959074098719,0.0588235294117647,-0.044441941958519,-0.0256440488121204,-0.059895923079574,-0.0542504626773596,-0.0499845433143889,0.0091776467109154,-0.0124028827561962,-0.0659871922070893,-0.0178957510421253,-0.0524082955074022,-0.0498742325480755,-0.0052588258516728,-0.0543563606308975,-0.0073049800407237,0.0024509803921568,-0.1064246404990758
2022-11-08,0.0232263810438981,0.0,-0.0075224071702945,0.0036886404128524,-0.0043810160021862,0.0019650847856806,0.0047520047520046,-0.0056633520350193,-0.0095959416793784,0.0089702223138474,0.0434758771929824,-0.003815526905188,0.0238577693017068,-0.0360944360774664,-0.0219542362399506,0.009562881851185,-0.017047500900396,0.0048579364307406,0.0091366679402626,0.0161691837170154,0.0072710485313638,0.0335121372691959,-0.0074626865671642,-0.0058077072790969,-0.0063577495584895,-0.0102874355439832,-0.0488298002695749,-0.0054661481274574,0.0014982006534864,0.0102040816326529,-0.0196683970189117,0.0145124630653836,-0.0085829493087555,0.001650691094061,0.0252126108441457,0.0320907519184687,0.0177366785416508,-0.0143786020393082,-0.0106371324657112,0.0067117140117667,0.0028334641427107,-0.0012041361119783,-0.0030340236836499,-0.0306824937196769,0.022501175313552,-0.015917271702261,0.015986879416318,0.019824694297154,0.0015961402426858,-0.080857383555814,0.0020449897750511,0.0042251497436174,0.0,0.0073637049194872,0.0106804478897502,0.027732553022969,-0.0012457115876292,-0.0068961305949643,0.0276999313787631,0.0100889465183464,0.0007019388092472,-0.0139698264698263,0.0016637550952498,0.0048201032591159,-0.0042279164681011,0.0212842289277652,0.0188689477943813,0.0085488173898533,0.0066637714383352,-0.0090580759796821,0.0084821759680671,-0.0022088880237645,0.0157562128156223,0.0303325857672911,0.0048798962839953,0.0078454549668565,-0.0024449877750611,-0.0431188921950806
2022-11-09,-0.0155297998075953,0.0,-0.0197280008600763,-0.0118405782197997,-0.0425658580145854,-0.0058763469689068,-0.026533226355869,-0.1601236558187326,-0.1738363450758457,0.029318127821335,-0.0211737508537802,-0.0184536189086396,-0.0053490680489687,-0.0168084610069232,-0.0553272209927284,-0.0223797690396141,-0.0278060497496235,-0.0042644267223067,-0.0258778211269691,-0.0159119012622197,0.0164136350615868,-0.0140019160516701,-0.0075187969924812,0.0046670425358641,0.0011679672292093,-0.0275463619715766,-0.0437144390767578,0.0089918032432714,0.0,-0.0036075036075035,0.0040537979637629,-0.0003397918681458,-0.0127244204287956,-0.0032959416066654,0.0466229490052849,0.026890410556323,-0.0041010289810852,-0.0263530093807318,-0.0215085314406564,-0.0012454773954305,-0.0414665853076168,-0.0509600051030171,-0.0480254452926208,0.0043128177735571,-0.0083658790514795,-0.0140222534360513,-0.0104851849616799,-0.0345587836515448,-0.0223465710508683,-0.0661904356946452,-0.0357142857142858,-0.0267599651248575,-0.0186131319868079,-0.0164545628018261,0.0,-0.0056114530371955,-0.0062363266024594,-0.0057880475997228,-0.0139557879821193,-0.0109791115365126,-0.0152810275682003,-0.0595603565741302,-0.0182432245383826,-0.0123336611605083,-0.0100685965321324,0.0104235193429094,0.0042746766354528,-0.0059522128107761,-0.002036818320049,-0.0164496764637093,0.0401854662396619,0.0022137780115014,-0.0180901001891683,-0.0121533991907424,-0.0064797634234025,-0.0012130759236049,-0.0049019607843138,-0.0185936633695189
2022-11-10,-0.0297347603536528,0.0,-0.0897857717335672,-0.0702470328799029,-0.0727791892725266,-0.1266375545851528,-0.019694033951242,-0.0316504424312096,-0.0293189971927466,-0.0416028067583786,-0.0418679549114332,-0.0666916404247099,0.0012997973301793,-0.0588617114616719,-0.0327978580990628,-0.0536939846588614,-0.0571189279731993,-0.0602708949903868,-0.0358597380650612,-0.0323265131937694,-0.0471587332901202,-0.0127059376234557,-0.1333333333333333,-0.0500077942322682,-0.117311398911169,-0.0943161021669364,-0.085498102786322,-0.0222727545243541,0.0074948317985341,-0.0463432295438088,-0.0365639164175183,-0.0282795457941131,-0.1067561205273069,-0.0181947204087425,0.0014064400148046,-0.0024612214526931,-0.0280003859793019,-0.0778162182139226,-0.054944806241902,-0.0300528718379877,-0.0245917520066426,-0.0118429100489981,-0.0188278815158529,-0.0773564463705309,0.007104104712265,-0.0838470963475824,-0.0756071902300691,-0.1096198889684025,-0.0808157519402819,-0.0942059781838788,-0.0603174603174602,-0.0816970643634859,-0.0123074237332519,-0.0289974032176222,-0.1059598886426906,-0.0171957707553491,-0.0656595561628583,-0.0539377172331049,-0.0434369071557434,-0.0534896960036432,-0.0754555308935115,-0.0349218818189752,0.0022487593052107,-0.0391802229289655,-0.013332011082118,-0.0888237116073855,-0.048582599796961,0.0228593930143059,-0.0150521936942363,-0.0371750158528854,-0.0545058956996262,-0.0235953249435082,-0.0421126237976995,0.0191376735357517,-0.0668106278360592,-0.0163244630943951,-0.0337451737451737,-0.1392125236414845
2022-11-11,0.0062586926286509,0.0,-0.0289179853803517,0.0015536764568715,0.0011515623733178,-0.0548477157360406,-0.0222948256534308,0.0116755249629694,0.0167716289249184,0.0143587915687257,0.1048739495798321,-0.0231835703952705,0.0781449945860812,0.000459001422191,0.1031141868512111,0.0120875995449374,-0.0568484633149758,0.0407289487597986,0.0068883319019157,0.0426247381509474,0.002711256149622,0.1680491418560132,0.0122377622377622,0.0061205736602014,-0.0473590959153378,-0.0250095176735877,0.0369497434386585,0.0460639560603206,0.0356881705988567,-0.0037965072133637,0.0236107798712137,0.0010493986138713,-0.0329141802985523,-0.0235768596952788,0.0900177406069824,0.0812198760615101,-0.0088949997890415,-0.0319662915094235,-0.0465066155780398,0.0176444922772622,-0.108863130116482,-0.0201130466130228,-0.0322216834385777,-0.046586105299116,0.04627694196464,-0.0242746527833059,-0.0415965693551045,-0.1306538728463233,0.0124334999193937,-0.0267214799588898,0.0022522522522521,-0.0243787740073141,0.0340178137447371,0.0333138650231312,-0.0395271987798678,0.0306177490943642,0.0183511084871168,-0.0443002392605149,0.0183680086463118,0.0362555935139294,-0.0095470990218411,0.0227052790565167,0.0,0.0212878459407157,0.0203844462591871,-0.0194937183053645,0.0607524093984752,0.033167568254069,0.0233118681872144,-0.0482629455832714,-0.0129878075724253,0.0543810836345355,0.1057759635296395,0.1039565274672122,-0.0093107977109979,0.0247643234576426,0.0193729555744783,0.0838263549375082
2022-11-14,-0.008706082342381,0.0,-0.022768632641244,0.0088765426185799,0.0163490244253956,-0.0087453118146745,0.0247720055216529,0.0076866764275256,0.0006699026993783,0.0200770220666794,-0.0184565459892507,0.0077814349856399,0.0154753888819145,-0.0013787496642271,-0.0228983688833124,-0.0045899489485271,-0.012007911094368,0.0023413642864635,0.0123072102496255,-0.0204440110209668,0.0087902147408165,-0.0311093828120658,0.0379965457685664,0.0425833809019,0.0448879059012767,-0.0071186135223619,0.004214414243773,-0.0026629820374324,-0.0610208565973847,-0.0045731707317072,0.0023715217680735,0.0024537097480243,-0.0029878636288431,0.0045967992656965,0.0025672697328587,0.0068325947939607,0.0168828989905818,0.0081189086622774,0.1463374816340368,0.0021094393121741,0.0124343257443082,0.0,-0.0029894103936901,-0.0162800071658903,-0.0172722490845455,0.0273261790669718,-0.0269498175810559,0.046244963255827,0.0087677394956311,0.0039254396033239,0.0157303370786514,0.0236752233173003,0.0276912933592174,0.0263050252489569,0.0246791054651316,0.0212223860572005,-0.0171427963554935,0.0231791401419112,0.0009976173925041,0.0061755624172916,0.0166345362510005,0.0024274956999279,-0.0028064005626867,0.0215585975521361,-0.0022470526672206,0.0179568272026828,-0.0105399662268617,-0.0087546097111248,0.013411847424855,-0.0223168912051554,0.048137255577213,-0.0171975831312426,-0.027336539886558,0.0122723757926692,0.0023515486289209,-0.0227154628461139,0.0167555628847251,-0.0250028522032172
2022-11-16,-0.0319729472005642,0.0,-0.0627235213204951,-0.0367287516022343,-0.0248076860745271,-0.0056077298175907,-0.0315929718151236,-0.0068695113352279,0.0032923978533565,-0.0306539985196702,-0.0926748631056926,-0.0525119876322461,0.0215612672653098,-0.0476396780697514,-0.0317817014446227,-0.0323248482567165,-0.024403031314046,-0.0241853290361677,-0.0405310130173851,-0.0377891460408656,-0.00736856468937,-0.0113716721136022,-0.0465890183028284,-0.0420016894534304,-0.0608072352912878,-0.0566916747337851,-0.0355071438675909,-0.0380866016776242,0.0993900333755324,-0.0375191424196018,-0.0303224003342714,-0.0440241935792784,-0.0353273071591728,-0.0194598975794865,-0.0201908443048678,-0.0203455046185876,-0.0514921899818017,-0.0316893576003695,-0.0851080145480039,-0.0312212987101889,-0.0178641631677438,-0.0130985270230873,-0.0142634503320231,-0.0347834004871497,-0.0085743254023396,-0.0432715470914933,-0.0769339605956634,-0.0801111054144285,0.0060870337302565,-0.0849587268195641,-0.0442477876106193,-0.0471119214951585,-0.0110964584001614,-0.0198553602226118,-0.0281526441531606,-0.0579239976793979,-0.0071542216401675,-0.0130050139275765,-0.0390379405948991,-0.0357876277717529,-0.0734041943669728,-0.0301048044180178,-0.0214070082383478,-0.0141805870904963,-0.0204726352810514,-0.0466301076614052,-0.0642768194345208,0.0148929821229961,-0.0481258564168386,-0.0165888832363804,-0.0731774632338445,-0.0612197100867397,0.0038368839515747,-0.0104424052738506,-0.0281366366720986,-0.0291799351427151,-0.0479600111670943,-0.00720985076239
2022-11-17,-0.0025909952567403,0.0,-0.0286739969745546,0.0004572436150171,0.0110346814165052,-0.0604891072385328,-0.0212753019511861,0.0146085908841531,0.0217022719565953,-0.0033280187483191,-0.0451573022741322,-0.0004079126080855,0.0,-0.0618679357525282,-0.0162466843501325,-0.0229018768841777,-0.0208608139137231,-0.002986591390261,-0.0253602408774822,0.0023435552231363,-0.0168790872135269,-0.0115024744819053,-0.0366492146596859,-0.0377688150095524,-0.0358961225221534,0.0121865178628697,-0.0238095238095238,-0.0037840102652734,-0.0340779822596292,0.0023866348448686,-0.0237311835628164,0.0025564174894217,-0.0453133379881202,0.0099268076408616,-0.0068689717745911,-0.0015468424238348,0.0073110384738206,-0.0194084973287546,-0.0581392564210022,-0.0060945449406442,0.0045472740373069,0.0013293476349569,0.0060949762273014,-0.0428763472559609,-0.0302592986736575,0.0062256507880291,-0.0133162170447577,0.0180188450366212,-0.0034516571876838,-0.0373586555881801,-0.0034722222222223,-0.0076382828845688,-0.0076948952989656,0.0003696639015806,-0.0082386552388546,-0.0129571023809916,-0.0112610648410585,-0.0225235598784415,-0.0166654714160411,0.0021178328706805,-0.0034666884747568,-0.0042795486690647,-0.0143937264399132,-0.0331595669206329,-0.0009196734529328,0.0118978187332323,-0.038327617352148,-0.0112626200913381,0.0005393743257822,-0.0738399946020108,-0.0257689198962011,0.0194058841349324,0.0063611651557173,0.0080066586153997,0.0120616610908148,-0.0114594555554886,0.0216998494695126,-0.0468099766992755
2022-11-18,0.0142916424599552,0.0,-0.0039283140791708,0.004792021871981,0.0156248501825204,0.0188868912988844,-0.003479287367391,0.004537888185587,0.004496643576759,0.0073480165173773,0.0255800879075949,0.0146773933164718,-0.0145548557441074,-0.0164843362836575,-0.0124705089315807,0.0097702579414447,-0.0382696337690848,0.009881311014972,-0.0375682683290121,-0.0029225947666898,-0.0013783046852371,-0.0355934523693113,0.0217391304347827,0.0050739885962529,-0.0065667137741602,0.0165388758633799,-0.011068262633345,0.0037983833870012,0.0223183966013034,0.0119047619047618,0.0109029578292298,0.0029175959009775,-0.0127828713763314,-0.011562930168533,-0.0174575353892445,-0.0184830930890476,-0.016717054952872,0.0084817030683099,-0.0864167710193936,0.0008709098341714,0.0090533798753567,0.0083939760051698,0.0079426534725621,-0.0071704901066947,-0.0164983994090125,-0.0004124754577102,-0.0202730256131424,-0.0707964316769186,-0.0173475813752116,-0.0144071646440392,-0.0243902439024389,0.0049795256736926,-0.0184087703474119,-0.0169391314630323,-0.0083070945266965,-0.0363124115201469,-0.0109372760449398,0.0086940855272581,0.0201288064089044,-0.0105787255381896,-0.0026500935739234,-0.0017949959349965,-0.0122711051307552,0.0018185298621744,-0.0078118103980933,0.0306988472622478,0.1026052867993358,-0.0063857848220303,-0.0026954177897574,0.077444266355821,0.0006804577624948,0.0007604097472293,-0.0417237975100093,-0.0273166182570598,0.0232435287902799,-0.0025753895048311,-0.0068254441185554,-0.043182985523237
2022-11-21,0.0031993584918013,0.0,0.0335806963502287,0.0361105815061961,0.0570143850932347,0.0134804386597351,0.0238477484919805,-0.0082959522929971,-0.0070451808192021,0.0099443232694294,-0.0173838653144958,0.0172758972727153,-0.0192018933959998,-0.0138836590010807,0.0058020477815698,0.0754345040575614,0.0221011673151749,0.0088986828603629,0.1967022048989264,-0.0164207401494269,0.0680902135320298,-0.011345892563827,0.0141843971631205,0.0088135478751245,0.0800915576567231,0.0524560528612392,0.0268915223336372,0.0133684238091498,0.0112724831266122,0.0078431372549019,0.0283166444501632,0.0079980552810279,0.0517506093043729,0.025730008054742,0.0090506197981676,0.0180488072689339,0.0187915628006216,0.0622557895740016,0.0675670034232278,0.0293365534877112,0.0013110714454958,-0.0052591617383793,0.0030051573471012,0.0361113868758065,-0.0312751736300102,0.0358891688766134,-0.0206925257170039,0.0730156969711672,0.0150002503379562,0.0607361559228287,0.026190476190476,0.061292584061187,-0.0036200601904384,0.0029921212485715,0.0167533608052423,-0.0002903204266548,0.0308615827081497,0.0137943036670313,0.029591948966124,0.0192477101862018,0.0232479263708629,0.0021551231074039,0.1490308441798824,0.0731717673534815,0.0111205017570392,0.0304205898183291,0.0021439270488698,-0.0286593257955311,0.0002702702702703,-0.0105709198277998,0.0294797856015593,0.0060873894095145,-0.0237376411166277,-0.011258809469118,0.0058196836720325,0.0064581502099814,0.0053448560576869,0.021233870807404
2022-11-22,-0.0006443561739926,0.0,-0.0439592693775259,-0.0015325650354355,-0.0486949687139547,-0.0033229432853143,-0.010413019318891,0.0015219404208219,-0.0038749704815269,-0.0062374788650345,-0.0207681774381689,-0.0343603645874063,0.0060213193405003,-0.0188564176103116,-0.005429250084832,-0.0027036935203005,-0.0043145018019389,-0.0085256324752122,-0.0034167292002618,0.0029800967580351,-0.0334853407994906,0.0351667059800835,-0.0314685314685314,-0.01248556461196,-0.0333330032382329,-0.0456362720999793,-0.0283819105390342,0.0042767620647328,-0.0048780487804876,-0.003112840466926,-0.0183588653439511,-0.0021664960089822,-0.0201819128410865,-0.0199546451977484,0.0348861667284328,0.0308737680827255,-0.0263488306275245,-0.026926096220702,-0.0253201681493792,-0.0131863455478111,-0.0079034548035968,-0.0079269488249629,-0.0164675801555521,-0.015689750161688,0.0079504208385305,-0.0163270075473903,-0.0475419457993482,-0.0118348546806462,-0.0208656018468278,-0.0286292475200815,-0.0174013921113687,-0.0263284676245773,0.0027790672484757,-0.0068958280240455,-0.0041193276194274,0.0284131994761098,-0.0035739195786993,-0.0369890180382448,-0.0161360103834505,-0.0042030735715468,-0.0162278250125033,-0.001789790886677,-0.0262508457102356,-0.0065877977368047,-0.0054990981479037,-0.0270600286270547,0.0110744745065349,0.0028610585916788,-0.0037791101017256,-0.0341929017267301,-0.0296246322087958,0.0249661446578006,0.0391909717133225,0.0027524789144963,-0.0225763302381284,-0.0043667592581361,-0.0149391429087663,-0.0121288815341185
2022-11-23,0.0038359831543208,0.0,-0.0480115246552048,-0.0072454419798593,-0.0350992258292961,0.0,0.0123378920972878,-0.0037937557118871,-0.0071227680736197,0.0241199851305367,-0.0164956106656076,0.0106357611722731,0.0082368315352978,-0.0400643987120258,-0.0064824292050493,-0.0108134601540841,0.0,0.0035595367557204,-0.0223329434947692,-0.020210768540235,0.0053285795944466,0.0020805262740746,-0.0722021660649819,0.01643984204193,-0.0295548839829943,-0.0132501706696456,-0.0337030175367357,-0.0125697964645035,-0.007697061632676,-0.0140515222482435,-0.0106845257703312,0.0090374215020108,-0.0109499697860016,-0.0162872547551294,0.0141596175064362,0.0062252331192864,-0.0175911465558928,-0.0081365464624463,-0.0129856235372785,-0.0034499035542165,-0.0068056416861453,-0.0093243548478174,-0.010272737163373,-0.0141633407962621,-0.0106748869799824,-0.019432730571319,0.0055461113472161,0.0119765959533226,-0.0115468321779783,0.0,-0.0188902007083825,-0.0100336665986533,0.0003703383658202,0.0047096472293084,0.0041363666688907,-0.005639156131488,0.023321938249498,-0.0066236660021108,-0.0066612377850163,0.003162638068175,-0.0202914326612718,0.0,-0.0306575525572223,0.0023797670018919,0.0085249175313759,-0.0202267402945113,-0.0035332818909149,-0.0065975720456064,-0.0051495570647891,-0.0154963794608108,-0.0094968732027285,-0.023621180296768,-0.0026091616834028,0.0098582209201789,-0.0284366222957759,0.0051595375300008,0.0010282776349614,0.0
2022-11-24,0.0203587166853667,0.0,0.0546252883828233,0.0349401839962024,0.0574796046166057,0.0558800879054828,0.0162525643948028,0.0175262680676304,0.0202300846537875,0.0229004081214776,0.0319471993540345,0.0428966358460243,0.0066770282174579,0.0547075758150279,0.0051510989010987,0.0401034327919112,0.0304343393148449,0.0174273441732903,0.022843097091356,0.0376163008271717,0.034461823122958,0.0290668934016176,0.0505836575875486,0.0236272989511947,0.0391533832999049,0.0842793798547125,0.053473407747866,0.0162955434815654,0.0225696410372551,0.0316706254948533,0.0265538996968495,0.0257857041888518,0.0416723725653369,0.0289727096258516,0.009877367943885,0.0069535606129531,0.0353523127077888,0.0459488979003752,0.0526326486369301,0.0151397311221177,0.033172699764653,0.0237547292146118,0.0357549915240997,0.0305356702048875,0.0042202413820304,0.0557366577828681,0.0478011876333974,0.0650884707067966,0.0395302848056104,0.0545877481116039,0.0288808664259927,0.0400880081206558,0.038784752643854,0.0345633197614148,0.0330875024915287,0.0351599107158071,0.0306700320274886,0.0333344351940612,0.0299279128614604,0.0136536569755727,0.0338452584689457,0.0236794921053113,0.0381737753263067,0.0250921336260416,0.0335858538388758,0.0516072102075815,0.0244579393544179,0.0043077652237828,0.0128060596682804,0.1326066123622422,0.0431511908655595,0.0574499275695463,0.016954425260538,0.0064254210604191,0.0542629945376671,0.0128235429582626,0.0210580380071905,0.0359662606913404
2022-11-25,-0.0168369217039314,0.0,-0.0896431679721495,-0.0314107951866505,-0.0423382591481609,-0.048181947557548,-0.0231328832365101,-0.012726967752757,-0.0185417641802475,-0.0318505240937545,-0.0185749034683357,-0.0434628568013694,-0.0121674572076716,-0.0534738949714737,-0.0105910488554833,-0.024533666800649,-0.0379953495275319,-0.0177107752444427,-0.0394270975183838,-0.018126305840215,-0.0096047250402913,0.0080702496012912,-0.0685185185185185,-0.0097247108649617,-0.0355854894909536,-0.039212274137881,-0.0286953703472863,-0.0180385386262335,-0.0131086271931342,-0.0468150422102838,-0.0363875851798367,-0.039802023403498,-0.0425030590471952,-0.0137899401498841,-0.0094405594405594,-0.0007615458089165,-0.009755400542977,-0.0397478268114532,-0.0249972647174291,-0.0119299983870596,-0.0221437094199866,-0.0210181995337022,-0.0352636253442294,-0.0400747359091671,-0.02710027100271,-0.0625736728456234,-0.0175463364459593,-0.0499992418383902,-0.0172877034712689,-0.0724621873182084,-0.0280701754385964,-0.0427737016541741,-0.0224043715846993,-0.0160834743208998,-0.0279760756318733,-0.0509471489513463,-0.0140297985306525,-0.0335478151191379,-0.0526083980281136,-0.038339666764104,-0.0478835536222184,-0.0276892830812538,0.0183784850078905,-0.0064538010562527,-0.0108335202575309,-0.0656403315851802,-0.0408297229880529,-0.0180530032014685,-0.0204430540904296,-0.0297620306716023,-0.0528579732609959,-0.0564697389792134,-0.0243610778942683,-0.0067527610665663,-0.0480055928846079,-0.0192490650710546,-0.0165995975855131,-0.0491182681149771
2022-11-28,0.0088746606151477,0.0,-0.0700222210738462,0.0086034022064076,-0.0105909724176269,0.00248572576651,0.0181240671998776,-0.0038014738675218,-0.0013114967320969,-0.0048870572866493,-0.0094632303239338,-0.0060824590449244,0.0003780398352424,-0.0172324629449456,-0.0103591160220994,0.0018008393742845,-0.0394445872975057,0.0026603622787457,-0.0054704960138763,0.0113172177503624,0.0051734517269921,-0.0420296208756646,-0.0576540755467196,-0.0159393351208197,-0.0101331423274628,-0.0193195882512754,-0.0159137577002053,0.0010183742568914,-0.0202607457693683,-0.0225442834138486,-0.0127384433458316,-0.010911120413004,-0.0202357314857843,0.018648683114915,-0.0034058060884746,0.0007621262029322,-0.01097177038514,0.0059926306838886,-0.0512828975596232,-0.0047398338434629,-0.0079234279918863,-0.0116233604663561,-0.0180881246019338,-0.0108798722363626,-0.0086449015842257,-0.0442221344357337,0.0089298544536364,-0.0292410728536861,0.0228703712942914,-0.0323651235414788,-0.0024067388688329,0.0008850061329372,0.0247405643181761,0.0209514110284567,-0.0082704777027922,0.0072150405846032,0.0146625270682771,-0.0053432696081444,0.0364914442546278,-0.0086204800233445,0.0015401535605457,-0.0097330980478659,0.0067021791767554,0.0013362073169542,-0.0082677551420657,-0.0144486692015207,-0.0007216982305949,0.0,-0.0096104571280031,-0.0858986657364612,0.0006955525551326,0.0098502895098329,-0.0433685830744235,0.0049443367138204,-0.0255150748643465,-0.0067110818263903,-0.0409207161125318,0.0053516054816444
2022-11-29,-0.0094232005141388,0.0,0.0188375194487662,0.0174980720906929,0.0216431358893718,0.038908619741417,0.0120580651466286,0.0159994030868935,0.011742999782939,0.0111301572010749,0.0206995503140803,0.0228533970295072,0.0410441237020366,0.0316176273847006,0.0188415910676902,0.02330789269229,0.0274119284719991,0.0058974687707289,0.0082508804293139,0.0170770502479835,0.0006363347120585,0.0846531895419633,0.0,0.008725595078898,0.0482473875752869,0.0671345461261427,0.0046426708398539,0.0015303549380032,-0.0363774319623197,0.0041186161449751,-0.0059918586621048,0.0084559949699325,0.0279837875129356,0.0137267753124241,0.0597861464236482,0.0360766192529105,0.0054326777689943,0.0286921772130062,0.0,-0.0030343502507146,0.0034183119289501,0.004524203409336,0.0086209946575779,0.0366819718451991,-0.0310067598226856,0.0021830120909762,0.0407137625132254,0.0120487474432584,0.0103210449814163,0.0288295344063953,0.0277442702050663,0.0212161952531155,0.0429503142416696,0.0418741822860571,0.0166121822669957,0.0108885317414761,0.0067984880820755,0.0053719735109412,-0.0071440151310455,0.0141285551344787,0.0319384555683301,0.0032762541185205,-0.0138282247150655,-0.0054838018428691,0.0087878132435188,0.0426440329218107,0.0249082698278293,-0.0296687743735426,-0.0019384931496576,0.0178878076702919,0.0117752882492436,0.0307606215832292,0.060441279442218,0.0386219998775376,0.0199534447533242,-0.000780059947914,0.0055985585585587,0.0168250335804189
2022-11-30,0.010153519264924,0.0,0.0207799290973547,0.0210665793618671,0.0201594177314883,0.0143381396308692,0.0008542120079924,0.0314844151620381,0.0045161013494667,0.0139218396816795,-0.0249597147461171,0.0043895458575855,0.0143357135891295,0.0306485916345338,-0.0363013698630136,0.0061334167001623,-0.004481500781657,0.0228586311420448,0.0245667143474934,0.0440107132961857,0.0160852894416909,0.0118504930061913,0.0611814345991561,-0.0049547608789315,0.0013907499898484,0.0123168339679242,0.0022846461394672,0.0053437169002101,0.0029564700638835,0.0123051681706316,0.0039401079726788,0.0043763938514662,-0.0246319365798414,0.0005666257436962,0.0177310890212674,0.0140776638552868,0.0006754154068584,-0.0042089377043681,0.0135120091286076,0.0021739896823624,0.0102359196408672,0.0144136790325006,0.010102427388803,-0.0194685096855835,-0.0150028817059699,0.0082773763330934,-0.0357191733953742,0.014881629310961,0.0051078046095762,-0.0067199538003176,0.0082159624413145,-0.0073572227876432,0.034376705475714,0.0504315368818337,0.0040687754298465,0.0218263994957896,0.0219535491911715,0.0258084650630552,0.0,0.0,-0.0052966779747808,0.0036263390627024,-0.0031153053194326,0.0075120221736875,0.0024565509045131,-0.0300317867538746,0.0095130100232863,-0.0030011374940711,-0.0405582583541521,-0.0153709171001452,0.0564866314482412,0.033475878658292,0.0129530767069401,0.0150397144700886,0.0103931500439204,-0.0101486959140895,0.0342099152277555,0.0017417511448587
2022-12-01,0.0100514615563709,0.0,0.0022440692455651,-0.0294734716033174,-0.046333171830326,-0.0251395412608691,-0.0011355034065102,-0.0247055473056814,-0.0115545208931794,0.023306694917206,-0.0487974260698338,-0.0071499121557246,0.015901078944557,-0.0229788638073109,-0.0127931769722814,-0.0182880816749277,-0.0178496649916247,-0.0237834675103747,-0.0146593288852091,-0.0310622010698087,-0.0031661297745052,-0.0130895510211482,0.0,0.0174030342898063,-0.0188048051092299,-0.0398632283801111,-0.0229238978397139,0.0179753448908654,0.0228784310240117,-0.0056726094003242,-0.0071570541101813,-0.0065339970791997,-0.0119550610116647,-0.0152248883725994,-0.028192327320331,-0.0175309278983771,-0.0013499190575876,-0.0248439534779291,-0.0666662089986681,-0.0104066508759174,-0.0142764847701738,-0.0005505675080467,-8.681761355744388e-05,-0.0180432840266058,0.0025416135894043,-0.0315357095534649,0.0194031061189732,-0.0909099640778378,-0.0287907316323393,-0.0259649308262529,-0.0256111757857975,-0.0396857784125688,-0.0375100988727734,-0.0401307750734784,-0.0081045751633986,0.0180289062630238,-0.009916281394477,-0.0086752497245768,-0.0179885482887747,0.0021526442453045,-0.0342759125496694,0.0014471379850675,-0.043776667232088,-0.0009915427238262,-0.0153754018015375,0.0092209094476172,-0.0505949276699535,0.0003767976827995,0.0176632509622574,-0.0245585645614202,-0.0460147018937207,-0.0133833322557702,-0.0447560400543673,0.0054847074927319,-0.0205724871421955,0.0134074396075263,-0.0176936936936936,-0.0165178658643795
2022-12-02,0.0155471302191383,0.0,0.0113018445463268,-0.0457687214986043,0.0217749037987793,0.0233741958314808,0.0224163936131482,-0.0024507503467551,-0.0007130432903706,0.0159115972362884,0.0109329513423594,0.0252093072392574,0.0135648827268568,0.0124522416038237,0.0089992800575953,0.0079880631207704,0.0,-0.0170207334398865,-0.0189139317253197,0.0080160198665821,0.0114305763300277,0.0125650987848227,-0.0079522862823061,-0.0036666011916454,0.0376175224713297,0.0752908357075023,0.0140770393149705,-0.0047251842991542,0.0086599520661516,0.0032599837000815,-0.0120922132251287,-0.0058479766401371,0.0410215118113661,0.0045783629956206,0.013689997808139,0.008177862251788,0.019827335850252,0.0254769004063872,0.0,-0.0021920859771669,0.0045879625929183,0.0035594728590193,0.0134694751709008,0.0238847466194869,0.0035443745972303,-0.0049075886191533,0.02595517015056,0.0451598361666085,0.0183087864370568,0.0011531052445938,0.016726403823178,0.0263412302135344,0.0129906467343514,0.0125026663639054,0.0122561939905112,-0.0002701883949991,-0.0054217506095683,0.0210083838238233,0.0068062275873916,0.0128277842808357,0.0143010934047973,0.0021675702044234,-0.0147098957480487,0.0089619336758524,0.0070133190998125,0.0084814710816396,0.0205820959849913,-0.0336654497248729,0.0014197768372452,0.0983898511832153,0.0258174806542033,0.0,0.0053575317604355,0.0071939525836095,0.0092662491185864,0.0238557745926504,0.0091374196807263,-0.0168052203450433
2022-12-05,-0.0189876885267713,0.0,-0.0424090669478123,-0.0225071357107222,-0.0336840293524646,-0.0433043987125719,-0.0230367861866488,-0.0261776820624334,-0.037083085572193,-0.0224191404519273,-0.0141423190843602,-0.0464481226251046,-0.0013746453155718,-0.0379883878043679,-0.0442383160899036,-0.0325662764096352,-0.0363481319618398,-0.0441947776993647,-0.0192785651911062,-0.0249859612470034,-0.023862557511137,0.0013787973621428,-0.0701402805611223,-0.0049122691726359,-0.0690822554788861,-0.0615185052300389,-0.0740876294049984,-0.0139914082610252,-0.0314709661672757,-0.0186839967506092,-0.032486119567094,-0.0271959194033819,-0.0729986516572073,-0.0188171056590756,-0.014469120230641,-0.0162354575447125,-0.044408201304753,-0.0322421303156855,-0.0571439079107056,-0.005711944614325,-0.0216734031380287,-0.0181705583470562,-0.0292424380882756,-0.0646260182670945,0.0221967783169461,-0.0779880680527492,-0.0472239454094294,-0.0493816760454223,-0.0556483729966003,-0.0659629534275533,-0.0540540540540539,-0.0309752146528031,-0.0135004875958987,-0.0111929648104605,-0.0121077984637416,-0.0182631199633098,-0.0260079079470298,0.0068541500626209,-0.0228680271509652,-0.0380197783867509,-0.0431462233453976,-0.0187312010653685,-0.0082957094978256,-0.0253353779089392,-0.0242647240095653,-0.0226531209618116,-0.0327698492545532,0.0219930493254012,-0.0144888557607706,-0.0958176931790418,-0.0801330339122771,-0.0349770642201834,0.0106579631448211,-0.0010369745762974,-0.0440647038516545,-0.0243174010366168,-0.0274185204345576,-0.0350738956066714
2022-12-06,0.0018748853128665,0.0,-0.01167047425064,0.0058149101547575,-0.0099602917124322,0.0024652684454906,0.0102279151417774,0.0145893719806764,0.0236456520518724,0.0059689992748368,-0.0261588820578444,-0.0004097493324688,0.0137445977393615,-0.035509965415615,-0.007465472191116,0.0154557116582432,0.0282617111885403,0.0199944476275422,-0.0140410958904109,-0.0052453940238428,0.0147947255213691,0.0116945820840088,-0.002155172413793,-0.0209348016311973,0.0095515172258884,0.0216151041053993,0.0670280648257948,0.0086142435414784,0.0066484335045471,-0.0049668874172186,0.0165426904099981,0.0007579240336468,0.023689521812175,-0.0319533266015932,0.0130497582023785,0.0247487928186895,-0.0240459897162486,0.0005452183193355,0.0454573822414305,0.0075123763115307,0.0069941444372154,0.0090312222254078,0.0230808152122752,0.0019265280270241,0.025169943046114,0.0505588837884798,-0.0088508179376576,0.0129876114350531,0.0407936556916717,0.006194600397499,0.0124223602484472,-0.0009132956621128,-0.0017085128509878,0.0007835105395912,-0.004085397996837,-0.038312450295032,-0.0008598541895744,0.0242672335806042,-0.0010648067291278,-0.0010899317554095,-0.0042609430715692,0.0201885008844753,0.0156129987291744,-0.0449130236884287,0.0094431986861636,-0.0132436302010285,0.003724028114272,0.0150446588371657,0.012109256212524,-0.0115207939276327,0.0161966934487021,-0.0036923860453271,0.0342516647137836,0.0145311624774819,0.0057609134917153,-0.0012943276550586,0.0029240943070729,-0.0027952553942147
2022-12-07,-0.0031136522902466,0.0,0.0188821121229842,0.0154916455471569,0.0046704351886093,0.0057504738131559,-0.0022531311896679,-0.005290501433726,-0.0112206732403945,-0.0112409160332855,0.0181965339935248,-0.0200634245662083,-0.0308468010535053,-0.0200309527726494,-0.0195562241444151,0.0143376813138307,0.0091975043029259,0.0168459943711563,0.0227856894755122,-0.0281021988694374,0.0171133146564435,-0.0190448049854947,0.0345572354211662,-0.0050252103674475,0.0087301082787702,0.0102478482397305,0.0047099915325996,0.004272478723313,-0.0066045237674501,-0.0016638935108153,0.0189097628580228,0.0045275460203946,0.0211036457759663,0.0060035696900859,-0.0022514697721007,0.0021899606299211,0.0139764052741153,-0.0120056579054156,-0.014491131457396,0.0061346056959963,-0.0034727830722015,0.0013354549070863,-0.0072631706068744,0.0038193072566836,-0.002404902300844,0.0198970586420135,0.0232176215794552,-0.0576914328904502,-0.0008696769347842,-0.0036909945500159,0.0134969325153373,0.0100554358691993,-0.015082395095789,-0.0113108032936619,0.0,-0.0568695712517782,-0.0090544938663106,-0.0108061560202257,-0.0042581271008639,0.0032981612131282,-0.0049923724650298,0.0021605504587156,0.0054932966655207,0.0157371818115887,0.0070708966898191,-0.0302036525691611,-0.0092755279587867,-0.0046914653114943,0.0082587325310858,0.0489314115308152,-0.0233775415949185,-0.0037145899893504,0.0012710869174761,-0.0355804613346956,-0.0076343709124485,-0.0025981524249423,-0.0119317579131752,0.0037374543316677
2022-12-08,-0.0187562407636697,0.0,-0.039360393603936,-0.0209484126225655,-0.0208602767916273,-0.0416318126246701,-0.0126784989483782,-0.0182642087459711,-0.0287083462750142,-0.0060010389042295,-0.0119142250610206,-0.0263259508508701,0.0122450274402816,0.0009015534698928,-0.0471806674338319,-0.0291403448224119,-0.0363481319618398,-0.0280139642692394,-0.0208856890579364,-0.0066233649768758,-0.0317752267393923,-0.0235767682576193,-0.1022964509394572,0.006321712455299,-0.0461716206280853,-0.0209431542954837,-0.0303924150645246,-0.0195134648454669,-0.0214202595631453,0.0016666666666667,-0.0173830250272036,-0.0086434910145596,-0.0399974111707979,-0.0483333333333332,-0.0016144057449328,-0.0094895528984261,-0.0063074038079856,-0.006630249191755,0.0294084242566496,-0.0200412371134022,-0.0278790825836778,-0.0325969751142134,-0.0350580438862756,-0.0305169246916818,-0.0164113024732853,-0.0412869573636374,-0.0157090121178075,-0.0340151211324509,-0.0279033422684694,-0.0704610575670746,-0.015738498789346,-0.0330309509695995,-0.021572365056488,-0.022491421585652,-0.0288474262273389,0.0153046208182083,-0.0139163754263336,-0.0111742069125616,-0.0614999461917949,-0.050384962368847,-0.0383441860062235,-0.0226208512800325,-0.031131836798884,-0.0198384365884009,-0.0262830868646701,-0.0532812225674221,-0.0168436548966265,0.0009427157806825,-0.0096046579152467,-0.0266530834656117,-0.0192236584501971,-0.0439630918684099,-0.0368975176277406,0.0122585944958435,-0.0346405003532106,-0.0323182559965513,-0.001610305958132,-0.0093088444481633
2022-12-09,-0.0120973322370295,0.0,-0.0409446578460662,-0.0076751236191331,-0.0315317669052884,0.0,-0.0014276424465755,-0.00697785290166,-0.01717679305619,0.0079442572600794,-0.0034451101204842,-0.0193140240304038,0.0390433211110763,-0.0159151687958331,0.0096618357487923,0.0081760714672105,-0.0094574415131907,-0.0018573638323803,-0.0142381464395963,0.0090920815063193,-0.0083659298908872,0.0518443733991438,-0.011627906976744,0.0062819994610616,-0.0090734908714514,-0.0131257275902212,-0.0144502390265102,-0.0224564579724777,-0.010565860530641,0.0141430948419301,-0.0004767925091281,0.0,-0.021528573675813,-0.0156730451064104,0.0174565285333163,0.0176860630848361,-0.0016474691512777,0.0005552241274415,0.0285682762678827,-0.0048933560968571,-0.0017674030846184,0.0124955085099984,-0.0095151762558831,-0.0059003437356213,0.0358211769141942,-0.0184618297724619,-0.040785960335093,-0.0140851567665647,-0.033181383422536,-0.0159575296187317,-0.007380073800738,0.0051449620422217,-0.0021323354716082,-0.0028210448524814,-0.0211881727755824,0.0144699971011692,0.0052949591135214,0.002555362423531,0.005129907359908,-0.0126887038001041,-0.0160239954603182,-0.0062473949674284,-0.0028158875338754,-0.0097713768379865,0.0283900197817625,-0.0131588495682252,-0.0468432574430823,0.0355935096047481,-0.0079850636876336,-0.0091276409307758,-0.0103538319893325,-0.0140342403263028,0.0330243420204308,0.0333021049399349,-0.0079691585532363,0.0126577445159319,-0.0026881720430105,-0.0582676999092041
2022-12-12,-0.0174122998574383,0.0,-0.0125793627247374,-0.0159355159650261,-0.0221242386456286,-0.0247079360816435,-0.0340204796550795,-0.0187347241620111,-0.0111903876545506,-0.0148173077797688,0.0250633945276514,-0.0468265583177678,-0.0329212935268362,0.0170878664785549,-0.0047846889952152,-0.0442127855281311,-0.0476270240089334,-0.0176983358281234,-0.0144262064354955,-0.0132212920953415,-0.0356900196285671,-0.0303857092072521,0.0023529411764704,-0.0199835980518502,-0.0419935548394266,-0.042643545961249,-0.0122092382317275,-0.0028715419067038,0.0175452026271873,-0.0221493027071369,0.0014341373940554,0.0018950413085758,-0.0127810569348429,-0.0127413602262944,-0.0066731662148146,-0.011581742010912,-0.0235496698244674,-0.0233477965701466,-0.013887399080371,-0.0035763045658293,-0.0073493794785282,-0.0142750573971738,-0.0094550611851554,-0.0138854855835987,0.0023718517507338,-0.0130152401774805,-0.0036974075648109,0.0,-0.017628424387215,-0.0189216554866472,-0.047087980173482,-0.0311909520101502,-0.0270831721239755,-0.032373459891257,-0.0259622746572005,0.0294201690677462,-0.0285228841456939,-0.0301628831717409,-0.011906691885076,-0.0350491003756673,-0.024427418026034,-0.0096090859822333,-0.0231781283395967,-0.0238445532692995,-0.0149355605333862,-0.0037094230784944,0.0147863353866082,-0.0018189142668798,-0.0023020329439579,-0.0460831757105307,-0.0254115288220552,-0.0245035335528762,-0.0140634101689274,-0.0298621060850713,-0.0221024792198913,-0.0023943290222842,-0.0277642602170905,-0.0239576676868573
2022-12-13,0.0026250020966469,0.0,0.0,-0.001190955591922,-0.027509310772909,-0.0052418323793788,-0.0473766185461561,-0.0294336769300908,-0.0297086716886229,-0.0076816545102021,-0.000843123448097,-0.040864255519023,-0.0003430710053019,0.0090024111938979,0.0148237179487178,-0.0207872197093638,-0.0150085009087178,-0.0385562328194097,-0.0161011049427893,-0.0298405009681326,0.0141310942790595,-0.033427741267266,-0.0023474178403755,-0.0445734779267356,-0.0326640451914489,-0.0029264085266302,-0.0049663792862921,-0.0240832600358079,0.0029941471194498,-0.0335570469798658,-0.0028672403196066,-0.0128627366395114,-0.0460049552745757,-0.034839009725025,-0.0095952171808615,-0.0146498934217171,-0.0086844953638417,-0.0387028529980657,-0.0140829749740748,-0.0251118575014247,-0.0332834138215349,-0.0304036678373572,-0.0377590542797877,-0.0260912780584775,-0.0373377820903484,-0.0268689000951226,0.0,0.0,-0.0292687107625719,-0.0371863510288331,-0.0208062418725617,-0.0331562824944495,-0.0135575799475071,-0.024678174801897,0.0,0.007220018274135,-0.044718202089983,-0.0346020439908434,-0.0522113246071389,-0.0060514165505559,-0.0399841423993768,-0.0350882201792954,-0.0179391691179665,-0.0080849185587097,-0.0305444970772021,-0.0327136144074398,-0.0346460257106644,-0.064309999021622,-0.0279531671421666,-0.0217598434321325,-0.0026868226367893,-0.0145822483446172,-0.0337187711006076,0.0042196137021797,-0.0212405824831887,-0.0088002771740841,-0.0077626953037192,-0.0112448599848384
2022-12-14,-0.0098117121563182,0.0,0.0228952586983954,-0.0028594140488731,-0.0152020185305136,0.0342465076273614,-0.0247931867541911,0.0237615141377571,0.0211348634409251,0.0161242300749919,0.0177205330069267,0.0248912619927752,0.0137587487130421,-0.0038659318218166,-0.0051322542439794,0.0192956592956592,0.0507707874531278,-0.005258316344289,-0.0044630708104282,-0.0018823466588346,0.0106146868667376,0.0345837995713769,-0.0235294117647058,0.0026633300563052,0.0296540559985611,0.0197726149283243,0.0074587107085775,-0.0048266301886273,0.0381176682367765,-0.001736111111111,-0.0047893930661669,0.0042145867561966,0.0203501841149071,0.0347628553727541,0.0051676312610016,0.0111413994898212,0.0143567404839557,0.0254594842709556,0.0,0.004141791044776,0.0191293450070495,0.0104498196477826,0.0043113315528422,0.0164994046606565,0.0127675376807407,0.0266064996451573,0.0389668557778439,-0.0607132273811936,0.0068094029356582,-0.028606840183566,0.0092961487383798,0.0089468421542182,-0.0980308245728285,-0.0793282843918241,0.0044304702015149,0.0369723919952,-0.0137081917316032,0.0090711891145731,0.0236135154196319,0.0,0.0153671725526514,-0.0030969218175183,-0.025932155873283,0.0192645813887861,0.0632541275998519,0.0069183029809747,-0.0505706488610466,0.0221955007765919,-0.0136367281475541,-0.0024481415183742,0.0065391835303338,0.0180917327293317,0.0550290431060835,0.0084722418915321,0.0056016090528019,0.0053829727737244,0.0354863361898405,0.0144744026114331
2022-12-15,-0.0085911233506225,0.0,0.0074609329103514,-0.0143495391744713,0.0103348669733946,-0.0212210719509047,0.0283178606878029,-0.0128024351485037,-0.0121337919582492,0.0222138795542574,0.0248742619724471,0.0065405147123045,0.0030519080837094,-0.018805709328138,-0.048015873015873,0.0066208137815773,-0.00481477285601,0.0092538208720209,-0.0119548776265193,-0.0050290575198452,0.0039434736942614,-0.0229787078028615,-0.0457831325301205,-0.0066495525368132,0.0127987143056784,0.0481398448860881,0.0123577054746861,-0.0064682517791141,-0.0266390185396586,-0.0165217391304347,-0.0132357631931819,-0.0083937971261913,-0.0051742886846791,0.0167974986695049,-0.028275852754881,-0.031609017721331,0.0098338448394095,0.0202101958475897,0.0285682762678827,-0.0059579106437268,0.0,0.0078819285601792,0.0055844698552596,-0.0203034359660865,-0.018420976049821,-0.0249386967183179,-0.039291359596001,-0.0114073649734118,-0.0057987218696218,-0.0382944239456533,0.0289473684210526,0.0206850854196076,0.0255244827372806,0.0265478016255096,0.0,-0.0113338131886384,0.0110273217704042,-0.0067446150326267,0.0135982411855712,-0.0097439632780396,0.0019901910294604,-0.003492386992095,0.0163370723542197,0.0052601876204572,0.0084638042508464,-0.0076285743154491,0.0223329596357186,-0.013903155274632,0.0090162968142146,-0.0222984562607203,-0.0015288765012091,-0.0315081064545731,-0.0419892094768941,0.0032221575801718,0.0013926014542871,-0.0058851417554284,0.0005396654074472,0.0071453927103251
2022-12-16,-0.0100033230800692,0.0,-0.0864190331797772,-0.0067904503110108,-0.017535912109774,-0.0147471018526657,0.0203432724441128,0.0056680345523385,-0.0014408010854033,0.003726363123337,0.0,-0.0371249476789888,-0.0158983406202858,-0.0006104468219005,-0.0596081700708628,0.0291347381864623,-0.0437133587569013,-0.0144128080830594,-0.0408543445782689,-0.0075884365401031,-0.0130869387405724,-0.0085558286582735,-0.0757575757575756,0.0347983704527916,-0.0442351696620557,-0.0164465127034136,-0.0195199736067962,0.0032528676596472,0.0022194345266814,-0.0141467727674624,0.016583029698185,0.009621065068782,-0.0408288288288287,-0.010165527168046,-0.0023164019791338,0.0030393196010574,0.0097380820514818,-0.0481061653303843,0.0,0.0009220953994917,0.0075149444918871,0.0034227718499337,0.0111006170507492,-0.0484798451377818,-0.0004980729321077,-0.0250749103750869,-0.0111540844889848,-0.0884614254101423,-0.015546098039648,-0.0015418541692813,-0.0421994884910486,-0.0231618165909283,0.0028094219564036,0.0004473986961524,0.0177148548662493,-0.011740954173037,0.0014171701350043,-0.0085995911355107,0.0005870575439983,0.0135315180281456,-0.0123209203463307,0.0140185060164408,0.0029734402480103,-0.0280063978306693,0.0159129333486847,-0.0653837669059376,-0.0019564933841537,-0.0065676583348101,-0.0196602166652566,-0.0379757085020243,-0.027163717122953,-0.016673366641781,-0.0238952583971884,-0.0170927286683145,-0.0097253203662395,-0.0080755926340421,0.0099769672585205,-0.0273327800075039
2022-12-19,0.025588060626404,0.0,0.0297440479989787,0.0173411759191997,0.0536192770151968,0.0642625615812375,0.0107399516662427,0.0201659264603106,0.0274988877800088,0.0006202422068128,-0.0056631283227539,0.0737622791346159,-0.0113434417966598,-0.0304402309780041,-0.0039893617021276,-0.0210036453889708,0.0406523421224926,0.0455165049153556,0.0394407907388179,0.0312089400609549,0.0132604778012277,-0.0201264169868095,0.0983606557377048,0.0026014568158168,0.0553777670837343,0.0410250382038321,0.0621933095925748,0.0027027027027028,0.002214519545542,0.032286995515695,0.0326312117385922,0.0122001170275014,0.0448961190216778,0.014120116001421,-0.0139213938110628,-0.0090903303838563,0.0197596538132907,0.0362676634381036,0.0694441464827408,0.0036849836914574,0.0322936090862857,0.0155872276684414,0.0299844939999875,0.0571428571428571,-0.0247024904191829,0.0483524625590856,0.0281997536573244,0.1012658810956228,0.0394789893378728,0.1211685909752025,0.0213618157543391,0.0365575987332555,0.022820272800214,0.0149731680827955,0.0130723523243621,0.0121637817942781,0.0123125050132348,0.0461203349629701,0.0274025901839809,0.023059332593901,0.0404415966539812,0.0257303986841075,0.0118733607257757,0.0180355916872814,-0.0317568252718476,0.0493772241992882,0.0141337283032749,-0.0162242240848585,0.0109395611846945,0.0605448475156413,0.0475820744366612,0.0305345740538858,-0.0612226829376263,-0.0036182156500346,0.0385953007040462,0.0002756516276267,0.0193699987298361,0.0364235701177102
2022-12-20,0.003616985565626,0.0,0.0236161904171574,0.0189689724276138,0.0398029134532988,0.0438313805115213,0.0257977238227822,0.0324077654884369,0.0359140590259086,0.00957880889206,0.0203406500067058,0.0271838141270914,0.0118204800723209,0.0270021887522813,0.0431686693368937,0.0317218868343078,0.0341455044612217,0.0168408024465123,0.0333746508056906,0.032123106831825,0.0163491625690725,0.038887547679977,0.0621890547263681,0.032243556478118,0.0180112399256753,0.0288504968383016,0.0,0.0207675961105029,0.03019576254277,0.0251954821894007,0.0113843936943374,0.0079115034747025,0.0170310177860875,-0.0306659497156637,0.0235314616159809,0.0259793655484317,0.012919652196476,0.0235190894578425,0.0519491808759611,0.0128438887648529,0.0096231217669759,0.0225400858669937,0.0106591373535351,0.0353190887222301,0.0076033138282989,0.0421959152155277,0.0585095204068764,0.0804592893146214,0.0123474082294505,0.0465093931677316,0.0196078431372548,0.0128729762276436,0.0242657200943956,0.0308263637007373,0.0385730057963014,0.0022366793010588,0.0336753694386118,0.0340462154933878,0.0402931063502369,-0.005929356336916,0.044287230114101,0.0277051277156274,0.0263905716488601,0.0270290522169176,0.0215678422916985,0.0549004680295177,0.0536326234500139,-0.0059373099673833,0.0084146683523103,0.101743340123277,0.0255260698633668,0.0271551764850339,0.0217384470292361,0.0044512366553211,0.0155359541181168,0.0238661343142974,0.0081331664410602,0.0160604522641403
2022-12-21,-0.0117065665476497,0.0,0.0384522223567882,0.0037695116024096,-0.021695814177993,-0.0047469483903205,0.0094691887167142,0.0061325399203733,0.008156072433153,0.0244972238540943,-0.023124780932352,0.0167649589287346,0.0123732546542552,0.0177294760840214,0.0055460750853242,-0.0018122341160751,0.0047010674188374,-0.0071848928174704,-0.011744275560807,0.0059815843562478,-0.0135127547678313,0.0056422078042794,0.0351288056206089,0.0149981566511379,-0.0053861572399585,0.0225813532349228,0.0023494627913729,-0.0044925897053454,0.0049998923982983,0.0067796610169492,-0.0105675123632504,0.0003728056699237,-0.0021801383504012,0.0053203113180588,-0.0006579219787348,-0.0044707149386997,0.0066042443276876,0.0201807336500339,0.2469186811510371,0.0190245843921257,0.0012036238838013,0.0089115485957882,0.0040559699930007,0.00401825984747,-0.0154782314732088,-0.0174181678900408,0.0034547115117342,-0.0744676732481609,-0.0084398514245574,-0.0156864545551933,-0.0307692307692307,0.0079977102219872,0.0263649998404442,0.0216765763221566,0.045511926117866,-0.0064129599888277,0.0153857104529748,0.0046403193184054,0.0109153525676215,-0.0059647233068533,-0.0157425332632074,0.0018204362545453,0.0142868385093613,-0.0129868776252567,0.0030755128870021,-0.010407013457769,-0.0168331408122126,-0.0026782933665525,0.0089450918897564,0.0270127500180084,0.0398989760126948,-0.0024000441387429,-0.0028460224912697,0.0057137406549692,0.0312756907459701,0.0007949374377975,-0.0007809120378434,-0.013830767352285
2022-12-22,0.0048734675229078,0.0,-0.0222170388943961,-0.0002364691773686,-0.0189909881180344,-0.0191142191142191,0.0090841422473377,0.0030422619110936,0.0033727379685135,0.0158403718219013,0.007346543357164,0.0021697921443124,-0.0050899463297997,-0.0057074504442925,-0.0199406024607551,0.0018770674667281,-0.0046790707915886,0.0132180350893897,0.0029709606710022,-0.0071352212993947,0.0163065131192015,-0.0007024743735499,-0.009049773755656,0.0086347801680728,0.0030960798000496,0.0060103571332741,0.0046615749275744,0.0119452843511795,-0.0021341898643825,-0.0159932659932661,0.0099842856545353,0.0044801913295602,-0.0094954648526077,0.0198560333079733,-0.0187331958307245,-0.0164536580456877,0.0108579820482779,-0.0148332282986719,-0.0594094737056747,0.0275504440518681,0.0047599707578589,0.0027885711050243,0.0020197927776022,-0.0099918322896814,0.0102337388403805,-0.001738185768604,-0.017214087851207,-0.003831593917972,0.0227014146791748,0.0092975527846015,0.0052910052910053,0.0042046633539016,0.011541140185056,0.0178175216835876,0.0474072191154042,-0.0103843094040687,0.0169374538277782,-0.0096609105040688,0.0016176235224178,-0.0036030178660924,0.0050434193382615,0.0163634256576659,0.0073214084189143,0.0241507122717721,0.0098655732974219,-0.0105164583816753,-0.009376195061717,-0.005578405481603,0.0236327750431502,0.0131628167960349,-0.0165438468598797,0.0120475264317383,-0.0042580764602424,-0.0056812792984693,0.0178757105226672,0.0058228259781847,0.0140617796219457,0.0040070686491902
2022-12-23,0.0138759082910235,0.0,0.0555522423664121,0.0140901385924503,0.0504090995516466,0.085743272886809,0.0246887560781008,0.0136592608303725,0.0174770509012129,-0.0117692996566403,0.0226892252894033,0.0692641509433962,0.0034089385359614,0.0833846317295945,0.028138528138528,0.0127616444246509,0.0235606437697029,0.0158473764897297,0.0118486408380744,0.03594523480355,0.0070563857490877,-0.0224857325206034,0.0753424657534247,0.0231945262882209,0.0385422629269223,0.0219507641426399,0.0627834429968279,0.0054123446187428,0.0057009606512112,0.0179640718562874,0.0177005809482115,0.0029761904761904,0.0294748891114611,0.0240109520764677,-0.0388478879979731,-0.0365017649767227,0.0103165237458369,0.0552153053367292,-0.0421061189095443,0.0229288859520369,0.0165890570430733,0.0134453188410912,0.0157273840811522,0.0282704947336578,-0.0212676851362916,0.0595661052537241,0.0280249647674653,0.0307706519867811,0.026836410197206,0.0618491589130567,0.0250000000000001,0.0641544317563893,0.0511643060883248,0.0471000132117849,0.0528455284552844,0.0065220787705768,0.0030648821770207,0.0131507933652359,0.0317866130992805,0.0348690202688923,0.0546652820481494,0.0132402909853823,0.0162238996176844,0.022343891775963,-0.0138947594015846,0.0759302841732343,0.0234553775743706,-0.0270032635392016,0.0060576964360292,-0.002169147340487,0.0146752134454297,0.0190447565440734,-0.0114344147996653,0.0066472664270043,0.0240570013024492,0.0121067784279218,-0.0112996856269995,0.0029933070998553
2022-12-26,-0.006843001287215,0.0,-0.0047741461623208,-0.0076413454543434,-0.028323934841666,0.0052361750667149,-0.0014177207751187,-0.0232049632256782,-0.0237841753465554,-0.0101228311286719,-0.0253552521593758,-0.0332004023221752,0.0013620266957232,0.0069712841930384,-0.0193684210526315,-0.0134954812882878,-0.0045928567569027,-0.008869769351304,-0.0131736313168276,-0.0300732458810722,-0.0070069420629699,0.0165401865975285,0.0021231422505307,-0.0095506247100416,-0.017075358528493,-0.0019574068274349,-0.004365842829658,-0.0086620724019343,-0.0063727791291482,-0.042016806722689,-0.0221361887156592,-0.0244705499776431,-0.0214732453092424,-0.0183804987391426,-0.0181197799462069,-0.0071017070645392,-0.0162849370821047,-0.0200839732363375,-0.0109878296490343,0.0004230311899753,-0.0128351941979196,-0.0128072985583953,-0.0198509568383647,0.0039314273488273,-0.0113796332471333,-0.0534745465749948,-0.0255571657984412,-0.0074630209754885,-0.0297328236472534,-0.0024807416111762,-0.0359435173299101,-0.0257744075054421,-0.0031521389514312,-0.0071639363797587,-0.0322710770471964,-0.0014082877309634,-0.016599177442035,-0.0054424063781807,-0.0339433963307725,-0.0108635682946693,-0.0273446298596408,-0.0180097048046886,-0.012113194286541,-0.0106705933374348,0.0158533714071829,-0.0345775113844237,0.0028130353969835,-0.0140918772879418,-0.0083179763729123,-0.0564048009990518,-0.045856801114341,-0.0381641864414353,0.0057833364679331,0.0091524507504328,-0.0323781972950281,-0.0234016932283154,-0.0080500894454383,0.0139270784432072
2022-12-27,0.0,0.0,-0.0745103604882203,-0.0263658595275803,-0.0253306612022186,-0.0350218991550193,-0.0332129379657351,0.0061264927970869,-0.0047333153444864,-0.0015011953159235,0.0138203973699255,-0.0196798656676918,0.0239339314677562,-0.003044754744003,0.0274796049806784,-0.0009222539887485,-0.0463033329714472,0.0027769189034669,-0.0103829386972486,0.0083506115538984,-0.0263214389053267,0.022628688448292,-0.0720338983050846,-0.019269285437395,-0.0362502886169476,-0.0143301691901363,-0.0549485940790288,-0.0052956118226776,-0.0042805400065855,0.0,0.0087773008833773,0.0022792616359015,-0.0409653670430605,0.0135541800210408,0.0496850562026778,0.046096872952847,0.0047626586453468,-0.0215782418916905,-0.0222198067494665,0.0009885601307413,-0.0106175584449063,-0.009269775874597,-0.0056679726695018,-0.0352176461185999,0.0230212397596256,-0.0159318809959979,-0.0402154470727736,-0.0526339551396498,-0.0204257919076363,-0.0706806282722514,-0.0559254327563248,-0.034135134851616,0.0066703430797392,0.0068202517703708,0.0359673673554457,0.003948201406317,0.0155462139700901,-0.0046330598727024,-0.0243209819997252,-0.0170652996719743,-0.0373036562611652,-0.0017968710607498,-0.0005579851157471,-0.0175649638608259,0.0019136026243695,-0.0387428138329182,0.0080211722694025,0.0285842551609485,-0.00665073099358,-0.0896524680162736,-0.0107189469884201,-0.0056683547832551,0.0086173312763935,0.0238773254686339,-0.0124654215563305,-0.0039947910441188,-0.0047149144503083,-0.0284526854219947
2022-12-28,0.0020653728123354,0.0,0.0675049838981751,0.0186912127734781,0.0275565488805826,0.0347481970684462,0.0179112200021305,0.0304672280358111,0.0305909198739311,0.0129488087530469,0.0200470555061109,0.0474155786729968,0.0016692482367623,0.0286098453723762,0.0033430839949855,0.0311240345856795,0.0485514258068189,0.0027692289791667,0.0374709828364621,0.0224674589700057,0.0243967905518756,0.0228197449504374,0.0433789954337899,0.0135048337423211,0.0470258060099939,0.0350462950680499,0.0558104175950924,0.0071871362442812,0.0171885783298826,0.05,0.0178615099487609,0.0345102832412478,0.0427152113545203,0.0222962480186028,-0.004395167210537,-0.0091121704346492,0.0124135033285626,0.0369364253221471,0.0681800895181814,0.0013243898958186,0.0202905158936945,0.0257268383688058,0.020362439408228,0.0446211619173846,0.0199524183263022,0.0225658522030731,0.0309699304799395,0.0674635323475765,0.0255941499085925,0.07358372456964,0.0578279266572638,0.0404678896093317,-0.0055829783266218,-0.0123489688155229,0.056618957291487,0.0469387352946972,0.0258101398490351,0.0063451776649745,0.0232665946859449,0.0210906044802334,0.0362657502863688,0.0208940830712007,0.0156113697110118,0.015222579640967,0.0152558558879178,0.0410592360214063,0.0310246542825802,0.0132641370468371,0.0104800500962936,0.0681940555675209,0.0425984962406014,0.0342040091584505,0.0199456169081977,-0.0022430491035319,0.0312219989386781,0.0122977223632849,0.0181537788658432,0.0535339437882242
2022-12-29,-0.002061115839717,0.0,-0.0608228466356375,-0.0091741307567527,-0.0054661120552972,-0.0141739283587596,0.0017267155030646,-0.0044318639655367,-0.0006576711863292,0.0023807787505845,0.0188669465609288,-0.0236544135945109,-0.0103240851949715,0.0194430478744205,-0.0104123281965847,-0.0026857253696602,-0.0185104766040603,0.0187160966553534,-0.007223524022622,-0.0098276169566368,0.0096479571784171,0.0201836821870995,-0.0175054704595186,0.0121223939290531,-0.0217050209205019,-0.0006407956118317,-0.0198132883106564,0.0013214536886476,0.0077458567440544,-0.0033416875522139,-0.0053987396186433,-0.0095323061590272,-0.0175532040811495,-0.0373862670402669,-0.0027162925223462,-0.0053653880878066,0.0075793339939096,-0.0164807244969399,-0.0851080145480039,0.0154554835325841,-0.0046764771602769,-0.0018257549461991,-0.0019956084839852,-0.0252431803764009,0.0015029277031657,-0.0172724389470346,0.0265055346806135,0.0185841318543953,0.0,-0.0304655840937581,0.0133333333333331,-0.0094990553137298,-0.0161397134233891,-0.0120986637508696,0.0107170057665106,-0.0010755492695675,-0.0127919337027978,-0.0029409274615784,0.0075811011520752,-0.0024346675487925,-0.0200760506709702,-0.0052942896340777,-0.0087816944959802,-0.0031378721751483,0.0068648013881504,-0.0072997993763748,0.0231493391820769,0.0022838272277971,-0.0008613566562212,-0.0023691307306499,-0.0100346925745582,-0.007084444042832,0.0,-0.0012355463676444,0.0019402733254598,0.0126724444527637,-0.0049094129625238,-0.0249329556591886
2023-01-02,-0.0227274627689373,0.0,-0.0155403958518155,-0.0363245003886421,-0.0527790723806161,-0.0681622895451027,-0.0423248837781973,-0.0207948531700736,-0.0264009388950434,-0.0094919374165497,-0.0200607078055314,-0.0568115097697409,0.0020175868851795,-0.0354949983697783,-0.0227272727272728,-0.0206460106820663,-0.0330180852828937,-0.0304229715646019,-0.0305595485279241,-0.0502344647681748,-0.0254882151761467,0.01168044942252,-0.0534521158129176,-0.0275507746648471,-0.016840417000802,-0.0236733437636256,-0.0471908404681088,-0.0147852228296366,-0.0006942934687322,-0.0611902766135792,-0.0298586089072313,-0.0307182329408517,-0.0409503270966109,-0.0220029108272963,0.003062363457704,0.0061593921004174,-0.0325220623822224,-0.0459479784382049,0.0116326408429625,-0.0095666917436756,-0.0176392296467343,-0.0193063350650615,-0.0197069614354642,-0.0278764541584184,0.0040037936995773,-0.0561490250246889,-0.056806489908983,-0.0547431585993657,-0.0489881514102967,-0.060214698099591,-0.0342105263157894,-0.0543371729072915,-0.0666900959608294,-0.0644899308600094,-0.0459658754507777,-0.0120914232186551,-0.022031727778794,-0.0193958678757055,-0.0510463680187588,-0.0231459988592802,-0.0366543410137416,-0.0152529189917609,-0.0150223220475278,-0.0649031067363888,-0.0206744885051467,-0.0632837419951788,-0.1138779267492308,0.0153415360785744,-0.0095181996559404,-0.0284465553394134,-0.0554530302382775,-0.0523384388565811,-0.0181619885786994,0.0058504587737269,-0.0546686873789677,-0.0250708564386937,-0.0106465583696579,-0.0373671769721872
2023-01-03,-0.0014117888648362,0.0,-0.039464280165315,-0.0187227630626504,-0.031166403403735,-0.0334699765363231,-0.0186381380562417,-0.0472733823622913,-0.0496259744941642,-0.0311465777217071,-0.0283449851180176,-0.0469436897701553,-0.007387969317723,-0.0475163766312715,-0.032730404823428,-0.0238309833335879,-0.0487874628231526,-0.0124229804580348,-0.0090065352298314,-0.0412053597703329,-0.0143899261006439,-0.011545591722354,-0.0635294117647058,-0.0036817513909754,-0.0443515497553016,-0.0347028844638259,-0.0448225441977933,-0.0091087004890364,0.018878252814193,-0.0151785714285713,-0.0214504075577437,-0.0244375143891667,-0.0225239937691572,-0.0370618086965246,0.0020353426794239,-0.0099622388617528,-0.0432211936319053,-0.0549541797789316,0.0,-0.0241420748920154,-0.0251056953037006,-0.0191119841714476,-0.0208251851762709,-0.0164021311612597,0.0034915908859913,-0.0237984517329101,-0.0273762822798883,-0.0193059144385476,-0.0223488941321748,-0.0417713216119793,-0.0231607629427792,-0.0318667602777127,-0.0141366435842614,-0.0253063419506012,0.0222284908321579,-0.0669216998945535,-0.0189951897381079,-0.0189135854233224,-0.0226528482493073,-0.0137142546777828,-0.0245853649397427,-0.0133308842100429,-0.026082978498786,-0.0095504385964911,-0.0165427344097172,-0.0369205441469543,-0.0340411205963688,0.0177617583192795,-0.0139812769041121,0.0439191824635305,-0.034378650520739,-0.0159031979256697,-0.0113702983739084,-0.0017893246461846,-0.0299259866223714,-0.020059280419134,-0.0249336283812692,-0.0633268694564606
2023-01-04,0.0056465709291566,0.0,-0.0137167998447154,0.026863137103767,0.0229783233597888,0.007604023992821,0.0128625532962278,0.0087648072965906,0.0028568380374354,0.0049454837343085,0.0380854853072127,0.0176608489156906,0.0094714686623011,0.0060572802185512,-0.0022261798753339,0.0122063817467643,0.041007756599122,0.0116395256164725,0.0121178535143622,0.007052436296175,-0.0099585062240663,0.0075630691929238,0.0678391959798994,0.0074072846584694,0.0390838934528254,-0.0196761464144782,0.0197611956915026,0.000540731270306,0.0274551941700762,0.0380779691749773,-0.0047642844222615,0.0019566028911379,0.0444795722969759,0.0206202573408116,-0.0047410683776909,0.0085134079666753,0.0033456814844479,0.0089901948300012,0.1149414403484581,0.0009003514274927,0.0085896555765785,0.0009471066254085,0.002918909618268,-0.002070275942259,0.010932836043207,0.0063538543447194,0.0131351910965404,0.0039371940185597,0.0129241803971986,0.0435922265259782,0.0334728033472804,0.0169556884435413,0.0166634297921925,0.0317881943076039,0.0108725647110767,-0.0061235216819973,0.0031545225719982,-0.0052585369932504,0.0150653239811728,-0.0088523597114379,0.0118030078942821,0.0248298908136386,0.01764718635053,0.0077494492355723,-0.0183753757914967,0.0195773241324708,0.0088126783073683,0.0020057530021313,0.0050207500369465,-0.0163652667762664,0.029200282844461,0.0238109178913674,0.0201463772413039,0.001792532067993,0.0294536206469147,0.021869377067788,0.0067298779265234,0.0130831046648371
2023-01-05,0.0028116932357475,0.0,-0.0083314199494867,0.0019557249670136,0.0119789725331926,0.0310115308896596,0.0456779574654886,0.0323839767126459,0.0434397163120567,0.0021521694755806,0.021076198564039,0.0398881519700278,0.0247986744494079,0.0676399964426526,0.0303435966086569,0.0092762944295852,0.0098769710622075,0.0012405124315808,0.0104761730941214,0.0203860480866915,0.0201076044367336,0.0661627836506411,0.0235294117647058,-0.0061355748194693,0.0266502384374929,0.0179890067181167,0.0290673872103497,-0.0064852684562222,-0.0113563230719725,0.0227074235807862,-0.0100547404219664,0.0031261642820743,-0.0007505660005906,0.0181790341377932,0.0245049186268853,0.016883083356997,0.0128641160181943,0.0261434196577314,-0.0412378247830357,-0.0062909871742791,0.0145926024304403,0.0294408690690299,0.0311873877958666,0.0271399340684324,0.0113096571152417,-0.015265740837423,0.068528729270006,0.0431392864635289,0.0137390471736975,0.0348280992528835,0.0094466936572199,0.0264866180324065,0.032411298744301,0.0360034834688014,0.043022493994322,0.0258143750752894,0.0098737270875763,0.0312743710801963,0.0068495635141343,0.0140291417221118,0.0083028807365572,0.0181655517559276,0.0155516577783143,0.0249261224444958,0.0090221133840291,0.0048003529671301,-0.0213999812454039,0.0062062525129811,0.000294096606761,0.0997746207804706,0.0454735465393005,0.013287073221877,0.0592302514838156,0.0167788556721442,0.0047625418060199,0.0268984146218318,0.0021388182524035,0.0129262394195888
2023-01-06,0.0020986091404198,0.0,0.0056229947408461,0.0004887084927001,0.0196402489363052,0.0235774427612796,0.0138836829242694,0.0267862864466517,0.0279920702350608,0.0291579399483703,0.0145336626510073,0.0123777535358173,0.003597352112953,0.0171818729574313,0.0060632308358596,0.0,0.0195035460992907,-0.0105577151178495,-0.0148108010475932,0.0349528740209743,0.0019682594280581,0.040943603069552,0.0620689655172415,-0.004932141674942,0.0465607289698855,0.0210799018271066,0.0564661574368767,0.0029918174484269,-0.0168911130097508,0.0572160546541418,-0.0036283408897836,-0.0031164218354443,0.028912339461403,0.0310886456679757,0.0076424701655093,0.0075524866086162,0.0143454511619758,0.0428496756141807,0.0645145217189109,-0.0122119304311261,0.0167880225803811,0.0129172133620538,0.0173383958121655,-0.0122015328002657,-0.0126400811202994,0.0368932999674824,0.0225334714695568,0.0375915779104845,0.0116088785405981,0.0551759322243523,0.0093582887700534,0.0267570145501259,-0.0062787570774791,-0.00586209693475,-0.0206239530988274,0.0060062038328574,0.0133320426152099,0.0205040890442593,0.009066618631601,-0.0025067462980973,0.0190200955946897,0.0234436678456892,0.0011817272797196,0.0045767326202061,-0.0055899223250183,0.0167209688326057,0.0062487076421846,-0.0063677710008615,0.037899496209653,-0.0194340187432362,0.0163578780680917,0.011476088347067,0.0106579631448211,0.0158411255621984,0.0067815265535819,0.0213754532604018,0.0146719125330507,0.0361231481813082
2023-01-09,0.0055873974089399,0.0,0.0584810709469461,0.0073182716944928,-0.010159579354489,-0.0135025894768634,-0.009700841429691,0.0023507874097652,0.0057633394309388,0.0047714521736137,0.0060282865754694,-0.0122264179478331,0.0123840070513918,0.0129307873940518,0.0068876452862678,0.0257348998943032,0.0095371669004207,0.0091036414565826,-0.009020075167293,-0.0048228005592395,0.0098410367417776,0.0043062088979382,0.0497835497835497,0.0074348824057748,-0.0094818432788277,-0.0246240952915097,-0.0044686566414781,0.0246812578708852,0.0178710607450529,-0.0274636510500808,0.0026702644967253,0.0136737569214562,-0.0147919434172261,-0.0307914205378775,0.0204439845907968,0.023218312609446,-0.0037096591430281,-0.0105494064853199,0.070709749894684,0.0068643391373754,0.0070645789414396,0.0027292122689865,0.0071313845165434,-0.0143969525516777,0.0024612224661804,0.0025838383976111,-0.0152563178302125,0.0253635227290707,-0.0019108003647893,-0.0038240077359237,0.0,-0.0125653775520065,0.0066846247424217,0.0054738840841999,0.0,0.0235938229566443,0.009213361497065,-0.0096245152243946,-0.0044925768349646,0.0189096402087338,-0.0011547317442683,0.0,0.0147017739907808,0.0018138170178714,-0.0083127400846567,0.0234856140896408,-0.0305984362469928,0.0134160711776087,0.0116027577125226,-0.0066220500176118,0.0190159387999937,-0.0032363663417901,0.0039438712811865,0.0010832662947355,-0.0087548380839864,-0.0031410210123473,-0.0028925197565627,-0.0112794515813123
2023-01-10,0.0097215078876586,0.0,0.0026413100898043,-0.0096868049223837,0.0271893866225387,0.0354251650142727,0.0170009108964117,0.020899921132373,0.0370881679431134,0.0151370470126277,0.0074902051163863,0.0450948307209431,0.0206003559958209,0.018239047947568,-0.0145361265498076,0.0053762637953433,0.0474020561267019,-0.0127559721944505,0.0106192070745378,0.0333303259566679,0.0103872557814521,0.0477322334335359,0.0474226804123711,0.0036982614868992,0.0257699357895528,0.0334328194737274,0.058176774681629,0.0018524831347781,0.0189057693089569,0.0299003322259137,0.0043576038473998,0.0088633156742965,0.0270276836364078,0.023827239969568,0.0277838131450298,0.0197734548140853,0.0065181069056186,0.0185167526848397,0.1698117789921069,0.0150091605205056,0.0210770214125919,0.0158954945495239,0.0192883156649423,0.0250369444128679,-0.0049103594453767,0.0298313613491092,0.0240997229916897,0.0777382568977222,0.0421833529130226,0.035857159665843,0.0370860927152318,0.03062767149212,0.0059065434389893,0.0092210091472411,0.0035275253874933,0.005551800580213,0.023033477424037,0.0147898903639451,0.0231380753138075,0.0173322371524455,0.0321710238820256,0.046153242712015,-0.006951853253949,0.0029075030619309,0.0185844255975329,0.127780778449178,0.0306491223534886,-0.0124469288045914,0.0036365425221938,0.1308181452852044,0.0348184730174989,0.0341388318716178,0.0367502633152097,0.0123323914569686,0.0115538557324557,0.0105030603744884,-0.0097560559001791,0.0134823342966348
2023-01-11,-0.0171932930291592,0.0,0.0209818384677369,0.0452338366808386,0.0250424571714718,0.0458842457711874,0.0141618518328181,0.0106121287279676,0.0198618124960381,0.0058506420098873,0.0773189980555872,0.0076134579199649,0.0015734373444926,0.1363884183781496,0.0308026030368764,0.0409976084728389,0.0135823429541597,0.0258356218241606,0.0300217840994378,0.0205306025719382,0.0038598491574686,0.0017570653302096,-0.0098425196850393,0.0,0.0150797880678432,-0.0006623920300991,0.0274772413135693,0.0269478905966682,0.0331329307547019,0.0209677419354838,0.0245838851035982,0.0450746218656303,0.0043880399299804,0.031675390532496,0.0100591038413093,0.0078960712819646,0.0411557066986651,0.0380161614033855,-0.0322586002865032,0.0085101705505288,0.0080282946524985,0.025030769963076,0.0173700799945379,0.0081510438326539,-0.0162888806054042,0.0399611745363064,-0.0134471965686462,-0.0065576821886621,0.0450788017952197,-0.0111316200482749,-0.0012771392081736,0.038867020546861,0.0128469945020255,0.0078868503764344,-0.0035151256923732,0.0776031135293027,0.0033977937472369,0.0108303089706571,0.0220656536446011,0.0194613356649842,0.0268763370406459,0.0281074640793523,0.0180904522613065,0.0115962959816497,0.012232193680437,0.0067797624838177,0.0585874598054609,-0.0146065036856523,0.0088416163002453,-0.0137132345255763,0.011099906546544,0.0330208681059915,-0.0063289401427787,-0.0035262628491515,0.010067792735362,0.0083091406520674,0.0279638456540614,-0.0071631425844802
2023-01-12,-0.0132968554848466,0.0,0.00516042861913,-0.0088897740948222,0.0075952695394432,-0.0059454020838011,-0.0064210221514404,-0.0202570859568304,-0.0233700043507987,-0.0031997651548509,0.0055207559188872,-0.0394653145048434,0.0059857572101167,0.0110323657985016,0.0063131313131312,-0.0094176738345628,-0.0178496649916247,-0.0079846230677211,-0.0087440240282936,0.0166648333516665,-0.0102409414218149,-0.0128329423257673,-0.0278330019880717,0.0049183294129258,-0.0021207816006753,-0.0006363178407614,-0.0390815261509914,-0.0015433175223213,0.0076989430046476,-0.0007898894154818,0.0230526615290549,0.0069439992306705,0.0029086541292291,-0.0094031977204369,0.0037367773892265,0.0064087206516529,0.0017752717819645,-0.0122041962141624,-0.0666678108346991,0.0088858039386654,-0.0102310128547475,-0.0017447260183096,-0.0140424461035146,-0.012127712234964,-0.0020089258862731,0.0201715566448039,0.0051114331596882,0.052807753976976,0.0255270700795973,-0.0237486718548085,-0.0294117647058823,-0.0176042745982406,0.0054342892760534,0.0144173937007303,0.0070016034206308,0.018710180864226,-0.0076229898718743,-0.0090632329753174,0.0075508150993437,0.0023911009460442,-0.0089068154698928,-0.0308318813566189,-0.010320999421316,-0.0118202813352928,0.0076933200923676,0.0040434372189475,-0.0306081830330486,0.0205079859246024,0.002582521078754,-0.0656196350225726,-0.0192125029226093,-0.0015196639271959,0.0038270769145747,0.0052541897633888,0.0039869770357088,-0.0002547438639313,-0.0023324169600833,-0.012368268674001
2023-01-13,-0.0156029345916716,0.0,-0.0332497810527587,-0.0186466199463359,-0.0106783621569046,-0.015709434025396,0.0022440310958593,0.0038292542706963,-0.0033305755319373,-0.0026252461168234,0.0466687783760955,-0.0292801528811859,-0.0065757290686736,-0.0153670728617172,-0.0221664575491427,-0.0129643767735987,-0.0272877471619678,-0.0077386422838946,0.0,-0.0310882697682807,-0.0291124238091654,-0.0023615494763357,-0.0593047034764826,0.020755581745564,-0.0248122317596567,-0.0205077865916747,-0.0428433502293024,-0.0249932320912402,0.0025424486719221,-0.0039525691699605,-0.0400100594692151,-0.0170632030911137,-0.0420942629687904,-0.039847545384812,0.0055821267685784,-0.0021305719216807,-0.0168468026930121,-0.0268670855375414,-0.0178551726674267,-0.0092453602620086,-0.008046680156228,-0.0113572173820585,-0.0050027225701062,-0.0265853794332163,0.0075456232974131,-0.0517874480320644,-0.0542446856185334,0.075235034617767,-0.0145883040366167,-0.0435345334745264,-0.0527009222661395,-0.0183695416145343,-0.0021607631887807,-0.0024378561164452,0.0,-0.0176106112184809,-0.0072530728766048,-0.0029135371487006,-0.0160663531307263,-0.0154791537025512,-0.0150375277881715,-0.0193535439687934,-0.0150582311221787,-0.0085197696900163,0.0150495120039892,-0.0006736598979886,-0.0311395511407244,0.0033815356124682,-0.0045813933549294,-0.0361574231598048,-0.0150371178795317,-0.0403936146949485,-0.0088912133891213,0.0008539563066176,-0.021849963583394,-0.0175225476136862,0.0119444405511095,-0.0334068150371708
2023-01-16,-0.0489940517844647,0.0,-0.0185243033862301,-0.0182769958467927,-0.0167614343135814,-0.0159601590916815,-0.0011195033476057,-0.0221208619261411,-0.0306819633050955,-0.0093559653770226,-0.0065570463028346,-0.0337692967409947,-0.0198482968911278,-0.0027138375300335,-0.0367835757057313,-0.0096320835948103,-0.0279984658374883,0.0109197741712827,-0.0029403854773644,-0.0268373936833484,-0.0019957952662836,-0.0165774918840927,-0.0369565217391304,-0.0239255933290569,-0.010166837700877,-0.0148699891657637,-0.0424914890934308,0.0087192899175094,0.0393653625589398,-0.0182539682539683,-0.0203595434974896,-0.0092302834263784,-0.0227258798004437,-0.0197644904922399,-0.0166534188108034,-0.0198482752039695,-0.0284095828555985,-0.0127019498607242,-0.0090945685345714,-0.0057791857488839,-0.0173782416192282,-0.0194396644439663,-0.0108310246149286,-0.0146995738839477,-0.0059877015839594,-0.0203603426208526,-0.0107542388594737,0.1224480701776722,-0.0348463735460089,-0.0535428712018697,-0.0278164116828929,-0.0182550759750348,-0.0249176649415511,-0.0215714940947139,-0.024361764237567,0.0005104213156044,-0.0042952377980925,0.0041730950307456,-0.0038111821583629,-0.0423217718785388,0.000744137403966,-0.0441479927691941,0.009994412627462,0.0027428963270905,0.0107440094982425,0.0127637193315159,-0.0013421261093983,0.0035692645002707,0.0005767142268657,-0.0463627591725306,-0.018465995038422,-0.01906897463243,-0.0089570892931537,-0.0167344103725046,0.0006736871963974,0.0007840913888672,-0.0328452392824298,0.0032389940921717
2023-01-17,0.0500004599012131,0.0,-0.0027053693624877,0.0181295775640968,0.0331904606576816,0.0046377061922444,0.0586942441069231,0.0070279654458365,0.0068839823893018,0.0147583563977007,0.0046202274573516,0.0326195495395538,0.0067532969421768,0.00476213935005,0.019538188277087,0.0300614491386805,0.0192220969560314,0.0092612044817927,0.0162198126269983,0.0359667744012444,0.0340449078253779,0.01023948160714,-0.0248306997742662,0.0281757245186304,0.030835168123811,0.0164691649940886,0.0233605478008953,0.0157206597260759,-0.0006069225959122,0.0194017784963622,0.018338204435272,-0.0003718337943798,0.0155029036587353,0.0329314882417861,0.0144269842594748,0.0260429343328627,0.0046393436867928,0.0352342316122096,0.0275246692268813,0.0071519692448007,0.0153199980689078,0.020277495955469,0.0207293599658833,0.0256000928801556,0.0185707838122461,0.0106463521671256,0.0452964575046337,-0.015585122673291,0.0144376977503815,-0.0070674248578391,-0.0028612303290415,0.0432352104893265,0.0703659026940088,0.0615633652198115,0.0142530736590142,-0.0084445731952736,0.0099279298099019,-0.0041557526798882,0.0147532064638606,-0.0012649873501264,0.034233896268905,0.0083988634995115,0.0034990422581959,0.0091144163781682,0.0153052958059438,-0.003979080569067,0.0353160508672389,0.0120543619722215,0.0071860590454517,0.0208287061030081,0.058609357000027,0.0299586488872369,0.0258389967070693,-0.0013008966739197,0.0318014315073347,0.0230643596280291,0.0164490360572724,-0.0129141475211608
2023-01-18,-0.0057728527002758,0.0,0.1162315695410736,0.003367440572032,0.0043742079585507,0.0053813817944243,0.0143189067311921,0.0108422473777132,0.0150368561085183,0.0081446482821128,0.0111761690576064,0.0221094581790832,0.0121300525891518,0.0395041897321792,-0.0165505226480837,0.0042917840946481,0.0282617111885403,0.0143685637796551,-0.0014509935766992,0.0023137180094638,-0.0251788430124486,0.0315795047123428,-0.0324074074074075,0.0178802550213315,0.0256410256410255,0.0215580200162293,0.0502354788069072,0.0069628386352311,-0.0036682840650476,0.027755749405234,0.0139269053724242,0.0223714652430899,0.0381779331299483,0.0019561268687997,0.0327655870392744,0.0289164057310939,0.0274897924624155,-0.0021573116225162,-0.0357149424441911,0.0181971366017492,0.0081308544529503,0.0053012080572987,0.0180048442007916,0.0037639733974812,-0.0044369346748514,0.035606793863778,-0.0208001275103602,-0.0606859322248722,0.0142423110698388,0.0299108238566636,0.024390243902439,-0.0013370496456818,-0.0128012483384385,-0.0176359785001137,0.0175927912465136,0.0059362064641563,0.0243560639359605,0.0008355031364524,0.0161585626693283,-0.0037860014317968,0.0424538282501585,0.02776008492569,0.0023222641041367,-0.0028906936605923,0.0052319318822986,0.025299072489737,0.0246099640342185,-0.0265515642128342,-0.0005722694571614,0.1700713163302309,0.0174296934426647,0.0157255117783452,0.0239314838339548,0.0131336123837855,0.0013135527739143,0.0245885222144985,-0.0083520719563121,0.0087220697765584
2023-01-19,-0.010158948332981,0.0,0.0169544830741079,0.0,0.0181712157132323,-0.0084136362470393,0.0227508386703263,0.0045924342983951,0.0020196160580963,0.010963260175562,0.0038984127890788,-0.0273698997997907,0.0066228619107218,0.0234530994162556,-0.0279007971656332,-0.0017093773592969,-0.009143717728055,-0.0027133020201559,0.0029062040367884,0.0080854590662124,0.0092742401479257,0.00577793094346,0.0143540669856461,0.004693730181156,0.0013849575414477,-0.0065930574310906,-0.0065426744100566,-0.0087073908646188,0.0042913170095,-0.0030864197530865,-0.0026051347052694,-0.0010954960718069,0.0036762081519021,0.0064885527492268,0.0026920609361831,0.0095907780979827,0.0074191117994224,0.0097403904206077,0.0185212553454201,-0.0061017826887246,0.0011634122567054,-0.0052732534436551,0.0,0.0230066538851922,-0.0054418135422229,0.0072657205226198,0.0141613087002523,0.0702248827745255,0.0517505622897633,0.0152042324007435,-0.0140056022408963,0.0107107179270642,0.0340016977431725,0.0303213345039508,0.0103837233818258,0.0397738225277901,-0.0091776001938502,0.0108348056537102,0.010597334949876,0.0025289866088085,-0.0179464609330503,-0.0027027492296305,0.0005775021656331,0.0027185455781155,0.0029198487348267,0.0155856062342423,-0.0075823966469803,-0.0104295474971035,0.0125636735452687,-0.0658884297520661,-0.0040314791629403,-0.0038638503490788,-0.0073905097317272,0.00428520533934,0.0039269147996672,0.001747849684927,-0.0021056041464204,0.0227096084717768
2023-01-20,-0.0080645879137996,0.0,-0.0095307711771486,-0.017266716706785,-0.0048891113762367,-0.0154179134078934,0.0245507315521629,-0.0190630081508678,-0.0141195389975877,0.0,0.003883274183339,-0.0331363330434824,0.003762957241691,0.0347970355804956,-0.0223234624145785,-0.0265407171701317,0.0046140484203669,-0.0148094378015043,0.0014488912448096,-0.0446705886651808,-0.0610215746333456,0.0241235264527699,-0.0165094339622642,-0.0174841018109092,-0.0069354008298252,-0.0066368143291218,-0.0196832914015094,-0.0139552398926318,-0.009165144251401,-0.0371517027863776,-0.0204189489312432,-0.014601286418162,0.0073254862913838,-0.032258064516129,-0.0089536259885162,-0.0115434678358568,-0.0091484632243723,-0.0117932452209169,-0.0818183520248638,-0.0026335313673409,-0.0126570351758794,-0.0132496606958087,-0.0176864032655233,-0.0163708521662441,-0.0318569391323025,-0.0120179474794722,0.0034908915817351,0.0026247922517048,-0.0033307469578546,-0.0040845070422534,-0.0042613636363636,-0.018545124772007,0.0111820091381078,0.0209009352929947,-0.0068339506494862,0.0143146706216785,-0.0159981250605024,-0.0082454676145823,-0.0372293747153505,0.0101317820908688,-0.0300489286316855,-0.0128642201201407,-0.0017383776058487,-0.0314432771329321,0.0137031216434702,-0.0012765177160911,0.0,-0.0445892211165795,-0.0042301774691642,-0.0207471633009665,-0.0185473182890781,-0.0194298554575691,0.0272689397502923,0.0026677194503212,-0.0136989811169281,-0.0149742871573536,-0.0152999769347081,-0.0042273256228181
2023-01-23,-0.0081301542575625,0.0,0.0168322452455293,-0.0024406160653407,0.0073704232049454,-0.0093973603314037,-0.0074894739905702,-0.0318817310799962,-0.0422584223232345,0.0079912388684635,-0.035466067772354,-0.0187797244014471,-0.0127995796032504,-0.0151741045581696,0.0093196644920783,-0.014951407924246,-0.0045928567569027,-0.0076697705450643,-0.0217019249430986,-0.0413726277674718,-0.0153753912442584,0.0067341505431455,-0.0023980815347721,-0.0059317451734995,0.011873538680492,0.027422254420564,0.015625,-0.003144067570808,0.0061686764878763,-0.0305466237942121,-0.0012100081394877,0.0,0.0269001306174319,-0.0286676772780866,-0.0213857709511352,-0.0226634785320718,-0.0096863214778978,-0.001630766748493,0.0098998796925022,-0.0021975650751827,-0.0209784648662404,-0.0232803584317249,-0.0306517087381928,-0.0041468198374895,-0.0020585008690078,-0.0077899354805509,0.0191331120796514,0.0575913985870086,-0.0041868413557391,0.0095853171797168,-0.028530670470756,0.0008980574964441,0.0231357573992989,0.0159256934521028,0.0,0.0111931296165872,-0.0072747795560573,0.0087281795511222,0.0070784513940569,-0.0112856343563639,0.0204713075544886,-0.0408092783730498,-0.0144887634649137,-0.0225684762998196,0.0104507076813258,-0.039693244168885,-0.0165620440758657,-0.003394613513402,0.0011357895396733,-0.0317800917037471,0.0185538262234727,-0.0142586934380911,0.0060311894918625,0.0032983148920628,-0.0138892496861064,0.0501681010121022,0.0010728620837237,-0.0042452717689428
2023-01-24,0.014158923740851,0.0,-0.007090416771348,0.0185928896424873,0.0104854447175579,0.0150210418361211,-0.0050306596550218,0.0112428520660357,0.0106730856571894,0.0107583975950855,-0.0153735410560954,0.011961970255603,0.0113828634436607,-0.0308136580155563,0.056786703601108,0.0187497209862947,0.0277928563673868,0.021023953041048,0.0073944487528632,0.0400260678162218,0.0184537263522928,-0.0178258287136554,0.0865384615384614,0.0131181109920173,0.0110410094637225,0.0266903449896842,0.0043849869936825,0.0202425181977743,0.0287971959168613,0.0066334991708125,0.0019389829238363,0.008891398211972,0.0092131046099901,0.0219619199556078,-0.0030787540101416,0.0007091444172606,0.0015931278498328,0.0190239819918616,-0.0882355910472172,-0.0057308057843008,0.0190398830314353,-0.0018334808948502,0.0090919680820082,0.0020820437791908,0.0097887845849802,0.044143770340884,-0.0085335948994604,0.0866349409669582,-0.0126038002078386,-0.0189730579464272,0.0161527165932453,0.026969415645373,-0.0075357084222622,-0.0070920121201762,0.0034667507091081,-0.0127538355497501,0.0168102728865895,0.0181308337737553,0.0178495732370966,0.0126842599238117,0.0337291483336779,0.0311058647658286,0.0070540578293059,0.0274859885223344,-0.0032451763874783,0.0066622545775425,0.0284993436366918,0.0112826712511377,0.0104646665561634,0.0284374562590399,0.0195703645685503,0.0426014760147601,-0.0084008478874338,0.0106032340077011,0.0368893845329774,-0.0205067884349702,-0.0042839604246407,0.018119326483198
2023-01-25,0.0073508421353125,0.0,0.019033427985043,0.0249754479135768,0.0181014421337768,0.0210265924551638,0.0272976743272184,0.0015867437675047,-0.0070439940682154,0.0414562000436422,0.0095039164490862,0.0193836927265096,0.0078195856183533,0.0079477762002206,-0.0104849279161206,0.027168753012664,0.00448927854653,0.0227154301158392,0.013212310005908,0.0114261234302668,0.0104480183220341,-0.0011374844315817,0.0309734513274337,0.0223910057003899,0.0197939127756192,0.0171190191539696,0.0021952543041785,0.0023185545493447,0.0,0.0074135090609555,0.0307580120414345,0.0235041186559412,0.0042125103609589,0.0396287403812707,-0.003395358091333,0.0035077773447187,0.0056754078869147,0.0213309468652116,0.1860197313786498,0.0088661210005152,0.0023434884499498,0.006432462634446,0.0035209031982499,0.0416666666666667,-0.0091801473961041,0.0206637484089287,0.0240997229916897,-0.0091120251873884,0.0161634497475064,0.0165794066317626,0.0028901734104047,0.0196908252571825,0.0042899759033487,0.0127826616533388,0.0584170854271355,0.0216921116487081,0.01102328277362,0.0080910175119477,-0.0021273482435307,0.0250235106513472,0.0164874463318061,0.0031206212953671,0.0116859699008253,0.0131848271056529,0.0065114836880688,0.0112567204301075,0.0436569129376485,-0.0155772373244607,0.0005613758812508,0.0127707837132811,-0.0076116373477672,0.0146525332247959,0.0012196561356572,0.0094451784284674,0.0342812621737436,-0.0140423820502217,0.0405811565107401,0.0073281185673117
2023-01-26,0.0021873893021608,0.0,-0.0303757656017216,0.0,-0.0086519953445689,0.0007592496225079,-0.000497274552931,-0.0023816612086932,0.002839848390564,-0.0032282471626734,-0.0080695220360025,0.003709653129863,0.0195464951996382,-0.0025570937307115,0.0035320088300221,-0.0281565961803728,-0.0134602239865396,-0.0062203957313864,-0.0014488912448097,0.0005942484337759,0.0006920068197773,0.0442898843201557,0.0429184549356223,0.0011429100962205,0.0093735688742948,-0.0099784924723653,0.004380891437572,-0.0043693613239644,-0.0065509883265691,-0.0106295993458708,0.0185631964977839,0.0039454016206434,0.0321453608014292,-0.0239023992165823,0.0223034290599921,0.0223971941717862,-0.0047395979748989,0.0219335947248455,0.0621026392688095,0.0061500405653045,0.0046601138785506,-0.0041082296444855,-0.005855252184216,0.013989218328841,-0.0072096985259622,0.0046050990674215,-0.0168089957108079,-0.0160926809924656,-0.0092074381657339,0.005431135388217,0.0201729106628241,0.0081570996978852,-0.0279414267752332,-0.0274649498349618,-0.0097428288822947,0.0100184455998164,0.0159309994926433,0.0024086746331664,0.0005301509238162,0.0219793370297978,0.0016891206839213,0.0069136302948318,0.0040377035132819,-0.0088008682663686,0.018593904719991,0.0144108872627983,0.0076423680884534,-0.0292925958162009,0.008951471874089,0.0105043898942842,-0.0156738253508323,-0.0007673927830196,0.0374358168290893,0.0187108158662812,-0.0024973389011708,0.0047512897999517,-0.0131705141072823,-0.0020785165463931
2023-01-27,-0.0065566817181688,0.0,-0.0144544031867975,-0.0323327516978417,-0.0095656848869517,-0.0312505327764044,-0.0110730528074909,-0.0206654729931362,-0.0297057628954374,0.0056677293659228,-0.0176261994159365,-0.0221806560672971,-0.0261736525576823,-0.0166659299858557,0.007479102507699,-0.016681055296235,-0.0181740659809198,-0.0137074283782642,-0.0116079486135932,0.0,-0.0062037101995409,-0.0103319759817793,0.0576131687242797,-0.0022986377871369,-0.0152522902568755,-0.0075529845656402,-0.0195790144330906,0.0030977904178515,-0.0191809009247504,-0.0107438016528924,-0.0078420430867135,-0.0067901403870341,-0.0169250150627157,-0.0158848266463786,-0.0221182583888058,-0.0225857325398012,0.0133837003951755,-0.0148150560041677,0.1335911747901375,-0.0043644237438185,-0.023208320800418,-0.0251970259704965,-0.0211984286317642,-0.0118291288976314,-0.0072620557586611,-0.0261111783940899,-0.0017096368495519,0.0584113460704536,-0.0076051097130581,-0.0324418297812894,-0.0367231638418078,-0.01660468566544,-0.0226612894115519,-0.0221381382188678,-0.0328122658942215,-0.0129896551153125,0.0028865361566121,0.0072086605816175,-0.0138329894815165,-0.0071688784803539,-0.0075892378170363,-0.0025250315081919,0.0034547738693466,-0.0085104076322636,0.0053575286238929,0.0116212828984847,-0.0339290467832827,-0.0070470604743864,0.0069329847582664,-0.0249351685617393,-0.0142242840960742,-0.0030370202293474,-0.0139769197747532,-0.0273468605908027,0.003759491073261,0.0047231037538955,-0.0078512583484953,-0.0156213433185115
2023-01-30,-0.0087880809428506,0.0,-0.0024540231544301,-0.0145302073835753,0.0636173244051858,0.0125919538207033,0.0156797234279963,0.0024377237754247,0.0051044730997755,0.0169034910140932,-0.0186325512262449,0.001416778338124,-0.0049969004189129,-0.0160808560274554,-0.0078602620087335,-0.0026785315694708,0.0,0.0090653597011345,-0.0014680344451009,-0.0261440386158443,0.006938281565147,0.0054953868040978,-0.1439688715953306,0.0046078673923799,-0.0047151777749457,-0.015220932600285,-0.0110722319420145,-0.0007720559369791,-0.0012268508578754,-0.0116959064327485,-0.0095344941063842,-0.0104343366602233,-0.0013817695564964,0.0080706136214965,0.0046452666035721,0.0048994782526763,0.0049259030605202,0.0015533595531613,-0.0583578235617967,-0.0070170868045918,0.009497414952756,0.000943578306277,0.0004019411392668,0.0019906386183892,0.0287346243455168,-0.0032954460666051,-0.0154130824196373,-0.0375269021929052,0.0034016563747234,-0.0027914587778543,-0.0190615835777125,0.0112550392902279,0.0031150667514303,0.0050721998089333,-0.0101724672105752,-0.0069386189871293,0.0246940015337269,0.0031823239816564,-0.0183540251960583,-0.031280713939378,-0.0057788022193212,-0.0045451554171145,-0.0177655303803496,0.0085834563446502,0.0205208646697321,0.0012740736569434,0.011983990211051,0.0266182190967099,0.0035824813434843,-0.0341198399709038,0.0178658342451667,-0.0198357814387506,0.0,-0.0035673943532199,-0.0099932124661646,0.0042057697013846,-0.014773177058862,0.0201010401188708
2023-01-31,0.0096108114899,0.0,0.0833526279231302,-0.0012287039383349,-0.0057892741707553,0.0069954377579837,-0.0026925421662262,0.0218644491005612,0.0166817056523449,-0.0031669178885183,-0.0161735273435386,0.0202920461103932,0.0018832480601129,-0.0099386912267236,0.0268485915492957,0.0259620119067158,0.1018347627836282,-0.0035946990925506,0.0117615419094576,0.0189179896067834,0.0082625590898164,0.0109307051553255,0.0227272727272727,-0.0022933661690011,0.027065891854624,0.0289738950633238,0.0179189728814415,0.013654558867824,0.0006141789348907,0.0143702451394758,-0.0082157107344907,0.018908090653591,0.010344134975897,0.0326897632752125,0.0098741638290149,0.0097511808070509,0.0336357509461349,0.014503035902851,0.0447804211237101,0.0101579877944446,0.0035320371827187,0.0117336189966077,0.0156339551070328,0.0259074312714775,-0.0177771283849599,0.0207675704001297,-0.0139149906033828,0.0160532654911131,-0.0016950621683312,0.0574333563924771,0.0493273542600896,0.0184113026725287,0.0162125725215909,0.0124318742862614,0.0342740883718504,0.0144569008169717,0.0401599790064,-0.0158527413519998,0.0104462055352079,0.0062092475852926,0.0121377001150988,0.0168621280834204,0.0052507983568741,0.0295967042497831,-0.007927484050281,0.011473162501318,0.0212335879271752,0.0017288484376203,0.017012320622034,0.0551881574921746,0.0151937326751538,0.026461972636016,0.0070939240668417,-0.0049481398241256,0.0384847308381723,0.0305582317937094,0.0238302373774887,0.071583387713247
2023-02-01,-0.0351441675258649,0.0,0.024871767471682,-0.0204180372604841,0.0073063507183073,-0.0038574387297203,-0.0120409046915592,-0.0126849894291753,-0.0192640298575395,-0.030437140107834,-0.0028590279305036,-0.0180362828137202,-0.0159892964992204,-0.0169507167197697,0.0201457351050151,-0.0034903506348075,-0.0126120800078824,0.0003011124115126,0.0058124080735766,-0.0125752125051734,0.0122972395776426,0.0005419979829441,0.0,-0.0011416053439471,-0.0138284201845068,-0.0181356911406395,0.0,-0.0119461347320732,-0.001835267832481,0.02,-0.0009471513889014,-0.0007159960561529,-0.051191146747954,0.0077525705891954,-0.0189390535608074,-0.0193256340316871,-0.0094819889857455,-0.0091889342462635,-0.0317635467980296,-0.0135564702361794,-0.0293087174236486,-0.0080046305446537,-0.0131302612671836,-0.0135817653678067,0.0170637675410323,0.0013873016067029,0.0017639187380884,-0.031601724133682,-0.0059524383773092,-0.0384153113541967,-0.017094017094017,-0.007149890617345,-0.0196844367087531,-0.0138124345682347,0.0099364470896803,-0.0237530482364836,-0.0169873996103548,-0.0104726123895315,-0.013058185569149,-0.0197496672537341,-0.0114853757071937,-0.0552692599414889,0.009867899694729,-0.0010740233758028,0.0033162480235162,0.0459976229696199,0.0471787641332936,0.0084127168976357,-0.0232031115499073,0.0167276295833704,0.0023267591467841,-0.0235002392656717,-0.0140751948530813,-0.0111102913844521,-0.0303770283168947,-0.0377855500929378,0.0039211368756246,0.0048391130830043
2023-02-02,-0.0053061149289753,0.0,0.0022156765633554,-0.0205906446133645,0.0046465343594763,0.0069650793100759,-0.0189034332965963,0.0062087740630347,0.0152220069380792,-0.0035484595117225,-0.0157697397441552,-0.032503912602403,-0.0391817037146974,-0.0142975831170233,-0.0567226890756302,0.0,0.0213052589561919,-0.0177205268448943,-0.0274493912859634,-0.0230461697188546,-0.0027082454298358,-0.0545681450396335,0.0266666666666666,-0.0172826540225802,0.0073417869228675,0.0018931157103021,0.0066044294368854,-0.011829058338963,0.0122555651211413,-0.0155228758169934,0.0293773358289486,0.0021456118713416,0.0071937421427572,0.0192323265041702,-0.0451430839486896,-0.0478518167830511,-0.0208873979365783,-0.0103082630248513,-0.0375473157230655,-0.0044301986148475,0.0048290070045322,0.0023410704882804,0.0092079511424463,-0.0059160609115509,-0.0371140052044927,0.0055354156749301,-0.0140865024590661,0.0116555455456983,-0.0042799743783846,-0.0041294854756028,0.0101449275362317,-0.0050761421319797,-0.0474405908241811,-0.0462845010615711,0.0163811616640863,-0.0255470450186553,-0.0011786792138971,-0.0170940170940171,0.0143345108457653,-0.0075570550800965,0.0276772403554137,0.0018259142187335,0.0080450907205098,0.0019817008896569,-0.00680095826877,-0.0012026977640453,-0.015272347513874,-0.0370055570696734,-0.0008308963969312,0.0432150221559251,0.0122781106902594,-0.0085446477894399,-0.0594516520079441,-0.0462230868666349,0.0200490562013437,-0.0178886786953266,-0.0091163957336841,-0.005778970607333
2023-02-03,-0.009918687139973,0.0,-0.1079379941739492,-0.0256421294744576,-0.0239146989594315,-0.0684635701196693,-0.0063327727559386,-0.0215591915303177,-0.0222392375118566,-0.0027429529034196,-0.0123809523809523,-0.01947466870406,0.0033135847007061,-0.0218693600384767,-0.0191536748329621,-0.0218910990791144,-0.0708388294494113,-0.0278293349985832,-0.0148548033550116,-0.0130357873615567,-0.0317902297436907,0.0074341084146853,-0.0562770562770562,-0.0293109951593637,-0.0397814481953066,-0.0356458902535556,-0.0634403828128853,-0.0124955341587237,-0.0030252774689727,-0.0232365145228217,-0.0193319691186008,-0.0310056924513485,-0.0371449044217921,-0.0496881579470066,0.0123880303853902,0.0081295759941326,-0.0024435968711615,-0.0265476940768014,-0.0365508637641934,-0.0124643547051789,-0.009611599527621,-0.0023356026777791,-0.0035689669271836,-0.0019748605588322,0.0227090044873701,-0.0697859323504954,-0.0035719417814544,-0.0161297625815669,-0.0335000048734368,-0.0193667286274883,-0.0573888091822093,-0.0408556107717389,0.0119969886101463,0.0110088185447965,-0.0161171441206819,0.0029960636025789,-0.0086506754474036,-0.0219476329477865,-0.0195659682247294,-0.0114288083359821,-0.0369068190616058,-0.0116773747429832,-0.0165371493555724,-0.0396713516243055,0.0,-0.0313610176031506,-0.0042640465933642,0.0286540029740489,-0.0135465940917697,-0.078896458911599,-0.0262199868062366,-0.034455178611548,-0.0101190149728513,-0.0021314905542025,-0.038698781615666,-0.0144261264773832,-0.003416756295033,-0.1279090018504407
2023-02-06,0.0030774411404304,0.0,-0.0296227185258616,0.0055259603367963,-0.0129425163503441,0.0,0.0056062409096919,0.0016285220888803,-0.0036700679079443,0.0049461393955247,-0.0058993703556639,0.0004997608671122,-0.0138810254576517,0.0273022256084944,-0.0013623978201635,0.0143238686381881,-0.0044692149955307,0.0059773751888374,0.0105551571320865,0.0044004253298648,0.0048880126824113,-0.0204243248885912,-0.0160550458715597,0.0169033239965674,-0.0303910726852316,0.0013239071146768,-0.032710034237556,0.0065881154863145,-0.0006093288243,-0.0016992353440951,-0.0124384344302145,-0.0095638605418177,-0.0430310159400807,-0.0178662497596374,-0.0080493428325204,-0.0043895882911429,0.0048991653273886,0.0187187641980917,-0.0230179701696938,-0.000902379954357,0.0012089695604651,0.0084321231872714,0.0003986235762396,-0.0396823274594219,-0.0134231095323261,-0.0029622283264714,-0.0215084777189477,-0.0327858373773377,0.0115469947559498,-0.0239777072127534,-0.0167427701674277,0.0204122381274192,0.0362782270643853,0.0399403345526867,0.0065424761524248,0.0256398108992259,0.0063454274043746,0.0004263626775575,-0.0277123783913904,-0.0077026309167669,-0.0020718604063333,0.0339725976619513,0.0017414048249992,0.0003724598784027,0.0072362290673837,-0.0006249999999999,0.0132386208596302,-0.0075567690324025,0.0109298990216006,-0.072801570632819,0.0124521931129406,0.0429817295073575,-0.0204310607529711,-0.0124785943416704,0.0389766842629231,-0.0089866676113886,-0.0089698357238656,-0.0077759332992174
2023-02-07,-0.004606661941885,0.0,-0.0101856859563728,-0.0350700993977132,-0.0223635991797432,-0.0181660340416885,-0.013694217266679,-0.0065253210828978,-0.0058890466079326,0.0065623940118153,0.014835948644793,-0.0019873027467748,0.0010072572887656,0.000917007286298,0.0063665302410187,-0.0317735837954723,-0.0090313721347838,-0.0212665322604485,-0.0193976890182877,0.00251017051848,0.0006977802497851,0.0011612011817794,-0.0326340326340325,-0.0106835225372968,-0.0007154188310678,-0.0105508104820583,-0.0410585928991505,-0.0217338249845804,0.0309849708868092,-0.0136170212765958,-0.0387362704567137,-0.0178224673817907,-0.0038757259146838,0.0107768527503957,0.014287078858671,0.0132515945259767,-0.0132999716253515,-0.0089253857818214,-0.0248721796403956,-0.0081229277502288,-0.010900669919775,-0.0143946824349593,-0.0230816559725761,-0.0082699857990142,0.0099424155365139,-0.0212880131405872,0.001831771765449,-0.0193713305365446,-0.0105378595284383,0.0,-0.0154798761609906,-0.004349985700739,-0.0051988351830303,-0.0062086771214688,-0.003274784161953,0.0104366471450556,0.0051225549816131,0.0033825310663495,0.0096919704591156,0.0051843399123734,-0.0089939334548579,-0.0142861624087509,0.0017383776058486,-0.034571118825217,-0.0036899198579011,-0.0186930018074483,0.011145763654212,0.0021755167439609,-0.0133061866909254,-0.0577372891788747,-0.0259292433291674,-0.0171070596739216,-0.0117365912979539,0.0066020656451402,-0.0209031177531564,-0.0062142516682553,0.0026635864458792,-0.0168058770252591
2023-02-08,0.0177530868823891,0.0,0.0308715053273838,0.0111206882531835,0.0108990631696188,0.019348709458951,0.02366272287952,0.0361030259761656,0.0488901476262966,0.0062453473337773,-0.0182738262580827,0.0517189417260457,-0.0013383041774209,0.0205983731522778,0.018526886579304,0.0154965740417192,0.0136438735809838,0.0063911273272039,0.0091298780827258,0.0118619077348141,0.0013844816783556,0.0011525135071646,0.0120481927710842,0.0156109179863526,0.0434850277034177,0.041317013202202,0.0251845542305508,0.0187376681105841,-0.0194444608715708,0.0120793787748059,0.0197764375055669,0.0192815428550112,0.0435795411619532,0.0146707091123461,-0.0032019373066056,-0.003642363869706,0.0134792452040972,0.0222472226128531,0.046534772071765,0.0077312168441832,0.0845541507793163,0.0654715454721182,0.0826915233091003,0.022911051212938,-0.0036272616038212,0.0166894006258524,0.0182842251271488,0.0419745365440757,0.0079900854425278,0.0245667618352034,0.0062893081761006,0.0384289774445183,0.0202056648024535,0.016783620505983,0.0327060931899643,0.022101281903222,0.0133342823925783,0.0063264539666643,0.0050775689867585,0.0205883589578281,0.02199335464651,0.0485531789148272,-0.0069345844393686,0.0170368185839704,0.0113070792609808,0.0228589036970634,0.0813358076876815,-0.0023888112675,0.0129258619680383,0.0097987980141103,0.0399291989081802,0.0458862196074159,0.0039634277211006,0.003393876161432,0.0314072831343135,0.0112112328159379,-0.0002665107721935,0.0102482088024564
2023-02-09,-0.0128961587672709,0.0,-0.0124852767962307,-0.0219935405836636,-0.039095193951927,-0.0387841541400215,-0.0052808074230831,-0.022961455285587,-0.0254263984519149,-0.0523627075351214,-0.0238340697103583,-0.0222237005045491,-0.0063679827500213,-0.0251187043768107,-0.0168589174800354,-0.0251342738738199,-0.0224512329775486,-0.051110444177671,-0.0075393979514905,-0.0382666456626759,-0.0187302580456348,-0.0127070486358069,-0.0642857142857142,-0.0200931765600735,0.0061450347522595,-0.022405297197413,-0.0294956656603982,-0.0165541683734348,-0.0234426358038466,-0.0230179028132991,-0.0448467002099314,-0.027448062166811,-0.0231180395516356,-0.0236549858070085,-0.0793203044863142,-0.0780450703534231,-0.0050971186834163,-0.0414516040279535,-0.0329221368130949,-0.0157985250823448,-0.0259822364769012,-0.0229868838359404,-0.0248307497977862,-0.0325812472551603,0.0036404665282792,-0.0422881645752768,-0.0664368859902584,-0.0260649774664065,-0.0211413320538578,-0.0705236212818352,-0.053125,-0.027335371475712,0.0,-0.0046099458567943,-0.0126777536755844,-0.0138671148585982,-0.0181882038914514,-0.0054469763949546,-0.0455029603403646,-0.0277396319692392,-0.0321099412903014,-0.007600424895402,-0.013959110374361,-0.0089445039257672,-0.0053988257947396,-0.0018623376445536,-0.0042149673052018,0.0076183225121193,-0.0133171519282239,-0.0267046189675249,-0.02592591298148,-0.0310080211118441,-0.0236581820254825,-0.0037194273200323,-0.0462863293864369,-0.0085078883243315,0.0084962205577578,-0.0620052937526119
2023-02-10,-0.0122813234361593,0.0,0.0353649809160305,0.0156334799211912,-0.0454934360821951,0.0128832824530076,0.0197035950878479,-0.0607816331402035,-0.0818826191355743,0.0239259417526789,0.0061019051690178,0.0033860340487441,-0.029691373986584,0.0255351143512481,-0.0049638989169674,0.0092079618176517,-0.009143717728055,0.0361324603852357,0.0106353412017565,0.0051323350759611,-0.0099038412094409,-0.0017527181985621,-0.0356234096692111,0.0108509330832173,0.0285115676915017,0.0438686303851303,-0.0202614006049883,0.0160314743885765,-0.0079976778942948,0.0209424083769631,0.031217750257998,0.020211649503071,0.0122154564430665,-0.0242281011969531,-0.0122065039458574,-0.0134388929545605,0.0138140598505551,0.0254080150634052,-0.0265223250054628,0.0087131645194726,-0.010448493675495,-0.0063341196536522,-0.0046301556641291,0.0105263157894734,0.0150245647596627,0.0015588303965059,0.0269272433842548,-0.0291983987632118,0.0107938647550192,0.0045493367729341,0.0099009900990099,0.0229149308760359,0.0273238070790906,0.0304701240671199,0.0128405429157307,0.0188266690855447,0.0484830273632197,0.0008443040745489,0.032373697072465,0.0103672316384182,0.002469501863775,-0.0006990196249758,0.0283134513410712,0.0176678445229681,0.0034921505739364,-0.0012415884100122,0.0021144095012786,0.0021595401065777,0.0112455797403852,-0.0049716853215643,0.0128020667013508,0.013267756038128,-0.0121011298280443,-0.0179884708737864,-0.0166039628793579,0.0161213164944509,0.0163262985859449,0.0264497400931613
2023-02-13,0.0209877359114039,0.0,-0.0195265249697598,-0.0105317701923699,0.0346155429229986,0.0101698449406679,0.0057005662048865,0.0293424518275495,0.0355207403402446,0.0111276530002126,-0.0166784687799392,0.024576739722312,0.0076499819723785,-0.0289362807877201,-0.0154195011337868,0.00456197442253,0.0046140484203669,0.0,0.0,0.0025530643562341,0.0192787103207576,-0.0041067761806982,-0.0184696569920843,0.0059671407317345,0.0283841955569221,-0.0087772244856898,0.0077770010485844,0.0152527192439142,-0.0074458216862669,0.0042735042735042,-0.0044305380934435,-0.0052335422105466,0.0218786606794221,0.0241414159014481,0.0095326668216693,0.0104255175669296,-0.0021968073407634,-0.0131785940220465,0.0077207979872613,0.0004580260252737,0.0246212424208489,0.0336996996165612,0.0352729659541681,0.022911051212938,0.0030595635838504,0.0031128084525777,-0.0093647068954382,0.0350893514325505,0.0017881858500954,0.0181322876179899,0.0049019607843137,-0.0046481002780082,0.0049862572531165,0.0029918416300924,-0.022174017835623,-0.0166067654762963,0.0112771009798657,-0.0088420921077297,-0.0017149654893386,0.0320966253809376,-0.0036951276709921,0.0062737177133063,0.0063146708809886,0.0094325017692851,-0.0023182463333859,-0.0118337912087912,-0.0158484977566871,0.006681079118777,0.0077865380856192,0.0,-0.0049880789165098,0.0053932186905971,-0.0054523693426126,-0.0010380911481102,0.0220788274501801,0.0051139306059035,-0.0005201793220329,0.004682731768915
2023-02-14,-0.0098943981061936,0.0,-0.0771060979908353,-0.0368476866277396,-0.032209393473251,-0.0402698417166286,0.0233943138731791,-0.0025139163224994,0.0091432318228179,0.0060522597748955,-0.0208162124151719,-0.0268125311803214,-0.0093187510695561,-0.0494332734431742,-0.0497466605251036,-0.0090825146455547,-0.0184254606365159,-0.0077534997588477,-0.0180584838206986,-0.0191059939045038,0.0245291863688243,0.0029433736739878,-0.0672043010752688,-0.0071244553290289,-0.0199017061274831,-0.0082206378606043,0.0,-0.0132109093143493,0.0150033556836501,-0.0161702127659574,-0.0212619765622017,-0.0097682160131177,-0.0413278404680876,-0.0101060798108087,0.0024500916334271,0.0031634587148616,-0.0070483362082001,-0.0074828812780465,0.0049561694564455,-0.0004578163334783,-0.0068700621428349,-0.0118981459782659,-0.0123549356341483,-0.0162768994290734,0.0084613413696759,-0.0320567589181356,-0.0132345271210014,-0.0169499142194764,-0.0168918918918918,-0.0178093631235407,0.0,0.0,-0.0059505063731747,-0.0037319316688567,0.0259304905102293,-0.028068311231613,0.0,-0.0229396427107866,-0.0085653623039373,-0.0211431667343898,-0.0201409313855425,-0.0031194741209643,-0.0057064334452507,0.0186887221339757,-0.0023236330872705,0.0100850031624233,-0.0476032522956191,0.0051364796390132,-0.007449792921619,0.0275476941163896,-0.0023427625371619,-0.0291166512773159,-0.0246627443988828,0.0044984304204616,-0.0285890152302842,0.0063642804030517,-0.005702565594894,-0.0641005498821681
2023-02-15,0.0176890316796174,0.0,0.0,0.0158697794542426,0.0099326455793333,0.0131099140670063,0.0091500495861585,0.0193181818181817,0.0392737248673429,0.0071085653873617,0.0330691493043537,0.0343148280858498,0.013238065326633,0.0063189009033464,-0.0067862336403295,-0.000916576282061,0.0187713310580204,-0.0022765448202454,0.0107356235997013,0.0201271844727228,-0.0047844034415874,0.0369746897671576,-0.0028818443804035,0.0059743088701669,0.0130986882245272,0.0184706694978127,0.0410127460331222,0.0175864645602048,0.0110800071683256,0.009515570934256,0.0126300052002079,0.0094859686713404,0.0138508295550794,0.0224552056030593,-0.0041891931526,-0.006320271439026,0.0126428385211645,0.0091511860531581,0.0197315256491361,0.0072755672476161,0.0069175863912209,0.0106997167522733,0.0147814049033181,0.0058316359273418,0.0153833124633262,0.0272432615649693,0.0306560662452926,-0.0418711462599393,0.0054264758680822,0.0710022209883396,0.0585365853658534,0.0093396120091926,0.0043242402009828,0.0015036403925292,0.0062947479698234,0.0009780730245498,-0.0044623377791772,0.0199984329414151,0.0040329223128594,0.0152485851471586,0.0209141726847572,0.0246634328325683,0.0040167477958947,-0.001838887634287,0.0122208842976951,0.013720686997688,0.0210455228888644,0.026199708381055,-0.0027793560434709,0.0341680318277557,-0.0415549932728304,0.0347270026448316,0.0168626614672191,0.021814128843451,0.0209275243183997,0.003543087198343,0.0135558400990585,0.0410861171730736
2023-02-16,-0.0113338105464089,0.0,0.0242528406378306,0.0033484980263598,0.0056199762417312,-0.0189809900607932,0.0112056071300543,0.0074285020475293,0.0188947935118612,0.0123071379049664,-0.0571617615035426,-0.0004652785855531,0.004122560947259,-0.0016909443312153,-0.0092728160078086,0.0036696686595005,0.013832603879613,0.0088062803332573,0.0045441950678859,0.0127314814814814,-0.0020588882003718,0.0164131075004669,0.0722543352601157,0.0273217953412836,-0.0433047896866473,-0.0162769083921529,0.027097562329946,0.0072207215476471,-0.0109585859573634,0.0145672664952869,-0.0024938536297285,-0.0045129515527438,-0.0113887660327287,0.0206256618870714,0.0112116318225774,0.011944295661489,0.014896344991601,0.0325345084423198,0.0193497260336006,-0.0004488879820444,0.0022952253068107,0.0070598647026878,0.0074700756908994,-0.0020805592543274,-0.0050520696804328,0.0078022423713317,-0.0334622534669544,-0.0205664761947528,-0.0036015263125674,0.0,-0.0092165898617511,0.0294490322016864,-0.0009961592526592,0.0041090478071907,-0.0156623054149556,-0.0158910134592403,0.0291306882108146,-0.0068186131419843,0.0298367788432323,-0.0037617042155621,0.0259632893333869,0.0016928390356771,-0.0102797084251567,0.0117754794225382,-0.0159082134173701,0.0270767434599041,0.0169303277495143,-0.0087179464193668,-0.0011141151494257,0.0518719670111387,-0.0034963863227622,-0.0167807559656155,0.008284023668639,0.0021348431410066,-0.0019206897708592,0.0204182198697917,-0.0025710652428628,0.0023917980140013
2023-02-17,0.0091709907083383,0.0,-0.0131444019763213,-0.0019470495864186,0.0078761640352824,-0.0299027178029371,0.0099078890267529,-0.0008217377013257,-0.0057042213510596,0.0045232761055713,0.0008083643502438,-0.0271150936809029,-0.0054741802878058,-0.0360428430962918,-0.0118226600985222,0.0,0.0,0.0064675856588318,-0.0105551571320866,-0.0219949874686716,0.0096346446598829,-0.0311866179515628,-0.0080862533692721,-0.0069432605427522,-0.0047310854939607,0.0095498301968695,-0.0239768611126127,0.0087095010371551,0.0197005370064824,-0.0143581081081081,0.0072525089369315,-0.0011302475780409,-0.0046104711130995,0.003252849331313,-0.0093543235227014,-0.0055179166887205,-0.0489959940224284,0.0056830960805287,-0.0133760989413735,0.0153565304622704,-0.0022899693112955,0.0030624608870484,-0.0033360633360632,-0.020821171434131,-0.0208138727216115,0.0123801208681773,0.0269272433842548,-0.0393690182818501,-0.0108231535618108,-0.0070475017821268,-0.0201550387596899,0.0155294295186489,-0.0152564344039798,-0.0152671755725191,0.0413796449015233,-0.0506849485510942,0.0119731296101159,0.0197409427790187,0.0172653889728096,-0.0050208632601408,-0.0068864916909611,0.0037238966310837,0.0028843716386108,0.0001810186023236,-0.0007793736380844,0.0023990324563316,-0.0318488793988555,-0.0167504679912099,0.0022307155728653,0.0246689295788116,0.0084222640719815,0.024821716330873,-0.0027485588637309,-0.0130057760017799,-0.0109160581181355,0.0269295230520125,0.0216598559164449,-0.0310191825627689
2023-02-22,0.0007542379896798,0.0,0.0,-0.0311968652812528,-0.0346570880371246,-0.0163247923912271,-0.0247536737114774,-0.015560063599978,-0.0100453698730328,-0.0047840992257616,-0.0791557196620039,-0.0086488454337426,-0.0209981221191601,-0.0210779033702324,-0.0109670987038882,-0.0237656342834508,0.0091136811810477,-0.0138117016818208,-0.0259259947590462,-0.014781253843946,0.0027279039777798,-0.0028667298854766,-0.0326086956521739,0.0,0.0312293081127021,-0.011963477249159,0.009831888553466,-0.0063498892211059,-0.0277739059820255,-0.0214224507283633,-0.0213516992873183,-0.0223072363812705,-0.0208369747059852,-0.0142907565646368,-0.0153914756411889,-0.0174040316678865,-0.0061297197653752,-0.0159220208257196,-0.0445986347999928,-0.011120620824741,-0.0205945726509071,-0.0209602697357067,-0.0185987651953829,-0.0127753804224393,-0.0202167212954355,-0.0473989529783521,-0.005618824137263,-0.0382530776366851,0.0,-0.0411982574360814,-0.0158227848101266,-0.0201214811787761,-0.0249212421242125,-0.0257199179519964,-0.0183537522709275,-0.0159638467365859,-0.0426705193785332,-0.0096816218724344,-0.0142345038805554,-0.0113573864261358,-0.0372676622463372,-0.0064048599095536,-0.0201393633009974,-0.0303417438518045,-0.0253414408965011,-0.0316797869114021,-0.0071023867568583,-0.0195903951879367,-0.0066808766702192,0.0087481920403116,-0.0184416662343724,0.0128747534945139,-0.0260864383296336,-0.0076114026336032,-0.0181648258283771,-0.044745650189483,-0.0252249895781394,-0.0529570450300892
2023-02-23,0.0030330603579009,0.0,-0.0079979847597456,-0.0031653207731933,0.0013050264317926,-0.0064527434467545,0.0081420893892192,0.0016596863304223,-0.0043405984484669,-0.0056585954917017,0.0350856900507008,-0.0019410650676486,-0.00211367335292,0.0074317803395869,0.0146169354838709,0.0009363149763581,-0.022552022816098,-0.0058631881701555,-0.0078226360375487,-0.0078309784908199,-0.0204085670475341,0.0046087331836104,-0.0252808988764045,-0.0011548966055403,0.0013129270606726,0.0031742781077206,0.0097087378640776,-0.0028099008957912,-0.0018637644301494,-0.0113835376532399,-0.0124298616982038,0.0073468003476271,0.0047303930943911,-0.0217510783938176,0.0106602698411908,0.0064457594756726,0.0070789687664418,0.0078265303860054,-0.0160188889988548,-0.0009003514274926,0.0,0.0040201209425929,0.0037902469521724,0.0150974866279405,0.0031768421315423,0.0262190032959415,-0.0169517211517643,0.0113641650409253,0.0054656121899716,-0.0059219930569737,0.0144694533762057,0.0102697041358426,0.0373045635492992,0.0306711143314146,-0.0155649409196602,-0.0034576728103847,0.0138589271794498,-0.0110467368876314,-0.0050016476015627,0.0089288197824817,-0.0037817804622417,0.0078043505102844,0.0041134474873112,-0.0125494071146244,0.0070009254722629,-0.0043235808781975,0.0146808510638296,0.0023875024332353,-0.0008393578547473,-0.0216923752919682,0.0191430005926742,0.0246588501685378,-0.012696567337698,-0.004693653897513,-0.0026479292500994,-0.005287634579856,0.0218750611445135,0.0
2023-02-24,0.005278060312835,0.0,-0.0484065515490096,-0.004614320304393,-0.0268574312638103,-0.0328778777220994,-0.0193044013542629,-0.0207617458993606,-0.0320239309897042,-0.0301472133776555,-0.0237274877544558,-0.0131092737336199,-0.0246658617695028,-0.0040714062010648,-0.0129160457029308,-0.0130961475499291,-0.0230183173934186,-0.0042622524269438,-0.0094611745702087,-0.0335286139735182,0.0284785199248651,-0.0522111456596298,-0.0201729106628243,-0.0139841564975548,-0.0124899506144481,-0.0139838726140655,-0.0023902651021294,-0.0005123306703717,0.0006182515347001,-0.0097431355181576,0.0066798655433299,-0.0134333257581497,-0.0125507614213197,-0.012802832967295,-0.0140588452542165,-0.0111943812817028,-0.0147391751761259,-0.0067317845828934,-0.0074429564917521,-0.0162093023255813,-0.0280421509079025,-0.0271031255697126,-0.0305911924503538,-0.0169976486586022,-0.0010576677803285,-0.0088632807923194,0.0134120289823156,0.014045589899442,0.0,-0.0178889345384826,-0.0237717908082407,-0.0036589484744998,-0.0149836481345525,-0.0218462538383482,0.0063147746444927,0.0034696697932901,-0.0011085780698224,-0.0141813278424154,0.0055826936496858,-0.0088498014997795,-0.0059631883209145,-0.0232317428665579,-0.0081862493230201,-0.000378042407463,0.0077469509557996,-0.0142579701027121,-0.0367330677290835,0.0,-0.0112203192969769,0.0,-0.0333923517994457,-0.0044112969380408,-0.024294258002541,-0.0219658884125467,-0.0125893662802805,-0.0058222807037974,-0.0096831106309066,-0.0156010342258643
2023-02-27,0.0060069093129881,0.0,-0.048000266853464,0.0028981881111735,0.0048227291270701,0.0163595013838528,-0.0135832381334973,-0.0008517113720503,-0.0097740938600483,0.0055747087224726,-0.0190961292661058,-0.0201807694151359,-0.002524621849652,0.0,-0.0005032712632109,0.0,-0.014158508932028,-0.0029615066353924,-0.0015919238982721,0.0183658116690537,0.0074232634865771,0.0127154129243913,-0.0411764705882353,0.0094444268373845,0.0086548619389603,0.012888198757764,-0.0217545197124808,0.0023066697943545,0.0,0.0044722719141323,-0.0053583389149363,-0.0073925247199542,0.0270141753736616,-0.0081917737345864,0.0053441214663871,0.0048441305738116,-0.0195605831753276,0.0104263565891473,-0.0871575127633497,-0.0013710611540552,-0.0084142500984123,-0.0114167135133634,-0.0128555202441459,-0.0237470820484739,0.0036995285280982,0.0099925594720702,0.0151251738525728,0.0110808350546329,-0.0036239344397314,-0.0090986735458681,0.0,0.0240729580594738,0.0165610777969755,0.0069294242882422,-0.0157118221881585,-0.0146271813573364,-0.007025803044813,-0.0061044080202956,0.0038873663534035,0.0063836889099051,-0.0032733509948804,-0.0075864067507774,0.0023592335641229,0.0127137025460775,-0.0295640231963048,0.0056608093014867,0.0512340492226512,0.0041178741474714,0.0048205321424219,0.0620996146845378,0.0064761627394551,-0.0103246201834553,0.0029377203290248,0.0,-0.0161064979570316,0.0040701828361269,-0.0015440069604607,-0.0118862128834082
2023-02-28,-0.0007429824402442,0.0,-0.0534337771548704,-0.0083783783783782,-0.0053330437847772,-0.0009499382540135,0.0092650334075723,-0.0118772944773422,-0.0068344018386354,-0.0023348633007382,0.0026547123575402,0.0145680676654127,0.0018070879213589,-0.0697478991596639,0.0130916414904331,-0.0066349662722547,-0.0334922861150069,-0.0003307270378715,0.0079723108034532,0.0006676847675533,-0.0469112458332522,-0.0035884441477255,-0.0705521472392638,-0.0081944051992087,-0.0112229994619109,-0.0197250753743166,0.0123577054746861,0.0046070566412259,0.031717302843448,0.0178094390026712,-0.0074404172443388,-0.0031371807488836,-0.0170185076270443,-0.0234046252825597,0.0152516270058125,0.0128915189513454,-0.0222999180551761,-0.0025810623455335,-0.0308026557841541,-0.0027518049473309,-0.002415019435944,0.0032364049929094,0.0035506534713303,-0.0641771217712177,0.0236666563246563,-0.0286483434771832,-0.0595778386710053,-0.0164390936962536,0.0009092787766067,0.007651849636757,-0.0422077922077921,0.0027860916100022,-0.0438970200238841,-0.0347992377566342,0.0095873077671793,-0.0904175655436786,-0.0141510284282443,-0.0052631578947367,-0.0066374143961006,0.0101435856331448,0.0122234239599252,-0.0159774067439824,0.0035270289146529,-0.0301715616281879,0.0006080774801269,-0.0287655641016797,-0.003300767418071,0.0302121561637132,0.0019777812088728,-0.0250612063209437,-0.0243101958141536,-0.0171521777913704,-0.0029291154071471,0.0032922537432042,0.0088682885006965,-0.0124235195305892,0.0092783676269621,-0.0574878356460624
2023-03-01,0.0059754814841681,0.0,0.0031464001480658,-0.0233103409718291,-0.0091158914256513,-0.0047330776626202,-0.0322560306671878,-0.001725367503278,-0.0076487424639181,-0.0058448182745584,0.0070604893850196,-0.0336630162233985,0.0423030322787458,-0.1046428388812189,-0.018389662027833,-0.0038167331944466,-0.0099257023450197,-0.0049500624219724,-0.0079092557583239,-0.0120174050071337,0.0597739939663548,0.0761845301091068,-0.0528052805280526,0.0023583412472303,-0.008007463266734,-0.0351092112808214,-0.0048937398619856,0.0002545341593469,0.0180872300526284,-0.0201224846894139,0.0036183926089008,-0.0212361454197436,-0.0299033773375937,0.0042286874154262,0.0310824036014876,0.0294121579165498,-0.0091245362299404,-0.0470738193086169,0.0026507404074287,-0.0004569326172744,-0.006881228340712,-0.0111684149388047,-0.016225418664443,0.0212927037001986,0.0082257878752978,-0.0402103726175371,-0.0257460902820461,-0.1002800847857092,-0.0081863979848866,-0.0653411074645624,-0.0338983050847457,0.0107282855374459,0.0,0.0023789425216791,0.0253073029645696,-0.0094959281935445,-0.0136044470450555,-0.0079365079365079,-0.0295106330278477,-0.0213557698885011,-0.0391063506723566,-0.0197667672056797,0.0076208372481469,0.006376063149073,-0.0060881287014937,-0.041855179516318,0.0110320698739312,-0.020319769480086,0.0039440857058996,-0.0257054150305907,-0.0051314670142276,-0.0144175915361477,0.0497824498999588,0.0454766903869849,-0.0297525782321957,-0.0009331498532355,0.0056189014362459,-0.0297960484384958
2023-03-02,-0.0252471990121053,0.0,0.0093726937269371,-0.0104432383698674,-0.0160971770066786,0.0085664242874581,-0.0402566942471822,-0.0157510254873947,-0.0131939074830933,0.0164625116698322,-0.0359409459056019,-0.0179307056403545,-0.0090179786174866,-0.0401822398624316,0.0364556962025315,-0.0086205520346099,-0.0199917922260655,-0.0092906835960778,-0.0015944621606908,-0.0054028422398804,-0.0079610151500529,-0.0094732746117655,-0.0278745644599303,-0.0117797533515451,-0.0047119905956112,0.0081039466220047,-0.0220472440944882,0.0025446938819519,0.029007724301842,-0.0071428571428571,-0.0231762842391988,0.0020084831987738,-0.0259435200251955,-0.019644867601039,0.001694255666502,0.0038571929505577,0.0123579665604645,0.0097726067203247,-0.025360249359466,-0.0004630784027359,-0.022089023942298,-0.024230929819471,-0.0327976926246396,-0.0185322461082283,0.001016076861104,0.0111734731556014,0.0,-0.024765593840205,-0.0128441321883945,-0.0097682150127939,-0.0140350877192982,-0.0330180762513893,-0.0274789115330095,-0.0260923428126,0.0216267042783264,0.017373561580124,0.0049820183894409,-0.0057762073027091,0.0195063258832537,-0.0154052618335338,-0.0033764848091948,-0.0270061449484908,-0.0145462080397844,-0.0040287186874029,0.0004113259146443,0.0,0.0192711565570837,-0.0014960279073849,-0.0022438650026495,0.065935610853367,0.011786763523399,-0.007700133305269,-0.0097566140767519,-0.002242796219716,-0.0076639538702967,-0.0072061527184161,-0.0055875057919266,-0.0219247823944819
2023-03-03,-0.0015165245695473,0.0,0.0061782554653799,-0.0123575519176258,0.0204855583629079,-0.0066096914074013,0.011221157958333,-0.0035003102281639,0.0054725006840623,-0.0144618856271896,0.0727336296888265,0.0057359973352451,0.0122508666081038,0.0488952942576457,-0.0014655593551538,-0.0067631761163265,0.0102297200287151,-0.0090422096424906,0.0015970085303627,0.0013580478784112,-0.0107095958367783,0.0264488664771509,0.0035842293906809,0.013118578527715,-0.0040551580232088,-0.0106916048125619,-0.015029522275899,-0.0032997053066315,0.0327978658290122,0.0017985611510793,-0.0002646041115409,0.0076178168119458,-0.0083258113624422,-0.0042952607449338,-0.0050694322709634,-0.0053819085075553,0.0021528855071535,-0.0317233740057896,0.000541388298199,0.0,0.0025097744617643,0.0,0.0012414951496488,-0.0141301611278953,0.0040782005465631,-0.0193393367074924,0.0020328052712743,-0.0412717007420448,0.0018557374974959,0.0295559998491077,-0.0160142348754448,-0.0463419897174165,0.0364810456266948,0.0430205884244603,0.006028531983433,0.0220849124773265,-0.0167672733812617,0.0058097657138524,-0.0045001549722243,0.0117418218991367,-0.0035753892160118,-0.0066637875389495,0.000595763769152,-0.0086775738949652,0.0002000222246916,-0.0134393856280855,-0.0189068006419198,0.032120305480475,0.0025309408433784,0.0309285149037192,0.0087380597940702,0.0085376416311666,0.0112580960527923,0.0033702498986816,0.0393236732742452,-0.0103785830822544,-0.0081707049665608,-0.0029888338510619
2023-03-06,0.0297468002741299,0.0,0.0092286451331613,0.0073250016473016,0.00512035212757,0.0418291235802679,0.0227168980424801,0.0298747679800757,0.0334355904109251,0.0237766226671272,-0.0016948205538896,0.0160769718709126,-0.0138330267410803,0.0039613508300873,0.0117416829745595,0.0155639500008106,0.0151595902173269,0.0040575598410201,0.0127556972855253,0.0244261372653691,0.0040608039015181,-0.0383761629403864,0.1928571428571428,0.0058829095956092,0.0203682291203415,0.0182286023835318,0.0228882833787467,0.0078945778192145,0.0027842694367725,0.0053859964093356,0.0189852800456054,0.0143264725641942,0.0268581287614286,0.015811174077303,-0.0319525331073005,-0.0224375650364203,0.0126588962442959,0.0324560834517611,0.0140852141510379,-0.0009206462342599,0.0212711604618685,0.0076441620794442,0.0227142874509183,0.0191208861365597,-0.0096366659887303,0.0219698380189907,0.0121720881427072,0.0562940362014179,0.0176284243872149,0.0414765961344691,0.0379746835443037,0.0272802845098549,0.0148407287230056,0.0101196960665419,0.0150038882027354,-0.0023027445367529,0.0116267617193912,0.0315571260306242,0.0209140386906721,0.0270562314935658,0.0073645747859083,0.0070824840585672,0.0064864561954061,0.0023365551199052,0.0063272153586348,0.0252011811644838,0.0330885223802692,-0.0087143333982987,0.0067333547670542,-0.0419838376084776,0.0064948540771541,0.0299968452047112,-0.008353348136735,-0.0352740147690794,0.0101379145619731,0.0144164525658998,0.015190999809318,0.008993381275578
2023-03-07,-0.005189315585934,0.0,-0.0030240846743708,-0.0218188425547377,0.0072379734939873,0.0082068909408941,0.0229934098248747,0.0145097815547823,0.0233287449877312,-0.0002903543500182,0.0067907913883811,-0.0122481450993606,-0.0189328471461089,-0.0185138100215649,-0.0120889748549323,0.0086205520346098,0.0049582920142332,0.0070640794740759,-0.0078718992396897,0.0079432144667905,0.0080789682423103,-0.0136836620982097,0.0988023952095809,-0.005848503378961,0.0166298620796527,0.0119437129252786,0.0199085887334211,0.0222391619951436,0.012778768956289,0.0151785714285714,0.0020712827633975,0.0003913810158702,0.0171724922604714,0.0,-0.0136947891917418,-0.0118554986361519,-0.0143860409845738,0.0124281071695784,-0.0016007393105269,-0.0018429892095953,-0.0036686844431103,0.0104219898227253,0.0028289720014975,-0.0070475474534861,-0.005121917336603,0.0055164875204956,0.0040085700463059,0.0094013847106857,0.0072911926529597,0.0888142271631866,-0.0087108013937281,0.0049798173747743,-0.0302639649258307,-0.0331275859730041,0.0249673261525982,-0.030033695353512,0.0114931337913894,0.0077552660905784,0.0171661486129846,0.0062716056130187,0.0013118369091953,0.0133179836879069,-0.009966245606709,0.0069819538099407,-0.0093290276282741,-0.0086409709549041,-0.0059832596034499,-0.0006282471678031,0.001952423291176,-0.0250612063209437,-0.0107561780248647,-0.0141915174203428,-0.0126431879112844,-0.0095175986079246,-0.0147214656659688,0.0131735816601916,0.0040560110628382,0.0014855368797048
2023-03-08,0.0141484274000345,0.0,0.1314772686238399,0.0244751477685187,0.0330051613268034,0.0543075883355692,0.0100993898017978,0.0260746371026681,0.0308793599550845,-0.0002865138331233,0.0025293703442907,0.0702835729067621,0.0107206350740938,0.0315407371871752,0.0122369065100342,0.0199427042940123,0.0890991409333643,0.0243991835341848,0.0095212292448814,0.0183950927788956,0.0146975967049405,0.0398817340777533,0.0354223433242506,0.0023500094631252,0.0445005478016482,0.0176909731349561,0.0975448821928353,-0.0012358609132803,-0.0043875101843083,0.0413368513632366,0.0281504325084158,0.0215691248102973,0.0836064720878206,0.038219806352981,0.0188673599162114,0.0176128406765054,0.0126803271156852,0.0288328641622901,0.054573002754821,0.0083028083028082,0.0209048153045339,0.0131353064786121,0.0124870358846711,0.042553862654175,0.0138967307166923,0.0745604499137568,0.0977949106261901,0.0652204870176105,0.0515826976190232,0.1223625965297747,0.047451669595782,0.04211393967115,0.0154314661356913,0.012746762448613,0.0,0.0261986337111352,0.0132601192631536,0.0389039456867561,0.0342948736428792,0.0311761670694945,0.0484945999757302,0.0032845912814027,0.011845092897865,0.0242786968550619,-0.0212854874209457,0.0596537142181214,0.0205391733102808,-0.0064921996368346,0.0052844512537442,0.0599488631175235,0.0159488032607815,0.0431874476770779,0.0369958962016723,0.0091407793154707,0.0305583702202549,-0.0045897339827651,0.0143989632529566,0.1216666666666668
2023-03-09,-0.0014619622385851,0.0,0.035137550264888,-0.0299391860283798,0.0010309105920742,-0.0060082469887009,-0.021750039701445,-0.0049202244235995,-0.0035627567113712,-0.0080286124830201,-0.0100919550852548,-0.0033811325487571,-0.0236902098533843,-0.060851933266571,-0.0087040618955512,-0.0251392746853711,0.0091136811810477,-0.0039110694369047,-0.033010006517655,-0.0019345677064396,-0.0072471399167104,-0.0805988471768532,0.0973684210526315,0.0129183516120403,0.028202415265059,0.0044943820224718,0.0311114451040803,0.0222772173402403,-0.0093666196676895,0.0033783783783785,-0.0005009858107889,0.0026891902128627,0.0192889379681195,0.0075003444475061,-0.0433260886591477,-0.0440639390250358,-0.0264646281341682,-0.0134942480836085,0.0497217941015124,0.0013763445941556,-0.0108367761820447,-0.0129650071363784,-0.0190936654920921,-0.0317397881996974,-0.0142152283777632,-0.0137721723882107,-0.0545534351942813,-0.0116623272454118,0.0077425527967898,0.0200512436665132,0.063758389261745,-0.0087188302959921,-0.0124343964473152,-0.0043293641722601,0.0385613155696258,-0.0301702470165367,0.0044828241339689,-0.0123456790123456,0.0042088245951443,0.0048326354323036,-0.0007158502972707,-0.0134652000602714,0.0111158971223721,-0.0193815114933023,-0.01694326624726,0.0113860729908674,-0.0440673579193399,-0.0204460205029224,-0.0066401971522451,0.0242515614904157,-0.0117738240423083,-0.0079919914619717,-0.0233277791002142,-0.0131237192383633,0.0065807631270269,0.0089630187258868,-0.0074701261769791,0.0013224368499256
2023-03-10,-0.0066241719785026,0.0,-0.0025897949745644,-0.0081045820046877,-0.1158306612450235,-0.0276336686077289,-0.0189089681235835,-0.0263636063299084,-0.0286381234342973,-0.0164840166383687,-0.007646130721761,-0.0314930076713736,-0.013041514034868,-0.0772407645835396,-0.0546341463414634,0.0038203785358399,-0.040561952043942,-0.0055675976961664,0.0,-0.0316729329768296,-0.0019865378310093,-0.0374860913939301,-0.1774580335731413,-0.0150681952341007,-0.0298594847775176,0.0141171025225641,-0.0301727279352815,-0.0089612499794844,0.0567310966114278,-0.0101010101010101,-0.0128187300920011,0.0015319591869284,-0.0065474157726774,-0.0189488799049565,-0.0142449996674121,-0.0148113285900167,-0.0182027181219425,-0.0021010154908206,-0.0290013039886124,0.0018286712049173,-0.0170547774923344,-0.0229796630694163,-0.0239288697935314,-0.0210618418174431,-0.0118386685294296,-0.0206937111907432,-0.0384453827957463,0.0029499855077133,-0.013660937469723,-0.0540605376419953,0.0141955835962144,0.0020017065239952,-0.0069904341427521,-0.013037610096147,-0.0114309906858595,-0.0065824954159224,-0.0260518695650217,-0.0004151943462896,-0.0031420006661485,-0.0348975874405377,-0.0187627079383326,-0.0180736832361382,0.0214102158886337,-0.0253184480645778,-0.0059593789273116,-0.0268892491291,-0.0127051719116013,-0.0301276346577008,0.0022269856986896,0.0946673395575741,-0.0108299501753089,-0.0124431841874818,-0.0266877894223739,-0.0032945809823153,0.0006597719074261,-0.0109118888293036,-0.0080299007437487,-0.0383148585080651
2023-03-13,0.0074052771586741,0.0,0.0340020401224072,0.0022009911998039,-0.0018914535846568,0.0079882008235667,-0.0062545916645155,-0.0084602943006119,-0.0110544516734072,-0.022643498696198,-0.0128417408320319,-0.0230099132120215,0.0062374189990348,-0.0539617119776181,-0.023219814241486,0.0047572984887649,0.0281845205328634,0.0210810171201527,-0.0048766949488542,-0.034043398945194,0.0378773238511189,0.008793749501714,0.0349854227405246,-0.0129487098605766,0.0106709826082185,0.0202089355443988,0.024448285363593,0.006599539605518,-0.0105268717813284,-0.0093537414965986,0.0058570909126645,0.0042033006177133,0.0183137157284591,0.0062117753654755,-0.0107447068044619,-0.0083600292249762,0.0002473944474328,-0.0010527195254406,0.0039826751069991,0.0145908898205286,-0.014872019694466,-0.0129630574734431,-0.0120437733080637,0.0,-0.0244957923789502,0.0153140319269284,0.0040005518002481,0.0941154559991779,0.0216396212329574,0.0207804994480411,0.0730948678071541,-0.0167549678019232,-0.0316931020895451,-0.0316218349968985,-0.0057815845824411,-0.0433577527317253,-0.0332405489383738,0.0075031152510316,-0.0031574726853552,-0.0174483339217337,-0.0030951090282757,-0.0105158963965025,0.0,0.0190899129130863,0.0017128874388254,-0.0057844853863766,-0.058085613848468,-0.0108719870245302,0.0102850649421148,0.072073456529256,0.0237237412308828,-0.0192715326864449,0.0,0.0041318389057751,-0.0143940950815179,0.0028228943212089,0.0063249904989413,0.0137330843890322
2023-03-14,0.0249785897801884,0.0,-0.0506113419628709,0.012229287865854,-0.0231879667671272,0.0079248951694474,-0.0076193520886614,-0.0068214224605032,-0.0059624001327611,0.0003005636597948,-0.0234158335636479,-0.0015350257407745,0.0029212522471171,0.0307151230949589,-0.0237717908082408,0.0179921402755638,-0.004604347360531,0.0241894166727658,0.0114347185146819,0.006907549069318,0.0294473615610919,-0.0211723423928934,-0.0788732394366196,-0.0035632679801225,-0.0242379827918464,-0.0241580713309308,0.0,0.0094642284247674,0.03882945786091,-0.0240343347639485,0.0037940591221881,-0.0072321335419925,0.0043185733575452,-0.0123381964587211,0.0131123972232569,0.016010881732009,0.005188246493476,0.0073823781963355,0.0436305342264335,0.0085369392374208,0.0,-0.0029176915519902,-0.0033663366336634,0.0047562805247869,-0.0149531179109744,-0.0390178479314968,-0.0179307502061004,0.002688298271976,-0.005932293018739,-0.0623291975389831,0.0072463768115942,0.0044614225056058,-0.0178198338273165,-0.0177757719576642,-0.0087012707301313,0.013846546717908,-0.014625770626976,0.0095129910001579,-0.020569028026837,-0.0177720042564365,-0.0407384669356252,0.0034155218078923,-0.0119001170503316,0.0135144312393886,0.0021345399979062,-0.0239213980648979,0.0105389464582699,0.0087486224310611,0.0068776530009133,0.0151227378605984,0.0174677960053,-0.0015155298757437,0.0115500187805184,0.0091046682117013,-0.0099476121386933,0.009214694146201,0.0118097704405062,-0.0216752667549507
2023-03-15,0.0050219328784293,0.0,0.0293154480760753,0.0489465804265689,0.0137352229616982,0.008749196204135,0.0010671140939597,0.0188934958135689,0.0142501103042012,-0.0120271660835563,-0.015106565695995,0.0041015451558474,-0.026181901644361,-0.0358280254777069,-0.0070346320346319,0.0158137083145997,0.0458799483648881,0.0135420016436202,0.017765697628614,-0.0157856710187339,0.0130590097219083,-0.0604340594571026,-0.0611620795107034,0.0047787042976266,-0.0006305053314789,0.0514224588034535,-0.0130082891165609,0.0115431472494875,-0.0010225789544001,0.0316622691292876,0.0161376142026579,0.0368108217174178,0.0365326440964774,0.0110984483212062,-0.0465553495406095,-0.0409722900135273,0.0118049972390152,0.0267172192394975,-0.0123521412008728,0.0084704311748695,0.0037655757907708,0.0014594106055443,-0.0025332803496919,0.0190621425848263,-0.0282044228936241,0.0037860895206194,0.0263728576425323,0.0214487256038309,0.0059676951349261,0.0067797138493188,0.0719424460431654,0.0258480066367763,-0.0244320219647029,-0.0176750459477085,-0.0117324990222915,-0.0329090779052373,0.0012037374105084,0.0041012629630756,-0.0043062883216882,-0.0271262750615547,0.0074262857142857,-0.0018942181246766,0.0252306225959084,0.0169637273295808,-0.0085257775636821,0.0245076554464702,-0.008499511070755,-0.0166779918218773,0.0177561947453617,0.0430507995904967,0.0101604477611938,-0.0068129877969901,-0.0171272085899063,-0.0301266277643676,-0.0006756875340037,0.0164850842305697,-0.0047188926331953,0.0193860563533676
2023-03-16,0.0171122253687008,0.0,0.0595919116522376,-0.0047246994821956,0.0150231004286354,0.0277294853963838,0.0106530614981328,0.0151839660925241,0.0280880381875046,0.0045661339510389,0.0216499544211485,0.0388138075891995,-0.0026150686315222,0.0007344351128479,0.0038147138964577,-0.0073258955144152,-0.0087426073540755,-0.0239253566476297,-0.0158687154081356,-0.003485095654753,-0.0208714593060106,0.0006788749581072,0.0814332247557003,-0.0011969740496025,0.0152901226549886,0.0084540477690036,0.0417688591601634,-0.0275759284620962,0.0245978797059778,-0.030690537084399,-0.0079406637334848,-0.0103547956813122,0.0304033277051583,0.0185371436498578,0.0105435839494167,0.0078523753435415,0.0102053223767741,0.0056119505975837,0.056757787540925,-0.0061910495112781,0.0075199508901167,0.002441135349859,0.0164956924455952,-0.0070145903479236,0.0044696341351027,0.0086345195399677,0.0276490367139221,0.0209983380136395,0.0093262953455055,0.1037664287815223,0.0281879194630871,-0.0106266014865429,-0.0037968344922447,-0.0034326410211918,-0.0059358923624851,0.0176591639871381,-0.0072137410131234,-0.0032667436839348,0.0086555536461019,-0.0053219951697108,0.0546320014339227,0.0117531225920606,-0.0061491058562597,0.0024378726815503,-0.0152664606162781,0.0827373779866096,-0.0120770500825536,-0.005201071469559,-0.0402655238468099,-0.0238099267256697,0.0041629266815157,0.0167672469934441,0.0145135139389551,0.0036840630044041,-0.0053652496904663,0.0022456204672265,0.005740414338446,0.0
2023-03-17,-0.0028012158468782,0.0,-0.0293327944106013,-0.0430266323146342,-0.031051943893129,-0.0472243367447631,-0.0171279220951522,-0.0315681941838128,-0.0417071692416775,-0.0175760189777873,0.0326547634057163,-0.0216295886387459,0.0041185605293363,0.1672788805232337,0.0266015200868621,-0.0295198413308528,-0.0132814526588845,-0.0655835400062604,-0.0451685216502143,-0.0077014658828782,-0.0119072583218605,-0.0121771090959054,-0.0180722891566265,-0.0071425147404248,-0.0746961527917389,-0.0323316759145828,0.0886066918741528,-0.02224394608432,0.0090065214444572,0.0114335971855761,-0.0642815992996708,-0.0500747659722649,-0.1073141616928919,-0.0222432197762909,-0.0142984615715408,-0.0147167034584253,-0.0139538919742028,-0.0071031103582112,-0.0095569762645768,-0.0342370584722796,-0.0223745451468223,-0.0218724402824821,-0.0287143749464168,-0.0766380961351291,0.009993905356078,-0.0336910265654379,-0.0403687573231932,-0.0282789047677852,0.0008382788610838,0.0,-0.0522193211488251,-0.0314369813885355,0.0041930722048306,0.0107497577519379,-0.0268931351733899,-0.0104110056494318,-0.0096833264155089,-0.0266189736154401,0.0069683838687875,-0.003998313438695,-0.03674477441118,-0.0397154851842623,-0.0174456285704741,-0.032710741085611,-0.0085184040327183,-0.0167133120410918,-0.0414026080523391,-0.0090917793525296,-0.0075539869680977,-0.0260201782061505,-0.0151995585800993,-0.0037490605998498,-0.0071529426368136,0.0119874363834504,-0.0283217091904299,-0.035100655029322,-0.0106695502329138,0.028541339153528
2023-03-20,-0.007035519125683,0.0,-0.0503851759317093,-0.0096124884259688,-0.0422269115484673,-0.0106133238641967,-0.0056288217269818,-0.003428270042194,-0.0172442598692063,-0.0052430282920898,-0.0427420263721401,-0.0261323094326487,0.0089485834678142,-0.0296054024647278,-0.0343733474352193,-0.0038022211308439,-0.0313896629686102,0.0003414310470337,0.0101324216899725,-0.0021146563683401,-0.0177716262975778,-0.0184908284795271,-0.0368098159509201,-0.008400926998841,-0.0332424745200284,-0.0414546357204915,-0.0600956812373025,-0.0012497669925946,-0.0109063950682394,-0.0486956521739131,-0.0034739180980813,-0.009048095500966,-0.0668603591009106,-0.0372101931900297,-0.0058841493341474,-0.0017572376224573,-0.0043887663478707,-0.0281027789625997,-0.0422785157562478,-0.0018429892095953,0.0063535481190379,-0.0009883137556676,0.002572363485048,-0.04124447466848,-0.0065988398499849,-0.0337610464095511,-0.0320685603704471,-0.0185193742923819,-0.0167800885166327,-0.0927910238429172,-0.0192837465564738,-0.0209555145716683,-0.0235200192620846,-0.024671200455376,-0.0091818181818181,-0.0121137814219165,-0.0207838187000128,-0.0071489096017481,-0.0143761138809302,-0.0120722877496204,-0.0126544395508187,-0.0007784006070546,-0.0040121315979163,-0.0245416142878174,0.0039630435694972,-0.032789300615469,0.0403129823517378,-0.0082586692494619,0.0019744351023733,-0.0450654089169706,-0.0245519539216638,-0.0045089450268736,-0.0129555541664061,0.0082199645382197,-0.0228961857861931,0.005674918400834,-0.0029317144741624,-0.060766593954503
2023-03-21,-0.0120382472312031,0.0,-0.0291602718702038,-0.0347530938363571,0.0039082466218023,-0.0008972544015313,0.0118643607634458,-0.0034400635088649,0.0030479289868976,0.0018587360594795,0.0062595045376501,-0.0025800398733436,-0.0166276983911006,-0.0314855161254585,-0.0054764512595838,-0.0066792830902816,-0.0092823797633264,-0.0095374866372148,-0.0167179759016493,-0.0226116492451511,-0.013565181448393,-0.0125594536903359,0.0254777070063694,0.0169442009932805,-0.0028092757176422,0.0128965427942511,-0.0082275833217124,-0.0067571866688723,0.0165399842045161,-0.0036563071297988,-0.007779710625138,-0.0047655522382863,0.0032177798621695,0.0336386736234819,0.0106530623440028,0.0061611582977598,-0.0117616197675048,0.0068330296431269,-0.00528216860445,-0.0129128324250274,0.0113710648546363,0.0134271775740459,0.0205135299999372,-0.0134411462212292,0.0,0.0080178072546392,-0.0103534451981435,-0.0026955447001353,0.0042690364174944,-0.0255704656483829,0.0070224719101124,-0.0016755204524874,0.0221398861859309,0.0204957687641105,-0.0123864574731626,0.0235550398670989,-0.0020796930312658,0.0050847381494609,0.0032387459301095,-0.0217060448896966,-0.0186571721988227,0.0136644684624656,-0.0068958925060081,-0.0206079041471229,-0.0043893175357714,0.0037667652211244,-0.0051393662044216,-0.0064791201984198,-0.0196907930159218,-0.029728067396045,0.0050355166669857,0.0294753338901756,-0.0087715131651862,-0.0083936192134599,0.0120697029997582,-0.0138539562116026,0.0065475772614116,0.033747274623187
2023-03-22,0.0,0.0,-0.0109368950832365,-0.0032441263419945,-0.0266317923569383,-0.0116348686836433,0.0023946874161524,-0.0077697476275138,-0.0091281082782499,0.0027871671707286,0.00266177861412,-0.0155202821869486,-0.0037612880999847,0.013407093142556,-0.0363436123348017,0.0028817982421029,0.0,0.0158191429184464,0.0119015530075266,-0.0021681633657276,0.0517308699585732,0.0063595999461811,-0.0217391304347827,0.0131028759296498,-0.0056343799620959,0.0165929486360032,0.0,-0.0025196877295479,-0.0049287654828061,-0.0321100917431191,0.0082894453063582,0.0035901853690107,0.0457484936629961,-0.0076198308065122,-0.0437208595450424,0.0034991033547653,-0.0076891561259347,-0.0036526556240964,-0.0448611594058913,0.0056056043975936,-0.0124849041519961,-0.0029434558407106,-0.0058602776699389,-0.010892228053778,-0.0038732601354661,-0.0084722848129787,0.0313852813852812,-0.0297281826121851,0.0271921960999779,0.0414405838489606,0.0460251046025104,0.0130289051548091,-0.0087415805945798,-0.0029874107351137,0.0250836120401336,-0.0116643668433898,0.010425181910846,-0.0029540711211617,-0.0080764294880936,0.0138653939101014,-0.0013438319725979,-0.00154184489717,-0.0005843771914145,0.0032362459546924,0.0110186723609468,-0.0469078743144897,-0.0242438671595998,-0.001629086228439,-0.0045919034542024,0.0396480848284606,-0.0025070486931341,-0.0029359118055439,0.0014855043526873,-0.0124527074724175,-0.0645626607864755,-0.0031238987211728,-0.01101153193076,-0.0217637169494115
2023-03-23,-0.0121849324606599,0.0,-0.1049678703069446,-0.0065093699023595,-0.0206397764181585,-0.0561635537607269,-0.0108942229835983,-0.0217581011111757,-0.0345640699833836,0.0077131029821746,0.0132735617877008,-0.0388834860350447,-0.0298014183593063,-0.0261242526644138,-0.0491428571428571,0.0076627129196533,-0.051394444140047,-0.0125260826708655,-0.013441796610864,-0.0115963692962043,0.0069179713320717,-0.0316059682335952,-0.053968253968254,0.015264890751272,-0.0615669911914695,-0.0376238619787736,-0.0291057367829021,-0.0050521051865425,0.0178384050367261,-0.0369668246445498,0.0021941854086668,-0.025041394335512,-0.065999428791397,-0.0069730949610353,-0.0081620142806871,-0.010460706969446,-0.0137412881221886,-0.0393075491759703,-0.0171729622059612,-0.0051063268049155,-0.0151919665156655,-0.0246111762991307,-0.0248561935931765,-0.0330728693439942,0.0038883206126891,-0.0260582371299578,-0.0405736271423575,-0.1337047523180741,-0.0430164032881648,-0.068964991925901,-0.0679999999999999,-0.0273842072753216,-0.0195522139536075,-0.0227180098721451,-0.0061174551386623,-0.0452943638437428,-0.0045395525369557,-0.0033796806784461,-0.0320282446566881,-0.0246104341089891,-0.0373086271006876,-0.0154325768724343,-0.0121621528661544,-0.0280160699515538,-0.0191807966586375,-0.0938298411319799,-0.0329948070123747,-0.0149249221270091,-0.0054763978139451,-0.1577177487897713,-0.056668780223222,-0.0309304296032817,-0.0235414207789721,-0.0257093978651803,-0.0300059913763468,0.0054824561403508,0.0093629809648319,-0.0890072805674467
2023-03-24,0.0079826601818566,0.0,0.030868471883086,0.0150680734391817,0.0153577695081272,0.0134350230513333,0.0102091212307775,0.0142372881355932,0.0111365620926611,0.0128643645783557,0.0061131850941931,0.0158524462117446,-0.0003856401626699,0.0186735690152912,0.0733173076923077,0.0104561081098208,-0.0886616993011032,0.0222845920001037,0.027249880574075,0.0256632132026786,0.0290015377559553,-0.0014450335026876,0.0503355704697985,-0.0023119414101291,-0.0113186004896309,0.0364814718026447,0.0428192131305817,0.0106632929694558,-0.0019494796501685,0.0374015748031495,0.0224205058297446,0.0342475855072335,0.0197032546266751,0.0260020418127746,0.0119374628027286,0.016737876051623,0.0050677916633501,0.0349150900978798,0.05601210729348,0.0163445010705347,0.0191167468299082,0.0154396665338523,0.0145056509744594,0.0171020484871264,0.013840536639212,0.0101032884298291,0.0232592052497266,0.0385834594173339,0.0207491665032357,0.0455698273746214,0.0157367668097281,0.0260235127311396,0.0035207357619224,-0.0004402088288899,0.0030547576710893,0.0116926577872966,0.0004163928340299,0.0182420033821466,0.0179459305330316,0.0266365274765556,0.0245704133669952,0.0129309497118808,0.0175904067520422,-0.0184660645035801,0.0095571645465488,-0.0275157546664962,0.0130588576951091,0.0092332704489332,0.014492917718724,-0.0205764927828718,0.0292752848570247,-0.0053152810000346,-0.0030054555551927,-0.0114355431718133,0.007736082140181,0.015571088903588,0.0155426212856522,0.1038090174758614
2023-03-27,0.0028758238492334,0.0,-0.0090150604539346,0.0293637341630097,0.003378307807708,0.0028392598925515,0.0005357692977403,0.013157894736842,0.0180978485337739,-0.0084673164069773,-0.0138880940117133,0.0129197611766418,0.0,0.0190001068777561,0.0391937290033594,0.0244586945955691,-0.0216123716567372,0.0090543068192625,0.0165996077559189,0.0164400428672408,0.0147344135074196,0.005806933294006,-0.0543130990415334,0.0127684722935037,0.0381420862111081,0.0131864252937321,-0.0164336635496714,-0.0002512092104366,-0.0024379378374804,-0.0208728652751422,0.0262115916850163,0.0244365126006844,0.0170147852616755,-0.0116462180075102,0.003658881411525,0.0025993155135815,-0.0015135515663499,0.0216113849667196,0.0014632044176747,0.0022965314660414,0.011464268552207,0.0125940402798006,0.0172305764411027,0.0336289726533629,-0.0262144053601339,0.0170707856257363,0.0123984608807181,0.034057339092931,0.006772594528128,0.0109076682316118,-0.0042253521126759,0.0054028117652704,0.0151986565298896,0.0171138943188051,-0.0030454545454546,0.0442553107034406,-0.0103653705356695,-0.0083348056537102,0.0099147992530346,0.0150257371537385,0.0113096282775808,0.0069654107893484,0.012105907874657,0.0278919990091652,-0.0015398349920012,-0.0022339761490192,-0.0091497800669199,-0.015012436487794,-0.0008593845913458,0.027324852177029,0.0066484130356103,0.0198604027780195,0.0,-0.001652785051218,0.0306967303711742,0.0048584706379382,0.0167865326707628,-0.0318044809048818
2023-03-28,0.0473803941393344,0.0,-0.1782312439798794,0.0498454898835347,0.0327135703119381,0.0085041889445542,0.006907722994953,-0.0051971201703822,-0.0015489581412501,0.0173839366581938,0.0193650732235783,0.0207196379382725,0.0178924233390618,-0.0022871681745284,0.0576508620689655,0.0135596333083363,0.0,0.0415412553489626,0.0081543357199682,0.0267176143331437,-0.017672591980157,0.0411561477625754,0.0236486486486486,0.0068642506142506,-0.0029413966821045,0.0024884907303719,0.0167082411634584,0.0005025446647217,0.0068458529834667,0.0251937984496124,0.0380490237572632,0.0265490085248722,-0.0055767085881311,0.0256416990580241,0.0036455428027295,0.0060349421711387,0.0229727030234663,0.0036147534280184,0.0,0.0032089614095749,-0.0037837654404778,0.0069601764635747,0.0046566060979367,0.029817661780479,0.005610283755979,0.0341439040639575,0.0204110360360358,0.0119765959533226,0.019341418497915,0.0107744941715559,-0.0282885431400282,0.0140644089798411,0.0172728846486756,0.0176843256711385,-0.0154105685496739,0.0082231788478046,0.0071194393631521,0.0285729556863076,0.0109153525676215,0.0107727032889723,0.0304603765202422,-0.0019233272114647,0.0051252231297667,0.0211827646038171,0.0185185185185183,0.0156728458068553,0.0415423652446109,0.0069044612848725,0.001716524057401,-0.0040987180605216,0.0132129151262672,0.0067415346805024,0.0317179461974508,0.0105679390180135,0.0081889702369926,0.0104232359330109,0.004369369134922,-0.0128700954826285
2023-03-29,0.0150790150374062,0.0,-0.1066203603212503,-0.0089593605981502,-0.001708026441422,-0.0084533500313088,0.0116200226018747,0.0113095584385363,0.0054174515815266,-0.0161843497952854,-0.0181336825324526,-0.0083269482129174,0.0126106156576069,-0.0036081740062261,-0.0147733061640346,0.0182855934890604,-0.0276608149251799,-0.0028717255692169,-0.0048530282106923,0.0328757146498672,-0.0025775907417149,0.0207988592754286,-0.0033003300330032,0.0,0.0,-0.0253692441355344,0.0040968428849179,0.0022603150819631,0.0223426655228886,-0.0113421550094516,-0.0170708117880576,-0.0037474575226511,-0.0232312293729373,-0.0182404807224493,-0.0028238755024589,0.0017180162638874,0.0032105770997976,-0.006171296950206,0.0267245088914909,-0.0086813342461227,0.0101170098615297,0.0054319672009828,0.0096930830257622,-0.0131578947368421,0.0139408811900079,-0.0486829968227939,0.0040005518002481,-0.0088761410104846,-0.0206312951660613,-0.0226670546612959,-0.0203784570596796,0.0,0.010563402474458,0.0131447338956482,0.0062514470942347,0.0018819374844873,-0.0153809772983415,-0.0036764705882353,0.00917415460594,-0.0093238403201717,0.0007365291512848,0.0,0.0056641597266136,0.0044247787610618,-0.0034643256937487,-0.0227736894997893,0.0406959800367934,0.0186866004024885,-0.0031409486780136,-0.0308012259194395,0.0076060586191069,0.0111634766982555,0.0,0.0143636691248063,0.0228975893711866,0.0022654114437952,0.0087033126481752,-0.0144684863362216
2023-03-30,0.0006804449946302,0.0,0.0328976140725982,0.0213940648723258,0.0256642318078597,0.0256394063782761,0.0182746520522021,0.0266806263446734,0.0300273086861213,-0.0076185631064721,-0.0202371633179671,0.0425183788021679,0.0230186860237615,-0.0003301318485342,0.0129265770423991,0.018846940893858,0.0341105929380414,0.0195186292186497,0.0195067797954167,0.0285152201044993,0.0231967371622452,0.0543479198103038,0.0827814569536424,0.0011438681043816,0.0456886009139865,0.0165040878180475,0.0449966575228786,0.0112803350123591,-0.0033277394256073,0.0219885277246651,0.0199236624038945,0.0184324384519884,0.026251880790856,0.0199530516431925,0.0323891882153573,0.0257117539446603,-0.0188926610599354,0.0310371593182536,0.0506396354687004,0.0,0.0212791070194073,0.0289783600765494,0.027543157626285,0.0133333333333334,0.0044057151014158,0.0376458275617939,0.0079692223138225,0.0268668974013022,0.0488702400978742,0.0709416576559633,0.0208023774145615,0.0224300296964934,0.0112076439000354,0.0029249029330071,0.0217671421997238,0.0128352274152681,-0.0004241293850124,0.0217316660799116,0.0187139272626351,0.0121048009367681,0.0357694206345644,0.0280989500323585,0.0253518488788997,0.0210513950073423,-0.008253420203143,0.0263149164855942,0.057683304089857,-0.0004637974734319,-0.0020023715238158,0.0402502653987759,0.0273198105948957,0.0036716935896252,0.0702829739257471,0.0162707091382585,0.0245497943942902,0.0062792266575946,0.0031132482584304,0.0704847994985402
2023-03-31,-0.0330651636053809,0.0,0.0,-0.0182892316400169,-0.036851158120446,-0.0416641011431972,0.0025619680044399,-0.0067013313012687,-0.01569354781182,-0.0018446773285374,-0.0538573077264521,-0.0105720918573095,-0.0106988037296141,-0.0299531875053196,-0.0117406840224604,0.0079320030854763,0.0275093415796932,-0.0065933152922186,-0.0047833864820721,-0.027080205398216,-0.0094411752072505,-0.005152194180474,-0.0489296636085627,0.0,-0.0077454168675687,-0.0018791811781212,0.0136986301369863,-0.0044601234723448,-0.0090550766787528,-0.0205799812909259,0.0062613696194309,-0.0040620114854084,-0.0263777249051507,-0.0202446404978051,-0.0082399904021289,-0.0117045438711386,-0.0474992851766051,-0.0321121832255327,0.0017997458090972,-0.0009227673495144,0.0073469926860274,0.0052504703248281,0.0048752238170934,-0.026315789473684,-0.0093154260095479,-0.0606570750519134,-0.0118593238822246,-0.037792376781237,0.0281126693822504,0.030582382206614,-0.0713245997088791,-0.0121059245382028,-0.021790617637263,-0.0216928185237422,-0.0334639463135612,-0.0358565983757557,-0.0063390794020815,-0.0188617443497718,-0.0104972283536365,-0.0026609975848553,-0.0294431771161673,0.0033729189372018,-0.0049450047623396,-0.0064774439982973,-0.0015320782611806,-0.0227149679598549,-0.0109794641822905,-0.0336823043120573,-0.0005753890414542,-0.0244273151666485,-0.0146957999224967,0.0234613168071227,-0.0027299703264095,-0.0186994268780408,0.0155007289033233,-0.0351883473337991,-0.0312944924151634,-0.032914201183432
