date,ABEV3,ALOS3,ANIM3,AXIA3,AZZA3,B3SA3,BBAS3,BBDC3,BBDC4,BBSE3,BEEF3,BPAC11,BRAP4,BRAV3,BRKM5,CMIG4,COGN3,CPFE3,CPLE3,CSAN3,CSMG3,CSNA3,CVCB3,CXSE3,CYRE3,DIRR3,ECOR3,EGIE3,EMBJ3,ENEV3,ENGI11,EQTL3,EZTC3,FLRY3,GGBR4,GOAU4,HYPE3,IGTI11,IRBR3,ISAE4,ITSA4,ITUB3,ITUB4,JHSF3,KLBN11,LREN3,MDNE3,MGLU3,MOTV3,MOVI3,MRVE3,MULT3,PETR3,PETR4,POMO4,PRIO3,PSSA3,RADL3,RAIL3,RAPT4,RENT3,SANB11,SAPR11,SBSP3,SLCE3,SMFT3,SMTO3,SUZB3,TAEE11,TEND3,TOTS3,UGPA3,USIM5,VALE3,VBBR3,VIVT3,WEGE3,YDUQ3
2023-04-03,0.0,0.0,-0.0597478359051562,-0.0144247054160211,-0.0229893815111182,0.0222196046516607,-0.0117600865109812,-0.0227893228637829,-0.0250631107245956,-0.0092278029661998,-0.0398461201638883,-0.0005122217204039,0.0022357450242065,0.0156110161550151,-0.006198347107438,0.0122447800849048,-0.037431813906828,0.0006332403386044,-0.0080106287366651,-0.0006623776539146,0.0228869269595684,-0.0220225568854398,-0.0418006430868166,-0.0272691264739037,-0.0305411385207089,-0.011873682096596,-0.027027027027027,-0.012697850224427,-0.0062511766210822,-0.0181470869149953,-0.0059748910451828,-0.0029684570935958,-0.0106731480503011,-0.0254741604315295,0.0043494278660309,0.0076134617282559,-0.0342153144929578,-0.0362888427556513,-0.0400187059553465,-0.0041533089418298,-0.0158160422198183,-0.0300503091844503,-0.0280038577342867,0.0,0.007740210622412,-0.0700057634157317,-0.0120016554007449,0.0,-0.0125064260516565,-0.0618060485588527,-0.0376175548589342,-0.0085220786603236,0.0475659043763911,0.0443551717664727,-0.0031220876048462,0.0387925497752086,-0.032309180334616,-0.0233128834355826,0.0063662772730082,-0.0146455345620115,-0.0243454387178858,-0.0186572405075144,0.0099391587118431,-0.0041573059730874,-0.0059227770181922,-0.0119894162394575,0.0236834399966536,0.0274043715137815,-0.0051665289673296,-0.0188070331626976,0.0007071761360197,0.0007181445755604,-0.013716972149488,0.0002500241036309,-0.0228961857861931,-0.0094965464404283,-0.0236746454486578,-0.0170331421287444
2023-04-04,0.0069815125480825,0.0,0.0,0.0164639296252016,0.0130538072494945,0.023632687694451,0.0165571325287079,0.0153316862545893,0.022535804549284,0.0288760192223529,-0.0019761772913341,0.029536725280902,-0.0171136568211422,-0.0354177105831533,-0.019230769230769,0.0077743858948389,-0.011138613861386,0.0227344640863527,0.0242259513117464,-0.0059653501999027,0.0341769468820212,-0.0152308584589263,-0.0536912751677852,0.0257000563803795,0.0190470096408157,0.02659858242512,0.0079397029880123,0.0143737341799194,0.0072571478534579,0.0068093385214007,0.0338017159319428,0.0267874986235108,0.0199076052125612,-0.0007142091918723,-0.0244068019315206,-0.0209747156030055,0.0403720995141012,0.0274358012481668,0.0295083706729817,0.0268787285858749,0.0074272677313527,0.0215541274173194,0.0199714434374356,0.0,0.0043871568893893,-0.0012988777017506,0.0182211672717116,-0.0271915878911017,0.0047481846496306,0.025031402757389,0.021172638436482,0.0221063019878753,-0.0140539889855246,-0.0089875037747515,0.02206329173094,0.0447539260541609,0.0285551751270654,0.0259646287976986,0.0126520083527823,0.0,0.0209218422202548,0.01026693065528,0.0524914959362259,0.0077446363160647,0.016991297140489,0.0432421123106536,0.01627085955249,-0.0091252447419946,0.0152944845909006,-0.0085062946580468,0.0333573930821293,0.015747068321563,-0.0041783570157178,-0.0282669001819982,0.008517602425099,0.0230845795008933,0.0010126198424753,0.0043442317355852
2023-04-05,-0.0020782498948253,0.0,-0.0296707695386769,-0.0149958634581489,-0.0509059161487768,-0.0036943418238382,-0.003562481178438,0.0017055920678596,0.0083964378748409,-0.0147885375412456,-0.0277212642114996,0.0173045940405396,-0.026495716772278,-0.0412179445841662,0.0355060943296237,0.0017127408099424,0.0055991041433369,0.0030880232564924,0.0,-0.022011307129734,-0.0258411490785072,-0.0114291079491622,-0.0106382978723403,0.0022750522956651,0.0,0.0147983172482057,0.0551179355182283,-0.006217302297369,-0.0523775077160494,0.0057971014492754,-0.0053294957711609,-0.0119559734188124,0.0195321193396782,0.0028320766179465,-0.0298603784596735,-0.0308426709352848,0.0031674801308452,0.0136143611871768,-0.0336661216496679,0.0013518789369102,-0.0024630134721878,-0.0023986326357668,-0.0008126367988041,0.0,-0.0245715758278572,-0.0272949056876429,-0.0079533767569419,0.0186344248621743,-0.0015722708593891,0.0025689861363333,0.0239234449760765,0.0056047523150064,0.0014590073866065,0.0032938649950664,-0.0123485021724217,-0.0103385933713459,-0.0132428423005949,0.0089348684865242,-0.0291506770764412,-0.0229717598928671,-0.0071440096090067,-0.0165614359855872,0.0077900450255967,-0.0181165691602912,-0.0377555720917048,0.0,-0.0064049470476129,-0.0323497691305488,0.0,-0.0450697780828185,-0.0247251742574401,0.0084619892900439,-0.0097702107033036,-0.0147345626706478,0.0014106843201977,-0.0041024919708371,-0.0222064141645005,0.017237205248632
2023-04-06,0.0020825780123605,0.0,-0.0523900376424484,-0.0036554058742117,0.047100180614326,-0.0083405234397467,-0.0033180079092048,-0.0093534326189611,-0.0143701638871533,0.0428812152611854,0.0305481889287992,-0.0058296766318359,0.013608423316038,0.0484080098348036,-0.0005117707267143,0.0,-0.0055679287305122,0.016928932237715,-0.001576862428368,0.0040908101835062,0.0215949639803405,-0.0088414581498557,-0.0071684587813619,0.0295390146552512,-0.0007221047784499,0.0109490831057355,0.0149313368804022,0.0042513330451074,-0.0035470918427064,0.0268972142170988,0.0165584634530617,0.0150313370613515,0.017552870478563,-0.0049354559951536,-0.0041648590021693,-0.0026544757410411,-0.0042089588524889,0.0005130276270834,0.0277800671957646,-0.004504058890279,-0.001226261889769,-0.0024043999078553,-0.0032710002968239,-0.0054196676887969,0.0016776085491989,0.0494363366250107,-0.0220471352546823,0.0274403030282857,0.0118284957589207,0.0538546498785068,0.0264797507788161,0.0083625573239816,-0.0116733415016245,-0.0143687719653472,0.0125028941884697,0.0405964187369005,0.0125562464313964,0.0133758180305512,0.0005338452189616,-0.0096849017953969,-0.0107953776012277,-0.006890756302521,-0.0221612920994168,0.0066164459226005,0.0069906034995981,-0.016725895858235,0.0168298121163317,-0.0151294381134311,-0.0036938474122711,0.0427168183996164,-0.0408459418414984,0.0083830237797644,-0.0112892369821943,-0.001820732115189,-0.0084337682186886,0.0118461936820299,-0.0036126947770834,-0.0014120932298855
2023-04-10,0.0020782498948255,0.0,-0.0091962779561407,0.0177246738014955,0.0179291373987826,0.0196179980112694,0.0005096807076174,0.0051448345402878,0.0115077043105127,0.0164472097622148,-0.0049404432283354,0.0195603162674513,0.0103589607604641,0.0565158816149635,0.0399385560675882,0.0153883111010624,-0.005599104143337,-0.0069644338893817,0.0031587057010786,-0.002037071817617,0.0114754098360656,0.037745875219959,0.0252707581227435,0.0264867344371939,0.0,-0.0012060689389005,0.0257350655809038,-0.0077196122045001,0.0117005954995352,0.0074836295603368,0.0038324689422264,0.0036160420775805,0.0156853342755469,-0.0127579569362997,0.0279922163166912,0.0283601951796539,-0.0340917067215991,-0.0103207506000436,0.0114484912237666,0.0004501055117465,0.0036998938147068,0.0081975493945647,0.0106552153377925,0.0190363519036351,0.0128577080311222,-0.0159134627395137,0.0430388692579504,-0.005934987268286,0.0015563376545284,-0.0596126435817893,-0.0121396054628224,0.0114536006747012,0.0265829499056335,0.0212474046031152,0.0278069974845642,0.0017210615990643,0.0089809516911711,0.0,-0.0037519511849013,0.0097796164200214,-0.0040180068769294,0.0069385682856659,0.0052700097639135,-0.018528031382072,0.0132137110536836,-0.0258868257024442,0.0242956064947468,0.0193267216540078,-0.0313840872869927,-0.0237116007628148,0.0003674860824418,0.0013816080338533,0.0328155459974626,0.0192833368378404,-0.0078090904870236,0.0068686351713669,-0.0056996587978245,0.0268677110807462
2023-04-11,0.0221248226235757,0.0,0.1255492091388399,0.0285296532649561,0.0850748706374953,0.0660009345984273,0.0230529153071357,0.0409936047240684,0.0523524874662553,0.0103998608079467,-0.0129089282206847,0.0839294056579289,0.0398642095053345,0.0267446606821777,0.0231413096996555,0.0177018244569076,0.1129438261791202,0.0106668664423033,0.0393786959526918,0.0639874920377554,-0.0107506739532345,0.0694468928118732,0.1161971830985915,0.0204408182093382,0.096402576320888,0.0234742917864128,0.0698745530573903,0.0,0.0311873715880923,0.0417827298050139,0.0083505801850944,0.0100789663731901,0.0980755134241946,0.043076085970799,0.0532281578084916,0.0491459136136194,0.0372096403205013,0.0344268800846614,0.0280804029474861,0.0140287937925072,0.0331267046863377,0.0325021114562606,0.0324242138513033,0.055971855760774,0.0309029360067703,0.0931407392363932,0.0314158592497233,0.1283575474342178,0.008564213946425,0.0530343556823587,0.0906298003072196,0.0085937920275431,0.0438886352166494,0.0469197887855168,0.012014417300761,0.0231958467186783,0.0050811653352749,0.0160007786678855,0.0242088950169214,0.0497951560428968,0.0916759064959817,0.0409507803121249,-0.034610930553999,0.0351148488705437,0.0227622714148221,0.0690960560808717,0.0020630572877207,0.0342723362037966,-0.0002953212673501,0.0684380221694005,0.0348631812604049,0.0193788976576605,0.0676653434199685,0.0527924111223481,0.039315327456155,0.0154168736497961,0.0182356817369551,0.1005585727769267
2023-04-12,-0.0013472217658462,0.0,0.0,0.025987576943816,-0.0013033795502827,0.0197741458998428,0.0696047348616162,0.0065595672218752,-0.005050389372423,0.0114395071971447,0.0110657867100012,0.0247822276708535,-0.010221829614226,0.0225521666704997,-0.0158806544754572,0.0322717389817992,0.0152371882626034,0.0126697038984142,0.0318093654752009,0.0179125394579298,-0.0193062908046072,-0.008657770800628,0.0315457413249211,0.0347652883922644,0.0380647626325341,-0.0076452960192547,0.0753936784864619,0.0123011484474691,-0.0141429767318903,0.0151515151515151,0.0243736054883807,0.0167491687927079,0.0330493420680446,0.0137628238567204,-0.0096462332478512,-0.0164323109393415,-0.0021109963720105,0.0252139348018374,0.0224685970395706,0.0084759923710304,0.0201923230771692,0.0101833558628816,0.0066784633826131,-0.0024986673773986,0.0080324835656144,0.0171617008429902,0.0323859157396864,0.0264562489891171,0.0177445899572799,0.0479079940732378,0.0098591549295774,0.0046447540947174,0.0006848960281786,0.0074043067125977,0.01187178472497,0.0195920129398672,0.0050605790077795,0.0299231096042187,0.0147026918776389,0.003945593847743,0.0123244091712237,-0.0011071234165829,0.0331366289381187,0.0072627816913548,-0.0101573895450055,0.0134979514136421,0.0065176258937018,-0.0082245314859223,0.0223934994782395,0.0454415295491088,0.007091957538887,0.0108664547514636,-0.0090498372432371,-0.0213694684555804,0.0041330872090405,0.0049775016923505,0.0166285048330705,0.0150151838938252
2023-04-13,-0.0115244143195577,0.0,0.0371816141309651,-0.0002866698518871,-0.0005806067083197,-0.0101205494813568,-0.0004655383745049,0.0097806693067583,0.0007251464680761,-0.0124399766290952,-0.0646730811283621,-0.0064768171070217,-0.0132820382052617,0.0257852036308137,-0.0044009779951099,-0.0104121130230894,0.0150085009087179,0.0014864781166772,0.0279105573160034,-0.0087953216374269,0.0369213720848233,-0.024331535982644,0.0183486238532111,0.0081501706484641,0.0012606395215091,0.0029722981809534,-0.018698972873321,0.0094204847221754,0.0029694808870703,0.0228270412642668,0.0048506279934741,0.0080617891177374,0.0245115219486551,-0.0135759800348188,0.0105202712951528,0.0116906098903395,-0.0047590265821703,0.0,0.0534264443596546,-0.0013255627928235,0.0011605840560844,-0.0059564656473882,0.0,0.0202398049497345,-0.0053123179372168,-0.019779299847793,0.0184529238339663,-0.0051548712407707,0.0250217187486561,-0.0070293563156477,0.0655509065550905,-0.0019289474848471,0.0117100328985206,0.0069616157487824,0.0117324990222917,0.0021967689076092,0.0041925316089475,-0.0179685035548762,-0.00413911823076,0.0091892587140753,0.0078274154396598,0.011411391995862,0.0383787056862658,-0.0007872129239826,-0.0089484661045652,0.0315292335281205,-0.0085208997022309,-0.0210913352301803,0.0072046920557011,0.1225401373730563,-0.060562086356563,-0.0107496442288564,-0.00130261797896,-0.0135242485805072,-0.0376723998780423,0.0113887222215933,-0.0093111326296936,0.0209568397141115
2023-04-14,0.0041192673529337,0.0,0.0119966127211141,-0.0051239861266625,-0.014665837236283,0.0195984026735391,0.0170914472016365,0.0008080590421806,-0.001449242023418,-0.0008580630500027,0.0063826056461511,-0.002610437989163,-0.0048596051641029,-0.0045418950665622,0.0216110019646365,-0.0024363144719756,-0.0049096054987581,0.0059483315998087,-0.0028737634108958,0.002535247355184,-0.0338336733702515,-0.0735327533597351,-0.012012012012012,-0.0040353704280471,-0.0208340991802373,0.0088667614983404,-0.0301663982823403,0.0081045980169336,0.0098623626101594,-0.0188841201716738,0.017931301929438,0.0003468807416386,-0.0046503175044364,0.0027473482872544,0.0080948653893575,0.0049582679117428,-0.0066374463621334,0.0088562726734093,-0.0057278592968209,-0.0026603657001623,0.0081460014098848,0.0142900535704424,0.0144307099115446,-0.0024879693586932,-0.0122810663744402,-0.0326394981405424,0.0597913239061165,-0.0310894897612853,-0.034766044575725,-0.0058992649651468,-0.0248691099476439,0.0007712971089655,0.0149797616881934,0.0103769947303267,0.0028776360434652,0.0046555011453575,0.0104426236965673,0.0120664022765553,0.0025983892188867,0.0091055851365129,-0.0089739871612128,0.0112826413526385,-0.0354452600381145,-0.033111826631043,-0.0077102481548764,-0.0040764025747278,-0.0206266876469102,-0.0198493913707162,-0.0042918934626863,0.0334472014715268,0.0026223985566828,0.0054293603099839,-0.0156943361451761,-0.0088036884731913,-0.0177984028030153,0.0024177570825731,-0.0154946948843821,-0.014489411062421
2023-04-17,0.0068207057731515,0.0,-0.019710845613872,-0.037480055587009,-0.0011791817035524,0.0041758099312054,0.0023070323911984,-0.0016148132199376,-0.0043425175082932,-0.0085958424670694,-0.0052851052955593,-0.0065361018236007,-0.0105175207330084,-0.1569823788546256,-0.0192307692307693,0.0097422203137371,0.0049338286510332,-0.0130055945853801,-0.0143228939232503,-0.0018966270975552,0.0258008832130856,0.0131128299011065,0.006079027355623,0.0081034412432527,0.0090290487587403,-0.0123137660384451,0.0081912773965022,0.0036584207679379,-0.0019512482105388,-0.0096237970253717,-0.0187441184748831,-0.0114697689660822,0.0046720439923957,-0.00205486578345,-0.0053550157406619,-0.0049338047857906,0.0112299878035602,-0.0195044047189738,0.0156305596502821,-0.0031091709068798,-0.0046150260275037,-0.002722458924901,-0.0019228081942929,0.0323586360802075,0.0059490789448515,0.0269910190454023,-0.0017096368495519,-0.0213884542630952,0.0023038469897849,-0.0059479148193116,-0.014765100671141,0.0027018886644696,0.0040215303099042,0.0155863980557173,-0.0086509635974304,-0.0144506460738589,0.003306504459529,-0.0084597136148897,0.0212548662167875,0.0128825832526418,0.007834876094807,-0.0082761423153331,0.0,-0.0135093644458089,0.0099876136672609,0.0013693785880353,-0.0133372474967865,-0.0007413590337798,0.0160891413262691,0.0221394841990556,0.0138340943744004,-0.0236309510073153,0.0013395171976724,-0.0119268605752662,0.0007305294915704,0.0101390207135279,0.0185759798227855,-0.0024504067950607
2023-04-18,-0.0081326912787587,0.0,-0.040166927490871,0.023781513803331,-0.0089988281324818,-0.0108156453427259,0.001833281284338,-0.0048414923441878,-0.0065595390969355,0.0002887486897533,-0.0318907935914801,0.01491453336308,0.014423460945969,-0.0202082034705555,-0.022549019607843,0.0032160750594707,-0.024605787558482,-0.0017950576456998,-0.0087186121103648,-0.0038072006630593,-0.0065841066527251,0.0190731454262493,-0.0755287009063444,-0.0211207768561602,-0.0153385360953239,-0.0320247442303118,-0.0178597569901917,-0.0041305483673226,0.0078300765323666,-0.0141342756183745,-0.0227846927659179,-0.0140660475909628,-0.0219259797737914,-0.0075673985004213,0.001539769355382,-0.001652755970581,-0.0071388877014492,-0.0024852357033269,0.0157987371020076,-0.004902722391976,0.0,0.0,-0.0007728451341558,-0.0168801856502527,0.0096726756420983,-0.0412160050015629,-0.0359638589791538,-0.0327883522600158,-0.0061236880909012,-0.0071637366709209,-0.0204359673024522,-0.0084637199727887,0.0257172662713311,0.0254599872106744,0.0116208743735959,-0.0235121356533303,0.0008276412225158,-0.0038781322586735,-0.0040592707291632,0.0089086551117392,-0.0174486969594002,-0.0148784185534062,-0.0136433045591947,-0.0285857932916755,-0.0030749350913507,-0.002043745163011,-0.0167220180609053,0.0175496185039591,-0.0070702346802375,-0.0483306384264112,-0.0247068709603952,0.0083039857555917,0.0092777721839445,0.008603244835273,-0.0282423208191126,-0.0004863866995347,-0.005318845655733,-0.0270206864192759
2023-04-19,-0.00341917226155,0.0,-0.0878458498023715,-0.0209065299826243,-0.0437703930040466,-0.0252327998434018,-0.0116953663027979,-0.019481856302348,-0.0183296068567169,-0.0008659960140456,-0.008371027079187,-0.0306862667146846,-0.0284423896781741,0.002209549061513,-0.0080240722166499,-0.0080144126958894,-0.0404453129626339,-0.0069038285899057,0.0014658824791291,-0.0222608530959562,-0.0096455883562207,-0.0240612220657356,-0.0522875816993464,-0.0030862921781782,-0.0311454967975968,-0.0361567200865203,-0.0231405574601282,-0.0077996224123472,0.0082566482102472,-0.0152329749103942,-0.022610294117647,-0.023536771317981,-0.0591096391994842,-0.0304916482823826,-0.0184274725216064,-0.0165411251827938,-0.0261006753515148,-0.0333998767454477,-0.0251196859833958,0.0031342342811211,-0.010428049580068,-0.0168639012871435,-0.0158051372300656,-0.0451400116406907,0.0053173457216397,-0.0548310320655982,-0.0444113202924001,-0.0819216096271693,-0.0018065349437966,-0.0673854447439352,-0.0528511821974966,-0.0232823373221302,-0.0319089341752462,-0.032130940977557,-0.0287825084340435,-0.0283287083539046,0.0123495536425952,-0.0186916272880455,-0.015801208168906,-0.0252265861027189,-0.0355192173071039,-0.0022090868337499,-0.0085178445051056,0.011558841651263,-0.0266796284294664,-0.0621155424380915,-0.0039786551082579,0.0004852013585636,-0.0108217963885313,-0.0770552101420862,-0.0340253005548084,-0.0054930028676131,-0.0210215774021605,-0.0291562187292746,-0.0283216749104886,-0.0034284829515921,-0.0040752932955555,-0.0707183887667541
2023-04-20,0.0013740267310655,0.0,0.0183620409489762,0.0011842989696955,0.0289589833485846,0.0060435672346854,0.0095149090271895,0.0115920568441756,0.0089681842985598,0.0052044374260395,0.0264928050990744,0.0142679302092179,-0.0150224903178747,0.0062453198113099,-0.0217391304347825,0.013741253138187,0.0157985682547519,0.0069518227827856,0.0102461576908658,0.0,0.0024328071938026,-0.0047987481526557,0.0137931034482758,0.0010365558703615,0.0033443511666226,-0.0171626756432815,0.0236887278275796,0.0191651920474653,-0.0245671027061518,0.021838034576888,0.0267462248296697,0.0259299299299298,-0.0093862899759534,0.0178698812587474,0.0125137999858602,0.0,0.0139479659084809,0.0015475995858535,0.0633939250998163,0.0017870422145487,-0.0011831519167061,0.0018534587483947,0.002744827821848,-0.0189637656620386,-0.0164109481256674,0.0006640278029304,-0.024167183059467,0.0153853389141578,0.007484022137318,0.0296724470134874,0.0029368575624082,-0.0007936652739514,0.0030280898876404,0.0067949492869621,0.0355713846018554,-0.0087458023069059,-0.009354624412568,0.0194422986498288,0.0205801044363509,0.0504627868644604,0.0304449394252186,-0.0047984956067826,0.008049302776149,0.0091487184484941,-0.004753449487663,0.0342064912858139,0.007627821431797,-0.0216085144310168,-0.0023020136996059,-0.0113893833953714,0.0046973403967105,-0.0096560285359605,-0.0362492903000394,-0.0208534801686312,0.0222394023976386,0.0022084364491892,0.0291508273013558,0.0366916466979043
2023-04-24,-0.0178128898128897,0.0,-0.0180309558002234,0.0183651140981555,-0.0214865584005085,0.0085736554949336,-0.0020655658030249,-0.0081929606082453,-0.0081477649493263,-0.0060436877913568,-0.0392823709251205,-0.0140672200946695,-0.0418464142559918,0.0025574191598669,-0.0434108527131782,-0.002384308352983,0.0052247873633051,0.0164965764498323,0.0057955649792384,0.0091043051740955,-0.0042491509980949,-0.0330281800870038,-0.0102040816326529,0.0082286345436972,0.0053447873746403,-0.0122989102231447,-0.0181845282456403,-0.0074720767389225,-0.0029636237486371,0.0026714158504006,-0.0023458435139199,-0.0117474417116139,0.0065669891527413,0.004213832014478,-0.0289669026415581,-0.0294303309158753,-0.0129463646159692,0.0005930552683983,0.0623079116631284,0.0080215903925053,0.0046908315565032,-0.0083285985504635,-0.0089842973563903,-0.0160856057991024,0.0032315613710962,-0.0052742252404426,0.0228606464044844,0.0272739904587349,-0.0030807147258165,-0.0288173652694609,-0.0322108345534406,-0.003976043311939,0.015425201216541,0.0191059270596929,-0.0028447690217391,0.0302926750231988,0.0077987621327875,0.0140143231901426,0.0056002235789835,-0.0135586401126533,-0.0003521832196294,-0.0092755916505713,-0.0031927470901744,0.002474679800577,-0.0038717191052302,0.0175893439314436,0.0313640808344197,-0.0156312378257734,0.022798928258721,-0.0191941721745891,0.0050611906243518,0.01601758046474,-0.008353348136735,-0.0361632318801612,-0.006747664836514,-0.0107908490942107,0.0024820437979529,0.0301370669728957
2023-04-25,-0.0034798658854607,0.0,0.0,-0.0046532394778883,-0.0351001741047476,0.003402193991028,-0.0092128225792423,0.0156842012512115,0.0223918635388391,0.0057912687315062,-0.0140242247822977,0.0120387168995599,-0.0236710708721309,0.0091071112333598,0.0497028633171257,-0.002403211324143,0.0051371932793424,0.0002957803858538,0.0086608225146249,-0.0225622673330454,-0.0006072352495902,-0.0256285174846653,-0.0481099656357388,0.0112425711390462,-0.0119570050457207,-0.039273892712657,-0.0201912858660998,-0.0012142466114286,-0.0183217186428209,-0.0053285968028419,-0.0207002549773895,-0.0054025022115506,-0.0253509640589504,-0.0076944142616102,-0.0350029040019912,-0.0329387619419271,-0.0215847313503946,-0.0020663066942899,-0.0315002609797926,-0.001769658912516,0.0023423253474186,0.0088666852990497,0.0090657467206867,0.0081742913275328,-0.0160931033173435,-0.0218498752425838,-0.0260746703202602,-0.0324498405848443,0.01157749960828,0.012894619831036,-0.0771558245083208,-0.0087858802608722,-0.0052842635953953,-0.0040460407064063,-0.0057483500106451,-0.0108481205931296,-0.0008132726089785,-0.0004629892862654,-0.0025333233568137,-0.0012371862849063,-0.0053099249395592,0.0096302003081665,0.0021374297565739,0.0024565290689273,-0.0191913035907514,-0.0179794651166339,0.0269141732967788,-0.0219329165226337,0.0002829051790018,-0.0411007489933445,-0.0065876914186652,-0.0082221944591936,-0.0098251279551547,-0.0272384324636751,0.0067935051322112,0.0012425349952704,0.0047100515635087,0.0101900814634843
2023-04-26,-0.0055991231722134,0.0,0.0137579893835986,-0.0058454939232096,0.0036863099640069,-0.046614507509228,-0.0081398342774213,-0.0178710852780428,-0.0145971014492752,0.0005750046276056,-0.0236936587562706,-0.0132161740797071,0.0100334868408651,-0.0180498405609864,-0.0241893978383941,-0.0064063534083388,0.0051109374060489,-0.0233095291229635,-0.0014281733314756,-0.0349647897202817,0.0067086163270742,-0.0094937882440199,-0.0541516245487364,0.0090863542188579,-0.0067209955291194,0.0204533646878675,-0.0085993182522465,-0.0109456262826905,-0.0080761129339329,-0.0142857142857143,-0.0045662514704235,-0.0101410374511609,0.0178343035417589,0.0,-0.0037143823406339,0.0035869077865788,0.0061432588617718,-0.0015583877770088,0.0504675271681596,-0.0101849998570325,-0.0128134753219051,-0.0078676353461828,-0.0101598659738193,-0.0162160281170615,-0.0005467116899823,0.0142158686294306,0.0133863806216203,-0.0518283549797958,0.0083901280462619,0.0738952297336845,0.0688524590163934,-0.0068431711625069,-0.0142789807857598,-0.0125514309671297,0.0144325481798714,-0.0331874523044192,0.0154943542539178,0.0115435248992328,-0.0101536713961163,-0.0012523311054544,0.0071176943421116,-0.0139306353002485,-0.0010632709505515,-0.0176220449740532,0.0034999619569353,0.0070376037968882,0.005443333551323,-0.0139173751513212,-0.0090283669968741,0.0163399403842388,-0.0101423502330953,-0.0214226666141794,-0.0028460224912697,0.0038574432910851,-0.0202528164379794,-0.0034658363566234,-0.0106054436518051,-0.0189012916825827
2023-04-27,-0.0035202242006869,0.0,0.0316841205385767,0.0035286238014664,0.0143688449521539,0.0204421413512501,0.0011740620777949,0.0140557371256955,0.0192608629148969,-0.0117926292131292,0.0182079110234101,0.0334829517178736,0.0165584334801325,0.1191155220929347,-0.0015822784810126,0.0088721924706258,0.0203996171332854,-0.0015080371525516,0.0071510796386089,0.0034232885374345,0.0266639107069037,0.020648470552997,-0.0267175572519084,-0.0070050189216028,0.0290948488131586,0.0353975186902113,0.0277408767679923,0.0049167076392302,-0.02390493157258,0.0,0.012549479459379,-0.0047574349964299,0.0328475296825638,0.0070507798589845,0.0111731843575417,0.0107222635889798,-0.0008333306624017,0.0264684534237082,0.0053393237345216,0.0053673360911465,0.0129797915607523,0.0177169064522209,0.0177571487584338,0.0247249831983302,0.0010940214943047,0.0019998777367322,0.0037741578639134,0.0289402274075607,0.0075693573299882,0.027278920833901,0.0858895705521474,0.0198702012160487,-0.026608910891089,-0.0242963216514389,0.0085701017435724,0.0041798345407415,0.010434275721364,-0.0026631532859615,-0.0015373206233727,0.0162734595412354,0.0183739525794079,0.0148918500622854,0.0090664301327336,-0.0312908866362603,-0.0053390451638992,0.0300748979890932,0.0291162584268802,-0.0067958479852342,0.0054078096332399,0.0843252269224184,0.002757804334412,0.000707998777093,0.0128050850072511,0.0212053654784043,0.005363354753336,0.0248444766055793,0.0059809028009758,0.0218322349921409
2023-04-28,0.0,0.0,0.0131544875446683,-0.0020373681418851,0.0448608270309334,0.0174259758063737,0.0032764472939845,0.0130551714375932,0.006533684259131,-0.0014538299457104,0.0190652370884929,0.0116642745943216,0.0160745536205988,0.0404104585379114,0.0454305335446381,-0.0083188084297258,0.0199917922260655,0.0027231432853922,0.0099404267110003,0.0204334410175432,0.0059029595329171,0.0267328185469819,0.0666666666666668,0.0052975836531703,0.0157823207381035,0.012888198757764,0.0404691301703163,0.0088109197356309,0.0119863192795657,0.0280797101449274,-0.0038132898100257,0.0051469521337481,0.0268567790057761,0.0160891089108912,0.0302757879044783,0.0300279946957418,0.0347243384732838,0.0293215373736619,0.1139798350939351,0.0258141633096378,0.0104766236414108,0.0119143156984999,0.0050453517934958,0.0402140144977563,0.0425044998714321,0.0553008645935015,0.0469995894288739,0.0437485286942993,0.018768527144914,-0.0057698429541596,0.0169491525423728,0.0298180423806959,0.0488296827139802,0.0472457412717153,0.0141063206362495,0.0329957929024209,-0.0015864774431751,0.0022876475089612,0.0118133074550157,0.0172332863944209,0.0064187666207593,0.0109073664242806,0.004759333442166,-0.0064628512281941,0.0151693208743322,0.0352997558820444,0.0328914103860566,0.0473707540789825,0.0325598885177731,0.0814791415766718,0.008648331868224,0.0190542039844994,0.0601998537655374,0.008917062360928,0.0053247711544981,-0.0031527438724014,0.0190846082528179,0.0200956802754688
2023-05-02,0.0070567454941437,0.0,-0.0952307928231865,-0.0094543841802738,-0.0369091539466782,-0.0299660296434062,-0.0238000140967507,-0.0257631126397249,-0.0144390669082734,-0.0026246928550915,-0.0385902517936748,-0.0358694245734673,-0.0476775487344401,-0.0510813264619625,-0.0495199595755432,0.0008122287022982,-0.0391999080354064,0.0485354359460046,-0.0042182516547207,-0.031374441896947,0.0023537323470075,-0.0209991335959341,-0.0330882352941177,-0.0148007743184384,-0.0155371090989608,-0.0363074250089427,-0.0486325520214846,-0.0036374397356382,-0.0102992093431862,-0.0246696035242289,0.0090923601887742,-0.0107424263688674,-0.0344147934890931,-0.0027492604837305,-0.029783732437925,-0.0334439549121703,-0.0077875535549313,-0.0054028367475541,0.084844260766278,0.0030363295145792,-0.0345651802759626,-0.0354508974567541,-0.0387018610547099,-0.0257839721254355,0.002614508053178,-0.0580850835391184,-0.0341162387517544,-0.0299414898833066,0.0081056814591888,-0.023226649945969,-0.0277777777777777,-0.0108114577515359,-0.044622242793932,-0.0405017136083696,0.0222891814917243,-0.0353977454509818,-0.0163185315729158,0.0121756182240475,-0.0010180462085814,0.0072643375082399,-0.0341328906111949,-0.0133974152600836,-0.0021059341098835,-0.0083470969381274,-0.0064388558985301,0.0183644832773983,-0.0280250375238911,0.0221108690521085,-0.0106931442485522,0.0068640695169592,-0.0085741795182523,-0.0117789068417066,-0.0069540229885057,-0.0395012015092259,-0.0659095417575877,-0.0002415962925951,-0.0072964159191685,-0.03818219547624
2023-05-03,0.02244378411055,0.0,-0.033502824858757,-0.0119290016523638,-0.0552156639762515,0.0158860586140783,-0.0031046931407942,0.003905431197114,0.0087275266189561,-0.0204568905526358,0.0340637603719782,0.0035468811411372,-0.0057608640663732,-0.0080225222589715,0.0196703880914408,-0.0113220600561447,-0.0254845656855706,-0.0159973011355907,-0.0112963218074114,-0.0068958441729749,0.0105349754796248,0.0110030472784337,0.0342205323193918,0.0107386030264575,0.0136958768806707,-0.0237823792984596,0.0340854536725876,0.015576401092328,-0.024974284267193,0.0117434507678408,0.0104310921159447,-0.0112360461439933,0.0142542602233892,-0.0006892099385819,0.0114640907564365,0.0097528488974396,-0.0102795153317877,0.0069122748706869,-0.0676638434438491,0.0142755812719566,-0.001189672357802,-0.0079832464265133,-0.0016045651336749,0.0132502214047278,0.0375408989151024,-0.0234550364758697,0.0018590140814975,0.0308656535364086,0.001459661391544,0.0404283216783216,0.0014285714285713,0.0109296229078443,-0.0054965653676009,-0.0035181716250058,0.0517624258085356,0.0173040261517589,-0.0218416067433879,-0.0157887632598615,0.0132159062872099,0.0396591667648329,0.0110663427460357,0.0015103698075211,0.0063311352833981,-0.0080842504452102,0.0145734403143933,0.0206044248730423,-0.0055696071279119,-0.0142589058439748,0.0002778870479374,0.0085034630307865,0.0007869730838461,0.0147214970580955,0.0070027200648186,-0.0077659058619758,0.0178497478099282,-0.0002471468271839,-0.0225385621326946,0.0460985257101762
2023-05-04,0.0034309031102968,0.0,0.0198164494066754,0.0181113292910111,-0.0149013125113577,0.0277991757501059,0.0112684387146615,0.0230886732529642,0.0232796908346311,-0.0119302801288568,-0.0070677961891039,0.0238281735076943,-0.0365399904595326,0.0043819780311282,0.0020855057351407,-0.0049117235439766,0.0418661755678331,0.0104069320563369,0.0057126933259021,-0.0138726958780384,0.0382387113601694,-0.0622044543912212,0.0367647058823528,0.0042390042390041,0.0429495350044848,0.0094785442694187,0.0527019498607241,0.0213327700918788,-0.0971167543136226,0.0089285714285716,0.0192378696267327,0.0265112694417342,0.0428741025496071,0.009673054258152,-0.0412790599517146,-0.0333875624734349,0.003826192370345,0.0117748998127775,-0.0373855963869648,0.0157761710984951,0.0131341746072626,0.0037899718054434,0.0080474078229919,-0.0026221131542676,-0.0185951393005335,0.0610830273046429,0.0018555645608497,0.0688621580100024,-0.013867158550042,0.031374711195127,0.0542082738944365,0.0258694823443885,0.0146031966965922,0.0158876678547605,0.0,-0.0410541249452934,-0.028124327543325,0.0080190068209962,-0.0020062888420696,0.0034747139026323,0.0167692035785522,0.0173244399346492,0.0220164532228155,0.0455555268528324,-0.0145937825892635,-0.0006332813717848,0.0177929714411264,-0.0124698754628072,-0.0090089765052242,0.1096129299030976,0.0196379424288306,0.1180932000031469,-0.0138936781609195,-0.0310139134766957,0.0462151560674346,-0.0043783270066416,-0.0150363618290791,0.0489619139282277
2023-05-05,-0.0095687029552602,0.0,0.0484924911154418,0.0068175235080927,0.0636984494417236,0.0557902922080963,0.0253654111285519,0.0362521214204387,0.0497502902945785,0.0108677236870922,0.0438470295357595,0.0288809169492869,0.0397742276208081,0.0546963787915948,0.2362122788761709,-0.0238549231206134,0.0602757482913034,0.0019264132046867,-0.0071003047935717,0.0387015669195887,0.0033495991900061,0.0704779684177099,0.0886524822695036,0.0116282196053127,0.027674174391657,0.0322042562350346,0.0172170476996895,0.0161943319838056,-0.0248222112823918,0.0123893805309733,-0.001611295295945,0.0121804625380887,0.0545767967301626,0.0821336238575738,0.046431632209817,0.0454579915391728,0.0193347925629607,0.0285976448998317,0.0770231257582836,0.0092373745039791,0.0306621759023892,0.0301911825938445,0.037109827930059,0.0471198894468973,0.0194548298834884,0.0931407392363932,0.0351904285440571,0.0672269164548911,0.0273811313192042,0.0337041468319627,0.0987821380243572,0.0248412046839217,0.0420072479507964,0.0425667385176586,0.049253330262198,0.0486222570724954,0.0161683152512526,0.0072029099756301,0.0527616733942619,0.0230343633557905,0.0130223530044739,0.0410957023832945,-0.0061557758347742,-0.0062879096715215,0.0432391571388075,0.0227290136137321,0.0450000182941776,0.0507574766049341,0.0067244084741382,0.0455767984445885,0.0227260607204242,0.0111179132099104,0.0549298442440226,0.0326050908291681,0.0494984344773945,0.0117305612571454,-0.0020347267301996,0.0816741162129215
2023-05-08,0.0013825579836439,0.0,0.0185326918871637,-0.0170757550241383,-0.0115337135014377,-0.0040019876834613,-0.0039289643250038,0.0210006944948328,0.0372331285708149,-0.0014920431180022,0.0215598859087748,0.0113078883176003,0.0151296784229071,0.0372261506666711,0.0648148148148148,-0.00252136929748,-0.009447068630175,-0.003211798443261,-0.0200404646457598,0.0338736402276493,-0.0111229978983148,0.0255656535692132,0.003257328990228,0.0114945583564773,0.0006254349415526,0.0201219830057863,-0.0061563540510544,0.0032326489718923,-0.0060639604899827,-0.0087412587412587,-0.0006908402707629,0.0014559027188687,-0.0223602101345724,0.0031641523906928,0.0092781654587477,0.0043510420745769,0.0077501203243204,-0.0268609376548717,-0.0021219165899553,0.0079012955761337,0.0068748651231618,0.0196883027915739,0.0138521653092142,-0.0025107026748639,0.0195693904635512,-0.0059140908633488,0.0089458314481964,0.0157487535102298,-0.0086399583851487,0.0315216588272957,0.0049261083743843,-0.0124884580844003,0.016423928248169,0.0212541270921733,0.0592345968096004,0.0064174090842705,-0.012141051042073,0.0090266548536148,-0.018617048076826,0.0157708203033981,-0.0029149873656644,0.014225757542464,0.0067085311686321,0.0023993038289407,-0.0679733589358065,-0.0364202112086281,0.0449178950316866,0.0062487187272128,0.0030630917336302,0.0087242186168317,0.0297577743639521,0.0219913287355681,0.0066709942958163,0.013470214634035,0.0232304038004751,-0.0048319717280572,-0.0005110853594543,0.0226606238336442
2023-05-09,-0.0006945083633869,0.0,0.0136331919918415,0.0413411051660319,0.0311695269861094,0.0096487086054364,-0.0030153220434065,0.0098985776505344,-0.0097946843647432,0.0083761145636314,0.0144531387477855,0.0149160718769054,0.0013134193935755,-0.0076699853799785,0.0387351778656126,0.0118192802877736,0.0287237026647966,0.0070909160652539,0.0219097623920976,0.0242488433023022,0.0011278801224554,0.0015076213766687,0.0357142857142855,0.0020625870359181,0.0031340235227832,0.0006387653942458,0.0216719886928755,0.0202462316262523,0.0030474185672237,0.0035273368606703,0.0143056322072792,0.0120124497675517,0.0124190291915537,0.0233297224965749,0.0055968697546715,0.0051841903854206,0.0212070929107628,0.0096862904868608,0.0549681817471112,0.005782256732199,0.0056797305572564,0.0098757801530409,0.0060705641048259,-0.0050017748233243,0.0150447157542406,0.0416682889603563,0.0319194472187684,0.0697677698913323,0.0079937689595801,0.029507961897486,0.0122549019607842,0.005208844789234,0.0077122764977954,0.0032641060460711,0.0023487962419259,0.0028965569283725,-0.0033905955855575,0.0115603750034454,-0.0034038577053995,0.016636685218945,0.0128925328613105,0.0154258131050082,0.0005111976630964,0.0041298227772748,-0.0903972737638644,0.007687959299039,-0.0118583697170947,-0.0088352025829943,0.0058262578191192,0.0547652697554381,0.0212127822008942,0.0005992386944768,0.0079576324671404,0.0102890381521358,0.0184316820650911,-0.0053376882439333,0.0168361585010705,-0.0295407147596928
2023-05-10,-0.0068912967025606,0.0,0.0403494837172357,0.0333722950993868,0.0148813280862654,-0.0007941690344668,0.0130355782193307,0.0030158634417032,0.0019762225916746,0.0026673487284418,0.035039839024898,0.0204086140254002,-0.0078764256892652,0.0074206071405842,-0.0186453576864537,0.0133558447262944,0.0697496864263509,0.0160027423944804,0.0142817333147553,0.0108781430281921,0.0280885959534027,-0.0188519066331755,0.0125391849529781,0.0092822025565386,0.023703794713378,0.01018818783035,0.0257724035456268,0.0047068449991205,0.0218893938931763,0.023725834797891,0.0204728017296926,0.0086347515659732,0.0348577541884354,0.0073943196058439,-0.0313990570886922,-0.0249683944374209,0.0012981056052381,0.0172650331379691,0.0189973411429231,0.0053304226187953,0.0079006256564826,0.0168973981998283,0.0147094285025319,0.0327560485178699,-0.009881151388857,0.0,0.0154660556619985,0.0362308712655623,-0.0086542763024115,0.0184240428541615,0.0653753026634382,0.0062904301362998,0.001820927816279,-0.0024401147412731,-0.0093042489403494,0.0011546976515359,0.0153121622317156,0.0162159847726997,0.0,0.0370753025282935,0.0190046621696786,0.0131218475561358,0.0107600788301986,0.0405355334337869,-0.0183761992606784,0.0076293055088074,-0.0024008138351983,0.0045766649928058,0.0082765492990561,-0.0163994116019283,0.0039400712493038,-0.0101605406251489,0.0039474042414178,-0.018813117955057,0.0090536105032821,0.0117133695496467,-0.0127952067724776,0.2380493046313141
2023-05-11,0.0069391162112257,0.0,0.0560390899373952,0.0058445973961356,0.029019784577944,0.0183245610936451,0.0204531515789716,0.006765289554393,0.0131592678396261,0.0050289712474036,0.0328145425293007,0.0223987532197667,-0.0260266814407221,-0.0110457623692322,-0.0089181853431562,0.0148323738570943,0.0261011419249592,0.0129122438705668,-0.0140806374064152,0.037337389209306,0.0098326437809832,-0.0153784398554925,0.0402476780185758,0.0173674707402933,0.0158423989918474,0.0214347100753249,-0.0221611721611723,0.0070252887561128,0.0160594138612444,-0.0042918454935623,0.0075797543946298,0.0131963394535425,0.0049883070870093,0.0067296622806678,-0.0102597461882589,-0.0123766023279798,-0.0220361920502041,0.0009420631182288,0.018643170473453,0.0049015990808183,0.0089714544630719,0.0078699978411478,0.0096677324576563,0.0024180379349327,-0.0059901705695287,-0.0331464453913433,0.0152110484341567,0.0139866546548379,-0.007269385712293,0.064325155120396,0.0352272727272726,-0.0036763774808161,0.0240085962642604,0.0366850278529857,0.0422623395596368,0.0049083088592374,0.0,0.0112458967415245,0.0170825691854354,0.0399523640485977,0.0298093890246347,0.0235197984980013,-0.0005115151077492,0.0093770772006458,-0.0059570886452521,0.050474613072041,0.0306772447925165,-0.0028774928774928,0.014227309893704,0.0319389945953949,0.0,0.0386254881469665,-0.0249064482889527,-0.0194651528364454,0.0013824510043098,0.0069923976735573,-0.0007627349496049,0.0807732136693131
2023-05-12,-0.0034498350442951,0.0,0.0122421438210911,-0.0229721307096429,0.0060859495850726,0.0039111619880149,-0.0038272031933048,-0.002239942657468,0.0045526177552093,0.0055960453001679,-0.009227607096495,-0.0027395636175789,-0.0131348454781097,0.0263721873552755,-0.0485133020344287,-0.0121729845168179,0.0211645468998411,-0.0062178467004699,-0.008586456736798,-0.0048787133691019,0.0091980157089706,-0.0039046575044618,-0.0267857142857141,-0.0020045965270684,-0.010801961231086,-0.0166542934917101,-0.0317219772173882,0.0153508357551273,0.0275158202746292,0.0043103448275862,-0.0245568104276623,0.013374932382498,-0.0645560770997702,0.0103224915194402,0.0058057076967426,0.0035804863493957,0.0090130910248715,-0.0070637770897833,-0.0036038505801284,0.0008129484328451,-0.0044458415663732,-0.0039075177525931,-0.0092060639128713,-0.0170107452774036,0.00652651907349,-0.0059070946990783,0.0266707541385653,-0.0091958177099803,-0.0109921897599074,-0.0368294378777342,-0.026344676180022,-0.0092269759835964,0.0351711572495809,0.0322468314531187,0.013516219463356,-0.0091904890663384,-0.0557169290041315,0.0025112780246128,0.000481178329754,0.0202272677222576,-0.0050133090731064,0.0073250727363263,0.0339759645489139,0.0726263552764645,0.0074161666593672,0.0030010135873705,0.0008739615522876,0.0209278706664346,0.0032352817464211,0.012124777592837,-0.0035674800825193,-0.0168469410721141,0.0026974791084413,0.0010301979176112,-0.0075794488657895,-0.0031095872631304,-0.0104247314759283,0.0105580143267782
2023-05-15,0.0117717243349519,0.0,0.0,0.0082154513941627,0.0281805407306672,0.0132513259964408,0.0047468894782973,0.0127314814814816,0.0155133344953808,-0.0591346153846154,0.0,0.007455779077963,0.023403265846166,-0.0048389305185589,-0.0670230263157893,0.0156064209274673,0.0083195485063733,0.0062567502141446,0.0,-0.0061348093384706,0.0509399458708215,0.0188085493406093,-0.036697247706422,-0.0181159883832504,0.0127370603240144,0.001862244255983,0.0327612281503884,0.0064130001898217,0.0057011825522084,0.0266094420600859,0.0254005961830579,0.0059056376096264,0.0491106698268313,-0.0030081356395706,0.006591882240323,0.008919280511372,0.0,0.001421808040948,0.0019460103920967,0.0073001116241044,0.0044656953403401,0.0026130587775317,0.0037198805750968,0.00742558480464,0.0453893987378348,0.0309165292598698,-0.0146125709166914,0.0162420398299802,0.011114360924247,0.0411696763732478,-0.0033821871476887,0.002608297807747,-0.0199055909141341,-0.0224742627813646,-0.0333563831538741,-0.0008709612799645,0.0177426801378612,0.0067970922500302,0.0067130063231861,0.0029679995682909,-0.0043876811734577,-0.0105768013040228,0.0274673763036374,0.0328567982985068,0.0118973437477358,0.0353297842829025,-0.0078719660474096,0.0110750395627992,-0.000538057055011,-0.0066489927272211,0.0236281417764763,0.0029558109627594,0.0201073315490967,0.0143944372601809,0.0104195079373738,0.0062439987631348,0.0187605373061963,-0.0112513770746418
2023-05-16,-0.0013702611800854,0.0,-0.0846586039424815,-0.0103948711939874,-0.0159276928470178,-0.0146126040103669,-0.0287999637451281,-0.009615763546798,-0.0082793158458026,0.0003108499403847,-0.0310196862000066,-0.0027267593287197,-0.0107588131384244,-0.0753321638414369,0.0030850594975759,-0.0137567686228596,-0.0411580217129069,-0.0127476431928853,-0.0115243398977568,-0.019121524999016,-0.000508094714423,-0.0238443821528683,-0.0666666666666666,0.0010293561963334,-0.0053912896975824,0.0056517043028307,0.0030138432460966,-0.0166126717850856,0.0113320407339387,-0.0133779264214046,-0.0121657143493613,-0.0082888619818527,-0.0063297580037855,-0.0223090813504309,-0.023421617589276,-0.0182554884337704,-0.006832938891923,-0.0052108760847687,-0.0111099033747333,-0.0048332050028093,-0.0022154362014249,-0.0056414555995346,-0.003334947017374,-0.0663376672677231,-0.0176516114765878,-0.0207624465284012,-0.0181057176947406,-0.2283107754430569,-0.0307698665234101,-0.0395417551120544,-0.0033936651583709,-0.0178310211148972,0.0224092950977414,0.024942582080849,-0.0045987191715493,0.0008717205147799,-0.0008703495640338,-0.0007092704271758,-0.0128637737424127,-0.0138276121812115,-0.0021227621980998,-0.0046781066261479,0.0047719441421834,-0.0276825423782784,0.0,-0.0318147890603569,-0.0041116864224676,0.0186437308599167,-0.0040341046140508,-0.0267739909801906,-0.0101426980396247,-0.0035378625134264,-0.0184059921427891,-0.0205623634463759,0.0144332865421299,-0.0057308289485034,0.0015143075017711,-0.0357729962738364
2023-05-17,-0.0027442827442827,0.0,0.08369746150645,-0.0156190798376184,0.0438892674968507,0.0398072364208961,0.0016215207298009,0.0097091241892484,0.0044898291625095,-0.0055978170641897,-0.028823834313659,0.019131052144478,0.0380750891222347,0.0473071226150298,0.0268014059753953,-0.0196819058667996,0.0686392914653784,-0.0239393322693629,-0.0116586987043915,0.0245300305622246,-0.0010236697516033,0.0433482400065845,0.0204081632653061,0.0081873324135057,0.0084356737528583,0.0255270256768909,0.0286218721352662,-0.0171264817377698,0.0140049250559408,0.0245762711864405,-0.0022381643669574,-0.0034819308889474,0.0229199950841834,-0.0006234462550361,0.0329807456820647,0.0314268133451396,0.0052913285756184,0.0190497175593926,-0.0839884991640488,0.0004077727764619,0.0033305328852615,0.0065493192499002,0.0100329213665064,0.0684082130514331,0.0116546705909497,0.0965830733079087,0.0402546050728132,-0.005917427340323,0.0219148645883076,0.0333288909619953,0.0102156640181612,0.0068085697661288,-0.0061652591421984,-0.0243355896387976,0.0531124875945383,0.0579711827944502,-0.0026186026376087,-0.001423303114743,0.0048243714816984,0.0150253696328221,0.0183207178539255,0.0080561190413965,-0.0133002425404702,-0.0070740041265023,0.008399209486166,0.0203144355710183,0.028620499908289,0.0004570067785221,0.0018918454092036,0.0054991787893008,0.0120152325905187,0.0171457829458407,0.0334722818485229,0.0331175670721417,0.06232259437979,-0.0067236003795579,-0.0060453713353817,0.0598603889030961
2023-05-18,-0.0006837891927952,0.0,0.1138098209571352,-0.0118254331009026,0.0124320162748792,0.0127638684339714,-0.0006929805150185,0.0022167487684727,0.003202821726483,-0.0203340782027243,0.0692323757367614,-0.0007629852627737,0.0017451136816915,-0.0003164403687498,0.0021394950791613,0.001678822072382,0.0321623657939347,0.0096789061299737,-0.0029490568412724,-0.005528756715122,0.0040919040249836,0.0060392507472368,0.03,0.0020269834097217,0.0208959736616667,0.0182181304496078,-0.0102488777396355,-0.0035316625215229,-0.001108911769435,-0.0115798180314309,-0.0087523766742662,0.0076877699038744,0.0236378927134017,0.0246960752969065,0.0033135760654814,0.0089632593670425,0.0144745639093175,0.0116810488864427,0.0459994063370363,-0.008904635740825,-0.0022129848380633,-0.0012987434656969,-0.0036815585442614,0.0566390765230075,0.0345667749543854,0.0123514905396575,-0.0274234220870726,0.0535706162554181,0.0199763021311392,0.0787485356233141,0.0269662921348314,0.0112694401076485,0.0044817161174666,0.0058429426534813,0.0065966919052415,-0.004110697967976,-0.015747573021099,0.0149565819114489,0.0120106265399864,0.007901356668315,0.011084559738673,0.0023292085217756,0.0125191502984014,0.008509702600187,-0.0169354323328292,0.0134649040665946,0.0183603134513694,0.0370450847298595,0.0018847697988411,0.0040981813408782,0.0146650355656858,0.0244207765369788,0.0103583201565138,0.0014307172361998,0.0331657787946093,0.0050768348936867,-0.0040556655719357,0.03898158160484
2023-05-19,0.0020611158397167,0.0,0.0036631615238753,0.0309415667971981,-0.0180730150459192,0.0051923724705669,0.0194402195765808,0.0117965101990662,0.0241970518998979,-0.0134062784031321,0.0483099126471704,0.0115033157104085,-0.0087165895176944,0.0379687141671267,0.0324508966695131,0.0125288493241015,-0.0311601806651762,0.0163029301799844,0.0,0.0087888573829026,0.007629772078783,0.0060029971422597,-0.0129449838187701,0.0050636499510385,0.0029205126939466,0.0155001674400803,0.0162745326908004,0.0070883587339254,-0.0033137763173232,0.0008368200836821,0.0402977800452026,0.0162977195201123,0.0143872930176149,0.011445443891451,-0.004956761957274,-0.0071097907442926,0.0228264679186276,0.0106232604228901,0.0357650681519721,-0.0016345297036227,-0.0066686647684699,-0.0121720472056959,-0.0081197039579535,0.0231099372730274,0.0199535438913445,0.0297108037393556,0.0779555030217529,0.0282498943713009,0.00724827383095,-0.0052804622895288,0.0754923413566739,0.0048277244444066,0.0048045413755206,0.0042650608111305,0.0305074896694215,0.0170562415097665,0.0159995267366881,0.0052615977471468,0.00522015319797,0.0166494235097112,0.0058782646241717,-0.0039865827472523,-0.00237689276318,0.0007849207993109,0.0031059489757589,-0.0311982259832284,0.0078860235593758,0.0015452528119315,-0.0021504699563612,0.0599436439693237,-0.0051633850404751,-0.0056767853101865,0.0243637183517022,-0.0110037835466343,0.0228393165985096,0.0026450859517148,0.0211191542519242,0.00459311376988
2023-05-22,0.0027480534621309,0.0,0.0581819743226414,0.0135879557008355,-0.0043563988650479,-0.0125379038651725,-0.0131703050777699,-0.0043721156181685,-0.0099433779864659,0.0009699707680044,0.0088192367012742,-0.0174402861995683,-0.0074751925285734,-0.0205568971097114,-0.0322580645161291,-0.0049522413980245,0.0723300056507816,-0.0050316550455574,-0.0014788897505725,0.0006311365011615,0.0005029626567452,0.0,0.0491803278688525,-0.0070508300749952,0.0139940447382884,-0.0011777453243509,-0.0203783615272284,-0.0030502567934936,0.0005513477389174,-0.004180602006689,-0.0202382452698889,-0.0023890230483492,-0.0036060705401391,0.0029794597848167,0.041943728230877,0.0322013711364164,0.0093837038685813,0.0054841004344985,0.0096242407284345,0.0004119420957289,-0.0067285207814739,-0.0105579800293569,-0.0189785126469347,0.0046055912464431,-0.0040960921067197,-0.0247287187436813,0.0153867921191326,0.0439550222099582,-0.0122398921395039,-0.0044170673076923,-0.0335707019328586,-0.007024290037392,-0.0150220514081292,-0.0115745513020634,-0.0211459540741204,-0.0210968635111228,0.0039382165807386,-0.0254773313674898,-0.0023622871325122,-0.0019303804108352,0.0,-0.0066695246417912,-0.0009564179036906,-0.0037254496138386,-0.0008424903149617,-0.0143058223052434,0.0033546341016561,-0.0052847412901616,0.0,0.018006166495375,0.0,-0.0068471327225317,-0.0187736288777254,-0.0160381275201755,0.0193109987357773,0.0004821182869092,0.0057321897445621,0.021345091827561
2023-05-23,-0.0020595440767345,0.0,-0.0103067683817561,0.0008386944323335,-0.0211677664999982,-0.0134420394818524,0.0234714860833551,0.0065869724323004,0.0081601339098897,-0.0051725892592445,-0.0126309525031039,-0.0003841416313492,-0.0296833105681184,-0.0262338520584851,-0.0055555555555555,-0.0049768881495521,-0.0112418759880555,0.008217116753997,0.0103675607333151,-0.0075363487398236,-0.0100955148643716,-0.0216429220976053,-0.05,0.0071008972952038,0.0051773652064879,0.0111781907367227,-0.031203416799263,-0.0065895905122135,-0.0149728096004098,-0.014273719563392,-0.0122170490611411,-0.0030794855186452,0.0006096380878652,-0.0285058436979581,-0.0019970261675548,0.003461619643988,-0.0113043200724219,0.0,-0.008409499009798,0.0044925432229114,0.0045110041161013,0.0026676601095003,0.0079642408342335,0.0229223850960695,-0.0059391475576447,-0.0163786013918355,-0.0242458022713021,-0.0368409258067481,0.0021872301936438,-0.007988007927645,-0.0231578947368421,-0.0048385166441554,0.0207933249453677,0.0245882100545875,0.0086411060615758,-0.0008302889405513,0.0061003258428151,0.0060895350772349,-0.0056799164747551,0.0019341139865873,-0.0048950298502685,-0.0057100648191951,-0.0066786758208142,-0.007085141976186,-0.0126768379252938,0.0060456022580925,0.0030632258633227,0.015051789819847,0.0045835392071318,-0.0075785109504771,-0.0031126369376073,-0.0086228344703864,-0.044638851502916,-0.0226132057113902,0.0053331679637842,-0.0002382357559382,-0.0034685796086824,0.0149218697605792
2023-05-24,0.0048016510356421,0.0,-0.0069290692906929,-0.0209298381545562,0.0054774241302739,-0.0264952890738394,0.0035995857080599,-0.0210857973824526,-0.0305282403518307,0.0194991771560733,-0.0423265577586564,-0.003086845194087,-0.0196360839926488,0.0158472245333436,0.0193382036957454,0.0,0.0075501865340203,-0.0047013922944073,-0.0146588247912904,-0.0107646646443336,0.0056140302058476,-0.0381353681638723,-0.0756578947368421,0.0080635856675854,0.0080077260472415,-0.0128037688325014,0.0061374088032917,0.0014205967276226,-0.0208341573947979,-0.0110732538330494,-0.0134920140638534,-0.0147507082047798,-0.0108507490111504,0.0012200206940218,-0.0231585701390927,-0.0250312013574343,-0.0020337431144735,0.0013623522325847,-0.00904853543573,0.0044777060690786,-0.0011189064957057,-0.0057656581740976,-0.0056430137630482,-0.0022265992977648,-0.0211401855224341,-0.0123514905396575,0.0093181006783291,-0.0081970880650039,-0.0145469761488665,-0.0402920744384158,-0.0193965517241379,-0.0086073600659725,0.0108685346440779,0.0152387599604488,0.0,-0.0058057725333775,0.0047636765730874,0.0081880314889586,-0.0123742727665516,0.0,-0.0050799260620073,-0.0043906144356057,-0.0014428039440441,-0.0089086123927717,-0.0059927882158864,0.0144328666087405,-0.0011110692629279,-0.0276935392729328,0.0021487597540088,-0.0776116973659225,-0.0211655070225289,0.0110159361234207,-0.0133558001740259,-0.0226869519964675,0.0106020417604786,-0.0112755690587987,-0.0099462444398842,-0.0169078534377373
2023-05-25,0.0054578281322466,0.0,0.0244416002642335,0.0285064108007133,0.0342712183366502,0.0248808528608239,0.0004455146822466,0.0170834364941816,0.0359953514924156,0.0140261938625041,0.0071944007378872,0.0402616230348944,-0.0023266790313037,-0.0252741323158157,-0.0286677908937604,0.0033299531339929,0.026315789473684,-0.000947933291203,0.0223153540521416,-0.0031989720901275,0.0136903855998451,-0.02299876677281,-0.0462633451957295,0.0170028232062464,0.0618602794411176,0.0218053816532399,-0.0015292884512947,0.0059165228222466,0.0396752115049456,0.0129198966408268,0.0433109504132231,0.0087048272223688,0.0438693403466921,0.0189258390918065,-0.0102200426391758,0.0017691223427207,0.028518664463121,0.0004534995846898,0.0353788343963827,0.0085126198149931,0.0146074899336985,0.0281012472389241,0.0314161749583445,0.0359339684719479,0.0004678388023324,0.0603600976005349,0.0107707544833928,0.0358112802374785,0.0125470409964365,0.0,0.1032967032967031,0.0109435924096696,-0.0073899285689602,-0.0075050128902891,-0.0299847696408174,-0.0089016059110007,0.0124968705666361,-0.0045902690770239,0.0115678683887903,0.0134811892821922,0.0201020792369159,-0.0101739677216515,0.0120274129069102,0.0259883113708585,-0.0011455679005999,0.0640173136397219,0.0152926242231146,-0.0105410235423456,0.0077690719927043,0.0441444620904654,0.0577800763304026,-0.0200672828820589,-0.014880452432947,-0.0030739006871902,-0.0122380156713741,0.0228028373456028,-0.0195889470638114,0.0359012275144721
2023-05-26,0.0013591097419338,0.0,0.003425623665014,-0.0160756626092239,0.0389573839696968,0.0364194416414398,-0.0058229332251046,-0.0014605647517038,0.0,0.0028266696496563,0.0132732875088883,0.0100494214030522,0.0280052505680341,-0.0172830230956546,-0.0030381944444444,-0.0008331398445715,0.0109951466735385,0.0009488327213273,0.0,-0.0044916048185086,0.012004121938403,0.0138000546350285,0.1119402985074626,-0.0009753535656674,0.0053459450518054,0.0155599741052436,-0.0244372547669856,0.0025835250594286,0.0221251464000844,-0.0059523809523809,-0.0043705115616397,-0.0024170651524209,0.000590064438783,-0.012579663634024,0.0309767112270895,0.0309408606010135,0.0200568396253388,0.0022712415961674,0.006611523346055,0.003211330445384,-0.0055350828770495,-0.0047708065583985,-0.0077094507416214,0.0086718771576128,0.0112663802947092,0.0276872090058903,0.0654406747038547,0.0159581881533101,-0.0029108251449246,0.0363830416772337,-0.0119521912350596,0.0048554507041047,0.016580795321172,0.0132359732163471,0.0154394687775996,-0.0078599158348067,-0.0063825183903073,0.0187978797130494,0.0004777398379707,0.0152169187292321,0.0046920700846511,0.0013679311206447,-0.0080809904856494,0.0420723189049285,0.0077561552995493,0.0228409551783892,-0.0115001934235976,0.0278777792733813,0.0015922631897071,0.0501929414415682,-0.0026801614520695,-0.0157986307853319,0.0041208986401033,0.0228218579986767,0.0100260306033383,-0.0068763120688916,0.0120398233976188,0.0166025921780459
2023-05-29,0.0,0.0,0.0238171740702066,-0.0202819264977346,-0.0076067304603095,-0.0095171641609398,-0.0017973680181891,-0.0007313505607021,0.0012398279984651,0.0059591738671564,-0.0211483253588516,0.0058938939577617,0.0,-0.00456020816009,-0.0034828036569437,-0.004975668434578,0.0326267046178683,-0.0034650442904423,0.0043656497897035,-0.0116067197501117,-0.006426509858927,-0.0015981565450085,0.0402684563758388,0.0118032868962236,-0.0010620077930431,-0.0244052361980647,0.0062623482924075,0.0091486425701587,0.0178556882422897,-0.0094097519247219,-0.0201887376237623,-0.0228361288679675,0.0244966348719006,-0.0230575826332249,-0.0004036679231285,-0.0034259929808924,0.0055806105316853,-0.002718361556369,0.0158790116844493,0.0072088284878009,-0.0011251800288046,-0.0082829508175338,-0.0044380923724988,-0.019330285025874,-0.0125280941166348,-0.0174625452883767,0.0185741735231808,-0.0078537622607862,-0.0073148003067762,-0.0063013000254906,0.001008064516129,-0.0048319892186508,-0.0063255222347243,-0.0041074897597601,-0.0412975550043487,-0.0065054840437138,0.0197060424605335,-0.0006949474744727,-0.0119076341556586,0.0018659569912207,-0.0001558574572226,0.0030831564078055,0.0119812941618213,-0.0102778874732401,0.0,0.0032682290884404,-0.0127422834046629,0.0006619110658196,0.0047795410812936,0.0113182244870591,-0.015455026909424,0.006536036249602,-0.0041039865276027,-0.0075384289763679,-0.0391324630432622,-0.0016716636828367,-0.0159444156562929,0.0177595519423015
2023-05-30,-0.01897703342985,0.0,-0.003334510219293,0.0014353886683087,-0.0076634493615642,-0.0133029702321466,0.0085713311976007,-0.0183069041229567,-0.0272620954664727,-0.0124661477769485,0.0123396443662353,-0.0249082245109931,-0.0267886078738932,-0.024215823654639,-0.0083005679335954,-0.0050142872843169,0.0034969350392892,-0.0180142415692596,-0.018835586182525,-0.0176111501269514,-0.003481766538391,-0.0376912481852362,-0.0387096774193548,0.0019422039685288,-0.0127726159904767,0.0081441205983243,-0.0046631488526199,-0.0065084197722997,0.0037240371123239,-0.003454231433506,-0.0091830290180332,-0.0049590894284017,-0.0187851765221841,-0.0099413093967735,-0.0252503478948948,-0.024106319349339,-0.009170424961395,-0.0036327703573576,0.0431130646154871,0.0019869793805962,-0.0100328922665624,-0.004833713673162,-0.0141130120351882,0.0021777368288802,0.000936553917191,-0.0187894492060328,-0.0112218245138822,-0.0158318642192955,0.0139897320019273,-0.0652185066234339,-0.0100704934541792,-0.001491347612558,-0.0093788309201099,-0.0112406470951651,-0.0022512684385606,-0.0281886965722384,0.0042046714051837,-0.0083635667871098,0.0028945106038793,-0.003735140856538,-0.0158813814092453,-0.0150142299989459,-0.0175230492466832,-0.0081270934615746,-0.0142548659137996,-0.0249708075092069,0.0022420315913984,-0.0057295954543939,-0.0071317765605479,0.0124380088577717,-0.0064876770481614,0.0023686477174851,-0.0288462904807241,-0.0235444420527293,-0.0243226895036768,-0.0181814253459656,-0.0138896547160863,-0.0097674163380812
2023-05-31,-0.0048297431683451,0.0,-0.003345666378021,0.0134952074054308,-0.0004078009931153,-0.0022498215086257,-0.0017909338199266,-0.0104374794978081,-0.012103577526546,-0.0239816542288556,0.0386171228687619,-0.0120221334103096,-0.006533510046687,0.0164317547111843,-0.0105726872246695,-0.0176315462465654,0.0104952443424073,-0.0254264651959523,-0.0191971762502476,-0.0039868023095958,-0.0044951166687099,0.0124949227287674,0.1342281879194631,-0.0058153173731063,0.0070073789824132,0.0080783297069582,0.0,-0.0166114725239628,0.007415124728245,-0.0077989601386481,-0.0045216678665639,0.0017793799900633,0.0232140196662693,-0.0219525919116189,-0.01438824754504,-0.0114559019374794,-0.0056038168969707,-0.0086526990575935,-0.0183392522245722,-0.0317439983602776,-0.0112572633623109,-0.0119282060771069,-0.0079156972765839,0.0328179412174396,-0.0150252415353816,0.006730678078574,0.0723510419724096,0.0187676349033518,-0.0145176883121138,-0.0106584999066968,0.0254323499491353,-0.0082232465514725,-0.0121762121543447,-0.010228699369963,0.04997642621405,0.0017578715374479,0.0004151625462627,-0.0045677010474913,0.0004767991559639,0.0093779689239852,-0.0185098583475388,-0.0093530353489088,-0.0240954893198216,0.0007622031906671,-0.0011545122185875,0.0606909258406265,0.0125994317282926,-0.0075335155289015,-0.0178261560903442,0.0012311399832354,-0.0120211302642746,-0.0023630504833512,-0.0070672929195382,-0.0073114127029162,0.0024961660195124,-0.0253399938382993,-0.0190394712562697,-0.0084625675857537
2023-06-01,-0.0117959304040105,0.0,0.0769321906717745,0.0084989756000419,0.0299592032637388,0.0735794579932269,0.00269122052775,0.0082873760660577,0.0174062445669402,-0.0132566958260877,-0.0078205710979794,0.0372624544249935,0.0112691730129785,0.0155072458846026,0.0253784505788068,0.0059732958538298,0.041504381694255,-0.013213385221,0.0090336558764665,0.0213388543823327,0.0075256899689393,0.005759642386383,0.0739644970414201,0.0195226149375327,0.0144519335768347,0.0211705816169549,0.0406326505451151,0.0066617177411247,0.0231316350435828,0.0253275109170305,-0.0326958808564159,-0.0071048776830716,0.0328980297583836,0.0166759851228821,0.0133486321912206,0.0115886604957049,0.0188638678284487,0.0,0.0284211467640052,-0.0077900084674006,0.0152521827193077,0.0106342422600773,0.0147327414486644,-0.0296442154667817,-0.0071467232218798,0.0570636821006753,0.0396727643203624,0.0684213248138274,0.0213657449744775,0.0950072118051703,0.0615079365079365,-0.0018867761227616,0.0291001298034834,0.0321605807843159,0.0324908589389953,-0.0005859054582951,-0.0058554113211366,0.0102359563126701,0.05523671429006,0.0185918001761009,0.0562559558574897,0.0181826823777486,0.0079037478305736,-0.0047495636536732,-0.0031859875820577,0.0272947824928926,0.0187983551439248,0.0049117713723541,0.004335936537656,0.0343510451822202,0.0462442514052121,0.0425279931093884,0.0199381078691422,0.0211561119141665,0.0522075935358925,0.0189092469039635,-0.0111694426393971,0.0646776099383643
2023-06-02,0.0154495459777466,0.0,0.0652389159851845,0.02078724451034,-0.0043431255592008,0.0083859067164757,0.0205998199414811,0.026739992428318,0.0177015168420735,0.0153988959789779,0.0216891054675705,0.0337259631597113,0.0422674329959098,0.0380122337454726,0.0356057316543638,0.0093468389800908,-0.0332281562853025,0.0043534178598259,0.0044763897734509,0.0789772420130816,0.0044816862004808,0.0490992146025053,-0.0082644628099173,0.0009623114965771,0.0131918873975531,0.042610122995975,0.0435481687089567,0.0144182205749621,0.0015419683561277,0.0187393526405452,0.0307513179980616,0.0075158273799151,0.0170220264317182,-0.0094684742844846,0.0325227861298893,0.0317471682442398,0.0096182680453589,-0.0068965517241379,-0.0033279843165774,0.0041335978835979,0.0236227612786215,0.0132753611679141,0.0146058434249234,-0.0065602935453382,0.0192025277023719,-0.0043777042504453,0.0241765635055286,-0.046797479825427,0.0209269388552451,-0.0035767480976361,0.0046728971962617,-0.0132150568403527,0.0119777458371221,0.0081548977523062,0.0020813270789972,0.0336565519182063,0.0050499394210896,-0.0359868052070726,0.0300427122520263,0.0054747426572872,0.0094601993171776,0.0230099687230782,0.0284176847004071,0.0154858321110473,0.0264390200392461,-0.0342349552758693,0.0176417906785588,0.0315557101894399,-0.0040473912723526,0.0237252124645892,-0.0418750331793811,0.0198350201383867,0.0307167728605897,0.0426638959700056,0.0259918026448071,0.017749512497784,0.0129067960997149,-0.0006674015582701
2023-06-05,-0.0034593650553751,0.0,0.0379027816028643,0.002750819672131,0.0046257293519298,0.0027746180096535,0.0033410335150869,0.0123910807506453,0.0180751451937892,0.0016119273793593,0.0057989034059637,0.0063823581335729,-0.0049038002862139,0.0093886427708416,0.0104821802935011,0.0,0.0172052542509471,-0.0080004986146445,-0.0014854803355012,0.013314128256513,-0.0094168705974608,0.0093602614355419,0.1083333333333333,0.0028719895829529,-0.0036415325210101,0.0112793305728087,-0.0014434695168432,-0.0013970975204358,-0.0020493597038211,-0.0401337792642141,-0.0184490736758812,-0.0010645820842749,0.0032400027721948,-0.018466217684119,-0.0007980456026058,-0.0025537820957668,0.0142872072428852,-0.0050903215759557,0.0066755497744854,-0.0065812188268539,-0.001107370659107,0.0100513999464448,0.0022188278800545,0.0395657283563712,0.0047101844776771,0.00244772227619,0.0521670831845768,0.0051681919227253,-0.0021207554992146,0.0125686394142769,0.013953488372093,-0.0053603282981397,0.0062464975168603,0.0106728981412305,0.0125550251100503,0.0008479046263265,0.0046041635009876,0.0003636182697128,-0.002654041699706,0.0072533227926281,0.0051407443177928,0.0020119555793394,-0.0133382357100433,-0.016380059240342,0.0042435170501038,0.003174844029951,0.018665083364477,0.0084018366805767,-0.0070404695053726,-0.0127489252359538,-0.0045101450560166,-0.0005569585002627,0.004065097632431,-0.008242341844755,-0.0201551205613885,-0.0002395000979773,-0.0010613868598597,0.0233821587225357
2023-06-06,0.0284534692673885,0.0,0.0308799628511726,0.0480252681966655,0.0209210413932867,-0.0034567598433344,0.0115502755691341,0.0208750658935161,0.0159206007334538,-0.0016093332510295,0.0268616185873078,0.0042291924873678,0.0026908867782222,0.0127135009527943,0.0311203319502073,0.0252616134211838,0.03715587244999,0.0228413783649479,0.0208276637819988,0.0226814827633092,0.0155050398203817,0.0208697679841436,0.0526315789473683,-0.011455059520198,0.017766796093658,0.0217952272291057,0.0158523908523908,0.0167962085308057,0.0051390802284723,0.0113240418118465,0.03921276539813,0.0323485393526443,0.0150683038875361,0.0090830095256833,-0.0023906157465513,-0.0008627167227897,0.0394461059578588,0.0390722062981188,0.0415709179533103,0.0111803832663186,0.0,0.0030261490313736,0.0069946898111754,0.0443852282515073,0.0112503598920052,0.0292371935864335,0.0141697657373978,0.025705288682825,0.0120404918465018,0.0469791917731181,0.08348623853211,0.0223166562121761,0.0202507093509498,0.0211148226165927,0.0227168355631754,-0.0302692012364953,0.0091661246653456,0.0253598512385311,0.0159525958628945,0.0135192143550904,0.0197013073852116,0.018091941840824,0.0202778239607399,0.0289003809402199,0.0205726894482942,0.021094763542012,-0.0104707549653983,0.0027772779907639,0.0188191188924677,0.0328720156163973,0.0303151739133662,-0.0061172924331752,-0.002694439403035,0.0032655302543491,0.019392755217428,0.0312568056100002,0.0151486665869067,0.051569145035929
2023-06-07,0.0020235617964641,0.0,0.0381595881595882,-0.0044520430416158,0.0125019584221277,0.0229045209124891,-0.0004400045630101,0.0028259461286415,-0.0006016330038677,0.0,-0.0037299441495135,0.0249113293384066,0.0035697211155378,0.0159200937996419,0.0241448692152916,0.0016336119024151,0.0130237176794103,0.0108389733967702,0.0160307107185384,0.0145942614034664,-0.0192130640771479,-0.0227097023579435,-0.0095238095238094,0.0260602712821458,0.0056502890173411,0.0125018262267027,-0.0198580199539524,-0.0066522484898202,-0.0158568825235491,0.045650301464255,0.0053571227809818,0.0196290347225587,0.0047723966618742,0.0244366094204429,0.0075975012662503,0.005152916272074,-0.0072282870968163,0.0107423621898978,-0.0624382249117497,0.0069587288157999,0.0022024152661375,0.0004319236719958,0.002926072849124,0.0141748923996802,-0.0074185889102571,0.0250927583451538,0.015136104493991,-0.0275674684718456,-0.0160971989768529,-0.0380992575824428,-0.0101608806096529,0.0191937086808104,0.031062506176267,0.0292347049858479,0.0141595569525518,0.0148780131482835,0.0664778149152915,0.0010597568529699,-0.0157021065036457,0.0471120059628098,-0.0036865727531155,0.0039485348536481,-0.0018936414106223,-0.0081804455291952,0.0176779809513043,0.0588888825583846,0.007672297802362,-0.0236472964331228,0.0026745593411332,0.0125025744157589,0.0043972744821227,-0.0089456950435496,-0.0067612968251302,0.0158280977363201,0.0040296412562821,-0.0030568123624036,-0.0013104284287205,0.0391038469315891
2023-06-09,0.0195243195513004,0.0,0.0078720634723856,0.0139392040112815,0.0070008232727798,-0.0027143673493938,0.0487696187122299,0.0224970509483775,0.0168940870695257,0.0025835000463705,0.0328334852026463,-0.0041090205784493,0.0146854257312543,-0.0183852843265917,0.0062868369351669,0.0286965898369053,0.0257125622078118,0.0188435340327151,0.1004390491350208,0.0155398443037446,0.0205966590382744,0.008521884523071,0.0985576923076922,0.016940230655118,-0.0096995301116523,0.0071940963060685,0.0,0.0145535218246519,0.0140363871560014,0.0197693574958814,0.0086610342918809,0.0270181363626396,-0.0052746545651584,-0.0025138380041553,0.0043673787079476,0.0059716795521933,0.0430049607970908,-0.0216988337866538,-0.0078340778351804,0.026434771649574,0.0131707029291172,0.0202594289470121,0.0138622668883501,-0.011969200274453,-0.0065377517277956,0.0083146013100332,-0.0114695529511027,0.023194106789123,0.0135121039244476,0.0088051694222293,-0.003421727972626,-0.0018442205942205,0.0481360790112639,0.0488389188274429,0.0099474585276579,-0.0089105262248734,0.0491654291376024,0.0116487121183881,-0.0075296626617592,0.008486327583338,0.0093255270643204,0.0101585758551552,0.0023701351708917,0.0219388340302182,-0.0094977574739296,0.0117027973721166,0.0023619056661998,-0.0128733725691615,0.0146829787750657,-0.0022494765180975,0.0053855779815199,0.0214474454009503,-0.0013671021662226,-0.004514901275942,0.0063208369659983,0.0245135939502418,-0.0091737963782468,-0.0065695438897873
2023-06-12,0.0013232074548705,0.0,0.0051968019680197,0.0145264381173737,-0.0003789370666094,0.0136012364760431,0.0362417220258883,-0.0096230440316068,-0.0083067092651757,-0.0077261234594003,-0.005456515693476,0.0106590769574195,-0.0109610822112465,-0.0230248706530087,0.0601327606403747,0.0183178500766518,0.0125707564507828,0.0006398160799878,0.0052137146127069,-0.0022697947214077,0.0049210483914281,-0.0268827267784402,-0.0175054704595186,-0.0101759917180369,-0.0139300017412502,0.0050960889052618,0.0,0.0052354471219839,0.0081992932353258,-0.005654281098546,0.0072673451739506,0.0161111229740984,0.0212190077368945,0.0270620503239655,-0.0067217031902527,-0.0025480338819641,0.0050157324203743,-0.0009092943209569,-0.0073727922282097,0.0043588366203666,0.0043380158672392,-0.0046484895566882,-0.0107950865904865,0.0,0.0329093236728132,0.0453532133183114,0.0,-0.0025190094462854,0.0028104787314053,-0.0026194830227845,-0.0042918454935623,0.0073990069530276,0.0127408504060437,0.0175014874499561,-0.01379511909981,-0.0388616313286681,-0.0202939836933712,0.0073288011938317,0.0044625396421484,-0.0067374326256738,-0.0139333472025788,-0.0324467807837429,0.0208146117900791,0.0040405277174078,-0.0273996607460782,0.0053077201267894,-0.0225243626632565,0.0322713841776896,0.0039449484832116,0.0056243779006321,0.021769289751957,-0.0093970883502539,-0.0027238342553912,-0.0181395929099931,0.0045633453578604,0.0080480505316262,-0.0013214609800364,0.0174342416341308
2023-06-13,0.0072560106357417,0.0,-0.0569916485667961,-0.0171303404742755,-0.0443852773408234,-0.0194586392341508,-0.0104112493499218,0.0020801360871254,0.0011939053972105,-0.0071337251629171,0.0155240574679393,-0.0221093318608504,0.0066520671409402,-0.0025136520096276,-0.0151012891344383,-0.0179883423189264,-0.0464643531290838,-0.0162561095878535,-0.015560018343111,-0.0073833275528618,-0.0401576644286335,-0.0055232425005724,-0.069042316258352,-0.0149514493873234,-0.0162090175996232,-0.0624312767257176,-0.0303905255945972,-0.0036218014781661,0.0208417303993346,-0.0357432981316003,-0.0124596190570535,0.0064725599184625,-0.0451984464336318,-0.0317054857611717,0.0007964587385609,-0.0051090858878762,-0.0151926846509016,-0.0131372044486377,-0.0095465915172961,-0.0074929832872343,0.0086385575348222,0.0029696373615915,0.0112719036582211,-0.0222222222222221,0.0113814963661489,-0.0578435644018436,-0.0498779723403972,-0.050504660632611,-0.0076972873969747,-0.033250743310208,-0.0482758620689656,-0.0187284709017239,-0.0003224683013659,-0.0028692200577808,0.0,0.0362076834034013,0.0079074621831887,-0.0093531442952038,0.0035560476266431,-0.0093210406341998,-0.020971954067006,0.0161002233724685,-0.0315096228968826,-0.0179161204434823,-0.0067600193143408,-0.0268587390094484,-0.0214352988918937,0.0074936589448761,-0.0133648869517841,-0.0637640717420339,-0.0183560850125131,-0.0061314221087009,-0.0027312737925081,0.0105793214534253,-0.0017099863201094,-0.0205363552456157,-0.0105970344204852,-0.0348685127769331
2023-06-14,0.0039278671840214,0.0,0.0302342178680337,0.0267958155753584,0.0096595044213514,0.0417529566160685,0.0049369864675028,0.0027769833288739,0.0065775775586303,-0.002615565521034,0.0027060387390809,0.0034783394317206,0.0378818839714047,-0.0012616148020822,0.0359012715033657,0.015933122813454,0.0422186691030912,0.0145803267491435,0.0079029796803469,0.0217402891203799,0.0438771106811253,0.0373024352503408,-0.0191387559808612,-0.013284106128063,0.0202005848521789,0.028689948744679,0.0223758811554704,0.0179568827944913,0.0159381465969632,0.021903959561921,0.0192568113551379,0.0016077338260933,0.0228528531149889,0.0578049930851447,0.0353898459239689,0.0359056210964607,0.0103593709036577,0.0183626662803892,0.0235616528998532,0.0111267359863687,0.0117547313512194,0.0186254847750579,0.0136678778766237,0.0020517676767677,0.014403120502284,-0.0004685237243376,0.0500540403969513,0.0132984901277586,-0.0063488022403793,0.0316776872212825,0.0715579710144929,0.012722515113626,0.0430354485475643,0.0429683229134569,0.0219897460213971,0.0308678164439739,0.013452529527737,0.0003507774335644,0.0163849361431589,0.021388580957083,0.0191430796255049,-0.0023125300792051,0.0344492606247905,0.0011175496688742,-0.007089008046786,0.0231640291602563,-0.0038344294003868,-0.0085004819387707,0.0122206691860364,0.0250926645352762,-0.0016676148485278,0.0101009455252172,0.0150844330920958,0.0175424004209092,0.0136586383067458,0.0347145512132553,0.0139219726669002,0.0985891271298951
2023-06-15,-0.0091318052937543,0.0,0.0319919390389822,0.007347480906813,-0.0017030504867073,-0.033511254159779,0.0204655279050238,0.004830162293453,0.0029617232528182,0.0016362136670911,0.0080677998200842,0.0051994237868011,0.0050947465348454,0.0104109161995935,0.0642599277978339,0.0007867414715934,0.0062461190050042,-0.0070252398299609,-0.0013068353865524,-0.008955068162849,-0.0019536198642466,0.0114720036937721,0.0390243902439024,-0.0144289557348985,0.0130269041859101,-0.0068404940356803,0.0204380522964011,0.0006713479578319,0.0073545689337104,-0.0049464138499588,0.0138984190684996,0.0,0.0026626385724159,0.0043982950938605,-0.0046065118613759,-0.0016479762048314,-0.0076357031472397,-0.0004504333643106,-0.0007838299385326,-0.0090399667028739,0.0179669635121508,0.0161980535007795,0.0131230621851854,0.0144379692339999,0.0164142582482547,-0.0195411185311897,-0.0034888850272026,-0.0157487535102299,0.0085191560911166,-0.0026332786803794,0.007607776838546,-0.007021697256659,-0.0148405027380088,-0.0235867037700606,0.0098013629114106,0.0056503089703252,0.0022130705014657,0.0045437432176052,0.000436940313953,-0.0041863137637605,-0.0065602783320687,0.0178645158389167,-0.018501738141918,-0.0072559639475751,0.0088496221920171,0.0072259709898516,0.0118209552450245,0.0362261478210148,-0.0026253341334351,0.0407932504131514,0.0150478503834086,-0.0049999683546306,0.0,0.0078244256670056,-0.0157154612513591,-0.0072048005019075,-0.0007925432997542,0.0557409691740291
2023-06-16,-0.0078971137168388,0.0,0.0671874046500273,-0.0196191834679835,-0.0153613496419198,-0.006117912977962,-0.0074208760181531,0.0,0.002962351882406,-0.0042516816519798,-0.0071202457330188,0.0268964075923479,-0.0021095393368814,0.0143595413174268,0.0176390773405699,-0.0274369812876951,-0.0031218237258603,0.0289394693245998,-0.0039256363201147,-0.0056496844715555,-0.0127334068209907,0.0151342240637672,0.0563380281690142,-0.008771712158809,-0.0200597740742617,0.0079505112561382,0.0,0.0087035358114233,-0.0204424476241638,-0.0016570008285003,-0.0310557833914381,-0.0138036223651341,-0.017508022027594,-0.0212631483905918,0.0011556442716815,0.0057841479453526,-0.006595247766044,-0.0121766684217765,0.0078525351584928,-0.0122981258291373,0.002078915057484,-0.0036793692509854,0.0031518478979208,0.0061070282579442,-0.0013099398641506,-0.0351237745174127,-0.0081692332456939,-0.0106671635360016,-0.0105589914178423,-0.0958652983959351,-0.0184563758389262,-0.0148861533991616,0.006023113016035,0.0085060073982257,0.0058007638629642,0.0188195110697211,0.0036817900533792,-0.0083519196922319,-0.0474723698486547,-0.0058891412661195,-0.023409510829224,-0.0077995413452001,0.014609281453878,0.0071215875726216,0.0294452130703424,0.0138682280951627,0.0019005744708942,-0.0008264702794588,-0.0163096613634343,0.0,-0.015484427851619,-0.0150752809917881,-0.0013560175024114,0.0015806519151728,0.0039934611738536,-0.0247219985526596,0.0002662791455272,-0.0174194122356986
2023-06-19,0.0026506392955261,0.0,0.041171088746569,0.0107746433669462,0.0014666263816502,0.0123111444664285,0.0185916052324572,0.0206378127947115,0.017693573111003,-0.0065665577484032,0.0206151430004069,0.0046990670916298,0.0042340377983003,0.0089252899055825,0.0316666666666667,0.0096731021506089,0.0372878887189569,-0.0062489372555687,0.0078822153510949,0.0119282189428115,0.009426237828108,0.0,-0.0511111111111112,0.0019651283591803,0.0199460916442049,0.0115575239902983,0.0100143522923352,-0.003541254718677,0.0034798388704981,0.0008298755186721,-0.0033169803235169,-0.0045587458164523,0.002702890013168,-0.0044741697416973,0.0107875544362243,0.0098605644139033,0.0030971936154879,0.0050229056020283,0.0129882634884292,0.0104443245934284,0.0124336893109258,0.0225687521854085,0.0136117164141285,-0.0222222222222221,0.0034943786083259,0.0221361372440509,0.061185571890342,0.0053910894002706,0.0085373388216225,0.059340150747124,0.0076923076923076,0.0011320312804965,0.0248593729197177,0.0263141340482053,0.0019414703783011,-0.0057881684975614,0.0095277804884539,0.0031569586482882,0.0118876393648341,0.0050764227342663,0.039029232547193,0.0144102134411672,-0.0060386140415698,0.0152486302077947,0.0093513840611323,-0.0117950665716261,0.0173546627440164,-0.0124229573210943,0.0112317770325449,0.0145650772426637,0.0036816200553846,0.015306023598401,0.0148804524329468,-0.0038738302708668,0.0130553738178789,0.0055807828772385,-0.0047577646435782,0.0209575778062149
2023-06-20,0.0019847328244273,0.0,0.0232315465729349,-0.0002540204788888,0.0270268571536318,-0.0047327706927667,-0.0001998245443025,0.0013456414672874,0.0023236377329378,-0.0006605438175814,-0.0166855151189307,0.024734675569896,-0.0155956791608525,-0.001218451373427,-0.0290791599353795,0.0167591899943566,0.0269255072667276,0.0144640030799505,0.0104274292254136,-0.0067366096079514,0.0176909875848014,-0.0223628910911639,-0.0187353629976578,0.0137539038101186,-0.0072040893162269,-0.0218293267727205,0.0269191467620384,0.0051052622084317,-0.046536699754573,-0.0049751243781095,0.0428035770623527,0.0098104446552187,0.0139964058612107,0.0089885558078117,-0.0141035889662906,-0.006513926325247,-0.0183092420019667,0.0222607648643997,-0.0156416674587834,0.0087402358785912,0.0040982479302471,-0.0029875458930243,-0.0004749620030397,0.0287773569023568,0.0056623769871309,0.0384973747497512,0.0,-0.013402526547481,0.0021162674134598,-0.0174445819853744,-0.0025445292620864,0.0090590070184559,0.0026306495024905,0.0049317522808176,0.0038184253269881,0.0027720528189942,-0.0079879082928372,0.0038488246679373,0.0131026028723653,0.0033641330253364,-0.0081331051222345,-0.0009696457002398,0.0210277521943207,0.0155694720228094,0.0084491136099047,0.0038224206558135,0.0034641371436834,-0.0054509235784135,0.0005292332647162,0.0242757289779009,-0.0020027271177773,0.015075280991788,-0.0146622712037407,-0.0257929980980901,0.0056069279318951,-0.0025410649608447,-0.0191106545598374,0.0242107130188009
2023-06-21,0.0092464133058534,0.0,0.0204766249798722,0.0053327606337605,0.035261412108861,-0.006109627177307,0.0315493397159976,0.0074000412108832,-0.0023182509575384,0.0036399195958058,-0.0017817077999207,0.0120688194513081,-0.0064214185775122,-0.003056132860031,-0.016638935108153,0.0117716911479979,-0.0145626089631832,0.0269659131039787,-0.0012899775040509,0.0180880821132216,0.0077267128205467,-0.0045731167958106,-0.0525059665871122,0.0077509827358874,0.0285149612386139,-0.0233822150225936,-0.0137908517055879,0.0008830497523153,-0.0742464111716124,-0.0191666666666666,-0.0019143137118409,-0.0016191891437223,0.0239000034082002,0.0,-0.008118823349778,-0.0081924698434653,-0.0053925423060254,0.0084458590985787,0.0578286946632047,-0.0027575820787691,0.0081630416917768,0.0077319277470908,0.0097338448687229,0.0507031449757096,-0.0225169617407362,0.0083415678025182,0.0088704230019243,0.0217371311258984,-0.0119642105764574,0.0009316507156771,0.0119047619047618,0.0250567813456643,0.0399311671221782,0.0418689975180748,0.0210917761943962,0.0694144368733034,0.0124459641414498,0.0038340680123927,-0.0066902071563088,0.0151015448706821,0.0046206039840268,0.0116350593535812,-0.0027441476297085,0.0028876812320772,-0.0029725077596277,-0.0199729358327477,-0.0082341957775357,-0.020234345126459,0.0005289533250212,0.0258601872594637,-0.0143638899563069,0.0082465957726798,-0.0121787334117251,-0.0100582380326761,0.0117059785147126,0.00788226100547,-0.0135330755328375,0.0457297890149219
2023-06-22,0.0176718315454904,0.0,-0.0690598290598291,-0.0118696236923104,-0.0207861955424583,-0.0300545827560885,-0.0190396529480982,-0.0180351632324561,-0.0260835223776415,0.0016464580852368,-0.0465109690336108,-0.0283595676482589,-0.0116344853031606,-0.0303301721663823,-0.0236886632825719,-0.0310259485112137,-0.0384708779963228,-0.0425586515908169,-0.0193746554304165,-0.0111049161670796,-0.0078504941693249,-0.0153107921979828,-0.035264483627204,-0.0067375886524824,-0.0337727166367678,-0.0244658329513957,-0.0097901656918542,-0.0041925788843221,-0.0314072473067441,-0.0042480883602378,-0.0281259807879565,-0.0269214297248531,-0.0663898343166707,-0.0012781068711638,-0.0191042906357656,-0.0123768018773047,-0.0212383469573589,-0.005288332298223,-0.0209322788164325,-0.0063212028141851,-0.0121454189761982,-0.0012120922623136,-0.009640010501964,-0.0328036405227167,-0.0097492106681726,-0.0165451233369203,-0.0109905380310514,-0.0505313588850173,-0.0064121106932794,0.0028029277373498,-0.0504201680672268,-0.0189740604070417,-0.0165357795021745,-0.0125593857654289,-0.0206561023074784,-0.0095679651885619,-0.0039766214903799,-0.007290628115653,-0.0049388801729081,0.0132208942328462,0.0069768634894578,-0.0198083521204056,-0.0087237022062629,-0.0179860430705244,-0.0135478995209008,-0.0029114262777627,-0.0281191355408921,-0.0133391565341423,-0.0095126933177707,-0.02205025981007,-0.0179665361081529,-0.0120014667768821,-0.0109542839327722,-0.0053791686596773,0.0082667282222927,-0.0230069832474426,-0.0013733436064532,-0.0157211700348316
2023-06-23,-0.003857145087996,0.0,-0.0095482923246419,0.0242771363149176,0.0185409893960935,0.0162031797569521,0.0003902072434027,-0.0027169237178383,-0.0125045972784111,0.0065795102970913,-0.0440949249237351,0.005969559910977,-0.0047907023045146,-0.018639823066415,0.0093587521663778,0.0336256155041208,-0.0123024749260408,0.0624246160443859,0.0447996144887961,0.0129152256677032,0.0098232344860755,-0.0023282676966394,-0.010443864229765,0.0048504844328995,0.0276440543634604,0.0368025415007382,-0.0127209043145994,0.0183967989281739,0.0023186081377915,0.0511945392491466,0.0598533819851945,0.0500005411313975,0.0161064613026,0.0273956856584542,-0.0011959651059592,-0.0025118123065225,0.00969533147264,0.0225983962127882,0.0729373860434279,0.0250503162737205,0.0004675853343234,-0.0012135632128935,-0.0031312368385512,-0.0080010064159014,0.015656916520639,0.0425232759305787,0.0,0.0028012489411217,0.0143383958464748,0.027001655960932,-0.0159292035398231,0.0502055785873782,-0.0339126647927471,-0.0410168007442676,0.0076645754676811,-0.0023510274957765,0.0068957338685946,0.0164348458610108,-0.0153426980475094,0.0040859470070437,-0.005159501863007,0.0009788125352452,0.0124998625784675,0.0212475693065778,0.0651063082059393,0.0238424956791514,0.0057865395994891,0.0017446788472406,0.0149380987370202,0.022547436646169,0.0276137892500312,0.0,0.0013898241944034,-0.0100636219578534,0.0043713423097286,0.0058885150149197,0.0054950394459021,-0.0798837972284067
2023-06-26,-0.0096802006584103,0.0,-0.053164484755141,-0.0256964407278477,-0.0301316844256162,-0.0263366078080476,0.0023499612352706,0.0,-0.0048130640309412,-0.0290943744016035,-0.0127548905835542,-0.007914559864118,0.0052513784868528,0.0006429610677132,-0.0164835164835165,-0.0135018087328679,-0.0311575410015705,0.0032594984610727,-0.018925650329008,-0.0055432181652291,-0.0024335503738402,0.011686596595329,-0.079155672823219,-0.003859206351151,-0.0020280644124683,-0.0209740413870487,-0.0314621599393656,-0.0217636553321661,-0.0144418355219293,-0.0267857142857143,-0.0008255487815993,-0.0015873179480307,-0.0076492570045089,-0.0223241590214067,0.0079591692989537,0.0100589380265969,-0.008915794976318,-0.009099317892895,-0.0391455896339136,-0.0069823238015097,0.0,-0.0028310977836035,-0.0013949170827165,0.0060364724681056,-0.0145324798627911,-0.0300286741293678,0.003333801683506,-0.0502785799892043,-0.0134261363183365,-0.035360330289928,-0.028776978417266,0.0035409958695156,0.0194693964528078,0.0225459145338167,-0.0018874834493055,-0.0306196541428671,0.0046849031830296,-0.0092887916942145,-0.006414597805685,-0.0138179952406648,0.0,0.0026076143949971,-0.0077688983474125,-0.0154221912072575,-0.0043817392337235,-0.0323201291756662,-0.001662806396076,-0.007185147404815,-0.0063073277010182,0.0073575524099622,-0.0134358790913968,-0.0011008643357699,0.0069108599227356,0.0021243723445345,-0.0233928126224312,-0.0098303747534516,-0.0038776376868896,-0.0488282083320635
2023-06-27,0.0026039811626896,0.0,-0.0178329367111486,-0.0138308746128852,-0.0226526883166089,0.0007099471483789,-0.0183808869522605,0.0013076762411572,0.0034833175000721,0.0138057517821676,0.0397560898815083,-0.0063123819800376,0.0013122053756888,-0.0247745286049755,-0.0031424581005586,-0.0015881623799194,-0.0257125622078118,-0.0062111488865195,-0.01028003698306,-0.0161626303368128,0.0097448675940641,0.0084759401319671,-0.0229226361031519,0.0009716141093125,-0.0330587974325764,-0.0164863018227501,-0.0295537795537795,-0.0015581448315505,0.0216831182277019,-0.0200166805671393,-0.008489066124534,-0.0041328997401882,-0.0314074571716492,-0.0107799232512186,0.0035530757487798,-0.0008355119532114,-0.0096886163419812,-0.0183657515979215,0.0002436836935413,-0.0242165314017946,-0.0103508000219937,-0.0069027611044416,-0.0111749247551716,-0.0240010084457329,-0.009836371264743,-0.0254147119988391,-0.0276893698281349,-0.0058826173794096,-0.0021496165439661,-0.0225603134382386,-0.0342592592592593,-0.0190522874493106,-0.0086825444678927,-0.0077805630095385,-0.0114309906858595,-0.0334770122712989,0.0136374885485908,0.003472413198837,-0.0018452699741954,-0.0131773697288278,-0.0137770526077866,-0.0071482755437466,-0.0188985856154076,0.0060143981045532,-0.0318676511526174,-0.0176776842937865,-0.024729305141574,-0.0168819424058485,-0.0092581455528941,-0.0114726579435928,-0.0047680515167116,-0.01437738914674,-0.0082417972802069,0.0119622595776553,-0.0501455131618295,0.0011792452830188,0.0027490216716994,-0.0268112320094326
2023-06-28,-0.0104046607827967,0.0,0.0051832541021317,-0.0020760367808124,-0.0003986187469615,0.0003704871511902,-0.0121522084913741,-0.013105030699328,-0.016495496012393,0.0142813637747891,-0.0325025991985384,0.0033445542404171,-0.0369917209596978,-0.0135272361713472,-0.0049036777583187,-0.0079275784028451,0.0198127079947372,-0.0032692142246244,-0.0012983517266493,-0.0045337243401759,-0.0062697955191688,-0.0236803376066103,-0.0029325513196482,-0.0086991780014007,0.0,0.0139614100351836,-0.0091275628377799,-0.0013360851618509,0.0430331644403503,0.0059574468085106,0.0020872052216933,-0.002553612030657,-0.0034132496144122,-0.0006401159921026,-0.0153403643336529,-0.0174390375485541,0.0197981449998925,-0.006679907811651,0.0195125504201894,-0.0048073940822529,-0.0104729495103825,-0.007355696585071,-0.0056506074911201,-0.0143362694702039,-0.0198629420380832,0.0009614668883208,-0.0056955810147298,-0.0088761410104846,-0.0086169893988353,-0.0384611195224764,0.0210930009587728,-0.0050383243028941,0.007298826105468,0.0094773845793296,0.0057673090649537,0.0094956718313721,0.0031868141282094,-0.0107283277547978,-0.0036973625805445,-0.0066721207162985,-0.003305270169131,-0.013736508064842,0.0173832057152096,-0.0094205742927021,-0.0037448824503991,-0.0010037502757556,-0.007976135199944,-0.0149419779277728,-0.0048041402323331,0.0348061762688229,-0.0082082782289355,0.0016868147315152,-0.0138552576905993,-0.0315733262132034,-0.0035169628184847,0.0094440730483134,0.0021902561456184,0.0463027589385658
2023-06-29,0.0,0.0,0.0671874046500273,0.0072858954365491,0.0316692052907636,0.0494614166279243,0.0092795354782453,0.0125806392324798,0.0043461774057111,0.0078602189568404,0.0256966687185054,0.0316637445254948,0.0117508206871199,-0.0103663154995523,0.0218233016543472,0.0095943268328293,0.0517568490551716,0.0101495265415958,0.0390170432025367,0.0130916118236934,0.0092228674970507,0.0117323356610337,0.0235294117647058,0.0058503451951561,0.03945060718858,0.049595544357512,0.0138174640278427,0.0049091588080243,0.0137507314218841,0.0143824027072758,0.0118780610009785,0.0054390188979924,0.0325369279938461,0.019246648814255,0.0099873254529927,0.0092929403851698,0.0228428538268374,0.0,0.0442571620726097,0.0144814618589044,0.0148088881402561,0.0078242496940321,0.0120757763911671,0.0270192358090046,-0.0064527147836018,0.021980950256248,0.0561232552014749,0.0298521082236691,0.0021729718248877,0.037008926548552,0.048826291079812,0.0021708090518171,0.011009802145603,0.0045316939992199,0.0421551650722455,0.0041516545646027,0.0112892069374823,0.0045469320213347,0.0143792257641259,0.0084007467330429,0.0293897847144377,0.0155878543439409,0.003694608283816,0.015169526828624,0.0153107154392209,0.0425421501838376,0.004020132722085,-0.0027159298698504,-0.0029521658510741,0.0978634150582509,0.0200054366592463,0.0498303268440794,0.0112457501525586,0.0122062472631732,0.0594445471919116,0.0081888803624552,0.0071093583145844,0.1008420284200324
2023-06-30,0.0124844443026259,0.0,0.0145242451967064,0.0268674724753841,0.0155402793672929,-0.0020497957712638,-0.0129887342611001,0.0103551235626706,0.0173191604708797,-0.0003245843763756,0.0240865814956463,0.0161554842973588,-0.0080382470119521,0.0087841669304815,-0.0403031346882536,0.0174052267327755,0.0030665993217404,0.0165515646832936,0.030029296875,0.0033672775067026,0.0178057066094885,-0.0618677915900014,0.0086206896551723,-0.0019469877142611,0.0187239253321183,0.0314803116445567,-0.0151491861795699,0.0144318366316091,0.0059680361567153,0.0233527939949957,0.033771890028128,0.0235610302351623,0.01824357882787,0.0100700359644141,-0.0083051020902789,-0.0100505929713851,0.0274671714306344,0.0053808064135816,-0.0022906994300382,0.0055501510419333,0.0041634391944229,0.0016312425234719,-0.0024590495041506,0.0303656638342391,0.0092718931637245,-0.064985386322568,-0.0032542829355877,-0.0231894331120295,0.0151696704407437,0.0154244453426259,0.035810205908684,0.0072148338972941,-0.0513040015926736,-0.0483387875090132,-0.0422750054478099,0.0217681705021555,0.001760607979734,0.0306401973797905,0.0150876007529321,0.0141659255494854,0.0029283650020244,0.000326909494501,0.0055160511627401,0.0185459495165842,0.0111068245040508,0.0321694096714748,-0.0231684888116889,0.0038582497665196,0.0126476520742078,0.067777986755229,0.0138652798985854,0.0074673115248138,-0.0180603448275862,-0.0196918442677945,0.0027785455550544,0.0039464903866206,0.0247012924385519,0.0086493717343332
2023-07-03,0.0,0.0,-0.0071581557885244,0.0062885918110424,0.0346425218334907,0.0219018741864855,0.0200428708552784,0.0129796636964645,0.0127706142646428,0.0240492816794912,-0.0197556615017878,0.0292541751120991,-0.0004498309920701,0.0160807520674266,-0.0139985642498206,-0.0023351439159348,0.006150415422796,0.0063981171537772,-0.0133621711305996,0.0291141148103495,-0.0099241727212157,0.0148389812671017,0.0113960113960114,0.0038892249947528,-0.0094414782098231,-0.0330713483719505,0.0030868479467258,-0.0085359130759518,-0.007551112097477,0.0073349633251833,0.0077690451948781,0.0096410525713401,-0.0076039334895348,0.0155766275626849,0.0358991348362813,0.037230900273393,0.0113020583651044,0.0075800573194928,0.006887876344531,-0.011039033779036,0.0155653814895933,0.0145969551475375,0.0196348395652898,-0.0117883058025209,0.007350436448797,0.0145009306277035,0.0206777498405072,0.0207724554390011,-0.0028424602537338,0.0465278898391694,-0.031114952463267,0.0079485503044958,0.0172203219104778,0.018621594055078,0.0,0.0091705946705205,0.0184939329953175,-0.0280382167423008,0.0198225527301774,-0.0016464587714195,0.0199514872262456,0.0254663998450712,0.0119601112366385,-0.003183743256655,0.0109915120357726,0.0148831052898896,-0.017278575351063,0.0,-0.0034555490732846,-0.0156487558868245,0.0200126455481275,0.0010614366786683,0.0254598130020631,0.0312997358318638,-0.0005512679162072,-0.0076282760303886,-0.0015904245668149,0.0010088472503244
2023-07-04,-0.0175227109776948,0.0,0.0288390576213453,-0.0152508950964798,0.0045717764575874,-0.0127225339046693,-0.0063530295125767,-0.0096388319899267,-0.0060792843921185,0.0038091184301392,-0.016323676931027,-0.0018522728792478,-0.0040567299285089,0.0003292186656802,0.0535129231889335,-0.008573754643057,0.0061128190462571,-0.0043332792901675,-0.0012311942584306,-0.0038073567594661,-0.0086008549583095,0.0008107623994795,-0.0112676056338028,-0.0145127170758105,-0.010526241525035,0.002639079489074,-0.0061374088032917,-0.0033110325901746,-0.0054323519465927,-0.0129449838187701,-0.0035584531926541,0.0043143831665706,-0.0109447409071758,-0.0061409918587571,-0.0019241154049817,-0.0032583213022689,-0.0019929217771997,-0.0101812324551806,-0.0123147735011623,0.0059827211598859,-0.0132787174305206,-0.0012068391515266,-0.0062153736174268,0.021878054281633,0.0050195233037972,-0.0004922235078276,0.0138613133318628,-0.0203497413437431,0.0035672298004605,0.0018194901315788,0.0695807314897412,-0.0139848728388313,0.0023765513599154,0.0023268676927772,-0.028782707622298,0.01656852248394,0.0059340795762554,-0.0114705418133366,0.0048581485884795,-0.0139910908748689,-0.0026050907602019,-0.0203762865506278,-0.0099026374829588,-0.0150725037705903,0.0111302390253591,-0.0013749873622485,-0.0086415071746461,0.0115327044839097,-0.0029340649443323,0.0353362215106423,-0.0094826505453481,-0.0100488586593088,0.0096599746015437,-0.0049823586862421,-0.0133030452579325,-0.0020983338914936,-0.0132661318946546,0.0156270347701523
2023-07-05,0.0046272163724869,0.0,0.0397285217679193,0.0152330020145312,0.0455111404711812,-0.0006786284248363,-0.0065899232565899,0.0013609584012319,0.0018150879183211,-0.0037946641051601,0.0243922538112897,-0.0058819982715767,-0.0022593326576852,0.0201062653104153,-0.0442294402211472,-0.0031435243398598,0.0090602238408243,0.0153805160392581,-0.0036981358989778,0.0152932862190811,-0.0211909056235414,0.0016202111926451,-0.0227920227920226,0.0058905750798721,0.0253406441400652,0.0110128448094337,-0.0077234853097222,-0.0033220319462139,0.0245900740334521,0.0254098360655739,0.0025797267936966,0.0076687880327068,0.0226818944173787,0.0154324884330603,-0.0038609024531175,0.000810598913,0.0058539302651179,0.0111795691844605,0.0713480715002401,0.0027739676950477,0.0165640292516633,0.0064462367191453,0.0086870079526835,0.0466941338041984,-0.003632807776627,0.0083783161503236,0.0210335448776064,0.0118699745365722,-0.0106716735270281,0.0072442205280278,0.0667222685571309,0.0087300470843298,-0.0002963645943098,-0.0013224744543602,-0.0296649877005974,0.0152479001553491,0.0006952186236317,0.0063272338403042,0.0057115813795949,0.0,0.0134888040873506,-0.0143018366273209,0.0014311347706117,0.0082871269291588,0.0350662362239786,0.0105543969060684,0.0153299512823608,-0.0062594446885244,-0.0074835580601116,0.0682603791434706,0.0178284516916109,0.00694372599972,0.0081825890333522,-0.0088021088427246,0.0241550513037402,0.0023334714189078,0.0083366186766731,0.0233251754684269
2023-07-06,-0.0249852323706436,0.0,-0.0943851828265138,-0.0250064057872564,-0.015882674519866,-0.0373424475571442,-0.0146750109902051,-0.023140614102541,-0.0241384516664779,-0.0079353014502447,-0.0057115276325316,-0.039540807730927,-0.0049882572155043,-0.026495044236014,-0.0249457700650759,-0.0141969031959121,-0.0420422535211266,0.0168629966565585,-0.0037118628723178,-0.0172123844526115,-0.0063997992219851,-0.014586526977081,-0.0583090379008747,-0.0029280397022332,-0.0158202540976197,-0.0197238247974508,-0.0357624949599424,-0.0080023400344504,-0.0080017555691148,-0.0215827338129496,-0.00613506101434,-0.0051757481113955,0.0200095448826413,-0.0188401875242267,-0.0096817570596144,-0.0106221950766125,-0.0109919723494783,-0.0145955524960813,0.0502137178923822,-0.0098810799775429,-0.0213919651670655,-0.0004021574564723,-0.0148125770714578,-0.0185801312089971,-0.0154812157028283,-0.0317823754011645,0.0247202983484282,-0.0762465502558094,-0.0244365323319734,-0.0197834214520746,0.0109460516028148,-0.0194664566619088,-0.0127433380546131,-0.0152809930740138,-0.0020220310849554,-0.0121712428776314,-0.0027748316602127,-0.0178734834843699,-0.0201053709667001,0.0,-0.0090157446427877,-0.0211019117623091,-0.0180693216696528,-0.017142800420877,-0.0081611478749382,-0.0168058387140402,-0.0094741468476238,-0.0076494980092843,-0.0024258165690621,-0.009588201233012,-0.0285453741571791,-0.0212193736326165,-0.001345687492115,-0.0071950104952345,-0.0175525535230789,-0.0128015987611692,-0.0162671232876712,-0.032490561720627
2023-07-07,0.0013508645533142,0.0,0.0421928565149873,0.0135924288215718,-0.0011947581382429,0.0126977728509523,0.0193801947042842,0.0104530892448511,0.0068075889144603,0.0019176043080424,0.007665857605178,0.044087466277491,0.0086545464003329,0.0703635879109241,0.0029662588060808,0.0080036558297427,0.0376387561567299,0.0033740190971391,-0.0024837947537408,0.0377643932483042,0.0302109783172253,0.0460584080931474,0.0619195046439629,0.0019660544522421,0.0572607540557346,0.0169549143755578,0.027416686362562,0.0013469092073985,-0.0198932766444192,0.0204248366013071,0.0087619047619047,0.0088753477281757,0.0546145928150334,0.0043308759401579,0.0222897885505246,0.0223045333762783,-0.0032697465946389,0.0107760350044132,0.0744938929039347,0.0071857892512139,0.0135275179284519,0.0128091350136079,0.0188808235980133,0.0340917229689403,0.0115603528667747,0.0313124365399102,0.0472311762734971,0.0095242386327796,0.0154714596877441,0.055050352833581,0.0278422273781902,0.0113947242928493,-0.0054050221664296,-0.0050598376595105,0.0224386113463166,0.031455440969524,0.0062576520201333,0.0156853463174189,0.0133851224105461,0.0175347695664029,0.0128513208112714,0.0043787903383571,0.0130709225722869,0.0174418017472099,0.0174516507628719,0.0346447385850681,0.0337719268981071,0.0090695010183299,0.0037791595317633,0.0661336084601496,0.0183650974256863,0.0460694901544294,0.0217003775809554,0.0094059235670078,0.0223326875982308,-0.0068415111737617,0.0029823034522773,0.0025056729561874
2023-07-10,0.0107759854139923,0.0,0.0,-0.006071952943872,-0.0203477607122344,-0.0195044283013235,-0.0184117866907961,0.0006884556851944,0.0006146871818515,-0.0044702160385933,-0.032327023826251,-0.0189406412332752,-0.0130992825048509,-0.0192250605670801,-0.0158964879852125,-0.0047666541455642,-0.0090683669854764,-0.0008430498399635,-0.0249149763148306,-0.004744641121679,-0.0038454838147715,-0.0330182654234257,-0.0233236151603498,-0.0117235041355157,-0.0152039670658683,-0.0114699983285978,0.0,-0.0022394055396204,-0.0054830114724857,-0.0120096076861488,0.0033540705994592,-0.0084919905462184,0.0035169515451194,-0.0055516796057416,0.0057400317733158,0.0048571728628439,-0.0153038575652773,-0.0031100858308973,-0.0208192388174766,-0.0027739676950476,-0.0020586230402181,-0.0098782019452638,-0.0065174060625196,-0.0054946323444535,-0.0082281197183471,-0.0646425508940197,-0.0335940689092131,-0.0408823276971934,0.0029063341711215,-0.020006304300715,-0.0180586907449208,-0.0029075779007535,0.0,0.0016968105795409,-0.0039929015084293,0.0035584380544149,0.0138262440547149,-0.0003514002374725,-0.0228904075858448,-0.007387952366914,-0.0058447378023046,-0.0030169787941201,0.0019154794684543,0.0,0.0002444957119214,-0.0200908025487743,-0.0104076238668597,-0.0107831554739372,-0.0112982895256605,-0.0151287882453509,-0.0157364571149245,0.0056961726442048,-0.0212394729972935,-0.0152752389198895,-0.0049124061494457,-0.0042740515447413,-0.0191913874490928,0.0
2023-07-11,-0.0253180939438796,0.0,0.0071410497905479,-0.014001668309699,-0.0134384904842194,-0.0106488457244572,-0.0142732610568926,-0.0089618713111487,0.0006143095736306,-0.0025633710084493,-0.039287677484261,-0.0053771358702912,0.0210528378546093,0.012647022449604,-0.0202854996243426,-0.0031886510054012,-0.0121898906127118,-0.0019640090573233,0.0012768011460069,0.005299393806402,-0.0067555751306747,0.0073122175361128,-0.0298507462686566,-0.0039583804569101,-0.0139864410920417,-0.010017964704639,-0.0235529365964147,-0.0071741657163052,-0.0082753963333628,-0.0113452188006483,-0.016719244464474,0.0045885986896339,-0.0145249061547984,-0.0167480184496887,0.0026620124607041,0.0032137538212315,-0.0057714691776546,-0.0084646517641328,0.0440823803039249,-0.0111318682446649,-0.0123362341015588,-0.0123780192809185,-0.0176195702374272,-0.0129071198087143,-0.0078369571024095,-0.012562984693531,0.0079455682907894,0.0032788410943311,-0.0195425380810109,-0.0301647451425814,-0.0038314176245211,-0.0018209798447812,-0.0078496819453121,-0.013536929267239,0.0120267260579063,0.0306391354082387,-0.0061339281384861,-0.0108824356526501,0.0009034024990965,-0.0033029735762113,-0.0037294058151667,-0.0077356976884355,-0.0023843404773026,-0.0178574973695181,-0.0012221797419006,0.0004572910280504,-0.0084723653487431,0.0004536849023473,-0.0073471956553253,-0.009219985916185,-0.0113267919602125,-0.009273552181339,-0.0040705753547717,0.0328888581309243,-0.0208604298556369,-0.0178876688691328,-0.0093691111288054,-0.0055043192055808
2023-07-12,0.0040996871291401,0.0,-0.028389582112051,-0.012911502219597,0.0055723838785468,0.0229710001972776,-0.0161368199029249,-0.0062569648696542,-0.0092089864359303,-0.0115780162910742,-0.0030659944509818,0.0054062057732768,0.004932379697276,-0.0124890728647092,0.003834355828221,-0.0007964486225355,-0.0216046031918359,-0.008425557524491,-0.0051006920146178,0.0089603876650059,0.0087448157132796,0.0137221108634157,-0.0184615384615385,-0.007935606777437,0.0132075211981059,0.0644093849405436,0.0289416455237405,0.0049690261589501,-0.0144618527469706,-0.0008196721311475,-0.0062000433146811,0.003348284169141,0.0035562805872757,-0.0189233501844515,0.0208676608075371,0.0144416085008856,0.0066990303697915,-0.0044928638581935,-0.0048573198367172,0.0044219081675549,0.0,-0.0068699371550096,-0.0059751591100957,0.0037393288022387,-0.0102249048313886,-0.0153774207746479,-0.0147805010646491,-0.0261450034429487,0.0103323675358844,0.0045706112803929,0.0123076923076923,0.0,-0.0030387686013635,0.0006888407793741,0.0140551643192488,0.0208860899674416,0.0037730018946324,0.0056787786510843,0.0189020740501457,-0.0008307372793353,0.0105085885217013,-0.0122029893763196,-0.0038273291993096,0.0007276917012826,0.0,-0.0013662231464319,-0.0097222130861776,0.0029512914351268,-0.007127312102183,0.0108512396694213,-0.0020236450727472,0.0020853451186928,0.0013671021662227,0.0070588374398214,-0.0084030529869366,0.0026736363090722,0.0030602888817443,-0.0080423806350317
2023-07-13,0.0047689497565934,0.0,-0.0243061541113601,0.0201426158286117,-0.0116998500314171,0.021753216699065,0.0094637875813616,0.0202954234187859,0.0247661832194101,-0.0026000623302613,0.0256429692999078,0.0284816954760134,0.0178438425056497,0.0417325704763948,-0.0034377387318563,0.0176142377399417,0.0220816688859299,0.0096339577743631,0.0051268424590087,0.0350040293575204,0.0009632229828882,0.0326443493767729,-0.0125391849529781,0.0150062314011749,0.0869136976530924,0.0059970315696578,0.0265600507247654,0.012810306673191,0.0135470351701874,0.0090237899917966,0.0084534452350544,0.0121397250825245,0.0268458012289087,-0.00193425094198,0.0174660116069034,0.0173810349032748,0.002218998905769,-0.0054148198065661,-0.0155825628396181,0.0112024554459537,0.0124903175832686,0.0073264920659745,0.010964365811114,-0.0018509840674787,0.0117394899469056,-0.0064607604838934,0.020002988952372,0.0134234580791705,0.0007334217834511,-0.0090996316815747,-0.0121580547112462,-0.0003656914893617,0.0146466573402856,0.0157685121447535,0.0138603547556352,0.0322490441959915,-0.0088866926435683,0.0151769340361345,0.0066251719234444,0.0398362448374647,-0.0011390516638891,0.0126972548653727,0.0043175061210214,0.0083522698581022,-0.0041730465122117,-0.0018257996046614,-0.0062473014713209,0.0042990412087173,0.0,-0.0475419620154847,0.0108038728558537,0.0269821281828448,0.0448838845883179,0.0232647334506126,0.0118713688339562,-0.0033902732353437,0.0,-0.0248351723431148
2023-07-14,-0.0013572650697551,0.0,-0.0174617196702001,-0.0230779806003208,-0.0295326053114751,-0.0075572265507035,-0.006667963072892,-0.004117080026306,-0.0126884849401004,-0.0071777382982332,-0.0120046878464413,-0.0178459038339221,0.0004378064645251,-0.0130494956090336,-0.0034495975469528,-0.0102340870860458,-0.0185285709115912,-0.0044895252362845,-0.0012751730036545,-0.0232174117524104,-0.0269442901613299,-0.0061649964209018,-0.0317460317460317,-0.0019670734457614,-0.027542028623211,-0.0248419961321451,0.0,-0.0068793942671714,-0.0283970898850034,-0.0113821138211382,-0.0019976480521045,-0.0146940947782093,-0.0458765701802295,-0.0135272366452453,-0.0080360828074572,-0.0062078102327929,-0.0117305924710925,-0.0281280865743854,-0.0253609243433454,-0.009892844550504,-0.0092487602289648,-0.0101036640710839,-0.0104983575880438,-0.0223468932654163,-0.0074254497747092,-0.033603520636639,-0.0117664296099271,-0.0231762821787367,-0.0175233452461339,-0.0478005101775208,-0.0115384615384616,-0.0248470185240613,-0.0210532912741022,-0.0195752878932362,0.0058793310120439,-0.0319421221264232,-0.0137928497866707,-0.0118207900802099,-0.0153585356590366,-0.0462884904528902,-0.0233889604644825,-0.006775743007542,-0.0129022778968904,-0.0174776146311171,-0.0036927109918016,-0.0383716125651285,-0.0125764933541437,0.0040567507057334,-0.0013811659192825,-0.0716578825387561,-0.0170338542963441,-0.0025271568621807,-0.0234378157033364,0.0,-0.0374344458341562,-0.0162828031320644,-0.0016619972458332,-0.020271374856956
2023-07-17,0.0054282019389966,0.0,0.0253843617945874,0.004462568525601,0.0047508181631468,0.0096915294207142,0.0088094833315301,0.0117057461282386,0.0159137233136523,0.0013173394239673,-0.0010152175771565,0.0313290431079495,-0.0087648007601994,0.0073786370888095,-0.008076923076923,0.0,0.0031341027248259,-0.0011262448600101,-0.0191520171901032,0.0092979959555321,0.0108783667184368,-0.0007832827650783,0.0196721311475409,0.016771909562248,0.0031940258221241,0.0219173601030444,0.0502359097537958,-0.0006716477516137,0.0028640441683918,0.0,-0.0013998937490715,0.0070021045836448,0.0206814165899305,0.0078347242522829,0.0036796222120845,0.0031232939324301,0.0082857597977505,-0.0018705629363419,-0.0315010285433368,-0.0027972605426273,0.0145335208626347,0.0138805105807977,0.0194503472186917,0.0076112271603159,0.000465869632342,0.0072890220925749,0.0188520009579964,0.0033899810516342,0.0089179448495515,0.0231701183108448,0.0295719844357977,-0.0116124906746243,0.0003072904663132,-0.0020637593004942,0.0194075587334014,0.0113211461544771,0.0108405126866322,0.0095000426426581,0.0102497765652194,0.0025060372716088,0.0131422135269561,0.0214904606303361,0.0038700074423219,-0.0060450370551595,0.0044464121944278,0.0394311435293626,0.0057607820041565,-0.0033665626885965,0.0066351732437626,0.0503005085529357,0.0050984776937077,0.0,-0.0106622160305659,-0.0110762640556872,0.0133509623787053,0.0032083305579608,-0.0194450390030441,0.0079616695668756
2023-07-18,-0.010126001540201,0.0,0.0544513941661306,-0.0073163593795727,0.0097133444342984,0.0082272901927988,0.0033244986441558,-0.0040862676371179,-0.0018085226630495,-0.0114857371212019,-0.0212770509515303,0.0106320724322261,0.0048626352834328,0.0225896563317966,-0.0077549437766576,-0.0103399065905552,0.0376387561567299,-0.0025429055334584,-0.0130173193846935,-0.0040920173857733,-0.0048915006073338,-0.004658329128523,0.0096463022508039,-0.0145568135517883,0.0145739910313902,0.0339115299201726,0.0159443255517619,-0.0015621764387463,-0.0102879950452463,0.017269736842105,-0.0086103217965948,0.0012068723037523,0.0106391625215385,-0.0058323131983377,0.0099045506990125,0.0062397954663391,-0.0148809902993271,0.0018740684994171,-0.0060599378403903,-0.0008021985415512,-0.0020522996629335,-0.0056344564564209,-0.0194233339317416,0.0151312967640471,-0.000931305397781,0.0083484390007873,0.0321371003850632,0.0,-0.0073603934404439,-0.0113173671892533,0.0249433106575964,-0.0030321197665742,-0.0086014899009292,-0.00552133580705,0.022851258071699,0.0283402548022908,0.0,-0.0181233815129753,-0.0017646867099069,0.0041723479683666,-0.0020177500811688,-0.005341104213446,-0.0057881239119811,0.0044203314735804,0.0029532517253538,0.0063973301607145,-0.003314846473811,0.0038302715480134,-0.0013703909896791,0.0545030372391934,-0.0145374163864546,-0.0187448780544109,0.0,-0.0063369223867204,-0.0143223503651824,-0.009107306870871,0.0181298375287637,0.0710476528319734
2023-07-19,-0.0027229238740006,0.0,0.0,-0.0047389351665997,0.0016446930940623,-0.0074801413828919,-0.0174021479106224,-0.002729370359397,-0.0036141622315329,0.0016624801842355,0.00621912298343,-0.0114213032842346,-0.0105506285814708,0.0223887017871629,-0.0339976553341149,-0.004011378682013,0.0120793482111229,-0.0053729562803942,0.0,-0.0066848335178403,-0.0078648719978886,-0.0093602614355416,-0.0318471337579617,-0.0069035507555065,-0.0103235990528808,-0.0072371221796508,0.0870089565678817,-0.0024633678641473,0.004044407361053,0.0121261115602264,-0.0020218615368182,0.0069417675536884,-0.0110257750613212,-0.0097801620354029,-0.0036301769587623,-0.0077482327488616,-0.0074416655673591,-0.0037362162586777,-0.0264240191718032,-0.0048118758546389,-0.0092202928157985,-0.0081016717925396,-0.010613465421055,-0.0149057533860708,-0.020112186001138,-0.0182202327663384,-0.0377411693255393,-0.0067570558121007,0.0037074852704874,-0.0143221566465616,0.016961651917404,-0.0220551335075361,0.0055775040669301,0.0093677397529465,0.001877602111622,0.0222310882655856,-0.0155657496115736,-0.0063895612226956,0.0075096786230701,-0.0091428364518553,0.0031783774944982,-0.0094033480234709,-0.0009666211894411,-0.0049522642569052,0.0169327649315342,-0.0054500007513786,0.0054429486465223,-0.0246818469231272,-0.0046778735508955,0.0321085981916999,-0.0048040390460604,-0.0252961311799371,-0.0283021498480328,-0.0026700346987745,-0.0203350374292495,0.0012396140444921,0.0548145898285705,0.0063922454003986
2023-07-20,0.0198179207781108,0.0,-0.0140809934307175,0.0005294056476237,0.0106146776132833,0.0006851377804548,0.010960834183713,0.0061668932362235,0.0006061237439507,0.0175585777189266,0.0123396443662353,0.0130735084584578,0.003996295497507,0.0081750912183891,-0.005663430420712,-0.0016057491082828,-0.0029750446256694,-0.0031289898247379,0.0013189004873499,0.0031023618672039,-0.0099156735475632,-0.0015717379583856,-0.0131578947368421,0.0119097182796512,0.001358938369274,-0.0160416341805706,0.0498816568047337,-0.0006748130585445,-0.0120785771170692,-0.0255591054313099,-0.0034403056010723,0.014387999078649,-0.0050742433359897,-0.0019721835001901,0.0032810483470664,0.0062495246304794,-0.0052250280144893,0.0014044874606373,0.0089775561097256,0.0004007598823743,0.0061994831473028,0.0151050840914026,0.0185916216910821,-0.0056712576847925,0.0028594500121679,0.0056244118440922,-0.0098053580082725,-0.0136060484529805,-0.0088717679332283,0.0154952900020834,-0.0137781000725162,0.000389294403893,0.0077035667514058,0.0010301046862368,0.0204247922211961,0.0013592259446506,0.002456941066729,0.0139343305610251,0.0061435185185185,0.012589188645977,0.007486102574377,0.0054249472167295,0.0014540991220115,-0.0048024628014365,0.0050687147319941,-0.0073081669143016,-0.0144404332129963,0.0041407404647464,0.0052527834725817,0.0060666359290446,-0.0165447317125099,-0.0005310001508523,-0.0069300964187327,0.0022303352917876,-0.0041467676179383,0.0101779041882772,0.0065945668222149,-0.0024408304308476
2023-07-21,0.0254709687919598,0.0,0.0428462987432876,0.0288121446906348,0.0250062041078491,0.0383263988684157,0.0118872555298794,0.0286054293946065,0.0326824605075104,0.0110744192057614,0.0203225425711128,0.02280832819047,0.0075248300437211,0.0136090723173882,0.0044751830756712,0.0153450662448091,0.0269255072667276,0.0148353700837826,0.0171231226407515,0.0175470458466651,0.0145153381650624,0.0031575768114879,0.0366666666666666,0.0097996434226439,0.0140424203423954,-0.002951605554565,0.0137378120949107,0.0085339368167465,0.0250308138957526,0.030327868852459,0.0217334045931922,0.0079794549024874,0.0112137310993052,0.021109938336759,-0.0108994117385129,-0.0062107106413534,0.0194118802803064,0.0159099632884855,0.0188287282458623,0.0044326056645787,0.0175002390743044,0.0096508117616296,0.0179040909939596,0.0057036042944786,0.0019082180221814,0.0234889591736064,0.0148536826889149,0.0413774150315477,0.0089511807314057,0.0190600634975486,0.0110294117647058,0.0283720560012028,0.0183429741185263,0.0188773073495454,-0.0182060154378493,0.0219469692334537,0.0206832664523148,0.0088078899682144,0.0178716864448502,0.0099425282171115,0.0050002780741094,0.0257492489802382,0.0077623377555471,0.0244890804479183,0.004084892042139,0.0055202086314145,0.0158752875031944,0.0093926560660184,0.0063218349751055,-0.006785820529519,0.025938202205251,0.0116640605661779,0.0014014708219554,0.0060842409398351,0.0285868014129646,0.0098269246694455,0.0191296446390158,0.0278990487711001
2023-07-24,-0.0117605047018211,0.0,0.0388213409538187,-0.0012827067254855,0.0,-0.0046085286764971,-0.0195759720893019,-0.0172148331144147,-0.0269646032298865,0.013522805409122,-0.0438211818153138,-0.011149854553307,0.023290085095976,0.0411437546139297,0.0157958687727823,0.0087510873940197,0.0262537175674288,0.0059038085540688,0.0168348573143191,0.0187615487989247,-0.0054224764628768,0.0259383610386292,-0.0096463022508037,0.0009753929351921,0.0116111763855815,0.0059405547166813,-0.0012231225763409,0.0120266519002689,0.0437272758357363,0.0437549721559267,0.0115328014095648,0.0102610312431585,0.0141042013546499,0.0122719889326712,0.0293870486899627,0.0288771138098014,-0.0098577614452568,0.0105939284728178,-0.1439876362739008,0.0080232461774334,-0.0070757250268529,-0.0079635079458503,-0.0158639664873707,0.0226850307391699,0.0308751727061051,0.0306045786377491,-0.0009757520019738,-0.003311413894201,-0.0036937905962595,0.0028081850646943,0.0167272727272727,0.0105824883682927,0.0207109105543901,0.0208906178268539,0.0055576641544217,0.0221386503938123,-0.0051525202987322,-0.0024440878104802,0.0286920632337452,-0.0073254183081855,-0.0110894230414499,-0.0076649051330899,0.0028870859058711,0.0050625522107148,0.0098005628288266,0.0013724758050681,0.0132188881509656,0.0217890498445039,0.0038225105766773,-0.0288586855334203,0.0088810463699042,0.0193770924216292,0.0251046025104602,0.0302352988986873,0.024896328473849,0.0029193887871414,0.0721432738560436,0.0090454895583702
2023-07-25,-0.0059582600595826,0.0,0.0593257727142968,-0.0025717736348755,0.0124416087501426,-0.0072869424688248,-0.0052576941550761,-0.0053903345724907,-0.0036170453260992,-0.0088934697143652,-0.0270775592802779,-0.004155680661312,0.0377801337165477,-0.0145455264525751,0.0227272727272727,-0.0007980126909761,-0.0227174311315412,0.0005607778654321,0.0254865112522715,0.0199103416293089,0.0014844992976918,0.0590045264964562,0.0,-0.0009744424708901,0.0375267848824569,0.0004937686397661,-0.0049402301729776,-0.0184854055059258,-0.0087088513598365,-0.0060975609756097,0.0060915865836639,-0.0063849098794938,0.0620960093092206,0.0082996790688389,0.0349768942578221,0.026563501059583,0.0022631774284387,0.0077507118000632,0.0175558606671519,-0.002785014361836,0.0081403053290602,0.0003975152331396,0.0021005969322216,0.0314320331795516,0.0073741429761422,-0.0116637323943662,0.0146505753578445,0.0199344947280226,-0.0059336502410284,0.0186617634626764,0.0100143061516451,-0.0115950045741761,0.0179412690046294,0.0231044504823485,-0.0147475128737429,-0.026208347795904,0.0079406314049723,-0.0035016899620681,0.0029135429209254,-0.0058855821236692,-0.0199857220617885,-0.0110806385591485,-0.00096141240222,0.0048668135389544,0.0068701457634099,0.0214709706027591,-0.0112687246544731,0.0046649397994915,-0.01387764338169,-0.0195385436116298,-0.0027082972707865,-0.0071948763581867,0.0217593244194229,0.0309239233542022,-0.0079073311093194,0.003881187687041,-0.0250356772517735,-0.0117952659898746
2023-07-26,-0.0033201121244678,0.0,-0.0207501408657733,0.0206333840409349,0.0019271454615021,-0.0026692479173998,0.0084526201564878,0.0081337711687179,0.0102854982038191,0.0067310519133476,0.0171259976034907,0.0080461289896061,-0.0024801294391363,0.0033424778482009,-0.0116959064327484,0.0071105615024926,-0.0174511742049832,0.0080982236154649,0.0310474344217603,-0.0112259642102922,0.0044601906382526,0.0094051257935574,0.0032467532467532,0.0038892249947528,0.003406226990009,0.0039284586228678,-0.0074401432087716,0.0011222158662378,-0.0010961046972768,0.0069018404907976,0.0058604221077847,-0.0017510920619266,0.01824280718606,0.0139194529685442,0.0017230775009271,0.0044287085933747,0.0124141895688696,0.0,0.0051283528767755,0.0095789685218297,-0.0039031587418684,0.0008006452607731,0.0055948766412643,-0.0179366119231031,0.0123504561187763,0.019309452237809,0.00577561407391,0.0065149591570381,0.0022394531019793,-0.0146579804560259,0.0014164305949009,-0.001132205432864,-0.0043310025929821,0.0,-0.009358581436077,0.0140126849329105,-0.0061652731552885,0.0098384451035498,-0.0037332234982757,-0.0067804281899244,-0.0016143683978302,-0.0033982772679672,0.0086446349678492,0.0087796225061289,0.0101085465354162,0.0017906913647238,-0.0041985997971011,0.0274156391372333,0.0022086452686229,-0.0342957219615044,0.0095065902475186,-0.0181145960480462,-0.0093255826767314,-0.0034709948727665,-0.0119592609713544,0.0512323456106342,-0.0004949322100828,-0.0066895552813688
2023-07-27,-0.0186983303614847,0.0,-0.0190633443410387,-0.0341183165767865,-0.0039676188390292,-0.0234110761448193,-0.0205374013417014,-0.0221829898044755,-0.0227476887375079,-0.016880745141283,0.0052680129366393,-0.0082762283176893,-0.0136864662633343,-0.0233136862194972,-0.0331360946745562,-0.0188148318688206,-0.0325389391889547,-0.0049848052957666,-0.028908017274303,-0.0256652632439503,-0.0024683514985474,-0.0136185151908422,-0.0226537216828478,0.0164436463816597,-0.0072069492172586,0.000983187493855,-0.0062559882770669,-0.0080614343165978,-0.0038433331679101,-0.019040365575019,-0.021363833069688,-0.0190171616743715,-0.0137815150822837,-0.0124816942660809,-0.0196196064830003,-0.0132394938402895,-0.0171677771667539,-0.0113059650024019,-0.0276034052799039,-0.0027662940846221,-0.0132634924054724,-0.0128297056575149,-0.0222499937514059,-0.0175971292526394,0.0185300570195876,-0.0194693044433976,-0.0086136718664054,0.0258911567990784,-0.0119198622369691,0.0250986997947044,-0.0212164073550212,-0.0098479918285372,-0.056297998427768,-0.0519341719911724,-0.0415999116070936,-0.0109673549824351,-0.0051702802814658,-0.0069595189205045,-0.0262524794497049,-0.0076743592548034,-0.027920180519305,-0.0323667203827688,-0.0080935008050133,0.0037341815918678,0.0314339155090661,-0.0026787736731699,-0.0207822686665524,0.0157097746352548,-0.0060568116771609,-0.0784488071133021,-0.0171541762485044,-0.0142329519863074,0.0067297932396168,-0.0186733561394624,-0.0236345251211156,-0.0296545383169074,-0.0032107506150208,-0.0120164395694604
2023-07-28,0.0176918057700725,0.0,0.0151236929354756,-0.0052310320533204,-0.0077272214704556,0.0082216533654568,0.0115537052806424,0.0137489618315098,0.0110305734557676,0.0129588579535377,0.02407933577296,0.0086420748721751,-0.0302795683435965,0.0059675470748781,0.0024479804161565,0.0064005631452705,0.0275018824626196,-0.0002793732568766,0.0024807139615792,0.0005086816753983,0.0019769138914687,-0.0218020191115571,0.0033112582781456,0.0095105572024924,0.0051259554829095,0.0234947451134466,0.0176100272232304,0.0042891212621538,0.0132350987512177,0.0077639751552793,0.0023833852564889,0.0107354735421898,-0.0130400017934673,0.0158031225996821,-0.0035138546268144,0.0014894467250334,-0.0018139090651211,0.0064031635765349,-0.0200374366230396,-0.0063412287346202,0.0134417773168302,0.0048744177111847,0.0149339959303456,0.014962067996628,0.007541408346442,0.000536081038744,0.0202731943319387,0.0,0.0067842143743728,0.0081545461081042,0.0072254335260115,0.021419679466532,0.0169122986885386,0.0125857676879082,0.0256513719160711,0.0015527225957789,0.0145487386851124,0.0199725280811751,0.0,0.0695942098205264,0.0089197207305506,0.0137351435107886,0.0014373469744666,0.0037202893558387,-0.0079005272793426,0.018352474152488,0.0258381518768284,0.0002104637064488,0.0024907586375695,0.0215038355353032,0.0075915228602145,0.009625635870724,-0.0534093891137107,-0.0396205814620768,0.0011825081538963,0.0037901573021745,-0.0007425160460093,0.0486612950835803
2023-07-31,-0.0066874974637828,0.0,0.0234153204532321,0.0165684738326541,0.0025555501890739,0.0122244459047733,0.0192475576803159,0.0067767932677322,0.0090823854757597,-0.0047968557835811,0.0316963370002914,0.0050244024127366,0.0186483793301934,0.0042368322336567,0.0337810337810338,0.0055438260171236,-0.002966219988833,-0.0033439430108748,0.0123728762410597,0.0096181061503464,-0.0014764496351911,0.0282371402459002,-0.0165016501650164,0.0169721086886169,0.0123220595356958,0.0095775512946008,0.0148390692489899,-0.0098933577866352,0.0076209935153266,0.030046224961479,-0.0063355972334725,-0.0103276489748993,0.0254781410421431,0.0024855694724152,0.0306567452035868,0.02383197910621,-0.0168189260499118,-0.0054541891136106,0.0009725992715532,0.0011949585112465,0.0010099105892491,0.0004062223709049,0.0035009948870361,0.0406025791865642,0.0127708642655604,0.0059006902694276,0.0340525960890087,0.0567814326402831,-0.0052354252516381,0.026079072562982,-0.0028694404591104,-0.0108581242036451,0.0526152178753114,0.0453653858202445,0.0057606924071262,0.0101846183873171,-0.022533877696357,-0.0048111906339258,-0.0055600722673894,-0.0008072064645214,0.0071921469530566,-0.007989702725475,0.0047970137361588,0.0248766951354637,-0.0068283028203859,0.0048339159567709,0.0280726065316423,0.0182172900723203,-0.0052491930532566,0.0517628354998596,0.0123233068564898,0.000531000150852,0.0197560406209875,0.0226229069300476,0.0100201483723048,-0.0061357501577689,-0.0099216737800201,0.0296966221851542
2023-08-01,0.0074025050861583,0.0,0.0082975328341721,-0.0113845499357247,-0.0327676523222583,-0.010734125666733,-0.0172220409495065,-0.0033611661477498,-0.0024026729736831,0.0044989379340067,0.0128812849892743,-0.0061735270250918,-0.0038339551105225,-0.0109687096419243,-0.011023622047244,-0.0031559557393309,-0.0089601344020159,0.0005607778654321,0.0097773273318033,-0.0030110943251254,-0.0844876172794483,-0.0101209991866306,0.0100671140939596,0.0009193018020672,-0.0125972998192792,0.013745247148289,0.0158303013661014,0.0061325924039983,0.012968846575075,-0.00074794315632,-0.0043844357547223,-0.0146076552244874,0.0142647243408471,-0.0186179547881675,-0.0030768944313331,0.0,0.0039299399371526,0.0246808551543815,-0.0080261645451379,0.0139416918320207,-0.0020312352869961,-0.0005016003439546,0.0030671151046635,0.0,-0.0108717556021279,-0.0053334255672384,0.0,0.0238816865789353,-0.0015109843468812,0.0499587978912463,-0.0007194244604316,0.009465135816298,-0.0209718486355328,-0.0163941984085271,-0.0057276969070435,0.0039475879754451,-0.0171130521173986,-0.0031065616110468,-0.0103284295245924,-0.0120577189167819,0.0041651680366339,0.0024499342700561,-0.0014338630660771,-0.0413126674320702,0.0151220312756428,0.0104994981857484,-0.0134462864807844,0.006448975374393,0.0036129749473934,0.0,0.0013541759714157,0.0047644032735671,-0.0069251681213334,-0.0138794032387803,-0.0040814142788354,0.0127634597940344,-0.0015036991533345,0.0049560335532079
2023-08-02,0.0053448177976753,0.0,-0.0102987363961726,0.0054974524001072,0.012422524028355,0.002035885274509,0.0044354294844528,0.0025116262558131,0.0041583562262446,0.0006392014360141,0.0019628910285549,-0.0174572933510509,-0.0128209038066251,-0.0028457831466398,-0.0218949044585987,0.0,0.0331273176761433,0.0022323548969316,0.0218007380073799,0.0030201883972693,-0.0113345838795418,-0.0291910207539177,-0.006644518272425,0.0046276125993525,0.0246607133244411,0.014965399546162,0.0059874574255285,0.000674800952056,-0.0042711712001026,0.0014970059880241,0.0054039074407647,0.0048398874840771,0.0122514941290374,-0.0012708317479643,-0.0137183306407178,-0.0152819604369647,0.0135847242509647,0.0013368294158759,0.0031884760447749,0.0074686312414062,0.0050951636383242,0.002025331580834,-0.0031378083384628,0.0070942425787572,-0.0026383074086524,0.0187636050045552,0.0054902868201562,-0.0291558181135294,0.0022614047914575,-0.0208689896458796,0.0007199424046075,0.0138789306565605,-0.0070398134673628,-0.0022873213030232,0.0692126117012308,-0.0120105146676113,-0.0010655502956586,-0.0103886910322279,0.0017393698799881,0.0431302955964993,0.0022224590670913,-0.0041896230190831,-0.0114656194589184,-0.0075447595856371,-0.0002251836112521,0.0160201314080525,-0.0154446270518583,-0.0101281530516138,0.0019348481252112,0.0258480416129462,-0.0047314222098524,0.0042136095988667,-0.0097397919488227,-0.0162756158185133,0.0105523280354251,0.0044783511238026,0.0042664512487726,0.000901690543835
2023-08-03,-0.0279050630869018,0.0,0.0,-0.0515355535776863,0.006072830558333,0.0067650539194892,0.0016785369355596,-0.010118715640188,-0.0072048269529859,0.001277586237071,0.0292928876332665,0.005422792020935,0.0030336918980038,0.023389099963005,-0.0065120065120065,-0.0126637893158969,-0.020408163265306,-0.0139329889578693,-0.015413061377786,0.0015055471625626,-0.0065490667213642,-0.014292694844857,0.0133779264214044,0.0036920696687685,0.0278030727561409,0.000923855804586,-0.0095256008921014,-0.0137544574630666,-0.0133898815283062,-0.0104633781763826,-0.0187105342287261,-0.0141499134776134,0.0197261495534109,0.0133035666664127,-0.0093879599295549,-0.0029503124212951,0.0079509029786568,0.0057898780190748,0.0056218653822441,0.0007806086733177,-0.001005820347075,-0.0088839070111315,-0.0076859744771428,0.0211107931406433,0.0233581860892655,-0.0236812822980878,0.0200211299281372,-0.0510501157323927,0.0037576765174907,0.0588229613319428,-0.0014388489208633,0.0166481453418869,0.0141835528260367,0.0127735340267403,0.0377933717049068,0.0422113711723119,-0.0149420489664098,-0.0083959867404619,0.0108533311342624,-0.0280872639935951,-0.0137479929778194,-0.0024585047160534,-0.0028996511615112,-0.0303883514671278,0.0060928773974462,0.0102218733991605,0.0015385234197453,0.0365417568542569,0.0060768998837026,0.0731720001386817,0.0033951413984971,-0.0015719793192073,-0.0028226393132547,0.0062600716554279,-0.0011619253026321,-0.003755533642448,0.0099908907367849,-0.0412189536727144
2023-08-04,0.0054690158261201,0.0,-0.0104305043050432,-0.0008239629347466,0.0183530176554851,-0.0107557881664153,-0.0052437276355274,-0.0477123130857838,-0.0664653423300146,0.0060695308676503,0.0151762549210134,-0.0131791765121532,0.0038807441172845,0.0222979641488212,-0.0311347808275297,-0.0232573358113237,-0.0089335566722502,-0.0048060748786464,-0.0048122065727699,-0.0130215487971137,-0.0104413998554722,-0.0144910858134306,-0.0033003300330032,-0.0146905982506744,0.0084793411898336,0.01011611378782,-0.0192615501478528,-0.0061760508948213,-0.0499441553842383,-0.0166163141993958,-0.0064911021850653,-0.003665933920632,0.0197818007433161,-0.0037521900307543,-0.0147434825204902,-0.0037048174655679,0.004958878538501,-0.0075263608927307,-0.0114236094602,-0.0042874827645206,-0.008135210965083,-0.0077363155646729,-0.0183089399634732,-0.0017031000732979,0.0124903939239697,0.057678054510621,0.0294422282157249,-0.0316469909446763,-0.0224701060548443,-0.0209323324729339,0.0043227665706051,0.0036394652180573,-0.0419596271154881,-0.0297521581215414,0.012130574619495,0.0086929004086278,0.0003595290169877,-0.0172911305796432,-0.0034354137679418,0.0,0.0044968845287021,-0.0217996030980639,0.012117934653651,-0.0063365966979175,0.0074049412196914,0.017715418182495,0.0144345492089947,0.0126923152218598,0.0021977316269992,0.0128822265656549,-0.0087932112550246,0.0010476407131139,0.0,0.0007404715307159,-0.0063866185135905,0.0054176143543087,0.0103878499866822,0.0098107661216242
2023-08-07,-0.0020386939152828,0.0,0.012653507681599,-0.0041199396571189,0.0027822147276608,-0.0054401028239214,-0.0016897407854702,-0.0064424639137499,-0.0071167182224379,0.0238015610001867,-0.007469755876142,0.014176337078873,0.0025832975394242,-0.0098169082071372,-0.0139534883720929,-0.0131316244355412,-0.0029929577464787,-0.0093736417636549,-0.0072532138223847,-0.0091334513311519,-0.0099926973576357,-0.0038714081685813,-0.0397350993377483,-0.0139851851851852,-0.0032044061993151,0.0086624390065608,-0.0098060911178113,-0.0048309540012414,0.0217114544265906,-0.0076804915514592,-0.0130670237565894,-0.0018413701120747,-0.0129320479661416,-0.0156842025813269,-0.0103317811408615,-0.0148623033551862,-0.0015719103985346,-0.0102676727859742,-0.029006748581178,-0.0125236271011696,0.0,-0.0020552554518833,-0.0078899631011521,-0.0259140086811929,0.002740306658058,-0.0315997540772277,-0.0260001593879501,-0.016340627151843,-0.0022995262630104,-0.0090456849008795,-0.0014347202295551,-0.011967920527397,0.0066925524228813,0.0063298703906449,-0.0188410148626332,0.0050448796366675,0.0046935902756681,0.0025163277507436,0.0012915842372149,-0.0144408978583195,-0.0094004775907184,0.0007186017062408,-0.0052667448136738,-0.0015029275776773,-0.0153676964979657,-0.0343981130178002,0.0054501666061825,0.0049724848677512,-0.0041081504423202,-0.0134679329234744,0.0105762506578614,0.0110275869080296,-0.002816038286448,0.0050318691519815,0.0029230592646438,-0.0046867226978764,0.0019601599448753,0.0083275286681152
2023-08-08,-0.0122654227559568,0.0,0.0353258868295076,0.0195808469808891,-0.0066334384449305,-0.009572253987813,-0.0069728924263899,-0.0036013044094711,0.0045612820460607,-0.0065120462249222,-0.0009444748222896,-0.0003011979907179,-0.0111511649968479,0.0187231099748883,0.0227272727272727,-0.0008418308463115,0.0301253752428041,0.0028664888923555,0.0109593109593109,-0.0066521785222092,-0.0011215065822651,-0.0100993705927969,-0.0068965517241379,-0.0066109742172004,0.0028135752179392,0.0,0.0235358205411142,0.0002291940634979,0.0083911452369727,-0.011609907120743,0.0012422295546463,-0.0055276532236887,0.0039304430681277,-0.0184798944882372,-0.0298779591236583,-0.0332124123731554,-0.0220104718517449,-0.0027026001858631,-0.016202321767943,-0.0047597600671484,-0.0092170264600391,-0.0094590653933075,-0.0021712819394016,-0.0070942425787572,-0.0162887743115118,0.0078983117955859,0.0071184568494691,-0.0066448315760074,0.0115241313577678,0.0165925563817885,0.0079022988505745,-0.0154114665319398,-0.0006043690848424,0.0009929165617532,0.0,0.0010474867650047,-0.0086236266076143,-0.00501624902336,0.0034428098415308,-0.012214763932057,-0.0003019929759987,-0.0125708781224685,0.0004823265679723,0.01109032183884,-0.0167360142591768,0.010301225637554,0.0,-0.0152411851832854,-0.003810531508377,0.0599013902360168,-0.0050651333342844,0.0015556515104018,-0.0028239907525275,-0.0064791143728901,0.0052415939939114,0.0054190561372124,-0.0065983646058825,0.0399276199117415
2023-08-09,-0.0082729053974847,0.0,-0.0542040119504907,0.0043282509418698,0.0057065567983167,-0.0131088841517535,-0.0055317369026457,-0.0072381277629157,-0.0051892242515151,0.0034332271481156,0.0131953428201812,-0.0024265082255064,-0.0056384578724879,-0.0032440072113778,-0.019287211740042,0.0108307173821462,-0.0467978606692265,-0.0062901947821522,0.0036135021592877,-0.0051546116699128,-0.0044910630858727,-0.0117692069449253,-0.0798611111111111,0.0123661443523503,-0.0040057015048142,-0.0121935752722266,-0.0157345997434427,-0.0441491899282899,0.0,-0.0046985121378229,0.0035113820799868,0.0012366806155326,-0.0117451655000593,-0.0045468039561881,-0.0404427738539109,-0.0390310067692619,-0.0064313680028242,0.0018066160180281,-0.0074621328556438,0.0007970872887719,-0.0165564723239167,-0.0087214116175089,-0.0036232072672374,-0.0125036282849934,-0.0174278876181054,-0.044390561079353,0.0150198029856809,-0.0066856293656502,-0.0098680829193078,0.0351032939392257,-0.0199572344975053,0.0081974165203599,0.0114857572410664,0.0079449454200284,0.0034937393211436,0.0054307676531339,-0.0043514680298115,-0.0118773946360154,0.0231569704019878,-0.0008285004142503,-0.0022603006270912,-0.0127309169275522,-0.0033691799470791,-0.0085495709707433,-0.0009181385329793,-0.0144414820090622,0.0322185836816926,-0.0090461989903329,-0.0175574573443134,-0.0014336808229936,-0.0400390064819595,-0.0062188467080862,-0.0071019809244313,-0.009043947751266,-0.0220258967469678,-0.0089010989010988,0.0029526681526157,-0.0410418350097411
2023-08-10,-0.0007007885982539,0.0,-0.0021309667067789,0.0035009466354329,-0.0201634162914426,-0.0020985310282802,0.0051366441993248,0.0109315725602239,0.0084764757422008,0.0028001668184487,0.0288363322071187,-0.0021238938053097,-0.0065418466556287,-0.0496195564189735,0.0684053014108592,0.003293719079372,0.012300830845592,-0.0008609598724212,0.0060154557695686,0.0025906596795735,0.0011278309313309,-0.0063602676843094,0.0150943396226415,0.0093943848829287,0.0080379668073262,0.0036500366837857,0.0122980935875216,0.0024169018069779,0.0,0.021243115656963,0.0030895716588823,-0.002777425406766,0.0013205282112844,0.0078245173442159,0.0007739734321774,-0.0032450829079109,0.0219594012277748,0.0049639802959406,0.0132236568096626,-0.001192109468535,0.0010556728525392,-0.0004207269914927,0.0032706544966274,0.0018088497976349,-0.0004424081240368,0.0229498901410447,-0.0017408878528049,-0.0404058226731363,0.0191715402983008,0.0504761734593599,-0.0167272727272728,-0.0199630687434541,-0.0002989338027701,0.0055797790690008,0.0278271918678525,-0.0153779546570973,-0.0003624095054837,-0.0061962768591709,0.005025592475768,-0.0115468755513212,0.0049849951467983,-0.002950912447281,-0.0004837237937138,-0.002815344671178,-0.0122059698503119,-0.030176246012238,0.0067105133495029,0.001014065504689,0.005474959093034,0.0078812918598167,-0.0137847325963549,-0.0349495753873216,0.0014335116602133,-0.0118173289421518,-0.0231195480085678,0.0066156632294784,-0.0132426609774206,0.0211691359684038
2023-08-11,-0.0006928308901187,0.0,0.0212798030299223,-0.0110034183825198,-0.0204560528651854,-0.0049068696174643,0.0108537025510124,-0.0050474975187863,-0.0058190047077365,0.0068196092410586,-0.02260577363678,-0.0173527602669956,-0.0026314635323011,-0.0470764106916817,-0.0344137655062024,0.0172453067842259,-0.0060756795167878,0.0129549026423887,0.0226667636575252,-0.0160227260568578,-0.0033796810851272,-0.0039982930720992,-0.0074349442379182,0.0037298852616249,0.0255321059217652,0.0163928434364664,-0.0255163534761408,0.0079624264426261,0.0238507394564146,0.0007704160246533,0.007798328708082,0.0021658643706943,0.0307693392666981,-0.012942211700943,-0.0085018624129296,-0.0065245298500549,-0.0149278904786371,-0.0017944504259458,0.0017891538804086,0.0167300301984247,0.0084087250929678,-0.0054469939402193,0.0018122640281212,-0.0119619924616877,0.0053214220304835,-0.0112175045729173,0.0392282635930845,0.0105267996690263,-0.0097874435503038,-0.014262144509457,-0.0162721893491123,0.0060388080328594,0.0005980463818193,-0.0022850828108391,0.0287550995178638,0.0206832403179435,0.0305915458916348,0.0047669634751703,-0.0492078933352113,0.0333853911025834,0.0009002558995114,0.005176002090222,0.0724616958324626,0.0564344943690984,-0.0011629224539453,-0.0133294768217114,0.0043449155646495,0.0166155771582856,-0.0014312127893756,0.0056828944875924,-0.0204302663319057,0.0059424841431121,-0.0085592432448385,-0.0083259680030189,0.0072771762014094,-0.001877766821224,-0.0109350283907994,0.0815695287465132
2023-08-14,-0.0020883887277738,0.0,-0.1895940959409595,-0.0122122348680807,-0.0145938871940696,-0.0063399416322834,-0.0098988895443301,-0.0007220148013034,-0.0052027233004775,0.0092391602142876,-0.0305223472417565,0.0111512590291416,-0.0365293648350681,-0.0107779079085248,-0.0236220472440944,-0.0024237314927024,-0.0609852005433617,0.0119385382782404,0.0034996372327258,-0.0078781255606843,0.0056519034396953,-0.0136357285893913,-0.0224719101123596,-0.0055681389203473,-0.0404526228817501,-0.0094037686996548,0.0174563240523408,0.0035899869313584,-0.0130039577262645,-0.0046189376443418,0.0020383361023936,-0.002779141739569,-0.0132183908045976,-0.0183582501676462,0.0070147511408256,0.0008125965791017,-0.0107920017490574,-0.0143956023161639,-0.0074068618683387,0.000394670930462,-0.0041693040151912,-0.0092732625080129,-0.014471885347736,-0.0276172419306941,0.0101513081321795,-0.0507816605820234,-0.0125857130457425,-0.0138895206902303,0.0114015310627426,-0.0045726315062939,-0.0406015037593985,-0.0015017064846416,0.0047815114889093,0.0026188453614053,-0.0049269371274754,0.0047574271370105,-0.0194358128198469,-0.0007304910822416,0.0017546296296295,0.0040415903830874,-0.0351297468802673,-0.0044098863916464,-0.007656017640121,0.0001781649015142,-0.038510681489796,-0.0180210170670509,-0.0095199768602939,0.0149493688594271,-0.0002873803642818,-0.0699642117159541,0.006583576238818,-0.0010712864619998,-0.0057603858118869,-0.0265996118511575,-0.0150565112115405,-0.0007041735419929,-0.012309662348239,-0.1445822607067634
2023-08-15,-0.0090742717706269,0.0,-0.0257110767082535,-0.0343400883133716,0.0379164014744439,-0.006372602483601,-0.0053151180353401,-0.0057993059846935,0.0026149665978876,-0.0067114093959731,-0.0044429220524083,-0.0260394489463029,-0.0219335993532064,-0.0169489941208176,0.0080645161290322,-0.0323641261289811,-0.0097456981879091,-0.0087073647206047,-0.0116247749471922,-0.0238220497813436,-0.0039378691752351,-0.0065155192113387,-0.0383141762452107,-0.0037249691563064,-0.0012146164549166,0.0058809649138729,0.0036744899227805,0.0009533885988675,0.0,-0.0116009280742459,-0.018090215675287,-0.0198063247594132,0.0203081232492996,-0.0093548075995757,-0.0023237187931416,-0.006548736173781,-0.0099830642068937,-0.0127771298016231,0.0180140550968275,-0.0207626282806722,-0.0031366154951568,-0.0017024003216342,-0.0055066485924815,-0.0587295621123848,-0.0126693251042,-0.0073969083580636,0.0314404594467885,-0.0246490243414881,-0.0015002415643196,-0.0091786057879819,0.011755485893417,0.0003759912496581,-0.0020819563780568,0.0071806730359642,-0.0016665459024708,-0.036428025173101,-0.0147728971363898,-0.0032857654025062,0.0078843140970241,0.0136757723801004,0.0112028420903897,-0.0070177491886148,-0.0063560307363177,-0.0249287467342251,-0.0317941329888968,0.0050496362035641,0.0230129507364142,-0.017280170320687,-0.0091915376722049,-0.0098753230340492,-0.0003610149898032,0.0080647138129672,-0.0028893945745253,-0.0098536661646213,0.0776745675848815,-0.0084770719394192,0.0010171174078965,0.0428649595097396
2023-08-16,-0.0014022487281432,0.0,-0.0105309072781654,-0.0355612653044621,-0.0014748648279923,-0.0149830646678793,0.0085538345137765,-0.0145732727707387,-0.0052162927644313,-0.000306934189946,0.0195308547025845,-0.0220207428133282,-0.0093395018932324,-0.0274021228246434,-0.0332631578947367,0.0008324122214489,0.0164155005382131,0.0014165943914425,-0.0058807498673244,-0.0119294227282168,0.0349901921431112,-0.0049139348547205,0.0039840637450199,-0.0149913076611654,-0.0077133444856153,-0.0044932060559034,-0.021979988163563,-0.0028574415444123,-0.0005452983167357,-0.0226917057902972,-0.0004195450672183,-0.0094727777246195,0.003812254938603,0.0033748701973002,-0.0007710955366244,-0.0024786633975106,-0.0208667866278271,-0.0249660879331385,0.1185542858630293,0.0088013801225166,-0.0073464182745619,-0.0046817186438118,-0.000737224535257,-0.0442497753818509,0.0,0.0028633050721404,-0.0230675264907246,0.0722055809553838,-0.0173084105802859,0.020845361185465,-0.0123934934159566,-0.0157643420917756,0.0295021028578998,0.0220344575972635,0.0049837905840228,-0.0179399249971654,-0.0135335477662277,-0.0065931944953774,-0.0130316161129834,0.0063468359156244,-0.0138479573763827,-0.0107846159425545,0.016449369952207,0.055323813293548,-0.0132892070089022,-0.0004581244084657,-0.0301839957801979,-0.0025980079062301,-0.0014506485684485,-0.0023073146784486,-0.0039994928596951,-0.0005288882404436,-0.0043541582211011,-0.0039171028816162,0.0289418932976668,-0.0045081358593037,-0.0442172631305137,0.0509092626210687
2023-08-17,0.0028169978851109,0.0,0.0159959695194911,0.0215344385827407,-0.0112108590725261,-0.0275166556557593,0.0093304576144037,-0.0184956963057126,-0.0104975317998403,-0.0411333975429313,0.0153253662603725,-0.0270178261946025,0.0141446903577893,0.0075991358101128,-0.0126306620209059,0.003340514302855,0.0,-0.0033921302578018,-0.0177610411346289,-0.0181130188743565,0.0005488193067315,-0.0090549601696373,0.0079365079365079,-0.00189790022122,-0.0425316455696203,-0.0393162703016241,-0.0274556712637208,-0.0066942357349486,0.0104324535830213,0.0056044835868696,-0.0010506063797616,-0.0006382479576066,-0.0105471235732951,0.0147800776196636,-0.0046618568143979,-0.0016520711330789,-0.000716975845331,-0.0151737274613052,-0.0027134263407141,0.0027750755209667,-0.0084620325634653,-0.0034266494701969,-0.0118202180397651,-0.0126387256822039,-0.0039830125782015,-0.0217212354926027,0.0143359795283375,-0.0505072783414204,-0.0237377445687383,-0.0249612256964378,-0.0243137254901961,-0.0175443164312525,-0.0075270503371491,-0.0031695649010478,-0.0164901299951854,-0.013050496337104,0.0085250742648221,-0.0154849289092159,-0.0220076843381666,-0.0236589602198952,-0.0209081289966417,-0.010902191895075,-0.0116858531593758,0.0129736487786111,-0.0053300746210446,-0.0333324938930722,-0.054021282177616,0.0098176657407167,0.0014527560068702,-0.0630730371172234,0.0120466591061634,-0.0080105103735196,0.0,0.0140881799481784,-0.0237154721068785,0.0083431895917911,-0.0186140129555345,-0.0111134964577602
2023-08-18,0.0098446038251365,0.0,0.0209818384677369,0.0005780187718478,-0.0144506358425222,0.0171310240963855,0.0039898215677467,0.0082950219981214,0.0066344432139271,0.0074172197049779,0.005660266687522,0.0148753671130337,-0.0092960606201355,-0.0025128634677515,0.0149977944419938,0.0,0.0064298952305306,0.0224835730390238,0.0012045007197625,0.0067064773345368,0.0043588918468244,0.0149499739749003,0.0118110236220472,-0.0019015090957538,0.0123852218643336,0.0098681107190701,-0.0051368128608429,0.0055353366352501,0.0157625473149127,0.0159235668789807,0.008622466954604,0.0175440413434553,-0.0041940339354131,0.00529846702999,-0.0054589964580246,-0.0057985443097579,-0.0079088869829122,0.0125163923220641,-0.0088367957923132,-0.0031605498029124,0.0014505407841371,0.0060140836135254,0.0078526579259745,0.019200761683108,-0.0013295840083137,0.0146077807089359,0.0016627486956022,0.0638288811459544,0.0031411203624232,0.0248268710233066,0.0217041800643087,0.0298893119318734,0.0058339511649672,0.0025409772498141,-0.0050177456859623,-0.0046261962778543,0.0117645008365867,0.0,0.0022469668322993,-0.0048447269335727,0.003505224005428,0.0049389808834567,0.0140966836813931,0.0220357166592297,0.0028034818067754,0.015589260500086,-0.0037236579104901,0.0055552460976162,0.0063755086451309,0.0082102812327675,0.007215139214453,-0.0016371127952322,-0.0014627599414896,-0.0111460611284717,0.0073451635094052,0.0082794403584411,-0.0176093870512076,0.0089917251894522
2023-08-21,-0.0034834662179872,0.0,-0.012840360622894,-0.0225125165052817,-0.0326132194374669,-0.0131810829732273,-0.0035575479652059,-0.0052361154690931,-0.0072487610273703,0.0003352578001862,-0.0084474730487698,-0.008141802479454,0.0009376590671632,-0.0050416299216683,-0.0291177748804868,0.0166605514560995,-0.0128152128978916,-0.0206340362441332,-0.0108274647887323,-0.0044431160440748,0.0358120703716651,-0.0049099214602505,-0.027237354085603,-0.0028637648800494,-0.0105479346348587,-0.0074361944620903,-0.0090322017628065,0.0023908843161875,0.0021370733907515,-0.0313479623824451,-0.0156408073709729,-0.0078370703606071,-0.0038681662967976,0.0085676016263385,-0.0059855300744855,-0.0102167852986548,-0.0060378341382855,-0.0085561550809358,-0.0923646653890883,-0.0063462631829659,-0.0149343983349974,-0.0123850723303358,-0.0040822634712029,0.0104574824194929,-0.0053407195433606,-0.0143974656874098,-0.0307097882083571,0.0166674551561754,-0.0086088275764738,-0.0287703772306691,-0.0180959874114871,-0.0184672919641977,-0.0098601930954481,-0.0069802151398773,-0.0168265682656827,-0.0092998297026893,-0.0334275034021809,-0.0003749575705908,-0.0071808094644489,-0.0146136156549659,-0.0074635531382508,-0.004536652835408,-0.0116596644017785,-0.0228982814677195,-0.0012707473949679,0.0209266413228057,0.0118373526695996,-0.0118395513881697,-0.0077765775760141,-0.0171029213873333,-0.0103875757782166,-0.0027329955473667,0.0043796061374894,-0.0003266253773356,-0.0129016624566762,-0.0140752812698148,-0.0060691066592565,-0.0385585333146527
2023-08-22,0.007687021152035,0.0,0.0468634686346862,0.0097442914985454,0.0608912552633185,0.0281902618424378,0.0248576027736502,0.0067619517003449,0.0066388408438888,0.002341665542261,0.0596066743789336,0.0338246343330219,0.018280605963278,0.0056993518575847,0.0134288272157565,0.0032748319142394,0.0292370945637276,0.0204757588614186,0.006081101124262,0.0172917484584653,0.0209496224849907,0.006585226188204,0.016,0.0066931960619667,0.0162035370623665,0.0220427678638657,0.0286351694479913,0.0070896130188256,0.0213573089576391,0.0080906148867314,0.0120779930817676,0.0060045889284408,0.0698904706726259,0.0111037766985713,0.0108345329924153,0.0120448983498078,0.0009701376034254,0.0119891860265708,0.0914379981791253,0.0011959132756682,0.0162457708175705,0.0172973042001354,0.0156414715719064,0.0413970210580381,0.0062617311301886,0.004085933472816,0.0042814539226976,-0.003278841094331,0.0149916367130502,0.0545656818944357,0.0360576923076922,0.0126713361268533,0.0148724895554932,0.0149292031343077,0.0188159935945553,0.0078226069984914,-0.001880218497429,0.0176098741644195,0.0325640682885841,0.0354202076599943,0.0352000120767703,0.0125372830174699,0.0172412902559335,0.0218947568569662,0.0119863237155646,0.053759334264666,-0.0046198286939338,-0.0045924769621519,0.0014527560068702,0.0903060548513889,0.0090473513745015,0.0147924621258777,0.0072775388686734,0.0225486768390645,0.0761379782335394,0.0,0.0119312819693566,0.0304872336660664
2023-08-23,0.0020797022742007,0.0,-0.0074609329103513,0.073098080748609,0.0205696634852523,0.0245304866442483,0.0043797384238981,0.0111909610715124,0.0138280140749429,0.00633985991515,-0.0214281749042394,0.0378019126796533,0.0128926271520566,-0.0050352206230194,0.0106007067137807,-0.0024514375549574,0.0031439562065394,0.002905562143596,0.0,0.0005505139075703,-0.0369424207786485,0.0016307954868681,-0.0039370078740158,0.0218681624215757,0.0155260252784945,0.0146974859563495,0.0354431824667542,0.0053298417221858,0.0120239219389359,0.0120385232744781,-0.0023036627458518,0.0072230021176142,0.0012055416234197,-0.0012901520980516,0.0023860007120803,-0.000851075326921,-0.0072829053640059,0.012794122777725,0.018460909594302,0.0015960787948061,0.0191888968491438,0.0080716531825286,0.0124711535421868,-0.0079404221739989,0.0008867823560889,0.0133932278887169,0.035810890274021,0.0065792545187484,0.0108782356395893,0.0473048778445721,0.005413766434648,0.0011390946786156,0.0570148188825512,0.0532489344795201,0.0117638390883638,0.0166297634567165,0.0033880903490759,0.0062585604147022,0.0205839517303558,0.0198940232876594,0.0262761188996658,0.0112568211029946,-0.0080277034471901,-0.0117129353974396,0.0088204003997549,0.022050969021822,0.0764006390594769,-0.0074230189398534,0.0020272354678068,0.1010620630432845,0.0136312476551752,0.0032406452161037,-0.0043290043290042,0.0073511603721168,-0.0121455530823575,-0.0026150043849157,-0.0005467005016779,0.0127421668249128
2023-08-24,-0.0179894802292167,0.0,-0.0275525303344185,0.0138984030309621,-0.035602517694171,-0.0359108537633243,-0.0130769076546773,-0.0199266065705515,-0.0240414865331141,0.0062999193092527,-0.0218973961386454,-0.0018358110783508,-0.0195404237650996,-0.0044289287203,-0.0100524475524476,0.0049149237385475,-0.0220124626673057,0.0049322115339318,-0.0084620827927822,-0.0131540137042246,-0.005326717240689,-0.022841294182238,-0.0395256916996046,-0.022322907301377,-0.0173523307929753,-0.0167353384277494,-0.0219931650314187,0.0067533920185096,-0.0340932653230487,0.0079302141157813,-0.0014681688498301,0.0009347875973595,-0.0104697882861999,-0.0148792616399872,-0.0170333457032285,-0.0238368870080176,-0.0185863176647168,0.0023424505181934,0.020168055461569,0.0051712793518936,-0.0125563381252326,-0.0134861682720146,-0.0115942028985507,0.0060154113845389,-0.0031060802794453,-0.0298743192603684,0.0123474311666194,-0.0130725017214744,-0.0161460952810391,-0.0282361217702737,-0.0069230769230769,-0.0034090860115417,-0.0025407371171355,-0.0015517699608198,-0.0149525450882346,0.0045787685821327,0.0176439969926016,-0.0014652579625202,-0.007293747763175,-0.0062462472479818,-0.0131027402613088,-0.0063098188923665,0.0058455585016532,0.0023628199455891,-0.0234815898966528,-0.0038073908174691,0.0083324722172641,-0.0026274154655261,0.009547580302297,0.0296805332783967,-0.0024787270633626,-0.0064543056933388,-0.0086956521739129,-0.0133242282756489,-0.0064098526993456,-0.0057233297629133,-0.0128939786172905,-0.0134844684256983
2023-08-25,-0.0140922197599102,0.0,-0.0515536078395568,-0.0204257417499726,-0.0434244553862337,-0.0146135440253087,-0.0130419546680345,-0.0052657057330001,-0.0126444072414186,0.0,-0.024253262445626,-0.0125726987207648,-0.0027856812016144,0.0066729470874549,-0.0229580573951434,-0.0032561601233354,-0.0385688433117177,-0.0057705379116371,0.0085343007523268,-0.0066618001230047,0.0053552431064722,-0.0066744810082438,-0.0658436213991769,0.0095105572024924,-0.0264970006744046,-0.0257702460726217,-0.0075100039452178,0.0076631268144755,-0.0112270909920306,-0.022029897718332,-0.0119789983002598,-0.0152663005182045,-0.0313382527102122,-0.0144483327935285,-0.0012080877157972,-0.0017452006980802,-0.0009976559373392,-0.0210082383323023,0.0033326318871342,-0.0039582289226867,-0.0105943440998297,-0.0089748363764887,-0.0157525916488098,-0.02789582921526,0.0098018684332845,-0.0165720824150085,-0.0235805411467825,-0.0331105238613399,-0.0195311122862683,-0.0580966797196352,-0.0557707203718048,-0.0254674877614211,-0.0079267620412648,-0.0068349647947794,0.0033759641211403,0.0071652086173865,-0.0018448490677391,-0.0091597157862218,-0.0207550872325182,-0.018050905062813,-0.0384551009205683,-0.001119764758363,0.0067021536457272,-0.00421675432006,0.0189280641931028,-0.0509545488609113,0.0401845882477158,0.0111456083808674,-0.0037248274635232,-0.0402149369765912,-0.0120608815912267,0.0027032128049484,-0.0058529945553539,-0.0020906365691445,-0.0069934994964397,-0.0067210136188962,0.0105613455936608,-0.0414562512953499
2023-08-28,0.0157256174821653,0.0,0.035328092411359,0.0052137302523835,-0.0147821398514453,0.0029660533563664,0.0287699076337253,0.0196845701573176,0.0323633797773634,0.0138459493415776,0.0420641761028721,0.0077625161442407,0.013482937316285,-0.0113662949387819,0.0207862629914143,0.0073469605450884,-0.0133720246264852,0.0066715701528567,-0.0072532138223847,0.0039116295756227,-0.005326717240689,0.0042032377608738,-0.0308370044052862,0.0056573695628723,0.0060525404262299,-0.0269256276646139,-0.011328951291188,0.0011894377924035,0.0286632327958187,-0.0080450522928399,0.0002137242640367,0.0012668065860246,0.0016794077736426,-0.0006652773324783,0.0165395020330141,0.0139860139860139,0.0007497045534536,0.0100148944599629,0.0106258078782808,0.0039739587611928,0.0160687329825204,0.0232835098490009,0.0338762737703601,0.0225453066619221,0.008821535877955,0.0054192923684805,0.0099931082012405,0.0034248111867194,0.0199201754701376,0.0023145317658566,-0.0172272354388842,0.0093588998300397,0.0102740775940033,0.0112610665375569,0.0605137776904565,0.006466503726606,-0.0036965176526236,-0.004439022869347,0.0044179532945909,-0.0159898130106315,-0.0023808275996316,0.0157033945033564,0.015989202359709,0.0015278550612558,0.0195849204462972,-0.0201357186921652,0.0142467323871338,0.0080149739794648,-0.0011515069801001,0.0055836807623586,0.0147233445247443,0.0054039940981096,0.0117596945217774,0.01433885917016,0.0124613464211749,0.0157021448806151,0.0071491198489241,-0.0085538597842022
2023-08-29,0.0035116799671901,0.0,0.0078720634723856,0.0019088313529616,-0.0233694194542588,0.0029572819004599,0.0055920690655542,0.0081620726599784,0.0117621855426111,0.0094274186044545,-0.1825700894597242,0.0212632071400096,0.0307317616095219,0.0172421726583709,-0.0030987162461265,0.0073066130142425,0.0067567567567567,0.0043276864207129,0.0,0.0089109709845873,-0.0053552431064722,0.0184129512192754,0.0636363636363634,0.0187478397673503,0.0072966687807678,0.0092105775596837,0.0076391780703894,0.0094966546732744,0.0015776366053901,0.0040551500405514,0.0095680526757306,0.016112541589301,-0.0004157948387788,0.0066652229360668,0.019048529661737,0.0266967706622878,0.0069796101597503,0.0061370407149949,0.0407457535359003,0.002776897034908,0.009483213462553,0.009690248137568,0.0158476391518951,0.0160328113348249,0.0104942790385176,0.0,0.004122597520755,0.0,0.0117221928432926,0.0269259927325962,-0.0041736227045076,0.0,0.003671826695849,0.0021672872147153,0.0031726182205549,-0.0179898788160918,0.0018551162964492,0.0330633511973037,0.0052754411280255,0.0024404860128017,0.0124072225682745,0.0272332865237854,0.0113640886836761,0.0003390053958358,0.0174825174825175,0.0077614646553678,0.0164750416512129,0.0168985422002021,0.0060487327941278,-0.0687495372769674,0.0130927634628901,0.0128998749871664,0.0101795326737437,0.0319257183893513,0.0203288197095683,0.0168831513799241,-0.0035491863657671,-0.0100691489361701
2023-08-30,-0.0056024316937564,0.0,-0.015621156211562,-0.0100777332402914,0.0061178778869035,-0.0257918185500203,-0.014419729014544,-0.0132550141051899,-0.0213049133385091,-0.008375686626136,-0.0347975762650757,-0.0084488504208295,0.0035633753612602,0.0106720516962843,0.0026642984014209,0.0152956636005254,-0.0067114093959731,-0.0040199036528892,-0.0012177012177012,0.0044161334552101,-0.0118449675148694,0.0057501406543525,0.170940170940171,0.0,-0.0166223922572753,-0.0091265170663938,-0.0227580408419192,-0.0039975491661187,0.0141710962317529,-0.0218093699515348,-0.0157956211245855,0.0043546297386884,-0.0256021469305601,-0.0092663415877872,0.0073967118774824,0.0,-0.0175736993645185,-0.0079798258947076,-0.0519883044738205,-0.0071091618430781,-0.0146207275978268,-0.0154406597877141,-0.0191452625788807,-0.019743119266055,-0.0060585010047882,-0.0155722107879305,-0.0147804173627432,-0.0034131218886934,-0.0108110462583848,-0.0194740727541175,-0.0209555741827326,-0.0081114589195272,-0.0008465704448652,0.0067906500597167,0.0031625845471963,-0.0008738107981168,-0.0174022931009516,-0.0064722711684572,-0.0104955137909389,-0.0081007087037132,-0.0026704521236673,-0.0136137911154399,-0.0038914142904933,-0.0050833576518652,-0.004111327822668,-0.0434962965924652,0.001329190352221,-0.0062548684746606,-0.0037205591717585,-0.0268476117789225,-0.0041922222468243,-0.0063677937502608,0.0014438176324367,0.0001529060980127,-0.0041948439806391,-0.017302900012016,-0.0052068723702664,0.0082318236283427
2023-08-31,-0.0239830123896533,0.0,-0.0370486067724603,-0.0297213114754099,-0.0450007967674906,-0.0219347113897526,-0.0156753892351559,-0.0119350669695308,-0.0138565512125768,-0.0133140094985378,-0.0232555337325733,-0.0118686638643432,-0.0022152459555938,0.0223591205966695,-0.0150575730735164,-0.0222095671981776,-0.010174880763116,-0.0158495301328364,-0.0121918582176098,-0.0373635624214364,-0.0234327004651434,-0.0106191334028633,-0.0948905109489052,-0.0064462539192287,-0.0273124744650621,-0.016999649491763,-0.0232880307979468,-0.0054314800783213,0.0087994057544165,-0.0156895127993393,-0.0134817977146254,-0.0198157809206933,-0.0508145475577345,-0.0133740801801439,-0.0007709781073264,-0.0083965294345004,-0.0176394930416059,-0.0255448489943737,-0.0461810707679926,-0.0087523306162072,-0.0211886881996593,-0.0118701049903272,-0.0086716307858469,-0.0341918738145152,-0.0091456413430914,-0.0249388560157791,-0.0150021554821093,-0.0547969789875121,-0.0273274093122792,-0.0519497377849317,-0.0273972602739726,-0.036230502945335,-0.0270413393198246,-0.0208488679501085,-0.0456783873343151,0.0133175909831315,-0.0165762386406769,-0.0054312380095122,-0.0123746443397546,-0.022063640413322,-0.0034654605996641,-0.0152540271517255,-0.0173550576114817,-0.0141263518436165,-0.0225999589656866,-0.0241609756352446,-0.0411357444864105,-0.0133787079286582,-0.0175257244148082,-0.0191574011290204,-0.027008397506689,-0.0304348608769222,-0.0115041617122473,0.0015386273875674,-0.0279087725104105,-0.0159488785280247,-0.0115697090390004,-0.0216106459744509
2023-09-01,0.0021668567418196,0.0,0.043956400441186,0.003686620372717,0.0427349580117926,0.0038596252592919,0.0067935130922531,-0.0022691915138183,0.0026744392557536,0.0213945879743229,0.0190473840687877,-0.0052351538937692,0.0502201134186721,0.0085085225940206,0.0031474820143884,0.0105495843702017,0.0307982653389011,0.0193257400588051,0.0148108010475933,0.0228309423081469,0.0345919956862978,0.0165117393387637,0.0443548387096772,0.0324050632911392,0.015597572596419,0.028149204651255,0.0304722375669985,0.0002376049421828,0.0159057088570444,0.0109060402684564,0.0108456367169207,0.0075819987351941,0.0018135128469249,-0.0020296375996479,0.0058049214963338,0.0127014421849169,0.0207748571563071,0.033984398929979,-0.0244422178969673,-0.0052179680496613,0.0108236837601962,0.0041943066405631,0.0086689155212871,0.0062535531552019,0.0140617285194628,0.0461610661142981,-0.0169229422577538,0.0362336038986725,0.0160530938196039,0.0451205374665681,0.0378521126760562,0.0189986064929152,0.0332939383572294,0.0216043373097774,0.0511682862723348,0.0114164019885383,0.0,0.0021858929372648,0.014319651265485,0.0593152972910211,0.0075871289177946,0.0084803302202818,0.0035333202655769,0.0138105109601134,0.0087019579405367,0.0621389062909953,0.0312765790600739,0.0189428356120142,0.0207613995050459,0.0492245673068916,0.002163364488829,0.0137703538207316,0.0072775388686734,0.0585443657286,0.0260007376095776,0.0118962080161639,0.0019493698721322,0.0363266951368312
2023-09-04,-0.0007178059647925,0.0,-0.044746900344924,-0.0045181229926,-0.0023068781727496,0.0061652072288749,-0.0031624941435292,-0.0040024630541871,-0.0047407191306251,0.0112782112505398,0.0455662490164034,-0.0164070619542839,0.0135416729583299,-0.0105451478677159,0.0116539668310176,-0.0032091165105769,-0.0232558139534883,0.01350304320227,-0.0048648808994098,-0.0083704970307553,-0.0016142225310719,0.0235592469337155,-0.0038610038610037,0.0313993407621153,-0.0144753086419752,-0.0177642480058571,-0.0038539553752535,0.0035594568811767,0.0090929365015002,-0.0074688796680497,0.010516282933271,0.0040745980532852,-0.0208321265133522,0.0020337654063855,0.0069195244886295,0.0091842964457302,0.0050267623211881,0.0154931594096998,0.0372219533110067,-0.0008073757683091,-0.0107077860700026,-0.0004290356162655,-0.009041009103325,0.0,0.0039001753836827,-0.0196760870574039,-0.0283936327031332,-0.0279733093096762,-0.0047407301793813,-0.0215819169563471,-0.0161153519932145,0.0051541738879261,-0.0137289870122052,-0.0104191373293124,-0.0031427063978162,-0.0072405796730431,-0.0034510473474614,0.0036313821828855,-0.0030870377009718,-0.0047301057317752,-0.0059625591259353,-0.0047529237614977,0.0140785111135595,0.0022151748946845,-0.0007378258730939,-0.003201185699018,0.0115404412624882,-0.0025441206301981,-0.0014336111030458,-0.0521226939319849,0.0050356868676888,-0.0038033259261068,0.0086580086580085,0.0074025457806043,-0.0005253625692994,-0.001436175608506,0.0050092681841773,-0.0255817253867219
2023-09-05,0.0108186238009724,0.0,-0.0798607722585472,-0.0087999350658135,-0.0229871367317769,-0.0222035182223718,-0.0035965526225714,-0.0121753003938773,-0.0214819622704717,-0.0019112531767846,0.0044691961236089,-0.0097587568016852,-0.0125264443848515,0.0112654606304269,0.0026583961010189,-0.0120762155059134,-0.0271994895110473,-0.0073684840725611,-0.0048886636659015,-0.0033787916741913,-0.0124271337838229,-0.0166709648896585,-0.0581395348837209,-0.0347893398208557,-0.0249350161285272,-0.0220086308356217,-0.0064578060912818,-0.0066202522609176,-0.0270279772967,-0.0150501672240803,-0.0167774095131706,-0.0218547476972773,-0.0235899635427836,-0.0192448769990708,-0.0148943894220689,-0.0190431100239354,-0.0149991252900164,-0.0254279727147643,-0.0052897143127872,-0.0197784438941743,-0.0129770121499058,-0.018393329419859,-0.0149665139970444,-0.0082948125321007,-0.0107889813815834,-0.0225088757396451,-0.0301194391552709,-0.0323716992098525,-0.0158657677258766,-0.0252180355819785,-0.0051724137931035,-0.0023663059584213,0.0460252003707957,0.0334440430740785,0.0015648011782032,0.0188781419696446,0.0,-0.0054292707848804,-0.023011966035515,0.0015841953219644,-0.0179949734710975,-0.0113925014671821,-0.0065093813124452,-0.0047606003646014,-0.0074026392018023,-0.023385542838936,0.019634317699509,-0.005885044614485,-0.0160649576750153,-0.0196388791183023,-0.0075137929339339,-0.0005454066343508,-0.0128755364806866,-0.0043219018570413,-0.0068678848574551,-0.0038442208368532,-0.0060909391378252,-0.0340316960288263
2023-09-06,-0.0021405667735504,0.0,0.0209290815244291,-0.0214786305539064,-0.0412093136657319,-0.0180077815652653,-0.0067935130922534,-0.0138698215295162,-0.0137156306836417,-0.0073439615854317,-0.0289205233127772,-0.0158936211425601,-0.0114180189857757,-0.0192648553509011,0.0539107379584622,-0.0130485095968395,0.0139799934404722,-0.0294143573612443,-0.0098253602132821,-0.0146774297254484,-0.0153145877688862,-0.0177497611509712,-0.0493827160493827,-0.0054076348471655,-0.0196371905392037,-0.0129969112278871,-0.0013028839115796,-0.0178561297472304,-0.001543552442065,0.0144312393887946,-0.0222460408906992,-0.0201080535846293,-0.0146852776115785,-0.0006981324955743,-0.0155088651746044,-0.0151897037136344,-0.0215747531714304,-0.0332104425564606,-0.0448670777100643,-0.0053554998909753,-0.012064033288063,-0.006533215872628,-0.0096291961483215,-0.0146049667244996,-0.0213780406047688,-0.031114554831836,-0.0575322043863056,-0.0371763808225071,-0.0112905426920802,-0.0072803531200206,0.0060658578856152,-0.0181967117196184,0.0048868725474464,0.0044976766145665,0.0047100450326256,-0.0147383251289708,0.0007700614682202,-0.0243734138880157,-0.0095086026800013,-0.0063267584666916,-0.0260406002836104,-0.0074363087631528,-0.0139740205509074,-0.0121197741185403,-0.0096894789044021,-0.0436601848735144,0.0002608707980662,-0.0159845375543935,-0.0087435771462768,0.0096103740784718,0.0010820696487083,0.0005457042650773,0.0028935532233882,-0.0159194461647349,-0.0069153788833716,0.006510479564179,-0.0100237529691211,0.0231520519106305
2023-09-08,-0.0200272704376297,0.0,-0.0293302860308884,0.0058545192076349,-0.0198924512436596,0.0,-0.002988942461567,0.0,0.0,0.0006444215688736,-0.0034422999311539,-0.0096894941849222,-0.022239043776059,-0.0082876506737863,0.012578616352201,0.0041374663072777,-0.0068734079974123,0.0041204391948412,0.0,-0.0074509990033694,0.0011109122901196,-0.0197297529251337,0.0129870129870128,0.0063470487950973,0.0051239377002563,0.0096118675066043,-0.0012899253895427,0.0026649208610929,-0.0499715630008789,-0.015899581589958,0.0046397798776611,0.0146581354767068,0.003843256621931,-0.0034931011252775,-0.0031527446804022,-0.0094204772860312,-0.0025948751216348,-0.0058877559445178,-0.0121052093540479,-0.0016575412781248,0.0,0.0021942173634439,0.0014933390631715,0.0190786534570204,-0.0142685514173972,-0.0032072108095501,0.0426306936538525,-0.0308894631016762,0.0,-0.0097691023311161,0.0086132644272181,0.0048363436325296,-0.0078390384112883,-0.0035828550695956,-0.0078208968876487,0.0149587926790109,0.0034603336490128,-0.000369351669941,0.0095998841642934,-0.0207013959822948,-0.0039610859798967,-0.0074920217501472,0.0115151148486496,-0.0031127507493657,-0.0062788906009245,0.013743136554144,0.0028603259467565,-0.0212597316816994,0.0073524479589783,0.0206369620767266,-0.0021618000791644,0.0021816265374032,-0.0130058451556964,-0.0189714688138571,-0.0235694249649368,0.0031142016125591,-0.0042198522002013,0.025089644858997
2023-09-11,0.0124072777546373,0.0,0.0241875066890226,0.0226924490234552,0.0180752692263785,0.0295056100981767,0.0158645507028762,0.0140648991708465,0.0187768473120144,0.0218585861965139,-0.0160917623517079,0.0104363532390006,-0.0131237200939013,0.0012361727073455,-0.0318840579710144,0.018910974807736,0.0069209787078126,0.0049794585433893,0.0148842837694751,0.0190542220522138,0.0133161544018529,0.0167707542948305,0.0128205128205129,0.0161967881139613,0.0291918461006917,0.0225831773443632,0.0273435780018493,0.0137808128682372,-0.0065090206536233,0.0187074829931972,0.0114326710876995,0.0208669911716576,0.0584312164045393,0.014038074730631,0.0094828589259456,0.020765477908335,0.0254881778175579,0.0192524305609624,0.0208322817077724,0.0066358173463159,0.0244227028766141,0.0148802604045572,0.0254025466911251,0.022847417416643,0.0144750899830925,0.0148173529338024,-0.0260155131519903,0.0159370174637349,0.0146769236431896,0.0197402742584587,0.0093936806148591,0.0092201008234678,-0.0068072747490709,-0.0008979000724113,0.00315762786088,0.004633672053284,0.0187574866601327,0.0149171010117685,0.0027201583332934,-0.0008170502746679,0.0147485016014836,0.0177375432398616,0.0205799673033215,0.0228884776993947,0.0,0.0140482447706344,-0.0025949356354202,0.0239739970085053,0.013136331519427,0.0497658031088084,0.0119118454778468,0.0315524927080723,0.0102540023931054,0.0143915933849836,0.0175525535230791,0.0150495449519436,-0.0033913926094145,0.0019167287828771
2023-09-12,-0.0115286640930697,0.0,0.0206555435577695,0.0207686466991172,0.0237194778011105,0.0193620898114876,0.0054026778933633,0.0100137284987482,0.0122871836369637,0.0050336600437885,0.0046728406270806,0.0216268259604732,0.001771411941847,0.0173105072233183,-0.0226689478186483,0.0096817535170452,-0.0034367039987062,0.0107858973326575,0.0109994932482786,0.0107624633431084,0.0065705823123451,0.001645586575075,0.0379746835443037,0.0044267723985671,0.0148596692361777,0.0058852475150084,-0.0012715012286416,0.0064406137526047,-0.0114654147653505,0.0100166944908179,0.0306522606885095,0.016353048882173,0.0348407353015647,0.0159178264841683,0.0070414049279357,0.0067720394205395,0.0246015629091289,0.0271185577510695,0.0307318785757022,-0.0049427250429628,0.0043255435480877,0.0068983072419497,0.0058271522278134,0.0152275305685114,0.0138186651670457,0.0165115704521123,0.0314820705768785,0.0274522732040638,0.0080439652123445,0.0266117318180572,0.0194585448392554,0.0115226746709098,0.0109714462494889,0.0047958651193995,0.0173007995588638,0.0083848551964478,0.003380454824831,0.0198450044732592,0.0280002669870511,0.0048802129547471,0.0151850710626659,0.0059345169221869,0.014582855133546,0.008130847285164,0.0219728392190308,0.0386795335068108,0.0192462476760533,0.0060049742535916,0.0023076642202504,0.0459298101525729,0.0210479496718796,0.0079135965666252,-0.0116041979010494,-0.0007396728124129,0.0204894023983117,0.0065883535924331,0.0104898591983462,-0.0124508449356999
2023-09-13,-0.0051098122564647,0.0,0.0115691761654495,0.0158863514855265,0.0234536942223786,0.0038005345806884,-0.0008466026898645,0.0030582873590789,0.0040495198426471,-0.0009406111936803,0.0127965683025872,0.0375988866595056,-0.0066373637477422,-0.0215733500156396,-0.0183807439824945,0.0048009810700448,-0.0034485556637454,0.0051924681094355,0.0084768250972993,0.0011199117996925,0.0195903764010076,-0.0082239669895123,-0.008130081300813,0.0149936638593266,0.0008862647684788,-0.0185308390732624,-0.006351295292317,0.0009486166007903,0.0088387196879018,0.0008264462809917,0.0210919120629511,0.0259883335454103,-0.0183648502219582,-0.0020496949762218,-0.0143797310303566,-0.0050548950908677,-0.0079222202661183,0.0056573369363113,0.0202664453484802,-0.0140784070493626,0.0,0.0085638082718171,0.0050705192211681,0.0101070302217585,-0.0008774229985678,0.0149876453193986,-0.0027756213244286,0.0,-0.0071790996437439,0.0086406350110344,0.0091286307053941,0.0098183362009249,-0.0130235845276172,-0.0149124542486893,-0.0247306728098108,0.0018695519112941,0.0131122800008876,0.0032431406057154,0.0246079927279809,-0.014569536423841,0.012224340551461,-0.0029519996764931,0.0008471843155377,0.0100839236649781,-0.0056832908719647,0.0064355807997567,-0.0028055911622488,-0.0003995171427221,0.0,-0.0339992751653529,0.0027982560736554,-0.0408158464289074,-0.0029275248005339,-0.0038442486010212,-0.0015838324595742,-0.0018678362755656,0.0359041996399112,0.0227941690836592
2023-09-14,-0.0080645879137996,0.0,0.0257076346951856,0.0030170990739499,0.0034718111957396,0.0068150613688371,0.002749984778682,0.0037962575476773,0.0040227115590101,-0.0068920824604449,-0.0045923405470358,0.0231430087539106,0.0516736069169396,0.0214288226135939,0.0084707980383416,0.0103351121151924,-0.0069616903472703,0.0114781765457308,0.0083909541421201,0.0319136603913567,0.0085363582978845,0.0365105505956679,-0.0204918032786884,-0.0086843151986564,-0.0239329030648832,-0.0009968698287377,0.0140506456674776,0.0042609683266767,-0.0262728576058357,-0.0016515276630882,0.0033060223425602,0.0069354917671633,-0.0124699112649375,-0.0095551225848351,0.0114383138647988,0.0050805768739667,-0.0266955556064388,0.0009367635313028,-0.0031974044599091,0.0100764137078273,0.0075477598362521,0.0004261212314904,-0.0039635108634347,0.0020159307699874,0.0039569180453631,-0.0116933391866543,0.0055666936825491,-0.0152678753734671,0.0024103372659889,-0.0046759067288943,-0.0082236842105263,0.0182818349988052,0.0294101363097809,0.0254311751562774,-0.0174378213144366,0.0217838982434483,-0.0007404518947243,-0.0017942379977212,0.0265834415893031,-0.0024685501440719,-0.0176390442831466,-0.0018476458288269,-0.0029578257335649,0.0204753842025888,0.0,-0.0068529734850395,0.0071633717201573,0.0195025097985286,0.0040254715812635,-0.0058620770511408,0.0125422892715016,0.0229134476246535,0.0147110279463891,0.0409732227604646,0.0243355015690267,0.0166334796342824,-0.0230160494504383,-0.0090123268428446
2023-09-15,-0.0081301542575625,0.0,-0.016708877413413,-0.0224281887331103,-0.0268510169321711,-0.0075210341008644,0.0033799852252143,-0.0053006164199993,-0.0020032970931324,-0.0018919573345153,-0.0103864128031362,-0.0238095238095238,0.0084691971491268,0.0072987674722853,-0.0305039787798409,0.0078776585491229,-0.034970482125287,0.0102140526189642,0.0154535306823617,0.0065156093779839,0.0148121849037847,-0.0056028395153496,-0.0376569037656905,0.007010543679365,-0.0154414254409782,-0.017402758097671,-0.0528968327205099,0.0101372479263017,-0.0039375408985266,0.0198511166253101,0.0490003499477633,0.0170718267859457,-0.0392450979685145,0.0082702884355301,0.0050673736287822,0.0058973776060124,-0.0364027207203496,-0.0192053828269693,-0.0723775605269054,-0.0008268500770474,-0.0010721893825035,0.0025431107380657,-0.0021714624124012,-0.0020118749693313,0.0131561749062427,-0.0298820869003391,-0.003690584766793,-0.0387572624906374,0.0104136534567544,-0.0532100658588688,-0.0298507462686568,-0.0374326902600252,-0.0146865307732301,0.0005916532014558,0.0112894482547314,0.0030465111549491,0.0096198535537335,-0.0071974365294551,-0.0041754850088183,-0.0189430300041391,-0.024587114657835,-0.0362944368696216,0.0,-0.0210346891036684,-0.004971897968007,-0.0321978345358051,0.0299807031580929,0.0253766450557695,0.0111680762825328,-0.0265506207200194,0.0151391757075127,0.0154649371512147,0.0057871064467764,-0.0082716982228744,-0.0051667004801515,-0.0025380320253495,0.0005526086378342,-0.0311000212359311
2023-09-18,-0.0022346671974379,0.0,-0.0340190667335675,-0.0039171367230734,-0.002274969030531,-0.0090936344558808,-0.0042107492612278,0.0015268089692541,0.0,0.0063198493433442,0.0081644484166285,-0.0167697186794131,-0.027298230470436,-0.0172074149106071,0.0583675330597355,-0.0007777834446881,0.0181401079060283,0.0033672184403117,-0.0163889959598555,-0.0010826255343371,-0.0182484816255703,-0.0032236663832331,-0.0130434782608694,-0.006087370366681,0.0064564272273053,0.0,0.009308530571253,-0.0081707705881917,0.0129806875460156,-0.0300081103000809,-0.0143278057807972,-0.0229678093738745,0.0173691124038282,0.00068286020876,-0.0325823385551615,-0.0334751395905345,0.022613663413473,-0.004293957823792,0.0074091401430975,-0.001665815846745,0.0021466804129535,0.0008497185307367,-0.0025354151156555,-0.0419903628675385,-0.0017317091324088,-0.0096320346320346,0.0185212781810826,0.0403199535125329,0.0103063269395935,0.0264478439155917,-0.0162393162393161,-0.0067455300704352,0.0124672942769079,0.0070834063966789,-0.0191339610329075,-0.0251009715981898,-0.0095281937254629,-0.0032619448677843,-0.0041929927873439,-0.0033572710951526,-0.0056386896647492,0.0184441685601179,-0.0059332008412602,0.0091596124993054,-0.0059935336289631,0.0185375469205444,0.0046878191964045,-0.0091368408935809,-0.0045319984929221,0.0174293698612435,-0.0410154291362835,0.0068296253445803,-0.0201681423844021,-0.0117912519826079,0.003636833303876,0.0194049491616032,-0.0085858078692899,0.0474076996416479
2023-09-19,0.0029832069928548,0.0,0.0029434171341506,-0.0047759455669386,-0.0106917694678746,-0.0122277127874143,-0.001473663953977,-0.0083697016799186,-0.011395713538944,-0.0050257621384414,-0.0034741356590075,-0.0263543483017192,-0.0025944413631602,0.0009231742017072,-0.0056010340370531,0.0093789477713832,-0.0249102895769005,-0.0075530899004138,0.0059507394882365,-0.0070111731843575,-0.0435470536248823,0.0024279125576511,-0.0176211453744493,-0.0017594458859033,-0.0114567551013828,-0.0202701330354423,0.0131731368996346,0.0011774028362325,-0.0222853372991467,-0.0025083612040134,-0.010353618949272,0.0030138952312608,-0.0216837958078487,-0.0020471826866835,-0.0140354455381773,-0.0060658578856153,-0.0158674736188703,-0.0009633717000737,-0.0149515915721887,-0.0037516484107973,-0.0042700714497104,0.002965247301625,-0.0029646331788383,0.004182919318415,0.0078037239171711,-0.0537898338138749,0.0200029262379031,-0.0232568964568777,0.0094219325587985,0.0032196572387561,-0.0312771503040834,0.003195657905503,0.0,0.0023404789478373,-0.0162520493263954,0.0114198840333759,0.0062875432981102,-0.0181833510248973,0.0004179523889979,-0.0058995190315781,-0.0009992014256323,-0.0086755722381688,-0.0063907840720505,0.0037994548608242,-0.0082924069836208,-0.0154001358835518,-0.0034379247241634,0.0140235288260273,-0.0039831015564736,-0.0119153462674245,-0.0491335524350163,-0.0219094075020812,-0.0073479074437495,0.0018922826006375,-0.0108641908412974,0.0074780775844247,0.0053087063379755,-0.0414901074526299
2023-09-20,0.0029833744677389,0.0,0.0058350309014949,0.0194745798050861,-0.0080701600909807,0.0162502020640307,0.0088803911226518,0.0015373485259539,0.0040714890016921,0.0164141777100641,-0.0046403154452779,-0.0108304846990887,0.0121224103948742,-0.002147874867337,-0.041161178509532,0.0185836009203308,0.0072745945483332,0.0087423080976316,0.0035493225987965,0.0059748516132662,0.0138824721679904,0.0,0.0762331838565022,0.0070167218857022,0.0213268287592611,0.0103447561000891,-0.0064936016769029,0.0202125792878928,0.0210835106017979,0.0192791282481139,0.0066401228173091,0.0078112805036683,0.0094343891402715,0.0184787209794536,0.0154546295842654,0.0139355945807559,-0.0010583101606872,0.0086433652579127,0.0074637190997417,0.0046032157676347,0.0085909193840578,0.0089565801922022,0.0169402797554234,0.0041399402008637,0.0348349740574878,0.0041043317579332,-0.0044569672131147,0.0,-0.005438978173907,-0.00080005818605,0.020627802690583,0.0027867270230959,0.0013370473537603,0.0023390537133993,-0.0016665459024708,0.0,0.0029411252091466,0.0066703615812151,0.0054755555555556,-0.015257631080628,-0.0025044398678475,0.0110391358013233,0.0060070032867587,-0.0055953262568912,0.000764872888497,0.0037900173556655,-0.0211873166043379,0.0399769234073981,0.0022872280750008,0.0082910878839246,0.004088702455578,0.0111970940304144,0.001471264367816,0.0066798500132263,0.0135992933297726,0.0076478007567719,-0.0052806727968303,-0.0073789862626415
2023-09-21,-0.017080843315937,0.0,-0.1104627214060138,-0.0323928841212193,-0.0570880998617742,-0.0411228410927021,-0.0228526042216492,-0.0428793579132178,-0.0371372900100058,-0.01366431520852,-0.0361240609676561,-0.0074037869113715,-0.0299369395217659,-0.0335188280280585,-0.0379575237234522,-0.0152037928809014,-0.0434597901355198,-0.0011219266250902,-0.0023578463086766,-0.0259329892006464,-0.00438038820823,-0.0145041380277739,-0.0541666666666665,-0.0052175646933712,-0.0281421218661797,-0.046043992120814,-0.0274867951252618,-0.010367150076665,-0.0200881481605933,-0.0230263157894736,-0.0143928779556359,-0.0116261059805231,-0.0355171048404567,0.0033649311827612,-0.0232285110808521,-0.0292078397117432,-0.0142886631736799,-0.0337916639553915,-0.0192624128626325,0.0012477143164462,-0.0202349045086509,-0.0236763045717846,-0.0228096365695458,-0.0227775939734813,0.0049900152035802,-0.0484313343832392,-0.0161169145268357,-0.0674591999861364,-0.0156387820625902,-0.0570315912068714,-0.0483304042179262,-0.0194573979684055,-0.0144330340958445,-0.0154565423291618,-0.0298059708714375,-0.0466031555419386,-0.0043965783151374,-0.0117751059449356,-0.0167482937869091,-0.0232318492552008,-0.0207529814893037,-0.0176974091837437,0.0021311610701437,0.020346618857169,-0.0053176330379811,-0.0273829921309051,-0.0294491147711842,0.0204053128958903,-0.0031377618261846,-0.0403655689505431,-0.0248039273210898,-0.0126558267189104,-0.0266274905885594,-0.0261139450782076,0.0082554738115021,-0.0109375931334566,-0.0226320101288449,-0.0272555822533553
2023-09-22,-0.0090602303572738,0.0,-0.1208998996681331,0.0088704646255279,-0.0183324189907456,-0.0123804950451826,0.0017182749342785,0.0007966373518097,-0.007711744823286,-0.0006267306778523,-0.0036337664615885,0.0061620939329209,0.0017620369146733,-0.0098616874588549,-0.0328792860497886,-0.0046378565037116,0.0,-0.0011186394434086,0.0047268377743512,-0.0033243382901763,-0.0248772745727678,-0.0106372883929248,-0.0044052863436124,-0.0218928519726951,-0.0261579199821276,-0.0278757635722276,-0.0161571721156034,-0.0016307121146008,-0.0005715069495243,-0.0143097643097642,-0.0083129744295522,-0.0081455291002698,-0.0247101017064688,-0.003353646393436,-0.0053291622074037,-0.007071757957485,-0.0040281477603436,0.0029528782792489,0.0196407409232237,-0.0062415400812151,-0.0080921212815627,-0.0090986636337787,-0.0025970742088934,-0.0042189697380071,-0.0062029914732579,-0.0042955965486463,-0.0282011318110022,-0.0468060394889663,0.0,-0.0085105561773901,-0.0138504155124653,0.0093134498935474,0.0073240195792785,0.0079990175208777,0.0187771183482119,0.0068908994834522,-0.004420357206753,0.0212217514124293,-0.0021308829677715,0.0052843767072965,-0.0061538523559195,-0.0003831256511966,0.0008525892554376,-0.005676800807367,0.004831641390627,-0.0106768616238037,-0.0010371391914271,-0.0112488216208713,-0.0014271225731672,-0.044388352416616,0.0030364534865063,-0.0048090200646004,0.0015250133635191,0.0074078127329093,-0.0199336661194678,-0.0119625154427938,-0.0111497875505215,-0.0163017059136079
2023-09-25,0.0076253933000185,0.0,0.0,0.0173010965245745,-0.0047090037250602,0.0008133171848616,-0.005782810774722,-0.0047969668087604,-0.0028330797892277,0.0091363317771375,-0.0097086157676974,-0.0038669253807473,-0.0206863625798588,0.0125301013522451,0.0126274890723652,0.0038871092315679,-0.0075945993959849,-0.0014021414524,0.0094091997877192,-0.0128002027754895,0.0080472387297021,-0.0041241859528307,0.0575221238938055,0.0178971936016394,-0.0129478442750151,-0.0187405965129656,0.0136777178103313,-0.0072261132696033,-0.0256410256410256,0.0076857386848847,-0.0004084770402921,-0.003953154623973,-0.0084427394823162,0.0188148408651309,0.0057715439707781,0.004446017699115,0.0107820795468249,0.0004906974101508,0.0234638263890478,-0.0037673639262743,0.0055446459512533,0.003934321696158,0.0029735496683145,0.0063814206506955,-0.0033308201070825,-0.0064805303949948,-0.0112375273134344,-0.0401803338613377,0.0095251749567648,-0.0077369250832083,-0.0280898876404492,-0.0112364680689803,0.0064608965714223,0.0064653947058488,-0.0167421368253578,0.0047060083538608,0.0036992557658424,-0.0134888527751844,-0.0017074456343002,-0.0140175969566072,-0.004814839603374,-0.0011498174781604,-0.0140315382902722,0.0001631203102909,0.0073487003687311,0.0014721402863093,0.0072675117612612,-0.0030689081004355,-0.0057275305964031,-0.034233780226082,0.0196791982756208,0.0,-0.013657127607805,-0.0205878551882632,0.0026731387160729,0.0078072583104604,0.0481443807410146,-0.0139803482158247
2023-09-26,-0.0136199992652732,0.0,0.0,0.0092009765657439,-0.0305894958145631,-0.0218798858747979,-0.0142156837423612,-0.0144602658415684,-0.010623832318118,-0.006246953696182,-0.0024509492666201,-0.0223297846943753,-0.0103403594750278,-0.0203103560927802,-0.0278177458033573,-0.0284161138158061,-0.0190646677108974,-0.0196393077919,-0.0174777975133213,-0.0259323448231594,-0.0148244942098859,-0.0041508961505495,0.0041841004184099,-0.019349715346673,-0.027212883909468,0.0044871361248279,-0.031032751722774,-0.0164414532050948,0.0011678952063476,-0.0067796610169491,-0.0306889077276857,-0.0109911535423833,-0.0365736439075967,-0.0138466124831331,0.0012288786482332,-0.0079786859132493,-0.0125331147099672,-0.034853405060481,0.0014462250296327,-0.0168029384796514,-0.0165565766800689,-0.0121886154901487,-0.0148131375099394,-0.0169178794178793,-0.0121085894857799,-0.0463739238317228,-0.0085239334196975,-0.0232568767740986,-0.0173084092240507,-0.0346315675908943,-0.0346820809248555,-0.0275953786052697,-0.0275564528296464,-0.0230645694963401,-0.0425929152871474,-0.0010659912546077,-0.0121573114175668,-0.0055456464338845,-0.0230876844622951,0.0044380244614024,-0.0091586251872382,-0.0072952396104837,-0.01768225932344,-0.0218364351340086,-0.0216279503625029,-0.0298913190334904,-0.0203589282705161,-0.0153956879556904,-0.0074861276800665,-0.0168779408192458,-0.0196719768454243,-0.0284506005634618,-0.0046154091003135,-0.0156163047531625,-0.0228963391767409,-0.0020476507494604,-0.0013851352344877,-0.0020979387751535
2023-09-27,-0.0053630785560656,0.0,-0.0186120012290943,-0.0221015387147206,-0.0074822865411895,-0.00331430842033,0.0087404434150608,0.0,-0.0028716367211942,-0.0113094800173301,0.0012348507994703,-0.0105918032960926,-0.0049908608910955,0.0178169486099579,-0.0019733596447951,-0.0088144042163748,-0.0116793649345315,-0.017456567836018,-0.0261045628751175,-0.0254605361689381,-0.024309366995975,-0.0058412796657704,0.0291666666666667,-0.0134470841839934,-0.0059939568547536,0.0072730537846816,0.0069548016390097,-0.0198152749065942,-0.0099243219161619,0.0102389078498292,-0.0116079026957671,-0.0151295939267778,-0.0197625500922861,-0.002012680683834,0.0008164204620173,0.0089380870504311,-0.0124226681164942,-0.0015245044023408,-0.0118061879511375,-0.0252130054741304,-0.0044826025377079,-0.0008808986452164,-0.0018814876580823,-0.0064500779825001,0.0059176759672565,-0.0061895093729673,-0.0181496771926742,-0.0285727654132288,-0.0007948551195894,-0.0053846466452636,-0.0029940119760478,-0.0029204775336922,0.0371403346102556,0.0316798149601422,0.0320332813312531,0.0291923755781169,-0.0115642710000265,0.0070607862026832,-0.0240675554570064,0.0141635286771244,-0.0130792219518668,-0.0112141867239868,-0.008780390295095,-0.0178313386935419,-0.0038531084590853,0.0126291043196327,0.0023680445857499,-0.0053352931829016,-0.0023193839480988,0.030043468313887,0.0015162062040436,0.0110528113260266,0.0077226867914874,0.0021350211462285,0.0059942918152446,-0.0161671804720271,-0.0016638788107241,-0.0068443151888902
2023-09-28,0.0007676105780483,0.0,0.1022945833519701,0.025142203224395,0.0421171864984684,0.0149594527250485,0.0320615048959767,0.0220086496876503,0.0237116059122133,0.0073089563653652,0.0,0.0277662527183242,0.019164625566731,-0.0092292268679601,0.0049431537320809,0.002422924797653,0.0354059917832247,-0.0049551809327288,0.0170626670626672,0.0029691101890272,0.0112738778858547,0.0083853771474153,0.0728744939271253,0.0245439200906378,0.0100525247955209,0.0511231948653949,0.0539444964140942,0.0082813812105522,0.0117941005814159,0.0211148648648649,0.0089677901351659,0.0075249446146434,0.0090160388800772,0.0140773216420884,-0.0061318456307861,-0.0026478127376693,0.0046300507862617,0.0173201686479766,0.018287461927277,0.0201645088792903,0.0169111176298035,0.0154389713358988,0.0263637045208693,0.0043368365039244,-0.0079835414739437,0.0403137830493682,0.034051642194961,0.004902196890637,0.0264409169800405,0.0189380784081389,0.0290290290290289,0.0196745202817585,-0.0050399455757114,-0.0020297862118665,-0.0086163458631461,-0.0219461869459276,0.0124509163767119,0.0114404818846074,0.0215228339897,0.0122118461437994,0.0166704179796262,0.0172098987905398,-0.002213281706899,0.0054229423470495,0.008772335130925,0.0384050436533478,0.0175839513552626,-0.0044373085387235,0.0046532362650317,0.0325076849268821,0.0113403503165632,0.0158452326116997,0.0092025513280233,0.0152215381275102,0.0205810130270112,0.0030050700926178,0.0102742453606605,0.038685208596713
2023-09-29,0.0100180530741673,0.0,0.0549829573121245,0.0165342438768141,0.0215441504528604,0.0065526353378089,-0.0096588935810385,0.0095709777861365,0.0035028186744021,-0.0154557729322876,-0.0073618227822348,0.0113938896177792,0.0174683932657522,0.014453934902731,0.0093457943925234,0.0008100445524503,0.011413285777976,-0.0161001108220331,0.0071836353283007,0.0148016033538043,0.0152505446623094,0.0091452826548332,-0.030188679245283,-0.0097606662077835,0.008454706429916,0.013738710087775,0.0157544378698224,0.000967181089307,0.0040844988003978,-0.0024813895781636,-0.0105816771564433,-0.0024918258011724,-0.0105157862882888,0.0013205886052067,-0.0069959731839391,-0.0088965458807581,0.0194871090322641,0.0140183470778434,0.0536403852697924,0.0055879562064047,0.0033173236409789,0.0017365402287923,-0.0014661609020282,0.0258556744728197,0.0084703368221665,-0.0014966777566993,0.0112903923519487,0.034147978122287,0.0062440003874979,0.0513272916833749,0.0379377431906615,0.0173939037263308,0.0101309505910316,0.0055160406461993,0.0121728081321472,-0.0042320234415086,-0.0093558675159686,0.0076624669837255,0.0017561662751204,0.0051797235023041,0.025209550028596,0.0015372141742395,0.0146481463703014,0.0298669868487702,0.0074201062632501,0.03266155949013,0.0126396559720056,0.0083585406754229,0.000289709447095,0.0597244809279191,0.0093449823053588,0.0086091714277076,0.0091186366066093,0.013192667557762,0.0042479728673476,-0.0034570000409718,-0.0032994049391802,0.0137734652747898
2023-10-02,-0.0015280890551779,0.0,0.0,-0.0181612061392176,-0.0160105538810495,-0.0235920177383591,-0.0027546529238962,-0.0158038541946969,-0.0139841832560675,0.0233892045336123,0.0173049827078262,-0.0141627755736852,-0.0114456582509878,-0.0196329617315339,-0.0209551656920078,-0.0032245009856268,-0.0225249052278939,0.0050613452446559,-0.0007393340195126,-0.0408399920276857,-0.0127157337229476,-0.0098845212603243,-0.0466926070038908,-0.0017890514608688,-0.0162818297278727,-0.013552515999498,-0.0155100851962427,-0.0096547969156797,-0.0040678835349792,-0.0165837479270315,-0.0160422698551286,-0.0071734558503331,-0.0345331441726911,0.0336698486466118,-0.0145065820495607,-0.0089621566168927,-0.027733197755617,-0.0222221068156796,-0.0529550395869755,-0.0094031432103125,-0.0165749033250434,-0.0092117500427055,-0.0092801605216954,-0.0420152876768927,0.0020997982074659,-0.0410437073953141,-0.0362841132688852,-0.0518840475221826,-0.0201736421082113,-0.0488214203981997,-0.0656044985941892,-0.0093608542755093,-0.0190025941624256,-0.0150130860808783,-0.0103191142132615,-0.0348645575603752,-0.0038035529554453,-0.0086916044747645,-0.0166520190573106,-0.0265903797839761,-0.0351789238376498,-0.0049929574498949,-0.0056870244213378,-0.0086802076691866,-0.0099050415037477,-0.0004668605933746,-0.0106999517044981,-0.0011060296519388,-0.00173775323904,-0.0167589600350768,0.0070397182547445,-0.0245341037829155,-0.0105318916897765,-0.00872959184635,-0.0084600078508872,0.0125037901953426,-0.0033073975556309,0.0
2023-10-03,-0.0030515800506432,0.0,-0.0586176391399669,-0.0254019007016609,-0.0345732681857618,-0.0425015896085021,-0.0127512537203897,-0.0146800567853199,-0.0121469582821678,0.0025050100200401,-0.0121504388008208,-0.0179543114430813,-0.0102373462968258,-0.0197002896025695,-0.0174216027874565,-0.0226445241899572,-0.0230890642615556,-0.0133231365645547,-0.0172929058465109,-0.0176373173142917,-0.0275009441888068,-0.0183057524089057,-0.0244897959183674,0.0089727051678671,-0.039614508152193,-0.0412373319764236,-0.048550295857988,-0.009505004162069,-0.0134062847445725,-0.0505902192242833,-0.0247834248540882,-0.0087961483274736,-0.0346772490496972,0.0217052850622374,-0.0206081689633431,-0.0226295737186399,-0.0274154273599853,-0.0186852350526086,-0.0208767854495131,-0.0202771959534738,-0.0101008624470108,-0.0083267881202786,-0.0126213080168776,-0.0175485888346766,0.0058680764147542,-0.0248996943540117,-0.0231693649507872,-0.0845807895365762,-0.0340410708064992,-0.0451319271794048,-0.0531594784353059,-0.0267073865874513,-0.0118384451428777,-0.0043947586933188,-0.0347303262468923,-0.0050653911999858,-0.0038180752066818,-0.009495254297305,-0.0343148784044405,-0.0326011190444791,-0.0247774772814408,-0.0084840618151378,-0.0255176144160748,-0.0066153973373025,-0.0094858859725657,-0.0414160182314657,-0.0064361005198819,0.019550207809329,-0.019420328177104,-0.0302079376352255,-0.0342064667047471,-0.0010937960869136,-0.0121870571563532,-0.0061200394694065,-0.0085253644951673,0.0004568203274895,-0.0271083717635578,-0.0211361593057733
2023-10-04,0.0122529864910125,0.0,-0.0277017364657812,0.0028318667706255,0.0617409615417361,0.0321977782204891,0.0075368842726906,0.0277270835334422,0.0337868861638388,0.0056191416486877,0.0024599775670439,0.0249323822420306,-0.0193446075221181,-0.0293251750149237,-0.0070921985815601,0.0099296482412059,0.0236347689609008,0.0056985751124847,-0.0100386784375091,0.0086661111467212,0.018656923430528,-0.0203387163398177,0.0753138075313806,-0.0071165921819311,0.0281944668909686,0.0110346962694323,0.0137908517055878,0.0078724152757692,-0.0124140712578365,0.0106571936056838,0.0042369248554274,-0.0038042117323399,0.0102637024073211,-0.0093733042941774,-0.0124492059751591,-0.0129595033906532,0.0150933129498034,0.0288213294074985,0.0350468940870039,0.0022004639737993,0.0090816462145042,0.0172312764409301,0.0229318348138689,0.0200845085880481,-0.0049977065973549,0.0319168487472176,0.0098828821665095,0.0271752029240042,0.0024597288749976,0.0176062992125984,-0.0010593220338982,0.0173078754404343,-0.0302193885198495,-0.0397396257119608,0.0305921311992432,-0.0281167955722699,0.0076654175540757,0.0213874651734817,0.0023088725979687,0.0291428515788552,0.0079859067234195,0.0140065455580324,0.0022562457920245,0.0123199866810954,-0.0129411686789278,0.0266975085538045,-0.0238385013540111,-0.0050648488163137,0.0124155443364144,0.0095882012330119,0.0205635978853009,0.009854944081497,-0.0107753124203009,-0.0106645904988541,0.0231179649581769,0.0107455962334606,-0.0002839844835711,0.0760958857221094
2023-10-05,-0.0242185274032408,0.0,-0.010673614321133,-0.0135572683517888,-0.009921950176414,-0.0109553788888377,0.002992201830162,0.002388444084447,0.0041814715313286,-0.0080725315749921,-0.0098157637096465,-0.0006484589563624,0.0032080449911942,-0.031231436897682,-0.0102040816326531,-0.0008226521243001,-0.0077113866967304,-0.0011923919576555,-0.0152405380416952,-0.0202590206021784,0.0017661658639818,-0.0086437104708362,0.0350194552529183,0.0071676010757097,-0.0248849704209653,-0.0485345581802274,0.0040794417606011,-0.0056157986999891,-0.0023963100428813,-0.0052724077328647,-0.0173140740536744,-0.0031817086188492,-0.0299098643905696,-0.0094619944473623,-0.0143463255364593,-0.0122056631892697,-0.0033662405952661,-0.0025041560573221,0.0113680144745889,-0.0074662854095395,0.0033658208212601,0.0147618294033866,0.0158015665796344,-0.0371994190112432,-0.0146602641056422,-0.0154648355562591,-0.0489195847065838,-0.0423299983825872,0.0008117482104641,-0.0227697132893828,-0.0360551431601272,-0.0008284383702699,-0.0039318874944868,0.003372424078091,-0.0139749572845739,-0.0043281252851954,0.0064655941212141,-0.0013353572936758,-0.0064489791951168,-0.0238897193785834,-0.000721006373106,0.0237904791307073,-0.0004512589097995,-0.0055916454238962,-0.023343196655864,-0.0122923674672089,-0.0183169362233903,0.0047274362100411,-0.0002922473078104,-0.0901975337797945,-0.0059686900026413,-0.0081323099415205,-0.0124718014824364,0.0004543846182105,-0.0063049665910788,0.0115348706468161,-0.0051222386751684,-0.0014366673558429
2023-10-06,0.0232748714277639,0.0,-0.0287558934715201,-0.0034358984857479,-0.0178811832717795,0.0093761906089411,0.0406879923170444,0.000787344473567,0.0020712420979955,0.0040691138374311,0.0074348010323972,0.0038932783694034,0.0054884455495296,-0.0031524122807017,-0.0149484536082473,-0.006546796982896,-0.0349027449554626,-0.005377022449554,0.0051638500212005,-0.0068883209879746,0.0017708187706788,0.0043544744756909,-0.0263157894736842,0.0,-0.0151010030700243,0.0080228040734695,-0.0108444960364131,-0.0017199956317571,0.0030040877265857,-0.0106007067137809,-0.0076815720739402,-0.0063837284013734,-0.0226845737457913,-0.0101886992553539,0.0,-0.001885909989288,-0.009851097003051,0.0005063077507279,-0.0058539878483943,-0.01283846738652,0.0078466833907007,0.0098373745376061,0.0094074828043551,0.0045537086185221,-0.0012719484202985,-0.0109944223908345,0.0020579051944364,-0.0165693536323499,0.0,-0.0307538006756756,-0.0099009900990099,0.013701646071258,0.0250847765532276,0.0238274190551792,0.0089745247639985,0.0189895027257167,0.00189177454655,0.011592380952381,0.0097338120347092,0.0,-0.0169368875199106,0.0191164577898192,-0.0036014405762304,-0.0051269329364094,-0.0024182799983512,-0.0114896403151203,0.003515451188859,0.0170113819549606,-0.0029196269982237,-0.0478177031186263,-0.0048781842049948,0.0114724397359129,-0.001566426263747,0.014568492012261,0.0074013380644111,0.0026845970623261,-0.0051455735613505,-0.0765555319600764
2023-10-09,-0.0015188195550317,0.0,0.0111081955742149,0.0186767097492082,0.011772532102324,-0.0050726372189795,-0.0053209505063247,0.0,-0.0089783615028528,-0.0059227527007347,-0.0036963393494442,-0.0077563590737994,0.0009086660781971,0.0601069565154464,0.0036630036630036,0.0206253091122963,0.0080523639103406,0.0102120475814084,0.0089790138150263,0.023969381890381,0.0170721496022701,-0.0095483923007894,0.0308880308880308,-0.0008938168241217,0.0084585627138817,0.0250171037628279,0.0274084711477586,0.010329940809908,0.0047837412818267,0.0223214285714286,0.010700759982716,0.0096371133160431,0.0095261660274652,0.0019286107879752,-0.0061763386003449,-0.0047614728822781,0.0053997426230463,0.0205478007843797,0.0115392450743576,-0.0085178086475157,-0.0111140053833462,-0.0072026883447408,-0.0086017234003544,0.0203570832638078,0.0008490455556855,0.0071435103799371,0.0082147156716945,0.0449396164155029,0.0245170328860049,0.0,0.031111111111111,0.0221253864317962,0.040970714633822,0.0429742113489861,0.012432072182918,0.0877855385597927,-0.0033961112757086,-0.0068049242495565,0.0128516896605177,-0.0190367261483586,0.0025667053675475,0.0088274983972418,0.0479404798681908,0.0176119099733096,0.0228847292811591,0.0266382496848491,0.0191307054429279,0.0088956177074668,-0.0049804973817131,0.0346996397624377,0.0184805091804729,0.0243119015380133,-0.0110638993299557,-0.0071796493420401,0.019950392890992,0.0133820974854128,0.001438075726442,0.017621018742095
2023-10-10,0.0060753005383877,0.0,0.0878892733564014,0.0231304406278358,0.0487121015901077,0.0229201173302735,-0.0016482513237826,0.0079086570810431,0.011156252715738,-0.0078433933082224,0.0074073126423253,0.0130318009384569,0.0018221668871423,0.0218815916118857,0.0213764337851929,0.0096916991906121,0.0438174428925119,0.0139726728713771,0.0254132262254938,0.0252643798395224,0.0040477497255764,0.0192910660477239,0.1647940074906366,0.0035671415305866,0.0346127459297564,0.0299463812935234,0.0413310087772034,0.01217328759972,0.0351188449430415,0.0227074235807862,0.0213956789502509,0.0270445232602183,0.0100207390648565,0.024404961960341,0.0026617550947658,0.0038274023784572,0.0226182206442318,0.0245606966870177,0.0244479608717542,-0.0022660110030018,0.0134925512921826,0.0038452444654613,-0.001083902253592,0.0177432542927229,-0.0080785919750376,0.0252436588171196,0.0458195780946362,0.0698957550713748,0.017542912663284,0.0096180029845218,0.021551724137931,0.0196391354078602,0.0102997350584679,0.0074379871169791,-0.01053244550219,-0.0041283957967679,-0.0056750364950547,0.01333909667243,0.0389650142286628,0.0304925645966107,0.0250447916465987,0.0120299348508146,0.0012970997047132,0.0200842212259271,0.0060526900470614,0.0391469258424863,0.0230042037992663,-0.004408591707277,0.0055947394529836,0.0273632308937277,0.0185208374095089,0.0300657391654859,0.0063953200138813,0.006026627678741,0.0447748406782788,0.0140844382584914,0.0129119002902511,0.0610999689274314
2023-10-11,0.0030147254217407,0.0,0.0134780534351144,0.007167917164895,-0.0130173835698063,-0.0016553895140571,0.00948073453449,0.009417975289369,0.0144816991287346,0.0037922879177376,-0.0036700742904312,0.0257317542846138,0.0117869418031884,0.015898622898693,-0.0142930066360388,0.0024126391158845,0.0,0.0052776983900162,-0.0012522752093191,-0.0006034477395595,-0.0005770033785066,0.0129135997283449,-0.0257234726688103,0.0115322553345142,-0.0010196151131203,-0.0296157086384548,0.0076783188522933,-0.0012034521885637,0.0045994390646462,-0.0059777967549103,0.0035263574013837,-0.010530939033876,-0.000587999216001,0.0,-0.0030991123383782,0.0019064046116834,-0.0071891992188114,0.0167778298724019,-0.0688647209018763,-0.0045306079443684,0.0155365600092409,0.0080763127882181,0.0126661044143663,0.0065343724056667,-0.003858384983264,0.0076857975122026,0.009738515268201,-0.0402027694265837,-0.0031386487012183,-0.0076167871399288,-0.0052742616033756,0.0035338195845433,-0.0033982440065577,-0.0025552258489944,-0.0336736521583378,-0.013470312999506,-0.0026685230305141,-0.0028437366699843,0.0061040730647419,-0.0197332463971003,-0.0085598595005251,0.0079260875865612,0.0034446379940626,-0.0049644569791545,0.0047046069009824,0.003179403473811,-0.0077538156490194,0.0035424907612144,-0.0040985278681349,-0.0472513784323423,-0.0007299746814045,0.0127986004408151,0.0063382594417076,0.0086854030301641,-0.0068945505926285,0.0082446821318666,-0.0036812179624173,-0.0215951442870833
2023-10-13,-0.0233235885254887,0.0,-0.0232631124710683,-0.0317520890819781,-0.0433155192507586,-0.0357450278620939,-0.0030603800747222,-0.0147735134915144,-0.0149527167985089,-0.0141694017955557,-0.0245997756704395,-0.0291627974025364,-0.0219622042811263,0.0319407411304029,-0.0155359917141375,-0.0295548654244306,-0.0457820541508167,-0.0320827489481065,-0.0210820977124612,-0.0306636953301047,-0.0103768639992707,-0.0110431867481759,-0.0363036303630363,-0.0043840567584751,-0.039570039826988,-0.0316326076310048,-0.0571772322323755,-0.0168533308852779,-0.0263328718570304,-0.0266323024054982,-0.0371324511615989,-0.0366321838690986,-0.0449757190885319,-0.0313471676447121,-0.0084346301304721,-0.0123680514655915,-0.0520730714527812,-0.0127327267769046,-0.0256269761877234,-0.0072854925204628,-0.022948302337485,-0.0033755741242875,-0.010364667706011,-0.017320739656778,0.0146298379615923,-0.0312997451097198,-0.0404961975921778,-0.0471225735647163,-0.0361593245292725,-0.0479866063663245,-0.0413573700954401,-0.0105729636109785,0.0314775349173079,0.0330315086120391,-0.03119290348206,0.0504190540719684,-0.0141210580949994,-0.0099927202863854,-0.0247074003239414,-0.0100554615437286,-0.0323802984219526,-0.0178709907900354,0.0206213294082553,-0.0143149649949483,-0.026816580186637,-0.0642649657113765,-0.0005222851109004,0.0337159390677177,-0.0152884128355629,-0.0252540303586706,-0.0261983213696639,0.0035399135192877,-0.0126129948112129,-0.0114316615048346,-0.013395749437874,-0.0060278657438587,-0.0179151913572042,-0.0377658300864151
2023-10-16,0.0023104193364327,0.0,0.0714113583420357,0.0067843656416008,-0.0042308008889619,0.0120654012403684,0.0202801599229855,0.0110500660938532,0.0103419731452714,0.0124569286210092,-0.0025220186603245,-0.0041990110224039,0.0114598936427678,-0.0021664882499873,-0.0163072067332983,0.0065870179742919,0.0079729856486256,0.0003035094504031,-0.0025319095065754,-0.0099280760339068,0.0052428361978307,0.0017148554336989,0.0,-0.0052885154061624,0.0089772744162541,0.0257925105169996,-0.0040409564609729,0.0078357831503428,0.034101300923331,-0.0194174757281554,0.0059314667852017,0.0035735389290638,0.0134553704138309,0.0090603277729452,0.0094055726069441,0.0115596330275229,0.0164510178712256,-0.0019084256994631,0.004008605345839,0.0022923145268769,0.0100701417387001,-0.003387007218212,0.0014470591857469,-0.0087994801537878,-0.0004230838435466,0.0212819582224372,0.0030039397825609,-0.0164843075151165,-0.0024476875793658,0.003026150508165,0.0276548672566372,0.0,0.0099207365591948,0.0110241319543644,0.0378549758110804,-0.004000416668336,0.0046473631660162,0.0032445012147928,0.0026693813978362,0.0166296131614052,-0.0081803953494954,-0.0029099684161965,0.0075749590348515,0.024972786647315,0.0096300605728756,-0.0034403302717059,0.0080797696200662,-0.0203213131318719,0.0083585792684541,0.0231271450550318,0.0044851724777814,0.018135389772161,0.0016029613471484,0.010662999487411,0.0,0.0077991725092385,0.0031869666598989,0.0203875039587384
2023-10-17,-0.0161449875879575,0.0,-0.0412355675513571,-0.0196571788016983,-0.0122724066481506,-0.0400356532719304,-0.0090358980777655,-0.0109292966435824,-0.0102361115544631,-0.0025247756439203,-0.013912724509714,-0.019138208450079,0.0027161084632645,0.0210892998544025,0.0090909090909092,-0.0179891376341237,-0.0396891866741113,-0.0153617273256696,-0.0165290490197542,-0.0093984718564738,-0.0342023274993126,-0.0008559598694163,-0.0410958904109589,-0.0061952285476131,-0.0219857111291155,-0.0229029872487281,-0.0243593654667479,-0.0104501235330451,0.0056824989302524,-0.0225022502250225,-0.0088461451859858,-0.0084183816519936,-0.0331918178309533,-0.0121906563730126,-0.0093179321198444,-0.0085706511881007,-0.0187852387605819,-0.0239210615033939,-0.0079852011715739,-0.0018320213696427,-0.0210488402247513,-0.0106103094570418,-0.0147878663660585,-0.0355650249938539,0.0033958335360455,-0.0115791240140963,0.0040086162210728,-0.055862548488619,-0.0147221607261456,-0.0100529401719132,-0.0064585575888049,-0.0213763569543491,0.0226628703597246,0.0269885346766689,0.0292057305382913,0.0080329685579876,-0.0069387976364719,-0.0064642388934854,-0.0288124570129182,-0.0036350206049295,-0.0067488526950417,-0.0229962273552336,-0.0292398773152,-0.0245236430575346,-0.0180188730408373,-0.0187329062230715,-0.0162863880053752,0.0017428423010035,-0.0094707980600805,0.0171773937016224,-0.0059548375685396,-0.0192971821665119,-0.0111697739646923,0.0081716694012805,-0.012064714251685,-0.0174039919512498,-0.0106804452485356,-0.0414567503006723
2023-10-18,-0.0210862801639095,0.0,-0.0728808257741632,-0.0326555130069147,-0.0520855998854402,-0.0124187558031568,-0.0048627641486519,-0.0110500660938531,-0.0089766606822261,0.0088611398068081,-0.0115316655816981,-0.0287671862460535,-0.024849567567219,-0.0085053956103403,-0.0190779014308425,-0.0274780121944638,-0.012355249769853,-0.018354870775348,-0.0271308414052774,-0.0183401538713374,-0.0240122710057956,-0.0300440300440301,-0.0321428571428571,-0.0142585120369952,-0.0348006175396317,-0.0451824499438086,-0.0208089051482888,-0.0142431914735908,0.007913950678217,-0.007366482504604,0.0,-0.0179622940274134,-0.0511876247504989,-0.0240257634029934,-0.0300031172069824,-0.0307063684459285,-0.0017690753565793,-0.0573555414649737,-0.0010048897729154,-0.00137357757753,-0.0101841086697376,-0.013308139425754,-0.0208608548217646,-0.0506981618375959,-0.0194526871084735,-0.0444921601917506,-0.0319294179736351,0.0236697093612925,-0.0207467325768641,-0.0477159812310239,-0.1007583965330444,-0.0368146309410819,0.0233939979102464,0.0225665145356088,-0.0461093626058698,0.0,-0.0124142511418017,-0.0491679849111705,-0.0278413443240562,-0.0282888190881246,-0.0362318200098108,-0.0097082515584657,-0.0301205999627717,-0.0287238482335648,-0.0202341668162425,-0.0271358209199451,-0.0194485334127578,-0.0241863663521481,0.0041842747004741,-0.0604417994181363,-0.0247014630288652,-0.0030280863514962,-0.0032202626265995,-0.0366978332322812,-0.029011762405917,0.0024020730618425,0.0002944576864303,-0.0354324107106719
2023-10-19,-0.0008042557727153,0.0,-0.0392628205128205,0.0011854778957767,-0.0139473105959536,-0.0116837074470169,0.0077374065775277,0.0063908439673356,0.0048706933958169,-0.000942380183091,-0.0324314879776352,-0.0037456319161328,-0.0143650793650793,-0.0202190635082329,0.0037817396002159,0.0085581524377558,0.0,0.0283584885598993,0.0225815009597527,0.0077305834956378,0.0006156837329875,-0.0044264147067886,-0.0553505535055349,0.0289295159250317,0.0127570924752662,0.0030025702000913,0.0042470302720651,0.0117103711384269,0.0,0.0111317254174398,0.0327300917498927,0.0192878017880535,0.0026401321117901,0.0059901088031653,-0.0013843311023354,0.0049547778214706,-0.0020642224929765,-0.003642190345461,0.004531737719198,0.0055077962886109,0.0057243112241105,0.0073937856689918,0.0115848573538082,-0.0121430915654743,-0.0008603979587799,0.0081735040501698,0.0051553722534309,-0.0693672260051369,0.0084802478106236,-0.0095890245522505,-0.0072289156626507,0.0167989994504558,-0.0072180237348263,-0.0046748922765612,-0.0148609136511173,-0.0033859076806432,0.0011791855328673,0.003799300928629,0.0173695425937856,0.057281105065553,0.0,0.0113162432463502,-0.0137527336272772,0.014786653713944,0.0104634203053768,-0.0025846312555366,0.0016063694007073,-0.0017829327510884,0.0050567708313693,-0.0037823389984366,0.0030731432417201,-0.0010124278360775,-0.0129561432875795,-0.0143828956368051,0.0125836392555853,-0.0013070819637213,-0.0102100259666214,0.0075590003656613
2023-10-20,-0.0023953141061695,0.0,-0.011149642245731,0.0088699844237858,0.0039196569802721,0.0136451469058118,-0.0032310568995418,-0.0126901446448211,-0.0187082357259291,-0.0131812669206551,-0.0040144464508959,-0.0010267052990415,-0.0291488847733311,-0.0031255431878609,-0.0199138858988158,0.0025442842997027,0.0,-0.0045443803296768,-0.0012971950065622,-0.0083133112262796,-0.0079908675799086,-0.0328866606835225,-0.0234375,0.0087834968598439,0.0010939991833527,-0.002394865408564,-0.0098572291646792,0.0002464393426719,-0.004485945538257,0.0091743119266054,0.0026589382394914,0.0114193705575151,-0.0065672142842155,0.0039722493156719,-0.008323689405707,-0.0118328376897793,-0.0023678351125731,0.0015697811637236,0.0145352438369741,0.0114151616460003,-0.0009757251411843,-0.0012966902924477,-0.0036913738421793,0.017215342796738,-0.0254629858753427,-0.0097245404688098,0.0082062891302041,-0.0434735435922125,-0.0100869334395115,-0.008621005011645,-0.012135922330097,0.0012393421236545,-0.0109057535905021,-0.0127784586547473,0.0,-0.0065966230095015,-0.0031423247682361,-0.0128766992302665,-0.0046128741567013,-0.0177649069502467,-0.0013710533495658,-0.0074930888985886,0.0193420527054293,-0.015730998996677,-0.0114428762691063,-0.0005171415562588,-0.0098997775101549,-0.0192923812260942,-0.0002926499831162,-0.0123418041915561,-0.01568644886444,0.003547088597505,-0.0245904419495981,-0.0270107829607867,0.0129376052174603,-0.0139798445929897,-0.0038287308211265,-0.0193001035209005
2023-10-23,-0.0007971148331405,0.0,0.0488746837128779,0.0020539116887834,0.020370021701862,0.014341297462167,-0.001419080804988,0.0007987304389864,0.0014081408140813,-0.0025448451368629,-0.0067363077223469,0.0386598880801725,0.0019352519974564,0.0069003374287606,0.0076880834706205,0.0084639971466589,0.0417974882260596,0.0,0.0260081600220045,0.0103185674144179,0.0154902104807841,0.0064319313927316,0.092,0.0,0.0125826336568135,0.0203572114461301,0.0313272744789492,0.0046772831085943,0.0084525835505373,0.0172727272727273,0.0055259073183306,0.0145162810670409,0.0330320182478669,0.0250319264789991,0.0144531396263152,0.0179459562201034,0.0032601293263296,0.042208059097859,0.0059297285196793,0.0099338327455036,-0.001139457795667,-0.0038888188579352,0.0011120422049004,0.016894299287411,-0.0066425274105822,0.0147300537065924,0.0122092411325123,-0.0194813480979455,0.0364971892088603,0.0086959730387936,0.0528255528255527,0.0280554314645224,-0.0602794174744503,-0.0660520310360566,0.0301974132062627,-0.0173034020350542,-0.0039368261704327,0.0168830015660064,0.0398682639419032,0.0226101750621077,0.0141173607491913,0.0221313127611229,0.0070635163852479,0.0285981483213317,0.0063413911559107,0.0134695094174086,0.0097307549581493,-0.0091082347804366,0.0038505997327848,0.0538385049871348,0.00077608508192,-0.004039487121298,-0.0033555880102926,-0.0019141050441341,0.0040895112216188,-0.0013322648994902,0.0026618144335082,0.0082019922590665
2023-10-24,0.0032007315957933,0.0,0.032249873031996,0.0125805675721839,0.0068195546991995,0.025645968060602,-0.0046721012288599,0.0024152813802806,0.0,0.0012735946898982,0.017621949507147,0.0164694696809635,0.0231988631660275,0.0221176787500962,-0.0168937329700273,0.0016867535435427,0.0161047278206818,-0.0015233573212651,0.0050638190131511,0.0325421310273297,0.0036647994406358,0.0164380948343474,0.0549450549450549,0.0095821517192484,0.0091886058247703,0.0105637116506682,0.0207227264942626,-0.0063721292331647,-0.0061447377273441,0.0035746201966042,-0.0002181851901348,0.0076326158399147,-0.015354105332025,0.0057784028372263,-0.0096519396153987,-0.0107675790063329,0.005319560052557,0.0294985250737462,-0.0068759720308015,-0.002684153106402,0.0057186032385665,-0.0017337053839777,0.0,0.0261321498437911,-0.0133790036042024,-0.0016197924189588,0.015065913370998,-0.0662280384643193,0.0024577289106533,0.0053774585716199,0.0105017502917152,0.0268824261627247,0.0153852618015533,0.01499306057822,-0.0439551725960775,0.0002050789861716,0.0086971026647328,-0.0049057936788292,-0.0089178568907505,0.0017676863160283,0.0172080450610352,0.0253810746731564,0.0205929451203998,-0.0070280394224824,0.0095888298543449,0.0194279816208298,-0.003479696423467,-0.0347412715110856,0.0,0.0054764938766378,-0.0058222789359877,0.0086187253628635,0.0067512167890724,0.0228585854061735,0.0127203414681829,0.018464916167016,0.0327439813697496,0.0059630543353992
2023-10-25,-0.0063907368257722,0.0,-0.065969659696597,-0.0109783806114017,-0.0231328397195739,-0.0051775981958277,0.0002053639097376,-0.0064112637103617,-0.0028123214834996,-0.0041390968565238,-0.0186414250824445,-0.000325646008931,-0.0118117402765511,-0.0143256496898619,-0.0210643015521063,-0.0067084928976887,-0.0197886736490869,0.0006092818894674,-0.006297882429649,-0.011740318236201,-0.0048685569693233,-0.0080809134038892,0.0069444444444444,-0.0117186214161097,-0.0144519335768346,-0.0133634437641143,-0.0203020134228187,-0.007889901787568,-0.0078694406209807,-0.0169189670525379,0.0037372367907775,-0.0022096013496669,-0.0292145096654969,-0.0127747210991883,-0.0037145395026988,-0.0029728666928824,-0.0246854568063001,-0.016027458130947,-0.0210202792857943,-0.0040341718082582,-0.0079693599469691,-0.0021740646134538,0.0018530997304582,-0.0370191213293876,0.0009067921321532,-0.0024181297729645,-0.0108927006385377,0.0212775842044135,-0.0187841026397287,-0.0471073377804729,-0.0484988452655889,-0.017975527188095,0.002824215840437,0.0052962021415914,-0.0134085316966631,-0.010032457347191,0.0176300896663237,-0.017442393831942,-0.0080959164292496,-0.0202972399150742,-0.023758493522333,-0.0174707800438845,-0.0137400102646823,-0.0105480016481251,0.0018953858116834,-0.0295909202253613,-0.0051045944276795,0.0017129097463124,-0.002362811147085,-0.031760927190759,-0.0039083780437474,0.0135659461993324,-0.0167561947669381,-0.0009374589488517,0.0035197899708507,-0.0072017902974002,-0.1011144225458122,-0.0140147504800187
2023-10-26,0.0152744024439044,0.0194366036107689,0.0557482112286555,0.0259980298721504,0.0334917835623851,0.0164731885632243,0.0207961595056633,0.0233749802309031,0.0254593927642885,0.0019179723578994,0.0311999100137791,0.0087537210245249,0.0234214565921881,0.006802201405003,0.0056625141562853,0.0261538882204965,0.0242068932910974,0.0292524752475247,0.0164931850040264,0.02188859540087,0.015884127942064,0.0226426994638915,0.0206896551724138,-0.0009104131277132,0.0342182079378905,0.0423558838103776,0.0207227264942626,0.0037275566734715,0.0169952181403625,0.0244565217391306,0.0427149267157855,0.0344701299945922,0.0247465457500963,0.002586465702387,0.0158363000417727,0.016880699208027,0.0301289674719564,0.0162885217310058,0.0608748351588326,0.010803303172417,0.0218133760988359,0.0239604639640214,0.0247761476374641,0.0456519812073397,0.0022571610505117,0.0267156989692858,0.0390448791714614,0.0208342810353454,0.0216423378233669,0.0213451111167679,0.0521844660194175,0.0242744158070973,-0.0074275044616606,-0.0102569014732082,0.0485344392759066,-0.0074437061952181,-0.0088564283586267,0.0127345354756474,0.0326527681371022,0.0423408845738941,0.0171325785727638,0.0285250350334764,0.0082716306362564,0.0151578246023154,0.0100203039353601,0.0377294986789629,0.0037804235839591,0.0020918011249333,0.0147875553690144,0.0974691006464634,0.0352927040475983,0.0411505435660832,0.0187335882840173,0.0214303786624592,0.0355489439193608,0.0120884310355739,0.0378147146508385,0.0267899392130455
2023-10-27,-0.0269168653387679,-0.019917596426459,-0.0422435657561015,-0.0219229203419731,-0.037642216455643,-0.0451897075632126,-0.0253626485194744,-0.0165358224639922,-0.0103456055348452,-0.0121294416138262,0.0013225890020587,-0.0282800105809563,0.0224254706415656,-0.0144325007903888,-0.0123873873873875,-0.0189056317198927,-0.0354521534413515,-0.0091770919007835,-0.006249633237486,-0.0208052203110646,-0.0444993623711871,0.0070823568109863,-0.0371621621621621,0.0,-0.0441172124364581,0.0045049123919047,-0.0527760829774253,-0.0104015452825214,-0.0323098254520244,-0.0282935455349249,-0.0157558097104787,-0.0241499220810159,-0.0450418484272922,-0.0238861205592623,0.001374815105781,0.0,-0.0824799547526365,-0.0199091879523365,-0.0271437853211232,-0.0235948854751172,-0.0190952290991528,-0.0114889762900285,-0.0147934303837061,-0.0344749632643834,-0.0090083109933418,-0.0370684262566337,-0.0154164774677991,-0.0068030242264902,-0.0374855188393005,-0.0352055631020775,-0.0392156862745097,-0.023309114174781,-0.0072232557656132,-0.0072817225280469,-0.0129616761986209,-0.0047910189261941,-0.0186453646184395,-0.0228640144303037,-0.0294229449832186,-0.0406209573091849,-0.0344567894870144,-0.0252122648650285,-0.0129520307899509,-0.0232905807604305,-0.0203769390681496,-0.0532879267007216,-0.0220549013171391,-0.0149869202452479,-0.0101997104788915,-0.0222054298148182,-0.031816417271312,-0.0252344151395786,0.0418122686226345,0.034762476887429,-0.0290096471782931,-0.028453094484477,-0.0315374079725162,-0.020235858532147
2023-10-30,0.0057002291946572,-0.013834403388102,-0.0441067940091165,0.0,-0.0176878339551608,-0.0107153284671533,-0.0069675453897747,-0.008014079637952,-0.0111485019539731,-0.0129215041740577,-0.0078842016394782,-0.0224848598408382,0.0132423128080745,-0.0143358942691709,-0.0547320410490308,-0.0134169857953774,-0.0285714285714286,-0.0125484827743554,-0.0213469544421152,-0.0218748584701184,-0.0006300204756655,0.0114317209843528,-0.0350877192982456,-0.0045673263915899,-0.0197800159229515,-0.0241362991008045,0.002866344605475,-0.0155158637084623,0.0005719799171497,-0.0145586897179254,-0.0155816780227899,-0.0206755318066848,-0.0273424693462724,-0.0198376490576723,0.0018326131592658,0.004887054735013,-0.0471790818010072,-0.0297356311656096,-0.0041608492063892,-0.0127714447218426,-0.0103112638705759,-0.0064576456264983,-0.0080620816721663,-0.0238234605478809,-0.0097156706888015,-0.0221081307627829,-0.0058716999808776,-0.0616466013609511,0.0391937717915651,-0.0079826396961946,-0.0120048019207682,-0.027046550757151,-0.0080574806501818,-0.0101584404746585,0.0,-0.0295156143198009,0.0,-0.0116995048631707,-0.0036204022563035,-0.0018107566651256,-0.0025767212962534,-0.0129344006247559,-0.0192472411457711,-0.0162861889384577,-0.0323007640965661,-0.0152566276686251,-0.0228280121917228,-0.0052012819153028,-0.0061821437898743,-0.0227003975828452,-0.0176049206145807,-0.0039092311662357,0.0449496039719043,0.009026805219676,-0.0159361787606895,0.0082734650024014,0.0211833234235958,-0.0369537294441864
2023-10-31,0.0404514690425439,0.0039463340772278,0.0,0.0142630195145301,0.0109072900558908,0.0018101506163366,-0.0022711866084109,-0.0080682634224645,-0.0140954848341803,0.0068732327189724,0.002648952085535,0.0013526367374692,0.0072199378390378,0.0256097322840795,-0.0307599517490951,-0.0025464556090846,0.0084244753177653,0.0117984819286585,0.0089754419839498,0.006389734091811,0.0037825059101654,0.0226151191305137,0.0,-0.0073457176029292,0.0084060119545161,-0.0005773405385431,0.0,-0.0010175815478546,0.0120855516162186,-0.0009233610341643,0.0106257347224798,0.0108745326132113,0.0098422542807063,0.0114677794719524,-0.0050289378051316,0.0038906300659244,0.0133844303720391,0.0250288691355371,0.0,-0.0212449974055098,0.0,-0.0155952929881187,-0.0096020148490174,0.0463512622174253,-0.0046475885699849,0.0267973856209149,0.006890777220833,-0.0291984763240521,0.0022428944368864,0.0057552083333334,0.0024301336573511,0.0114458581396099,-0.0086435866135222,-0.0096953890762393,-0.0168954593453009,0.0289030953404616,-0.00198164081716,0.0181513288698691,0.0131680496234618,-0.0153421590952951,0.011131798822352,0.0078623349651387,-0.0298868200443782,-0.0037570801036043,0.0398853594459038,0.0347258864117356,-0.002251174659257,-0.0015491008525281,0.0011825522857047,0.013404978992197,0.0079650932837389,0.002943429922666,0.0153503893214681,0.0120264514682808,0.0015163886620785,0.0031034855285254,0.0219807692940297,0.0005635531399301
2023-11-01,0.0101020591206486,-0.0021808703511989,0.0307461737590262,0.0344447864300125,-0.0047949355243136,0.0405369575677825,0.0010315515924579,0.013829741929989,0.0092863744168179,0.0146296280631708,0.0039560860756722,-0.0020262143742031,0.052368631209072,0.0061624383200848,0.0280024891101431,0.0425860760367073,0.0333186770237921,0.0152514867648771,0.0229043012842555,0.0545988721359746,0.0464255315632462,0.0178518562377878,0.0872727272727273,0.0074000764749544,0.0166796997184861,0.0172609007093837,0.0199267799222837,0.0226480836236935,0.0204649835972043,-0.0009242144177449,0.027032998038271,0.0208849205941481,0.0027814864263462,0.0246828362649655,0.0188339318215358,0.0174246036018024,0.0145257900369903,-0.004983101469779,0.0208911710444066,0.0155696796485091,0.011571336616619,0.0192751912119499,0.0140923419247174,-0.0093123209169054,0.0116811557416927,0.0008139328609739,0.016620218456421,0.0,0.0050077041602465,0.0160016571295409,0.0254545454545456,0.0080837463354139,0.011625266146203,0.0109400050125112,0.0324437467294609,0.0077566747509107,0.0158706539379032,-0.0375960080230908,0.0309285666972625,0.0146698547713777,0.0206397469921946,0.0104013345108429,0.0312681555766081,0.0178181991333745,0.036726938656199,0.0201340401447991,0.0,-0.0023262095347371,0.0059207763378927,0.0467339801444044,0.0375320907516019,0.0371630348163007,0.0196725929635657,0.0191303127964885,0.0181949944353858,0.0506182872024829,0.0021211877363804,0.0174853402256698
2023-11-03,0.0230958322818233,0.0455139143440983,0.1156591469862529,0.0238625769467273,0.0445698625513097,0.0571436660658166,0.0351257889678269,0.0488096863284572,0.047449885815783,0.0076866321796438,0.0250064765956286,0.0822590568564294,0.0250968298102256,0.0196103785515822,0.0690072639225181,0.0253338804251432,0.0604699541392841,0.0173769471895863,0.0124380654496558,0.0337170386343663,0.0359712230215827,0.0584819134599536,0.0869565217391303,0.0110074126998305,0.0754463015236936,0.063442667635835,0.0586753569798013,0.0169171966466004,0.0395556350706129,0.0527289546716003,0.0110718034443881,0.0201490208971446,0.0825807167424832,0.0377622919086333,0.0302061015721657,0.0313954894491808,0.0231054254441003,0.0280419602515087,0.0170923009038221,0.0757488479262673,0.0366106309932521,0.0229081157303652,0.0275944936394743,0.04234273318872,0.0087760104956695,0.0790645299189858,0.0403793648512718,0.1203066769549014,0.0257442187300369,0.0888529269349371,0.0933806146572102,0.037828694448716,0.0083626822321065,0.0119588699871322,0.0813348627524208,0.0027045667171603,0.0156181338801817,0.0217477866734443,0.0056540994515708,0.0496798431569494,0.0556628027603627,0.0205841065800276,0.0240723540965634,0.0249167259253715,0.0141649715693581,0.0597153482342471,0.0135405972002777,-0.0056370542928497,0.0217693566484136,0.068242035585015,0.0552171429031245,0.006125574272588,0.0192930486700535,0.0125153498683261,0.0158807829181495,0.0025254643219918,0.0136027545979557,0.0715072116123871
2023-11-06,0.0165539923259638,-0.0125580551889502,-0.0768926977607518,0.0051469163706814,-0.0413505778078694,0.0024550064276533,0.0069877857334303,0.0022928660826031,-0.0006846140883047,0.0101761802921309,0.0333754572663784,0.0087580549694188,0.0091261192969156,-0.0138232883279977,0.0039637599093997,0.0103530626734653,-0.0570218457423093,0.0112942526789157,0.0221163562869928,0.0058240837317544,0.0491904500548847,0.0007877261277764,-0.0923076923076922,0.0108875687374394,-0.0061006136373389,-0.022363671315975,-0.0316747464533206,0.0002448722583052,-0.0021458881233965,0.0035149384885764,0.0033041369640389,0.0112435667658714,-0.0128211697908234,0.0006267393883321,0.0118219097832454,0.0036932276171353,0.0034986161110004,-0.0126678243408684,-0.001893768599513,0.0406012940651494,0.0066238401142042,0.0105605848939327,0.0093087337376778,0.0067704431310524,0.0146531534332317,-0.0475882193792757,-0.0258712282192946,-0.0402702267032049,-0.01052500467086,-0.0113632374109138,-0.0216216216216215,0.0,-0.0025916649272941,-0.00084383263338,-0.0034043812907047,-0.0039420065790157,0.0211424399213975,0.0082751529825375,0.0,-0.0197907753457174,-0.0145951096128621,0.0021626578199542,-0.0021757015274513,-0.004765426012653,-0.0018071212492305,-0.049663587638271,-0.0005580441764754,0.0142696135954951,0.0118056087586235,-0.0047335984596887,-0.0003584092728866,0.0234314515491933,-0.0072880590272549,0.0042126389902545,0.0009758599766043,-0.0090260090353045,-0.0095446637660859,-0.0884674331701212
2023-11-07,0.0044395715004672,0.0254355311822471,0.0579703944553777,0.016717315463838,0.075271168824915,0.0179800696404874,0.0112977433031047,0.0206485255334452,0.0264231284056535,0.0040908923386882,0.0,0.0186071644047232,-0.0045188589000979,0.0076185756494138,-0.0050761421319797,0.0071038879732199,0.0524325091012245,0.0051491485531685,0.0096183723623626,0.0295272404677844,0.0005521771035403,0.0015742122074666,0.0677966101694913,0.0035937431729802,0.0317121084558427,0.0511907362901464,0.0435991154247803,-0.0039131110592991,-0.0144983776908234,0.0280210157618214,-0.0074117412609925,-0.002702403871169,0.0519507485309691,0.0250762428137887,-0.0138433747495918,0.0156238592392494,0.0275740728722753,0.0350305583514054,0.0218159974213461,0.0062285925632106,0.0208327424341265,0.0263387066324822,0.0280212362991618,0.0426094865363946,0.011280537625623,0.0452078281777876,0.014233516932977,0.2377654944954266,0.0212739174219536,0.0292613636363636,0.0320441988950275,0.0253414449199445,-0.022077672950491,-0.016614579887368,0.0171543145700283,-0.0247866814094673,0.0173193801392081,0.0125123355263159,-0.0099440050746827,0.0140515881955394,0.0246254904936371,0.0276783903114843,0.0226885539026993,0.0082464202830752,-0.0147749277169155,0.0472354189279851,-0.0002761433396349,0.0032753113522625,0.0167914820276695,0.0229780188217008,0.0357393506652019,0.0073280431448832,-0.0014561781391256,-0.0198597402504867,0.0561259881886073,0.0173675274606732,-0.0153571988469303,0.053350461904672
2023-11-08,-0.0022099744108227,0.0045470148399839,0.0308140240203809,-0.0045087172746746,-0.04698710425013,0.0007960808328231,0.0127365784192543,0.0067435965195603,0.0052882344484834,0.0,-0.0211240409865608,0.0237445121732933,-0.0045452669681125,-0.0139110675320229,-0.020408163265306,-0.0078403511665376,0.0038185085354898,-0.0116754745619962,-0.0071485528027642,-0.0134959680940874,0.0060633346161944,0.0,-0.0158730158730158,0.0080542464381727,-0.0069397946657739,-0.0202024400889572,0.0117577808844089,0.0181716751257154,0.0392347742387118,-0.0212947189097103,-0.0041518127179829,0.0048194656849478,-0.0055563231549652,0.0146791393281637,-0.0048260111432713,-0.0045287901660555,0.0086382933932143,0.0,0.0088182578563746,-0.0057745270907356,0.0010696970117944,0.0069245009849761,0.0044881939918957,0.0,0.0165073497851366,0.0204808634965005,0.0243144424131627,0.0056499614494989,-0.0056082830025885,0.0152267917931732,-0.0053533190578158,-0.0026606483311444,-0.0236389250494855,-0.0214782684407576,-0.0236304786936312,-0.0286191648714619,-0.0066596960401923,0.009267268511186,-0.0109196673857331,0.0043227532328085,0.0028902162161019,0.028680021838646,0.0,-0.0027748462462243,0.0113079532604598,-0.0038386016448173,-0.0214510332434859,0.0274692567910912,-0.0002801418439716,-0.0061935356004426,0.0564655712107708,0.0727269011882745,0.0,0.0007142363849823,0.0087753556297189,0.0318462822185443,-0.0076456425036636,0.0264002726115106
2023-11-09,-0.0095947775715348,-0.011113037018695,0.0464869954101447,-0.0069254231585896,-0.0320324553777715,-0.0088198529733131,-0.0418037617816718,0.0029749173634066,0.0019611648502058,-0.0188050570962479,-0.1345159975277146,-0.0321139852559232,0.0016582176529111,-0.0380256703263401,0.15625,0.0102678856850584,0.0381740881628998,0.0080675747175411,0.0,-0.0102634017363385,0.0115050379651817,-0.0141730556596274,-0.0290322580645162,-0.0017815303885894,0.0009973240811624,-0.0010606478437029,0.0064432614829681,-0.0108509488832948,-0.0115355064150465,0.0017406440382941,-0.0016645472121418,-0.0014992649707449,0.0031062989390946,-0.0102443150861697,0.0013214949411519,0.0027296360485267,-0.0097887794289529,-0.0119149064151019,-0.0066707727294261,0.0037345220936899,0.0010824313072439,0.0040424516349537,0.004468140112289,-0.0279679610880542,-0.0074614261159848,0.0074381973309998,0.013700643562797,-0.039327531111806,0.0016114037806012,0.0140015406225928,0.0247578040904199,-0.0156314589503738,0.0212195487238684,0.0207767940561462,0.0086490528414757,-0.016490813110725,-0.007079962962316,-0.0118619857157227,0.0088312463008963,0.0172442396313365,-0.0045042669226469,0.0027231269826364,0.0234625041888656,0.0031110016330477,-0.0137838773228262,0.0067395168880057,-0.0222004398522246,-0.0011223639083294,-0.0016813220724954,0.0639084624077643,0.0221033955082108,-0.0067815336552657,-0.0205681300319002,0.0048471662510829,-0.0174039031200322,-0.0012107673405562,-0.001231156107975,0.0015784538142082
2023-11-10,-0.0044817064889677,0.0278844757388032,0.0825461088618981,0.0018792606962851,0.0226974828671526,0.0485483984760828,0.0147475481293135,-0.0126107438497178,-0.0144148919902542,0.0,0.0029325067614791,0.0408585551705451,0.0186418030460695,0.0140283520378026,-0.0135135135135134,0.0046830700688538,0.0404345202172602,0.0194431800235956,0.0131882996111143,0.0218905413302483,0.0070428565312326,0.0119853172911144,0.009966777408638,0.0097780469865442,0.0214491696077123,0.058758573825147,-0.0064020116479037,0.0190192865637068,0.0212213171484851,0.0286707211120764,0.0511251838197219,0.0126133855938952,0.014236811903914,0.0298414491934839,0.0457788592403185,0.0407898716674588,0.0052519163346893,0.0033735624311972,0.0219996947467828,0.0095070836046846,0.0117829715267958,0.0084631863133493,0.0119656376412542,0.028772674118191,0.0061911911911911,-0.0435443516027003,-0.0108123783089606,0.0526275466229115,0.0056308396757627,0.0631200285995172,0.0630252100840336,0.0061951538398266,-0.0031978137541761,-0.0045842842652465,-0.0085748881804929,0.0388998237729605,0.0292695801350431,0.0356181564234436,0.0105047257407355,-0.0449121598970745,0.0258826770652311,0.0118686025585694,0.0179230688925375,0.0001637077997671,-0.0108181431666182,0.0526359524069197,-0.0314411339238128,0.022646298605371,0.0109363397016135,0.0051314093802474,0.0264681808880704,-0.000853479607591,0.0210000620385879,0.0153262244713536,-0.0037310759826161,0.0119165839126118,0.0234503062013979,0.0366833761732516
2023-11-13,0.0059934154282699,-0.0020268064643432,-0.0175912459311585,0.0222217259958465,0.0090032892069311,-0.0409009478792568,-0.0037848415425736,-0.0150296961664948,-0.0199422832259332,0.0038322616578478,0.0058478646204191,-0.0109212540035656,-0.0036624508819482,-0.0097470996553564,-0.0116692034500254,-0.0108846279825645,-0.0106065628107392,-0.0072945143065427,0.0011820659731878,0.0045107341467827,0.0145257176058783,-0.0023723379894664,-0.0361842105263157,0.0070482882728482,-0.0083047121857398,0.001504272132857,-0.0103266719027256,0.0007184426899407,-0.0114276181340451,-0.0076013513513513,-0.0073449180408625,-0.0091953654074525,0.0122030922304052,-0.0242504378160539,-0.0088394864196418,-0.0017436791630339,-0.0208909219892855,-0.0081704468465917,-0.0135947114565662,0.0008196071173625,0.0,0.000797313577028,-0.0067566594845167,-0.032250389912501,-0.0105502967115506,0.0300879539599023,0.0109305636988021,-0.0388847105633461,0.0015998031011568,-0.0269014942939408,-0.0138339920948615,-0.0026934230567339,0.02244933111328,0.0279348955327254,-0.012088733798604,-0.0036576823183283,0.0051028039779648,-0.0059805602302575,-0.0125624005705194,-0.0461418786878402,-0.024347567412353,0.0130693180857954,0.0311219471262547,0.0135855233245429,0.0031997489322799,0.0,-0.0024073655560032,-0.0098827546820068,0.0066602231789825,-0.0087495726230067,0.0283041122197083,0.0222046261637391,-0.0058787786723378,-0.0020969062622377,0.0028102848034898,0.0111794817388537,-0.0135690512875543,0.0085938990048579
2023-11-14,0.0201061358068219,0.0259626134460755,0.0268593584772645,0.0337876002908474,0.0490546805320057,0.0185032534156479,0.0047957379735252,0.0236410389299739,0.0210235248176802,0.0073205775306299,0.0232554636783997,0.0185009124436901,0.0355124724743385,0.032699025826544,0.0277207392197125,0.0298800213974579,0.0357202680067001,0.0112998499166967,0.0283777589487865,0.005611646199068,0.0153723660592683,0.0870303720298211,0.0716723549488054,-0.0069989576020593,0.0339749672718205,0.0204674263513109,0.0677943683498911,0.0215188142430617,0.0246962409821542,0.0468085106382978,0.0199993548595207,0.0173596151665831,0.0548445540928628,0.0315205247414134,0.0259023475245836,0.0305399597976017,0.0480057107165166,0.028113371055717,0.0169993116059452,0.0012257621387434,0.0264838055570777,0.0059896257356188,0.014972533445422,0.0555327924827229,0.0084407488588147,0.0509434504700481,0.0342391979783753,0.0173418065012842,0.0487248345707616,0.056240685946308,0.0511022044088176,0.0142800441775383,0.0114976415094338,0.0137311467792211,0.0367352087801184,0.0149007697000376,0.0076153463473125,0.0274522058678101,0.0267546296296297,0.0492988562904028,0.0669084687912222,0.0234858143774649,-0.0043673452779775,0.0222672791215101,0.0287126894853886,0.0318180024076888,0.0451969610411782,-0.0295749572881572,0.0166259339431604,-0.0022027813053635,-0.0021421647819062,0.0233935973935128,0.0443133719419952,0.0309524404122709,0.0172626018786299,0.0049355838546516,0.0226176752342139,-0.0070134261782667
2023-11-16,-0.002188998289568,0.0098881280602993,0.034910064533846,0.0314154617079722,0.0277594035540107,0.0205434632869541,-0.0001954913030211,0.0275738515763441,0.0345554717137155,0.015480168859622,0.0241547315895609,-0.0020485962104103,0.0098563182825703,-0.0258220493720114,-0.0104895104895105,0.0244249319812019,0.0724133748433266,0.0243032390703501,0.0137905883624183,0.0195311597384293,0.0015683037556748,0.0691414333375564,0.0350318471337578,-0.0105617207249667,0.0219057316648356,0.0136983612991854,0.0325502016323273,0.0168561261030109,0.0092276654984122,0.0447154471544715,0.0276471575608225,0.0123573539151256,0.0291438647139972,0.0099854655225424,0.0033077174533344,0.0135596868358041,0.0242520221370796,0.018385105486278,-0.0072294369273497,0.0715137571107429,0.0185795704809066,0.0146825901476352,0.016089262083607,-0.0736763107499611,0.0176225728457837,0.0263707405144666,0.0208988403997516,0.2443163843209748,0.0144688614035382,0.0180554135568959,0.0142993326978073,0.0304421059795321,-0.0201558618200996,-0.0174146552020504,0.0118030712321435,-0.0353258900214431,0.0140395148834895,0.0204971837547114,0.0085445420891967,0.0115253016387537,0.0322016642620268,0.0313487166352326,0.0259284990986328,0.0219489933828305,0.0260932800052886,0.0176203659871947,-0.0204684240946899,0.0171426573484103,-0.0008242267722593,0.0265310130808815,0.0245177877003077,0.0065278223771731,0.0721361368391788,0.0066562390778506,-0.003671179770331,-0.0047155857940802,0.0005969959671017,0.0277645530058194
2023-11-17,-0.0051159072741807,-0.0086133374797977,0.0112109854389863,-0.0073695332141174,0.0024126132219204,-0.0147051379397621,0.0075541163734518,-0.0036290246167258,-0.0089922666506804,-0.0112003885931711,-0.0110954612090027,-0.0176183107389144,0.0011698773300055,0.0287153766944183,0.0106007067137809,-0.003730307237279,-0.0321595536118233,-0.0051839642705232,-0.0079406317865088,-0.0180634487135175,-0.012513048733586,0.0115736168935307,-0.0430769230769231,-0.0080112590667965,-0.0260970461369028,-0.0308984957311289,-0.002385966783077,-0.0087509507928149,0.0106731259561447,-0.0007782101167315,-0.0137369270756891,-0.0046486027457579,0.0045984358216375,-0.0104679078713408,0.0111384771708156,0.0183685928914607,-0.0075977735364726,0.0092602961152523,-0.0238893535863319,-0.038137638263713,-0.003040111121303,0.0054747228457165,0.0046191756692184,0.0,0.0012981923284181,-0.0034737337751757,0.0110937821852101,0.013699244746878,-0.0157638149917097,-0.0266027958544227,0.0009398496240602,-0.0088624158441997,0.0421962145222118,0.0326320208994215,0.0133249951895324,0.0253704927160922,-0.0340780937241209,-0.0190065153338588,-0.0152454017901052,-0.0192835658667765,-0.0016419508837502,-0.0313365442504515,0.0011640722167387,-0.0010820373217,-0.0198889261139602,-0.0082276875076356,0.0161852046641097,-0.0086139088341095,-0.0038633129627211,-0.0208247233319557,-0.026920852440986,-0.0016225109724582,0.0026339852333054,0.0018906808341683,-0.0110482254451126,-0.0061190950732543,-0.0065693847628356,-0.0054061713189531
2023-11-20,0.0,0.0023669089025242,0.0,0.009154998098237,0.0128302557526667,0.0298492126692184,0.0053296477036601,-0.00072274261804,0.0025910914846853,0.0062920115605988,-0.0084149638112955,-0.006872731455447,0.0253399808586882,0.010736084928747,0.0114885114885114,-0.0284152873033951,0.0033500837520936,-0.0010956414847278,0.0,0.0206230777664293,-0.0100357475693044,0.0948799650125735,-0.0192926045016077,0.0044854305358508,-0.0023895264698954,-0.0228939009529137,0.0083908982804004,0.0037186927024344,0.0040213327413178,0.0015576323987538,-0.0102535792720246,0.0,-0.0044360005301993,0.0029365700861394,-0.0432602771148162,-0.0461748989964811,0.02208998830668,0.0100918980197302,0.0114208902917631,-0.0051559059955967,0.0101602239718194,0.0035015156236721,0.0098533882971776,0.0045537086185221,-0.0056214682355243,0.0209061407888169,0.0109720605355063,0.0270233054494131,-0.0045760836769586,-0.0027236992788387,-0.0028169014084508,0.0115487772372893,-0.0032890377865592,0.0008169381009388,0.0016377877996676,0.0225899947204533,0.0022058316674706,0.0457025947105897,0.0133294591944213,0.0187741843022979,0.0013172617133261,0.0035582212001616,0.0116537131842577,-0.003713860781802,-0.013620377978636,-0.0139671289211481,-0.0052102564102564,-0.000754656947229,0.0052619229999517,0.030795444775326,0.0153690754195476,0.02193493017799,0.0210573598671495,0.0245135966484875,0.0121016298451228,-0.0003957922882071,0.0066128269675556,0.0059287021512093
2023-11-21,-0.011766386344564,-0.0066951479144046,0.0,-0.0203527101886262,-0.0313541429766111,-0.0205948134660314,0.0070716629707576,-0.0029120947096945,-0.0038715646149051,-0.0021886377967169,-0.0155656851393144,-0.0174535510335397,0.0250936126336354,-0.0027304905823066,-0.0182716049382716,-0.0323393322607601,-0.0033388981636059,-0.0021936864633494,-0.0091457272934825,-0.0169272084805652,-0.0026625826349029,0.0085523734797958,0.0098360655737705,-0.0044654012885562,-0.0412455299912286,-0.0382327083887058,-0.0047567940003445,0.0041643541575544,-0.012518216995829,-0.0116640746500776,0.0,-0.0055487617982284,-0.0506377426484293,-0.0029279718914698,0.0165258591163375,0.005588424173692,-0.0161381263645125,-0.0099910691685729,0.0159031523887953,-0.0031857459740712,0.0,-0.0015526810567264,-0.0016254381063646,-0.0181044551977307,0.0021747045452309,-0.0170635648354334,-0.0016696893801996,-0.0657878355471706,0.0,-0.0146177958474286,-0.0574387947269302,-0.0099429771290939,-0.0099030827393187,-0.0065339316814811,-0.0049290267541886,0.0094681563963265,-0.0047673498865121,-0.011889832409631,-0.0280107526881719,-0.0087780174434962,-0.0137976662826503,-0.0103155433756019,-0.011899663505659,0.0088446703310927,-0.0158877196723824,-0.011065784479072,-0.0317329898738675,0.0015124949226301,-0.00165440734804,-0.0519180170001745,-0.0012091240887587,-0.0151030545603987,0.0025728873661898,0.0241916308042666,-0.0078161813212703,0.0067531301968306,0.005376105211712,-0.0319090988321422
2023-11-22,0.0096661125966612,-0.0087308520337777,0.0416899006133761,0.0125172234847805,-0.0049046251002924,0.0140157560528371,0.0068677272918526,0.018258520802115,0.0207656120656585,0.0037630923404967,0.0186853271793343,0.0208251473477405,-0.0170465975626541,-0.010958131666745,0.0100603621730381,-0.0970510903748002,-0.009972342331814,0.002198509303448,0.0080780699376523,0.0027777618026119,-0.0283452142796765,0.0229924890730863,-0.0097402597402598,0.0,0.009000893755674,-0.0111392189791884,0.0035813185642774,0.0145166249396055,0.019272362709225,0.0338316286388669,0.0119239602001148,0.0143878034132902,0.0246171394379102,-0.0023562479024499,-0.0034255229538115,0.0009239632588726,0.0058574422502173,0.0004582840878939,0.0619323278762056,0.0103932178187149,-0.0040206105082364,0.0093192639591037,0.0061885710321223,-0.0046166482567195,0.0156219315816346,0.0402722127950674,-0.0351125080500207,-0.0234752612776076,0.0091942409699419,0.0166824146981625,-0.0339660339660339,-0.0040919865263858,0.0006713997479668,-0.0001514543403027,-0.0148365125860302,-0.0154248889946579,0.0143705591430363,0.0049538484442459,-0.0100438814831204,-0.0079663935511948,0.0026639675955451,0.0100984422116447,-0.0054399023471188,0.0155413380775613,0.0026478136914314,0.0004470012049597,-0.009622535801927,0.0084926425630782,0.0085539140689196,-0.0247612649359374,0.0127303879966051,-0.010087036978243,0.0141345105443715,-0.0097067378199814,0.0190087207404021,0.012629076591635,0.0130716684764766,-0.014201636226551
2023-11-23,-0.0014673514306676,0.0072041529823076,0.0266704452421435,0.0205187116157821,-0.0037788078362888,0.0115197535308546,0.0033431150403031,0.0186528691674634,0.026692379963408,0.0021852152721364,0.0014030985092079,0.011101488324352,-0.0117086937320248,-0.0036900135247706,0.008964143426295,-0.0317165776927688,0.0100727916584693,0.0065855181023719,0.0057276540819619,0.0022137597210434,-0.0076989995650283,-0.014981506446818,0.0655737704918033,0.0233220560951652,0.0203311572369153,0.007502633445837,0.0095116806622357,0.0097665692535267,0.0009935791817701,0.017503805175038,0.0092719516871164,0.0095508380868252,0.0034309386719713,0.0041279163483709,-0.0021469022060688,-0.0009231103388357,0.0099009900990099,0.0165051352524228,0.0190133641313314,-0.0027695876789118,0.0060617937161147,0.0076924800824713,-0.0012962954450385,0.0046380605508762,-0.002992217334558,0.003339254603218,0.0095234300286899,0.0432712747809929,0.0037960321035859,-0.0018174495812637,-0.0020682523267838,0.0227863006605815,0.0045108435724781,0.0002840199041149,0.0351721137110809,0.0,0.0138007681760501,-0.0017591875886537,0.0105834640939799,0.0285545340098423,0.0086378091357328,-0.0019359959731284,0.0035130315683684,0.0263621126748698,-0.0171619613670133,-0.0040260698952931,0.0051607097960857,0.0069256528039092,0.0073836965525704,0.0115386507897456,-0.012273101005629,-0.0032622092304027,-0.0164680276390145,-0.0062786858180616,0.0109175012088482,0.0212405114639209,-0.001171584100108,0.0077168068857662
2023-11-24,-0.0118098241966989,-0.0123162836952676,-0.0337678270203957,-0.0191392393371836,-0.0201181953299977,-0.0189781746852834,-0.0011754470400946,0.0063399462622844,0.000626119791165,-0.0059212606084186,-0.009851713468387,-0.0089016911944318,-0.0073514986376023,-0.0086472189018033,-0.0024679170779862,-0.0391385105253847,-0.0298780725332086,-0.0073574684284429,0.0045453330124862,-0.0082918454935622,0.0105349289148002,-0.0101419166467804,0.0246153846153847,0.0070067294463935,0.0,-0.0159390602995774,-0.0094220610265709,-0.0085501845453538,-0.004972940618999,-0.0224382946896035,-0.0068906728972406,-0.0040150424465074,-0.0017096037902279,-0.0111532985287138,-0.0399979670664769,-0.0333306157943367,-0.010958481753357,-0.0058630160379103,-0.0190774106360289,-0.0202351976633957,-0.0060252697736628,-0.0011453416287203,-0.0055095023957358,-0.0022941626306397,-0.0167077977803743,-0.0312726096541626,-0.0128675745016775,-0.0829480335877402,-0.0121013655593141,-0.009134829252144,-0.010362694300518,-0.0062096079496046,-0.0029046666483983,0.0028431784539317,0.0064684865609601,-0.0006339554153361,-0.0089548602798184,-0.0010573726700701,-0.0152735415265249,-0.0078074291118817,-0.0151511061059516,-0.0080771245126374,-0.0116764967850859,0.0084194286933474,-0.0330403589909221,-0.0193193842372939,-0.0141947841655586,-0.0061334178952904,-0.0048863847858823,0.0,-0.0203016594149305,-0.0045002183456296,-0.0077319931211923,-0.0084715491188691,0.0004495029534647,-0.0042003135445322,-0.0099826239951085,-0.020418682102926
2023-11-27,0.0141906350875922,0.0116662955396993,0.0161249365159981,0.0200070623547068,0.0121173942749259,0.0,0.0184447306726465,-0.00909797467197,-0.0061898940113015,-0.0062663845366667,0.0,0.013472464510347,0.004523719331763,-0.0426800328381948,-0.0094012864918358,0.0056918427149017,0.0719161580469001,0.0156540054262459,0.0,-0.0211827975603141,0.0016483516483514,0.024327639630441,-0.024024024024024,0.0008790138100482,0.0004853340260166,0.024306684880418,-0.0035685384911318,-0.0093014371999826,0.0124919794674367,-0.0252486610558531,0.0080933037176598,-0.0031651681962903,0.0348427294837809,0.0011857874899419,-0.000447056193787,0.002867464121558,-0.0259470645393433,-0.0022664700802091,0.0200888681524977,-0.0109358492934321,0.0070677379319354,-0.0003840737421584,-0.0026103376777251,-0.0023278260375858,0.0021745026010207,0.0212988427980211,0.0347774801071614,-0.0150760385349688,0.018374403715264,0.0055230737105869,0.0062827225130888,-0.0169047990732142,-0.0066232445653667,-0.0056702354166981,-0.0064269141531321,-0.0209698669546382,0.0039754016723811,0.0275430731919286,0.0004398134068228,-0.0008784718328286,-0.0133772191753195,-0.0032579404966306,-0.0047257792603752,-0.0090733763538861,0.0144480531017476,0.0100787104024024,-0.0036757464168983,0.0052362893226547,0.0019111031009517,0.0,0.0235066895862063,0.0045205618610493,0.0142812999610388,-0.0059651674435906,-0.0242910548780838,0.0034499586259573,0.0124560038064387,0.1073495654788405
2023-11-28,0.0051498001770242,0.0035791528700213,0.0132137948269399,-0.0067795827815906,0.0109738440420452,0.0232177507803932,0.014448513522735,0.004946018270739,0.0093378278894957,0.0031550012308199,0.0270190592709422,0.0044311233513567,0.0012296761852712,-0.0126924893559289,-0.0009990009990009,0.0084665608982181,0.0159580445776361,-0.0070297534313984,-0.0113252242421015,0.0045569769498319,0.0120535843173485,0.0106254845497839,0.0215384615384615,0.0017353211931392,0.0242822590563123,0.0469729043183742,-0.0011982106720629,-0.0066387052887746,-0.0172690365382711,-0.0306122448979592,0.0005739602307224,-0.0028876985292739,0.032005915284673,0.0100813558366115,-0.0008945122848315,0.0,0.0041911662064668,0.0040936958996087,0.0247222815522458,-0.0004124474526081,-0.0451314116700828,0.0030570652173913,0.0098051044083524,0.0138857272934214,0.0104356297294903,0.0389992515034456,-0.0075641211418635,-0.0255113408493381,-0.0067660787310503,-0.000913725612352,0.0541103017689907,0.0029877939216151,0.0093336745421346,0.0151106723869547,0.0032225673119585,-0.0028128176067645,0.0086411779356576,0.0161493781332793,0.00487791189827,0.0043775137966513,0.0010161008321309,-0.0016323327447518,0.0118705457297569,-0.0001478172322043,0.0331292383567785,0.0158754381128658,0.0221391951211338,-0.0074428826555723,-0.0054474549694025,0.039547610361182,0.0142053890437465,0.0204509411845825,0.0076825262265549,0.0021829350109061,0.0078400812345766,-0.0057259333186732,0.0067349288848774,-0.0145889355925122
2023-11-29,-0.0256348676895707,-0.0114906358469695,0.0,-0.0068258592594959,-0.0144723479761776,0.0022674428192146,0.0015202407272041,-0.0056287073255835,-0.0049328214971208,-0.0113206466837622,0.008310130034159,0.0205894468079754,-0.0122762008733625,-0.0112067152076109,0.0224999999999999,0.0102712269502474,-0.0157073854208914,-0.0125307516681121,0.0022882987172068,-0.0085033714195172,-0.001626039452852,0.0074247083884135,-0.0060240963855421,-0.0086827011439617,-0.0104325088716347,-0.009583695586243,0.0083708778758231,-0.0027684397864347,0.0235928903935673,0.0,-0.003439415560096,-0.0107160543356297,-0.0139031047424087,-0.0076286328484883,0.002691829678453,-0.0057325465681807,-0.0104324888792448,0.0253622153002031,0.0004105539741625,-0.0122885995863244,0.003151874142405,0.0095318459138524,0.0067964689609536,-0.004546475078581,0.0081756075708365,0.041427222893861,-0.0270899038274344,-0.0157075245215723,0.012867433001181,0.0064227143762796,-0.0463968410661402,0.002983059886177,-0.013211497017477,-0.0103938362568725,-0.0177370172947557,-0.0039051549349032,-0.0107099809153915,-0.0419335906237217,0.0096991585374934,-0.0034830225930824,0.0028786734311525,0.0049089351265947,0.0007835699625577,-0.012566322256353,-0.0034446983515625,0.0022290169550658,0.0174503420896481,0.0168695328343648,-0.0032863753634465,-0.0182884505899878,-0.0023863493262813,-0.0092209699361243,-0.015247909984752,-0.0002724827721926,0.0347657485619221,0.0105608343186709,-0.0069804682911145,-0.0257893928073716
2023-11-30,0.0293218188291355,0.0252500892314517,0.0365654385694464,0.0029450558449266,-0.0096798241061403,0.0037760063180236,0.0292078986253525,0.0091880361611553,0.0086800532376598,-0.004765430770949,-0.0027472136421219,0.0242070399753522,0.0107708716724417,-0.0006656807271704,-0.0645476772616137,0.0231036444763872,0.0319535493538114,0.0217903679673077,0.0045795785713325,0.0148679522236823,0.0135581112936638,0.0079750888953855,0.0181818181818183,0.0008737439930099,0.046477297238999,0.0152699806063079,0.0248777263714472,0.0055485785210156,0.0544407530454043,0.0275303643724695,0.0118880270584624,-0.0029274320021543,-0.0021710924660496,0.0153745525133104,-0.0223756094695412,-0.0124897798077193,0.0174702861234741,0.0198761630040458,0.0320858315988408,0.0012425420696895,0.0209374449816492,0.0101897167995601,0.0154273090756396,0.00228361996053,-0.0367019889299961,0.0173969738170773,0.0313259762478863,0.0744715447154473,0.0119648854836458,0.0145912287404867,0.0010351966873705,0.0104055030780352,0.0093711698511516,0.0193014879568844,-0.0213512168534798,0.0004341527694147,0.0104663313266519,-0.0088250800086134,0.0,-0.0209805240925573,0.0136759638707841,0.0097738214898916,0.0250101206019868,0.0109295980835775,0.0021297587861055,0.0311803470499785,-0.020698543626756,-0.0086640486763093,0.0016468936709295,0.0268275631961105,-0.0050775998636716,0.0214415290956457,0.0141892252656308,0.0054460934332261,0.0322730386246172,0.0026599662453652,0.001755827854154,-0.0151968409716405
2023-12-01,0.0284865416167798,-0.0050808944256002,-0.0226644061747122,0.0061177595819628,0.0028642974753019,0.0172928140571728,0.0020273827185202,0.0055998828782666,0.0030692444495439,-0.012781132969504,0.0289323437053954,-0.0090033450450017,0.0131164570803719,-0.0193450694794959,-0.0585467851542079,-0.0063223521491607,0.0185494409757513,0.0018900607362903,-0.0011363332531215,0.0016854653400675,0.0288889828597203,0.0450706885387437,0.0416666666666667,0.0,0.0169407460369603,0.0255765789314941,0.0462389722953104,0.0036774238313133,0.0623237924531825,0.020488573680063,0.0054933818499791,0.0032315362348314,0.0179353149732575,0.0168872818956977,0.0137302383713593,0.0116770399132073,0.0124323996686488,0.0164554886546852,0.0619809179684711,0.0182298631690434,0.0024275386350069,0.008889348568069,-0.0022879283685137,0.0434868217490367,-0.0624727371181317,0.0006173949061012,0.030384167636787,0.0742552317537184,0.0221536963401769,0.0080812604323576,-0.0082730093071354,0.0198607976385754,-0.0132606377489594,-0.0066815475086948,0.031890164172599,-0.0296098900260159,0.0175004500713833,-0.0010675396768913,-0.0056787801685196,0.0392806345994138,0.0116582710733292,-0.0106475277130086,0.0121999383709978,0.0162829732264804,0.0021252325534024,0.0522698074813154,0.0021122867972205,-0.0375591284724173,0.0008238020687345,-0.0362848632548064,0.0159131926933167,0.0134646114402459,0.0458021295357926,0.0185506218122915,0.0342582944886207,-0.0062544862296362,0.0172571322021257,0.0288688832431236
2023-12-04,-0.0014228185604525,-0.003929431012715,-0.0592836057092425,-0.0089991131308797,-0.0337755278495132,0.00074118234697,-0.0038642057320498,0.0033030027297544,-0.0074256246008368,-0.0025893210505485,-0.009377557673367,-0.0068146151487832,-0.0093038818342247,-0.037415573365826,-0.006107717934481,0.0027394435689354,-0.0273352578495312,0.0059264835905561,-0.0125406533988249,-0.0050595324735815,0.0390034729119717,-0.0087389794627529,-0.0485714285714286,0.005248533497993,-0.0337667931364289,-0.0371532202725224,0.028736269832464,0.0130585067675736,0.0070038842118211,-0.0332046332046331,-0.0060291099172896,-0.0049758019561141,-0.0379040773921041,-0.0051496182062162,-0.0027088544568657,-0.0057711302384647,-0.0058471751957372,-0.001277024756357,-0.0257332398882499,0.0012187818485558,-0.0010321829345754,0.0037067811973927,0.0012659767618927,0.0,-0.0122896244123921,-0.02015058264863,-0.0294881934244718,-0.0783395299930068,-0.0122816767227691,0.0008884760616278,-0.0542231491136599,-0.0032449994759627,-0.0196231545554375,-0.0213067757637291,0.0357620556142204,-0.0078519500657325,0.0073694302372948,0.0046346987445817,-0.0083443045485731,-0.0085879089589799,-0.0014824182115751,0.0094545340656846,0.0060243030245861,-0.0099095671041232,0.007412376093393,-0.027505725718054,-0.0231993118347352,0.0005799387100744,-0.0019160686779126,-0.0625055192068398,0.0094570545443191,-0.0042997435086609,0.0085201172931952,-0.0224677752696756,-0.0393378473676676,0.0091535403968083,-0.0005743386704059,-0.029508231921712
2023-12-05,0.0128063418593806,0.0039449323522429,0.0657371162369382,0.0174275946175961,0.038087183975298,-0.0066495998969553,0.0,0.0076362877846603,0.0092770436385984,-0.0038919539550611,0.0081079945666633,0.0014639632756101,-0.0036769712651506,-0.0148408428725761,-0.0256983240223461,0.0081518146967671,0.0187234354389564,0.0069619702375771,0.0196123610734617,-0.0316585325889774,-0.0005010515489745,0.0099880195853734,0.0780780780780781,0.0087054138778277,0.0386768581280401,0.0096518020769702,0.0150393059150608,0.0047480686279086,0.0095688143047882,-0.0015974440894568,0.0028435082635784,0.013528267713277,0.0011064198907742,0.0143922328501688,0.007696925390344,0.0058046295113609,0.0152927400468383,0.0012786576338101,0.0346411038168872,0.0219428499470055,0.0092462577824876,0.0073861834289308,0.0082431921671675,0.0197320538048899,0.0110076940153447,0.0124585512052033,0.0160360884749708,0.0699975981483909,0.0117029570864781,0.0498718905723567,0.0275633958103638,-0.001087884045311,-0.007403298414798,-0.0045844966207454,0.051813588889644,-0.0239710435773321,0.0034841640048688,0.0138399522245447,-0.0053151704407338,0.0190663244980962,0.002473078007174,0.0038782538549841,0.0254616902573019,0.0,-0.0113057806772707,-0.0059059898374821,-0.0336188120143052,-0.0065653543602585,0.003291972651304,0.0481935964514168,0.0141872268564482,-0.0219753075528541,-0.0036188479584705,-0.0092484597104625,-0.0525836470211614,0.0041606322151808,0.0155343960629079,0.0154543946014713
2023-12-06,-0.0175555271347571,-0.0180772740813596,0.0077102874662295,-0.0016901991445523,0.0249625353569609,-0.016354382780083,-0.0214140322278353,-0.0124116826425453,-0.0104097284335926,-0.000652605974311,-0.0160855674399221,-0.0152285968022997,-0.0086057955166757,-0.0347921443525072,-0.0017201834862385,0.0009032897228939,-0.0091716721217135,-0.0042563304813757,0.0045329469472397,-0.002332664555585,0.0095181557336498,-0.002907463995152,0.0278551532033426,-0.0025827856287927,-0.0148063062494477,0.0005041949015811,0.0190430091023932,0.0029240288685294,-0.0008643976229064,-0.0231999999999998,-0.0024578552867342,-0.0133476965016471,-0.0216176548602147,-0.0079444898179584,-0.0004482612183268,-0.0115422604769295,0.0602561694527647,-0.0085224599529516,-0.0123928530610689,0.0,-0.0183230955006038,-0.0157633259870756,-0.0088050482871882,-0.0150678051230537,-0.0037863776094942,0.0080066761665575,0.0074761536478473,0.0140193352549549,0.0028918955421908,-0.0076385018928111,-0.0064377682403433,-0.0123117408906882,-0.0237583469463789,-0.0359712781528511,0.0134407444104596,-0.0398530544803067,-0.006248091991452,0.0020984581854595,0.004008854257234,0.010200278189405,0.0044409437294299,-0.0154453578934354,0.0014588468044605,0.0148577596428249,-0.0029250904737285,-0.0004286425397761,-0.0443671524468713,-0.0073852546748095,-0.0062928905685089,0.035251251970884,0.006135904801986,0.0252788338813045,0.0036319915837987,-0.0065884667904972,-0.0086454491963343,0.0028220091704878,0.0025494616632601,-0.0068742374063099
2023-12-07,0.0064308402617463,0.0092074468597407,0.0714522396602101,0.0036251079758133,0.022391577188465,0.0045314482508609,0.0162260150724224,0.0027978783515301,0.0024711538461539,0.0136882322759017,-0.0177038626609441,-0.0070037777013355,-0.0008272393368849,0.0007421178666788,0.015508328546812,-0.005400291120815,0.0216712647016117,-0.0117516870267103,-0.0033876773237349,-0.0081894724089891,-0.003972609900162,-0.0093426522787666,0.0135501355013549,0.0095157894736843,0.04736066623959,0.0216291398738133,-0.0477663469113489,-0.0269238583022357,0.0017259651778955,0.0122850122850122,-0.0083392109841539,0.0064712866496687,0.0543933054393306,-0.0045789788809056,0.0026966742983927,-0.0029121224233427,-0.024042988963721,0.0017218549032191,-0.0127373793092807,0.005966072455434,0.0082896566477699,0.0130501021995954,0.0111074591518349,0.037118548538608,-0.0194769239039862,0.0146521290886938,-0.0032980780166042,0.0414765323526009,0.0021626674482901,0.0145328853731978,0.0226781857451405,0.0117314794699108,0.0031117895725691,-0.0023847566355854,0.045653560042508,0.0236504042442624,-0.0024453182600148,-0.0118700357827757,-0.0070963151587776,0.0530332346403406,0.0068773786584606,0.0035942711398861,0.0207800723795612,-0.0152203690274757,0.0266691227639279,0.0242171613539845,-0.0203745896329079,-0.0031333844992611,-0.0093635337042592,0.043670396616215,0.0049375905528039,-0.0019574894867417,0.0096461016272335,0.0031777689364123,0.0091792180622563,-0.000939408172851,-0.0008466587004689,0.0474545035706059
2023-12-08,0.0163322324454369,-0.0095194922937443,0.0095026568078944,-0.0151681637828889,0.0362922398534859,0.0188149995078901,0.0107644230558514,0.0104423218488998,0.016046884142072,0.0003221069980883,0.0083215959067521,0.0099930404496555,0.0049675453702477,0.0167120271551328,-0.0028280542986425,-0.0135374438379018,0.0090602238408243,0.0013524966297364,0.0045278308901635,0.0336268917416848,-0.0054775649435843,0.0135554946417615,-0.0374331550802139,0.0119911578244908,-0.0073886955404818,0.0050313720847638,0.0021778010292845,0.0087614233650166,-0.0043010009759298,0.0299352750809063,-0.0034377052250748,0.0008760555362281,0.0069851554732764,0.0051741932838014,0.0089627776960423,0.0038941701981445,-0.0044805920623144,-0.0012902992952981,-0.0404086975208548,-0.0075128872556525,0.0133665729592107,0.0100187316028901,0.0126463908803491,-0.006314372962062,0.0048412211061887,-0.0102300018474043,-0.0008272478320401,-0.0575246247711431,0.0107900020552385,-0.0042086578103527,-0.0042238648363253,-0.0018110290453404,0.0341344746853966,0.0320161913640746,-0.0211390706939306,0.0502125047223271,-0.0143629667040316,-0.0017697338335185,-0.0098248128382583,-0.0111954329470481,-0.006666641277192,0.0126991077782034,-0.0050008334722454,-0.0041154957004115,0.0046716240372668,0.0253012970291235,-0.0180713043736717,0.0205709995355141,0.0036138107859953,0.0368830147592547,-0.0069371763279413,0.0156862226570935,0.0131505765736816,0.0027557822063959,0.0231935200228268,0.0050759098152286,-0.0200786076588381,0.0198194518625571
2023-12-11,0.0007042193770627,0.0040033722750811,-0.0117804327846937,-0.0009788156330839,-0.008948089219201,0.0288041990693781,-0.0001821217180147,-0.0062060405461314,-0.0078920041536864,0.002249841089291,-0.0068845589178556,0.0043630745461569,0.0008238318064983,0.0007293781487329,-0.0470788428814519,-0.0073289419025577,-0.0330281690140844,-0.0045914004429145,0.0,-0.0131289735529765,0.0040104218198606,-0.0034900417903528,0.0027777777777777,0.0076246213448185,-0.0131435437655975,-0.0050061841097827,0.0174088282426065,-0.0011437617780231,0.0285196332694359,-0.007069913589945,-0.0076723057122398,-0.0035043148258744,-0.0314832625477695,-0.0022915816673466,0.001335681956045,0.0048630918425556,-0.0101243066529329,-0.0034331972100755,0.0086993521802332,0.0477892398358514,-0.0091206490447527,-0.0047742181621643,-0.0068686513345938,-0.0063544976300848,0.0096467057700178,-0.0109423485219664,0.0082793273760242,0.0469505225552155,0.0007116547145169,-0.0135418763117795,-0.009544008483563,0.003267390227865,-0.0030032791988425,-0.0037717056448187,-0.0172556999875409,0.0029182573192503,-0.0003541002728655,0.0021304252284062,-0.0008998628780375,0.0072773158631658,0.0008185549342376,-0.0028917355818603,0.0093327721683984,0.0190604512068881,0.0082745756882249,-0.010924594828381,-0.0086797935616667,0.0124088713766759,-0.0080336120528348,-0.0321510347543277,-0.0180442038955557,0.0007724152295982,0.0023544337769751,0.0008232743914136,-0.0200043252595156,-0.0110319533387699,0.0063475514396982,-0.0323938816691398
2023-12-12,-0.0062911212100656,0.0047839313647399,0.0143163115770488,-0.0056307882520354,0.0102734541408919,-0.0057435287489435,-0.0295351146925268,0.0027784817000324,-0.0049003749024681,0.000963841345873,0.0097023279846142,-0.0046363952411572,-0.0024694609989791,-0.0291951881100333,-0.0017857142857143,0.0129128680316843,0.003131600029131,0.0054231941776659,0.002247101899462,-0.0080947420100346,0.0029892321943592,0.0005880186356674,0.0277008310249307,0.0100824181442624,0.0105150107397971,0.0095694723965116,-0.0117652674032884,0.0032062001076003,0.0037823523954898,0.0094936708860757,0.0011603431163365,-0.0011732697442271,0.0192807930258716,0.0103187639293089,0.0070947185703384,-0.0067697023885553,0.006534194649199,0.0090522555845662,0.0097989944677561,-0.0167213903244646,-0.0051239385655613,0.000734742121488,-0.0050299316354363,0.0042721601929025,-0.0043017028474462,-0.0049223123859847,-0.0032845371917207,0.0224176168491965,-0.0106672293337084,-0.0377343825901096,0.0278372591006423,-0.0018084060539123,-0.0153206406426295,-0.0081493623501784,-0.0263485959388933,-0.0196958420387193,0.0042673778963162,0.0070801262157933,0.008125122115105,0.0024111065348708,-0.0099793517443753,-0.0077401119005672,0.0117362244092416,0.0040632709331012,-0.0038442110511227,0.0234667376972763,0.006305391644211,-0.0085598336477411,0.0022343568915292,0.0056507816914672,-0.035269991896222,-0.0185193214929928,0.0,0.0017842726205741,-0.0253953320905707,0.0085054372849573,0.0045889450911087,0.0009604669673652
2023-12-13,0.0330284466135391,0.0384951504992765,0.0682373860857967,0.0290435624111082,0.0295834480451366,0.0418771938108955,0.0091436028297797,0.034576124333252,0.0436894596429493,-0.0051272004235149,0.0150817341862117,0.0413284703118721,0.0049511486664906,0.003382313672829,0.0250447227191414,0.0309705786879925,0.0433425294032234,0.0137543324613638,0.0258101103886683,0.0559727168467434,0.0248644116645269,0.0215695391609835,0.0539083557951483,0.0049908888438956,0.0548394671148571,0.052885648953427,0.0335546969331079,0.0111749657576438,0.0196722551049983,0.0391849529780563,0.0117743688967006,0.0120290296773211,-0.0026986015553601,0.0351666587963868,0.0132161138263107,0.0204475308641973,0.0313319699105214,0.0269086498506323,-0.0075692465131895,0.0146897336581079,0.0298400477865534,0.0261918822721975,0.0303410587774572,0.0339796956964271,0.0321362084592964,0.0333544053733703,0.0502447847125555,0.1096495848456697,0.020845675647922,0.0597197261878319,0.0822916666666668,0.0192151808439926,0.0133393868638387,0.0143814904240604,0.0090060763888888,0.0342466693193201,0.0060169969790524,0.0390156771279264,0.0004490706600865,0.0296255082388188,0.0396561597932161,0.0318497186517134,0.0231961650500978,0.032069502657738,-0.0082383388979986,0.0361150511188901,0.0274985776597762,0.017464165850568,0.0239605796376745,0.0196815883124181,0.043010166622315,0.0125821173123394,0.0105883212034174,0.0001371375167611,0.01023691486319,0.014244328416439,0.0294037356757641,0.0692781144138556
2023-12-14,-0.0136033632601818,0.0255996394805577,-0.0198189762796504,-0.0040665813643993,0.0279870701326834,0.0277150389400451,0.0066073540027191,0.0233970164878303,0.0170960530655623,0.0190013701098181,-0.0027026648555543,0.0296259138441263,0.0057424073222533,0.0299718062149745,-0.0157068062827224,0.0088303064130637,0.0177788602045785,0.0037258275054246,0.002185651838519,0.0281634589552024,0.0148916044585336,0.0051394543201759,-0.0230179028132992,-0.0074541919756631,0.02747333212271,0.0227572253262302,-0.0052337060012384,0.0083459352536032,-0.0188848698575394,0.015082956259427,-0.0137366603632025,0.0060857590102172,0.0189672611586109,0.0082176604757249,0.0204361228450735,0.0171812644402435,-0.0060206082868971,0.0208009798989479,-0.031879434552401,-0.0118895945141598,0.011987162136035,0.0107837952737943,0.0082797045739213,0.0061586612483908,0.0153338101047493,0.0430370647926527,-0.019610671812026,-0.0395232526527917,0.0084496579900337,0.0243900115280915,0.0423484119345523,0.0217001427588647,0.0233050998129618,0.0216919906792227,0.0149048284761803,0.045383992889266,-0.0045744408787546,-0.0023691127370889,0.0273006903134052,0.0139916532264767,0.0379853544611206,0.0015732070733811,0.0085917977075502,-0.0021005788261655,-0.0365936254980079,-0.0158791293899952,0.0155813953488372,0.0108012632675653,0.0054430212328697,0.0261862426709378,0.0070700053486127,0.0100915790070723,0.0151380124283444,0.0054796700348214,-0.0009201259864811,0.0042517493964071,0.0066562555247804,0.0290432773588367
2023-12-15,-0.0020682263493712,-0.0003721455761755,-0.0224751897256275,-0.020653424210689,-0.0444027743708194,-0.0107899920618587,0.0239990145225934,0.0124113475177305,0.0098546129317023,0.013589526401921,-0.0176079081131174,-0.0095017902341429,-0.0040821880527962,-0.0414682004733231,0.0289598108747044,-0.0061285288693432,0.0145967934912658,0.0013263284816122,0.0,-0.010741090787791,-0.0005037973726967,0.0238489066106502,-0.0026178010471203,0.0,-0.029207359137063,-0.01437412657217,0.0042042958978756,0.0046981559204939,-0.0012513121981945,-0.0178306092124814,-0.0232101076275151,-0.0121010111718431,-0.0069145732053925,0.0097859880680752,-0.0102260013425822,-0.017827152336114,-0.0366211916215674,0.0069252196271694,-0.0387873467332919,-0.0050530193657589,0.0009807293059747,-0.0053343728521456,-0.0042579257818691,-0.0081780096831648,-0.0132740154544136,-0.0085924383609851,-0.0104015303400959,-0.0905345541787597,-0.0076806212018906,-0.0098585392620976,0.0018467220683286,0.0069668781380141,-0.0077698241712418,0.0022656417873312,0.0117614647791812,-0.0217851099830795,0.0208556925308194,-0.0003382311578542,-0.0056618265944872,0.0069033934852298,-0.0194468398661115,-0.0122638232317893,-0.0051103890564779,-0.0018243338063086,0.0188573909807083,0.0019653385742361,-0.0453654937282141,0.0041974344314439,0.0070359352127307,-0.0073890567496741,-0.0078963915291588,-0.0230612403569546,0.0126107743228975,0.006268035544122,0.0138323119974494,-0.0134347151082477,-0.0074376754410357,-0.0182359544607024
2023-12-18,0.0055294976463975,-0.005961031271866,0.002307337332718,0.0191285089872146,0.00548371424732,0.0047776853117755,0.0007346749385621,0.0045130001347164,0.0074660149141898,0.0143444202395874,0.0206820650620318,0.0139761224264083,0.0077879491733845,0.0125247095408127,0.0436530729465824,0.0149733078306546,0.0057277628032343,0.0097923690910342,-0.0076330981398332,0.0135721431060256,0.0391773882581247,0.0277346077534046,0.0026246719160103,0.0108491571351729,0.0330518328850468,0.0065921520246008,0.0209685530178109,-0.0178133699316258,-0.0205295730117888,0.0151285930408471,0.0174256773854359,0.0061261977805553,0.0144636571780063,-0.0111633861417826,0.0133441096014288,0.0257894515536742,0.0188652256317394,-0.0072819046159869,0.0262697136475684,0.0156513472267394,0.0,0.0075081733893009,0.0048870094169573,-0.0061714343526316,-0.0231890447772161,0.0,0.0040426382164064,-0.0135752641693054,0.002814570816612,0.0240463643963517,0.0046082949308756,-0.007262677798392,0.0205222312498247,0.0124309807874585,-0.0014661835242864,-0.0032432432432432,-0.0083090461848204,-0.0173019253645229,-0.0267311161478328,0.0060906596314662,0.0051542244894227,0.0070069878744323,0.0030788657302758,0.0146135341164708,-0.0142803991205817,-0.0094253107805175,0.0303990252817545,-0.001519595362628,-0.0056436810868022,0.0101490254915821,-0.0053071860837891,0.0110180170222173,0.0022611181404939,0.0047382501602004,-0.003185251180639,0.0054107190060797,0.0022766279954469,0.0101682272343599
2023-12-19,0.0103055791985846,-0.0086274191292262,0.0160329325100205,0.0081792145316517,0.0071209621180579,-0.0128894377602106,0.0036577983660117,0.007711392744585,0.0,0.025823558347964,0.0027026648555545,0.001621755054709,0.0146312364425162,0.0044949455976541,0.0715465052283983,0.0147524153740139,-0.0142713567839195,0.0138923787823939,0.0043953202766466,0.0037482049092614,-0.0289998302330658,0.0091746957706744,0.0209424083769633,0.0338246219955422,-0.0036951553670708,0.004664776365133,0.003081258161325,-0.0002268855812411,-0.0273727405792187,0.0081967213114753,0.0149878300848029,0.0081153910100164,-0.007393995536654,0.0165651439335581,-0.0246356522563625,-0.0111768483473839,0.0201942528222178,-0.0040770830207285,0.0243720357408723,0.0524773010547678,0.0059040590405903,-0.0007114414110084,0.0006079053380083,0.0165678365103199,0.0104458283853565,0.0023146265168938,0.0088579944093742,-0.009174725434322,0.0196544093267845,-0.0113372652975116,-0.0009174311926605,0.0034846461429443,0.0066162441146999,0.0114387401410989,-0.0058104167977679,0.0132321041214751,-0.0034914514696432,0.0124275152218034,0.0085546858291629,0.0181694575061306,-0.0003110510432943,0.0091675555842369,-0.0051169874659061,0.0078905029137126,0.0123392398808626,-0.0122923417168133,0.0206855267825469,0.0079910211440812,0.0116242644309634,0.0154097728522362,0.021045078037525,0.0128396314291086,0.0011338531134204,0.0070072487057071,-0.0045623955789745,-0.0063059214039814,0.0105452084620589,0.0030654281883368
2023-12-20,-0.0164446243175604,-0.0185292230106459,-0.0248160784731846,-0.0164674234496565,-0.0153440458671112,-0.0261229810314344,-0.0116691405130486,-0.0140238221985626,-0.0165213156846251,-0.0065925925925925,-0.0188676610245238,-0.011603281817322,-0.0044041090765267,-0.017907008008604,0.009758602978942,-0.0111148068074727,-0.0058115823817291,-0.0108582877929321,-0.003282064482914,-0.0032039065564082,0.0109523006700009,-0.0171164928365403,-0.0153846153846154,0.00239873362403,-0.0115259962569043,-0.0116168973051711,-0.0061435863470782,0.0013616224199417,-0.0118759709080638,0.0029563932002956,-0.0116975898254521,0.0155275637594751,-0.0042505535900634,-0.0103222109016811,-0.0082801527939797,-0.0122428111484199,-0.0272194160789404,-0.0143303602176457,-0.0093978770885315,0.002377887518431,-0.0098793229944088,-0.0067455784960998,-0.0103281122315825,0.0101892649709591,-0.0004679681143544,-0.0132654566917514,0.0023946052571217,-0.0277790413804607,-0.0227162734422262,-0.0778030338173214,0.0,-0.0038217400751154,0.0018409174587157,0.0035849139767567,0.0190100430416069,-0.02504816955684,-0.0077097487040885,-0.0221622414971952,0.0089297915753658,-0.0133779530062635,-0.0177154107333262,-0.0191127127187372,-0.0006873362206661,-0.0024746425516315,-0.0201339552036444,0.0096334097063113,-0.0186046006473054,0.0175583968576147,-0.0029400992241866,-0.0006610454363252,-0.0403501863015359,-0.0107554738064704,-0.0067720617425215,-0.0032113558304629,-0.004583306435995,-0.0018686411423516,-0.0071392384424113,-0.0074197844775397
2023-12-21,-0.0029139584488,0.0250468381902835,-0.0046193795271286,0.0094659022242269,0.0108472163188575,0.0225851365800748,0.001475864635946,-0.0006495807251682,0.000576166512122,0.0,0.0151167921654591,0.0008205181731728,0.023336590184352,0.003038919286773,0.0707019328585962,-0.006054320710822,-0.0029056848870201,0.0104551515614781,0.0131844008264463,0.0171350353839589,0.0187087330068005,0.0364561050417886,0.03125,0.0071596039450483,-0.0095765314368838,0.0023396337644154,-0.00103409051739,0.0099644588975063,0.0071236841282531,-0.0036845983787767,-0.0015526230905144,-0.000851835736654,-0.0171003527427022,0.0027474118351038,0.0276714256060153,0.0219352853125918,0.0076326551608836,0.0049874440441095,-0.0201815109843863,0.0039459613435881,0.0079848734557255,0.0042903847938862,0.0067526381545672,0.022180367277143,0.022563431386632,0.0225209732170896,0.0270740279710037,-0.0047621275688715,0.0105620724875421,0.0222034426905703,-0.0183654729109276,0.0052268540336746,0.0,0.0002744960252976,0.0444748121001306,-0.0083443126921388,0.0098848833310565,0.0135672394731254,0.0097334964923916,-0.0016032742243455,0.0208820358549353,0.002235746635834,-0.001371709947828,0.0225950200606412,0.0070290988086507,0.008750666185294,-0.0121881490170907,0.0102025236173153,0.0008048168791139,-0.0237641180817,0.008772372865305,0.0198025419881977,0.0375002938894504,0.033292025209568,0.029006013441811,-0.0050489779857932,0.0063606665063549,0.0079143957100267
2023-12-22,0.0007327241335746,-0.0075191031365788,0.0534655096660807,0.0088931023322553,0.0074062805532575,0.0013841559281744,0.0027658691743881,0.0145870792919189,0.0150166902099098,0.0063341561718777,-0.0013601626586271,0.0038182202690135,0.0,0.0007564532480699,0.0175771971496436,-0.0160457967908407,0.0175534832693362,0.0020677134115589,0.0140961751698296,0.0099977661666876,0.0044806344432857,0.0031452939774307,0.0,-0.0039535577209808,0.0184989829639172,0.0159532430296458,0.0041291420815936,0.0033231466244951,0.0048603966367473,0.0096153846153845,0.0087443735368786,-0.002266342815785,0.0108704132317374,0.0153228186799789,0.0106830053807784,0.0083913977905845,0.0159856543907903,-0.00371984686051,-0.0617915804119862,0.0062933745139264,0.014854622423889,0.0078303911601302,0.0158580206888554,0.0492896280851475,0.0141259105098854,0.0225221931351184,0.0193736966866879,0.0143547418183718,0.0,0.0156388402259708,0.0028063610851263,-0.0093570922109472,0.0133833777971361,0.00961936019729,-0.0236693428486471,0.0046501328609389,0.0157356057531898,-0.0044787332408691,0.0035061751237337,0.0271541776278625,-0.0001542327826314,0.0051005180871335,0.0041246957352054,0.0086181722885703,0.0161104164662884,0.0141880837139545,0.0017141000601241,0.0090007867210784,0.0072275166172819,-0.0175811660227207,-0.0149920674408344,0.0015236530008688,0.0164294778825235,-0.0075346589495146,0.0071616821359001,0.0071435707862923,0.0032986470301976,-0.0279234139375016
2023-12-26,0.0043762939522984,0.0087111111111111,-0.0176472121575476,0.0028587488502547,-0.003751418871113,0.0103367714116153,0.0091840780581988,0.003985389677924,0.0029695422472786,0.0074915276710747,0.0162599342862759,0.0133158251684679,0.0027541561527848,0.0018935999438931,0.0177404295051353,0.0190731399747794,-0.0114892183288409,-0.0033551980405642,0.0106953887918359,0.0031287761090972,-0.0087643582763428,0.0130865170623144,0.0050505050505049,0.0063546636277598,-0.0024778112857724,-0.0060061146588996,-0.0082128702664314,0.0049380349389933,-0.0096737748905521,-0.0051282051282051,0.0200354677730827,0.0,0.0172021987256996,-0.001617857097716,-0.002115127324003,0.0,-0.0068997789055825,0.0074631097308308,-0.0070240245603484,-0.0011740724134584,0.0029224428624954,0.011656876181354,0.010208308675583,0.0263176136232352,-0.0013698278736884,-0.0073444226725974,-0.0212871979578278,-0.0047171997548703,0.0,0.0,0.0027985074626866,-0.0035004967185287,0.0150165376672655,0.0160583042198803,-0.0099896448803069,0.0121225479391668,-0.0017190728305784,0.0183438307259165,0.0004332835518188,-0.0219032579917823,-0.0049598025515852,0.0050746348204462,-0.0157489828051194,-0.0097471530592548,0.0010615065279269,0.0081626994462975,-0.0010252089562254,0.0050949567034304,0.0021268560297362,-0.0075648071377734,0.0207003030707355,0.0026623362748658,0.0043140927028293,0.0035346721409597,0.0110188292849422,0.0050386058892581,0.0057507486138663,0.0053885267210167
2023-12-27,0.0050778435085718,0.0011297596775214,0.008995382900812,0.0033261714492764,0.0034640970355912,-0.0054575331058122,-0.0014562505605069,0.0072761626943347,0.0059215003491033,-0.0068397175858545,0.0013402232784349,0.0072397107533344,0.004703211157963,-0.0015127945866064,-0.0064220183486238,0.0035716796737677,0.0116227546951157,-0.0069938898146745,0.0063542987888283,0.0150627030050118,-0.0073682095250855,0.007745906797405,0.0075376884422109,-0.0015738359372001,-0.0033100425658854,0.0186004186004185,-0.0010394410117225,0.0100465589475842,0.0062165775401068,0.0014727540500736,0.0132195852302414,0.007668970943975,0.0047631492425328,-0.0016204788008457,-0.0029652294853963,-0.002782906168549,0.0108722119796722,0.0065895433212683,-0.0050861503715575,0.0211257502765089,0.0077829248854353,0.0055900527277947,0.0068330076531359,0.0293124409023368,0.0041151206280052,-0.0017074066869826,0.0334068760997918,0.0663538007005852,-0.0013935574765889,0.0213866950918164,0.0251162790697674,-0.0017544341655448,-0.001531707672102,0.0008060978089119,-0.0086548124448818,0.0004355400696862,0.0137924343727515,-0.0088392475416845,0.0039301149086352,-0.0100402412870785,-0.0034032650187764,0.0119843037437692,0.0041734805798523,0.0095732159858463,0.0026340672700257,0.0034669989207298,-0.0068479603527351,0.0059767198355256,0.0015901036707923,0.0090124059205369,0.0134207299233723,0.0018966193293212,0.0021422308059451,0.0096526621390931,0.0183427391448682,0.0075796521503099,0.0032690025210593,0.0191946661118789
2023-12-28,-0.0079451095474705,-0.0041302542250469,-0.0066798159105851,0.0047371301850274,-0.0315173116089613,-0.0020559364229696,0.0096611952681955,0.0039491221430569,0.0064840928859484,0.008087240867264,-0.0053261214521269,0.0013317838268851,0.001562133874873,-0.0056747588130134,0.0092336103416434,0.0195322899298013,0.0028638814016173,0.0044369294922321,-0.0021006067046422,-0.0092129033625243,0.0133612254538093,0.007686368900293,-0.1271820448877805,0.0189542483660132,0.0,0.0214412064252149,-0.0238279669345048,0.001990025391185,-0.0119178901215704,0.000735294117647,0.0033554330959939,0.0067626101173772,-0.0163109142166734,-0.0243339546797529,0.0097758583170124,0.0074327175703452,-0.0083214195215496,-0.0028645900539369,-0.0155561352683536,0.0153273027210267,0.0009638077821298,0.0013872403932351,0.0026597955282188,-0.0034558180227473,0.011839405676161,-0.0074042000432993,0.0022559705427294,-0.0400017468011704,-0.0104662664182365,-0.0041839813286275,0.0190562613430127,0.0063380724710619,-0.0040852975673759,-0.0032146662912659,0.0247222624490555,0.0023944275141489,-0.0044977152563457,0.0082315177265195,-0.0021753596915945,-0.0015578219701579,0.0,0.0068606461658231,0.0110843411500745,0.0068166629538872,-0.0060963287302122,0.0,0.0106865869055492,0.0014397179824194,0.0164203883463101,0.0192413373682012,-0.0085348550088144,0.0034074521531608,-0.0053496666149791,-0.0025848786990986,0.0,-0.0055797284831465,0.0018997452614306,-0.0179583385985204
2024-01-02,-0.0014538425984285,-0.0301285915665326,-0.0313997511318207,-0.0162616922156729,-0.0350226942151656,-0.0193581253183902,-0.011373215125317,-0.0111287758346582,-0.0198943738815415,0.0071331364149513,-0.0200868395133657,-0.0101035771972034,-0.0097429098754842,-0.0102744286978934,-0.0347666971637693,-0.0121902615340214,-0.0372585251133882,-0.002598925833576,-0.0242449757921718,-0.007229250660364,-0.013669356547428,-0.0127147766323023,-0.0628571428571429,-0.0077538391880165,-0.0390351154879963,-0.0232301852467333,0.0031859203638344,-0.0178711670360739,-0.0165259251290877,-0.023512123438648,-0.0121138368780595,-0.0201545831073567,-0.0657710678949164,-0.01053390865847,-0.0096812161198879,-0.0082967367069792,-0.0165048880588775,-0.018867436202702,-0.053723849372385,-0.0113197104010999,-0.0192822842470403,-0.0115326525100772,-0.012737295863384,-0.0376849128659847,-0.0220516476792929,-0.0120543244343628,-0.0375062524794314,-0.0509282425308444,-0.0133974925225099,-0.0664437267175427,-0.0454140694568121,-0.0193515870411177,0.0097477884497023,0.0145019253665705,0.0382984737139626,-0.0152008686210639,-0.0062603638460982,-0.0064637115894028,-0.0304984339139273,-0.0148467783222409,-0.0367914704692815,-0.0077432353564379,-0.0096290345225652,-0.0230920140425406,-0.0249754312243722,-0.0460987753779966,-0.0283152149666137,-0.0088079658605975,-0.0065140021821582,-0.0458509162275435,-0.0204815582339766,0.0026412406623874,-0.0172265959934523,-0.0019416823004374,0.0092271820628,-0.0153472316286782,-0.0092135315664726,-0.0468328557500532
2024-01-03,-0.0080288162124858,0.0,-0.0231515648489818,-0.0011988970147465,-0.0118824287880576,-0.0028189457601222,0.0009126120413374,0.0004806576722908,0.0011311411165342,-0.0044261546198228,-0.0122878296691629,-0.0185335212264015,0.0011812821899397,0.0130723351710326,-0.028436018957346,0.0114641883243362,0.003001116694584,0.0015651107210084,-0.0086420223093615,0.0041633901737527,0.0133616483253442,0.0087587658984438,-0.0060975609756097,0.0,-0.017285680915674,-0.0205770160640411,-0.0021250723114885,-0.0004478009773433,-0.0208871691801456,0.0015048908954102,0.0022980299933741,0.0054267664820637,-0.0080161418437125,-0.0112042978267865,-0.0110480590568975,-0.0064994345355697,-0.0088175388513784,0.0284277260457059,0.0128817356443815,-0.0049616700827997,-0.0019636226320095,-0.0021047518821339,-0.0110375461297215,-0.0168092142775686,0.0142656228994528,-0.0185964705709196,-0.006236279736571,-0.0243860873084769,-0.0014294129196936,0.0171145151907905,-0.0251865671641792,0.0064582959819916,0.0340448945837219,0.0312324885547836,0.0177526298391959,0.0337375964718853,0.0045505294172178,-0.0003408976732836,0.0058399354808102,0.0396519013445517,-0.0058765748289562,-0.0012475367704906,0.0060052846504923,-0.0021667409045953,0.0070902266092034,0.0205391192296304,0.0105335251534306,0.0056218260027631,0.0062952285697475,-0.0742060651723489,-0.0012112012396628,-0.0018816306337923,-0.0054727157360405,-0.0051916350041618,0.0095807989838878,-0.0131102847995732,0.0076580024821091,-0.0215269268312945
2024-01-04,0.0036820850442869,-0.0205819398618524,-0.0402932452851305,-0.0086367039914032,-0.0450191324420788,-0.0290199263010318,-0.0105817840922224,-0.0132448685453009,-0.0137362881773617,0.0071102473934234,-0.0179874159751185,-0.0118643131806648,-0.0094338633217266,-0.0201153242126154,0.0082926829268292,-0.0043603851444291,-0.0356273049892145,-0.0059803611023121,-0.0130696364567332,-0.0134735758076366,-0.0014657250493622,-0.0148086974229018,-0.0214723926380367,0.0015590835630763,-0.0360632157637148,-0.0196013896507589,-0.0296842279616198,-0.0029226770584073,-0.0190193358593145,-0.0007513148009015,-0.0068829388309944,-0.0102290621001869,-0.0461661650606068,-0.0124670390616178,-0.0051569367569976,-0.0093397701401651,-0.0083199575426514,-0.0182925786593707,-0.0110687504244151,0.0030671645515634,-0.0128138833886162,-0.0175884237851868,-0.0066353085015156,-0.0398301939315208,-0.0077130520337885,-0.0390749780667222,-0.0486254496929914,-0.0350015284510238,-0.0164617792564276,-0.0230273719698185,-0.0612440191387558,-0.0089147164075118,-0.0162182485566078,-0.008468754805967,-0.0335485843108784,-0.0098122866894198,-0.0083656994286448,0.002397866329721,0.0008961376467424,-0.0320382110015313,-0.0208549138626312,-0.0093700884869445,-0.0382865955814427,-0.011712188847696,-0.0124516841524019,-0.0299924069855732,-0.0225853719487031,-0.0151481131931865,-0.0081722274191872,-0.1091588267847259,-0.0260929861445325,-0.0015081422737361,-0.0154261561072311,-0.0134377831446508,-0.03320372870878,-0.0100150796433262,-0.0132974973310043,-0.0196073228973201
2024-01-05,-0.0036685770316646,0.0003960490528223,0.0197679164965887,-0.0016922278597786,0.0326746945287494,0.0182258586273009,0.0119842344583513,0.0167804108220639,0.0217934493365445,-0.0088288895355069,0.0,0.0214133392161186,-0.0127000428805117,0.0127818199940197,-0.0270924044508951,0.0104997029689293,0.0277076268129012,0.0005226058914253,0.0088327993878001,0.0078781255606843,0.0083220108695651,-0.0025951656427628,-0.0031347962382444,0.0140478766824232,0.0109512127266748,0.0147525084859563,0.0109249640305315,-0.001576167772718,0.0104010476967753,0.0157894736842103,0.0086627165679142,-0.0014355583451927,0.0012158054711244,0.006315577078289,0.000431027149039,0.0047208339678539,0.0193868394002185,0.0099372498813365,-0.0254826273763514,0.0003799615515096,0.0209650837453527,0.0200502675949485,0.0233851150665611,0.0039380541663647,0.0118881262586822,0.0252598557917409,-0.0148413510747186,0.0207263265075234,0.0065493802479008,0.0262917355626535,0.0050968399592252,0.0046771900113435,0.0087415871535267,0.0023300140972746,0.022219586446843,-0.0073244291253771,0.0038681432507778,0.0078567873116823,0.0111587052509058,0.0118197690145001,0.0145904333602695,0.0132452337227133,0.010228461416355,-0.0035752017271211,0.0147963320193462,0.0174937883418719,0.0095954196107599,-0.0102553600098921,0.0053478562726785,-0.00342581511561,0.0056080964657614,0.0230254225782364,-0.0022333051759449,-0.0128282437072154,0.0182854322317203,-0.0180908982301639,-0.0107265346118849,0.0146355984953046
2024-01-08,0.0080937998438932,0.0114951849007645,0.0629574565416286,-0.004848495349314,0.0543846734440955,0.0221846838120771,0.0085632323957813,-0.0033023463170583,-0.0076980798940632,-0.004747336624408,0.0056337205908107,0.0321262472822565,-0.0048204270287081,0.0466557231204065,0.0198906016907012,0.0182109019318321,0.0089868707435232,-0.0067945745322359,0.0032784777577783,0.0171974797168996,0.0223176688563246,0.0005180810278728,0.0440251572327043,0.0007675459123499,0.0279758330831583,0.0159532430296458,0.0108068990471594,-0.0072253870743076,0.0145064337372029,0.0007401924500369,0.0229021823995241,-0.0022995730697901,0.0277946434594886,0.0057011475815238,0.00863383579272,0.0037478986965029,0.0283847547585358,0.0041004988724706,0.0307919180023001,-0.0034364416550988,-0.0068448582225891,-0.0052618797053348,-0.0106862323409906,0.0137892862299657,0.0122003229049256,0.0384594892872094,-0.0133910533910532,0.0609108643124736,0.0115675821687628,0.0556495111529184,0.0192697768762679,0.0089530284055896,-0.0185678095892477,-0.0074896063658215,0.0312512086637013,-0.0071614583333332,0.002450595115738,-0.01118521334693,0.0437088438290793,0.0186971913707763,0.0380167642368078,-0.0065360454122492,0.0231385979049154,0.0125773116668588,-0.0086367800100555,0.0371867071784519,-0.0183062761634711,0.0129520277194865,-0.0053194088387531,0.0309566588442358,0.0065046748309172,-0.0110690394528932,-0.0067265094055156,-0.0050903769527596,0.0,-0.0095075869500982,0.002502874325639,0.0105783131244698
2024-01-09,-0.0065644409284475,0.0070497918071517,0.0022594007208565,0.015100953530617,0.0007812403339182,-0.0154037417750688,-0.0149930058072993,-0.0264897370906017,-0.0268676102950988,-0.0035823374849119,-0.0084032393834722,-0.0034290242207966,-0.0133298131994245,0.0420147207606353,-0.0346172598732326,0.0212688821752267,-0.0118989631897572,0.0131562069761674,0.0087268533350419,-0.0046138181201077,0.0265790309863134,-0.0446699806683238,0.0240963855421687,0.0007669572374575,-0.0026283607425118,-0.0018452520939993,-0.0064076557764359,0.0097783150214778,-0.0041475912956131,-0.0162721893491123,0.0139911132918983,0.0072046783625732,-0.0023536030756247,-0.0079416768568238,-0.0522251323613719,-0.045836422041018,-0.0237382997201582,0.0040837534460695,-0.0104317978189169,0.0256988461835125,0.001965552433631,-0.0049438476562498,-0.0005993887922737,-0.0058394853656797,-0.0147317733804829,-0.0271991673873848,0.0033932018955127,0.0239245696972862,-0.0035735322992342,-0.018409327898379,-0.0069651741293532,0.0106427831212789,-0.0055517388032845,-0.0085889995669121,-0.009226268611934,0.011584699453552,-0.0059386195222566,-0.0051420255484287,-0.00592075299833,-0.0114672880102425,-0.009394726794895,-0.0291373888445855,0.0212016082349189,0.0025949981789485,-0.0310478744468143,-0.0038545360597056,-0.0283369161618136,-0.012237189493361,0.0117633188802579,-0.0817409860845596,0.0012334258402713,0.0123126473030437,-0.025955678023492,-0.0126554476993573,-0.0144537963248578,0.0046020075106165,-0.0246810112362853,0.0042809936550503
2024-01-10,0.0102760034563968,-0.0011659595987975,-0.0022543073372336,0.0259106163776592,-0.0009378162480638,-0.0099550368020695,-0.0016525155676435,-0.0170087128173712,-0.0171781721108398,-0.0062867604097689,-0.0042299079372978,-0.0005291420060361,-0.0155522184300341,-0.0042085658391505,-0.040909090909091,0.0008283043426813,-0.0029929577464787,0.0010381542798543,-0.0064789877534428,-0.0108048206122731,0.0083169497257298,-0.0261015152610151,-0.0441176470588234,-0.0061403016878819,0.0057219893978488,0.0240688717716355,0.0010688251330026,-0.0020272196095197,0.0338116421004679,-0.0240601503759398,0.0016555883387436,0.0137334138448914,0.0064853281200065,-0.0057142091547928,-0.0298108284409654,-0.0196095357302142,-0.0093295538968264,-0.0065048647492783,-0.0232397493462278,0.0115941131454506,-0.00294254492411,0.0035474043632051,-0.0008996224120016,0.0019579284162267,0.0081556600891929,-0.0190315459552314,0.0008454317532506,0.0186924470066065,-0.008607235753133,-0.0375091744891257,-0.0470941883767536,-0.0031580424815197,-0.0098923259631612,-0.0091841227904635,0.007968353711625,-0.0417026793431287,-0.0137036168164573,-0.0113738153028201,0.0131921736318227,0.011600312130451,0.0126981097833631,-0.0122589094065044,0.0069179067355116,0.0178303843068399,-0.012368251236825,-0.0123864263842176,-0.0129203539823009,-0.0057320118620258,-0.0031688180535235,0.0118134634750948,-0.0027685812544913,-0.0011060938729855,-0.0266593145775146,-0.0150016852039096,0.0079979879275653,0.0077644294803771,0.0042633251524122,-0.0175292899454936
2024-01-11,-0.0145318854555364,-0.0116872705793004,0.0136639948356556,0.0105243506222101,-0.0104723888855496,0.0021541165400378,0.0067977360995565,-0.0013849336530221,-0.0049951629706802,0.002712491572461,-0.0099362083664049,-0.0071514007277453,0.0012480793445641,0.006339529084266,-0.021063717746182,0.0066734978061533,-0.0060038848666785,-0.0108977466748172,-0.0043602792624606,0.0,0.0110053776277043,-0.0022385752272586,-0.0092307692307691,0.0154502966870728,0.0039365063960647,-0.0140169548519546,-0.0172029079392501,-0.0137624013337569,-0.018816853786077,-0.0192604006163328,-0.0156115104695531,-0.0158047469224426,-0.0245975122333867,0.0074718374386892,-0.0130315458762981,-0.0039915473115754,-0.0151238650664142,-0.0036848267787037,-0.0041700343503736,-0.0040667471270399,-0.0049313271702252,-0.0014108898283502,0.0018008649224485,-0.0155851583537879,-0.003595414836136,-0.0024270166895798,0.0016894352043343,0.0,-0.007958466504476,-0.0549145127628832,-0.1177707676130388,0.014440037860121,0.0102503272794933,0.0084756523395339,-0.0276969298657403,0.0259301014656143,-0.0092640436997121,-0.0181246917414099,-0.0294012031795148,-0.0114672880102425,-0.0315864734442317,-0.0032675123757521,-0.003435189050287,0.0244776563313258,0.0034193618643145,-0.0050912571847296,-0.0026162648540271,0.0072524341570809,-0.0071598115394732,-0.0745128813689085,-0.0003088316192106,0.0077512306996843,0.0142858902203231,0.005260924759366,-0.0092597213212015,-0.0055336242422141,-0.0141557583763659,0.002412822735103
2024-01-12,0.0022123517298888,0.0078836520947176,0.0336995170620388,-0.0064799163952914,-0.0007914190876706,0.0107551913585994,0.0058398910800372,-0.0090058854631659,-0.0081520468929668,0.0018021328496371,0.0085958609222365,0.0226723846067034,-0.0049860943369048,0.0045491054866606,0.0182894029047875,0.000822132324155,0.0060401492272164,-0.0162645980734804,0.0,0.0156086736397615,0.0077087433230249,0.0016795993752634,0.0279503105590062,0.0091309823677581,-0.0034860678121753,-0.0022796216187109,0.0196889800302719,-0.0137263987026524,-0.0091329013573332,0.0015710919088767,-0.0016813367081244,0.0,0.0114121589277165,0.0005751238856974,0.0051835933387418,-0.0010018859028759,0.018542362468219,0.010270125470948,-0.0066502819141246,-0.0051985914627186,0.0049557656721335,0.0017699295598638,0.0012026382084489,0.0178169406182673,0.013531456836173,0.0310043500019248,0.0033731716537264,0.0366989017372882,0.0014586021462288,-0.0187491373910458,-0.0679380214541121,0.008335582372672,0.0053247645954133,0.0026265996551495,-0.0176322904596368,0.0127472527472527,-0.0111471229826108,-0.000706966221898,0.0155798243330274,-0.0232006242609024,-0.0001640660919266,-0.0058992290467175,0.0,0.0058788520996937,0.0022645713954969,0.002362818182205,0.0093729826023714,-0.0107087614305362,0.0034699964678641,-0.0184269848820135,0.0098695748713608,0.0219678014090998,-0.005864568535315,-0.0126690640992693,0.0271489414095511,0.0085405282926784,-0.0043061836675651,0.0101030586703245
2024-01-15,0.0,-0.0003906286768513,0.0195605298285244,0.0130443591472875,-0.0308290021115265,0.002126614153884,0.0195930702762525,0.0034986442753432,0.0037984824921062,0.0104967826775772,0.002840867274092,0.0033905693066575,-0.0041703321789289,0.0114951595553962,0.0005282620179609,0.0041333628883992,0.0060392018364823,0.0026689312143637,-0.0010916329544725,0.0015379393733692,0.0117062174633553,-0.0033473787116612,0.0120845921450152,0.0090483619344772,0.0004365250183402,-0.000917530224525,0.0075176269198078,0.0053364848200128,-0.0129029871108871,0.0039215686274509,0.0095337584720496,0.0220797278675091,-0.0124666325893111,-0.0034220252775382,-0.0014047366734849,0.0050144534245766,-0.0190582528009857,-0.0069111515021917,0.0079357176232677,0.0022377190272322,0.0068862011123864,0.005295315682281,0.0017954683390652,0.0,0.0084555073304397,0.0023597586474699,0.0151282422837271,0.0088451115179679,0.0058259108987748,-0.0152772518258046,0.0051150895140665,-0.0134323906825932,0.0100893120031406,0.0107404978512026,0.0096526235083647,0.021484375,0.0109086038159182,-0.0067507186368984,-0.007668159821541,-0.0197985554631331,0.0029498581358651,-0.0013222381453829,0.0134499508116083,0.0033768182867699,0.0045333468082495,-0.0039287473879139,0.0070555375647667,0.0052262509821374,0.0071865069665117,0.0019805317938561,-0.009467210502836,0.0053759110860549,0.0082686012995261,-0.0019530138986328,-0.0030348930976615,-0.0015726667069912,-0.0100963141265815,0.0147573205397808
2024-01-16,-0.0176597442733185,-0.0195626074060122,-0.0533007704315423,-0.0337991665958921,-0.0104414944250537,-0.0106181673318982,-0.0056944137133504,-0.0160289375054476,-0.0088264568348702,-0.0062326468668785,-0.0396594745339791,-0.0163759090471672,-0.0113165560544133,-0.0210062884164108,-0.0279831045406547,-0.0246980911569926,-0.0419153268272133,-0.011170166796301,-0.0098482900488557,-0.0613807491501372,-0.0053386572835721,-0.0364357640397821,-0.0179104477611939,0.0052384590199716,-0.0192411414996577,-0.00597842724146,-0.0617715202281231,-0.023076249096445,-0.0032702552017204,-0.0140625,-0.0198117567491404,-0.0112234672497039,-0.0186340762041696,-0.0211660083027623,-0.028195952615992,-0.0239933082883305,-0.0179828348640656,-0.0237544625746634,-0.0270598219148585,-0.0066981684626801,-0.0166343082607879,-0.013700364667747,-0.0140519163616474,-0.0214056368176954,-0.0278016055216457,-0.0170605238847335,-0.0496664477878969,-0.0438569608979209,-0.0296928083254434,-0.0252161779086503,-0.0127226463104326,-0.0233858746836473,-0.0109893313123068,-0.0124417171985602,0.0068538494489662,-0.0252814956447843,-0.019064182194617,-0.0082248988757305,-0.0223301894916221,-0.0209966475940815,-0.0147097152228049,-0.017497264813611,-0.0112314389285768,-0.0142312670789587,0.0197115488261461,0.0011811409736526,-0.018441774558551,-0.0174543317498407,-0.0052842766074491,-0.0009883085204812,-0.0067814276384997,-0.0285102036729216,-0.0199144791830703,-0.0129983626829891,-0.0347643120644896,-0.0003937859708338,-0.0206859261547969,-0.0272161620369165
2024-01-17,0.0059895248137455,-0.0063820591625048,0.0135102789819421,0.0,-0.0268713367436727,-0.0178791281118123,0.0019691899449549,0.0014172963300882,0.00190416642983,0.0128426820027589,-0.0044170691447087,-0.023256529018949,-0.0199232026421005,-0.0397458179448185,-0.0293318848451927,0.0016908984395804,0.0093800381064046,0.0008040728035483,0.011049938972135,-0.0130823301102322,0.0053673115203132,-0.0290898079363953,-0.0303951367781155,0.0089204936127094,-0.0004448948318048,0.0055433778373579,0.0215662436998202,-0.0108633504859918,-0.0028109297220563,-0.0015847860538826,-0.0024540752138404,-0.0011332436565993,0.0006153485510007,-0.0151968811450418,-0.0058028061710367,-0.0112766693229487,-0.0124034932287052,-0.0020953448055299,-0.0159292634473134,0.0003724130592845,0.0029933636491012,-0.0035638174955709,0.0006059312993387,-0.0059545509782475,0.0040852339956751,0.0041913626097107,0.0243836494362219,-0.013762088151483,0.0044770612111024,-0.0010031786108795,0.0180412371134022,-0.0042859694029406,-0.0083311228349396,-0.0057732765790889,-0.0013730419648038,-0.0180906713164779,-0.0084340807780629,-0.0082968887612121,-0.0329368243431178,-0.015679711637487,0.010947911497624,0.010417423160409,0.0020670189674876,0.0056390017580845,0.038675123326286,-0.0027555835704186,-0.0033825426401031,-0.0041569886256018,-0.0005302589159945,-0.009871813761603,0.0015514622288586,0.016508140690258,-0.0095539433190373,-0.0165677988345844,0.0063018786732649,0.0057229684976989,-0.0062500985944377,0.0033774380713811
2024-01-18,-0.0067013187851711,-0.0216904852811111,-0.0110997402188459,-0.0233219535432357,-0.0176170607324988,0.0087356901825979,-0.0116075394530628,-0.0113223235530867,-0.0057110978734671,0.0138615000959141,-0.0044520179922934,-0.0110923821434396,-0.0012982816521067,0.0761906916588426,-0.0089535534415221,-0.0193792782614474,-0.0155002178016552,-0.0217667529768272,-0.0196750786617864,-0.0160109292741063,-0.0017813908084648,0.0227679934171234,0.0219435736677116,0.0073710073710073,-0.0285477609356841,-0.0280505161511162,-0.0055535583681464,-0.0186255619781632,-0.0103326529746444,-0.026984126984127,-0.05340081158351,-0.0170456117695891,-0.0275369958221076,-0.0231470852205131,0.0121586758282459,0.0051856019708329,-0.0095712175479066,-0.0134516263073672,-0.0077099125557273,-0.0123648289310406,-0.0089278910873485,-0.0057204405254559,-0.0042389505825359,-0.0279951100244498,-0.0280282212390728,-0.0172841928885736,-0.0119065075222145,-0.0697655524016027,-0.0074285107876669,-0.0398402328808854,-0.0151898734177214,-0.0104103146609273,-0.0073839975959077,-0.003961419221495,-0.0231220589089641,-0.0064372918978912,0.0151640286422192,-0.00363619731516,-0.0113560646370518,-0.0268281412117566,-0.0259255085689401,-0.005318724145091,-0.0281590962147101,-0.011483163346729,0.0212771731755638,-0.0051377541650828,0.0199861116247344,-0.022201089132698,-0.0108972314262093,-0.0478528911564625,-0.0266509281417761,-0.0111863265612388,0.0277403414195867,-0.006478624631229,-0.0067125422698858,-0.0066718032377613,-0.0077847695365331,-0.023557151163721
2024-01-19,0.0007524975132984,0.005340302238382,0.0247041341612268,0.016324717590805,0.0089664936290703,-0.0043300193834802,0.0104804382112029,-0.009295792289592,-0.0019114640292899,0.0049458304794842,0.008928433746087,0.0073881575329977,-0.0134272392694748,0.0057846809315753,-0.0033879164313947,-0.0094473887525923,0.0031341027248259,-0.0054947016970638,0.0011135419805325,0.0151502829059728,-0.0102488452783485,0.0152343876723439,-0.0030674846625766,0.008047000178031,0.02433405877337,0.0174976830398516,0.018997519352788,-0.0070565137049584,0.0123409747988816,0.0350734094616638,-0.0078015583631099,-0.0066468356370483,0.0257972556538148,-0.0085039100893123,0.0124921135646687,0.0061875945537064,-0.009357250847873,0.0119323400918562,-0.0018104687220864,0.0034148530401616,0.0049975012493754,0.0068314578787236,0.0024325690155806,0.024676141365866,0.0116276031459852,0.0139476655325228,0.0197963968776895,0.0149951962967815,0.0112261598309084,0.0373451785000822,0.024421593830334,0.002174849874946,-0.000771838539362,-0.0053005466409286,0.0027951234017247,-0.0033512064343163,0.0091084458609409,-0.0182473374954095,0.0289417286488689,0.0077587442660551,0.0122979668747045,0.0100279401374525,0.0028274061501989,0.0033022433239646,-0.0145823921766629,0.0218419719591664,0.0388143397533768,0.0052396542933836,0.0034947315769728,0.0282658688517269,0.0098711205765187,0.009487557066856,-0.0023433990213578,-0.0130435327682271,0.0216218971982733,0.0005893288151455,0.0102616775778985,0.0344673109597197
2024-01-22,0.0007432887936249,-0.0028598946458054,-0.0241085532278529,-0.0222983974633644,-0.0225591229928333,-0.0224821414553733,-0.006616598137115,-0.0050572553552721,-0.011509804295215,0.0023157736190082,-0.0044170691447087,0.0010858761411753,-0.0087785566623916,-0.013537239601477,-0.0220963172804531,-0.0086754241926655,-0.040726310372712,-0.0046947303223027,-0.0088984270721557,-0.0005550786838341,0.0036005157948206,-0.01154192736127,-0.0246153846153845,0.010879163575995,-0.0026899422252595,-0.0083615695704447,-0.0230228148510612,-0.0078394274348944,0.0196902259318156,0.0023640661938535,-0.0006038943823093,-0.0110587701841448,-0.0153337312731792,-0.0018389219320174,-0.0099638584247256,-0.0051271256521674,-0.0128038552494087,-0.0164232768621754,-0.018677109321993,-0.004159008277768,-0.0129416414846549,-0.0103578396799983,-0.0163928122837149,-0.0240818931657502,-0.0119537142266763,-0.0544248089261232,-0.0227881257275901,-0.0394053963934408,-0.0081411236539901,-0.0500022656214599,-0.0163111668757841,-0.0155606370537669,0.0023106452826544,0.0045305376687421,0.0111097932234214,-0.0100874243443175,-0.0018077396190031,-0.0152432609356368,-0.0053578749452196,-0.0205188385697266,-0.0229664423030361,0.0034498930851105,-0.0052854579224931,0.0022381345952706,-0.0052855476676847,-0.0400320962551568,0.0017799804551166,-0.0025094205112535,-0.0115134383567034,-0.0061122570839213,-0.0412995558480012,-0.000361632792374,0.0117688581651778,-0.0044059098711978,0.0057332645785164,0.0037547584092296,-0.0029867386271137,-0.0076154463644427
2024-01-23,0.0007513731992954,0.0241619932782053,0.0292150931380352,0.0061326928920366,0.0054199523850952,0.0185503429002777,0.0178195072709839,0.0014522746251315,-0.0051761031750621,-0.0034675131957098,0.0562949999232411,0.0105801127167963,0.0248023727091186,-0.021269608085488,0.0318655851680182,0.010504375672915,0.0163230898919457,0.000554661183187,0.0179698434075366,0.0260001259640545,0.0161525369049868,0.0169266876580007,0.0157728706624606,0.0380516440127189,0.0112372848626798,-0.0018737944337283,0.0134605511939196,0.0162990172134191,0.0344811675518048,0.0180817610062891,0.0151310456633342,0.0035311274135207,-0.0006260807346013,0.018415901436426,0.0177365449613231,0.0154455325837263,0.0027785225084695,0.0205466193067991,0.1059994011487057,0.0087344676914509,0.0141188932234479,0.0032459932271102,0.0046301725673134,0.0143881272795876,0.0139596164503883,0.0063204947449371,0.0069094916162848,-0.005128434819609,0.0082079455536878,0.0084305168014116,0.0127551020408163,0.0191173288809241,0.0146025650820647,0.0124672425849927,0.0164815828575897,0.0038496376811594,-0.0083181721670129,0.016990733046857,0.0296246813913605,0.0261858514713089,0.0086872395513244,-0.0060165564225452,0.0184197540611492,0.0143110481875834,0.0143481649666203,0.0028358241613968,0.0248677064340931,0.0083231574089577,0.0048733234473539,0.0082034364861764,0.0180852925733621,0.0108488437790883,0.004643162161837,0.0206488653968832,0.0087658847203462,0.0011778715472832,0.0116809515035611,0.0172635836304613
2024-01-24,-0.0127119741100323,-0.0279898953446408,-0.0109314976667439,0.0009728106678126,-0.0346080851189364,-0.0072849979501087,0.0019462034508801,-0.0050665264837038,-0.0038950091561782,-0.0078224547805565,0.0,0.0034897819525174,0.0103715063186053,-0.0059570414683691,-0.0005614823133069,0.0043301870039749,-0.0193032725079174,0.0013881377321076,-0.0066148717882204,-0.0059321182628883,-0.0211943729815534,0.0229646819467845,-0.0186335403726708,0.0165948566042815,-0.0071084938493665,0.0037546242614985,-0.0033235315920827,0.0046178809271135,0.0102230151650311,0.0023166023166023,-0.0200716238778521,-0.0023447439977408,-0.0174517466662688,0.0114546161184325,0.0230799200984546,0.0182616460782854,-0.0083124711372529,-0.009647408609882,-0.0308310629050162,-0.0112943292406043,-0.0089546155119925,-0.0003577706223654,-0.0046088328757647,-0.0223175539960821,-0.0013767428429997,-0.0069096727457987,-0.0205763751269386,-0.0103097424815414,-0.0125817365561664,0.0114817486312952,0.0113350125944582,-0.0129864927656984,-0.0093439279201411,-0.0075975330691522,0.0202727395126081,0.0060906835100384,0.0040134509380811,-0.035265738074858,-0.018745945050546,-0.0102070600306034,-0.0099626572327043,-0.0077345776665563,-0.009392164539249,-0.0111376521714104,0.0015702048616215,-0.016150781355688,-0.0069310408648126,-0.0044147964535817,-0.0048496893425683,0.004062926607294,-0.0016146049274101,-0.004652453294516,0.0381949017588811,0.0101164507954762,0.0152097281049323,-0.0035380763379833,-0.0088832925645992,-0.0372474549316258
2024-01-25,0.0,0.0156330442358718,-0.0198628887209029,0.0014621494757731,0.0313444755005418,-0.0146769172120211,-0.001234204869725,-0.0021863299718509,0.0026068263834173,-0.0146017850425742,-0.0014097607766765,-0.0101641199773627,-0.0141165729936379,-0.0003520871143376,0.0275280898876404,0.0051683803927968,-0.003267722589574,0.0072011089707813,0.0122210761336485,0.0010834722760215,0.0018063058528785,0.0056122861209344,0.0158227848101264,-0.0231283732326743,0.0367027117571516,0.04353008049581,0.0044502844959029,-0.0026600121709909,-0.0004415166981616,-0.0061633281972265,0.0158182603864436,0.0240972668350114,0.019036920087442,-0.0065601945003352,0.0027624810343889,-0.0019878100472104,-0.0192467271460433,-0.0016926050974138,0.0091242914897506,-0.0015219123864756,-0.0020050383013726,-0.0032366488236026,-0.0021587202307268,0.0103736018464504,0.0009190939179732,0.0221477639816276,0.0262633380310046,0.0781228676704726,-0.0022485977151611,-0.0010404489127894,-0.0062266500622664,0.0142531310622477,0.04638366078953,0.036960357687684,0.0423791120746537,0.0044843049327354,-0.0152578871443207,0.0003871654648404,-0.0026635029753391,-0.0034404182118762,-0.004605632768283,-0.0108509698405686,-0.0101816417408181,0.0090366705471478,0.0120282594047913,0.0188776324893991,0.003837727639246,-0.0003864820774021,-0.0035231242349146,0.0789442448178001,-0.000324118465299,0.0046741997907315,0.0066890403533659,-0.0220315251288796,-0.0008559523681349,0.0005924939236936,-0.0065709017406235,-0.0440733777454166
2024-01-26,0.0,-0.0028367273329888,-0.0067551394909709,-0.0065642725129055,0.0115278101506359,-0.0156370905339179,0.006891890210779,0.0036518674737293,0.010419597380548,-0.0002969029551483,0.0098385946528112,0.0010805927823263,0.0073734959283717,0.0141102311884764,0.0142154182613449,-0.0017184455509849,-0.0032784356076676,0.0203496166014263,-0.0087842631409222,0.0059610596442432,-0.0283687151461699,0.0133930778739184,-0.043613707165109,-0.0271587153631048,-0.013817824934322,-0.0089613607211258,0.0022091128992445,-0.0046089138927477,-0.01408176967384,-0.0023255813953488,-0.0037945359654433,0.0134871168997332,-0.0093456087556733,-0.0107948831550594,0.0027548707561728,0.0059753079187474,-0.0161436578487021,-0.000847737433408,-0.00659826814335,-0.0041938931504255,0.0070446115804656,0.0115523916572999,0.0148433827242178,0.0,0.0068868747001502,-0.0229069293265158,0.0102404143248093,0.0048311471864896,-0.0030048870690794,-0.0268574972791424,0.0125313283208019,0.0158574549645078,0.0219190196450003,0.0173113362643173,-0.0127140867740944,0.0198660714285714,-0.0106961181456098,0.0061519358844113,0.0084632202553072,-0.0146520803443327,-0.0363254894687193,0.0068572681358298,-0.0017750122550957,-0.0006489667007975,-0.0025840474620961,0.0072483326658192,-0.0194714407502131,0.020444666927134,0.0029929255097793,-0.0272029923291562,-0.0006450697756102,0.0128796956804966,0.052056960212627,0.0166762476002473,-0.0047090770963205,0.008869179600887,-0.0024078326317132,0.0128067393120852
2024-01-29,0.0037848988654043,-0.0125914049974582,-0.0294802795405253,0.0002449436629574,-0.0157140346423481,-0.0007533326782613,-0.0078990177707308,-0.0036385798622796,-0.0090255307300117,0.0106723956384731,-0.0194710672335519,-0.0102602616895021,-0.0086122202752002,-0.0222636766933176,0.0123989218328841,0.0008674790246283,-0.0297190619921058,-0.0134754009336872,-0.0088621102493363,-0.0172309030197282,-0.001849947431618,-0.0044033250593106,-0.03257328990228,0.0093027307173034,-0.0126946369406653,-0.0104076168862253,-0.0033125223195044,-0.0155948199752486,-0.0035707245389866,0.003885003885004,0.0132277585281341,-0.0036831171059645,-0.0113084974134819,-0.0048485020830075,-0.0219784183474105,-0.0099142511901468,0.0279910591172329,0.0084934981423263,-0.0130384668971893,-0.0003803986033937,-0.0079928384167785,-0.0025001543305142,-0.0051813915982533,-0.012300431770258,-0.0177834021579859,-0.0044383803523416,-0.0016894352043342,-0.0048079194201102,-0.001506971814659,-0.0042450334311413,-0.0148514851485148,-0.0014219484238429,0.0095314624799109,0.0152640978821521,-0.0218721377541674,-0.0203545633617859,0.0022361762673452,0.0053530359246407,0.0097162971769588,-0.0183735871721603,-0.0140481004641997,-0.0160001935507285,-0.0081740308189475,0.0071360540290925,-0.0181351944378354,-0.0083976954960172,0.0145409720773148,-0.0398806710657246,-0.0035250303710244,-0.0231420082451758,0.0178100107806327,-0.0134225789931279,-0.0210599675497913,-0.0047492296504132,-0.0094735417512519,-0.0042970674549622,0.0024136442831796,-0.0116345635775861
2024-01-30,-0.0158488265772629,-0.0098708962021306,-0.0070076698118413,-0.0161506617689931,-0.0203494543124297,-0.0158974695161925,-0.0051308235469931,-0.0043822409684752,-0.007150539197163,-0.0076287809978857,-0.0312049857424229,-0.020730366741394,-0.0047752613644266,-0.0135166312058035,-0.0564430244941428,-0.0128790238485394,-0.0169897104570472,-0.0210374447872504,-0.0100573769415595,0.0005445387303171,-0.0041787299193607,-0.0094030445036602,-0.0336700336700337,-0.0113400015534249,-0.0172954235350517,-0.0091554090371591,-0.0033235315920827,-0.0074255099163454,0.0246395122455678,-0.0085139318885448,-0.005144000712839,-0.0176163763409114,-0.0216183329953356,-0.0134090584369195,-0.0042104874945447,-0.0019997647335606,-0.0228484091181848,-0.0021077055234283,-0.0166988357528592,-0.0233626442327293,-0.004022173520691,-0.0082309620323669,-0.0064328645218035,-0.0166471814161541,-0.0074278471240564,-0.0082713919478885,-0.0160767951448662,-0.0434750505002557,-0.0075462310307653,-0.0202528893880656,-0.0402010050251256,-0.0095891383581313,-0.0044850050819853,-0.0061635001329188,0.0105251329687618,-0.0149687220732795,-0.0130188259074635,-0.0019010497620698,-0.0100614584728192,0.0222867049236561,-0.0173128551307805,0.0100315946055591,-0.0071633066206682,0.0074795280159907,0.0031703508252334,-0.0145142309201063,-0.0118873048459525,0.0255923501262793,-0.009246798928757,-0.0414658275274159,-0.0079556132562563,-0.0039395110016579,-0.0225808963392252,-0.0056383723755484,0.0143407569340072,-0.0019620329415004,-0.0078198749840541,-0.0291704286695854
2024-01-31,0.0030703888864309,0.0199386042976992,0.0329517670593464,0.0149223657698236,0.1208803003730361,0.0069196949005763,0.0039138616629321,0.0029343530210081,0.0052405070702932,0.0124175591747264,0.0029281910455007,0.0033411115825201,-0.0052407239186639,-0.0126215754695968,0.005079006772009,0.0017423514885444,0.0103862382343395,0.0119985852008379,0.0124142870405985,0.0005499115606151,-0.0037280866534499,-0.0100550367942612,0.0139372822299652,0.0136261664295254,0.0090250675472831,0.0060032909607072,0.0077848987839193,0.0119712752525251,-0.0039361613431216,-0.0039032006245121,0.006163082025151,0.024876026848327,0.0032439267059116,0.0049383431207143,-0.0108145477889433,-0.0050241631305988,0.0163349938048398,0.0075966666962485,0.0332052560414719,0.0043139437795713,0.0111185896606178,0.0061360539972752,0.0107923034863435,0.002119355922566,-0.004209431017358,0.0301668075697469,0.0128995907716029,0.0606032201146891,-0.0022810828877005,0.0087025121416066,0.0314136125654449,-0.0007168887030288,-0.0002367926588124,0.0032263497336693,0.041662033433411,-0.0036289408029032,0.0056537133137788,-0.0361927350990469,0.0190027519940294,0.0200506026063063,-0.0067903990293938,-0.0188334002766993,0.0133521550458679,0.0088248888888888,0.0047304324487538,-0.0077753206545775,-0.0028293013861263,-0.0092143687448611,0.0126279266800253,0.025747161773425,0.0109045268178393,0.0125843840519697,0.0110050188348564,-0.0148298537496855,0.0175701377701389,0.0094328234665195,-0.0197037684662561,0.0163424306587276
2024-02-01,-0.0007674529383743,0.0048872069881666,-0.0114045941147991,0.0193596795478168,0.0041537558155291,0.0152824524697534,0.0228513002963437,0.0043886516782021,-0.0019513047530289,0.0017510939589158,-0.0145982088829723,0.0183237309935337,-0.0197445443476633,-0.0244717647943454,0.0022459292532286,0.017352123478094,-0.0136925795053003,0.0052425931568476,0.0145022467347017,0.015870677492648,-0.0009398605293385,-0.0090202643612103,0.0515463917525773,0.0084912159834653,0.0116282673509739,0.0179023995686167,0.0022018032645731,-0.0086246559105406,-0.0136085290100885,0.006269592476489,0.0096836047549506,0.0112899777010722,-0.0077685147880702,0.0092228987282487,-0.0033260115318374,-0.0060564777657667,0.0075635060831487,0.0054431594986656,-0.0100575257122501,0.0070250796729942,-0.0009985022466301,0.0060159391377152,-0.0022066810058001,-0.0253011115982771,-0.0089241421529823,0.0068493691162891,-0.0229138000019517,-0.0190485102754859,0.0076209937440854,-0.00755205787467,-0.0063451776649745,0.0010761045017038,0.018975583047782,0.0276863421506536,0.0187524463580401,-0.0177555201456863,0.0041247610788235,-0.0071134716807597,-0.001734839607441,0.0102505289735246,0.0066518703949829,0.0167510906196373,0.0032027749445369,-0.0001268802954902,0.0062842259917188,0.0173217676583075,-0.0184465043642295,-0.0100726835689348,0.003522669924832,-0.0030078246256275,0.0158658159869948,0.0102934839852539,0.0043563420235039,-0.0045739213533554,-0.0113682092555332,0.0206411439114391,0.008967859976785,-0.0077808471454881
2024-02-02,0.0,-0.0077024765974469,-0.0322413886923871,-0.0228385178735605,-0.0007952872930363,-0.0090330778441163,-0.000345392264026,-0.0060353381336877,0.0012353244428882,-0.0064119821784055,0.001473771473311,-0.0002710636653574,-0.0161173779850589,0.0071144752207374,-0.0151260504201682,-0.0307064778417962,-0.069454056914872,-0.0224969020513323,-0.0109891528925619,-0.0328629594511683,-0.0112424798494809,-0.0256114473020675,-0.0098039215686275,0.0014004406264411,-0.0044177026720666,-0.0261517543394961,-0.02970199813442,-0.0131753860191455,-0.0013354116328199,-0.0155763239875388,-0.006264356312965,-0.0139549213751941,0.0123999208737206,-0.0091386142148288,0.0238418722882061,0.0152260063764488,-0.0185974975218623,-0.0124961674915684,0.0002475487568969,0.0023299439070589,-0.000999500249875,-0.0032108913434368,0.0015274401394058,0.0043395427603725,-0.0042652892782022,-0.0259884791723813,-0.0208543491505448,-0.0436861045011051,-0.0052943474322,-0.0043465412367325,-0.0293742017879949,-0.0225898278092963,-0.0146647306887713,-0.0129881777154259,0.00736989172197,-0.0162224797219002,0.0033558633076522,-0.0103481657041758,-0.0078226379622624,-0.0397588771065253,-0.0168861827698552,-0.0109847652977396,-0.0347896952242301,-0.0013958603575658,-0.005203044843079,-0.006892230576441,-0.01843085671978,0.0046952815930094,-0.0132339463959001,-0.0362564686178094,-0.01061843070154,-0.0288124348402993,-0.015175459242572,-0.0203126316830885,-0.0063894854670001,-0.0001924871431141,-0.0012251676074784,-0.0334555241056099
2024-02-05,0.0015272566762303,-0.0069413037066167,-0.0119204925637493,0.0044288381554224,-0.0549365064501956,-0.0075865923624467,0.0107393135294213,0.0198003480172175,0.0202362678998193,0.0134944320202721,-0.0073886717253008,0.0084514029905851,-0.0045460063122116,0.0107800104853492,0.0,0.0008749635431857,-0.063437896486853,0.007856996283545,0.0044392797921373,0.0077970910852489,0.0180010336645757,0.0146011372972694,0.0132013201320131,0.0105141980046048,-0.0173184151249953,0.0078694469628286,-0.0226801254806718,0.0125940568804998,0.0115875528841422,0.0023734177215188,-0.0039372061182553,-0.0036790158249754,-0.0199814890991362,0.0030767013726267,-0.006054046120824,-0.0019957736557877,0.0006398113634811,-0.0063249311398626,0.0054498276517518,0.0100577013713798,0.0170341581046933,0.012163381007602,0.018937148257937,0.0021867425439983,0.0085671198006354,-0.045743850529856,-0.0434844698322027,-0.0101527343663407,-0.0030414438502673,-0.0272937510048106,-0.0223684210526315,0.0051364352894693,0.0,0.0043874451569354,-0.0085295239416108,-0.0094228504122498,0.0059526868458468,-0.0160935339157419,-0.007440648122045,0.0149747518718441,0.0033596206627537,0.0111067705656187,0.01029994015952,0.0064807624426403,-0.0010473858716317,0.016328781628466,-0.0025758098554817,0.0079861896052118,-0.0065716019620924,-0.015674260569264,0.0034720506510919,0.0195382388341303,0.0,-0.008624897378308,0.0141440275981026,0.0089691166068863,0.0205573053596064,-0.0091934709553529
2024-02-06,0.010700937874621,0.0106926458358083,0.0024185517143264,0.056331780882679,0.0025284666859746,0.0107090500998021,0.0215962743410522,0.0438519290178893,0.0620566194044773,0.0274955755544676,0.0119222275415811,0.0154139661001437,0.0210229801659644,0.0492818039328522,0.0108077360637088,0.0096716898398689,0.011958705096464,0.015596014804224,0.0099572332930364,0.0254306151645207,-0.0120981001886543,0.0356937908871801,0.0260586319218241,0.027737694404361,0.0262037176211233,0.0183685952792169,0.03016968018327,0.005722787241412,-0.038325677629281,0.0173638516179952,0.0379605445288333,0.0170456117695889,0.0177655120308088,0.0140936126196016,0.0182727625094594,0.0230414068933066,0.0137399644377391,0.0152791354767867,0.0409084565120851,0.0283414198797664,0.0394001690020053,0.044891412276905,0.0428665390550557,0.0064933357869554,0.0179325118242168,0.0392852926792248,-0.0046282472379814,0.0512787494681208,0.0022880418384794,0.008976021562794,0.0067294751009421,0.0109498220957846,0.0151188831327182,0.0092212055417701,-0.0012239902080783,0.0368608799048753,0.0162751492137012,0.0282097540699095,-0.0066164111207855,-0.0095439318832336,-0.0195379420727416,0.0216279088683373,0.0029128379886,0.0133690589753661,0.014137838920796,-0.0208850648561356,0.0317457763475463,0.0378754516021169,0.0093691042312844,0.0350392720523324,0.0176153318385796,0.006030319104386,0.0143053864275228,0.0177073449546234,0.0122565694361767,0.0189112056878801,-0.0006025748117353,0.0365700026649222
2024-02-07,-0.0173902426261534,0.0101778927158027,0.0408742548963949,0.001389548824823,0.008906188527628,0.0166513701324242,-0.0026847856895412,-0.1301673334193659,-0.159036706295838,0.0095759183793133,0.0029454406714992,0.0221037895027422,0.0031350957547819,0.0245353615898913,-0.0106921778277997,-0.0087132196308562,-0.0157411254212251,0.0,0.0054701074715233,0.0016127772135228,0.0188453362610667,0.0189002167060676,-0.019047619047619,-0.0040479513917399,0.0154159750024411,0.0135323734652414,0.0439103450008795,0.0168162926668908,-0.0064130854526397,0.0007757951900697,-0.0045735596302189,-0.0005592688995098,0.0122796164553047,-0.0030246362644679,0.0023020174373289,0.0009773625583902,0.0264731937209878,0.0200655956808848,0.0007094169616475,0.0,-0.0075837549901107,-0.0098098937139682,-0.0071842972366533,0.0193543331766181,0.0009271895738052,-0.0064095802941916,0.0437978101094944,0.0146348477666944,0.0235891260901921,-0.0022177419354838,-0.0106951871657754,0.0061371580668954,0.0095428371379939,0.0146658641686781,0.0221288515406163,0.00848623853211,0.0061829499708865,0.0039759608572071,0.0417393179218927,0.0070104107790762,0.0157522929294715,-0.0235227146064553,0.0127015974079032,0.0007475393496407,0.0087779950874835,0.0110753951539603,0.0150258097718447,-0.0001866210394594,0.0049152536705576,0.0235856277472827,0.0154554868429965,0.0211659299490576,0.0119269349011512,0.0019499319748064,0.0004200577579416,0.0001832001400461,0.0117333673615875,0.0005317097682679
2024-02-08,-0.0038431497852097,-0.0245774463504747,-0.0438778292882464,-0.0057877299022597,-0.0238208715669782,-0.0201025277276244,-0.0151415872614882,-0.0087137134661985,0.1656253998038295,-0.0373886055502115,-0.0234943242338476,-0.0273581109757643,-0.0111558243642251,0.0027399093505569,-0.0034129692832763,-0.0131708466774806,-0.0200262639527248,-0.0208406655826075,-0.0195980542754736,-0.006992305677975,-0.0147939677754024,-0.0147309398073739,0.0194174757281553,-0.0623263559692325,-0.0160474089745285,-0.0151295950915968,-0.0204960945492181,-0.0111883859396588,0.0106047777022055,-0.0162790697674419,-0.0191331820448181,-0.0430424314285369,-0.0357604831892116,-0.0230271337932602,-0.0197422357253086,-0.0185804747067185,-0.0147369002454423,-0.0262264134679205,-0.034066852299829,-0.0089386016308873,-0.0133638186531033,-0.0095674941433547,-0.0196890474328902,-0.0717452020396135,0.001389496034472,-0.0354637727313555,-0.028575534251637,-0.0048079194201102,0.001486806633445,-0.0501742776318449,-0.0945945945945946,-0.0222474551285881,-0.0034587904696422,-0.0080583329915219,-0.0084269662921347,-0.0129633841255401,-0.0419530635270215,-0.0055418105738576,0.0038379684413709,-0.0487403021826313,-0.016256113712331,-0.0227114290955787,-0.0197121664210135,-0.0174157225657412,-0.0225210522880083,-0.0068978219020098,-0.0345424934510228,-0.0046546080423138,-0.0203767231540664,-0.0270587858264521,-0.0977164859043515,0.0055244114541275,0.0075064586590383,-0.0088334646790908,-0.0041778197659161,-0.0038953426843265,0.0050545022277017,0.0010511746877135
2024-02-09,0.0,-0.0103292125839434,-0.0072730384187559,0.0163016484781892,0.0273045512088183,0.0060788023361026,-0.016568739829904,-0.0095785440613026,-0.0073812550877609,-0.0135188641891509,-0.0150528251316731,0.0064290915685112,-0.0103846848473903,-0.0382152854117424,-0.0097031963470318,0.0133466331361777,-0.0203876525484566,0.0042040703044312,0.0122210761336485,0.003248647799448,0.0262738390291015,-0.0143992542805279,0.0095238095238097,0.0,0.0193938135261921,0.0058757942056175,-0.0033052367729092,-0.0083646016596864,0.0291959106496171,0.0110323089046493,0.0033159932539965,-0.004380890970813,0.0205239252139008,-0.0012435820982358,-0.0173294878023281,-0.0149673001799588,-0.0074804142783064,0.0016819145498887,-0.0252255342330323,-0.003009370388151,0.003866410558275,0.012074894158335,0.0126987160048686,-0.020454357247357,-0.0115630667851556,-0.0086860819505586,0.0367701443333827,0.0048311471864896,0.0133695510310622,-0.0258206911223091,0.0686567164179103,-0.0300923756473833,-0.0113363311564617,-0.0133753200693417,0.0121433013196987,-0.023963133640553,0.0060403267860247,0.0127441444976434,0.022926322017337,-0.0283596151466991,-0.0028473401245048,0.0045802673074035,0.0219380811513418,0.0103826444419417,0.005235741952718,0.0187927760851327,-0.027383798880459,-0.0140330721748794,0.000557036835759,0.0628252706471377,0.0330611684429562,0.0178643820437285,-0.0127660511082254,-0.0043786383666521,0.0289194345768284,-0.0003718520274108,-0.0127217282726684,-0.0136684226185268
2024-02-14,-0.0023165679155343,-0.0150226771606084,-0.0072975923691317,-0.0148934659866546,-0.023588263913544,-0.0286978063756552,0.0135508533981059,-0.0129049806576402,-0.0066805499244406,0.0042698776758409,-0.030534109606379,-0.0146369891552833,-0.0009064087355902,-0.010286728404078,-0.0144092219020173,-0.0079025080064883,-0.0208608139137231,-0.0083684093679066,0.0,-0.0151280430855615,-0.0192008979693646,0.0039324024988176,-0.0031446540880504,0.0043345613125016,-0.0237825594563987,-0.015272279405296,-0.0110457733890554,0.0022334132756596,0.0110810594400305,-0.0381917381137958,-0.0217786574365627,-0.0146672254181111,-0.0259488888658876,-0.011177048822223,-0.0114396570606088,-0.0091049520244779,-0.031396830663979,-0.0058812352803417,-0.0045226273670703,-0.0022604965958793,-0.0009628797511325,-0.0034074059526498,0.0,-0.0092712619061038,-0.0074869346680827,-0.0155089073735632,-0.0274861906606062,-0.0288422677003342,0.005860051033961,-0.0301218796489647,-0.0209497206703911,-0.0181618814751329,-0.0100584390758978,-0.0075085434263976,-0.0119976107176379,0.0044853635505193,-0.02776553928556,-0.0051151211389284,-0.010792170746776,-0.0047111137229551,-0.0095241473493783,-0.0101651842439645,-0.0601071761788183,-0.0100251499592444,-0.0328120432622039,-0.0232570234823989,-0.0228985151552337,-0.0085388804356529,-0.0105336768744546,-0.0222830578512396,-0.0205719660951095,-0.0131621869713314,0.0086170378792946,-0.0030350350650591,-0.0281066073834268,0.0154641703797571,0.0047951800337473,-0.0047967162307628
2024-02-15,-0.005420852868944,-0.0025445162869439,0.0392162537624449,-0.0025581118196961,-0.0025529835470118,-0.0132240170371804,0.0001688802036212,-0.0016329363256891,0.0044805610441656,0.0024284686563869,0.0173308528346225,-0.0081057837638607,-0.0027399595703744,0.0218646575483985,0.0204678362573098,0.0141701253511088,0.0085320826264845,0.0146255208714087,0.0120735246694614,0.0191991005212888,0.0102536832918136,0.0313421920321292,-0.0094637223974762,-0.013674166156001,-0.0212560920217532,-0.005932067110976,0.0201069545380885,0.0116356487138515,-0.0048220547408805,-0.019448946515397,0.0091435596957309,0.0187583771522836,-0.0086604467302828,-0.0012592047128129,-0.0019307830116416,0.0,0.0340363652267086,-0.0202905121298593,0.0095905684945927,0.0015104120117972,0.0057952032028072,0.0106020297566264,0.0084580991837237,-0.0093580225844069,0.0207443821712733,-0.0089088984888702,-0.0173225045847524,0.0197974316845381,-0.010195344072856,0.0062199206326869,0.007132667617689,-0.0100169873728621,0.0283609034540044,0.0319602664925564,0.0,0.0474735605170388,0.0096498165113159,0.0031652256051837,0.0025203979482453,0.0047334133716467,0.0025001790638541,0.0081426665659847,0.002282301136484,0.0215200562983814,0.0080777552632482,0.0098509052183173,0.0034579188854282,0.0017224841735408,0.0056025195899491,-0.0049554642181671,0.0216721821465482,0.0075221783182914,0.0555598536677017,-0.0031947019469067,-0.0025140459801618,-0.0084415871955172,-0.0095445920303605,-0.0021454508715523
2024-02-16,-0.0070038071977587,-0.0029702109821122,0.0519118834767593,-0.0088638195004028,0.0025595179542372,0.003156242535913,-0.0083943410562878,0.0049068215041452,0.0037309986886093,-0.0106016593571415,0.0092877767083734,-0.0081691439105887,0.0183043727791143,0.0287625876941186,0.1031518624641834,0.0183401540517822,0.0210755454410527,-0.0060973138495483,0.0032500223040745,0.019377879799201,0.005538232685871,0.0330939575132958,0.003184713375796,0.008760251357972,-0.0031670377222413,0.0142176687337107,-0.0131363491947111,-0.0026944682103079,-0.0083689592516125,0.0214876033057851,-0.0029546844459366,-0.0093519719156203,0.0322539151686658,-0.0012534192539944,0.0246413213076073,0.0204308005935875,0.0413785325071724,-0.00301700866993,0.0127483311579821,-0.0067866034856638,0.0038330180102705,0.0060887623578964,-0.0011551665229487,0.0070919949465946,0.0081010950230941,-0.0048314675582709,0.0185556456084972,-0.0097092009518408,-0.0235517645632048,-0.0012307003803982,0.0339943342776203,0.0081733387505293,0.0181573237320871,0.0092196795618371,0.0048538658191115,0.018622391743325,-0.0015313261812773,-0.0055175375923546,-0.0192553252594697,0.0094124330306859,-0.0051799010906817,0.0203732600961237,0.0148138742513703,0.0092933217597377,0.0416663827583621,-0.008129009579049,-0.0084230990663251,0.0135666884378755,-0.006963279871993,0.0498014313929533,0.0065292693144778,0.0125629003399192,0.0232760245429606,0.0331246380529655,0.0193282150726261,-0.0253536108088795,0.005721912498164,0.0252290026324879
2024-02-19,0.0039244764350563,0.0080962733556206,-0.0336501548807286,0.0082366134006166,0.0037419389592598,-0.0031463120121091,0.0181430442203762,0.0024414310855214,0.0126051193345968,0.0033657886960158,0.0030674359096616,0.0129064485775025,-0.0044908384497314,-0.0047732194312146,-0.0098701298701299,0.0197282961680018,0.02480740345947,0.0,0.015143045886478,-0.0068648509791703,0.0059686036653712,-0.0062997347480105,0.0476190476190476,0.0209669614183272,-0.0081723812519659,-0.0045191932796937,-0.0277492291880782,0.0117774473916099,0.0075523851983949,-0.0016181229773462,-0.0033579244370786,0.0026529771767342,-0.0221391484942887,-0.0081869790859225,0.0023584467678137,-0.0009988836006815,-0.0207708605505952,0.0103844333612435,0.0162940555929789,0.0049371734569647,0.0076490025700648,0.0074037823249233,0.0109989900964295,-0.0023663578047041,-0.0055392250232946,0.0131927281682338,0.0100196833905688,0.0245109844531854,-0.006027887258636,0.0135963929651616,0.0027397260273973,-0.0030867770189451,0.0042885914684838,0.0049186105626928,0.0084575318446702,0.0107929515418503,-0.0045922099900398,-0.0134717048517241,-0.0081092404795264,0.0223947215214439,0.0134974695050105,0.0013784047208322,-0.0157195587345944,0.0054058850430354,-0.0164119940343807,-0.005736942364772,-0.0038581448087546,-0.0001889426767808,-0.0070121071364767,0.0170739601877325,0.0009711760366541,-0.0003353251900803,0.0049524706074963,-0.0028082143007125,-0.010714563408755,0.0037947107314084,0.0026954605776985,0.0088998361779504
2024-02-20,0.0031164994325447,0.0135244421612659,0.0232054794520548,0.0375711131749147,0.0232208675385114,0.0197051898863751,0.0064509449439722,0.022751489197609,0.0234426110343826,0.0103771419828642,-0.0107111167448347,0.0113829250389942,-0.0216701297919112,-0.000342075658672,0.0178384050367261,0.0100846580504763,0.0080847241265189,0.0114312381349366,0.0063823396906441,-0.0021243223906881,0.0141401115371997,-0.0486275749433644,0.0060606060606061,0.0007066650579983,0.0311257143944536,0.063627138559043,0.0342469242721412,0.0036371309635712,0.0039691319238563,0.0072933549432738,0.0101101277462549,0.0082403586530133,0.0412772916489678,0.0082545589877185,0.0065831727681437,0.0070138807199153,0.0058411820616952,0.005138852608159,0.0162729330548643,0.0132277734067665,0.0303637578186677,0.0297149233558913,0.0217667127188654,0.0235482395976223,0.0102135369483629,0.0109636368371253,0.069431630886606,-0.0334891738710265,0.029572490086968,0.0512108527774324,0.0396174863387979,0.0069710535708911,-0.0200047220821466,-0.010487405181939,-0.0083866018920991,0.0050119851819567,0.0107675415294159,0.0289151656234081,0.0047327280407323,-0.0155170450231568,0.0281589710770429,0.0092812432549105,0.0064662112917168,-0.0053768185798953,0.042755391808043,0.0288546795285939,0.0182166057053074,0.015647410100994,0.0008476716708127,0.0391837059431936,0.0058315444296073,0.0238085367002733,0.0167289462698418,-0.0219284031046927,0.037081866197183,0.0013279000091293,0.0232915272161939,0.0119364311625496
2024-02-21,0.0038969901587528,-0.0004165286601829,0.024955150346748,-0.0193434275760416,-0.0053011741257745,-0.0100470143385366,0.0023580986444888,-0.0071538423376494,-0.0035778969423629,-0.0063410220591852,0.0201005829969889,0.0192976089902421,-0.0060023270560278,0.0089075938560532,-0.0015463917525772,-0.0199810829983447,0.0,-0.0184738883861776,-0.0222213932204232,-0.0117196763714779,-0.0386833387246098,-0.029442167829586,-0.0271084337349397,0.002118498105408,0.0173107444727418,0.0068457611515606,-0.0088292881155565,-0.0048319335762042,-0.0118603205944703,0.0048270313757039,-0.0153060980679814,-0.016633401968091,0.001917291316098,-0.006297108350128,0.0205590389830301,0.0049791925239104,0.0103912169475799,0.0012770247563571,-0.0205532215470416,-0.0373033906156935,-0.0128956209111804,-0.001947806265677,-0.0056056419090718,-0.0046068796068795,-0.0041353229343882,-0.0006783328467655,0.0033731716537264,-0.0297042545831892,0.0095716620547923,-0.034799064315189,-0.0039421813403416,-0.0126925015160962,0.0025222631362913,0.0014114680208396,0.004830419610472,0.0190806591500434,0.0015243368258752,0.0070287121664636,-0.0154196671955733,-0.0037018113811421,-0.0016648897791273,-0.0132834062333554,-0.0143565648655702,-0.0214870279235804,-0.0164991453863619,-0.0096184244146013,0.0270247848180027,0.0259886518766319,-0.0149616969495838,-0.0368066454848217,0.0,0.0180126784517857,0.0019327832078193,0.0075744386097928,0.0249084249084248,0.013033460145378,0.0688627664545034,0.0020484457417933
2024-02-22,0.0046510795871272,0.0091774900468413,0.0199064761357401,-0.0022927757069619,0.0006666490902311,-0.0124897538386135,-0.0084155015749461,-0.0023984649824111,0.0057469728154821,0.0139783143730141,0.0121210218084186,-0.0055208666509061,0.011141940518512,-0.003056040225042,0.0635002581311305,-0.0008444927011701,-0.0240127567770378,0.0,0.0043239943533721,-0.0215632219828787,0.008418133506608,-0.0011474796655192,0.0092879256965943,0.0395562277641234,0.0082843528529619,-0.0106061109818133,0.0211579078146355,-0.000484002934748,0.0120026761819802,-0.0048038430744595,0.0013952246918371,-0.0062334409171924,0.0382928045764074,0.0006314725940894,-0.0086987886621179,0.0039519948856536,0.0202660191335162,0.0200035800590709,0.0080510604080812,-0.0027085242896425,0.0028062717187518,0.0001731642252069,-0.0056729210191436,0.0392695857058706,0.0106205072527154,0.0264643461673956,0.0319374003767569,0.0765284523862572,0.0116688171698309,0.0084143452332325,0.0158311345646438,-0.0038973622513864,0.0006883170055838,-0.0075266156539824,-0.0264310397919731,-0.0010638297872339,0.0117781354419972,0.0027097958918356,-0.004348025711662,0.0102274816398804,-0.0081571101263803,-0.0024168220630091,0.0042159308365226,0.0136789458631825,-0.0040659105499678,0.02548865276138,-0.0048184498566177,0.0085045376624071,0.0117496771295413,0.0531168650517654,0.0235102342620912,-0.0035366228506337,0.0289857969594899,0.0106761102987489,0.0137191590052008,0.0477445008529455,-0.0316674096933132,0.0174045870882382
2024-02-23,-0.0054041060522427,-0.0086811169537984,-0.0021771983299608,-0.008274604005007,-0.0019967329609611,-0.0158139296074757,-0.0123920226105648,-0.0016028209648982,-0.0128545863675827,-0.0092918575073173,-0.0269456897755301,-0.0230031323414251,-0.0004593871163351,-0.0402045476067719,-0.0189320388349515,-0.0136037994043306,-0.0327727054300817,0.0073068321847473,-0.0064580668853123,-0.0225916842525523,-0.0269133629046639,0.0160450887303562,-0.0214723926380367,0.0033892980846332,-0.0090858931762842,0.0,-0.0152689401773874,0.0004842373070257,-0.0017585536667386,-0.0185036202735318,0.0021880565550831,0.0032865397293209,0.0405666388902505,-0.0044323674187584,-0.0087751215903164,-0.0108396769805203,-0.0030566870445802,-0.0216952573158425,-0.0004835927451116,-0.0155416366051036,-0.0123963989711346,-0.000336909881286,0.0029264014033967,-0.0311192680359504,-0.009597515338204,0.0085884332387433,-0.0024433397927373,0.0189582287715959,-0.0086506697931603,-0.0166882696046661,0.0,0.0097793565252886,-0.0027454445188949,-0.0068736113916381,-0.0148131227046688,-0.0244941427050054,0.0045042513735371,0.0119848791180294,-0.0034954554467773,-0.0239354060111488,-0.0059794536489024,-0.0134948451495213,-0.0152659092552498,-0.007301128543903,-0.0112317849748017,-0.0327436156558742,0.0,-0.008432820423515,-0.003114897395696,-0.0212374518831609,-0.009756177653723,-0.0148535511709011,0.0047013569825835,0.0023788645058342,-0.0042501872222059,-0.0154850498598302,0.014376896515643,-0.0160966243972137
2024-02-26,0.0116367542407018,0.0029157006212801,0.0217424786939111,0.0013892264521973,-0.028013961724058,0.0024084652772344,0.0095849607210083,-0.003210788248515,-0.0014448921715563,0.0006068099243763,0.0200076523291778,0.0,-0.0202100670400647,-0.0021304274741097,0.0331519049975259,0.0034410532615201,0.0084459459459458,-0.0136649283452116,-0.0065127897936554,0.011273917686396,-0.0042923276122006,-0.0315834187051798,-0.0094043887147334,0.0,-0.0004357641305597,-0.0034444519120908,0.0110702018829227,-0.006799088845269,0.0048390230118502,0.0229508196721313,0.0103264522555719,-0.0008922215672821,-0.0106271727763488,0.0038182170716065,-0.0121137221552636,-0.0059839939135906,-0.0083489088240309,0.0016144583716393,-0.0385091153951667,-0.0051300723064786,-0.0009646108398142,-0.0010110702834272,0.002917862566288,-0.0160454621427377,0.0156847624922886,0.0013113230253385,0.009787912912913,-0.0186055014192789,-0.0007271797412516,-0.0145411105618717,-0.0077922077922079,0.0027092928745597,0.0105452491378283,0.0188537144963552,0.0288231726893304,0.0013100436681223,-0.0018676386420458,0.0160428235689777,-0.0035077165135705,0.0169762626708664,-0.0206808871927735,-0.0042093803110704,-0.003490130015982,0.0008664970643079,0.0,-0.0106021865632164,0.0160148053750655,0.0153788003161281,-0.0039771185202196,-0.0036147714018565,0.001588438554952,0.0117989862375857,-0.0028037473533591,-0.0241906938272465,0.0058262194526381,-0.011029061835718,0.0248862377101359,0.0056216105829229
2024-02-27,0.0207052161217538,0.0274459961870832,0.0659498027786849,0.0212976625525753,0.0204151316031979,0.0216414544445215,0.0120850384269888,0.0088581091963277,0.0159347869070516,0.0042337227195887,0.0271486847657898,-0.0105543389583065,0.0145351746222355,0.0081846845692146,0.0114942528735633,0.009460943112352,0.0714356094196473,-0.0028296469831645,0.0076459268762025,0.0195094084858136,-0.0014369437038708,0.0093208968702427,0.0474683544303797,-0.0189571507427149,0.0401925463958101,0.0348839169799868,0.0230099958452476,0.0215115312172464,0.0267061532242471,0.0184294871794872,0.0141503676989678,0.0128085265519821,0.0280531352663904,0.0291443174895622,0.0212236252949447,0.0210627023844569,0.0234570981576889,0.0167230070070967,0.0405546664453257,0.0158683983333958,0.0184177176995956,0.0128292232650326,0.0122241248097412,0.0372855444199082,0.0154425497669192,0.0569346937760573,0.0234473016551584,0.0426560147360906,0.0225589764094362,0.07501846201006,0.0628272251308899,0.0169966933003951,-0.0024948000482483,-0.0014066540036615,0.0487153704795255,-0.0100305276929786,0.0314600444070791,0.000374345879831,0.0140802555993628,0.0426681590551636,0.0462661521514229,0.0207811717576364,0.0089466064446774,-0.007722462322695,0.014974614275272,0.0317374741016329,0.0296952581058786,0.0124742899901106,0.0082689667459676,0.0517288083122109,-0.0082474431601844,-0.0006480574659497,0.0159293408180876,0.0263108929239317,0.002316017421112,0.0321729471349916,0.010665769465245,0.0508362713298546
2024-02-28,0.0105153656105065,0.0,0.0079900065994154,-0.0047610431626504,-0.0013460741405468,-0.0081336016233243,0.0020433763836182,-0.0039910600255427,-0.0042728615787472,0.0102358549316665,0.0,-0.0046521316483819,-0.0143269301901215,0.0084669422388179,-0.0227272727272727,0.0093588452500839,-0.0078168107412175,-0.0005666139976689,0.0010821684108675,-0.0420982329835524,0.0,-0.0155809628498208,-0.0030211480362538,-0.0062060162246594,-0.010501009936377,-0.01415770609319,-0.0053513623278426,-0.0050242123875041,0.0208973492078436,0.0086546026750589,-0.0193802473913474,0.0058824091139142,-0.0383286557182684,-0.0203206548809273,-0.0046210384601389,-0.0078563088322209,0.0002932058601639,0.001268275497622,-0.0544665024777897,0.0027296660662325,0.0038160249345231,0.0050009946474089,0.0005756308444153,0.0089795027156855,0.0107316246473467,-0.0278631701119859,0.0244901294880408,-0.013636972671467,-0.0106748207177546,0.0011535520329732,-0.0332512315270935,-0.0098766056864282,-0.0538991738900899,-0.0516041578171461,0.0034880645374595,-0.0198237885462554,0.0595505805836769,0.0022570518097775,-0.0073774207877492,0.001786061318354,-0.0117438018823399,0.0006908674679093,0.0011556670647776,-0.0011307400763598,0.0030493541208453,-0.0243697043505298,0.0160177207431229,0.0098546224994382,-0.0093341371640021,-0.0379623412103428,-0.0134338423326277,-0.0100477614767803,0.0101444849502796,-0.0109658279309966,0.0050040206555121,-0.0131044235685369,-0.0013543619845385,-0.0174139902408647
2024-02-29,-0.0646832749982844,-0.0008084468080962,0.0138658311314798,-0.0093369946870572,-0.0028614073631265,0.01987588273058,-0.0151484135107472,-0.0136339958326655,-0.015041401613419,-0.0062578690368112,0.0,0.0,-0.0060980186130291,-0.0220431714793056,0.0193798449612403,0.0092720693875378,-0.0039855408286216,0.0039731558472686,-0.0064987091605092,-0.0296790432747984,-0.0086281225657217,-0.0140682312461453,0.0151515151515151,-0.0020872239920904,0.0208013459694451,-0.0012559699889276,-0.0118411413611306,0.0105824333888902,0.0204695890571748,0.000780031201248,0.0047428946817495,-0.000585433774782,0.0193309767585216,0.0,-0.0023212457961689,0.0009879987214134,-0.034077660310246,-0.0092669153091023,-0.0061426680797438,0.0046752433199293,-0.0227736916047837,-0.0278634493044495,-0.024714404799643,-0.006681454230686,-0.0013265935149797,0.0063728693239111,0.013100165746346,-0.0184340143789337,-0.0086320016441908,-0.0251417622536961,-0.0292993630573248,0.0130417745672617,-0.0091338720135668,-0.0071728262516219,0.0161935983394561,-0.017752808988764,-0.0212474703044313,-0.0011240194306016,-0.0069893614076527,-0.022207441894838,-0.0159676541011523,-0.0137914693879217,-0.0053897483210676,-0.0048984326413104,-0.0030400838286945,0.0016377841223469,-0.0084075966186341,-0.0179502644179495,0.0108525342398677,-0.030501214311667,-0.0048660318491597,-0.0386374760332829,0.0109590076429633,0.0037457968567153,-0.0088158598716904,-0.0222540656087488,-0.0059604366048305,0.0024639019246841
2024-03-01,-0.011125582419195,-0.004864353742823,0.0234317343173431,0.0057464810335994,0.00202572537579,-0.0319605193584396,0.0010392849719393,0.0081350354955669,0.003635117216745,-0.0125983127058363,-0.0014760035302351,-0.0104406464364609,-0.0169778432223921,0.0110895450376955,0.0403992395437262,0.0091868879252394,0.0317792667038896,0.0002800503172373,-0.0119815668202765,-0.0123553016971033,0.0101547504798464,0.014861590328443,0.0238805970149253,0.0062663008501846,0.0174614608845988,0.0054935054190452,0.0130646670636704,-0.0242756283535724,0.0593512767425812,-0.0171473109898675,-0.0062940077597355,-0.0096542334241023,0.0331758480582067,0.0094315988033659,0.0432597477939604,0.0247191337416901,0.0401489346467405,0.0029743275578106,-0.0002573053498292,-0.0069779383447338,0.0022954067702418,0.0067476383265856,0.004353862698833,-0.0020696604122981,-0.003101142682192,0.0525277949227673,-0.0266314380451614,0.042255470299694,-0.0036279841166056,-0.0058698539176627,-0.0026246719160105,-0.0121170841637026,-0.0002453956848113,0.0009951304947788,0.0035178160360536,0.0146419583619308,0.0017492734872208,0.0011252842719882,-0.0202468837546401,0.0063581739853375,-0.0094321183944974,-0.0003520937149201,0.0139356887379789,0.0064393354212604,-0.0081424243014059,0.0343416488057095,-0.0455826633398023,0.0202312788115504,-0.0112999823545897,-0.0212730285218352,0.01531556039173,0.0017034666503337,0.0036165182367837,-0.0016417786550327,0.0286182514904833,-0.0089947175159441,0.0163547718615375,0.0098204845935017
2024-03-04,0.003218476093308,-0.0117991066180792,-0.0534297818640706,-0.0034287332750528,-0.0424599484779659,-0.0096584849877318,-0.004144837720419,-0.0155645551257251,-0.0095087448097352,-0.0003046029310416,-0.0132274729126347,0.0002761067769527,-0.0081554268156066,-0.0077842697284065,0.0114207400639561,-0.0124206566883473,-0.0077113866967304,-0.0141225175441415,-0.0055063225538971,-0.0113137516030384,-0.0363986153087944,-0.0228450932684509,-0.0262390670553936,0.0235121852699609,-0.0118489988955282,0.0142840686556848,-0.0193502723193935,-0.0119516223642369,0.0432759422987436,-0.0333068992862807,-0.0128653786827086,-0.0041372122095718,-0.0160598494617756,-0.0105844051564303,-0.0179116009810407,-0.0106661756165277,-0.0157904398507824,-0.0080555567850361,0.1010037491343558,-0.0425450381820364,-0.0029169278241165,-0.0067823714782935,-0.0076311783578183,-0.0158275344521762,0.0004408603215804,-0.0276605791052959,-0.0367437554490952,-0.0405423348726045,-0.0036411943117342,-0.0129712255203184,0.0250000000000001,-0.0038303740147427,-0.0038800916368763,-0.0024886667903819,0.0011631100269777,-0.0054114994363021,-0.0038465097752045,-0.0311227617864835,-0.0071887521635013,0.0009012307432336,-0.02533343383644,-0.0027970231386328,-0.0072550412962908,-0.0011303140458962,-0.010766896046469,-0.0268781829989405,-0.0070360598065083,0.0166991203551611,-0.0060015187516841,-0.0482068541601589,-0.0128372585269136,-0.0071423931029476,-0.0369008156728369,-0.0022431426169381,-0.0015033826108744,-0.0275987876522543,-0.0040243094234266,-0.028694629133926
2024-03-05,0.0216342153436512,-0.0049464955714489,0.028210927270563,0.0,0.0188283519719825,-0.0089472532282774,0.00693280511961,0.0106632282360645,0.0051266695702671,-0.0015196700145111,0.0178833413123715,-0.0130468488468382,0.0058022085826217,0.0074892342258003,-0.0474254742547425,-0.0008331680222177,0.0542628612979456,-0.007737358125157,0.0066441720189163,-0.0150601470469015,0.0039807003814322,-0.0059958566837533,0.0538922155688623,0.0135168467268511,-0.0024819016066445,0.0128336172629188,0.0098599302709645,0.0012342255430004,-0.0074078203984537,-0.003281378178835,0.0160410572936759,0.0008893112493058,0.0081609889854532,-0.0151021070648644,-0.011860840748842,-0.0137162819998853,-0.0291166096569089,0.0025656928932535,-0.0053837292808358,0.004484542793629,0.0009791832886052,-0.0013638430065161,-0.0008857431586407,0.0,-0.0093282565963747,0.0105111455738835,-0.0138006326456344,-0.0046950522555215,0.0131562038167447,0.0071731157037098,-0.0038510911424903,0.0015380408777085,-0.0060907996701868,-0.002993186431331,0.0023235175473981,0.0047608252097031,0.0084214863014528,-0.0185741811175336,-0.0018102011281517,0.0126246283425721,-0.0068397336893848,-0.0073674543845286,-0.0134588348249494,-0.004896584963782,0.0036302320968062,0.007310166180054,-0.0007435336946717,0.0020524280747611,0.0,0.0347572918320893,-0.010402000332484,-0.0068473642074146,0.0037318844082643,-0.0131872568246507,-0.0549702895291305,-0.0081891527151637,0.0078093145471842,0.0205301729646236
2024-03-06,-0.0047057971801415,0.0099371889958708,-0.0117619819402639,0.0052769366986213,0.0217616337436181,0.0049203643012993,0.0148094758345511,-0.0056803799070481,0.0072851687685626,-0.0048672937694063,-0.0190408277829193,0.0039363401854808,-0.0110626283367556,-0.0449548338197944,-0.0412517780938833,0.0075444726810671,-0.0036641089749115,-0.0066388289387258,0.003313100984871,-0.004894201668967,-0.0024796076818736,0.0042217486857134,-0.0397727272727272,0.0213271680051918,0.0145089927024077,0.0163713837183223,-0.0162808445688121,-0.0138055058182853,-0.0014903743535782,0.0213991769547325,0.0057239801607136,0.0002983121307185,-0.0543411117155158,0.0025543645175547,-0.0133784509225582,-0.0208750689545046,0.0214203136202868,0.000854525871661,0.0207065322736965,-0.0137968114675792,0.0126444694032823,0.0123103186646433,0.0109526553540271,-0.0115070012477471,-0.0067272082085934,-0.0177419854901716,-0.0345728072665343,-0.0283031985292223,-0.0014428184109971,0.001182525498206,0.0064432989690721,0.0019195986759035,0.017157478187626,0.02202148502579,0.0046523607913842,-0.0153429602888086,0.0170507798418686,0.0252370363634859,0.0131441695774916,0.0044552300325111,0.0100336669491332,-0.0070663094440723,-0.0070210806207747,0.0071950021058542,-0.0005204936124232,0.0104868587368696,0.0,-0.0047809913261216,-0.0045978468276264,0.0191941721745891,0.0249652878961892,0.0041351941060887,0.0009343183810286,0.0136674986394431,-0.0099601693429193,-0.0011542625568179,-0.0080157111309654,0.0230626000413776
2024-03-07,-0.0031550617373752,-0.0061502495610488,0.0099339299939082,-0.0109524469707471,-0.0074377226920312,0.0057225738396624,-0.0095000039239999,-0.0057230142566191,-0.0043376949274062,0.0061177083892334,-0.0089550853749071,-0.0033607767128402,0.0072932077136702,0.0044487855502224,0.0098911968348172,-0.0166443340952681,0.0036775840436116,0.0002881095761011,-0.001096420509513,-0.008608567847349,0.0327580372250422,-0.0480466697265404,-0.0266272189349111,0.0515651434880342,-0.0134858825861629,-0.0028212079182953,-0.0044208011624613,0.0212493275529255,-0.0119595423196786,-0.0120870265914585,-0.0111868796681687,-0.0017797189006146,-0.027503436710897,-0.0025478563636636,-0.0149659780767983,-0.0050853991222867,-0.015876107918574,0.0093695248090075,-0.0013839236966667,0.0160488719059554,-0.0076923076923077,-0.0087831887425284,-0.0105430151030186,-0.0023281907433378,0.0099327251593814,0.0118364673668593,0.020463365870869,-0.0097092009518408,0.0014449031438552,0.0556875377491443,-0.0179257362355953,-0.0030654734027606,-0.0057841400193118,-0.0110196430026897,0.0150301243430328,-0.0066452795600366,0.0561075601658771,0.0,-0.0102910686370355,0.0239386226992732,0.0358471784150509,0.0053374481432764,0.0212034233508935,-0.0008781405721851,-0.010336189848385,-0.0095800479649406,0.0029844798913551,0.0090920445063089,0.0222359765155266,0.0489690204188166,-0.0358969384580907,-0.0041181646957112,-0.0111628623118672,-0.0034453201222617,-0.0346090978558452,0.010577502983885,-0.0061941864713529,0.0388483848650951
2024-03-08,0.015022574907648,0.0,-0.0078643344314016,0.0036912438089897,0.0025555942864075,0.0113625438113467,-0.0097654315607655,0.0032876543968536,0.0058147908115504,-0.0033450422511601,0.0105498072631364,0.0016860548101627,-0.0077235248647256,0.0428017929043531,-0.0132223310479923,0.013546189299312,-0.0183636520389687,-0.0063932460124843,0.0032928719008264,0.0173602197463675,0.0148943395551954,0.0290196352456153,0.0243161094224924,-0.0074476361686218,0.0207149172666412,0.0161374448782183,-0.0088684939639818,-0.0031799519714927,0.0151294314127381,0.0203915171288744,0.0121060109606518,-0.0026695192937821,0.0150880218149735,-0.0198131793223818,0.0085462658962407,0.0,0.0045663035465639,0.0021102716038505,-0.0120019111777751,0.0186315466722879,0.0096869178534944,0.0068147125958761,0.0091768990299396,0.0116681193240923,-0.0147525546681548,-0.0006160948942109,0.0175463870001153,0.004902196890637,-0.0021642276164957,0.0224527678185471,0.0117340286831812,0.0042279867096013,-0.1037333182466794,-0.1057179119484414,-0.2004546459129227,0.0311418685121107,0.0074504978185478,-0.0015399996774869,0.0040704721365922,-0.012986311239193,-0.0003765159143646,0.0099136954935459,0.0103815865017953,0.0061523866656434,0.0093983960781178,-0.010474054395401,0.0293870833046177,0.0056109233628229,-0.0005674210367889,0.0116659648585537,0.0016618384304474,0.0090881257533068,0.0216337732103233,-0.0076668425315628,-0.0025004193575441,-0.0047576320347223,0.000541486408691,-0.0152348752625377
2024-03-11,-0.0031182042019373,-0.004947669831124,-0.0039516449598989,-0.0080426751958639,-0.0062852971685427,0.009627433865406,-0.0100337659428058,0.0073704304862238,0.0057811744912386,0.0012194189602445,-0.0014980000926597,-0.0019652372682607,-0.0175148174836569,0.0293704103042313,0.0148883374689827,-0.0100304472182314,0.007465308273318,0.0108205976277373,-0.0120471072784605,0.0060938298395796,-0.0198885816764406,-0.017777717417138,-0.0267062314540059,-0.0062478596704842,-0.0020305767738014,-0.0127080416861099,0.0212526987058692,0.0078567293158582,-0.0078258788690053,-0.0119904076738609,-0.0098029384940813,-0.0074405480881656,0.0241474326686617,0.0019564087671566,-0.002356923076923,0.0040831532672678,-0.0072735549712251,-0.0101070938697992,-0.0504674785989596,-0.0079531184596065,0.0009522562521575,-0.0020324535422427,0.004981837052413,-0.0115335445500527,0.0031757269279395,-0.0178699628554482,0.0139498447395494,-0.0243860873084769,0.0101216343976673,-0.0131808007958219,0.0025773195876288,-0.0026792093355559,-0.0191998821705861,-0.0130125775962488,0.0128139314484283,0.0044742729306486,-0.0045009031417488,0.0154075988210118,-0.0004514973076502,0.0052555703571233,-0.0159926245160385,0.0,-0.0190274662132078,-0.0259426931316338,-0.0144843377787162,-0.0036618106597421,-0.0112002898527893,-0.0098053555756922,-0.000848152930628,0.0008892168270095,0.0026566082697756,-0.0155929547497062,-0.0469617733070424,-0.0310559471324404,0.0137894067507133,-0.0009560750602788,0.0065000170903166,-0.0075011964460351
2024-03-12,0.0031279578131337,0.0140889323332269,0.03777172637213,0.0138996245583038,0.0358973764179173,0.0190798202439548,0.0137281368206652,0.0138020490266617,0.0122077090080792,0.0033521813995929,0.0149251422915119,0.0241855124883623,-0.0009911261174946,0.010658513540771,0.0024449877750611,0.009293284337221,0.0371807165896609,-0.0162005368837238,-0.0011073620031527,0.0090853799996237,-0.012559819359012,0.0112344014656573,0.0335365853658538,0.0006279482938185,0.0199243607013825,-0.0020008507554393,0.0120487816799861,-0.0068239385305784,-0.0056302359498479,0.0153721682847898,0.0031681888761367,0.0,0.0199521687978554,-0.0143088141074533,0.0165189338564124,0.0071090399085769,0.025029687248685,0.00595563253614,-0.0046749337400989,0.0072156639643483,0.0124507973504892,0.0016979445933869,0.0040872583989386,0.009334495459274,0.0122140559941121,0.0376456005974987,0.0267246274283479,0.0100004367002928,0.0071572953288816,0.0211441532258063,0.0154241645244215,0.0084472568801863,0.0303307673330164,0.0328184174553496,-0.0028071817065323,0.0579064587973274,0.0064584014991522,0.0079686344369072,0.0049544494950455,0.0139688129685768,0.0248561795502342,0.0028029000672695,-0.0019409501577831,-0.0131887059694374,-0.0073452607333207,0.0196132132981121,-0.0135256772795705,0.0092197112310061,0.0008488729046698,0.0026558291196066,0.0331006180025632,0.0031679892631693,-0.0135233735469618,-0.0062309689784688,-0.0016483943705777,-0.0017209030963664,0.0121123619671834,0.0047223707244461
2024-03-13,-0.0070092198199168,0.0036786221887801,0.0191598615603862,-0.0084541556054726,0.0148503950526053,-0.0046785492297612,-0.011110446690187,0.0096158651779734,0.0106452180028129,-0.0018226996503003,0.0176467898995749,0.0269077961454908,-0.0009921094230553,0.0088444449112927,0.0160975609756097,-0.0317784871909875,0.0286614835049381,-0.0097054902204404,-0.0066645799097477,0.0036039170850523,-0.0141874514751552,0.0043207766459287,0.0088495575221239,0.0018826626666463,0.0163520413802249,-0.0040412970037571,0.0227360540932142,-0.0024533113881005,0.006420095581352,-0.0071713147410358,-0.0187520129211511,-0.0170922696989463,-0.0065237739559598,-0.0191438652965209,0.0148548196243816,0.0131303604586048,0.0136982642633218,0.0253679814221257,0.0037065983050459,-0.0250691920998626,0.0123094270478518,0.0077850975015378,0.0098818372780244,0.0046240842363296,0.013406307737511,0.0223666881068331,0.0007887579329104,0.0049453043929437,-0.0049745027449572,0.0130679434339446,0.021518987341772,0.0015222309139728,-0.009900543436769,-0.0119515573186563,0.0296170312591634,0.0298947368421051,-0.0154051328277099,0.0199455599826423,-0.0062737156861817,0.0163454566612657,0.0167921062117546,0.0006998016538508,-0.0073804254139578,-0.0032456760382556,-0.0042293137988952,0.0100208822535503,-0.0200054909117335,0.0054138188932104,0.0014158961168442,0.0097279565635428,-0.0003210025981148,0.0017540038735872,-0.0117532625435681,0.0064100196169543,0.0181674688598474,-0.0030693289942271,0.0108992892254176,0.0136362450768148
2024-03-14,0.003918481113464,-0.0024401597373644,-0.0282105917343631,0.0140593678776395,0.0105693628226155,-0.019595432795767,-0.0043901023147813,0.0,0.0063233337102399,0.0069953262833659,0.0144506506536485,-0.0058825359386179,-0.0019861893632939,-0.0114636152556666,0.0081613058089295,-0.041445835660858,-0.020876741430731,-0.0011919008647313,0.0067092945393432,-0.0083768790708039,-0.0034702353484079,-0.0374943840111094,-0.0175438596491228,0.0018867636274748,-0.0047086969523965,0.0178158186717387,-0.0232813477680838,-0.0051638460730254,0.1020624884674623,0.0192616372391651,-0.0142825650320874,0.0051868041890623,0.0161119940614977,0.0087489547010839,-0.0301896043481639,-0.0239130750992742,-0.037015446431512,-0.0061829392211907,-0.0120679028784917,0.0028533356507634,0.0,0.0023528973251516,-0.0005758270168635,0.0091778732843477,0.0052876511722763,-0.0236524187931124,0.0157627256832779,-0.0098473155174547,-0.006427764174044,0.0,0.0198265179677818,0.0038040151147327,-0.0067574908959634,-0.0043955963517648,0.0054682159945318,-0.0065412919051512,0.0048889572600827,-0.0055347984497923,0.0013521749066809,-0.0025365733360341,-0.010641819381651,-0.0010468994397224,-0.0043067148972192,-0.0042982430750528,0.0074310410231399,0.0075408246865498,0.0506618546762411,0.0011770637673851,-0.000283470228712,-0.0499075785582255,-0.0064087340743291,0.0056060906059158,-0.0208128280839896,-0.0127383859302073,0.0231162287859008,0.0219225919099814,-0.0060491901221454,-0.016237024533089
2024-03-15,-0.0132780457024385,0.006527921723882,-0.0483521001301876,-0.0227273958135882,-0.0365239890535387,-0.0143920809124165,0.0102280043244293,-0.0055541804861146,-0.0153503085619457,0.0048305338194152,-0.0014170996693433,-0.0244744800275384,-0.0303364003635324,-0.0092091311888661,0.0338095238095239,0.0297207021533651,-0.1174580655929232,-0.0074304901321351,-0.0044474006834128,-0.0096464227068674,0.0049765066898821,-0.0255385659928992,0.0089285714285713,0.011901585099002,-0.0291670536304485,-0.0039866695736131,-0.0357544330420277,-0.0074163315757358,-0.0091916789677982,0.0118110236220472,-0.0253063273273049,0.0151746563531556,-0.0047016952327433,-0.0040041605730954,-0.0198157761692787,-0.0081663065345353,0.0402714173828879,-0.010787813669763,-0.0266770386458918,-0.0024408209246233,-0.003747708444527,-0.0067027991856238,-0.005471548730491,-0.0204967578854819,0.0214939702496468,-0.0672373982617233,-0.0333639533742987,-0.0248767028048753,0.0064693476148722,-0.0204270557998464,0.0012150668286754,-0.0178039670923131,-0.0021772500308766,0.0027607553661952,-0.012255457360828,-0.0164609053497942,-0.0025950071316022,0.001855200980106,-0.0063047984936952,0.0212183556878085,-0.020772173102162,0.0048920314978895,0.0216267145799553,0.0001308120521505,-0.000524471997902,-0.006696780181277,-0.0039604115691073,0.02185026838485,-0.0025415816591167,0.1004598514326142,-0.0003231768282214,-0.0073160091266731,-0.0101250183234559,-0.0114136666575351,0.0023775226911364,-0.0212624584717607,0.0055572716217382,-0.097596702135451
2024-03-18,0.0,-0.0068906283550331,0.0040560648970384,-0.0360462957575152,-0.0083511012991231,0.0024366173812038,-0.0219924246978897,0.0119768229062959,0.0063727813767313,-0.00029763138165,-0.0057060075685902,-0.0088216595801763,0.0333378942327426,0.015488850224838,0.0087517273146013,0.0131270187449961,0.0443477849747055,0.0077878966351419,-0.0178297721824112,-0.0036565837420721,-0.0069362954407221,0.029488398423608,-0.008849557522124,-0.0086648583484026,-0.0267964661527208,-0.0295350073485725,0.004487733945069,0.0062264537587288,0.0182124800838718,-0.0155642023346302,-0.0033499470993894,-0.003287228019089,-0.0235912974743102,0.0080405166660122,0.0312806642344949,0.0144087023153085,-0.0231682699578519,-0.0020978775960687,-0.0056341000211015,0.0044882003764297,-0.000931716804677,0.0027001478763828,0.004051359254676,-0.0092847124824684,0.024472880755721,0.0071467342138591,0.0016053733877068,0.0714261842163896,0.0,0.0043894553593633,-0.0570388349514563,0.0069415004089532,0.0084521586601029,0.0005498977190243,0.0,-0.000836820083682,0.0065062685539087,0.0025932482375228,-0.0004545672041723,0.0091479758590278,-0.0051141761877784,-0.0027824266057692,-0.0207871313672922,-0.0064016858014823,0.0021057163808588,0.0039645802259595,-0.0108379853078963,0.0041110557725712,-0.0008493525853252,-0.0226168791742561,-0.0296879998652994,-0.0038580306931231,0.0153375855467055,0.0190748207220206,-0.0011884279931976,-0.0065358650322786,0.0,-0.0381395726327262
2024-03-19,-0.0071257605379034,-0.0053119349005424,0.0040635831241782,0.0110955249965505,0.0037060384049181,-0.004042445679636,-0.0035695550965542,-0.003945025431149,-0.0056346381969157,-0.0111249293386094,0.0129047604888345,0.012516145356757,0.009427778844435,0.0196633330309099,0.0561643835616438,-0.0025886616619207,0.0038933405767576,0.0032697889851096,0.0124846609400841,0.0097824573836671,0.0079869832588872,0.0178221451433244,0.0089285714285713,0.0281067112563653,-0.0004220921895596,0.0123411042549421,-0.0067015262507643,-0.0017310524172071,0.0654739929618251,0.0118577075098813,0.0084030174122797,0.0020970008991783,0.0066402598278738,0.0013242041143801,0.0107347837490012,0.0192695064873511,-0.0002995432806384,-0.0088304871251322,0.0136530993357808,0.0073123858941097,-0.0056304862268748,0.0,0.0014444400832123,0.0,0.0238882660687591,0.0064509280354065,0.0120210022107589,-0.0619024595661057,0.0,-0.0131231971079444,-0.0115830115830115,0.0026834620487872,-0.011085082655931,-0.0074305311290889,0.0358651805685665,0.0303601340033501,0.0135681475833595,0.0254898164640284,-0.0013595346944638,0.0247103982452532,0.0137064306779433,-0.0139550841397327,0.0047179109773567,0.0180197310204111,0.0100029538924246,0.0023693546390257,0.0306812438062411,0.0294839445577408,0.011616529613823,0.0325589468587559,0.000999517593939,0.0,0.0241694360812174,0.0082100307269188,-0.0102903911543459,-0.0094820524356651,0.020000221394453,0.0249880966013535
2024-03-20,0.0,0.0209363560464967,0.0201642661587906,0.0133618385889897,0.0590605936987107,0.0357424027712172,0.010747027396077,0.0197933745530687,0.0127541622076805,-0.0009146411176913,0.0184206663731103,0.0247257616923592,0.0122911843218531,0.0093084059696997,0.1569390402075228,0.0302976491319135,0.0345885005636978,0.0136286611080085,0.0134504927016916,0.0193691096851813,0.0207881960854114,0.0200105282114508,0.0530973451327432,0.0164044711239907,0.0367317425885753,0.0146256067478316,0.0146367816669599,0.0096706866383673,0.003484032576976,0.0109374999999998,0.012290216531039,0.0134691695955686,0.0414169459071325,0.0172619001314673,0.0087742060067705,0.0139355101210456,0.045042588290745,0.0301104788894546,0.0165178956954552,0.0032242371054362,0.0132121922626025,0.0047090339713165,0.0020145960225446,0.018771765905037,0.013508581439273,0.0472361727503589,0.0332589996814272,0.040605395579792,0.0214258805801468,0.0265828660318891,0.0390625,0.0229159155974976,0.020780362911662,0.0174677002583978,0.0159828728568001,-0.0357650883966672,0.0073317603196911,0.0158509003447324,0.0036335571949706,0.0120572594401149,0.0272301844561939,0.0123835115681449,0.0219091717679065,0.0138287249556403,0.0072916528189514,0.0504352714697011,0.0042514576978029,-0.0125688289014235,0.006719074763855,0.0838206800145098,0.0189372007475028,0.008101228263331,0.0206491775930992,0.0066790602695128,0.0,0.0015640466385853,0.0018069690400546,0.0227854055802192
2024-03-21,0.0055759003330819,-0.0096486516565776,-0.0316204611220012,0.0011782924858605,-0.0074458669705211,-0.027456842674234,-0.0139979654120039,-0.0093171912832928,-0.0111904101995565,-0.0228221149078037,-0.004179577718527,-0.0008053447669605,-0.0004859369836919,0.0023056396624272,0.0026158445440955,0.0134438183626117,-0.1189521401795832,0.0058464534207214,0.0022098298431021,-0.0089073305670815,0.0082433439957672,-0.0012223029545779,-0.0504201680672268,-0.0047859070312101,-0.0088603710419863,-0.0007999498070708,-0.0033308981042362,0.0034348905614336,-0.0246203361695926,-0.0131375579598145,-0.0028792590606447,0.0035446824968117,-0.0201698904170035,0.0013229536277987,0.009152524122584,0.0039268516395323,0.0,0.0,-0.0015008637045845,0.0152754138576958,-0.0139771136334708,-0.0063638643985916,-0.0103460954735343,-0.0161191706964592,0.0020211113861943,-0.0191516560139454,-0.0191597882292833,-0.0292643698973751,-0.0027968589122985,-0.0312836054355263,-0.0150375939849624,-0.0067211768900977,-0.0203573302021489,-0.0272501015847215,0.0196552162618757,-0.0073761854583772,-0.0088593899698009,-0.0102846778000378,0.0045231146922419,0.0079396553148598,-0.0159033119487621,-0.0122320360087289,0.0015316941219638,0.0036987699110027,0.0165563569415942,0.013501569101274,0.0194062390654858,-0.0003230232253699,0.0033388185352125,0.0007673406747699,0.010759164174229,-0.0125789573562502,-0.0048136816193105,-0.0024265527641268,0.0107997987927566,0.0003893314622605,0.0154506972448738,-0.0274577440496722
2024-03-22,-0.0158571846863334,-0.0223289538616386,-0.0102176060920066,-0.0108191263996771,-0.0320844900596744,-0.0322527420041162,-0.0041351987123932,-0.0188096355388706,-0.0127273045793769,0.0071630721186688,-0.0083797669874809,-0.0155607901010329,-0.0136063682211245,-0.0059165992916319,0.0175177040626166,0.0240453171810202,0.03374066195023,0.0075547958788588,-0.0077173504195904,-0.0161760510091423,0.0221305169750787,-0.0257881604264258,-0.0383480825958703,-0.0282250107798786,-0.0162466152884814,0.0,-0.0334078767548763,-0.014436015690648,0.079288215081422,-0.0015661707126076,-0.0016511188403467,-0.0164791764870753,-0.0313373740406448,-0.0144721668537737,-0.0199588611534289,-0.0156459671663097,-0.017080690315036,-0.0201732327465772,-0.0307971948641261,0.0047482802702867,-0.015219610650207,-0.0114909213306654,-0.0139838028196848,-0.0117225015535845,-0.0141102585757668,-0.0151102264559291,-0.0296917660583415,-0.0351774232482607,-0.0147246921761106,-0.0467630436976486,-0.0203562340966921,-0.0187971964918578,0.0079291623669754,0.0098052744842813,-0.0025654273039853,-0.0087048832271763,-0.0118127455628694,-0.0257967356933084,-0.0148633484851365,-0.0126066607103336,-0.0182057596796477,-0.0088495575221237,-0.0080259009968476,0.0198093893399224,0.004582868122452,-0.0170221788388913,-0.0169622583151652,0.001773800473807,-0.0016638539611608,-0.0474407602267629,-0.0154855563522762,-0.0162769992273327,-0.0174250921326709,-0.0115157956123724,-0.0174125515683238,0.0081898855982038,0.0078625074677818,-0.0095883284859662
2024-03-25,-0.0145042071498302,-0.0024937905116017,0.0165071945073402,0.0049942352417939,0.012697885799217,-0.0083363992857078,0.0039700300031495,-0.0039954565382009,-0.0014373042560177,-0.0120615480020154,0.0169011617724326,0.006267351251308,-0.0004928795336702,0.0347104063159326,-0.0454212454212454,0.0072946076114313,-0.0122517348648003,0.0092320958263427,-0.0200250967269685,-0.013396966296385,0.0211729425080806,-0.0107125410007677,0.0122699386503066,-0.0154549625094947,-0.0020600740482172,-0.0048035414344694,-0.0241899204380406,-0.0034772017366363,0.0050975730857771,-0.011764705882353,-0.0132333136146806,-0.0053853975738185,-0.0115941186726332,0.0006664290253086,-0.0018508437670113,0.0,-0.0002917009442588,-0.0058786884382869,-0.0100740858970778,-0.0256099550252836,-0.0096637353733229,-0.000690470560416,0.0,-0.0047446194300739,-0.0118516560878143,0.0031999358408854,-0.0386438105111165,-0.0052085702588363,-0.0320244621532639,-0.0011777939522265,0.0116883116883117,-0.0061305061815583,0.0124791984041261,0.0152576177285319,-0.0193437762337684,0.0209895052473763,-0.0006471649340747,-0.0044139473024806,-0.0013707225252184,-0.0007969384282049,-0.0066223123696513,0.0014295865195912,0.0057803964682037,0.0082239574680178,-0.0091174608097803,-0.0037686243707089,-0.0024633471592848,-0.0085290452698091,-0.0052753845996864,-0.0128447751736183,-0.0091741864449087,0.0003588359362229,-0.0177341106445431,-0.0021328168513879,0.0128894696325108,-0.0284296258589972,-0.0161845183279879,0.0037602511609029
2024-03-26,0.0147176753620452,0.0016633433200732,-0.008119565998419,0.0037855512021873,0.0122145698291102,0.0,0.0053907688243499,0.012834748857077,0.0143493056357675,0.0053236981066937,-0.0872491890805752,0.0100214581823288,-0.0083765089551061,0.0022364007103861,0.0065234075211051,0.0024096996753246,-0.008236833179902,0.0045738219506306,-0.0158992690604492,-0.0117321541538599,0.0194427145526119,-0.0101865895382878,-0.018181818181818,-0.0219689562454168,0.0024771920569295,0.0056311812861806,-0.0271605263504524,-0.0014982454756929,-0.0065656913436463,0.0079365079365079,-0.0062857463558487,-0.0114347111205169,-0.0092704199127835,-0.0006659851934454,-0.0027814136125656,-0.0009861646895031,-0.0225822738330196,0.0,-0.0292265027087453,0.0072798584206246,0.013656435369566,0.0185798659750879,0.0198702043139629,0.0238074725022257,0.0177901153729098,-0.0121113766997897,-0.0075387770428353,-0.0680602236093012,0.0095575879007239,0.0304070168000423,-0.0064184852374838,0.0100251270263214,-0.0109840850649801,-0.0092912933232925,-0.0183957453008888,-0.0079714705265366,0.0071122590633849,0.0040617981878727,0.0105313524015737,0.0103850787188966,0.0272378199102565,0.0028508679309033,0.001912878626143,0.0142058718519129,0.001532472105747,-0.0045345545310822,0.0412994895741578,0.0219084212581033,0.0027901633066171,-0.0065146297244078,-0.0578704342784572,-0.0143841594892009,-0.0040155225367312,-0.0126608866121333,-0.0019900696524379,0.0069682760066016,-0.0066599242554655,-0.0342982184905928
2024-03-27,0.0032262563339686,0.0033261641574551,-0.0368009272674588,-0.0131980579198175,0.0210743478395336,0.0145597683467559,0.0007184733877458,0.0142524149102187,0.015556567744648,0.0183684220795692,0.0182089786932935,-0.0050943273133663,0.014414725032821,0.0216774955699941,0.0453678993518871,0.0175864773906222,-0.0083540964385168,-0.0008551314822432,0.0115342911358091,0.0131193544424113,0.0197780642268676,0.0064357035442694,-0.0648148148148149,0.0224624324408762,0.0359106067279477,0.0192301659503717,0.0024236023667356,0.0022467917077986,-0.0045024953588735,0.0094488188976378,0.0080121375797748,-0.0006060146958564,0.0112266194522201,0.0106783627543667,0.0213897244249992,0.0149086897192463,0.0020997551403749,-0.0025374886364639,0.0123653294653038,0.0092311198905941,0.0086650998266979,0.0074292617200204,0.005526164778757,0.0418793828892005,0.0223541138093512,0.0541942479809669,0.0371362048894061,0.0224667414944708,0.0152930161092836,-0.0669658355942446,0.0051679586563306,-0.0145027653578013,0.0121917370238811,0.0079977380134912,0.0174045348276246,-0.0044406851342778,0.0128417380507166,0.006255085631428,0.0181218164861181,0.0094889610656578,-0.0001856048343584,0.0095980121712397,-0.0015299382058385,0.014365695639517,0.0040825096691017,0.0075961210947279,0.0135603362933849,0.0131815950282918,0.0036212117079024,0.0081901369097512,0.0189561133923565,0.0262685408343172,0.0110846034441445,0.0091594572873823,0.010355970840953,-0.0039543172298966,-0.0059301380991064,-0.021637398093643
2024-03-28,0.0032066134084631,-0.0091128891547646,0.0403379462494986,-0.0040607490331887,0.0126038517114264,-0.0024973465692701,0.0116103993074785,-0.0054630973132469,-0.0069604968086941,-0.0058092749135888,0.0059611137707904,-0.0180582917323587,0.0088174545074253,0.0293307124549537,-0.0371991247264771,-0.0031705376237129,-0.0083752093802345,-0.0088269583078887,-0.0136806420924281,-0.0012317628888349,0.005539709494996,0.0038310649085784,-0.0429042904290428,-0.0194558176484967,-0.0063776566667219,0.0070637119113572,-0.0133178453725215,0.0024899633203188,0.0048255944199901,-0.0054602184087363,0.0012555551310946,-0.0088320881626949,0.0049298667762192,-0.0092467643991904,0.0104649433322427,0.0078240098408022,-0.0140716839159714,-0.0122905670561481,-0.008233096995234,-0.0127272556178716,0.0019064206364149,0.0036849314436722,0.0017355139310171,0.0892765797054624,0.0043739530431545,0.039164510904192,0.036610917798481,-0.0109895383434109,-0.008607235753133,0.0340669487204221,0.0012853470437017,-0.0089105632318853,0.0246243348409691,0.0221635307189305,-0.007896848555588,0.0352591333899745,-0.0085596383498066,0.0007319942820134,-0.0093435553425971,0.0078277089493274,0.014093475858258,0.0042256928801454,-0.0030645650067651,0.0169319584876697,0.0055898164179781,-0.02034798475123,0.0377896912025714,0.0028213083197174,0.0072094966942317,0.0422462023452792,-0.0223924593959176,0.012088830047126,-0.002988058071363,0.0037964405198291,-0.0138003193462329,0.0041659048763287,-0.0090790226362671,0.0272263830322865
