date,ABEV3,ALOS3,ANIM3,AXIA3,AZZA3,B3SA3,BBAS3,BBDC3,BBDC4,BBSE3,BEEF3,BPAC11,BRAP4,BRAV3,BRKM5,CMIG4,COGN3,CPFE3,CPLE3,CSAN3,CSMG3,CSNA3,CVCB3,CXSE3,CYRE3,DIRR3,ECOR3,EGIE3,EMBJ3,ENEV3,ENGI11,EQTL3,EZTC3,FLRY3,GGBR4,GOAU4,HYPE3,IGTI11,IRBR3,ISAE4,ITSA4,ITUB3,ITUB4,JHSF3,KLBN11,LREN3,MDNE3,MGLU3,MOTV3,MOVI3,MRVE3,MULT3,PETR3,PETR4,POMO4,PRIO3,PSSA3,RADL3,RAIL3,RAPT4,RENT3,SANB11,SAPR11,SBSP3,SLCE3,SMFT3,SMTO3,SUZB3,TAEE11,TEND3,TOTS3,UGPA3,USIM5,VALE3,VBBR3,VIVT3,WEGE3,YDUQ3
2020-04-01,-0.0192981448509563,0.0,-0.0215109691081678,-0.0712509118898953,-0.0208820743507613,-0.0348239690831103,-0.0423105690121395,-0.0435924180843794,-0.0438144875950762,-0.031788239560041,0.037746062992126,-0.0974689318643645,0.0034257907542578,-0.0797797797797796,-0.0551673231741389,-0.0538637639842772,-0.0325076945625091,-0.0215878991335732,-0.0582319308019351,-0.0717997567551476,-0.0418006430868167,-0.0200569826338637,-0.1531531531531531,0.0,-0.0828051279607301,-0.069216863957082,-0.0412663129212677,-0.0185026607131933,-0.0104880024405382,-0.0161151079136691,-0.0515862334166506,-0.0676106076759061,-0.1282829692697792,-0.0118575710280244,-0.0477565324762578,-0.0408265122778997,-0.0482685455424448,0.0,-0.0382230538818227,-0.0384845709454698,-0.0581532347407107,-0.0591459386021235,-0.0725873041026879,-0.0828768023841871,-0.0150081699346404,-0.0390334188532073,-0.0355854012426057,-0.0387274542907755,-0.0085260388334424,-0.0259618341615007,-0.1013010467344833,-0.0288276871219346,0.0049391817176558,0.0221778955932916,-0.0202437373053486,-0.0131649973010256,-0.0228804877123307,0.015218471633688,-0.0045812895601639,-0.0275315197305326,-0.0988583443044939,-0.0723683837897538,-0.0381559820819366,-0.0631568656205699,-0.0251012254671169,0.0,-0.0541222148075607,0.0444269518388034,-0.0162656542364457,-0.0630481470118382,-0.0409167495012302,-0.0853903857778483,-0.0467405922505012,0.0034685222057593,0.0,-0.008252700270027,-0.0339647984254376,-0.0211963156142493
2020-04-02,0.0256632503660323,0.0,-0.0144660654959658,0.0148931564461762,-0.0002768908913151,0.0620517446209354,0.0116066708319313,0.0232127411530216,0.0054840353637188,-0.0241072481257238,0.0387916725944894,0.0636544646959718,-0.009214176252643,0.0570071431161389,0.0368788423066253,-0.0261139517896273,-0.0542628612979458,-0.0148350885543721,0.0167190759363615,-0.0038026297704678,-0.0125024778410216,0.0189907007868566,0.0904255319148936,0.0,-0.0393598503546283,-0.0795013156246084,-0.006619049399798,-0.0023525379366217,-0.0201245960197311,0.000292483182217,0.0041802663855494,-0.0103621018630344,-0.0440322903462538,0.0100010483279169,0.0491218702923283,0.0224268914559269,0.0848960317572302,0.0,-0.0150378736980743,0.0444120825777143,0.0133121732636296,0.0086739790518954,0.0046765113225533,-0.0560546688330306,0.0698390053333113,-0.003413570878887,-0.0956504966727745,-0.0424226135527068,-0.0163365394305163,-0.0101530434204621,0.0363565525867903,0.0048564260202195,0.0858519170579028,0.0846043239357057,-0.0248082371639831,0.1832436867535782,0.0249242757656562,0.0140218644237297,0.0398764026671003,0.0113291961321981,0.1029491931966855,0.0311275018622769,-0.0448943336170843,-0.0215496999739107,-0.0601051426048321,0.0,0.0507870480658225,0.0674148353079227,0.0369996211642884,0.0351950860117316,0.0185379837553749,0.006099939325648,-0.0128037905608645,-0.0136019021509196,0.0,0.0099833799413475,0.0514994872077256,-0.0497732426303852
2020-04-03,-0.0500422538428156,0.0,-0.0538208155953229,-0.0364610312444773,-0.0847896927027591,-0.0258107282312608,-0.0562629165973821,-0.0391517278766549,-0.0370880483048138,-0.0080944902034638,0.0209997717416114,0.0125421190565331,-0.0714033988566058,-0.01123795932929,-0.074098850105272,-0.0316660416276016,0.0164023706551337,-0.0026976425824895,-0.0500979911807938,-0.0323951434878586,-0.0134493784322442,-0.1032835144927536,-0.0341463414634145,0.0,0.0257058632626567,0.0320560811270671,-0.0833333333333332,-0.0144348142942661,-0.0832365928545856,-0.0540935672514619,0.0,-0.0221687860603828,0.0222206713657615,-0.0490118741177447,-0.0707235945253285,-0.0833630210188814,-0.0271001417652592,0.0,-0.0632497943799632,0.0209942910261244,-0.0310651705267812,-0.0453698619391277,-0.0390729899564961,-0.0066319040145801,-0.01424218695487,-0.0367115747151726,-0.0723456895448534,-0.0097526926071368,-0.0166078542970974,-0.0012758528068761,-0.0149089829837752,-0.0257779919807752,-0.0071159952259779,-0.010960914751071,-0.0593112244897959,0.068212753935845,-0.0420437108089847,-0.0939409196846142,0.0147529531971681,-0.0317279105720061,-0.1082614605214382,-0.064680594045335,-0.0479281304089487,-0.0465905858930603,-0.0384632323795822,0.0,0.0163316911540305,-0.0025057333360122,0.0056852776424745,-0.0309989583390141,-0.0364011633361478,-0.0355592888142236,-0.1187779755163673,-0.053296389862277,0.0,-0.0136363891650238,-0.0354858770006218,0.0198862506463031
2020-04-06,0.0412579342181187,0.0,0.0436694558113968,-0.003693631016381,0.1353341602654152,0.0379344440073572,0.0925532048781101,0.1012986267834601,0.0947465986199951,0.014601573358935,0.0285714285714284,0.0971884466060839,0.0724240443610451,0.0090967124162144,0.0601794813293787,0.0691791929900997,0.1290068396003403,0.0274833969195986,0.0693101225016119,0.0625867411927982,0.0526560569726037,0.047981009621455,0.0434343434343433,0.0,0.0336703887782947,0.0350830915325772,0.1333315081244608,0.0343470728667103,0.044805263967621,0.0111282843894899,0.0583366307850088,0.0585689704828931,0.1011851932766225,0.0411254938770164,0.0396471462660876,0.0383099217145079,0.0362101848386005,0.0,0.1850991512327104,0.0179944170066566,0.0739916709452905,0.0510286882299166,0.0735731119991802,0.0465294057690348,-0.0072279112201721,0.1224154377353927,0.0639858371269599,0.074845281549378,0.0702272227431097,0.1065521414643986,0.0658913560905065,0.0848907516833861,0.0541607130706947,0.0280291062281583,0.0225235404896422,0.2347750823455869,0.0744952241580478,0.0210478072813726,0.0058153871445012,0.0366240082532975,0.2012016339561357,0.1081271010996942,0.0522538411966218,0.063204996737205,0.0245049391575187,0.0,0.0174162219667461,0.005527612163624,0.022642823087809,0.0655346499546929,0.0630378286886903,0.1178132362629387,-0.0024479055108472,0.0649365947363891,0.0,0.0446804270462632,0.0118566076664132,0.0561111080161114
2020-04-07,0.0463771127736214,0.0,0.1123400436953807,0.0324200449449616,0.0370640945902809,0.034663252240717,0.0470216907995528,0.0555029739938348,0.0375662426440615,0.0571279270118352,-0.0044485017098476,0.0784176485074723,0.012130386914124,0.1159878703697339,0.0096626327984332,0.020013130787168,0.0666666666666668,0.0293906739619453,0.014802532408803,0.0271957918090568,0.0631937924559562,0.0610858092966097,0.1229428848015488,0.0,0.0454551251801498,0.075624362895005,0.0,-0.0105548037889039,-0.012414339921844,0.0446346682971567,0.0026248121046568,-0.0196310972206719,0.0480982051520506,0.069497152042492,0.0639286587774914,0.0598898454628094,0.0097446438861605,0.0,0.0019646734549205,-0.0227219034762065,0.0298523318814405,0.0566332763254335,0.0369727628484906,0.088872656440224,-0.0236478724837,0.0647483162565036,0.0244397865030145,0.0494766735954341,0.0074736637175798,0.0382798377664017,0.0334200162059283,0.0223629627283954,0.0253878095483983,0.0399543644788003,0.0660822160011789,0.0692005140387088,0.0258340388461491,0.0359817986971817,-0.0553966535231986,0.1635467513387991,0.0435719493175588,0.0347993509758215,0.0715261929627768,0.0550284962735643,-0.0043962922118566,0.0,0.0776807096839475,-0.0707141814685404,-0.0036853127705707,0.0518114736347263,0.0897069184162322,0.0353917768809686,0.0098156498266923,0.0150687495745693,0.0,-0.0065241562745269,0.1207987068300568,0.1931551434012226
2020-04-08,-0.0080544613992695,0.0,-0.0401066236430913,0.076269883725935,0.0174873549066769,0.0210377293112495,0.0191983981164667,0.0180162392951455,0.0265753286656929,0.0212154814230938,-0.0279018994250782,0.0434129397483202,-0.0020590120627027,0.0494463853305975,-0.0125612788632326,0.0230607035845078,0.0268006700167504,0.0102487761587128,-0.0671697216363149,0.0154238734737244,0.0531264203623143,0.0661761366217013,0.0129310344827586,0.0,0.0398555586731892,0.0691227862346739,0.0834148639344856,0.0135264852813674,0.067428230625423,-0.0166812993854258,0.0667536776736859,0.0631039635664982,0.0465771089539965,0.0116905945931817,0.0707326130395573,0.0630644266182332,0.068887242125347,0.0,-0.0058824632453743,-0.0155058837749402,0.0390103844302318,0.0342397336293007,0.0513020048867023,0.0845706618962431,0.0086902192434397,0.020269054935172,0.1009112386095172,0.0466448829590009,0.0222546672535399,0.0849146318268936,0.0436538689472196,0.0024841103663597,0.0567783629534819,0.0561065711407142,0.0288853569207379,0.0178103146853148,0.0417551266946947,0.0089578752396528,-0.0117280012111904,0.0655140110785272,0.0917162248800655,0.0149842924421526,0.0501705642759591,0.0537373468743247,-0.0235304683640935,0.0,-0.0134350547730829,0.0207028435230862,0.001478092295351,0.040978255411038,0.0705294395272606,0.0660485668252115,0.0681328027702681,-0.0061651816025279,0.0,0.0019311479906733,0.0721180603347675,0.0358503912639815
2020-04-09,-0.0170628343881739,0.0,-0.0201147325343467,0.052937378954164,-0.0497859056363109,-0.0076308491864951,-0.0026878818627346,-0.0110063274261195,-0.000441596420125,0.0105901437747746,-0.009178295502186,0.0466289611002959,-0.0188613138686131,-0.0749991193151794,-0.0133254666071865,0.0338221894389725,-0.0043586867862969,0.0072449394051026,0.0258598726114649,-0.0326348923177205,0.0333308671204497,-0.03237624605947,0.102127659574468,0.0,0.0174218071752034,0.0351246537396121,0.0562672107205368,0.0079586942242182,0.0310525637168521,0.0199404761904762,0.0235566890795269,0.0462322119439349,-0.0117845212997449,-0.0041597230296218,-0.0316757774438077,-0.034787148213184,-0.0205475358496128,0.0,-0.0039448475845073,0.0068227061062342,-0.0085714758492876,-0.0091484681010891,-0.0281202492856518,-0.021524885571729,-0.0147772155768101,-0.0309950820695709,0.0716776517473942,-0.0073878462726759,0.0330700888450148,0.0154541163778572,0.034856598729787,-0.0302421721962342,-0.0365730169760747,-0.028873672383456,-0.0240445966821142,-0.1175344426552156,-0.0030999741668819,0.0056200884613732,0.0046451062246612,-0.0015099099787848,-0.0548584898018694,-0.0068430185436012,0.0121453778816627,0.0341504195848318,0.0220893692036483,0.0,0.0532506364854896,-0.067437798111995,-0.0103536252521656,0.0128274398186116,-0.013582394221594,0.0379014814881852,-0.0136787623706062,-0.0052840882733725,0.0,-0.0200353726447896,-0.0422602036259711,-0.0145753929807639
2020-04-13,0.0,0.0,-0.0368416146173208,0.0451322007780665,-0.0279268368730083,0.0084614106910803,0.0198941432421611,0.0270784818400948,0.0258988002906006,0.0120196508670071,0.0567737060823574,-0.041910170480184,0.0510455104551044,0.0602863889100464,0.0319259097207029,0.0338068956833779,0.0633368321343539,0.0356171577545625,0.0009002856078479,0.0393570237968576,-0.0032219954892062,0.0222990226292154,0.0115830115830115,0.0,-0.0219088361795601,-0.0306679511881824,0.018692476568437,0.0183327271257678,0.0134954876091624,0.0145900204260285,-0.0067119941174215,0.0087329260100443,-0.0198636483224854,-0.009742239288077,0.049528422560674,0.0508407906382142,-0.0095394228344086,0.0,0.0287131591231073,-0.0010452142253656,0.0270549945756488,0.002193160588092,0.0212765957446807,0.0165198702010198,0.0125004082432476,-0.0147595042262062,-0.0015554323923265,0.0062430203726253,-0.0010368909536346,-0.021301177939204,-0.0052423201276391,0.007155920042311,0.0260907198648066,0.0065271016612458,0.0164475947973299,-0.0502017396240952,-0.0089084679393049,-0.008631227214254,0.0200302795961266,0.0360437961793194,-0.0132668846389529,0.025742281423384,0.0020037130954537,-0.0090907704275406,0.0427290179374886,0.0,-0.0329224304765921,0.0274014260387955,0.0089705926436642,-0.0296976884862514,0.0353510925532498,0.0203688363779046,0.0415765648876971,0.0298040479238916,0.0,0.0222162621250727,0.0250610498831456,-0.0277238786576808
2020-04-14,-0.000826081544433,0.0,0.0519173812888364,0.0416673156094089,0.0232561280302519,0.0055903810566497,-0.0009869782546405,-0.0687356303550545,-0.0809696064921144,0.001918722898039,0.0175456157410056,0.0114987421455896,-0.0026614318881066,-0.0107814613938674,0.2867329055601098,0.0485344267619356,0.0184663536776212,0.0246577079107503,0.0328153593250828,0.0074641507502537,0.0345149588765578,0.0150082900884993,0.0900763358778626,0.0,0.0105042264480152,0.0101595715311135,0.0,0.0252603171925924,-0.0143440305183387,0.0575208513085994,0.0045855948467314,-0.0027081879875689,-0.018247174226377,0.049668570530287,0.0293969481775193,0.0302732547258095,0.0269594253255955,0.0,0.1530318800661521,0.0433258638579114,0.0115867134685387,0.001323823418166,0.0124935848088274,0.0026947473156171,0.015434612562194,0.0005539825187736,0.0358306772194965,0.0236216440471972,0.0336016444657012,0.0279794292847741,0.0075272832193351,-0.0050741509338462,-0.0069292413987026,-0.0117983863971545,0.0850372376438726,0.0097982708933719,-0.038063309084993,-0.0110754552405155,0.0115803523758675,0.0913071593533487,0.0248754706492895,-0.0077744968736485,0.0239512839921818,0.0135303625028859,0.0353254225098886,0.0,0.0212809032509246,0.0448141873807379,0.018517005488996,0.0382546118578006,-0.0115015936655489,-0.0296015245126942,0.0576608996539793,-0.0008974738991536,0.0,-0.0159666345985655,-0.009165287893519,0.0330804559810764
2020-04-15,-0.0148817613481924,0.0,0.0025947258975727,-0.0341844134225779,0.0262053400556969,0.0091049234030253,-0.0185374041260331,-0.0394331063822516,0.0682043005154369,0.0026746843361804,0.0096965949493388,-0.0118677175369659,-0.0360157462432341,-0.0089200883536567,-0.0092485295167589,0.011054108992353,0.0584842324239989,0.0040652202730766,-0.0212318688248895,0.0324126602428409,-0.0031245660324954,-0.020153591582163,0.0154061624649859,0.0,-0.0145600485334951,-0.0235036895326591,-0.0192612547272444,-0.0160978937742232,-0.0353439462538338,0.0062550992657055,-0.0132155205532078,-0.0048778006016165,-0.0055039764149261,0.0035693114099402,-0.021627253496669,-0.0176211453744493,-0.0265636435624557,0.0,-0.0116863604040235,0.0060004345718631,-0.03124548185513,-0.0249754921799817,-0.0370341036891543,0.0,-0.029177023689456,-0.0085973546601044,-0.0391031514166679,0.0221444519424249,-0.0116076439141094,0.0050423052046622,0.0037313118551274,-0.0285716102611063,-0.0326025402475528,-0.0209375823018171,0.0820541619867714,-0.0080120074412313,0.033263468171083,0.0231231182180986,-0.0069721168106654,0.0132730627930994,-0.0121358503358122,-0.0409690942455992,-0.0311917292818288,-0.0228874308972723,0.0646142732109862,0.0,0.0119016758413517,-0.0202615954913957,-0.0029097326546387,-0.0390105292023431,0.0252689008267428,0.0063844589060999,-0.0146827889447236,-0.0300923827497259,0.0,0.0007832332535286,-0.0231366450716994,0.0312838225338387
2020-04-16,-0.0386286817962336,0.0,0.0678756286479937,-0.0263535409829297,0.0448120639207743,-0.0152861985009786,-0.0286722445312752,-0.0194765347776207,-0.0258517327094605,-0.0156424083069655,0.0565630697713259,-0.0089990690618212,-0.006577009914597,-0.0079989741773573,0.0079324164768097,0.0059740359208058,-0.0266884045024119,0.0050697531135854,-0.006289887088856,0.0170343639793324,0.0144412713891015,0.0205681129297652,0.0068965517241379,0.0,-0.0119574740132125,-0.0137139658550238,-0.0533193881000675,0.0039636875079913,-0.0032334811290147,-0.0135135135135134,0.0180183049839672,0.0027224622306296,0.0190298596667384,0.010676068073147,0.0238640764166773,0.0159031020294946,0.0009654928738407,0.0,-0.0025336130509671,-0.0079583970226622,-0.0301140886176705,-0.0116776740582222,-0.0252167190301514,-0.0026875051682792,-0.0018814367632743,-0.0027962644079366,-0.0140865341369075,0.0392243816007367,-0.0399434217865964,-0.0050170079195177,-0.0066964285714286,-0.0126079300344982,-0.0294781736076267,-0.0402824478816409,0.0172423735655382,-0.0425572722429408,-0.0250374128980965,0.0272941101343153,-0.0300720709228906,0.0484870762393276,-0.0185946956861163,-0.0386341956119186,-0.0140821811721294,0.0112221583225826,-0.0230843511848836,0.0,-0.0547095743638816,-0.0282047574956857,-0.0149494979045836,0.005411894359822,0.0297865636633096,0.001408795785863,-0.0319016123462692,-0.0099539898803227,0.0,-0.0351568570857664,0.0002584632013016,0.0171305045909919
2020-04-17,0.0131065987419578,0.0,0.0189240288759025,0.0034820676167712,0.0548643317217885,0.0056043593771211,0.0270893692890572,0.0128885381803671,0.0195330871684027,0.0046566978837894,-0.0404015122574525,0.0224642219284205,0.0309881422924902,0.0230886181914431,-0.0277731947423417,0.0029692793787354,-0.0136986301369863,-0.006051264985857,-0.007564763639732,-0.0564322981767158,-0.001865287345799,0.0201748058890915,0.0047945205479451,0.0,0.0213525690184048,-0.0127695800227014,0.0217388878349271,-0.0111093694893998,0.0324397044623578,-0.0180821917808218,0.0258311691472237,0.0326127136684042,0.0091671554252197,0.0440188502805394,0.0621858009613112,0.058839590443686,0.0057709515092312,0.0,0.0093140949714656,-0.0310254735467014,0.0133018738886609,0.00590782670375,0.0179800877489031,-0.0054309522822437,-0.0056467541408165,0.0518934517721092,-0.0476259990511295,-0.02150533500691,0.0350791641592829,0.0262015074116606,0.000751879699248,0.1143633772002516,0.0353280772047734,0.0260902062457664,-0.0203514739229024,-0.0217904202279202,0.008418225097583,-0.0103809992488799,0.0459915611814347,-0.0149952990295284,0.0835591531320476,0.0239544724937983,-0.0122444971958946,0.0171229191964217,-0.0087493154161601,0.0,0.0248927928071547,-0.0093948429655795,-0.0085162938158489,-0.0309557830452739,0.0163577746174024,-0.0112545109792647,0.0175602260879108,0.028995022313766,0.0,-0.0224702295346027,0.0118392539390772,0.0175449414414969
2020-04-20,0.0008616822871172,0.0,0.0357112734265616,-0.0096335653698677,0.0621748960688497,0.0268146405430422,-0.019952045654273,-0.0238461951752423,-0.0324189036658977,0.0127272493176082,0.0,-0.0249310935426425,-0.0260121147063333,-0.053449811084639,-0.0052381491118905,-0.0078946369605646,0.009933928903778,0.0145374449339208,0.0010889179267001,0.0558845900742677,-0.0084725359136924,-0.0355798623385805,-0.0074982958418541,0.0,0.0885051268213708,-0.0129347513653348,0.0560852802079578,0.0144786114798596,-0.0366536711467934,0.0239955357142855,0.041966739757411,0.0152636419185405,0.1127203408054027,0.0362524234085057,-0.0365869942582454,-0.0370465875881037,0.0003183153770813,0.0,0.0008387249819048,-0.0083655250490437,-0.0185941349171531,-0.0045185054602473,-0.0249811439606799,0.0244685285535639,0.0063134643281024,0.0400013310360636,0.0366722869405271,0.0872400821129346,0.0354540260417188,0.0550138917472731,0.0254518440979578,0.0310259690037777,-0.0089675835379301,-0.0111768722968359,0.0934552398588044,-0.0640515142551593,0.0064155543003241,0.0436921917284771,-0.0098803979400995,0.0215815699216981,0.0615051993836572,-0.0207548352894904,0.0,-0.0156559321777765,0.0370714747736093,0.0,0.0552569975346279,-0.0256718325611121,0.0026135274382939,0.0046306115235064,-0.0001672445896375,0.0106756219345145,0.008655557353179,-0.0349962676764097,0.0,-0.0016536804689154,0.0166398718491906,0.0
2020-04-22,0.0008609404299984,0.0,0.0142512785432749,0.0377411819917445,0.0636551153982427,0.0349788248992892,-0.0044834610104947,0.0,-0.003550343876164,0.0266665819099503,0.0642039370727287,0.0607572849415458,0.0180472732282379,0.0399992372622801,-0.0062267562864649,0.0079574582042158,-0.0019580290709727,0.0026660877116804,0.043043167479877,0.0488555055524977,0.0521021229360343,0.002738367329337,0.0199175824175823,0.0,0.0275268909917871,0.1156086196854979,0.0311401150043437,0.0098482962008135,-0.0250019089590172,-0.0098092643051771,0.0601951536835256,0.0098485032706756,0.0749929488451774,-0.0134261391746421,-0.0126588126588127,-0.0057573864143533,0.074274431090332,0.0,-0.0729252561405485,0.0332389210858861,-0.0011175297434838,-0.0108955001304851,-0.0119265197174358,0.1644627090369044,0.0363572329516601,0.0494871749293421,0.0884190293128304,0.042697370204078,0.0114230396902226,0.0875263651991562,0.0656930701220013,0.0740738603577613,0.0362369045369612,0.0501622965537882,-0.0158234546994072,-0.0383624252443235,-0.0261485017487476,0.0236975143940458,0.0364291496690425,0.0583726601843346,0.073528852949894,-0.0235057163480569,0.0623965758190609,0.0520441530927122,0.0553151678166297,0.0,0.0753725513317513,0.0083072059190072,0.0312805766142585,0.0907829723494197,0.0216841001851149,0.0140867238529944,0.0321062902665276,0.0103627838637885,0.0,0.0205313511314937,0.0465506610947454,0.0620654549567929
2020-04-23,-0.0060331825037707,0.0,-0.0226582949271754,-0.0607427887209582,-0.069472167493409,-0.0180914188245114,-0.0280672100703903,-0.0287769124216821,-0.0142621548986073,-0.0285682442974961,-0.0019736078325142,-0.0310238189235425,0.0013532322919889,0.0395914949792506,-0.0033703557470572,-0.0285990814893537,-0.0354521534413515,-0.0053179971764379,-0.0182944997318394,0.0010186442770714,-0.0037696450159357,0.0217826040210731,-0.0626262626262625,0.0,-0.0031152974741965,-0.0064212999216914,0.023088573061994,-0.0039018682551348,0.033452299705754,0.0038525041276828,-0.0407354344284675,-0.0395275476786747,-0.077355502001788,-0.0020577554902299,0.0196528005240748,0.028998518651524,-0.0845688201607145,0.0,-0.0849911451977245,0.0066380451926888,-0.0133909361606912,-0.0252348689727957,-0.0143073455271263,-0.0091198155071805,0.0260169283902222,-0.0361613116309005,0.032501273560876,-0.0213647111011763,-0.0150555130168454,-0.0282511210762332,-0.028766975141749,-0.0094822630643021,0.0110825212229268,0.0119470384497346,-0.0386083776953271,0.0070785721508748,-0.0102646234484766,-0.0366561659472939,0.0101081263209483,-0.0117309073497725,-0.0416442487398766,-0.0122324888226525,-0.0225604050855853,-0.0295358034059567,-0.0338603230890466,0.0,0.0272833811929025,0.0383413183975227,0.0068659332382146,-0.0143635257686353,-0.0280238161506682,0.0097176953455084,-0.0124326564442601,0.0142170972998636,0.0,0.0016288714577823,-0.032500900075279,-0.0616869284725286
2020-04-24,-0.0380903831562975,0.0,-0.1076040879366434,-0.1305404030179843,-0.0332807006346449,-0.1030270549970432,-0.1336910632358157,-0.1095547537639081,-0.0780431886482634,-0.0679949520058127,0.0039679462323898,-0.0763589447594473,0.0098652457623846,-0.0892245104321599,-0.0850663145202963,-0.1116689784515598,-0.0591768365637712,-0.0664646517419432,-0.0922059002063857,-0.0534475315304203,-0.0827054397828941,-0.055999831642746,-0.1386494252873563,0.0,-0.1243699954755416,-0.1290458175704077,-0.1041615607078084,-0.0645917569909279,-0.1067975879875717,-0.0534539473684209,-0.0655656439991173,-0.0411542752560389,-0.1250006582585112,-0.0450405179832845,-0.0838266562648187,-0.088339222614841,-0.0272261517081163,0.0,-0.1037546030320628,-0.0471821426775929,-0.049772334746428,-0.0353134515926337,-0.0530588019655934,-0.0919669934410042,0.0170999422299249,-0.0451200224932344,-0.1416354187224525,-0.0422483962412818,-0.0802083434557415,-0.1163013382556528,-0.083218006840054,-0.1044410214132297,-0.0732406219942288,-0.0590082966878235,-0.0869176128418814,-0.0701626669344311,-0.032872396503745,-0.0225345952571059,-0.0204940817337335,-0.0866945251937985,-0.0571751487551107,-0.063525208511871,-0.0728190054676193,-0.1087770476519855,0.0191930262788979,0.0,-0.0677078468784607,0.0702926039274898,-0.0247516562245991,-0.1148715934751812,-0.094013542801316,-0.0722111681369075,-0.0882553503986571,0.0057437575645118,0.0,-0.0586478132496772,-0.0222316193053676,-0.0467132867132866
2020-04-27,0.0450091817744859,0.0,0.0264945777254064,0.0234154752315747,-0.0090709196649499,0.0602736057028658,0.0571990807998097,0.032638557411827,0.0291574254542195,0.0368881047146198,0.1085778287009024,0.0706636278978583,0.0205509568143149,0.0633221879397372,0.1352335052775581,0.0079831101141385,-0.0021619146933896,0.0615334390448651,0.0334002006018052,0.0530773804191133,0.0570054119061935,0.0240096306039192,0.030859049207673,0.0,0.01712349343299,0.0395149613899614,0.0445721164368571,0.048648227907218,-0.074879402710106,0.0532869968143641,0.0501509353887013,0.0418028500457576,0.0557481433334536,0.0125442283847945,0.0356969929707979,0.0371327399751173,-0.0226617539191102,0.0,0.042998839024507,0.020234797520116,0.032147315855181,0.0117143658810325,0.0330439110717841,0.0278446601941746,0.0330417660645991,0.0262797579612208,0.020003065603924,0.0447452563428245,0.0224187294644651,0.0727816290029894,0.0538488899685078,0.0233229971656288,0.045428009254254,0.031354312944589,0.047595712098009,0.010771847412327,0.0255477459548874,0.0144432882414151,0.0058408623011552,0.0364046284937502,0.0157678039072814,0.0418116670533343,0.0690943100589702,0.084715449897923,0.0204696643825337,0.0,-0.0346345128627142,0.0247894941713955,0.0342012096179376,0.0455205708822583,0.1005652028408881,0.0607851258686549,0.0,0.0180553400785778,0.0,0.0237138411399306,0.0488245097078141,0.0273567734911885
2020-04-28,0.007748463869986,0.0,0.0612713445257571,0.0722301131996578,0.0701870767020271,0.0145251396648045,0.134292745693263,0.0984776892102883,0.0876824450079998,-0.0015829046299961,0.0596671737640952,0.1083441101408804,-0.0181515060692342,-0.0112364325085592,0.0395568920532438,0.0657590435048218,0.0826111337683523,0.0347166694491551,0.0287294962632242,0.0487161639597835,0.004721811355103,0.0772412591979796,0.1448220064724918,0.0,0.1270261329804831,0.0855434971853055,0.0055629472096214,0.0042407897666822,0.0665810711665444,-0.000824855650261,0.0426032571676264,0.0214023529411764,0.1023138620803665,0.0004300844040643,0.0582934339281973,0.0477069299621664,-0.0027271378579095,0.0,-0.0486261497931971,0.0161788029237348,0.0703498817125882,0.0844187359475441,0.0825236221526271,0.0886764650319265,0.0067298105682951,0.0403540483158317,0.0866143211360732,0.0464644462710324,0.0430586411779903,0.0576216321464209,0.0780990170736124,0.0332431776619104,0.0726163391933816,0.0486373072029642,0.0,0.1621260683760683,0.002002298935815,0.0424308632857377,-0.0227404470116293,0.0690041268114782,0.050745877234932,0.1146603983669429,0.0236883364766298,0.0273448436770882,0.0353147324437255,0.0,0.0648159816166931,-0.0361590988927505,0.006404358957901,0.0606752585392469,-0.0059971281358223,0.0188635042386484,0.0852630670540517,0.0013468152144813,0.0,-0.0103166196913391,0.0241417606826328,0.0259163441438832
2020-04-29,-0.0025629622694505,0.0,0.0591704975662519,0.0414267691248997,0.0107488462111062,0.0025090978739703,0.0144164583310388,0.0387417125651072,0.0335524801617084,0.0292971330426741,0.0336113272474218,-0.0170786609668959,0.0527711532958121,0.0659070118675597,-0.0174571945123898,0.038302489354733,0.1224778094318743,-0.0215017238743864,-0.001100732773532,-0.0025811399789084,0.0167261196987711,0.1562184228608383,0.0028268551236747,0.0,0.063503710847415,0.0349639133921411,0.0184509918319719,-0.0062086704575692,0.0795602505834665,0.0019262520638412,-0.0058080105531989,-0.0120464904844397,-0.014981718889791,-0.0051289399991641,0.0400627599128673,0.0436410075744231,0.0211985841358459,0.0,0.138888936753633,-0.0025701271491946,-0.00216040150231,0.01067735924884,0.0132782750605804,-0.0067675435552163,-0.0217365975853078,0.00870092800706,0.0390858644354936,-0.0227802701199085,0.0186939034296922,0.0,0.0595826238345766,0.0280323511891122,0.0543954030967395,0.0550659855257555,0.0349666705648463,-0.0128476212364974,0.0255276369512391,-0.0178205058819476,-0.0217840907897913,0.076295786449605,0.0269884382455496,0.0396734666696263,0.0470572566951155,0.012687742248062,-0.0186055319501484,0.0,0.0554337308300092,0.0018104454703304,-0.0212025652836338,0.0589524122524993,0.0144912757761159,0.0541887023836897,0.0843162721658228,0.0475234655851795,0.0,-0.0057441726879704,-0.0043323043886727,0.0578948217844952
2020-04-30,-0.0282767602576586,0.0,0.0261213678214109,-0.0257152926147,-0.0776902352934876,-0.0370932920654935,-0.0358600773005602,-0.0644658900631965,-0.0721879054276474,0.0211532907614799,-0.0032550150557698,-0.0329229347003949,-0.0466102462804224,-0.0266507695143303,-0.0369039436726431,-0.0245864468936691,-0.0089355007865757,-0.0332824188985125,-0.0215036836471256,-0.0242589594008089,-0.0365329353322492,-0.0077431308117177,-0.0274841437632133,0.0,-0.0684940958463934,-0.0697350069735006,-0.0498184236100454,-0.0222429369006653,-0.0192747505319329,-0.0118099423235374,-0.0547249603043594,-0.0281050831649308,-0.0735961191146206,-0.0210356375508636,-0.0577793400413023,-0.0636313768513439,-0.0264483843049212,0.0,-0.0029266324562177,0.0005187515945233,-0.0280794084338152,-0.031693673013836,-0.0376208952552932,-0.0524127327998881,0.0148130503718149,-0.0532726377952754,-0.0332734411392825,-0.0181745661629135,-0.0558111038714759,-0.050972856666168,-0.0319535326165287,-0.0661640981067317,-0.0184338539190227,-0.0082312829100006,-0.0337853107344633,-0.0492887243603175,-0.0196960493634117,-0.0349952661714098,0.0015185988108781,-0.0730700254410476,-0.0542167167614356,-0.0459366409565241,-0.0374537591554222,-0.0278982148730676,-0.0521231563332891,0.0,-0.0164762683692583,0.0178203296687045,-0.0072182040644932,-0.0416505491935267,0.005952713342789,-0.0566057550934678,-0.0513835924513542,-0.0400194757260206,0.0,-0.0070605406391582,-0.0352621476481117,0.0066362821564103
2020-05-04,0.0370325649911251,0.0,-0.0478493453176998,-0.054432726327331,-0.0376485208887442,-0.0010416770007639,-0.0259670063622542,-0.0381539823519788,-0.0443911092559741,-0.0470803401399022,0.0318161027135699,-0.0257663646831345,-0.0318196506301204,-0.0449082484658764,-0.0018937052562963,-0.0294105756791719,-0.0577578361446803,0.0141124507365946,-0.0128060748415328,-0.0134199199806013,-0.0164504866939493,-0.0814881361306346,-0.0644927536231884,0.0,-0.0651076662610443,-0.032983508245877,-0.031458254831243,-0.0058824722611006,-0.1075145313424524,-0.0191773207337409,-0.0384446514103246,-0.0180032628514762,-0.0311129246149137,-0.0478061759350648,-0.0229901137847416,-0.0097336758145195,-0.0134140169435581,0.0,-0.0616437247536952,-0.0221332585358391,-0.033328763837006,-0.040253485897747,-0.0380096693488403,-0.0336295586120433,-0.0016797353499937,-0.0307378528626092,-0.0179665450540372,0.0350101561088664,-0.0137707281903387,-0.0240667321378774,-0.0204570833023151,-0.0435612727695805,-0.0321570965458136,-0.037124432962428,0.013974973687288,-0.0351912621834745,-0.0532140709929939,-0.0020971651932869,-0.0045435305589935,-0.0341057367829021,-0.022812725548212,-0.0466658088050173,-0.0042781867535885,-0.0042448477391571,0.0437421275621205,0.0,0.0078530520273079,0.0276587954272031,-0.0036389889590596,-0.0382979921714398,0.0143718358646416,0.0068933626765086,-0.024996134618358,-0.020729372883297,0.0,0.0530151769418278,-0.0025038004113387,-0.0599693106257221
2020-05-05,0.0153109936427358,0.0,-0.0594816181874601,-0.0034906726119674,0.0171167365657904,0.0093848690090769,0.0014451034116,-0.0013505942614748,0.001037389709094,-0.0158092599920854,-0.0118556701030926,0.0043708048078852,-0.0131540198291939,0.077980173482032,-0.0199019260110009,0.0010829497886164,-0.0498203054806828,0.0319219567468993,0.0217072455265474,0.0287257002849528,0.0313473360053597,-0.0327944307001897,-0.040278853601859,0.0,0.0013468851865265,0.0176284811943725,0.0334581994820093,0.0010304229835336,-0.0285079166991654,0.0289033720600737,0.0242733895572881,0.0094468079561667,-0.0092300133361408,-0.0087561727798918,0.0034843205574912,0.0078725824800911,-0.0247438408043644,0.0,-0.0604797129721516,0.0031639243091954,0.0241433712087639,0.0331800103079749,0.0370074243289548,-0.0099591712137978,0.0517406063099732,-0.0231094393028062,-0.0289674751156596,-0.0241052895069791,0.0262759391350662,-0.0132804929559967,-0.0121293185998085,-0.0145101121632919,0.0343420343420344,0.032217856086534,-0.0448071045499105,0.0734827524938446,-0.0268195013218599,-0.0043071833205887,-0.002540489044141,-0.0134004130370647,0.0065816949991492,-0.0233101327480368,-0.0050817840988265,0.0448535771654516,-0.0063875175230084,0.0,0.0046711248627606,0.0271603890962561,0.00912703931141,-0.0053683152274701,0.0134950994073319,-0.0116427405089127,-0.0149592980230468,-0.0052377451799379,0.0,0.0192403885302157,-0.0208370685791124,0.0108662794681326
2020-05-06,-0.0092200777514019,0.0,0.043134735270113,-0.0153131916578195,0.0295666309703563,-0.0077430907427266,-0.0291374214998152,-0.023141423147434,-0.020759018664572,-0.0152657432165282,0.0304016692749087,-0.0456604276293877,0.0136675619218142,-0.0106387870288413,-0.0280493549165354,-0.0464956624851774,0.0040423620632594,-0.009539414424075,-0.0150891632373113,-0.0145366851579474,-0.0041027511225582,0.017587690599409,-0.0589184826472962,0.0,-0.0336720507284871,0.0058119851032614,-0.0038075570326868,-0.0035976722143519,-0.0453213439845852,-0.0231341228311761,-0.029273992819969,-0.0302695864877597,-0.0344774656701262,0.0037217700816452,0.0112886859462202,0.011648907350551,-0.004647120706216,0.0,0.0144283950447288,-0.0062992262435989,-0.0235742102985719,-0.0137700597675184,-0.020266549179425,0.0125645571571726,-0.0064131224501201,-0.0198093785741517,0.023551280431683,0.0986056558966046,-0.0168008222328507,-0.0384639597104187,-0.0109165602449494,-0.0198068060971285,-0.0391014665376311,-0.0367793037106777,-0.0180511953634388,-0.0184195592547052,-0.0105400528667213,-0.005668489987409,0.0249353816931885,-0.0123548112940288,-0.0335999508255921,-0.0091452056769976,-0.0243493049804638,-0.0285300378429518,0.0012022917152285,0.0,0.0077556345910576,0.0064914864623049,-0.0018059967796684,-0.0305879120339931,-0.028612465510073,-0.0263305081099685,-0.0043466595116715,0.0144187569805427,0.0,-0.004017393487714,-0.0046120129777238,-0.0277389026447052
2020-05-07,-0.0245147400951422,0.0,-0.0413510679029814,-0.0488895386377202,-0.0273172558849801,-0.0413675484868918,-0.0270511296076101,-0.0328065551578794,-0.0429663131628197,-0.0420021096328558,0.0729820582398446,-0.0632932007212238,0.0262796357355943,-0.0322537543207366,0.0169145937128771,-0.061220927695597,-0.0542226826454452,-0.063460855556614,-0.0302519919673511,-0.0331388741571331,-0.0416657130432792,0.049298519095869,-0.065180102915952,0.0,-0.070380854348945,-0.011500701262272,-0.0669193146114729,-0.0461458993924268,-0.0209542230818826,-0.0217084860445445,-0.0545730975434104,-0.0522126308643535,-0.0853582478324141,-0.0287060285248362,0.0695942556126929,0.0653842720699813,0.0082577407703547,0.0,-0.0689276624625304,-0.0047521886226501,-0.0471167993193059,-0.0325533011395086,-0.0359752670039347,-0.0496345919610232,0.1092556916456906,-0.0651137282967203,-0.0751639748924465,0.0297365679180192,-0.0707942619387691,-0.0620007856488149,-0.0386179968421134,-0.04456011417722,0.0200654645464934,0.0092431260889889,-0.0551490931447894,-0.0004817767928118,-0.0046027751234809,0.0016445640066413,-0.0243287353901231,-0.0337513744362818,-0.0839985370817961,-0.0537949352350458,-0.0326132777341036,-0.0261724337320063,0.0413434792731195,0.0,0.0030823223228486,0.0749939141637241,-0.0222779291553133,-0.058004170631466,-0.0751639799888826,-0.0533869471079493,0.0326883690848334,0.0388003112634314,0.0,-0.1235919648893624,0.0066971343163462,-0.0449340977502192
2020-05-08,0.0433322654516548,0.0,-0.0293989963012485,0.038318175995901,0.000959746911185,0.0247000413736038,0.0319951115184846,0.0445966579014336,0.0448952986229935,-0.0093696944726616,-0.0014532140565434,0.0113506532213998,0.0845843452984262,-0.0133326930118919,-0.0029349373783162,0.0422747978060797,0.0042569081404031,0.0517895126236935,0.0253507014028055,0.0675228811434303,0.0359424443250344,0.0023584029712164,0.0908256880733944,0.0,0.0194904057879836,-0.0127695800227014,0.0020481133057939,0.0332477253108429,0.0756037851999256,0.0230547550432276,0.0334173581850631,0.0538881788688678,0.0269410238926102,-0.0152502398464983,0.0441786494290781,0.0523647941016296,0.0007109944351013,0.0,0.0622793062204589,0.0190995190075258,0.0241093851734721,0.025964033106115,0.0410495626822156,-0.0261134251842357,0.0426964155547806,0.0177148729213729,0.0281966713057404,-0.0220110143760666,0.0,0.0010609339010261,-0.0078963123574051,0.0216901998688718,0.0682970360947083,0.0596458723708868,0.0233602290473711,-0.0269443038584823,-0.0109517177972173,0.0095469399959082,0.0330780977665539,-0.02198400263874,-0.0040317330810426,0.0470926022059436,0.0112356242307896,0.0392981030657209,0.0189331984043867,0.0,-0.0025618009919609,0.0519870439493055,0.0089551795123328,0.0098489081843191,0.0159275865799564,0.0436170808671134,0.0147699694684375,0.0608040801689444,0.0,0.1143348391441068,-0.0217450890817725,0.0097084877345001
2020-05-11,-0.0083019640399859,0.0,-0.0282856836154149,-0.0207065006198996,0.0143883188868141,-0.0254269794484597,0.0062764231493432,-0.0174384376459125,-0.015072186079672,0.0120326415879072,-0.0253643047496644,-0.0090866671578377,-0.0077758578128857,-0.0427957800464827,0.0834168803916997,-0.0382411309563627,-0.0443965196698147,-0.0161874615316978,-0.0235838300921854,-0.0237607628107727,0.0031122125525906,-0.0575800804046168,-0.0613961312026913,0.0,-0.0301515600315954,-0.0294337453291176,-0.0122635626688839,-0.0133412900212755,-0.0464249587392856,0.0011267605633802,0.0112703239728515,0.0164778784648187,-0.043725913967295,-0.0387261767034037,-0.0384631581902662,-0.0326022053262211,0.0003552446405881,0.0,-0.1482300265045704,-0.0265476835254773,-0.0082287333563421,0.0173360383835081,0.0026884731712781,-0.0455667050501726,0.0079087665120578,-0.0353976150861945,-0.0274234220870726,-0.0106227447071588,-0.0157610996012387,-0.0436613629708134,-0.0014434133054981,-0.0244184815687105,-0.0265889378643537,-0.0178621100735147,-0.0114452851783557,0.043517027863777,-0.0199245396508592,0.0030552279210422,-0.0162549817444854,0.0714309804053825,-0.0522761042820477,0.0032745545687686,-0.0123453195516086,0.0175604768992527,0.0368625277161862,0.0,-0.0179458209621902,0.0052799229900375,-0.0166391679679442,-0.0185320173454999,-0.0286520576472535,-0.0338682840427243,-0.0103890760408362,-0.0229275438530595,0.0,-0.0239480909581583,0.015427991033903,-0.0454901126940251
2020-05-12,-0.0184286877444066,0.0,-0.0462688490784896,-0.0510058828716475,-0.0437342279921232,-0.029073320282965,-0.0352111847292668,-0.0318285123966941,-0.0311598710626024,-0.0297239463764419,0.0706362596234027,-0.0159111749981413,0.0322534785776482,0.012941116648022,-0.0729161622845951,-0.0289112491885374,-0.035408560311284,-0.0061668260508183,-0.0101417848206839,-0.0220382567896778,-0.0525940821602988,-0.0174566042186793,-0.0367383512544803,0.0,-0.0098497092172408,-0.0242255523307468,-0.0217452300785634,-0.0164406039791941,-0.0570180336106304,-0.0407990996060775,-0.0033909525301858,-0.0329787024837269,-0.0099388014894586,0.0070522159582779,-0.0296071360789524,-0.03542918278331,-0.0071114753352,0.0,0.0441560028384659,0.0010686119525571,-0.0285175281145829,-0.0373135738994008,-0.0344095631772986,-0.0168476387452604,-0.0027683622634225,0.0116205151676964,-0.0049758831716013,-0.0027298297462972,-0.0222378144698572,-0.0111402741324,-0.0137608310398614,-0.0212185942427015,-0.0084173239848086,-0.0005462159373672,-0.0653502283398725,-0.0142172220639893,0.0085363387196886,0.0311429977466393,-0.0225340745578404,-0.070367339230067,-0.0209980873211461,-0.0518131237951146,-0.0529170720202825,-0.0457883305506715,-0.011104428405952,0.0,0.017230308219178,0.0199597724932392,-0.0093929066327104,-0.0412551094534376,-0.0395103084934678,0.0238703703703704,-0.0357300626250552,-0.0056587961218793,0.0,-0.0137464687143115,-0.0342502371302921,-0.044944821410273
2020-05-13,-0.0392550879734561,0.0,-0.0272393822393821,0.0019313988371785,-0.0262062821858296,0.0120330268182884,-0.0288847415864652,-0.0075865086055121,-0.0087672192388513,0.0113847973885801,-0.0020829748503428,0.0345279169919661,0.0009124087591241,-0.0185801059210362,0.0586241715897353,-0.0173809239584576,-0.0481645824929407,-0.0272484464788351,-0.0090660914697853,-0.0073963018490755,-0.0288545507471376,-0.0456973649986994,-0.0027906976744185,0.0,-0.0359864793656098,-0.0061915746024038,-0.0211649696448203,-0.0102399298444494,-0.0870202341656921,-0.0296274567321797,-0.0444832313410686,-0.0288973847968437,0.0040154291489902,-0.0194988992556871,-0.0412222238938452,-0.0496565846166973,0.0128987587294746,0.0,-0.0783580626100666,0.0101453878184769,0.0049018683659809,-0.0023856741738499,-0.000462802267731,-0.0085900863391329,0.0763866628765654,-0.0392997184797908,-0.0333192826486817,0.0054746042300708,-0.0072802611171554,-0.0427922614132358,-0.02863436123348,0.0116741492074048,-0.0392030493306571,-0.0303214314630394,-0.0535407060766637,-0.025955264488479,0.0009957748718976,-0.0246562542387356,0.0041011879865067,-0.0398530482333621,-0.0072700289767949,-0.0111888201874883,-0.0272738591794806,-0.0080362949428632,-0.004493901134175,0.0,-0.0189900052603892,0.0420185312738836,0.007205994661666,-0.0202202971976567,0.0197022156273383,-0.0182133878348315,-0.0522798318421903,0.0227562689925537,0.0,0.0122255200112137,0.0133335714328233,-0.0352902759312386
2020-05-14,0.0426344334460198,0.0,0.025203913552561,0.0981193569114793,-0.0269115334248136,0.0459049225255612,0.043058294499642,0.0433188542921036,0.0548587311121318,0.0259574283733825,-0.0027861220266995,0.0097984322508397,-0.019693503723706,0.1230730868333729,0.023073127946497,0.0846028622105594,0.0120359382946262,0.0407787813514037,0.0460853003197061,0.0006816262983819,0.0220559767200789,0.1156886177327713,-0.0102611940298508,0.0,0.0825922913861374,0.0124602980698753,0.0410841828948169,0.0443872975396817,0.0613813229571984,0.0214631197097945,0.0557096266057284,0.0500003490182117,0.0239962197735974,0.062211768060159,0.0094619404038978,0.015486824976433,0.0116706504418369,0.0,-0.0499324002851885,-0.0005240083142652,0.0364908725915087,0.0306942872607389,0.0439865725199675,0.0605189867821933,-0.0365561068251926,0.0478277364241701,-0.0086218857154183,0.0072594632146394,0.05041448542014,0.0917675693995132,0.0211668627350687,0.0258250525609331,-0.0242822645559431,-0.0108128418152214,0.0608594488475242,0.0375231738969226,0.0343062415806016,-0.0005717258394325,0.0479583225136328,0.0553312291714422,0.0724994204777156,0.0417740298274382,0.0176385128864824,0.0164681641509139,0.0240756663800516,0.0,-0.0036664164298354,-0.0602904390542055,0.0173343142848563,0.0216937140746553,0.0079537327819407,0.1127629785195829,0.0459792993630574,-0.0092689196340818,0.0,0.0059305553046862,-0.0171055645952407,0.014294003868472
2020-05-15,-0.0085141124329368,0.0,0.032791962678333,-0.0030825657081154,0.0109592922177435,0.0454824892920131,-0.0187618164521139,-0.0348011583210527,-0.0430627351591546,-0.0472373338212834,0.0041863089496003,-0.0191415243307095,0.0166853814302756,0.0147507571789675,0.0572847735346595,-0.0442438226662783,0.0024008933556671,0.0115828744004264,0.0055271970608317,-0.0223467579010921,0.0129895521476139,-0.0607723386263272,-0.005655042412818,0.0,-0.0718947809167261,-0.0209942084942084,-0.0301161017943002,0.0013035786337254,-0.0517367793969387,-0.005622965374371,0.0120488679668235,-0.0022736035952187,0.0132818822018765,-0.0326459674010052,-0.0698408257165951,-0.0571567500663072,-0.0073431361142684,0.0,-0.0482956068268245,-0.0031806504604953,-0.0446005140643667,-0.0390895029312352,-0.0408027497505266,-0.0135889954147561,-0.0299124612899274,0.0036039635275562,0.0956455675956655,-0.0066665877534594,-0.0427558189870466,0.0096936687784847,0.0066617135129269,-0.0305290002136295,0.0005696214963368,-0.0143496243774796,-0.0163810829335161,-0.009529935911181,-0.0252402802546067,-0.0256753831723682,-0.0428468920516434,-0.0563566189370269,0.0310710788422008,-0.0409358916704142,0.0142196786264583,-0.0583095303909825,0.0084515444783241,0.0,-0.0099767903393991,-0.0527977991481818,-0.0037044416402854,0.0046600954613496,0.0541139162409614,-0.0559988742281013,-0.0088079380182138,-0.0008317816916455,0.0,-0.02906496522499,-0.0251665919617511,-0.0128530292339671
2020-05-18,0.0395129984707682,0.0,0.0333252113283226,0.0768243979184315,0.0232255229166136,0.0619637934026104,0.0478013818833376,0.0474375400384368,0.052607630381519,0.0402868982633937,-0.09937285892951,0.091996116648028,0.0839215144873763,0.0135040366241592,0.1497415365903101,0.069449653103319,0.1044950704617613,0.0188612974605737,0.0300384777055648,0.0581770965290093,0.0491326690631861,0.0507592885296412,0.1924170616113742,0.0,0.0695690249986731,0.0945895982252895,0.0877971512176245,0.0388033022328302,0.0577812142592502,0.0488095238095238,0.0476182236004207,0.0397787846481876,0.0790295222192154,0.0272964386298366,0.0824044519460551,0.0949411599231093,0.0341698484896295,0.0,0.0970147929427793,0.0323813531092762,0.0491455420408473,0.0353537360890301,0.0480869263668941,0.0881507775524004,-0.0796150007815412,0.0831823252072301,0.0936462172913397,0.0112459255763774,0.0783965863104556,0.0885854831046144,0.1382321477439525,0.0712716655534055,0.0971731448763251,0.0810353686734606,0.0999930318444708,0.2007793519832583,0.0628879966013895,0.0301445074475288,0.0600227600006471,0.1236056517582067,0.1096042780748662,0.068817974601107,0.0262981657633971,0.0846691997847393,-0.0280562219958151,0.0,0.0106073578777128,-0.085497018019049,0.0338268733658739,0.0881479815585291,0.0235287231863277,0.065678133302935,0.0864759606154519,0.0668041394585099,0.0,0.0340529411039465,0.0057628407126304,0.1104607360185454
2020-05-19,-0.0132173047109279,0.0,-0.0107380602564799,-0.0287037245161725,0.0514501977896115,-0.0302452662345914,-0.0270092998196257,-0.0338114023016624,-0.0294283909154392,-0.0008520730226579,0.04938768527929,0.0164080171957823,0.0137398503423022,0.0706947135344586,-0.0352497278140936,-0.028491901724856,-0.0085985173231125,-0.0280956977385548,-0.0245793571069814,0.0227456379253583,-0.0012417932414254,0.0555428614951063,-0.0158982511923687,0.0,-0.0103464959618893,-0.032258064516129,0.0423173971521626,-0.0115328953584944,-0.0227667285962295,-0.0068104426787741,-0.0229531917424008,-0.0289650752963793,-0.0250111629670861,-0.0357478071212009,-0.0016828778755597,0.0018412263423825,-0.0371251847105437,0.0,-0.0408163839443646,-0.0138827565125837,-0.0351415775787344,-0.0355477072496592,-0.0432337046432117,-0.0177087378640777,0.001998758940527,0.0163006236194427,0.0,0.0507626934229328,0.0245156018150147,0.0078436910278958,-0.0226073905694468,0.0144373236313146,-0.0061728395061728,0.0075456003802507,-0.0340808311161789,0.0799879807692307,0.0355015471892727,-0.0274704115427074,-0.0345473232184468,-0.0222505869931767,0.0465512588194472,-0.041970057946465,-0.0004289848767724,-0.0170793679431088,-0.0067403065825066,0.0,0.0083981630279108,0.0140831752776866,0.0,-0.0018962684330725,-0.0005203716940671,0.0033077980103841,-0.0142626344221739,0.0230201457596541,0.0,-0.0245436444062906,0.0081924244456093,-0.0147521876032914
2020-05-20,0.0167429272600083,0.0,-0.0082876473716057,-0.0088632787188744,-0.0285437732364015,-0.0019656663608964,0.0251348228043144,0.0187474943557064,0.0102896167374721,0.002131999175627,-0.0323536462578509,0.0354196884307493,0.0124542584769054,-0.0172266713541962,0.0065381276556859,0.0281543979967064,-0.0086730930640689,-0.0261944454297167,0.002059665947929,0.0145655927193983,0.0018650058137528,-0.0194461982502029,0.0686591276252019,0.0,0.0455542602133554,0.0012216404886562,0.0566599125519888,-0.0096348323086367,0.0217387916660174,0.0028571428571428,-0.0297746445537692,-0.0151917112123012,0.021625114493281,0.0455885545416985,0.0101606841836654,-0.0018378424584348,-0.0187509054034478,0.0,0.0794326428346741,-0.0046927335818902,0.0012165450121655,0.0062988835154338,-0.0041498559077809,0.0489839487625525,-0.009478425825125,0.0404972219606365,0.0159675643207528,-0.0286787684854283,0.0478474423290862,-0.0068018545880674,-0.0039656213427952,0.0482970566802902,0.0300477090647222,0.0331996697723788,0.0078698845750262,-0.0273959898354757,-0.0138955468258761,-0.0006810802249147,0.0104346726253214,0.0316050735732591,0.0065575219934865,0.0110539404308365,0.0102516985420342,-0.0243204796793978,-0.013594789042464,0.0,0.1009921852079056,-0.0361587529686652,-0.0007952542664316,0.010441525901921,0.0151558495056756,0.0211427587281538,0.0455325360444569,0.0011441767700626,0.0,0.0126936592818944,0.0195044680104958,-0.0038359671581177
2020-05-21,-0.0214186620949459,0.0,0.0621036478266496,0.0051075206051975,0.0770379263168479,0.0733230792316927,0.070608266791921,0.0613485496515227,0.0555021760018086,0.0263450887506824,-0.0364776882599517,0.0937914367594849,-0.0341730524617628,0.0389501759702035,0.0084066799515207,0.0547229840921557,0.0284534072249589,0.0415687774317508,0.0360343000289045,0.0339046602683819,0.0546739442688881,-0.0058318155895284,-0.0226757369614513,0.0,0.110002757562315,0.087966997850212,0.0983014240586175,0.0212555183572693,0.0015251807339169,0.0256410256410255,0.0270919222579621,0.0022850939501968,0.1190764223648255,0.0579804298468278,0.0109158271839311,0.0110901772715594,0.0291989997877777,0.0,-0.0735874010869985,0.0309104436293168,0.053332087110945,0.0366272113283296,0.057405148387901,0.051596125579467,-0.0392965968396874,0.065048185181699,-0.0042863477361186,0.024428466857197,0.1165352911128696,0.0283940800779747,0.0139349353769242,0.0523764333250722,0.0035306043975251,-0.0057074367901376,0.0583680374804789,0.0472194675413837,0.0061365573408251,0.0433229780849129,0.0137744351490622,0.0208411448568928,0.0280465844874535,0.0593204879000044,0.0329799200631835,0.0778214996786177,-0.0022893562192259,0.0,-0.0543732361099335,-0.0439740850232033,0.0306380720887378,0.0479127815234543,0.0365602790912624,0.0640345029756406,-0.0158473559164279,-0.0260937641984887,0.0,0.0027579630903671,-0.0053135971154758,0.0396905229293973
2020-05-22,-0.0117793504068601,0.0,-0.032430456428646,0.0766997113670284,-0.0437884754662322,0.0059593505880708,-0.0256325885953079,-0.016187418892152,0.0059009370816598,-0.0264979824221989,0.0141931502622647,-0.0197874607721409,-0.0195139970769157,-0.0299909363876188,-0.0151562211628922,0.0118995610476606,-0.0851191218660346,0.0251435965134678,-0.0159335379274001,-0.0392021480629074,0.0151117309305643,-0.0023501110288675,-0.0355761794276874,0.0,-0.0424704586204661,-0.0316688918558077,-0.030921772051864,-0.0147940326423813,-0.0182133828769835,0.0286111111111111,0.0037357111592919,0.0279335958654534,-0.0089718826137537,0.0067926009394427,-0.0373460950159775,-0.0292211917164273,-0.0052536499867762,0.0,0.0170215948561258,0.0116812822556959,0.0195747852630083,0.0060478293634516,0.0052545598464051,-0.0280625044799656,0.0068161889625693,-0.0833939509303384,-0.0114794656110834,-0.0109796396171664,-0.0500645878933583,0.0009602434279443,-0.0229032424732253,-0.0235034634869213,-0.0215619339556918,-0.0270937374433155,-0.0367660620965263,-0.0218167249417249,-0.0286822240488934,-0.0172223460066033,0.013587278068456,-0.0396222950016835,-0.002755556504929,-0.0226369828441124,0.0212865781608397,0.0422393856089367,-0.0279965407898529,0.0,0.0,0.0033779560835947,0.0003548072909418,-0.0183778234086242,-0.0198673336233144,-0.0212780411219468,-0.0502986560477849,-0.016820021819017,0.0,0.0038096040539483,-0.0053419822569875,-0.0518906524370493
2020-05-25,0.0451481222299976,0.0,0.0406239317777017,0.0468289841314362,0.0261336000047338,0.0597095305930996,0.1048786527984151,0.079908358789225,0.0709281775014372,0.0484906986152613,-0.0178785113071697,0.0900830814956663,-0.0037511466387104,0.0096622644464163,0.015389467333376,0.0715651405193151,0.1000190876121396,0.040892383527064,0.0676957001102536,0.0120641096367701,0.0640227541053988,0.0164709810249847,0.1307137129109863,0.0,0.1243203609701071,0.0970108096183544,0.0881678013996094,0.0503956011774626,0.0602760974096479,0.019713745611666,0.0604650062199145,0.0815300461147208,0.0721203094113545,0.0346393023094964,0.0655077479745143,0.0564062295511058,0.0035239352713476,0.0,0.0878659217554873,0.0185887173702066,0.0428887225635759,0.0480538567297208,0.0435591147447604,0.0384601202109222,-0.0171870641146894,0.080278869687755,0.0740314345780357,0.0477017104698378,0.0616176401152086,0.0095060113374447,0.1212343254268017,0.068431268748897,0.0420093274947488,0.0433850571321809,0.03816940065105,0.0773169006218117,0.0509186283883305,0.0132629138219759,0.0196229709563788,0.0775102385543322,0.01409074195057,0.0556672843819303,0.0685348714545792,0.1297327471914033,-0.0315550968599119,0.0,-0.0265018573075445,-0.0235690535301673,0.0078794917623494,0.0767104457095044,0.0288906393884593,0.0558978907183898,0.033910741895752,-0.0033835944942675,0.0,0.0183581946376323,0.0214826891723409,0.0762318332411788
2020-05-26,0.0211915947818905,0.0,0.0444148614304733,0.0240622423742786,-0.0294411911414047,0.0,-0.0225362444347092,-0.0451577352252375,-0.0433252475444387,0.0214994076831951,0.0158290912470184,-0.0201107095475548,-0.0240549828178694,-0.0334917097936625,0.0030294436717037,0.0438778251026437,0.0169058773952057,-0.0084880462745996,-0.0003245412167345,0.0020369228121011,0.0198214555908609,-0.0127369938504771,-0.0425531914893616,0.0,-0.0346640447070862,0.0,0.0123392240928579,0.0094455713969832,-0.0320674117853591,0.0063559322033899,-0.0197379116447941,-0.0056410194729434,-0.021717124766302,0.0043452366482727,-0.0331615703760574,-0.0320036339610175,0.0701728388409155,0.0,-0.0525640838713697,0.0069056499291519,-0.0346323958941835,-0.0343879203495789,-0.039653871470083,0.0092678076841132,-0.0010592266952819,-0.0549933403820012,-0.0081092417392925,0.0675500962587782,0.0272727272727273,-0.0131929703312435,-0.0244965606451569,-0.0379863909625421,0.0103180839796372,0.0097638210845758,-0.0146941284967722,-0.0062038813140476,-0.0196892019818292,0.0201018057554323,0.0051672640382318,-0.0371208423917063,0.0049074139266351,-0.0323286157458835,-0.0112524747482789,0.0050030265222171,0.0733245954652914,0.0,0.0174668754358495,0.00477534318982,-0.0014214346830062,0.0178136116160845,0.0182235785069606,0.0058869501070022,0.004080805008491,-0.0179642692333047,0.0,0.0084955314564274,0.062564547929772,0.0145273191290293
2020-05-27,0.0678286526062725,0.0,0.043933123655024,0.052125786163522,0.0568154811417165,0.0019344579419335,0.0035751138720672,0.0159568328716526,0.0171775953444872,0.004764713288845,0.0296198414311852,0.034137277421403,0.0115742300694117,0.029704241399785,0.0426925044653676,0.0439265562682644,0.1018696828608343,0.0652960716587613,0.0262078328365256,0.0374203707680194,0.0645202769535113,0.1078683252315029,0.1296296296296295,0.0,0.0835931653778996,0.0288069981398622,0.0335450883173225,-0.000476192743775,0.094885436188864,0.0281578947368421,0.0496652239373829,0.0366206212502417,0.0622845407848127,0.0108251695781875,0.1096162362750636,0.1176144362441875,0.0163939241356159,0.0,0.0419483074968749,0.0127298901703249,0.0213001383125863,0.0383577558745267,0.0312944047877763,0.091756675931464,0.040321015718127,0.0429913399784951,0.0490375730238532,0.0446648775719933,0.0006754065427843,0.0983754174014184,0.0177632896617929,0.0348967632651191,0.0048696357918229,0.0132161057288457,0.0633969799076499,0.0329867148918412,0.0160213199561058,0.0261213746622666,0.0952812527857842,0.0445727801926061,0.0601918347614676,0.0302266103610302,0.0360419361938557,0.0695953586705344,-0.0018944797598804,0.0,-0.0010151496537499,0.0139918914751648,0.0096048867452562,0.054996046065608,-0.016933715992248,0.0122786253167681,0.1632756096329581,0.0292686201456717,0.0,-0.0022650717759212,0.0039596196114382,0.077698043139047
2020-05-28,-0.041855562491685,0.0,-0.0179024483064822,-0.0083735832815264,-0.0070641281156796,-0.0137359490812702,-0.0035623779651863,-0.0089749779885823,-0.0225166780748444,0.0122543200105527,-0.012113254486939,-0.0255433261401496,-0.0093766134270438,0.0288421577591222,0.0507232965623507,-0.0292786844838817,-0.0132073802044158,-0.0246974868135276,-0.0053780449224928,-0.0164484124246229,-0.0184161378144076,0.0169338827808271,-0.0334426229508196,0.0,0.0,-0.021989835809226,-0.0103273950811617,0.015126322659946,-0.0398939841528396,-0.0104939851548503,-0.0006381818632432,-0.009953383625342,-0.0374417922760772,-0.0209874769532839,0.0203685608510755,0.0197343308649515,0.0080668133610208,0.0,0.0558441985663999,0.0149896182718414,-0.0120869447453954,-0.0228736938985435,-0.0177011233405197,-0.0252006058457671,-0.0061221770701485,-0.0191033111245007,-0.0324574499850702,-0.031324223298793,0.0054428714824685,-0.0156447480785655,-0.05235300105181,-0.05501487486314,-0.0043580683156655,-0.0080325724497504,-0.0386104917263231,-0.0174901102600791,0.0164413997407888,-0.0222403591103855,-0.0119417427438425,0.0034554250172771,-0.0455233349634545,-0.025864258827333,0.0018290439747767,-0.0102507527178284,-0.0380301176578203,0.0,-0.0116181229773462,-0.0013029568473811,0.0042297478577491,-0.0071079328838822,0.0088604731331063,0.0046194677569757,0.0526452844928604,-0.0108592858307516,0.0,-0.0109122398469362,0.0024643142000604,-0.0528268153009807
2020-05-29,-0.0265201277409294,0.0,-0.0004682328247356,0.0073929754676671,-0.0341818881855345,-0.0087014225872009,0.0016259993120772,0.0073558211293573,-0.0078596139173695,-0.0128878406025618,0.0260525447949873,-0.015131018123865,0.0441324815063886,-0.05607226530942,-0.043449230718815,0.0179193267556587,0.00573926689833,-0.0161687981166889,0.0067661346287299,0.0102768073852714,-0.0156946640035591,0.0738753814351806,-0.0230664857530529,0.0,-0.0314313392608791,-0.0214849605276306,-0.0201213508486984,0.0033134028553458,0.0243558776167471,-0.0121572684945679,0.013007384077424,0.0075371406009676,-0.0165887910782972,0.0214373937607768,-0.0073913219406266,-0.0048287478944413,0.0310384509851298,0.0,0.0209102834009127,-0.0090482072747586,-0.0155419993831179,-0.0125956912393458,-0.0115843495767256,0.0301497570167608,0.0112875441548083,-0.0122959259758981,-0.0577261364688455,-0.0137934830323377,-0.0054134070038642,-0.0150258527952249,-0.0368206229860366,-0.0286378026016279,0.0136215375775297,0.0288245454376614,-0.0364990234375,0.0598807524928897,0.0336502847705439,-0.0002732729151762,-0.027622691244577,0.0115028427407537,0.0310843698828839,0.0106974373562809,0.0040186190845616,0.0231637368506605,-0.0154164338947593,0.0,-0.006646802658721,-0.0130346256500891,0.0014039774818368,-0.001987114128902,-0.0190228562581086,-0.015522584146115,0.0249855693906162,0.0580941286796488,0.0,-1.1831239204007638e-05,0.0282699472682077,-0.0010527037546433
2020-06-01,0.0096221363995434,0.0,0.0264594708105838,0.0244480401355724,0.0166288538314074,-0.0004434923769517,0.0311248009823406,0.0320249599332378,0.0448555205579024,0.0146336633663366,-0.0231509437637571,0.0266250199922855,0.0156026084856293,0.0405952616572966,0.0064920326999746,0.0092473807996578,0.0703283475624705,-0.0164264407492139,-0.0031880062036877,0.0370576104541762,-0.0051931565736706,0.0029026689276929,0.0763888888888888,0.0,0.0076647323285337,0.0397263071895426,0.0030402445936892,-0.019332959116849,0.0363669539342559,0.0002618486514796,-0.0147376538487432,-0.0099723931403973,0.0325087151917342,0.0274046404712304,0.0066990066990066,0.0064695704506132,0.0217270416269463,0.0,0.0012045303795142,0.0096151555813159,0.0260047692816487,0.0285054289374995,0.027580680167621,0.0774044478675266,-0.0030422535211267,0.0632946885953087,-0.0028494227462538,-0.0101008382314107,-0.0074850299401196,0.0538096580232994,0.0408674576976835,0.0768498605413283,0.0052853593877653,-0.0004874086108854,0.0303433422019512,0.0100063044567659,-0.0088759134378156,0.0028279053123867,0.0039956701807226,0.0170363180692172,-0.0226096065646425,0.0407888024299714,0.0211150432448861,-0.0031320570579089,0.039742134872154,0.0,0.02315907442811,0.0155843527290766,0.0122641766259221,0.0243101896733861,0.0164092348888091,0.0040832608064984,0.0065164923572003,0.0079246106069996,0.0,0.017942286532341,0.0078870834333892,0.0470541684162926
2020-06-02,0.0293628628247901,0.0,0.0217644466826136,0.0156823162725059,0.0981296150530381,0.0204264438733225,0.0320725012110447,0.0379872456949625,0.0449463124464384,0.0335291477195105,-0.0152846047239697,0.1041046178095874,-0.0058661255033769,0.0142701457857832,0.0522905294150182,0.0211147008456473,0.136766911029657,0.008827082871021,0.0252398651568848,0.023574546720587,0.0121902883713735,0.0386460919767848,0.2000000000000001,0.0,0.0655784425488423,0.0773990767115213,-0.0121241180902802,0.0120202053928746,0.112003467096442,-0.0178010471204188,0.0021368715951375,0.0125954852392964,0.0947402676646462,0.0675289867738739,0.0621304969899847,0.0435010090440239,0.0358434086226333,0.0,0.0348980646814789,0.0123783010113402,0.0518279752311476,0.0527665378495112,0.0672066158670328,0.0582611026717898,0.0030515370705244,0.0278110229831429,0.061437650884367,-0.0298272259552282,-0.0061639595811646,0.0255421579334478,0.0544694832327417,0.019300051466804,0.0434371579261618,0.0526296777922263,0.0771595450353519,0.0734955185659411,0.0209038376055712,0.0329867478119516,0.0013265894463481,0.0837974503240508,0.017014537759701,0.0599065878654367,0.0385015083793245,0.0086857533154989,-0.0177530594710076,0.0,0.0030154056300457,-0.0007803657592183,0.0027633224414054,0.0249046129556613,0.0151644150294774,0.1018036303749556,0.1179162337143313,0.0,0.0,0.0109080342873746,0.0061681659104264,0.1250819431911956
2020-06-03,0.0215892655426874,0.0,0.0913025397754401,-0.0080559453428721,-0.0055322020369636,0.0507986512761193,0.0588074237772084,0.0451487252124644,0.0445085533996507,0.0520548117655204,-0.0333927341946458,0.074783575833534,-0.0042102577188058,0.0300190565004967,-0.04867319254578,0.0116703262504538,0.0593774618470952,0.0031202900321805,0.0179018070426888,0.0276104319158538,-0.0172104217603911,-0.0139475536782822,0.0655913978494622,0.0,0.1478017873447139,0.085832801531589,0.0874878657606434,0.0190086111412237,0.0339800504220102,0.0527718550106608,0.0113031296683134,0.0348251740091831,0.081659668549346,0.0093712476803842,0.0682433376965014,0.0725234582049996,0.0023456558453742,0.0,0.250000150272986,-0.0390423515520617,0.0283064516129032,0.0320181727098412,0.0265279247322467,0.0421908863182187,-0.0116652858326429,0.048659903686745,0.1197858645872014,0.0093851364327977,0.0448277072075231,0.0871275509095255,0.0558554775081114,0.0374246731721237,0.0091396054869423,0.0032771696235545,0.0,-0.0330391221374046,0.0910990873836006,-0.0123492328506865,0.022077411381383,0.0103170013668383,0.0724184869805477,0.0447944462753686,0.0274655344946517,0.0040289815817984,-0.0176956629667718,0.0,-0.0170487759441385,-0.0075474397725037,-0.0172583727245299,0.0588437472824623,0.0351821082891576,-0.0094993345876738,-0.0028778264366788,0.0044927456583863,0.0,-0.0244895143487857,0.0042412570117555,0.0473912045050264
2020-06-04,0.0098069609788358,0.0,0.017528755909957,-0.0077827869612808,-0.0295231205479018,0.0155677870164343,0.0054673069818989,0.004014907674064,0.0143548625480343,0.0057376705895022,0.0730940858525548,0.0126031924998648,0.0383728379244074,-0.0209466075549497,-0.0261172620439041,-0.0071094097139146,-0.0058972053126729,-0.0015593528685595,-0.0020982882385423,-0.0128327540770728,-0.0155876464986104,-0.0103818065533294,-0.0010090817356205,0.0,0.0028685066891647,0.0171697241929391,-0.0423447836136128,-0.0044310823311748,0.0481289091487333,-0.0032911392405063,-0.008433930634598,-0.0096184204591583,-0.0092795767722875,-0.0251436975835014,0.0013086046705288,0.0129562226600328,0.0128727885425443,0.0,-0.0279070125301207,-0.0039125022230125,0.0111991216375186,0.0285726241787671,0.0289345672420953,0.0545803175974939,0.0118029708614157,0.0086009767848909,-0.0252438721087683,-0.0302983071029778,-0.0303605313092978,0.0,-0.0227551210249106,-0.0241925671207512,0.0045362903225807,-0.0018641082208882,0.0204908675799087,0.0443289749599111,-0.0141744349380666,-0.0015204507918001,-0.0341275512073576,0.0,-0.0248632270541139,0.0357257330083997,0.0020046143954006,-0.0226156353622211,-0.0016004813477739,0.0,0.0071429971833194,0.0451064136526642,-0.0073752652298203,-0.0268912032601086,0.0097729994140276,-0.0069297363126126,-0.0029040585114011,0.0372720931186825,0.0,0.0082973858520141,0.0281696044937227,-0.0008540855394482
2020-06-05,0.0500731704821064,0.0,0.0548150408477468,0.0098912708132716,0.0163124503498635,-0.0102860569346319,0.0074399294584466,0.0230144937317562,0.0182679173117201,0.0156870910172517,-0.026199679825075,-0.0001601549689984,-0.0201122832994015,0.0139515715621136,0.0007331762241424,0.0196908671554958,0.0237461510359584,0.0109243834190146,-0.0071104471004869,-0.0030242065487935,-0.0224190013623171,0.0133463590591418,0.0560606060606059,0.0,-0.0128833765984039,0.0033842344201402,0.0309511722163502,-0.0004692392748627,0.0123169594192147,-0.0088900177800353,0.0072291986685169,-0.0019412280402135,-0.0220270809133306,0.0234126697987098,-0.0123679739571577,0.0042525135981539,-0.0034674858509573,0.0,0.0287081718414159,0.0044229114930773,0.0120988382013058,0.0210335315991181,0.0221248504590727,0.0100130605137134,-0.0309461474730737,0.0318651004686776,-0.0061661020312699,-0.017192918944358,-0.0061306132345045,0.0496181680060772,0.0180463467471934,0.0043480146596406,0.0311402408429504,0.0312692755808374,-0.0033558923877173,0.0987583233674387,0.0130181347150259,-0.0071516490145806,0.0335408792803386,0.092854448245808,0.0209978585478822,0.0226648655286747,-0.0156698248527857,-0.0113739606454061,-0.0340617353887691,0.0,0.0344494192459932,-0.0388948282006185,0.0159254931610419,0.0456914810245114,-0.0428766784577111,0.00268593251178,0.0029125166301104,-0.0188663695342581,0.0,0.011396843950906,0.0120986647640404,0.0982644950201259
2020-06-08,0.0391482311665529,0.0,-0.0011177004299859,0.0705834976532342,0.0260300668151447,0.0539998912545343,0.0338068233620831,0.0479210304959507,0.0524701294984617,-0.0031569021360337,0.0030773857257417,0.0959481930100227,-0.0110967701315872,0.0211003717472118,0.0113820712753152,0.0535093345937005,0.0,0.0250002011602925,0.0387326887173629,0.0011577292983127,0.0617003443505306,0.1712175370422555,0.1018651362984217,0.0,0.071077237752021,0.0403915761763737,0.030021957441312,0.025304335296387,0.1836277045704328,0.0189646335212709,0.0582654163393558,0.0481516760684688,0.039351338893961,0.0104710906844145,0.0217495909922049,0.0226168592436974,0.0029008624687005,0.0,0.0930230545180708,0.0068435043266783,0.0358626185841928,0.0225367377514265,0.0403516936006993,0.0363843813387425,0.0261753963585624,0.0050031797316971,0.0198539479689641,0.0492852533217818,0.0232884350659534,0.0829174920006095,0.0291593316954585,-0.0103911386528767,0.0218819378972658,0.0194553822126966,0.1644312250968067,0.0024187046492878,-0.0023016431174478,-0.003155671633746,0.0458683184216561,0.0364118984418708,0.0577879432085643,0.0385515084850784,0.0365841382450926,0.0366083476804244,-0.0053904992450803,0.0,0.0161586761929255,-0.0036539784110276,0.0080104460546523,0.0310081094584726,0.0130063898437335,0.0240886974555316,0.0797002724795639,0.0031146995675708,0.0,0.0187749205431955,0.0331631368520699,-0.0365667457922297
2020-06-09,-0.0191790071933,0.0,-0.0248933705439418,0.0053612116338292,-0.0126848460181793,-0.012565128635965,-0.0164829350030866,-0.0102696875024591,-0.0221612297443131,-0.027468007849681,-0.0352463849221021,-0.0066675482492466,0.0134655482515479,-0.0287514501934399,-0.0199639527764123,0.0033326924309426,0.0072389885807502,0.0072221437206601,-0.0018778335166457,-0.0111116853584164,-0.0080561553021295,-0.032127344333709,0.0438368055555555,0.0,-0.0325020271140714,0.0032418755436072,-0.0298444296406598,-0.0091393340435659,-0.036447195648096,-0.0015090543259556,-0.0127669075261833,0.0102088015541756,-0.0393538950932357,-0.0180379746835441,-0.0348379956673261,-0.027637787692999,0.0115587907840373,0.0,0.125106302477568,0.0087470107692555,-0.0038467798014469,-0.0102640438930108,-0.0197423263820645,0.0095657492354739,0.0040857677977512,-0.0084390716421403,-0.0121671514880287,0.0,-0.0307873070471942,-0.0288792155828165,-0.0472240148871248,0.0472647535305381,-0.0282733887888573,-0.0359517601043024,-0.0345558822111908,-0.0578150134048257,0.010183701804977,-0.0018089493838265,0.0057952067805235,-0.0450442172964282,-0.006944382138403,-0.013611451564415,0.0,0.0067331754777748,-0.0229459659511472,0.0,-0.0448161980308035,0.0002610981729131,-0.0044902041062883,-0.0051293903630088,0.0038044581379492,0.0073149518394475,-0.0201394653826996,0.0038318796307461,0.0,-0.0006125956471675,0.0002193196217954,-0.0137276751168478
2020-06-10,-0.0251381690921955,0.0,-0.0285799144087589,-0.0558506177670934,-0.0389715403112861,-0.0064632653670476,-0.0441531191434797,-0.0400737866547928,-0.0466217684119052,-0.0278752801725438,0.0142945929148539,-0.0379686525647583,-0.0094074411445981,-0.0212760640530977,-0.0081482524374361,-0.0448259342063237,-0.0417214967776764,-0.0116596262061011,-0.0199424839411938,-0.0332719243231942,-0.0224662000191774,-0.047311265209996,-0.0444906444906445,0.0,-0.02519738078827,-0.0483921815889027,-0.0243159620961813,0.0094569678225182,-0.0950610314014835,-0.0025188916876575,-0.0254616371929639,-0.0110213909792661,-0.0031116279895598,-0.0082041982335302,-0.0414506507922953,-0.0370064703552092,-0.0182827389005492,0.0,-0.0196671490649931,-0.0077006300515496,-0.0318584859421645,-0.0357100673254852,-0.0435293629613242,-0.0600494353705228,0.0005044939792626,-0.0419042146173271,-0.0024634028937904,0.0355886102966782,-0.0089779066192295,-0.0705417862737819,-0.0157433712121212,-0.0514026479994167,-0.0295248158527434,-0.0147411840281299,-0.0537140575079873,-0.0647772703344856,-0.0159805885804605,0.0104153842365746,-0.0057618158661479,-0.0613243854332034,-0.0419576628750577,-0.0489187516410969,-0.0156857667389606,-0.0144686827702288,-0.0093990755007704,0.0,-0.0161501922641936,-0.0010471204188481,0.0062431736357384,-0.0415651861122142,0.018001389508176,-0.0337317568220625,-0.0561533117576291,-0.0143647478077493,0.0,0.0186445391648837,-0.017902302351078,-0.0474900748505342
2020-06-12,-0.0279344403793904,0.0,-0.0780754905775751,-0.0049830557883613,-0.0260694782804759,-0.0175403013776836,-0.0251320393632091,-0.0230849512954741,-0.011430133989609,-0.0160152632854595,0.0234987745098038,-0.0012672609683621,-0.0111773472429209,-0.0255174209889341,-0.0776717117053177,-0.0416966211358733,-0.0465484762592208,-0.022679599400678,-0.0110516934046346,-0.0073929408902615,-0.0091910502516011,-0.0531353860521328,-0.0944299390774587,0.0,-0.0263308022980192,-0.0127132681795593,-0.0102668554443313,-0.0233053536140975,-0.0546532140091212,0.0219696969696969,0.0111963689406999,0.0032517579646282,-0.0377098889942694,-0.0185212722015695,-0.0320696369258961,-0.0383942957046381,-0.0282328051787457,0.0,-0.1134258585238117,-0.0184469599794766,-0.023916912125675,-0.0254858729381023,-0.0199288719260961,0.0,-0.0228500152598823,-0.0209577624850054,-0.03827703661652,-0.0100624206352166,0.0006914096779626,-0.042409953137635,-0.0314024186543729,-0.0308359643102263,-0.035425181070803,-0.0373871864383514,-0.0189385946402195,-0.063178872425229,-0.0266836427711879,-0.0295691587874061,-0.0041369265662631,-0.0602954554190316,-0.0197097294391686,-0.0135181104225519,0.0132766437246014,-0.0099080451969733,-0.0275833462954322,0.0,-0.0307680180771958,-0.0293741327422465,-0.0158662092624356,-0.0050158529100156,0.0027909914131176,-0.0338356895172046,-0.069673087625442,-0.0147602975080148,0.0,0.0048307294568632,-0.0164474500250557,-0.042121494680448
2020-06-15,-0.0103223853488725,0.0,-0.007657752720914,-0.0360723277637903,0.0130406181800728,-0.0068202497190087,-0.0084008545199097,-0.0170932924089164,-0.0221841115290992,-0.0026526539170855,0.0022949282086588,-0.0349157733537518,0.003671695874553,-0.0135827700047161,-0.0080942258303434,-0.0253842530400042,0.0062965082999426,-0.0219794406700339,-0.0150574011424768,0.0161214555604725,0.035145035145035,-0.0239176154906084,-0.0172993753003363,0.0,0.0201604251596823,-0.0025586175076548,-0.0111095309402109,0.0028075027610978,-0.0272167669848782,0.0039535458364221,-0.0049207347422948,-0.0055594766273956,0.0135113875084447,-0.0052185038044576,-0.0237841675541355,-0.0138319489501264,-0.0122766402710595,0.0,-0.099216763043489,-0.0004982235471883,-0.0234970530451865,-0.0273841744945071,-0.023409669211196,-0.0016757760131999,0.0020777033908663,-0.0197748765883903,-0.0808700913477856,0.0297113106795119,-0.0097439122693571,0.0077730750447664,0.031806580671863,-0.0145431677704819,0.0037625965187801,0.0048660499438533,-0.0450072592353605,0.0862603725174973,0.0151012545742561,0.0043392445495773,-0.0224357280047928,0.0117666307623087,0.010178068091083,-0.0207199508238504,0.0068805318966436,0.0192718507602498,0.006198347107438,0.0,0.0121719800477118,0.039988736438858,-0.0049087690631808,-0.0140507492947121,-0.0176338537487176,-0.0072263710779508,-0.007795916792096,0.0089888567040172,0.0,-0.0310297599574146,0.0004540043180856,-0.0170473894035133
2020-06-16,-0.0126526783711586,0.0,-0.0064256418046483,-0.0013867122572066,-0.0289086450030654,-0.0002001616690403,0.0130040273666842,0.032736683200345,0.0416030174446016,-0.0075865038755762,0.0633542722322326,0.0343730637288237,0.0236429278890699,0.017700995548189,0.023263819862977,0.0344228841472145,-0.0375610114132628,-0.0136044880785414,0.0143022044539542,0.013165564511266,-0.0063791124713082,0.0650410128388017,-0.0332518337408312,0.0,0.0091570202473689,0.0240958788898233,-0.0187295383600232,-0.0027996427563293,0.0547751330487162,-0.010337189269013,-0.0109204835443948,-0.0055850976709651,0.0242656391245192,0.008878509944608,0.0922558922558922,0.0732024726168527,-0.0245635411856467,0.0,-0.0135268233966147,0.0019775442495955,0.0209238693062931,0.021013000663387,0.0286834175408388,-0.0016785889523022,-0.008815318733738,-0.0087826636141153,0.0125716487645104,0.0022779664443903,-0.0168797130359331,-0.0092577635989178,-0.0011833053663232,-0.0119925032482092,0.0412823103751751,0.0323719313182915,-0.0067567567567567,-0.0110474937586892,-0.0225052062660062,0.002115243252974,0.0059528369481458,-0.0052825917041748,-0.0130245285234952,0.0365193339151115,-0.0061796329979508,-0.0096274544965481,-0.0096840431873882,0.0,-0.0031403165760505,-0.0101312449976047,-0.0017583590473388,0.0157095604351811,-0.0066124846191227,-0.0201544782708446,0.0298728071881442,0.0280238248485404,0.0,0.0177685453827534,0.0110676361142765,-0.0258675895759773
2020-06-17,0.0384651129170494,0.0,0.0440166954607303,0.0999296169832317,0.0265119229036265,0.0343422987779993,0.0298510322364324,0.0133728700300701,0.0158878166247216,0.0359444593335629,-0.0366147076721433,0.0184380273356172,0.021723524454571,0.024153051104035,0.0175510919679113,0.0539567722844238,0.0455282072791749,0.02534271208839,0.019124545479779,0.031319022867648,0.0376444996294265,-0.0123896027792892,-0.015174506828528,0.0,0.0673330501070115,0.0714080400771979,-0.0015259278417174,0.0411705198288583,-0.0110448224622412,0.0231285749813479,0.022917915826323,0.0341764437831813,0.0153644544883195,0.0476025405913136,-0.0054007398273735,-0.0057935866343303,0.0484944444223431,0.0,-0.0127326036777114,0.0123474913551249,0.0174050134005991,0.0090540882625937,0.0126056281156163,0.0708262196699258,0.0230238647006146,0.039271515706615,0.0303491580249262,0.0180296876026488,0.005723176590479,0.0280124318540786,0.0160236673716902,0.0546213108649102,0.0022538385688124,0.003264548719094,0.0339002267573695,0.0060313813223691,0.0168155573108457,0.0216516966067865,0.0181649584288989,0.0297504538434443,0.0164319852822931,0.0200830104329243,0.0478030608415229,0.038918123691507,0.0515959012226772,0.0,0.0293661295414398,0.0209959000132258,0.0141122123068908,0.0431667660629648,0.0532572094741936,0.0342840925216403,0.0335951958303433,0.014625404144803,0.0,0.0054764635764568,0.031278519456815,0.0712250916941779
2020-06-18,-0.0065429668078673,0.0,-0.0305919222095304,-0.0255522264160733,-0.0043026685491424,-0.0164074771642757,-0.0029022985832689,-0.0004863131691956,-0.0035734336152276,0.0269484499251602,0.0029833631345719,0.0911666606893089,-0.0008095310829387,-0.0264122285254106,0.003920929474493,-0.0307199737295786,-0.015554623534346,-0.008450865071661,-0.0023967752478484,0.0254882850071176,-0.0043504879225261,0.0439076075439712,-0.0138674884437596,0.0,0.0,0.0502069599877357,-0.0061130394239237,-0.020444274087874,-0.0089367809647687,0.00753524550316,-0.0305515260960953,-0.0162978849910812,-0.0002590036699501,-0.0072583658002881,0.0393989734943343,0.0248339883453043,0.0177872886146934,0.0,0.0069448326332259,-0.0009747845001208,0.0322310719930578,0.0256892702139936,0.0392311819381407,-0.0015702000193255,0.0271097419997192,-0.0082957607959842,0.0013388734995383,0.0373567020765528,0.0391195389612151,0.0121129217715394,-0.0198619217644502,-0.0345282300557815,0.0157257749668149,0.0074669041461867,-0.0196841758964798,0.0552041230297657,0.0435127491151388,-0.0202990148432883,-0.0265567322372155,0.0288909354032362,0.0093061668781464,-0.0087168051895397,0.000627929601132,0.0213825105659883,0.0236862525600742,0.0,-0.0015269068391071,0.0167103856990187,0.0045282202742613,-0.0155186291250741,0.0266385342135431,0.0408857668139286,0.0044214641989293,-0.0005354455135215,0.0,0.019381969064901,-0.0006528267397832,-0.0055399432591768
2020-06-19,0.0117007647035272,0.0,0.0588546308745108,-0.003234522874599,0.0143340090861612,0.0127076631977294,-0.0133689091231375,-0.022496742590424,0.0026919224440151,0.0348664243471166,0.0133706678551703,0.0300410846343466,-0.0288151397954659,-0.0155066356045338,0.0035113434483524,0.0017616966493885,-0.0031489645463639,0.0154662498457489,0.0164355138145682,-0.0148003176409532,0.0094004751479015,-0.0377708307958806,0.0333333333333334,0.0,0.0187904140349823,0.057514050069338,0.0184606029015723,-0.0080307945709099,-0.0124002941675623,0.0,0.0262619476593275,0.0193310235404591,-0.0038465422834235,-0.0342293425084672,0.0098043893129771,0.0056861383847399,0.0011668350438216,0.0,0.0236452504506028,-0.0043948423098324,0.0156123337436573,0.0493008845950022,0.0195971730955719,0.0883356318501851,0.0214107268326957,0.0202141840591936,-0.0574945825072618,0.0243905044428343,0.0266940630523171,0.0172076077801501,0.0566193718368361,0.0100865788496158,-0.0141600811783155,-0.0060176449589474,-0.0066558532356395,-0.0014239537499822,0.0267940928225802,0.0470229281644007,0.0157739400047909,-0.0140398434902693,0.0167446264202051,0.0205180640763462,0.0149901450402596,-0.0024208943444922,-0.0239583462776334,0.0,0.009181986315246,-0.0012654012654013,0.0034582287678883,0.0024527408041321,-0.0065987380094048,-0.0095563229905358,0.0264665757162347,-0.017803301287391,0.0,0.0091117547670769,0.0017371696232422,0.0334315755397138
2020-06-22,0.0195098786073983,0.0,0.0020116131425391,-0.0029245232626462,0.0383583713263078,-0.0131311470509102,-0.0206229433790989,-0.0175055258406872,-0.0348832023689538,0.0013910221114556,-0.0483884846688529,0.0554197645106737,0.0002833217905937,0.0757871451133458,-0.0338488703176421,0.0175690757211943,0.0475323323918539,-0.0180256815327904,-0.0086220789685736,-0.003547809751082,0.0387561840064978,-0.0080307164355433,-0.0120967741935482,0.0,0.0039511997346208,-0.0091793774587618,-0.0173753571885528,0.0106369315732017,-0.0353881932431348,0.0178528347406512,-0.0053232957419584,0.0013500635324013,-0.0175085184319913,-0.0123467098634515,-0.0148827100706339,-0.0099273528154893,0.0145479594876376,0.0,0.1645811649090405,0.0078484416510076,-0.0249800455257633,-0.0409239949651132,-0.0309690309690309,-0.0043572984749454,-0.0073121484850221,-0.0220891772815068,0.0397221406907346,-0.0070025854850926,-0.0206660278317205,-0.0279406525904316,0.0028179406769417,-0.0013635077793493,-0.018402707381357,-0.024216304961264,0.0336711711711712,-0.0148017168850799,-0.0112119757788649,-0.0555912672904316,-0.0184657005174845,0.0111920942055299,-0.015753494352608,-0.017552983386929,0.018151815181518,0.0440453282018389,-0.0148195302056145,0.0,-0.0166815609174858,-0.0129106892272723,-0.0041369137416608,0.0594001295781088,0.0022141901974843,-0.0171477622070507,-0.0028530923267765,-0.0030797577434621,0.0,-0.0227666849684429,-0.0132018143437494,-0.0011355478692162
2020-06-23,-0.0127609195625381,0.0,0.0108494461371984,-0.0159601776825374,0.0298100813632338,0.0387437806235657,0.0087279748974173,0.0005066160623052,-0.0013954863870765,-0.0027781797135001,-0.0030744499145985,0.0325011035258404,0.0207867820613689,0.0164701811621068,0.0028178986800369,-0.0155374977150738,0.0605243551992051,-0.0332233314082996,-0.0227857704083015,-0.0217639153391974,-0.0326630710039719,0.0233797904467538,0.0030612244897958,0.0,0.0266904567849564,0.0356297018668152,-0.0007639021510791,-0.0107519073402532,0.0082779097387173,-0.0109030575965869,-0.013377966441407,-0.0013482433182645,0.0332811399396111,0.0141130054952796,0.019052300904055,0.0243367973704307,0.0057328043396081,0.0,-0.0495868545363119,-0.0058425015871996,-0.0088684737129344,-0.0086928342852513,-0.0132255331167914,0.0145581208413343,-0.0191529088680856,-0.0249182676946809,0.0313823280323704,-0.0091682990093518,-0.0027276033458601,0.0204237279741683,0.0269965112591181,-0.0040904429802445,0.0292655026135586,0.033405191299928,-0.0130733195337182,0.0306416361504724,0.0109673355157851,0.0127004134314812,0.0175301802884069,-0.0040271382950072,0.0126096491228069,-0.0204598985018089,-0.0163186411395679,-0.0249129633422076,0.0004264612760238,0.0,-0.0133688078711325,-0.0243644534519978,-0.01005197673166,0.0191275505799062,0.0088371935625781,0.0065468332148539,0.1034495015017149,0.0107257120171344,0.0,-0.0110477567935918,0.011400794971706,0.0525559272423163
2020-06-24,-0.017948768356695,0.0,-0.0083525832441263,-0.0258188912076945,-0.0467783271635299,0.0070718779845877,-0.0390700523550188,-0.0218850306390427,-0.0324834574984962,-0.0132157056211731,0.0162259130855437,-0.0224299284350585,-0.0078771716175178,-0.0513039968488161,-0.044578025857545,-0.0315823233516762,-0.0356605225303583,-0.0091651519418344,-0.024786514361761,0.0004362376779134,0.0064482350023422,-0.0263646439456912,-0.0457782299084434,0.0,-0.0353653826899146,-0.0124096182949386,-0.0238467552775605,-0.0198886054577819,-0.0504729260162314,0.0076683441169422,-0.00563053161072,0.0013500635324013,-0.0192742730355568,-0.0234592533721634,0.0148250991281428,0.0041812524309607,-0.0191038174791718,0.0,-0.0382606928873212,-0.0058687533345188,-0.028816592483825,-0.0215181183700823,-0.0379757704995455,0.0114661736872221,0.0255387071029529,-0.0179292494671202,-0.0277815793075132,-0.0064052488876226,-0.0170615866841478,-0.0326140764683614,-0.0230010005805838,-0.0232781718784667,-0.0266582282388898,-0.0300188253650595,-0.0263826029363064,-0.058337780524113,-0.0284948158741509,-0.011440861499858,-0.0302551034046457,-0.0393911688579264,-0.0166478459277591,-0.0467521392946029,-0.0104422524312364,0.0233337183781909,0.0038623504792414,0.0,-0.0098988092059593,0.0147218208092485,-0.0129560988880198,-0.0171518533814813,-0.0188277802004014,0.0016210180800688,-0.045578998228378,-0.0035978109465872,0.0,-0.0121836662372946,-0.0015149095168262,-0.0518218497827436
2020-06-25,0.0365536293389918,0.0,-0.0176412936948709,0.0387325419482231,0.0541361142795067,0.0446381386055467,0.0245126846419714,0.0213305489260142,0.0239896695203023,0.0222094131209638,-0.0152131225578673,0.002605976372481,0.0120416407706649,0.0037931794532695,-0.0168126391898773,0.0135782886824353,-0.0074062510840531,0.0046249644730382,0.0131062716779439,0.0199150032866264,-0.0281192673110094,0.0045249512642826,-0.0255863539445628,0.0,0.022523557802804,0.0432132398011306,0.0575268099497174,0.0094369210172775,0.0074182503845583,0.0439952437574315,0.0226557545006587,0.0184894387606737,0.0118963288292277,0.0154745373005213,-0.0050782019918608,-0.0055517898066556,0.0226753573368454,0.0,0.0171791109862646,0.0073833143600585,0.0194346011496968,0.0057045494408205,0.0119979172865218,-0.0070715202680651,-0.0058620909612807,-0.0058473619466491,-0.025853978978979,-0.0015761835651488,0.0902779004646394,0.0045954867904838,0.0039258575564855,-0.0046710737062813,0.0209972088302461,0.022380361233018,0.0101473922902495,0.0553898466861539,0.0189210928915781,0.0193542538564974,0.0143016626314507,0.0231373495267968,0.0114678899082567,0.0170435632853458,-0.0111806699615596,-0.0133197877864318,0.0064210621131599,0.0,0.0289483796592802,-0.0134727785195073,0.003899951767381,0.0220626791268307,0.0294502617801046,-0.009730513789931,-0.0054505568680391,0.0110146022155086,0.0,0.0189165950128977,0.0688366456616578,-0.0108149510806767
2020-06-26,-0.0162224797219002,0.0,-0.0652969158919044,-0.0094868323126171,-0.0336103711413509,-0.0281845335033507,-0.0360496995858369,-0.0280157046022732,-0.0309192642896508,-0.0396561446309998,-0.0123464249748237,-0.055007498849778,-0.0146004452291393,-0.0217385753752036,-0.0205232124083922,-0.052725709372313,-0.0521606933789994,-0.0147969068806473,-0.0177073102287077,-0.0209491235570756,-0.0578750657351062,-0.0377363835965719,-0.0317286652078775,0.0,-0.0531326358224754,-0.0079973886078014,-0.0372552154777031,-0.0275823691715551,-0.0392562492303903,-0.0252847380410022,-0.0233852741053486,-0.0044281323975248,-0.0421692809170658,-0.0232588117269246,-0.0306596902567212,-0.0251874452270441,-0.0406491347416593,0.0,0.0542220825338009,-0.0083139609970295,-0.0301101515549445,-0.0234943361126798,-0.0168243258142046,-0.0285751851689529,0.0073660098427343,-0.0051461116007865,-0.0027936997254468,-0.0048786741670339,-0.0573298980765802,-0.0221232308906224,-0.0307110067190166,-0.0502361126552873,-0.021901211556384,-0.0293468780462777,-0.0335596834839216,-0.0279230138767204,-0.0313812496775192,-0.0129295863718108,-0.026487906513271,-0.0195351396677322,-0.0289496685734192,-0.0307800091025779,-0.0423849298027367,-0.0501086832170232,-0.0038229427709303,0.0,-0.0204616483322086,-0.0052509856876054,-0.0081265099934109,-0.0489709287820168,-0.0351121063468417,-0.0365919817718223,-0.0260617269287544,-0.0067857809873622,0.0,-0.0181630200910944,0.0158502682527517,-0.0477698470213335
2020-06-29,0.0222222222222221,0.0,0.0318663469719235,0.0237812881908296,0.0250594495451976,0.0282531804438359,0.0509127584467978,0.0251551202955682,0.0347975285079475,0.0143617212495954,0.0132858861675877,0.0458227159775659,-0.0024772528979185,-0.0086965600041759,0.0096029202833174,0.025470190981047,0.0298845912761327,0.01167768882701,0.0011712947091762,0.0216906732711985,0.0426414153999501,-0.0149416319500669,0.0282485875706215,0.0,0.0479052920951672,0.0242184929253044,0.0030943514973513,0.0266813545258157,0.0753505421547768,0.0222014489366675,0.023523916235929,0.0155595763874041,0.0651022990448435,0.0102652673617287,0.0336010194513236,0.0200779142942764,0.0045882865972735,0.0,0.0505902956665158,0.0152859398655358,0.0238133163427844,0.0257180034528801,0.0299482670972757,0.066162869388676,-0.0126752399696813,0.0147787447778588,0.0126068685697726,0.0152849983074909,-0.0067554791577137,-0.0140440831001164,0.0264997466314982,0.0242193853660941,0.0310782912498015,0.0393431647197701,0.0034841182277451,0.0145079226631779,0.0005753004346713,0.0158468769239239,-0.0048247817914502,-0.0041826466933037,0.0238514712571513,0.0250567192528887,0.0226222510902849,0.0159854598009481,0.0051210966077548,0.0,0.0433433219178081,-0.0039605397217947,0.0213753875110718,0.0345550009052584,0.0071884787664531,0.0204057212039305,0.007038204909322,0.0001781437422063,0.0,-0.0098642456669608,-0.0008393007017981,0.034451962205009
2020-06-30,-0.0084114303272392,0.0,0.0397871224046173,0.0,0.0094822474434861,0.0023648695507441,-0.0385707979039906,-0.0306680231756104,-0.0331616256648625,-0.0346901044896897,0.0146613401491291,0.0065840386940752,0.004685669660289,0.007798677226388,0.0038929690308664,0.0138084869084922,0.0091473784078908,0.0115514957595774,0.0075046368954201,0.0105449163679047,0.0090054778543637,0.0123139458425487,-0.0032967032967031,0.0,-0.0052248131124539,0.0335410910492834,0.0007668444351494,-0.0145151700945692,-0.0392009630397731,0.0283493369913121,0.0055422319265967,0.0166407377171229,-0.0005017819693012,-0.0008121954267149,0.0204008048664177,0.0281368324846584,-0.0092252524299329,0.0,-0.1171750730809154,0.0150477809132889,-0.0303383897316219,-0.0295173580306283,-0.03889816360601,-0.0206927194634281,0.0039481578488991,0.0145635143167035,0.0304331234497232,0.0176107874159257,-0.0136028520992695,0.040349732210378,0.0101009461725896,-0.0106172438477132,-0.0097494108768309,-0.0050686557043565,0.0138302181586713,0.0125809594772741,-0.022743244106561,0.003449074416244,-0.0083779424483976,0.0115673644659151,-0.0072803383933823,-0.0354593136674576,0.0102624128919861,0.0087506600713416,0.0021197262233119,0.0,0.0615575956508358,-0.0249140241551907,-0.0198846891281224,0.015389670456047,0.0325615227271616,0.0211082522229195,0.0167805553152842,0.0052147239263802,0.0,0.0045702262693156,0.013824349442379,-0.0169445405590623
2020-07-01,0.0155517682147421,0.0,0.0134229155552991,0.0522583383440029,0.0018806968368225,0.0197806759608398,0.028608790265425,0.0168731710354275,0.022226932452092,0.0157686047507741,-0.0235733978618322,0.0,-0.0293043140303148,0.0251430362881104,0.0318671086827511,0.0136029475963468,0.0544754674140559,0.0048892479061264,0.0011612099240965,0.0566816698335341,0.0082429295561134,-0.0084292884558606,0.0523704520396912,0.0,0.0752725296036198,-0.001274479328567,0.0562850475427536,0.0178208675241673,0.0012405100977521,0.0311249444197423,-0.0163274023885946,0.0314387588129532,0.0619046393079656,0.013420644259136,-0.0331125827814569,-0.0328274811099116,-0.0045031830875378,0.0,-0.0718183569793835,0.0191291573535101,0.0208584035298835,0.013550112348031,0.026145864014319,0.1112887544560874,0.0250865885709512,-0.0088503190616145,0.1087245008178254,0.0090717210597059,0.0330988139518562,0.0775695537012326,0.0411087649826753,0.0219548378467113,0.0009021059507885,0.0074287369443355,-0.0136415525114155,-0.0251464636458835,0.0259854873504608,0.0483616740239525,0.0213434039122502,0.0624419622721605,0.0375794592516254,0.013922834729708,0.0127313879233692,0.0207894877410395,0.0012742424628557,0.0,0.0160339642240288,0.0095129885290046,0.0138802482960751,0.0228946683456323,0.0259180286790883,0.0228539388084605,0.009629944704381,-0.0246783545138649,0.0,-5.722558899412533e-06,0.0391226168125444,0.0225846025567861
2020-07-02,-0.013225394282663,0.0,0.0072414283681889,-0.017167778692795,0.0070843747749971,0.0030326878977435,0.0027269639477895,0.0086858402435185,0.0032610744580585,-0.0061384432811455,-0.0023360451770825,0.0326748313702407,0.0146700832799488,0.024531465822617,-0.012940202382782,-0.0044619784308996,-0.0071831104382201,-0.0123371128786596,-0.0348807604175507,-0.0121452894438139,-0.0224780341117324,0.0255028361297622,0.0099528548978522,0.0,-0.0004098948619679,0.0286656914314171,0.0109473406535429,0.0191388667642209,0.0086480325106552,0.0161707632600258,-0.0157690939028583,-0.0141948498988879,-0.0033012902104825,-0.0108366426600254,0.0193808502110202,0.0226168592436974,-0.0286568260881212,0.0,-0.1224290373031669,-0.0023482001007477,0.0163300589390962,0.0106884256488497,0.0172440440705659,-0.0063379734038417,-0.0057545839210155,0.000721293519712,0.0133051272059232,-0.0304282034693398,-0.0073366450133741,-0.0084645523767279,-0.0101407060579433,-0.0095487402207216,0.0125093237195423,0.0161178480220542,-0.0380765002025345,0.0266660860224421,-0.0013539775080442,-0.0124167455105806,-0.0222037575589716,0.0323265367278899,0.0009446427215431,0.0098526834351759,-0.0130546797745584,-0.0222394323450304,-0.013960650563771,0.0,-0.0306286814747891,-0.0086154529279898,-0.0028089504615678,-0.0132422776304884,0.0160003686720893,-0.0085133082359156,0.0013649921639338,0.0174169021665995,0.0,0.0050129902830395,0.0186318544060326,-0.0061020846004237
2020-07-03,-0.0021162078328678,0.0,0.0243223774347094,0.0165314340922888,0.0086891244232572,0.0053368145507672,0.0102491144532836,0.0,0.0066042876200138,0.0083523250739465,0.0304396958066521,0.0064561534121641,0.0008365427110297,0.0036814088851302,-0.0059170111559267,0.0008998563690796,0.040462231861466,0.0121656585733622,0.019023332160863,0.0214807960957201,0.0088826509521933,-0.0138062193316106,0.0223029045643152,0.0,0.0309460835571593,0.0130105900151284,0.0014432956065102,0.0318382777250194,0.0024444171477704,0.0140038192234244,-0.0040046695611408,0.0266825609695526,0.0163381469379149,0.0056818181818181,-0.004429281831849,0.005553237248419,0.0062093447486515,0.0,0.0803575188991501,0.0065873287139173,0.0020103921811207,-0.0012176712454441,-0.0018883486716443,0.1607121893954217,0.0072380159765963,-0.0110919053117012,0.0967750796615756,0.02710404336447,-0.0047133899624468,0.0213513513513512,0.0388139375110196,0.028916386352715,-0.0061697131543808,-0.0036284953395472,0.0504120796486795,-0.0166558267115347,0.0172268036303895,0.0007872858084618,0.0013360400339912,0.0170662086649411,0.0073102786948922,-0.0087141881785158,0.0132273587067381,0.0050414231584356,0.0261741588260346,0.0,0.0033540174629644,0.012220573735564,-0.0003486893383107,0.053355868413716,0.0028983929567689,-0.0112642468408816,0.0149607889333918,-0.0041432855957173,0.0,0.0161995649747752,0.0080275802341656,0.0081871856255211
2020-07-06,0.0155517682147421,0.0,0.0120654706912479,0.0067497949828625,0.0256403116630636,0.0003565901904056,0.0349283900943624,0.0669025382207306,0.0608871758019207,0.0097257787235065,0.0090992619816829,0.0061662399805824,0.0130580832373952,0.0256902106567533,0.0263707057283901,0.020660799806359,0.0555646028075431,0.02239677676017,0.0109305335826261,0.01533962074253,0.0069082489256482,0.0457523074884809,0.1055301877219685,0.0,0.0110575616352992,0.0146654719235364,0.0555234380725166,-0.0108768406961178,0.0341874058008306,-0.0092069470600543,0.0,-0.0037154938026725,-0.0128165238619499,0.007662640820055,0.0280065515118426,0.0123858775458085,0.0067896956383841,0.0,-0.0175620447077559,0.0158820805679889,0.0391239929623112,0.0334098785019414,0.0464209343626544,0.035162834603196,-0.0110231291665362,0.0370705305141823,0.089325519072307,-0.0001392982168002,0.0405414697034809,0.0668941792665456,-0.0108977472916581,0.0679183158779641,0.0288780789128251,0.0241054425177908,0.0171238760666627,0.0669034335998159,0.0081852821727061,0.0006966263381622,0.0351291589463609,-0.0102510435372046,0.0128816520809171,0.0488751255264223,0.0073255200365387,0.0222797320468173,0.0075337383189324,0.0,0.0019066825556881,-0.0099282193733943,0.0028178454425453,-0.0021239219111327,0.0066122131466355,0.0059691437041029,0.0201124173036426,0.0237046924599222,0.0,-0.0030649924075597,-0.0148120611317636,0.0139202470560377
2020-07-07,0.0062741957015086,0.0,-0.0261594637309935,0.0210284473035631,0.0174000607151054,0.0115009785920381,-0.0400903444381706,-0.0410055920410949,-0.0415050187819446,-0.0082033575425645,0.0285202373259707,0.0202462867448567,0.0019147843143358,-0.0232587359193555,-0.0136761057067464,-0.0088084832469425,-0.019732173161776,-0.0076166506606615,-0.015137288376725,-0.0427230320699707,-0.0070311908547201,-0.0232266783034671,-0.0692978430472692,0.0,0.0003934039274826,0.0,-0.0191310787459887,-0.0152614661336135,-0.0318724155499472,0.0029567053854275,0.0069863595252597,0.0091097147629823,-0.0252506273259549,0.0304230805817147,-0.0235372550792107,-0.0135902125244372,-0.0079690106992427,0.0,0.0,-0.0272413740713168,-0.0357201206018209,-0.0236594589353242,-0.0490443962620965,0.0371437876567335,-0.0024178133346836,0.0051766772955033,0.0340050812190326,0.0379223787906255,-0.0253248201409136,0.0163271240656164,0.0141657642944632,-0.0175478876935186,-0.0168405253283301,-0.0124296550036702,0.0134572072072072,-0.000269538146386,-0.0139720558882235,-0.017086245761588,-0.0034387895460799,-0.029221286361397,0.0175717757070497,-0.0435800395999899,-0.0230801399863535,-0.0250132827719843,-0.0004244270235181,0.0,0.0085698426930653,-0.0192393041697056,-0.0007024818752856,0.0018234320970462,0.0065687789799073,-0.0269696482627447,-0.0210324426240167,-0.0035354829502146,0.0,-0.0057441546762589,0.0133451285878396,-0.0160184195378668
2020-07-08,0.0179945419398854,0.0,-0.0256729531591023,0.0104490557392074,0.0208383367174405,0.0608738438624136,0.0243394406943107,0.0342071584157575,0.0340874673030149,0.0194235363320967,-0.0080246737299026,0.0414116905269912,0.0175264139216904,0.0119038195131604,0.0651260294484652,0.0213111392145468,0.0281874124553422,-0.010878633163146,0.0123364053968162,0.0236762439621618,0.0065663448617636,0.0383922523742956,-0.0606508875739645,0.0,0.0441225626740946,0.0409761266962998,0.0376085315213288,-0.0084316650843165,-0.0024477107784943,0.0187407875342178,0.0088258745681002,0.0065685000721813,0.0188865398167723,0.0205919087700245,0.0120580917664756,0.01515199948854,0.0055631351147911,0.0,-0.0199790723905037,0.0090432011995127,0.0180210707904626,0.0157579369020424,0.0216129196745313,-0.0235355073715282,0.0199096515493744,0.0201209978927332,0.0541553171382511,0.0264984818822315,0.0139914068524842,-0.0044937768764042,0.0450076724253616,0.0200925895013297,0.0245942933911424,0.0188956609352031,-0.0066670370576142,-0.0134670602984591,0.0045954045954046,-0.0022210873210123,-0.003016467168497,0.063110340986447,0.0093181226964098,0.0339987735913331,0.0139147988933048,0.0183784245843483,0.0340559982016632,0.0,0.0014151628041993,-0.0011044094099479,0.014052689052689,0.0382289967204869,-0.0081551577913671,0.0404641782929195,0.0335547069566661,0.0168547554953728,0.0,0.0063935149068954,0.0072321956830245,0.0043589443599472
2020-07-09,-0.0047658497081847,0.0,0.0190548671041483,0.0859671711650431,0.003274629227848,-0.0290194800310878,-0.0038221117638199,-0.0126451570605541,-0.0222687695816949,-0.0102332811267207,-0.0242879625364654,-0.0211744609080638,-0.0094215734180308,-0.0153819074347515,-0.070216215709613,0.0060909288666521,0.0156589621919485,-0.0210350527984887,-0.0040239726027396,-0.0198024515054149,-0.0029256376753961,-0.024648522615297,0.0131233595800523,0.0,0.0059821602315026,0.0208127138534626,-0.0328876559491868,-0.0052843953037728,-0.023224429204137,-0.0066143034311698,-0.005417567575752,-0.0207912035377075,0.0007120014972372,-0.0216981834821381,0.0056370559246259,-0.0054476178480334,-0.0064524681177897,0.0,-0.0021459632152286,-0.0136831514588654,0.0029503434502375,-0.0007984877619527,0.0003707770631604,-0.0104836634936968,-0.0171446345256609,0.0116961291080035,0.0523012993587579,0.0352024932791554,-0.0492762344131313,-0.0116232871501391,0.0054492565896364,0.0227569015267634,-0.0287272402181363,-0.022516899833028,0.0100676771631522,-0.0002732912464813,0.0198153498304232,9.17453342670349e-05,-0.0121069593241006,0.0100356253056093,-0.0245397707034406,-0.0169498398280685,-0.0015954846451269,-0.0102090065891634,-0.0140578012342844,0.0,-0.0334750522387157,0.0088513798205014,-0.0107417602756783,-0.0078889239507732,0.0316602386106397,-0.0095853619813717,-0.0298629740887697,-0.0157014766750642,0.0,0.0221312258115249,0.0029493314711741,0.0008686709334717
2020-07-10,0.0143473096456194,0.0,0.0246590012399954,-0.0133291077886731,0.0038371440279116,0.0179966175654218,0.0053015555009545,0.0073871181938911,0.0145787944807553,-0.0117608566329564,0.0135822260688258,0.0264428121720881,0.0201014320728831,0.0091915781110338,0.0012751116352678,-0.0043243243243242,0.1105451147649692,0.0026449556302232,-0.0153872603799536,0.0088143165869414,-0.0011964789334245,0.0135463949798653,0.1398963730569948,0.0,0.0420067390490452,-0.0101941882046593,-0.0083310474548374,-0.0078564029225453,0.008767081993569,-0.006034124011652,-0.0035593256463266,0.0174831320242545,0.00664739531877,-0.0101161728233911,0.003115406480955,-0.001361448834853,-0.000620006592475,0.0,-0.0107523355369025,0.0023932455548405,0.0029416645295599,0.0055694179428216,0.0092731186474503,0.0,-0.0092028811220679,0.00679979801338,0.0453319969932348,0.009823395114062,0.0020746158444389,0.0111014180393766,0.0620380602277839,0.0012799931733697,0.0154481023532659,0.0167003880725729,-0.0099673293094856,-0.0141876930647057,-0.0029869130100076,-0.0168892493988818,-0.0004361989438417,0.01266771174328,0.0048479558726171,0.0010363816359362,0.0012819885066168,0.0097948799491174,0.0142582407486799,0.0,-0.0053610592153359,0.0057559875773667,-0.0021022839375981,0.0332844989333538,-0.0007982969664714,-0.00430807045198,-0.0053649489998675,0.0097467852194896,0.0,-0.0178436986519682,0.0044068921171513,0.0280526735833999
2020-07-13,-0.0572413856693682,0.0,-0.0240655683599658,-0.031983675628696,0.012812375386082,-0.0010018642283743,-0.0099549723159646,-0.0200461399027765,-0.0139219440617003,-0.012268018275615,-0.0282753400997496,-0.0103035650873246,0.0157007933509634,-0.0072872740871224,-0.0152566858109298,0.013029315960912,0.004627619151015,-0.0138429414746901,-0.0141144287294103,-0.0163974871227073,-0.0044874171681735,0.0391834786393183,0.0236363636363636,0.0,-0.0531582351250359,-0.0085919789538495,-0.0307906300382512,0.0246844566000776,0.0124013248001595,0.0006280092108015,-0.0264893174929108,-0.0220961867883516,-0.0452915232879367,0.0074668688600252,0.0099292709466811,0.0123014489077708,-0.0064984019035803,0.0,0.0565216633974019,-0.0109826453850188,-0.0185758979604114,-0.0114744925679345,-0.0147034936687405,0.00105622359441,-0.0210297687492014,-0.0369282338684302,-0.0658881282479051,0.0039913127360402,-0.0186241139729104,-0.0303586533581456,-0.026425452929335,-0.0205123015217774,-0.006511262520206,-0.0155452246961911,-0.010011745623357,0.0697687316288615,0.0241727922251735,-0.0096750746503221,-0.0267079534270487,-0.0258949405270048,-0.033074723170919,-0.0220453784542481,-0.0249045296724889,-0.0316715480951931,-0.0244924578205577,0.0,-0.0039262493325376,-0.0169006256946958,-0.0014044752307839,-0.0202290930799462,-0.0159525004911484,-0.0437567919288407,-0.0053772391289871,0.0119362412756898,0.0,-0.0128579581696713,0.0043875566284317,-0.0441654051676176
2020-07-14,-0.0064257420900778,0.0,0.0330148799458911,-0.0088300393096799,-0.0088738441753896,0.0208761774189454,0.0162742119255601,0.0139737844405021,0.0168496506669084,-0.0025535545601366,0.0367470841987538,-0.0100574634533525,0.067366917606451,0.0321090458488229,0.0197918583491791,-0.0222771869074118,-0.0069162085128799,0.0157102277678058,-0.0005313339433834,0.0181696939293645,-0.0219843187439715,0.0445555255336396,0.0079928952042629,0.0,0.0128134585586439,0.0092310298102979,0.0129978146710589,-0.0138641538357492,-0.0183864223342763,0.0284518828451882,0.0019460443509784,-0.0083659630425607,0.0108722322342647,0.0,0.0209203142536473,0.0296908766325285,-0.0124613177458176,0.0,-0.043210149024171,0.0062765149116696,0.011954206194731,0.0092041147807255,0.0167936523864475,0.0317506695885074,0.0189823031948215,-0.0201069394171704,0.0125017962350912,0.0,0.0028157934727226,0.0373110240685328,-0.0066702112233555,-0.002180651476426,0.0345640339405735,0.0333874602332979,0.0067231638418079,0.031831613873192,-0.0091473834462515,0.0056633902978486,0.0004483641861952,0.0073264781491002,0.0427553081297111,0.014441840254918,-0.0019650127429481,-0.0010624227575291,-0.0160573458952866,0.0,0.0073852169525732,0.0166385599181888,-0.0056189747931288,0.0231062168766462,0.0004037249169257,0.0644050199577694,0.0175914302452089,0.0702507089681687,0.0,-0.0095111776175577,-0.0172949272273308,0.015306156980325
2020-07-15,0.027316218450998,0.0,-0.0069293830393801,0.0330472728418449,0.008762898714242,0.0122670778490023,0.0098940523571948,0.0206718131991143,0.0165704444662568,0.0091527867730623,0.0502292340884573,0.0037014053258501,0.0,0.0097777436271777,0.0173025643081981,0.0035079434681417,0.0150849463389419,0.013494153677221,0.0250450397235595,0.0387913164172109,0.0438926266246131,-0.0213275045914275,-0.0440528634361233,0.0,-0.0070687706458683,0.0063215014964617,0.0014247766240038,-0.0041468544257496,0.0986280774290548,0.0069161920260374,0.0038782638660461,0.0295353221472856,-0.0232222371020121,0.0288716916717113,-0.0030121806428915,0.003923715667488,0.0022091487573538,0.0,-0.0172040703682108,0.0105476769154533,0.0108285753229642,0.0059500585251657,0.0069716622021711,0.077940875694215,0.0274531401089928,-0.0078730800083186,0.0211568873930498,0.0124219750135061,0.0056068601583112,-0.0115635617452148,-0.020134191901989,-0.0052482710135212,0.0236936870728301,0.0192249106097777,0.0,0.0065191177209464,0.0070202491579758,0.0201540525080379,0.0179885098572076,0.0054635934436879,0.0191341854345774,0.0208299802187874,0.0656172055585504,0.0806346587949298,0.0083673058533391,0.0,0.0391032423261608,0.0597388397738276,0.0010573655120327,-0.0297309788424614,0.0129672006102212,0.0233569715023858,-0.0013323244950325,0.0014601752805112,0.0,0.0166985224268367,0.006667906054409,-0.0144954587117741
2020-07-16,-0.016797140749116,0.0,-0.0015521338406384,-0.017247426610751,0.0101943806243853,-0.0063018242122718,-0.0083631687528332,-0.0163942417053911,-0.0176257856114603,-0.0058063500520695,-0.0400865745283798,0.0244135976407118,-0.0181762426472638,-0.0008798462884753,0.0053902246748127,-0.0174784040872575,0.0502773832176453,-0.0181815103858069,0.0099115452214251,0.0042629493594008,-0.0434034273740926,-0.0201271326434867,0.0230414746543778,0.0,-0.0202315592199183,-0.021624927036718,-0.0284710667406175,-0.0004637005137434,-0.061365994959344,0.0234343434343433,-0.0055827219592263,-0.0008218546038275,0.0127633320908473,-0.0212343035243856,-0.0187341492998125,-0.014361025268133,0.0214038702669892,0.0,-0.020787851365873,0.0,-0.0116864437252787,-0.0145851514270015,-0.0167659556594725,-0.0418594468364591,-0.0133566851985739,-0.000961583251815,-0.0371285900070484,-0.0161962313225301,0.0020919574871689,-0.01884577097496,0.0127238116257897,-0.0096698552534981,-0.023547317185234,-0.0265708082937419,-0.0100454570963578,-0.0114562404063346,-0.000367706318504,-0.0032966767371601,0.0004402439138619,-0.0171900597614157,-0.0033524628813929,-0.005101236401365,-0.0323273459939126,-0.0224757466808604,-0.0070625522516564,0.0,-0.0235213312687901,-0.0030893220883581,-0.0070645203327869,0.0058918307193596,0.0055994326141777,0.0031105901749144,-0.0159762826319691,-0.0270258231576946,0.0,0.0246420208933717,0.0036812232988192,0.0
2020-07-17,0.0078354936166067,0.0,0.0097124776447929,0.1435044379616412,-0.0177564337662876,0.0388604559165306,0.0308147291233242,0.0191122784412838,0.0049322706315451,0.0054748637374013,0.0417606145144648,0.0348717346137619,0.0202589511343307,-0.0132140766092755,0.0346525919609514,0.0071157332968425,0.0174156013166961,0.0135524251254375,0.0478445693418161,0.0514566126412552,0.0154208714699211,0.0179645564157202,-0.0180180180180179,0.0,0.055830851391599,0.0342907468962188,0.0212468456542422,0.0187541339016683,0.0145311398925958,-0.0090801421239635,0.0304395852684959,0.0176387118497316,-0.0153226557013648,0.003487660505494,0.0043038060028541,0.0066396163777202,0.0385171747816501,0.0,0.0055864082548537,-0.0075888478961378,0.0118246316172458,0.0040016072028929,0.0088997109373887,-0.0168781513245084,0.0125709881807443,0.0170920244990124,0.0573970780794095,0.0226991914683027,0.0257233588974692,0.0291454933314834,0.0033779918383358,0.0106549532255297,0.000838149014072,0.0008888601580554,0.0101473922902495,-0.0128640500927877,-0.0033055352598826,0.0051796132749413,0.0362058311330824,0.0423533831056015,0.0305015607059813,0.0191446507443153,0.0117707516535314,0.0646626119832334,0.0058561105874961,0.0,0.0216754178672573,0.028916125789139,0.0024936277794278,-0.0008803460363769,0.022673545353621,0.0082756052619752,0.0135408820821825,0.0153028679906364,0.0,0.0128267103195964,0.0648945478930023,0.0088238477252127
2020-07-20,-0.0028236022202022,0.0,0.0238432612131451,-0.0098993106443033,0.0523324761938308,0.05493511670663,-0.0039459870397857,0.0125052679352934,0.0093715545755237,0.0275826145944375,0.0084373481048065,0.0389764551657221,0.0120225422667501,-0.0098213725802327,0.0011983422143277,0.0273616630999693,0.0267358890435522,0.0159910178112718,-0.006697887170551,0.0369530445452352,0.0019260215136602,-0.002517289806301,-0.0082568807339449,0.0,0.0152106511034104,0.0118112399055101,0.0294167686113115,0.0111364097477399,-0.0071615051136498,0.0213147410358565,-0.0002070872568247,-0.0077565914483695,0.0120467434267055,-0.0150570711568039,0.0,0.0105044582875291,0.0163232116370644,0.0,-0.008888482995858,0.0186505415558848,0.0146080546565983,0.0103643446940924,0.0029356969457459,0.0242334092564184,0.015758838612274,0.0118340870168867,0.0161177090036854,0.0609753231617886,0.016954560742344,0.0398975387389513,0.0226323705887783,0.0184468517190603,-0.0063469675599435,0.0,0.0167798417419609,0.0245159475151546,0.0093883184444814,0.0296679066491043,0.0191690836970175,0.027388621109059,0.0056577205069272,0.0013442950225972,-0.0015719002040404,-0.019878413586799,0.0124686098374582,0.0,0.0207445073858902,0.0097883689117266,0.0046096603045546,-0.002051709439772,0.0264492152079793,0.012817737252305,-0.0040129471215772,-0.0039318834262697,0.0,0.0563898967875602,0.0356362575210127,0.028865011649932
2020-07-21,0.0396520626054575,0.0,0.036808346418971,-0.0309988007538117,-0.0097652414531821,-0.0188433425077831,0.0048157301737297,0.016633181516197,0.0269727453709414,-0.0035306322130405,0.0020916887203412,-0.034598380607024,-0.0128421949978687,-0.0126225842439359,-0.0199121952142606,-0.0111755856436707,-0.020836641221374,0.0,-0.0175977194232772,-0.013216976048853,-0.0076700531521227,-0.0176920624800765,0.0476410730804808,0.0,-0.0210489125227556,0.0027690302964491,-0.0216032865327708,-0.0128107372973937,0.0216394866351441,-0.0107275209674274,-0.0115261836878913,-0.0106992630561021,-0.0096704080419758,-0.0101915016026957,-0.009801508268624,-0.0142934848301705,-0.014597918287217,0.0,-0.0448433014090644,0.0046966068940028,0.009598487868988,0.009465838910984,0.0146495918941738,-0.0522669167813865,-0.0131620162513743,-0.0105274058827908,0.0066787575207991,-0.0310343352068644,-0.0066653663831482,-0.0012397296903106,-0.0273085929410764,-0.0069011109498701,0.0208629051336644,0.0276916618226441,-0.0032564300695441,0.025676873338243,0.0016428256601355,0.0103509676210111,-0.0167206734370913,0.0060178892445301,0.014714724746125,0.0281422037880267,-0.0116565143601417,-0.0073446883922417,0.0016411851084046,0.0,0.0064666520728191,0.0064604263312177,-0.0028258081331147,-0.0058745342288039,-0.0045496773337314,0.0025336191775482,-0.0093846893601499,-0.0180922690632761,0.0,-0.0129226693501185,-0.0046567155325192,-0.0082177943596343
2020-07-22,0.0020520282433704,0.0,-0.014490707464832,0.0090274855641558,-0.0158875387610873,0.0086225231802163,-0.0081746333170564,-0.0121487453645018,-0.0172236327454883,0.004252953111044,-0.006960767408725,-0.0011165710463351,0.0159481858068109,-0.0018305078055617,-0.0158469655209031,0.0773243274873356,-0.0010602602003267,0.0183011570081879,0.0164620535714286,0.0046627408993575,0.0059665062038105,0.0128725187949592,-0.0331125827814569,0.0,-0.0036396557313872,-0.0033028317721587,-0.0064109267288187,0.0111566813615668,-0.0223499964580036,0.015378548895899,0.0250160240607435,0.0108149753220176,0.0215315106778803,-0.0118851891832046,0.0365318990259666,0.0528219749225913,-0.0047438437162865,0.0,-0.0410796747651779,0.0046669885279444,0.0,-0.0113309683773893,-0.0227389356596995,-0.0124824415783424,0.0076179095559956,0.0089844644317251,0.0116102833938631,0.0041516066369595,-0.0087248264852266,-0.0235435376964328,-0.0082266112039129,-0.0373431183127406,-0.0104282838231247,-0.0136848555312898,-0.0132897724126473,-0.0128760588063477,0.0054604368349469,0.0070865740032186,-0.0127537564749319,0.0051211087745295,-0.0106633965949555,-0.0364974883920349,-0.0054133443375087,0.0172082043957788,0.0032769920662296,0.0,-0.0114687797594554,-0.0246917769483089,0.0028338159532832,-0.001478113657642,0.0011415762918769,-0.0035368484422816,0.0162356682567579,-0.0077052636755368,0.0,-0.021440051597601,0.1389470390595317,-0.0117158880715437
2020-07-23,-0.0210739916783796,0.0,-0.0529414063008739,-0.0166178387698173,-0.0378548823661419,-0.0176903392738069,-0.0241425211064714,-0.0123061227742973,-0.014453288646837,-0.0162329630458597,-0.0189175851291329,-0.0136610895903733,-0.0103783931998902,-0.0228714070339338,-0.007847522635198,-0.0209658896924176,-0.0681534388891663,-0.0037818995001315,0.0102662640680759,-0.012612497402369,-0.0314079665700612,-0.0135499546109894,-0.0365296803652966,0.0,-0.0358480372294053,-0.0394665362885701,-0.0250886481760335,-0.0137361410154469,-0.0108326791860395,0.013009708737864,0.0039292908035957,-0.0037061561253995,-0.0321053757936125,-0.0264484756131719,-0.02090896207389,-0.0376506901170579,0.0044680794812042,0.0,-0.0391677850140814,-0.012090007627765,-0.0142608492152876,-0.0170009071470225,-0.0210611468674382,-0.0252966087996638,0.0099321795204387,-0.0377215985892893,-0.023773851590106,-0.050206747972359,-0.011514446884554,0.0107844033267141,-0.0278182949047495,-0.0162363034299752,-0.0114895423210339,-0.0208041289664838,-0.0200909141927156,-0.027579829860683,-0.0126718255783884,-0.0300948205593446,-0.0202431183443841,-0.0204017474823029,-0.0109946177671912,-0.0206264285280851,-0.0208298944005995,-0.0319523396288965,-0.0216483705395515,0.0,-0.0199627742131146,0.0313938789474295,-0.0052949608707878,-0.0355143968171907,-0.0026592534946918,-0.0293958464443045,-0.0266326278514371,-0.006584999457961,0.0,-0.034905785738964,-0.0178896142122683,-0.0156113388318755
2020-07-24,0.0367986155352915,0.0,0.0062157925135455,-0.0093616141746313,-0.0106077879299224,-0.0025992260340337,-0.0116505035783023,-0.0076580429625087,0.0062256464753807,0.0046640562321131,0.0,-0.0054941611481333,0.0090187440256015,-0.0243426177925718,0.0045776771501735,-0.0106995102001996,-0.0537212231661887,0.0199385996764929,-0.0047820889033801,-0.0062707766696886,0.0030617215225106,-0.0034374027309759,-0.0218009478672985,0.0,-0.0100800417719988,-0.0266380114809264,0.0088189133305101,0.0089045097763909,-0.0243321775650728,-0.0184013801035077,-0.0111248528914137,0.0177629660089029,-0.001265943518109,0.0057602559602247,0.0457617494126687,0.0286846803231566,0.0151156232374507,0.0,0.0624205658804364,0.0051808670810331,0.007715820399442,-0.0048201705598813,-0.0011308035228879,-0.0086399893865773,0.0042139126392914,0.0031631071885738,-0.047016466863574,-0.009079672656774,0.0027444283747755,-0.0113022678514183,-0.0220920028308563,-0.0201731576992314,0.004293879001451,0.0070928908410605,-0.006872458622072,-0.0255600775930926,-0.0163251531270147,-0.0021841110667958,-0.0197804758686584,-0.0086869916449953,-0.0257187396611957,0.0024163943059838,-0.0143976672134135,0.0055599202272313,-0.0091747725133354,0.0,-0.0071053238352972,0.0382896305125148,0.0067435718866142,-0.0064422049320322,0.0049529738706635,0.0,0.0328437510575654,-0.0042465757695748,0.0,-0.0074352308776878,-0.0040293845364874,-0.0176217702145479
2020-07-27,0.023441584049451,0.0,0.0154298209648762,0.0314978757999473,-0.0097472733133512,0.0134662703375583,0.0282832484142665,0.0415050458230668,0.0459326016739569,0.0174969159897735,0.0057101870482152,0.0090902407259587,0.0556470878985089,0.0047960760320637,-0.0041434560951125,0.0283118631032495,0.0060467026353427,0.0245250347930219,0.0398875177459867,0.0067936701024209,-0.0070065903572668,0.0542647238555655,0.0179263565891474,0.0,0.0054226167502895,-0.0368670288486679,-0.0101987899740709,0.004071774566448,0.0,-0.0060535051747705,0.031248675133698,0.0150147046387734,0.0017710946927933,-0.0053210358283078,0.0408313192721696,0.0456510868606052,0.0583916731488682,0.0,-0.0203837621634085,0.0192032937489439,0.0545395647436464,0.0363636363636363,0.0502470990355519,0.0065406490465038,-0.0004689545966686,-0.0291270286334071,-0.0008811822021452,-0.0040163137320436,0.0081933740540258,0.005079729302805,0.0092402285740751,-0.0051500393689304,0.0188712626054137,0.020676509546732,-0.0069200161467043,0.0428588157227058,0.0082033110242873,0.0307491720278656,0.0192857244747064,-0.0008707300736771,0.0158852120762145,0.0168791367277034,-0.0109559911242604,-0.0105575254923171,0.0109444669639238,0.0,0.0176490359641887,-0.0148934499684587,0.0098695250162665,0.0129713029608482,-0.0045507201846861,0.0125333108559348,0.0715116564819213,0.0472685030075117,0.0,0.028343450709696,0.0505643899372751,-0.0014919575239006
2020-07-28,-0.0124290950149202,0.0,0.0106327137646535,-0.0101798474592229,-0.0059054448638905,-0.0150953359429705,0.0034381636161391,-0.0074174129625147,-0.0067568704666699,-0.0147419715703098,0.0468763025054415,-0.0323801098071868,-0.0165047407233992,0.0620823464453972,-0.0099817166576072,0.0032253540877855,0.0804290298969652,-0.000292215228362,0.0116569088188189,-0.0042180664857898,-0.0130242120601209,0.0049075803439171,0.0228462636839599,0.0,-0.0123222203028733,-0.0759230212355212,-0.018412254877501,-0.0094652597692926,0.0187073765876242,-0.0214145383104125,0.0105068112209691,-0.0063965490108954,-0.0086014889025626,0.0098764437899774,-0.0061580637901756,-0.0097049143435821,-0.0019283669426809,0.0,0.0036717227991649,-0.0114932999713609,-0.0127063028847497,-0.0011743840475506,-0.0057558231932727,0.0021605092154026,-0.0139899340718262,0.0037527021184609,-0.0008819593690441,0.013232327413724,-0.0210021027956841,-0.0126310042765089,-0.0005048216201331,0.0155242360997114,-0.0159894657637321,-0.0172506567910613,-0.003426049590616,-0.019176304724832,-0.0060998836908106,-0.0013618695005862,0.0035173324252335,-0.0008714889052759,-0.0114528360145377,0.0132102805158493,-0.0140967515774713,-0.0126543834784369,0.0058390136327184,0.0,0.0154693345663963,0.007920715887604,0.0125740949228869,-0.0182931468512962,-0.0110534109157647,0.0056735953689117,-0.0123539844657819,-0.0167821253770971,0.0,0.0039336088838048,-0.0394580642697329,-0.0005990518455272
2020-07-29,0.0039743752608749,0.0,0.0338398433858488,0.0218515699870343,0.0324761804688398,-0.0092018461968811,0.0262567222156056,0.0298835023244472,0.0314641770940111,0.0060575436927832,-0.04409604869676,0.0357010320922053,0.0258668570975164,0.0107908775543916,0.0079860244571998,-0.0161370484266766,0.0266682300216263,0.0064069140952109,-0.0144032387823423,0.016938318951742,-0.0066030962757728,0.0568985849056604,-0.0023266635644484,0.0,0.0483297382382093,0.0400848702464502,0.0082519994577741,0.0125122436727858,0.0012160668222576,0.0018068660911463,-0.0127949924299443,0.0,0.0237424002028068,0.0142625238515647,0.0146568405451028,0.0061072605385752,0.0005505236988179,0.0,-0.0024390705180739,-0.0023253863572251,0.0229818408100921,0.0183483303339331,0.0235179651122385,0.0281089865839705,-0.0042577647044285,0.0386030805278936,0.0300029424596934,-0.0023630681536529,0.0152202044032077,0.0108741182581304,0.0157721645401793,0.0143574644960164,0.0188079937649809,0.0162329296573047,0.0313483277007342,0.0,0.0052072687134623,0.0263823334982131,-0.0157818158152853,0.0350800679906961,0.0040118061724503,0.0351047342898565,0.0061251386689675,-0.0192863734235619,-0.0087076762089842,0.0,-0.0276997498506791,-0.0121421832479864,-0.0020696584058941,0.0695658913161414,0.0053986798540668,-0.0025660944424634,0.0200167193015046,0.0432537631138818,0.0,-0.0098035527129073,-0.0031244926426978,0.0029936097283704
2020-07-30,-0.0396044973066771,0.0,0.0636351925801881,0.000630977912325,-0.0028780179544771,-0.0003058517677643,-0.0319856452923165,-0.0253883873333027,-0.0350381510106527,-0.0060210707933751,-0.0085152070491105,-0.0118294031811644,-0.0265810709773893,-0.0044461962190509,-0.0075068086159941,0.0041043774764393,0.0238055960916185,0.010510781597105,0.0289114750645109,0.0481894981303729,-0.007746335504886,-0.0169183190831362,0.0027985074626866,0.0,0.0267613292304649,0.0333929636255216,0.0104196427070903,0.0038205202505405,-0.0281195941552465,-0.0002004008016032,0.0010126105335044,0.0241438100916746,0.0177055003607704,0.0297300484643594,-0.0138973422600934,-0.0121686100680425,0.00165767154973,0.0,-0.0134473717305015,0.0139848382955309,-0.0197696763579555,-0.0126532567802134,-0.0169683718782677,0.0042099490289695,0.0114005200672737,-0.0074316635314336,-0.0059991725279272,0.0383993543775809,0.0109080188679244,0.0708910694158986,-0.0105210222681786,-0.0136989419886516,-0.0214052712104154,-0.0151020537525354,0.0,0.0073651003638028,-0.0005541236458285,0.038725194346608,0.0124736687983526,0.0008534912112012,0.1084967320261438,0.0029074821783898,0.0131981943776917,0.0030528285711297,-0.0025007854225572,0.0,0.0194690265486725,0.0175938832686974,0.0089804082125766,-0.0098735405495661,0.0011494493969586,0.0154234096204795,0.0073608644842084,-0.026688119764249,0.0,0.0158442390260054,0.0152293712150923,0.0480879534541855
2020-07-31,-0.0446726016826335,0.0,-0.0174397480925275,-0.0317185201010306,0.0148114038315012,-0.0181096108022239,-0.035062156479398,-0.0358144856663688,-0.0414343714623745,-0.0085483295684222,-0.0279214353727524,-0.0050658721024945,0.0044363809725607,-0.0205535009028668,-0.0424179530418989,-0.0196047604823368,-0.12473816635887,-0.0104014541838859,-0.0077797113317636,0.0261046319587368,0.0143210332481866,-0.0414754502837404,-0.0325581395348837,0.0,-0.0072396174978486,0.0049807149148115,0.0692164396320875,0.0335787753361873,-0.0427559740964692,0.009621166566446,-0.0056637064047521,0.0031429806008507,0.0088182977580884,-0.0007798738022394,-0.0163460549326202,-0.0098319423802447,-0.0038591666579196,0.0,-0.0123911673217553,0.0358440227303558,-0.0219877861303471,-0.0333789416743565,-0.0330789155586254,-0.0345503316896091,-0.0295944038780143,-0.0062839895311409,-0.0060254695010159,-0.029879541639849,0.008766061105107,-0.0159575291368074,-0.03088221017948,-0.0212983266012694,-0.0265785631056504,-0.0271757493845633,0.0067231638418079,-0.0017678330155441,0.000554430869083,-0.0093398778964894,-0.0224381551264886,-0.0050841968911915,0.0192155186619427,-0.0373602242191337,0.0237179516990888,0.0289136031519372,-0.0117667808909494,0.0,-0.0027920962199313,-0.0052107774393139,-0.0082153144103932,-0.0202335497009036,-0.0111041739123146,-0.0410157109536593,-0.0097327266700817,-0.0091399684952595,0.0,0.024557841303767,-0.0095597286608521,-0.034195736592879
2020-08-03,-0.0136728562281436,0.0,-0.0097374584000984,0.0165122204666126,0.0121299443089135,0.0070946209111553,0.022937095016916,-0.003860784186228,-0.0106997931077349,0.0158110587473467,-0.01178323457952,0.0385308114446281,0.0044167864253035,0.0082075904190552,0.0219296417481191,-0.0374759461193072,-0.0519280060042198,-0.0114605983060294,-0.0477406375735067,-0.0264359505155455,-0.0055018963337546,0.0628587608432649,-0.0384615384615385,0.0,-0.0244353381909,-0.0414312048593272,-0.0234193312540348,-0.0010827858533167,0.0065673216405115,-0.0097280127059756,-0.0044775148313982,-0.0070506833041632,-0.0087412151203892,0.0324091256413057,0.0028654793403122,0.0037235885001731,-0.0008324259773102,0.0,-0.0338773408191115,-0.0088764715298089,0.0028120673742499,0.0126571861215354,0.0150657922935151,-0.0368848367883406,0.0101677553162564,-0.0075380180495335,-0.0459734588272829,0.0230455311442869,-0.0253979321134616,-0.0036097392179684,-0.0355314096482803,-0.0264903395456607,-0.0158643574707941,-0.0180113128907413,-0.0503395252258825,-0.0020239586100464,0.0020385649722682,-0.0454501685122774,-0.0076494700725816,-0.0076598422463084,-0.0123734675265947,-0.0083643494617201,0.0009767088998622,-0.0116699589728004,0.0103388490859488,0.0,-0.0035357886424007,0.0259531327541733,-0.0107046561229827,-0.0233468974184937,0.0,0.0010620374073175,0.0332126338851022,-0.0074108551498188,0.0,-0.022070864581269,-0.0115823989845568,-0.0041327361563517
2020-08-04,-0.0226112836697394,0.0,-0.0340801593228777,-0.0146476033104142,-0.0337074756830583,-0.0104896145081541,-0.0305697255077824,-0.0296923064370047,-0.0207783581955589,-0.0060146736788672,-0.0171324729845292,-0.0284095532590121,-0.0074033236197527,-0.0135728464840655,-0.0313295027556705,-0.022108191859787,-0.0573263629574308,-0.0151429728506428,-0.0356165867663389,-0.0212479143775689,-0.0206445576674699,-0.0199680317744788,-0.0539999999999999,0.0,-0.0321496256252523,-0.0212799495586382,-0.0197438633938099,-0.0052004249809662,-0.0248139608007545,-0.0054129911788292,-0.0214604004515477,-0.0216949555004544,-0.0455765874614042,-0.012856976707303,-0.0011366598884196,0.0012365916084318,0.0058177753248991,0.0,-0.0129872571141232,-0.0188001938012949,-0.0458016364917528,-0.0440471353108492,-0.0582849502093669,-0.0225085940334087,-0.0009577165033958,-0.0328247224218103,-0.0527245365048179,-0.0008477135575888,-0.0267490250477661,-0.0229050411611956,0.0065005284734145,-0.0136025582015069,-0.0013394919168591,-0.0009263469927407,-0.0105779458692826,-0.0308772641425729,0.0535645432960611,-0.0004218519299725,-0.021769237427508,-0.0214403638629827,-0.0077554872886234,-0.0279986278149971,-0.0371558758656996,-0.0211145618728411,-0.0208951080716187,0.0,-0.0212840048752077,-0.0234414866473889,-0.0010508617065995,0.0006118404426531,0.0042584926207314,-0.0058022645858846,-0.0261960507134337,0.0073017593647044,0.0,-0.0149802148106273,0.0033040826154422,-0.0305176796069532
2020-08-05,-0.0164106965860437,0.0,0.0061854075925877,-0.0081077240105166,0.0282945541772194,0.0044315366669072,0.0008962818758311,0.0059957281488085,0.0046013254016994,0.0039133016627077,0.0090962122185858,0.0114636878526785,0.030759871988151,0.0302750929368027,0.0367744584096507,-0.0081266185089273,-0.0026936240334644,0.009159369809556,-0.0075549064764365,0.0205449905668713,-0.0146831289394711,0.0282208740563183,0.0491543340380549,0.0,0.0131355088886178,0.0230632952166209,0.0129510314513441,-0.0111167802414472,0.025445360990945,0.0036283007458173,0.0022981456969728,0.0149178491411501,0.024386384415219,0.0038291400233496,0.0594972125362789,0.0556927849264705,-0.0283719174635128,0.0,-0.0092103616398403,-0.00364354598574,-0.0009795942972541,0.000416560401258,-0.000777204008579,0.0126709786873078,0.0978433854212352,0.0319132906047299,0.028794916207897,0.0060604614413812,0.0035229259109856,0.0240639767357324,0.015071960568886,0.0802910296555534,0.0645514391872099,0.064280656798948,0.0178582094009436,0.1358149024942125,0.0113932950025521,-0.0038854280393036,0.0148357887596042,0.0087595807914906,0.0222444491991844,0.0065914446162949,-0.0128632367844264,-0.0071411369276357,0.0130675154967332,0.0,0.0275501190096434,0.0760458964282213,-0.0087347210250909,0.007659944968031,0.0023121972624935,0.0021210304782857,0.0391187322325046,0.0245456633979419,0.0,-0.0114561056820335,0.0211124888337799,0.0009172538614279
2020-08-06,0.0060670912245344,0.0,0.0231295304935836,0.0365143385223765,0.0327931380939976,0.0086623364961537,0.0306099850753454,0.0139010791517248,0.0068703752702985,0.0198510579146924,-0.0052615592635776,0.0163278613865485,-0.0088140203222827,-0.0017800613880629,0.0299162871922957,0.0401071815043196,-0.014918496393505,0.0294977708889281,0.0477969267340181,-0.0005652882460785,0.0252194715819868,-0.0007690736267829,-0.0130982367758186,0.0,-0.0011469706667003,0.0102956456030982,0.0262767399517136,0.0244642568244126,-0.0104417775914473,0.0289214701747337,0.0291743524971752,-0.0059603745469931,0.0213042582771227,-0.0114489359318399,-0.0248411095235749,-0.0246225003400898,-0.0059566202654579,0.0,0.0411690926652987,0.0192304804241068,0.0117666581182398,0.0165959941875781,0.014022990225041,-0.0170671692581538,0.0157232704402516,0.0517940463334625,0.030777149842897,0.0350605794991618,0.0308982741987349,0.0331298215722466,0.0068948608469976,0.076608296816655,0.0033598841419262,0.0017265685637799,0.0,-0.0301240197602516,0.0168164851070313,0.0058531778012129,0.040199568892441,0.0060806769598831,0.0121549580628728,0.0275904384770862,0.0253741178268218,0.0200166629755011,0.0322601162687155,0.0,0.0164594066971934,0.0229678940153474,0.0183354329846086,0.0167171798787024,0.1084646729979121,0.008998586781477,-0.0199944702338509,-0.0057887717890313,0.0,0.0253794040166712,0.0239010791719167,0.0192376565100456
2020-08-07,0.0037690647556301,0.0,-0.0067093931504106,-0.0099906003345175,0.0,-0.0234195095316098,-0.0069884335818525,-0.0063729450756014,-0.0059082588759808,-0.0076443464895744,-0.0098203380481463,-0.0209743205878308,-0.0150536520962502,0.0267629935225168,-0.0294613458467241,-0.0201638207220001,0.0027579310678513,-0.0182609775404721,-0.0244692918489709,-0.0086522733873802,0.0052117598684211,-0.0122064146813704,-0.0296069423175088,0.0,-0.0137413878421073,-0.0114684617302418,0.006229044384872,-0.0051644074162598,-0.0105651983953608,-0.0214717938707786,-0.0064805685948466,-0.0147867123160915,-0.0103059865471794,0.0054075932971748,-0.0249181520552926,-0.0264435146443513,-0.0176838402917997,0.0,-0.0089290659492821,-0.0035952407264154,-0.0106606628994021,-0.0179634211582185,-0.0211308118952089,0.0,-0.0077427474954064,0.0086334372961907,-0.0171970745206563,-0.0030268187137243,-0.0143058913237498,0.0005879029425688,-0.0231739112359616,-0.034303633080992,-0.0218238503507405,-0.0185167615433269,-0.0070414270625513,0.0405342831700801,-0.0151757786892923,0.0031178749004203,0.0245920724211154,0.0,-0.01588076718008,-0.0116059108356958,0.0117071807767532,-0.0021815775597349,-0.0091685459721245,0.0,0.0490543874074944,-0.0030213198371157,-0.0045046862183495,-0.0430503746472478,-0.0013899543517723,0.008397175317907,-0.0036082856930729,-0.0223194943170016,0.0,-0.0120818489181351,-0.0197629340576661,-0.0359508758633756
2020-08-10,-0.0052568771475012,0.0,-0.0042721040427462,-0.0108872839734571,-0.0151463289406126,-0.0047950117292429,0.0093803511280883,0.0083802822744585,0.0086962863028932,0.0066511978585248,-0.0030439583395505,0.0127636999126201,0.0277814282335007,0.0668979210574489,0.0932000670394463,0.0008932634453002,0.0137195612313829,0.0038497719385617,-0.002906976744186,-0.0013775308273923,-0.0081503676357799,0.0787698750882659,0.0047343503419252,0.0,-0.0085102277113082,-0.0077553593947036,-0.0226958507448774,-0.0021880336013315,0.0573374546719653,-0.0063834031518053,0.0034658143330679,-0.0020287023818468,-0.0190945984955256,-0.00230814237481,0.0369126821281269,0.0419746719385707,-0.0124840219989906,0.0,-0.0154436429779424,-0.0054123196817674,0.0146939144588118,0.0112271562694177,0.0129521771562473,-0.0277851753217932,0.0134375265437864,-0.0131882202304737,0.0027628403268831,-0.0434321806649593,-0.0082896726326523,-0.0308887379722397,-0.0134730083841511,-0.0008801277005159,0.0338940534159657,0.0289677616845769,-0.003486585509987,0.0346307009436437,0.0083110263737204,-0.0261343045837726,-0.0197159413702988,0.0043265261187868,0.001967128448171,0.037262287924785,-0.0148765960580702,-0.008403448418784,0.0071514744474707,0.0,0.0233746892705977,0.0255532106428726,0.0059096066565809,-0.012497542522829,-0.0740097051933432,-0.010407447365191,0.045781049745164,0.0289483349471391,0.0,0.0238644903520202,0.0078902263317601,-0.0046596557429183
2020-08-11,0.0128341692952065,0.0,-0.0314378646551833,-0.0161066056846014,0.0324254244961608,-0.0226555200693709,-0.0145223381150788,-0.0127045774329184,-0.0081694621168305,0.0059163352396434,-0.0030632302611228,-0.0176614385932477,-0.0252275981996726,-0.0171012745663087,-0.0324599303135888,-0.0160812312666285,-0.0081235026258587,-0.0178914543106435,-0.0171872830764959,-0.0342593021520154,0.0072894112795134,-0.0035775550740337,0.0654450261780104,0.0,-0.0206893867144164,-0.0058460951896803,-0.0182953967446591,-0.0112565354980738,0.0113518438836721,-0.0100381449508131,-0.0237606751822124,-0.0280454750790544,-0.0065695515566981,-0.0007693673433154,-0.0060263841694983,-0.0153985756317539,-0.012056192600661,0.0,0.0601304848753094,-0.0009069620488421,-0.0154465386386252,-0.0073988653389674,-0.0116187387494607,0.0190467494521549,0.0243842474632338,-0.003753081614117,0.0036736374288761,-0.0114731890894974,-0.0160265217661085,0.06554175885609,-0.0191296737971539,0.0399470363905953,-0.0170122882384003,-0.0157827986283997,0.0283460831406037,-0.0354456624831813,0.0041212612757046,-0.0135443565961953,-0.0253608237863199,-0.0060178892445301,-0.0023574357769304,-0.0181233543132898,-0.0157740793002589,-0.0315265891302756,-0.000419867124404,0.0,0.0189674320383834,-0.0097136680522609,-0.0096751018873498,-0.0072735136322602,0.0349910263623707,-0.0110391560366099,-0.0230427223758088,-0.0308655814694412,0.0,-0.0177214521452144,-0.023482147178883,0.0090541923208098
2020-08-12,0.0052279039372651,0.0,-0.0280285904689725,-0.0212842272900092,-0.0145374654225808,0.0108530619130631,-0.005306218964294,-0.0049505363081,-0.0091570085283182,0.0013852494026111,0.0168845206877914,0.0004548329926443,0.0166327802190595,-0.015742638962248,-0.0028281547850554,-0.0218034947202683,-0.0190994161401263,-0.0175679143012925,-0.0103966549892643,-0.0059533009641469,-0.0116892023296518,-0.0079056755501694,-0.0309582309582311,0.0,-0.0274995362641439,-0.0281240012783636,-0.0172034131571704,-0.0227693752772244,-0.0274291434649314,-0.0089231393226526,-0.0326606270259808,0.0041781246368952,-0.0458030564413541,-0.0308145420085718,-0.0022019566244709,0.0012008825090066,0.0074420606692191,0.0,-0.0345252892245911,-0.0022694634393159,-0.0088249935886798,-0.0041467737421876,-0.0113715042596104,-0.0502302743580095,0.0237983548971265,-0.0150623691485169,-0.0118956214436718,-0.0114831951792078,-0.0191252646277195,-0.0231365507252803,-0.011139943577725,-0.011395921459688,0.0152014519056262,0.0173244881401231,-0.0379447552044288,0.0136976903727417,-0.0041043461926788,-0.024752592845978,0.0107650665740639,-0.0233571168627797,-0.006693918487676,0.0053683848488925,-0.0143178602964213,-0.0115558912386707,0.0054358568887131,0.0,0.0325737970728146,0.0070349967279084,-0.0111730328546827,-0.0184847101780007,0.0178087464436076,-0.0079806721191358,0.0188748049068658,0.0202360260925413,0.0,-0.0292228213247034,0.009351723955614,-0.0105206231966044
2020-08-13,-0.0200308792458961,0.0,0.0417428479242847,-0.069415533012783,0.0107448101959954,-0.013820896998467,-0.0201494808109239,-0.0293568299649057,-0.0207821824969884,-0.0347216618442135,-0.0264170628241847,-0.0216339370630102,-0.0163606570068255,-0.0008413335819436,-0.0239172934503113,-0.0324894588589323,-0.0375564651587548,-0.0132462762701489,-0.0066803699897225,-0.0053884510213929,-0.0304178965356531,-0.0086879088511638,-0.0400608519269776,0.0,-0.0200821542674578,-0.0174942453140414,-0.0204288409104013,-0.0153033525867516,-0.0256423452517272,0.0053202373644363,-0.0352700662388287,-0.0187402068317141,-0.0335975236721239,-0.0055666357409126,-0.0138051955903988,-0.0071966527196651,-0.0224535917876297,0.0,-0.019157118476779,0.0013647753713978,-0.0247169122123462,-0.0270194321916991,-0.0285464164731854,0.0209056603773585,0.0297717040944083,-0.0289126834315712,-0.0194366976773892,0.0048714382901058,-0.014437648096104,-0.0104012224273049,0.008450668428811,-0.0593500867473468,-0.029518606447184,-0.02725652092325,-0.0143259605586524,-0.018475490085497,0.0017164062978907,-0.0126465731002128,-0.022632718373494,-0.022142929732049,-0.0283457379402487,-0.0367285419641441,-0.0325145691855705,-0.0065495748234344,0.0585741669124151,0.0,0.0253950426630478,0.0093185097173895,0.0102365443949261,0.0188328295745174,-0.0039259412317397,-0.0058889288138299,0.00578373967445,-0.0186979183759931,0.0,-0.0004042462468781,0.013233021659988,-0.0171982309158247
2020-08-14,0.0037833243500975,0.0,0.02732000671063,0.0209709242565661,0.0,-0.0013224860230151,0.0033286428259498,0.0082061990887751,0.0014180134664325,-0.0022093509285244,0.0108575876745149,-0.0334675739480627,0.0237948448875189,-0.0235908313002949,-0.0045681698214664,-0.0019168173598553,0.0390219932901827,0.0077169939289674,0.0209806288440534,-0.0030133958653406,0.0106496613899034,-0.0007370554634235,0.0269413629160064,0.0,0.0188183442359697,0.0294531093111989,-0.004465299326421,0.0157761780163863,0.0105242308200184,0.001424791369835,0.0031203421683625,0.0190981093510476,0.0634652179048067,-0.0103911195034609,0.0072751052437978,0.0060406832996178,0.0123914026975837,0.0,0.0117186343112996,0.0009086101987771,0.0070848938826466,0.0,0.009387611174235,0.0192762622902344,-0.0039631007382956,0.0238705570364015,-0.057609639600521,0.0162835717820302,-0.0109961792936352,-0.0064209874561422,0.0223483750645814,0.0290523338048089,-0.0038610038610038,-0.0074431315810626,0.0072974945268791,-0.0112387956791542,-0.0238190505331042,0.0262535956225915,0.035874050782247,0.0081524249422633,0.0114255424114875,0.0017345384171951,0.013943717362193,0.0057027326967662,-0.0620074056017921,0.0,-0.0171750209173197,0.0591546385808459,0.0223627861520399,0.0159329488402972,-0.0043054185649648,0.0123965005990749,0.0103622517970252,0.0165701846131394,0.0,0.0155614647387958,0.0039193511906685,-0.0025464004653765
2020-08-17,-0.0309166572009789,0.0,-0.002487249704796,-0.0666080355489724,-0.0473873793747499,-0.0407814882921104,-0.0256219290439897,-0.0264380900213113,-0.0292109754496521,-0.0292160383004188,0.0184016561490534,-0.0422524314765695,0.0144524593524579,-0.006899091464239,-0.0216918342163038,-0.020201471174403,-0.0431173659920745,-0.0332991340747733,-0.0236741357955184,-0.0150962983789862,-0.0365903926438725,0.0190162271805272,-0.029320987654321,0.0,-0.0353039111329458,-0.049905715586189,-0.0426317301032216,-0.020327084093356,-0.0377644491486666,-0.05,-0.0311095893508365,-0.024988549526312,-0.0420374129865976,-0.0161568034142677,0.0016737674984783,0.0060323400452424,-0.0310462095448726,0.0,-0.0347580098970244,-0.0013616780635896,-0.0302011342858029,-0.0200855935095964,-0.023856287797039,-0.0756468604377074,0.0210734636421718,-0.0247537097315826,-0.0551069540276226,-0.0013457005802833,-0.0348063695467821,-0.0505227687123502,-0.0469983545029304,-0.0361712070813976,0.0004290194686076,-0.0030773217582844,-0.0324800772760203,-0.0236744845540551,-0.0345895117540687,-0.0230146443715805,-0.0258645134598667,-0.0332508647744713,-0.037516539968347,-0.0065767501605652,-0.0521847996857816,-0.0338584913906125,0.0075239144154735,0.0,0.0040605103757134,0.0097057869535532,-0.0023898352341376,-0.0608535838268328,-0.0277249284568698,-0.0271605101521332,0.0079737401913133,0.0143440784318416,0.0,-0.0210943764694331,-0.0173477565392029,-0.0306201422435453
2020-08-18,0.0178908222958644,0.0,-0.0120768688293371,0.0242044797090668,0.0618493655876835,0.0636879330537363,0.0136094263393522,0.0141010989010987,0.0106739565120794,0.0293309003932977,0.0097907317025267,0.0834266129683696,0.0313727471361633,0.0112936007622945,0.0225983262750499,0.0264982710479113,0.0116399952281132,0.0296235290122095,0.0148199406049072,0.0443910098048905,0.0332079031957257,0.0631206315456129,0.0249072602013777,0.0,0.035322742640506,0.0280258700338773,0.0695347585561898,0.0090915283485843,0.0,0.0348737697903294,0.0344021710140289,0.0234928201273785,0.0566112981460356,0.0258668671138473,0.0815737505696492,0.0705660272603614,0.0129406706792778,0.0,0.0107090128850027,0.0040906042768795,0.0197651194375649,0.0127985281246092,0.0063464291394943,0.0946271994350615,0.007401792709107,0.0179873038817937,0.0477270233697839,0.0961423060437205,0.0429731734936935,0.0482603270293482,0.0779836388915833,-0.000462049216798,0.0150536044362292,0.018585911099558,0.0484837139648071,0.0470686268674485,0.0301895085963177,0.0051621221292152,0.011700873747954,0.0563960996647037,0.0393967167156374,0.0121906436680545,0.0275264049396273,0.0190887604745049,0.0058218799513614,0.0,-0.0068806043010199,0.0200067393013589,-0.0089101531827678,0.0557766181053851,0.0370341919389987,0.0295634799274167,0.0677857132873975,0.0133362818811735,0.0,0.0164667989211599,-0.003972971999227,0.0332333142880927
2020-08-19,-0.0175763666436362,0.0,0.0061186248390674,-0.0279296473085132,-0.0381182873698141,-0.0360884033634121,-0.0045734991675643,-0.0036062902023336,-0.0038421837366671,-0.0185056535070908,0.0014879215777803,-0.021350247373158,-0.0051799512619243,0.1288669603197074,-0.012508359547222,0.0057465052601239,-0.0545990566037735,-0.0180675699077241,0.0028411512344803,-0.025946173254836,-0.0296347419834359,0.0047234545048351,-0.0206825232678385,0.0,-0.032061266874351,-0.0047600026629385,0.0,-0.0060034112336695,-0.0311120768092127,0.0105437254496589,-0.0209719890031617,-0.0267075073798331,0.0030765314631298,-0.0096037139581059,0.027191011235955,0.0234668741086476,-0.034367271029552,0.0,-0.0476816576432568,-0.0004526599336593,-0.0071448716743443,-0.0038801047628286,-0.004955033270638,-0.0449438202247191,-0.0038681203258109,-0.0375191731916917,-0.0111351577771573,0.0022347788683376,0.002208951871057,-0.0247893638401482,-0.0265936386432625,-0.0128178056784136,-0.0042393252043179,-0.0056622432053081,0.0,0.0603804045066451,-0.0079419722079459,-0.0343385880740232,-0.0048960185652495,0.0115294460706796,-0.011893616193576,-0.0020643631644029,-0.0333072870718121,-0.0504122418633553,0.0239464654235508,0.0,0.0012211149400309,-0.026344768046232,0.0120854846615057,-0.0034771445537892,-0.0107134920603978,0.046781656996125,0.0211651984973624,-0.0106234705664977,0.0,-0.0086016435772749,-0.0268826044064451,-0.0127405096203847
2020-08-20,0.0023335855168518,0.0,0.0028506632543172,0.0047361102463525,-0.0161111555469223,0.0465010912153969,0.0009248054465136,-0.0067166646365866,-0.0024082282731754,-0.0015071452106951,0.0074479758402035,-0.0088210966239306,0.0084689431054434,-0.020550057357603,0.0295625564362393,-0.0066629650194337,-0.001532457812862,-0.0023850314085122,-0.0145904751111992,0.0102426283296634,-0.0172559060718467,-0.0053683173977956,0.012143611404435,0.0,0.0373651037880338,0.0232449245794175,0.0014601550899191,-0.0076695657685638,0.0,0.0024549918166938,0.0164074742234103,0.011575786155717,0.0247905318194745,-0.0028294214651998,0.0124881499307227,0.0130985558652141,0.0028330083431895,0.0,0.0166894386631262,-0.0072458388394779,-0.0061547201969509,-0.0026027142591559,0.0,0.0567970728961439,0.0159127662055225,0.0342042722284274,-0.007165801828515,-0.026198637151948,0.0044081663148849,0.0115009947448934,0.0169356777044393,0.0389584862902434,-0.0106361189138577,-0.0069777513995604,0.0070820686782122,-0.0175511954540581,0.0106740694401001,0.0150269206980118,0.0183295334429849,0.0157887150602611,0.0189738030808479,-0.0034460158322154,-0.0052461957258628,-0.0238857596933648,0.0112937079616468,0.0,-0.0028475157879505,0.0319954579795247,0.0063221860301581,0.0387299444057893,-0.0057773171337255,0.0121895849361199,0.0103696677604594,0.0089758897953662,0.0,0.0044404384034328,0.0203396130776378,0.0274197197936101
2020-08-21,0.0069844577211746,0.0,0.015337190792632,0.0707109098720957,0.0013169661003169,-0.0219765477794783,0.0091805341222956,0.0046773995760558,0.0,0.0056649087320259,0.0110845510274897,-0.0061325442097693,-0.0178575787906158,0.0217578385730417,-0.007796017209708,0.034457887809012,-0.0015169632181035,0.007172200148158,0.0413432235064112,-0.0053685323874743,0.0060570970471653,-0.022281127576222,0.041731872717788,0.0,0.0094164393068303,-0.0106883702686801,-0.0211537352652866,0.0,0.011170913576094,-0.0046938775510203,0.0121069610167514,-0.0063595813275626,0.0089744301322256,0.0121540265168462,-0.0291067216450293,-0.0258584039812937,0.0263813238874299,0.0,0.1231195738992139,-0.0063789054904952,0.0061928353658535,0.0017396707051877,-0.0016519605117901,-0.0385639714498775,-0.0026746240057484,0.0206714868734039,-0.0309322335205858,0.0,-0.0168207092778903,-0.0053834218816116,0.0349314279827159,-0.0111563671974983,-0.0077338262476894,-0.0074790811876069,0.0035456801796478,-0.0244126024467167,-0.0036993694146777,-0.011492932420958,-0.0096584403131662,-0.0094962615292255,-0.0194215770114468,0.0,0.0105424844824693,0.0077696635939183,-0.0035967405276005,0.0,0.0004094303735144,-0.0019134707905286,-0.0115167576404819,0.0122230254475033,0.0203341459064152,0.0401405511148766,-0.0184586108468125,-0.0119157965919889,0.0,-0.0074322427205312,0.0056533661871076,0.0144451384400983
2020-08-24,-0.0084773497461019,0.0,-0.0323138562611984,0.0974449400398189,-0.0037578113764259,-0.0011472108436366,0.0289857895608303,0.0155361813426329,0.022707381582111,-0.0052562497721279,0.0102385174169192,0.0091975738291738,-0.0019636354597766,-0.0266150635178885,0.0004125068137286,-0.0009238277845563,-0.0289554586401658,-0.0037277255859047,0.0196576477084484,0.024355924101892,0.0126388950374076,0.0048343368574632,0.0060090135202803,0.0,-0.0186504539602725,-0.002015396306208,0.0081966523323431,0.0009353085833954,0.0552375143811596,-0.0157883945048186,0.0090852070172744,0.0294383454079441,-0.0168075049825874,0.0008001656286895,-0.0055915653601135,-0.0022334608374194,-0.011933507768038,0.0,-0.0341047487767771,0.0041243630944765,0.010289429662595,0.0134413127652599,0.0166105820863464,-0.0376546629732225,0.0180020613811253,0.0004746757206663,-0.0085118872908717,-0.0030911096041756,0.0007471367638574,0.0228635357331379,-0.0077881163884222,-0.0027122382718203,0.0199248904652618,0.0181631756261899,0.0140737251207161,-0.0109400868047788,-0.0056545986691064,0.0030670661768792,-0.0066458923779041,0.0095873050856796,0.0014289917202536,0.0155684007707128,-0.0089384373557166,-0.010406395894463,0.0056098657892866,0.0,0.0,0.0,-0.0024742405548701,-0.0241541304119927,-0.0103179690383232,-0.0038633396025251,0.0125371591055964,0.0122187936964948,0.0,0.0117365814156003,-0.016716559471235,-0.0609723111965264
2020-08-25,-0.0085604770017034,0.0,0.0257679597793523,0.021664609899904,0.0188669140965163,0.015598764083518,-0.0059821859589008,-0.0005065160282273,0.0,0.0098105692695829,-0.0209866757256633,-0.0274616702519556,-0.0076832077703754,-0.0109404941794206,-0.0351222529293089,0.0296247186698537,-0.0266897364158446,-0.0037416735180121,0.0163002274450341,-0.0087871987920222,0.0112898642593279,0.0199269669617605,-0.021901443504231,0.0,-0.004134785774139,-0.0189697411110375,-0.0044322763202925,0.0161452065784195,0.0026271542664983,0.0237499999999999,-0.0101006897645287,0.0,-0.0085431093474958,0.0180033099253029,-0.0010164307428338,-0.0066381927648845,0.0303512494106552,0.0,0.0012608948587695,-0.0050218487898843,-0.0081383360929737,-0.0038556365734667,-0.0073557605778183,-0.0063134462973267,-0.0169317422246687,0.0428685805033788,0.0171699230313793,0.0105650678565722,0.0029674151357073,-0.0188247618020627,-0.0094190966873815,-0.0208202853902533,-0.0046756966057365,-0.0043478955865662,0.0034841182277451,0.000452396570834,0.0078198982729837,-0.0037075097221384,0.0348049907972123,-0.0198548272662774,0.0026519284844923,-0.0071538792340188,0.0763138609715243,0.0114881816981382,-0.0115455230204313,0.0,-0.0044915298140185,-0.0201332554472666,0.0042453902416195,-0.0074259336970207,0.0010794515601018,-0.0111358976363277,0.0196068419708961,-0.0212836026205963,0.0,0.0,0.0273800552624967,0.0121926260574269
2020-08-26,-0.0039198419176081,0.0,0.0116828580382326,-0.0471215359149865,0.0031491024600933,-0.02182490903727,-0.0240537066133408,-0.0224526081616175,-0.0207831778513392,-0.0156980648127422,-0.0007421829818405,-0.0055494895145039,-0.0101646421042063,-0.0387024914008689,-0.0274111985022537,-0.0422604422604423,-0.0225802791330987,-0.0245974804634868,-0.021633718761656,-0.0211471733243059,-0.0166538781597518,-0.0155004993306843,-0.0396946564885495,0.0,-0.0186699955859633,-0.0048594472378765,-0.0334110268965053,-0.0073701587073737,-0.0456975159836494,0.0179080179080179,-0.016412507208304,-0.0145069368487709,-0.0055780800986255,-0.0129671126342846,-0.0005133997330321,-0.007822213012847,-0.0231424812675169,0.0,-0.0314865658788757,-0.0073523318794398,-0.0143628832858245,-0.0219068432554834,-0.0209852504119005,-0.064810165694643,0.0019148180922812,-0.0180399342853532,-0.0316501746216529,0.0244318814527289,-0.0148120229906717,-0.0203870157396868,-0.0206020959564365,-0.0055491209570072,-0.0285970140489437,-0.0284168446064185,-0.0346044789074706,-0.0106152072169845,-0.0119875619962801,0.0047476994640509,-0.0383804668388926,-0.0123390796917456,-0.0152546940035527,-0.0253922472877735,-0.0045423817837847,-0.0333016852599097,-0.0044292569088073,0.0,-0.0127079614702101,0.0129157907476054,-0.0070501767537231,-0.0283667553938098,0.0093360101006139,-0.040156393464553,-0.0141719665481496,0.0021112186406608,0.0,-0.0140016556382157,-0.0272371638141809,-0.024746784490667
2020-08-27,-0.001574107017714,0.0,0.0405788841116629,-0.0093392465041025,0.0116296817727234,-0.0036380087086012,0.0092400160017172,0.020877083534694,0.0149530376659048,0.0064531196224002,-0.0251468588129756,0.0264081318482296,-0.0239103425543244,-0.0369755434903245,-0.0211325807902748,0.0121901594097768,0.0016446095503444,0.0108520171629356,-0.0077882468275147,0.0008429789579482,-0.0139465875370921,0.0232768946874291,0.0116587175410705,0.0,-0.0038092560705625,0.0173624063210011,-0.0245734558102822,-0.0027837655852459,0.0027320153761669,0.0155937624950017,0.0049606373588433,-0.0033637089393849,-0.009944080914611,0.0059705645049106,-0.0148402039710853,-0.0112515010703283,-0.0009251452126661,0.0,-0.0091024008377288,-0.0152689134938643,0.0083246784373252,0.0096643066734862,0.0163943666508306,0.0027258084500063,-0.0038223171425434,-0.0072101927222418,-0.0337616149472788,0.0202994325223784,-0.024063199372597,0.0048963041318075,-0.0194173576090856,-0.0004635585068779,-0.0048359553278626,-0.0031561379447097,0.0,-0.0173333790376947,-0.0121379093970754,-0.0017612810048359,0.0107650099138896,-0.0098096698538696,0.0142503427095841,0.0147863095922784,-0.0621051860175391,0.0067645542269254,-0.0133468875201816,0.0,0.0008275309533471,-0.0065691508780625,0.0035534696614147,-0.0064154332418997,0.0039158557193637,-0.0076526895275984,0.0020572996037793,-0.0155467203908072,0.0,-0.0004058870299632,-0.0021045929053771,-0.0747919034309058
2020-08-28,0.0055180605798823,0.0,0.037972422661999,0.0396558638037256,0.0412414314924742,0.0122781792727684,0.0195483197339416,0.0189181047467401,0.0204384811180604,0.0396245771302254,0.002275785640782,0.000242619407347,0.0231192851205319,-0.0128014825195456,-0.0107997477743222,0.0176367767872749,-0.0098900886630994,0.0221798988794752,0.0099352288945,0.0365415141403997,0.0058626185619865,0.0200687589639754,0.0036668412781561,0.0,0.0738519715259307,0.0634312189593679,0.0543244348800397,0.0086102588968897,0.0313804953517984,0.0007874015748032,0.0253548972580539,0.0160352061425144,0.0352817202594322,0.0221585503462617,0.0181826800018958,0.017082508250825,0.0360320232555413,0.0,-0.0157483241180378,0.0126850546012222,0.0092859632998447,0.0104427736006684,0.0103386809269161,0.0189670085258863,0.0034512813320242,0.0241275047072131,0.0067653386557453,0.0282669109439155,0.0354461888242094,0.0200958540339237,0.0033003095591106,0.0051131027606117,0.0203185980471063,0.0176043496999633,0.0215189114667626,-0.0018604218506546,0.0115625294646002,-0.0009275642867585,0.0541220745619193,0.002698763351477,0.0181231926574747,0.015961996228476,0.0246909721679611,-0.0073166270349369,-0.000812131056134,0.0,0.0058089931429654,-0.0083631779630818,0.0045964724746123,0.0232488885307586,0.0209153210047092,0.0426697309202335,0.0297062327326185,0.0051010860181948,0.0,0.0083212815663589,0.0135743719082368,-0.0039672000531173
2020-08-31,-0.0345053481678767,0.0,-0.0304344334698466,-0.0528142839109639,-0.0164755548442629,-0.0363815326343593,-0.0221699633977507,-0.0451585109348471,-0.0340031341858071,-0.0424667109150606,-0.0090824728019429,-0.0298294358261943,-0.0161097852028639,-0.0276580543635097,-0.0318292070248982,-0.0401071815043199,-0.0515831983924147,-0.0257592847892385,-0.0352464807869993,-0.0314091946119949,-0.043979301251011,-0.0026259472536107,-0.0448851774530271,0.0,-0.0470333944327282,-0.0436308926780339,-0.0350952658080513,-0.0168353799080724,-0.0290982464058621,-0.0263571990558616,-0.0492345817936988,-0.0365445630227863,-0.0338323289538127,0.0104548848988603,-0.0260234816532125,-0.0167955973210113,-0.0591527411648017,0.0,-0.049333406560213,-0.0055629542254861,-0.0357815738240281,-0.028840825732455,-0.0360228965733553,-0.0545281836738819,-0.0179608136777735,-0.0057181010967869,-0.0089598352214211,-0.0143790752932175,-0.0081867138625199,-0.0274626912342966,-0.0148025400515676,-0.0365555427384934,-0.034187143728884,-0.0288329966768748,-0.0105034620349724,-0.0255818829943383,-0.0559008648813056,0.0013926381915887,-0.0488173866476259,-0.0359320878996082,-0.0354005068241166,-0.0341508438818564,-0.0233639871284561,-0.0484245439469319,0.0303522903726707,0.0,-0.0028851037537764,-0.0154928723354078,-0.0066902532453713,-0.0315576113863504,0.0020809011932017,-0.0414194662307366,0.0099569230769229,-0.0232407985777435,0.0,-0.0239469096846797,-0.0382493563810225,-0.0235522039830013
2020-09-01,0.0276186556622137,0.0,-0.0230483447312999,0.0278795821209361,0.0490034391464584,0.0212566507845179,0.0171547711404189,0.0310075462016861,0.0202541852250037,0.0197091172302954,-0.0137485803096418,0.0439407456232561,0.0270570171477233,0.0186670380544402,0.0098649153837999,0.0294359745186458,0.0438771522020859,0.0180871683161525,0.0136615869975493,-0.0187413956289793,0.0283618071814366,0.0170928653612929,0.0218579234972677,0.0,0.0174213385544492,0.0369035133717881,0.0379189175014422,0.0229869298967186,0.0449554956999684,0.0072727272727273,0.0191032192215754,0.0331906315799979,0.0260027065031009,0.0149416792519521,0.0476732181095136,0.0398415841584158,0.0161137744712918,0.0,-0.0224400959562334,-0.0060685369698639,0.0329409082767493,0.0272791493832302,0.0342047894839592,0.0281310788568009,0.0151783944247612,0.0460078865206696,0.0497116283903147,0.0226343744397838,0.0540107258049125,0.0190344517145475,0.0194746916873254,0.0600387926389769,0.0466005054552178,0.0447683585494314,0.0141730415703018,0.0503670229299668,0.0145649733954105,0.0403555358483529,0.001768782167673,0.0307453086899669,0.0449917985784202,0.0325282226306116,0.0097180364048989,0.0335127738404141,0.0123389926295713,0.0,0.0074463057291394,0.0183259988273916,0.0120512580174341,0.0136856023644873,-0.0003442054339068,0.0622429166347309,0.0502443363921081,0.0348497938527854,0.0,0.0140220985107526,0.0357466453068748,0.0348811906113062
2020-09-02,0.008691793128829,0.0,0.030773888821606,0.033973571708979,0.0088334741294919,-0.0013293747507422,0.001201269913909,-0.0001458701583978,-0.0009973091470184,0.0122718577427001,0.0015455482150432,-0.0090627041149574,-0.0097361809045225,0.014836291634255,-0.0088403162623142,0.002763823462949,-0.0033697237220667,-0.0078594233053382,0.0199522036347468,-0.0315837932338449,0.0010143702451395,-0.0135749373229245,-0.0106951871657753,0.0,-0.0089714661300048,0.0155193122194827,-0.0014906518443659,0.0050435559526469,-0.0130320436494955,-0.0120336943441636,0.0045150114343315,-0.0033370357850003,0.0238400068740334,0.0660630237024844,-0.0105023039372234,-0.0153361771277675,0.034201723104112,0.0,0.005738987961348,0.0070372109854406,-0.0133835676902704,-0.0038879974608995,-0.0020528389740523,-0.0246169199742187,-0.0268335060812264,0.0024188910829632,-0.0150598309636064,-0.019091324190436,0.0042732721313849,0.0349361856532095,-0.0043647422401162,-0.005438496422339,-0.002576712409447,-0.0030664504631785,0.003508361595135,-0.0140907590571255,0.0072726900246351,0.0041894706252725,-0.0212019595537612,-0.0045142341230386,0.0128967544996987,-0.0178087416410283,0.0229555014846585,0.0192483043755229,0.0035356237352004,0.0,-0.0049309870313998,-0.0412749903667791,0.0010518516558395,-0.009643453786407,0.0346632057695073,0.0048464003752051,0.0037478823884335,-0.0071214660059182,0.0,-0.0117938199491685,-0.0017928359738026,-0.00609791293879
2020-09-03,-0.0125336681367972,0.0,0.0082833006309406,-0.0299418300881256,-0.0205438606333751,-0.0358521542352575,0.015645383992763,0.0382664664235141,0.039301186664155,-0.0095499007570987,-0.018558302318779,-0.0196149515256378,-0.0214652711703139,-0.0318170415586587,-0.0136073003361409,0.0045936763278324,-0.0219278299555115,0.0130924281274942,-0.005231037489102,-0.0304633737776167,-0.0067330968867872,-0.0150738712676929,-0.0216216216216215,0.0,-0.0004102423848757,-0.0432942201749199,-0.0201664937628095,-0.0125478377981945,-0.0171680078482321,-0.0136012992285828,-0.0215804908465593,-0.0138143900299934,-0.0254879169481638,-0.0191203547882556,-0.0207203718048024,-0.0199845281072718,-0.0192435327235416,0.0,-0.0242513360342918,-0.0088535494476088,0.020866953201144,0.0130017258928174,0.0242906683480452,-0.0294587854112933,-0.0074811941097174,0.0024160894560156,0.0109179083850543,-0.0535774686632019,-0.0219696013558587,-0.0029115187914909,-0.0011006065702501,-0.0127592159356759,0.0,0.0035106931203297,0.0034378277590023,-0.0002308908925088,-0.0116641497729711,-0.0092362601586802,0.0009043451631887,-0.0145340160264505,-0.0070503985062628,0.0338246791237581,-0.0083250603466087,-0.0260416666666667,-0.0125396935771735,0.0,-0.0239337461105698,-0.0206076439193547,-0.0087496117524995,-0.0058424133146451,-0.0579563864295458,0.0110821889118271,-0.028969423732732,-0.0326160788291726,0.0,0.0051438240270726,-0.0356212221178133,-0.0057702758200139
2020-09-04,0.0,0.0,0.0164538081476646,-0.0043699325658721,0.0113476290689387,0.0088163941539614,0.005325432691406,-0.0014712689281226,0.0009152447146885,0.0011099977800044,0.0031446864048834,-0.0241814392326484,0.0118755915107671,0.0168751469438086,0.0409103239369759,-0.0118889444895001,0.0362066874216633,-0.002044921220248,-0.0008216476774758,0.0022180584983744,0.0034913905483069,-0.0039861115481846,-0.0016574585635359,0.0,-0.0185163651287663,0.0099876374520138,0.0320128774575629,0.0,-0.0040331283047372,0.001234821979831,0.0135558565017659,0.0093353248693055,-0.0015114000904256,0.0285154889919414,0.0278633106396601,0.028338376529404,-0.0107264673052764,0.0,0.0160823621689247,0.0018821786989824,-0.0020503028500775,0.016687927027452,0.0032086302149858,0.0274538226702685,-0.0099222395023327,0.0133503303517898,-0.0172874488895518,0.0030509431378742,0.0434790623934224,0.0075905244570826,-0.0159144790190095,0.0267685104767603,0.0012843034499048,0.0017492056359726,0.0416932814586841,0.0156811122273414,0.0067446251356899,0.0068104371531494,0.0072091022086242,0.046085740913327,0.0011825640322895,0.0256315230673689,0.0135071270676117,0.0034602076124568,0.0043659922069387,0.0,-0.008457975774554,-0.0095841614395567,0.0031800636012719,-0.0026107070871664,-0.0181367163692405,0.0243065213917512,0.0250241074298502,0.0197221698098619,0.0,0.0026597535519492,0.0009294707890481,0.0079817417136753
2020-09-08,-0.0198432966388105,0.0,0.0029119090200395,-0.0021963595970816,-0.0035701924589648,-0.022112301556268,-0.0203215637998246,-0.0191960664205421,-0.0159342350661814,-0.0155527053916044,-0.0133486318420702,-0.0184878967433741,-0.0173737011364655,-0.0323125560326523,0.014626439433836,-0.0064962279966471,0.0232943793042901,0.0057946185629345,0.0040019735760099,-0.0110599239375426,0.0024625811917537,0.0060030963338983,-0.0038738240177089,0.0,0.0041954727921498,0.0289901755516186,0.0059137049486617,0.0194097841156664,-0.0067581293931227,0.0102774922918806,-0.0074797940764221,-0.0037823470997138,-0.0002501250625313,-0.0010499254258575,-0.0115431126094762,-0.0154290977943809,-0.0210722471428627,0.0,-0.0330935763450308,0.0079765323642411,-0.0132994573570464,-0.0218882128493348,-0.0224345945282599,0.0295419080395888,-0.0208392238174526,-0.0028087957138971,-0.0220052610279238,-0.0121661599692088,0.0076409377594826,0.0365059857071328,-0.0022329852811673,0.0404503823208133,-0.0347054313852687,-0.028787466158307,0.0,-0.0608465307700177,-0.023629450962757,0.0208298077062552,-0.0125303766707168,0.0105683994832732,0.0587212470692604,-0.0164409113548247,0.0201661627632958,0.0006144200626958,-0.0055272506310179,0.0,-0.0029822956640344,-0.0159860471390853,0.0119621994497387,0.0068723762439533,0.0032578570101253,0.0013982458370407,-0.0103250833323653,-0.0201688370385875,0.0,0.0044939167030431,-0.0231047255429247,0.0349152472214748
2020-09-09,0.0,0.0,0.0148373379666673,0.0002746974713374,0.0272934152662081,0.0213860620722288,-0.0011994630974705,0.0025150438444725,-0.002778442232322,0.0007488265340289,0.0087529851521128,0.0445983573952313,0.0045897278760773,-0.0018041563862259,-0.0013484516885076,0.0438374463896507,-0.0406474614402012,0.031169113103886,0.0258545375122856,0.0301233201022368,0.0081696584519341,0.0498005674144952,-0.016111111111111,0.0,0.0221250607259351,0.0140867115354514,0.0021973466003315,0.0267455004680574,-0.0230985300935395,0.0095625635808749,0.0235257628550311,0.0181528553488623,0.0314934476719608,0.0087814940327095,0.0426614517683696,0.0492736297720832,0.0009477797456254,0.0,-0.0312503830924446,0.0060572729286494,0.0041485202021807,-0.0055879174464272,0.0012318169692595,-0.0164026327263666,0.0167802102606331,-0.001300479739185,-0.0045000775875445,0.0400271194422854,0.0199787851425865,0.0050283255017347,0.0178912529550827,-0.0151182323297582,0.0221920151510524,0.0211130538052981,-0.0033446680416968,-0.0014405558850946,0.0051448729221621,-0.0109839101583406,0.0009036376220872,0.0113394677392693,0.0212165902147993,-0.0066872862128712,0.0067038556999976,0.0184964723868719,-0.0023853448174565,0.0,0.0222359749410985,0.0057726769749018,0.016693591814755,0.0110547907032525,0.0426008173366805,0.0167266726672667,0.0635591231281977,0.0123181989858149,0.0,0.0264194463170446,0.0306373415127143,-0.0264338852891767
2020-09-10,-0.0032374300127503,0.0,-0.0324284748817301,-0.0351841413002629,-0.054134527898227,-0.0387902910087433,-0.0207775373852707,-0.0335395883318601,-0.0329267842645213,-0.0120270105852291,0.0205243276069704,-0.0291983065654189,-0.01600363423973,-0.0207999531048497,-0.0139849648232589,-0.0142962987909608,-0.0033784455175978,-0.0216843861083895,-0.0208383233532933,-0.0351137968293533,-0.013166718826843,-0.0271943995691974,-0.0367024280067759,0.0,-0.0179728133190293,-0.03219632659361,-0.029297149712489,-0.0216363831846038,-0.0250265200156327,-0.0370818218460297,-0.0241036485902733,-0.0294385840300241,-0.0239370710961122,-0.0031305075998792,-0.0331202944026169,-0.0384396284829721,0.00537636565706,0.0,-0.0322576818221723,-0.0162022625465037,-0.0227305104867432,-0.0168756240004946,-0.0212834316790873,-0.0333312224262767,-0.0088564456411981,-0.0442408840375769,0.0022602099137483,-0.0323461564475254,-0.030399656209712,-0.0322620582173573,-0.0225190910611099,-0.0210574652322226,-0.037787440046618,-0.026847155364585,-0.0233793836344314,-0.0416424207157403,-0.0193338089113601,-0.0072315236964101,-0.0285301292763978,-0.018970514524811,-0.0537634156519456,-0.0306327469012395,-0.0298053498283935,-0.0395201476468778,-0.0091637220259128,0.0,-0.0083642234283227,-0.0148794890393687,-0.0174465171558495,-0.022830747546497,-0.0221612406968524,-0.0173651505263456,-0.0374608288829059,-0.0245017538387203,0.0,-0.0415836639870598,-0.0386582915606635,-0.0242922464473668
2020-09-11,-0.021934751899269,0.0,-0.0538876148124002,-0.0199432973667358,-0.021242669058498,0.0003597732749549,-0.0162933979618653,-0.0227872579507146,-0.018707726357765,-0.0308245537336134,0.0,-0.0128923960820959,0.0434627763414763,-0.0138485637602642,-0.0105206527586825,-0.0244802432649435,-0.0306287263953418,-0.0315673599788117,-0.0322352685366383,-0.0172063398015109,-0.0199229810850606,0.040317372451333,-0.0105509964830011,0.0,-0.0158057401248694,-0.0097920387854045,-0.0203794620026593,-0.0300095826703121,-0.0285321613147986,-0.0184177480117204,-0.0006837889173342,-0.0234928201273783,-0.0177675522593968,-0.0297037923371834,0.0030154542027893,0.004456121371352,-0.0358609460489505,0.0,-0.0412701915257907,-0.0089445576341298,-0.0200845494744001,-0.0136513556991489,-0.0117138396252852,0.0388042101585361,-0.0170593229332484,-0.0220095183083026,-0.0045102257704968,-0.0077054747834569,-0.0083678299486761,-0.0333300723192583,-0.028087716296958,-0.0246375840425293,-0.0049690984192055,-0.0108392537016134,-0.0239963346887349,0.0005059896525114,-0.0199114339418267,0.0078148366120269,-0.0200449838107713,0.0061532993457955,-0.0249392375520599,-0.0124980020726884,-0.0187898794307682,-0.0243136953486287,-0.0176767076389053,0.0,-0.0173033358860796,-0.0161790468001411,-0.0121815731518916,-0.0019743865298997,-0.0208930876929857,0.0027894083335739,-0.0157623835016563,0.058432214680941,0.0,-0.0084725604576088,-0.0052856271599918,0.0212380735837776
2020-09-14,0.0440231545188838,0.0,0.0896126587262524,-0.0008712865233374,0.0254711509940988,0.0483754953585582,0.0145151236308587,0.01536747336988,0.0117341681087284,0.0153116006022986,0.0262942902962268,0.0431444049017373,-0.0077995626177203,0.013107174293548,0.0166407627290849,0.0055862986831045,0.0491226626622509,0.0419547548437273,0.0200247149356849,-0.0002712951631086,0.0023113103974297,0.0124945804264711,0.0450236966824646,0.0,0.0401489339281322,0.0191013045579,0.047766959880974,0.0067477239460362,0.0132187803943528,0.0183368869936033,0.030662638256236,0.0166243841179656,0.0443303555850229,0.0442938899598837,0.018588280584046,0.0099497384347113,0.0192513855947813,0.0,0.0132452815069852,0.0019000599609086,0.0118679647597479,0.0133938333697791,0.017774969213818,0.0580816043387777,0.0227266592890496,0.0436197770380666,0.0022653300351516,0.0311751426146373,0.0428715730005631,0.0576704501222227,0.0352621354159876,0.0427163010122291,-0.0099878273354349,-0.0091456763605242,0.0526346672925712,-0.0153995928843261,0.0205109868677675,0.0039680640251198,0.0223567393058916,0.0646229591442479,0.045310058314594,0.0066831308379498,0.000369249705113,0.0149149871988445,0.0032673806498455,0.0,-0.0008556044818415,0.0114020789958131,0.0077531245424657,0.0214320977054669,0.0434003308421471,0.0366452043907439,0.0216636772345035,-0.0006456886951163,0.0,0.0002113392051359,0.0199712442766428,0.0795985849873424
2020-09-15,0.0254569617219668,0.0,-0.0213652532324544,-0.0369510506628315,0.0066461891800297,-0.0246930361107335,-0.0114303548091363,-0.0125187649790622,-0.0106275644043855,0.0092862014805359,0.0429565422489535,-0.0195119491781787,0.0168301694483372,-0.0110900838372389,0.0140994959835345,-0.0184943315396269,-0.030097449069626,-0.0116473637586534,0.005451691951871,0.019803890825323,0.0223564815348606,0.0240773902211148,-0.0090702947845805,0.0,-0.0060921248142644,-0.039446235539541,-0.019855011085922,0.0106276670447793,-0.0043487746345719,0.0100502512562814,-0.0128770919260794,-0.0197943854475902,0.0014618722824839,0.0058610036004684,0.057689711956375,0.0525086329473898,0.0128043728984257,0.0,-0.0326795021179756,0.0,-0.0127905647124164,-0.0105734476991961,-0.0133093467912692,-0.0196090118011682,0.0303079887044417,-0.0160093749423293,0.0,-0.0079733466012508,-0.0195431363305189,-0.011246706216602,-0.0161961675786981,-0.0048428277282084,0.0023014596929284,-0.000457270602581,0.0,-0.0002568218298555,-0.0057971014492754,0.0004386236751896,-0.0093056761664165,0.0049252911106272,-0.0001896024910851,-0.006638763115447,-0.0132573233125878,-0.0178393552476682,0.0546529159881794,0.0,0.0485603172265585,0.0600601420862996,-0.0014000145284527,-0.0119429121793187,0.0051989132984719,0.0304220532108154,0.035021318315511,0.0111438445078035,0.0,0.0,0.0118395196698433,-0.0136185878830467
2020-09-16,-0.0256004418997439,0.0,-0.0074887783713926,0.0084593296874813,-0.0145962706281949,-0.0045393610384782,0.003127404747341,0.0063387356311619,0.0019521575711662,0.0045941807044409,-0.0361272084805653,0.0013769618850092,-0.0134567916703209,0.0074779851349167,-0.0107605354698147,0.0179024502758999,0.0051752719039339,0.0084235161333157,0.0131445628063642,-0.0064750753947134,0.0053118303823163,-0.0168779579191454,0.0411899313501142,0.0,-0.0183951942809769,-0.0074037512339585,-0.0187576250508337,-0.023089565600823,0.007274745822134,-0.0140961857379767,0.026090149100491,0.0158036485593779,-0.0233850080702676,0.0181705791872115,-0.0121150246724519,-0.0187204477467916,-0.0246514593198795,0.0,0.0,0.0009482282898469,0.0,-0.007115206368246,-0.002944640753828,0.0119966765963481,-0.0168650132942617,0.0112966800763947,-0.0056505247843708,-0.0045773999606381,-0.0295493290204134,0.0176277040808729,-0.0073736966415116,0.023460216394564,0.0036487166582788,0.002761822463952,0.0,-0.0056386873033202,-0.0099157402364398,0.0028926939224833,0.0098612453059474,-0.0334722852779725,-0.0026500757338155,-0.0073827710975477,0.007465865874187,0.0017122836595453,-0.0023216981563658,0.0,-0.0274601803976237,-0.0267931599906301,0.005250801838442,-0.0235223224571541,0.00517202439208,-0.003472128619721,-0.031170833792268,-0.026037178382371,0.0,-0.0131288154370656,-0.0177877216082601,0.0235672636885266
2020-09-17,0.0477711519802896,0.0,-0.0252749552398445,-0.0023983648586382,-0.0089915024643941,-0.0059600794677263,0.0018686257732669,0.0036750415209019,0.0024330192702881,-0.0045731707317071,-0.0134909229550986,-0.0035032864706955,0.0223655968604339,-0.0055681129058934,0.0253846195268789,0.0101621056301202,-0.0102972527251518,0.0019998189464327,0.0096224018163635,0.0051840609469391,0.0075274004105854,0.0257515708071531,-0.0219780219780219,0.0,-0.0158323583775813,-0.0081551466931876,0.0053532266141707,0.0028085149065577,0.0072222061084199,0.0481497056349873,-0.019508627049894,0.0082091045522763,-0.0184573073342385,-0.0060617184595329,0.0117899342037273,0.0190775887501231,0.0142569959177634,0.0,-0.0016898723333197,0.0023683250118415,-0.0010921004732434,0.0008969184444871,0.0012703395933293,0.0092312621398105,0.0135640030223287,-0.0069236023750427,-0.0113652693046283,-0.0232135077535352,0.0049547317688392,-0.0139646823016488,-0.026876624172196,-0.0090838027979189,0.0223298232418203,0.0193302017505323,-0.0133229276994258,0.0100496021494265,0.0068708506587709,-0.0027132851182725,0.0130248661018119,0.0135152446835766,0.0051265299754521,-0.0060227338477641,-0.00593049460325,0.0130042602429916,0.0015475794710717,0.0,-0.0008397383439505,0.0302626955052447,-0.003131393535909,-0.0130463665106957,-0.0267568923807454,0.0078449194678438,0.0514779445202364,0.0182043619444871,0.0,0.0027486517140016,-0.0019064866528248,-0.019075610226615
2020-09-18,-0.0281237319349503,0.0,-0.0302958015267175,-0.0273257695982062,-0.0302494658694416,-0.0097046356905245,-0.0251990301269278,-0.0177886138788155,-0.0238166610259633,-0.0191579195367379,-0.001526097254016,-0.0496707701116518,-0.0006459787820813,0.0167928312955478,-0.03581087823041,-0.0265560022777078,-0.0415769152611258,-0.0336580317689768,-0.0398897009611008,-0.0206293002380304,-0.0090856455707477,-0.0197240703394461,-0.0292134831460674,0.0,-0.0258152556202696,-0.0287108526354489,-0.0121695666363215,-0.0172721858248958,-0.0415970742383228,0.0206619859578736,-0.0386761742365525,-0.0235733672056802,-0.0391359206404456,-0.0067710577528611,-0.0223858364897646,-0.0187204477467916,-0.0345051212522851,0.0,-0.0490692147392337,0.0066156420426375,-0.0280943546249669,-0.0143378352429111,-0.0249058555428053,-0.0274206349206349,-0.0086577415838937,-0.049721280708143,-0.0172438853578931,0.0006886056113069,-0.0246694455649679,-0.0113359002322079,-0.0440657076024942,-0.0366628583863771,-0.0222865989178583,-0.0225773298411962,-0.0168926553672316,-0.0268051257129703,-0.0194970406277619,0.0128981536628944,-0.0197412941136377,0.0041711432724516,-0.0029806801480396,-0.0256604292790313,-0.0040982968723251,-0.0004153632481406,0.0255471110704148,0.0,-0.0105456998169223,0.0210123003959956,-0.0143269122897322,-0.0305092226492817,-0.0024664375945114,-0.0077838557463644,-0.0419622005016866,-0.0067655439036211,0.0,-0.008633076918638,-0.0132149691686158,-0.0157639419109537
2020-09-21,-0.0046891058581705,0.0,0.015621156211562,0.0095701159128542,-0.0073408704433731,-0.0005350237374456,-0.014672413445852,-0.0175820630696025,-0.0149476979158411,-0.0179708092869198,-0.0190259733815019,-0.041711101069438,-0.028043656614375,-0.0458686493184634,0.0146733624549286,-0.0178679051299321,0.0054066661012637,-0.0172366900115591,0.0109304854585505,-0.0093166950822843,-0.0050901164097262,-0.0103729054710107,-0.0439814814814816,0.0,-0.00911952864384,-0.0281830695113558,-0.0454177932725329,0.0038029146426092,-0.047909499271367,0.0143474842767294,-0.0074410760837431,0.003069261649474,-0.0100522991238197,-0.0030701315293926,-0.0176483392103086,-0.0148244665158815,0.0046304847945459,0.0,-0.0373661046390184,0.0150143910360007,-0.0011248977365695,-0.006354772573358,-0.008660412384804,-0.0402709208862051,-0.0162790938887276,-0.0187019350443475,-0.0397585177615833,0.0176685734591948,-0.0354034355670339,-0.0378193824334971,-0.0104463437796771,-0.0285478706281662,-0.0300844999764843,-0.0346313004545146,-0.0447100741336704,-0.0262424768062236,-0.0183005107754498,-0.010132560611905,-0.042621876117446,-0.0240732582289634,-0.0358629312588635,-0.0014610116283488,0.0011251582253755,-0.0065317040865353,-0.0132142857142858,0.0,-0.0166255491354496,-0.0303686940683569,0.004251416022817,-0.0283204977427065,-0.0084822255137938,-0.0235293481142435,-0.0054736081799404,-0.0269191740342754,0.0,-0.00828332101216,0.0227472697171136,-0.0102218321723255
2020-09-22,0.0054963966871033,0.0,0.015041782729805,-0.0076462311557788,0.0194094366952177,0.0224626976920678,-0.0019520670448157,0.0103074916308643,0.0060738312400068,0.0051687071151791,-0.0178369081343584,0.0082614490858334,0.0058703158971735,-0.0134652148616074,0.0230444678247052,0.0181929754900189,0.019802188995972,0.0175390043933996,-0.0001654944145635,-0.0189489872513897,0.0178105553234022,0.0338928717141691,-0.0193704600484261,0.0,0.0315672114901151,0.007967139973797,0.0225780303651284,-0.00094943126302,-0.0283081389844415,-0.0077504359620228,0.0016381402369889,-0.0113782587110042,-0.000800457404231,-0.0095830603627599,0.0063104903038251,0.002146083397799,0.0184491051243798,0.0,0.0628463042166553,0.0078624339426656,0.0,0.0032023751727228,0.0087360703567158,0.0209803588130261,-0.0181616891161662,0.0123061620928819,0.0816052200456474,0.0089063023260058,0.0194757553524977,0.008929615909534,0.0372669067066422,-0.0037322109571202,-0.0004687398978469,-0.0047960366817749,-0.0035492991638091,-0.0164370251413611,0.0050638546506773,0.0109348565780218,0.008315609275302,0.0017089607583917,0.018304528825533,0.006956758226815,0.0123316110703526,0.0241680391080438,-0.0068765834238146,0.0,-0.0039006838575508,-0.0239028499824192,0.0,0.0147506100536847,0.0121183120727954,0.001784091664635,-0.0128458273756838,0.0033670033670034,0.0,-0.0002113072877535,0.0192425865126322,-0.0089498830300558
2020-09-23,-0.0281233619666028,0.0,-0.057927265785329,-0.020644283121597,-0.0271982349676888,-0.0256274313586448,-0.0207569582403178,-0.0263093744074974,-0.0236188991174147,-0.022156620410986,-0.0260720871061118,-0.0009540675704325,0.0008900303881804,-0.0126695593563064,-0.0618359262271427,-0.0206863544510227,-0.0282269738202571,-0.0193105323995376,-0.0204695301939363,-0.0418211450894524,-0.0105747891699955,-0.0399319747066174,0.0098765432098766,0.0,-0.0276272754886516,-0.0222721843602895,-0.0023602550856817,-0.0196525285330726,-0.0226534589152321,0.0078109744190586,-0.0283029387614424,-0.0208047225695371,-0.0270038910505836,-0.0366125099582358,-0.0033820679936585,-0.0032122313802634,-0.0384864722922017,0.0,0.0956523841461065,0.001835552546453,-0.0200320786267617,-0.0191436096453266,-0.0268431346549095,-0.0356020070371216,-0.0028726374570446,-0.0438585789978668,0.0360282218913845,-0.0336349384120441,0.0022057105472217,0.0572621164102959,-0.0191660926293609,-0.0257448621144397,-0.0244344184090946,-0.0273967766421296,-0.0324800772760203,-0.0452094452753042,-0.0072529967057,-0.0121140042025299,0.0087306364567094,-0.0178330007081697,0.1397356326110925,-0.0283748089170252,-0.0095960608350165,-0.0109756875757768,-0.0142469934402331,0.0,-0.0335093397549902,-0.0156227334706547,-0.0042334180016934,-0.0127663012739368,-0.0454251933395859,-0.0432065307567227,-0.0232325554661455,0.022313455126212,0.0,-0.0169198976117229,-0.0328079513547964,-0.0152815056237218
2020-09-24,0.018491612732796,0.0,0.0139442987955471,0.0072346867864589,0.0046601602303859,0.055105899636799,0.0079475461951123,0.0159951782651028,0.0190409893124769,0.0226586597337279,-0.0154104880164153,0.0128516412525825,0.0111917072117277,0.0049387193463397,-0.0103579418344518,0.0355313410682933,-0.0018087800310684,0.0066820356375234,0.0138282592164926,0.007680172430583,0.0024672804961476,-0.0179974750687504,0.0464547677261615,0.0,0.0236029988667072,0.0154139120436906,0.007115372597334,0.007726840653911,0.0231785328570242,-0.0253826777756249,0.0168518421921999,0.0149198275140249,0.0145612111916668,-0.0014333540484733,0.0014581639506523,-0.0010741943542343,0.0349787916805353,0.0,0.123808940049608,0.0238034451169146,0.0261352556066305,0.0144030969504904,0.0244666808601234,0.0113555406834913,0.0070057349021297,0.0047449748440469,0.0206552706552707,0.0326086461652554,0.0109949548171703,-0.0027928468028484,0.0134333085460904,-0.0033660353852972,0.0072271582018299,0.008403361344538,0.0149132659428428,0.0473501178364084,0.0,0.0249628840077658,-0.0043249859743967,0.0388918021324942,-0.0166194568296295,0.0273354977873645,0.0026051937807485,0.0090070327117879,-0.0007856094827686,0.0,0.0099093075485607,-0.0135104601071799,0.0102837401748772,0.0215523120993044,0.0320923228076956,-0.007913569256737,-0.0104626393155151,-0.0074444202624179,0.0,0.001958793669752,0.0318406223507703,0.0232820371376885
2020-09-25,0.0134223836078328,0.0,0.0003497464338353,0.0006242274159038,0.0118733901894567,-0.0141818369346604,-0.0039424403705894,-0.0021721274071371,-0.0010146266977416,-0.0094966092686393,-0.0156516881693862,0.0031058962729244,0.0079648241206031,-0.0078599329172506,-0.0114157831679364,-0.0222513546582765,0.014539097808476,-0.0108217468038397,-0.0300294460803378,-0.0171245232450262,-0.0131115262845827,0.0056905383588128,-0.0216121495327102,0.0,0.0076862477910022,-0.0050599766462616,0.0047071129707112,-0.001676410706614,-0.0097109451120493,0.0025844930417495,0.0009472967843207,0.0066825135738557,-0.009204900624171,-0.0190317496963553,-0.0082244244226579,-0.0054017555705604,-0.0042220014100826,0.0,0.012711922954693,-0.0147567916446634,-0.0011199158366279,-0.0022916043100867,-0.0052120567257976,0.0182509018720515,0.0049089334032061,-0.0101933300614002,0.040474528960223,0.0148936837299169,-0.0050733327183838,-0.0145532127041848,-0.0060195533572937,-0.0298918269230769,-0.0105325521690473,-0.0132289416846652,-0.0073778051029819,-0.0274000795796002,-0.0016285100805889,-0.0136770072145516,0.0067615330239418,-0.0033229578531169,0.0174176205571694,-0.0087503314519489,-0.0174694866300196,0.0022764186052459,-0.0121171478453906,0.0,-0.0089180120076277,0.0465213548603935,-0.0070179856591869,-0.0014039639089712,0.0117940354874452,-0.0061005098324836,-0.0125,0.0100594133160318,0.0,-0.0063059519126463,-0.0037213348476428,-0.0137901237504064
2020-09-28,-0.0280461535180327,0.0,-0.0444147541393001,-0.047140810907315,-0.0300705265849249,-0.0408035153797865,0.0069265782703344,-0.0092470639885851,-0.0030268596080167,-0.0311615097169604,-0.0502008032128512,-0.0269142871184941,-0.0195428372011865,-0.0099014137999282,-0.0462018659105459,-0.0286214848847811,-0.0447993275898298,-0.0194259256035788,-0.0291262135922328,-0.0291364595760301,-0.0307203990251091,-0.0106923785835324,-0.0298507462686566,0.0,-0.0432231800766282,-0.0298385375915782,-0.0460918130564059,-0.0237664239039427,0.0392246892525662,-0.0261748958953004,-0.0276745203083146,-0.0353983660716571,-0.0437421897304608,-0.0387968524563325,0.0014681152070044,-0.0054059490583591,-0.0424321470716104,0.0,0.0083679995289274,-0.0127073221570437,-0.0055379074863676,-0.0004593735644576,-0.000434524655096,-0.0262043520187832,-0.0301398437666291,-0.0286272048599673,-0.0276395213385576,-0.0348670396346908,-0.0459206378638976,-0.0426155597384143,-0.0484890738955988,-0.0347961294958681,-0.0241833544009049,-0.0248426812585498,-0.0185196655311241,-0.0197218068447929,-0.0138258115332405,-0.0403479374164517,-0.0455831323584781,-0.0116902300063304,-0.0398294791596502,0.0209579857623269,-0.0177853639519751,-0.0333158949101071,-0.0118678386254842,0.0,-0.0373347797539181,-0.0112168164224659,-0.0127203198099292,-0.0320423920809026,-0.0346149248666802,-0.0500474856077571,-0.0126582278481011,-0.0079340769795788,0.0,-0.0240702975047983,-0.0206408110795798,-0.0534760432952977
2020-09-29,-0.0104120951461422,0.0,-0.0236119640920434,-0.0114701917154462,0.0085076900466791,-0.0247191317626526,-0.0245779543197615,-0.0181128313069488,-0.0238345000100865,0.0082478079248355,-0.0114555565768913,-0.0165977461409766,-0.0091780438817277,-0.0290017937025911,0.0111000563393788,-0.0068646937573616,-0.0225262880021118,-0.0071982674453695,-0.0098230088495575,-0.0067853598266187,0.0,-0.0266742793036439,-0.0387692307692307,0.0,-0.0079722040236441,-0.0104842552879503,-0.0343985570919853,-0.0127929930812427,-0.0408842743080758,-0.0146609651802076,-0.0063249328854343,-0.0087137061659693,-0.0097202848542691,0.0137062133059386,-0.0160722853030544,-0.0130700778642935,-0.0030657205740549,0.0,0.01106521770093,-0.0050593779453346,-0.0167233221161237,-0.0202123468832653,-0.0218359959538201,-0.0368337208301041,0.0109184681224625,0.003102009345294,0.0526271206950799,0.0001145322408258,-0.0313195409447363,-0.02670904470676,0.0031823112343487,-0.0108081047949732,-0.0282427134821885,-0.0163103454725698,-0.0226555597627161,-0.0132109141146673,-0.010105473042631,-0.0085883853247008,-0.0377113064616729,-0.0076009906909215,0.0024711137662758,-0.0244846670053203,-0.0165627028099741,0.0049234424498416,0.0092032169803499,0.0,0.0135463743876254,-0.0111347429000375,0.0021428619712977,-0.0014564256394064,-0.0032952285091187,-0.0203775587659913,-0.0286052355510015,-0.0073140829069282,0.0,-0.0008788804415299,0.0325955435420985,0.0070149215704591
2020-09-30,0.0153888796496479,0.0,-0.0143465110676909,0.0049715909090908,0.0185557853246915,0.0253456543316883,-0.0047085772461187,0.0072678381707238,0.0083075873898263,-0.0073596569023257,0.0463416051606904,0.0246138438426872,0.0146900338704709,-0.0030880683715031,0.0374278296126806,-0.0029649945332913,-0.0057613539181707,-0.0003665459746993,0.0059284416242142,0.0375030589770779,0.0006432372375884,0.077018863652736,0.0326504481434057,0.0,0.0375025971327653,0.0265253954729003,0.0042434576037395,0.0052320445743019,0.0229504960268498,-0.005992973754908,0.0066091913376804,-0.0199000444603952,0.0173232705148544,-0.0052613339214263,0.0291931915662106,0.0375265759881142,0.0194875042288706,0.0,0.0246239147798428,0.006934234657532,-0.0022584343837948,0.0023453280108747,0.0044698180450741,0.0294137368409288,-0.0112184531886024,0.0219066937119676,-0.0209916424293286,0.0196612834343334,-0.0007925043136312,-0.0085352027210449,0.0215896885069817,0.0114517437145174,0.0081560345886027,0.0155349774676274,0.0348033834829211,0.0160128336006999,0.00520732000412,0.0679417599651708,-0.0041770770432498,0.0357465576592082,-0.0021128763561008,0.0321153719660591,-0.0035232199830927,-0.0027714657244558,0.0115135439650719,0.0,0.0041488676926679,-0.0322913422609778,-0.0014300168634062,0.0391634485021206,-0.0051375146771821,-0.022325956444226,0.0182713196790276,0.0130237979484422,0.0,-0.002036121158436,0.011704281862132,0.0051317731393631
2020-10-01,0.0127534586113142,0.0,0.0835573659198913,-0.0019770643196254,0.0200594994776763,-0.0087260034904013,0.005743084857009,0.0016615016988388,0.0046422020228933,0.0140083476683867,-0.0161849325720379,0.0227819548872179,-0.0008977228185967,0.0268573246487953,0.0254896807076085,0.0168392097094958,0.0656435329802163,0.0079864775430624,-0.0091808327903807,0.0292743652743654,0.0201145395044413,0.0024270221202999,-0.0260384376937382,0.0,0.0456092920797037,0.0627593922552238,0.0219574776562156,0.0123940207419996,0.0368619125735789,-0.0228690228690229,-0.0017002919302879,0.0127453981024003,0.0493747388672423,0.0049091024260468,-0.0024039726964852,-0.0042711830930277,0.0160986339134912,0.0,0.0814419014544398,0.0091744500222024,0.0113525560663045,0.004918439851778,0.0015485407980941,0.0671559154960159,0.0218516546549347,0.0272386006699958,0.0204201453717076,0.0302690264063145,0.0260127503639375,0.0135290754326484,0.0397785020853047,0.057643209955738,0.0091165315425032,0.0122453565008988,0.0,0.0183441465235114,0.0215525093360049,0.0286108717606619,0.0246557814803483,0.021364103735862,0.0079400627061361,-0.0021508802676649,0.0011767345888817,0.0061905639998944,0.0337413703080582,0.0,0.0165327303772166,0.0208555423698131,0.0057282589605371,0.0458046626270924,0.0151296046403899,0.0129772222043236,0.0039956590370953,-0.0042298107763297,0.0,-0.002496409485123,0.0182643298619931,0.0215256306451814
2020-10-02,-0.0133799096505697,0.0,-0.008495814746128,-0.0194970220123462,-0.009021023080194,-0.0232862015845071,-0.0026909345170619,0.0048457739260088,0.0081602676567791,-0.0085348132269879,-0.0259696268277537,-0.0326092283564899,-0.0151611025335999,-0.0070387703078035,-0.0248561064895553,-0.0116799795280484,-0.0217298950677597,-0.0129628150869067,-0.0095946915351506,-0.0291483388820634,-0.0035632039046299,0.014507811531899,-0.0528325907065563,0.0,-0.0353910872464858,-0.0034637326813364,-0.0231377343873959,-0.0188522674704195,0.0030867069955018,0.0021276595744681,-0.0255794885509883,-0.019579060982191,-0.0378570072732491,-0.0108943448159939,-0.0072292971223527,-0.0117527460266296,0.0,0.0,-0.0012344321389683,-0.0154599964202613,0.0022553543144412,0.0023283882801288,0.0031092836754111,-0.0294608341810783,-0.0180915751702799,-0.0235704503234029,0.0070080552359033,-0.0418931784643213,-0.0154604876903204,-0.006674241400955,-0.0155453687474719,-0.0141136369150149,-0.0386021171683735,-0.0418223521142391,-0.0074878322725571,-0.0354635920277394,-0.0036500417943716,-0.0078905412587034,-0.029698078583179,-0.0160870449461052,-0.0073523470954189,0.0179253818723721,-0.0090310730139293,-0.0346109540265996,-0.0034233890429101,0.0,-0.013099360223807,-0.0036548933455818,-0.0042717246752549,-0.0144867444288047,-0.0167214923158116,-0.0199797721504494,-0.0049624134034295,-0.0091750808993674,0.0,-0.0065934201745062,0.0022416752032141,-0.0317867087204
2020-10-05,0.0223363566823298,0.0,0.0103505800874554,0.0545987833461083,0.024759559760155,0.0467533199081833,0.0175064002464493,0.0220717796531577,0.0142559391314904,0.0024604569420034,0.0088912073262621,0.0285790276924635,0.0294397327165254,0.023302278226027,0.0125019998628663,0.0344738302200851,-0.0166757138204322,0.0047462380669867,0.0137618832050703,0.006006006006006,-0.0018972059330802,0.0560175136943184,-0.0282258064516128,0.0,0.0051198048517597,0.0006815238874122,0.0084557910225295,0.0104797550187136,-0.0107779616199416,0.0,0.0227515673301939,0.028529437667885,-0.0061832354922528,0.0338130642591609,0.0582555234669832,0.0659608098953759,0.0260723930747168,0.0,0.0692212765497046,0.0032344809301974,0.0044833805720174,0.0023229794819283,0.0106285675570385,-0.0013835897865916,0.0163296789864111,0.0085510441439409,-0.027825709355609,0.0237363336223321,0.0136757573348174,0.0122223377620644,-0.0030335401344891,0.0207322099797599,0.0490109929523159,0.0531070828748478,0.0112536149880548,0.0659506064591552,-0.0063144942531949,0.0276186412209582,-0.0042189607032347,0.0629612021744971,0.0096993868359651,0.0024626420855595,0.0023776424378836,0.0081358138525791,0.0197999729693203,0.0,0.01647390953291,0.0230949679518077,0.0025025295109613,-0.0092302128005078,-0.0018482871059778,0.0120206661993405,0.0548834682994274,0.0217769613767098,0.0,-0.0048021597277946,0.0466811795235977,0.022501887528737
2020-10-06,0.0413771725420613,0.0,-0.0278941772468572,-0.0009578865996706,-0.0163435947577728,-0.0356984299955603,-0.006618990447356,-0.0059431993467017,-0.0035113970771609,-0.0061327370398793,-0.0352514017832522,-0.0029675052023689,-0.0180374730062039,-0.0138651888543567,0.045135440180587,-0.0076161189973897,-0.0131825910305384,0.0101633653622488,0.007829478134024,-0.0119402985074626,0.0031680202753296,-0.0022599272196666,0.0933609958506223,0.0,0.0314089584670846,0.0181502417762038,-0.0142590504704066,-0.004194606659419,0.0311542549865566,-0.0159235668789808,-0.0105118571771585,-0.0124802654464691,0.0169656474689519,0.0238869453990659,-0.0045873863617338,-0.0141929106058465,0.0128620512360138,0.0,-0.1710984723350684,-0.0046057897041723,0.0022231342773102,-0.0032446340563601,0.0017514015402277,0.0041565202787807,-0.0098879863925803,0.0022409792838504,0.0429390883231068,-0.009318752187002,-0.0119028943446544,0.0138764866253111,0.0091351800592069,0.0227219305805845,-0.0064619803063457,-0.004986068338466,0.0185887472800745,-0.0219075168282082,-0.0118818457104905,0.0032557317665768,-0.0037086360647998,0.0115313563441905,0.001047950450753,0.0024565923777832,0.0011887530750729,-0.0030532092322591,-0.0309897731539771,0.0,-0.0297164932252109,0.0113919157264006,-0.0017830589216867,0.003102917785716,-0.011114300615754,-0.008267060030785,-0.0236501509584105,-0.0162773506800709,0.0,0.0144822456543887,0.0185251530552392,-0.0104619954119877
2020-10-07,0.0142468565563254,0.0,-0.0047223830663321,0.0019176100523137,0.0037932902000725,-0.0009277667329357,-0.0073251988943889,-0.0130345488567387,-0.0105813220145556,-0.0127538624366799,0.0073126578057263,-0.0169132539643334,0.0143391045686827,0.0241007643028787,0.0100001079925269,-0.0019096346472581,-0.0076303423584695,-0.013656894872022,-0.0096886630826491,0.001180754363514,-0.0063045475424896,0.0181025334629343,-0.0575585072738773,0.0,0.0082287355928725,0.0013378373858656,-0.029786047942177,-0.001985372969944,-0.0377624497839762,-0.0073354908306365,-0.0081541036374082,-0.0131094768673823,0.001947257414099,-0.0147152525875865,0.032259692204188,0.0318745075567652,-0.0076184260355982,0.0,-0.1018126955471442,-0.0009254202318101,-0.0089069378561922,-0.0032551959760842,-0.0074367168024628,0.033009992892085,0.0170595398599573,-0.0136802805436391,0.1019644527595884,-0.0040313177887469,-0.0273075472821449,-0.0065471040755722,0.0108629807855922,0.0212801065478609,-0.004009084965071,-0.0070191599115696,-0.01092529296875,0.0209965659821991,0.0049784967673949,0.0109595917342926,-0.0196838180967044,0.0152158868084124,-0.0073279738018224,-0.0024505723204995,-0.0023691862862041,-0.0076631453973907,0.0115568725780716,0.0,0.0218096791862745,0.0093859366228306,0.0035724877996172,-0.0106613687845816,0.0093666952859887,-0.0302073969643862,0.0261647070104156,0.0264416357324275,0.0,-0.0131418431850948,0.0236418761595258,-0.0065607170255845
2020-10-08,0.0110815378543309,0.0,0.0197031597455654,-0.0143671406745797,0.0219499144073236,0.0212257893340408,0.0483092298896818,0.0566833445855337,0.0514185114735521,0.0208343166141875,0.0217550663293053,0.0114255205552589,0.0112539789959145,-0.0029450088456202,-0.0108045977011492,0.0201797769033609,0.0346118289025683,0.013109690395805,0.022490007755175,0.0066215566258391,0.0018952745258924,-0.0083297567640954,0.0026845637583892,0.0,0.0236773904666278,0.029393099301914,0.0324539591650734,0.0067085182693378,0.0502252890947474,0.0128232992827646,0.0087176461276092,0.0080668189605939,0.0163745913479813,0.0236781000488837,-0.0066967559024326,-0.0099495580545141,-0.0015995258258465,0.0,0.2018626687538876,0.0101890517045022,0.0483093450864267,0.0503965646928883,0.0603524563222168,0.0345455649323052,0.0184143851359297,0.0065571829534136,0.0293534068361731,0.0329437851413574,0.0478954563075102,0.018578231772856,0.0035820815125542,-0.0004616272360068,0.0341539258875356,0.0328391992430288,0.014748534402962,-0.007674038685941,-0.00310039732697,0.0164593459816373,0.0021747510255274,0.0389513250456832,0.0539639188963849,0.081140568197821,0.0106839019659701,0.0125759656302257,-0.0041800932915699,0.0,0.0104444060176378,0.0181855187984871,0.0007119541125424,0.0052135921236848,0.0181787986924875,0.030614830621499,-0.0254975705475613,0.018615370199009,0.0,0.0266337023093781,0.0274717421779733,0.0216519816352709
2020-10-09,-0.0080373944028505,0.0,0.0533269094228623,0.0012988174373693,-0.0341556678072892,-0.0025570551476118,-0.0067160184614762,-0.0020830415908136,0.0043592062972728,-0.0122454640925212,-0.0230738966419034,-0.007483356518283,0.0050190849154809,0.0059021026572743,-0.0300277253835886,0.0065994338287331,-0.0241478511027809,-0.0086237458786826,-0.0064760793465576,-0.0315809453993271,0.0080281446450201,-0.0050433676623858,0.0421686746987952,0.0,0.0458552038598165,-0.0205717252344332,-0.0093457047179497,-0.0153036939453529,0.0,0.0321888412017168,-0.0135787277299235,-0.0178838936009106,0.0297670808905345,-0.0135201010774296,-0.0202257143794494,-0.0110778723006451,-0.0096165966600115,0.0,-0.0723514624422844,-0.015587890448847,0.0032189193627851,-0.0035532994923856,-0.0029090562258572,0.0337636932707354,-0.0285261406519811,-0.0175402786378781,0.023339692381066,0.0683571307823991,-0.0055198060766541,0.041169538392809,0.0850726942146542,-0.0106569680175498,-0.0330259597073269,-0.0313100648475813,0.0218316711262465,-0.0174035747883348,-0.004554189740849,-0.002768077129084,-0.0243640601408797,-0.0093773067354396,0.0031685217413615,0.0233879760331137,-0.0015646551489149,-0.0143800853943446,-0.0160777525089668,0.0,-0.0283111430559834,-0.0064943819180042,-0.0049801331615121,0.055345620743219,-0.0160322076310126,-0.0177158349023947,-0.0193808205386357,0.0050567918838346,0.0,-0.008051617925188,0.0228778771224189,-0.016885096259092
2020-10-13,0.0132586650522172,0.0,-0.0044175353282457,0.010997984128199,-0.002004255950908,0.0016450976091246,0.0003151944037742,0.0005262327001001,0.0057870481263953,0.0140489070471885,0.0136335639154743,-0.0164498589028838,0.0299887788697486,0.0175971354482993,0.0182924451031631,0.0028122967676162,-0.0076380203680543,0.0003576058289751,0.0017029772740617,0.0150989814608297,0.0016820954102825,0.0309639848375899,0.0012845215157353,0.0,0.0072430247073957,-0.0315719728341891,-0.0163010315269505,0.0070212786734764,-0.0298970927964957,-0.0151767151767152,0.0152698529783987,-0.0129402629097564,-0.0063651758595484,0.0122632566207465,0.0082623181369183,0.005081060641868,-0.0110032681348639,0.0,-0.0055704194092686,0.0163004474033807,-0.0042726647677046,-0.0031293210101158,-0.0095816593329507,-0.0100480641865042,0.0198549910314871,0.0165786906778317,0.013515481634674,0.0596028821973591,0.0047575229555376,-0.0028185893736961,-0.0219317500262784,-0.0098322966144221,0.011056404940831,0.0166709935838,-0.0213652323989762,-0.0011263480978797,0.0045750252740162,0.0174279956515948,-0.004442561504469,-0.0123730497497791,-0.0129686620858979,0.0088906068805567,0.0356830839794692,0.0320541637718472,0.0089464363745084,0.0,0.0277505445024333,0.0,-0.0007150084317032,-0.0242543254431589,0.0311111470491916,-0.0132663210660483,0.0029700792021121,0.0087669618544197,0.0,0.0029304478435461,0.0292583280046061,-0.0263046227402014
2020-10-14,0.0036447285872196,0.0,0.032764686680127,0.0083207134443883,-0.0007302840218815,0.0288377313040621,-0.0064340384009432,0.0020862918354107,0.0009621338413907,0.0077415100560502,0.025977212971078,0.0398562249506966,0.0120197775622838,0.0278543291762032,-0.0119722471492045,0.0168089320456417,0.0019354548318855,0.0079806961883908,0.0169715089693984,0.026173339281315,0.0039639927802783,0.0049166917811167,-0.0109044259140475,0.0,-0.0155206039635105,0.0148125342090859,0.0305232271912723,0.0074668838851068,0.0123242975768915,0.0170994300189994,0.0059156424401936,0.0135931713840984,-0.0037375661955871,0.01211967242513,0.0059114118477314,0.0010110747960214,0.0124333704189567,0.0,0.002800811398812,0.0169480065808749,-0.0032223592272913,-0.0071543290991383,-0.0029457688778713,-0.0101500525661855,-0.0085184380744515,-0.0178116783921686,-0.0458303396081811,-0.0157692228416487,0.0441640685892439,0.045892590861543,0.0315396189199783,0.0009487945594586,-0.0059632635625801,-0.0079525763793889,0.0145341765993673,0.0802159388830943,0.0198769629638051,0.0272483476571572,0.0551858243888601,0.0132639089410295,0.0390781714576906,0.0122698813195027,0.0060577303281927,0.0,0.0235126510143606,0.0,0.0216032810482902,-0.0155255671183649,0.0028620801382439,0.0073900824947874,0.0183191260773074,-0.0091389128098319,0.0078723845038326,0.0138400161055709,0.0,-0.0040466279119523,0.0180674288702165,-0.0041249924490199
2020-10-15,-0.0260951530485686,0.0,-0.0145397501785274,0.0126951413862443,-0.0168178301480357,-0.0136621835548284,0.0068030690537084,-0.0020819482837047,-0.0067094293654117,0.0024276291681935,-0.0043622861568599,-0.0076351289345691,0.0037500147871243,-0.011214453061884,-0.0135239909618536,0.0027580500586086,-0.0345013477088949,0.010071993474483,0.0254215304798961,0.0199971451188019,-0.0002048131080389,0.0570664747313762,-0.0012970168612191,0.0,0.0107679428436315,0.0021911343333895,-0.003391870975139,0.0041966657682979,0.0045672562857055,0.0122457451224575,0.0215690301017554,-0.0009591076418149,0.0179507523814328,-0.0112707388978301,0.0253307691672788,0.0242882645870523,-0.011956749043583,0.0,-0.0223460674157301,-0.0040555814108104,-0.0043048706064753,-0.0067555147058824,-0.0088553438811753,-0.0025683608836706,0.015131519189566,0.0140471530092225,-0.0165962189134647,-0.0031263342480833,0.0007557873718193,0.0173288220231382,0.0277316434905712,0.0014188990285546,-0.0110011001100109,-0.0110132563569841,0.0143259605586525,-0.0560173284444851,-0.0052793542128911,-0.0151580557234302,0.0036968783783026,-0.0094500059751984,0.0111840505713589,-0.0146090857897215,-0.0127971324361715,-0.0149947201689545,0.0030065810719019,0.0,-0.0158570406154947,0.0035267165413463,-0.0017836950083464,0.0039990929150182,0.0031728184947594,0.0211614902647712,0.0606130221872922,-0.0084127152821672,0.0,0.00225862481664,0.002358138892724,0.0056498643859237
2020-10-16,-0.0126432683001376,0.0,-0.0291759227360742,0.0050135741386909,-0.0011149781019217,-0.0228339447561501,-0.0254331148707005,-0.0266046038675291,-0.0197660269615121,-0.0084728613858153,0.0,-0.0229644836536031,0.001873895109016,-0.0321355073610891,0.0557695114694094,-0.000928281647528,-0.0416666666666666,-0.0056967803096801,-0.0317058773926974,-0.0255718684002951,-0.0208383124494975,0.0041097222897719,-0.0188311688311688,0.0,-0.02320317636943,0.0,0.0118879845072719,0.0022141706924314,-0.0196913251729643,0.0077916752101701,0.001199165436309,-0.0043118039100348,-0.0199995494582234,-0.0110408131772951,0.0066089224477967,0.0069256524331513,-0.004253765100866,0.0,-0.0300003677687471,0.0036196410028186,-0.0194473893453485,-0.0163235089992133,-0.0161830220796038,-0.0179860990106678,0.0398860998678887,0.0158697587713196,0.0213174337403521,0.0113681282545747,-0.0045312995319521,0.0287543054761472,0.0011031867188244,-0.0141512484493594,-0.0247497219132368,-0.0212678936605317,-0.0141236260489303,-0.021535994692027,-0.01550739501544,-0.003076601962012,-0.0131592899117691,0.0117488747621921,-0.0017632443696401,-0.0312299455220839,-0.012957713581977,-0.0184793096054888,0.0033750402451342,0.0,0.020589505261005,0.0461148264625643,0.0114225605685658,0.0129533492994506,0.0154723064522319,0.0069076538387948,0.0433206411454889,-0.0036835840765373,0.0,-0.0200429886282217,0.0158455554208767,-0.0329720041705082
2020-10-19,-0.0090389417421631,0.0,0.0183057401221198,-0.0012502152009772,0.016750230249634,0.0331258367724394,0.0108954041204436,0.0123285574056895,0.0137721390311609,0.0215672462260612,-0.0105245095235372,0.0373228505445413,-0.0020703690197508,0.0078139014635898,0.0111879187493353,-0.0082418527822706,-0.0041269147670721,0.0100286912381373,-0.0310313797207466,0.0329538332985168,-0.0125528848389047,0.0066600469836042,0.0304434149569821,0.0,0.0054499087366828,-0.031315169862092,-0.0268505973642074,-0.0009803077688194,-0.010811230029471,0.0056968463886062,0.0115030462475769,0.0072230334511163,0.0016090770334136,0.0014445848202826,-0.0030628483690131,-0.0039172815887764,0.0009835874267518,0.0,0.0441830715602424,0.0004508233068258,0.0165388383957831,0.0073752833933828,0.0108198946985,-0.0052442727021804,-0.0247964002449778,0.0376868852515139,-0.0434843456355712,-0.0042636674322447,-0.0265341675408362,0.0155273609586163,-0.0038539203364287,0.0076512964862478,0.0108711149130311,0.0098203092352695,0.0,0.0115700844799819,0.0426951452773476,-0.0239308580353666,-0.0042639582426157,-0.0217756212105925,-0.0094741067844239,0.0074898217722205,-0.0108152586035354,0.0097481056727422,-0.0104672649014683,0.0,-0.0188603620655102,-0.0094896376869009,0.0060067868024027,-0.0006547814976445,0.0,0.0068602654994824,-0.0079547192901942,-0.004659721435851,0.0,-0.0080424431029957,0.0001220319127011,0.034483834032069
2020-10-20,0.017482663112518,0.0,0.0515627440848844,0.009681801578474,0.0086042151392622,0.0313489465738601,0.046082283899048,0.0370512044977404,0.0431848202319773,0.0007926636721593,0.0212729059483207,0.0553051454710245,0.0047740855563283,0.0029055309792422,0.0292168864769355,0.0129426256527698,0.0270336152889842,0.0382917726442388,0.0078789694427801,-0.0080451488952929,-0.0017303074532698,0.0518853550177227,-0.0032113037893385,0.0,0.0352452684434143,0.0225702281329212,0.0094924693076825,0.0154801280915979,0.0296834083389523,0.0254905927574347,0.0104242598467503,0.0114706565885724,0.0563006618747303,0.0104242058705268,0.010989539883206,0.0088485458203768,0.0091933348322466,0.0,0.001410281547969,0.0238754810924215,0.0303624549216425,0.0338702899565763,0.0398106516629404,0.0223759315046772,0.008345876368921,-0.0076443670219961,0.0100014631189515,0.0136239944417577,0.0140183768701591,0.0433270820958773,0.0425212576389968,0.0056993377405054,0.0343429357215894,0.0338205142674417,0.0,-0.000279310104043,0.0099364503941821,0.0359805746939054,-0.010177365584375,0.0133524618601554,0.0452339533153345,0.0242413480320402,-0.0058609253520361,0.003948133425276,0.0015095436705394,0.0,0.0107291997639689,0.0115757405388605,0.0073625892987316,0.0278871762905876,-0.0107347643832612,0.0078612566296814,0.025817821345963,-0.0017747743135547,0.0,0.0009260484191029,0.0181588444716798,-0.0018734414904842
2020-10-21,-0.0007470552718563,0.0,-0.0451605530796479,0.0114384664162723,-0.0166965659497557,-0.0091583276660514,0.0074932215923095,0.0091870609125297,0.0102314318459093,0.0198974860910776,-0.0225618384558783,0.0255117039120635,0.0028860367441752,0.0009657044422404,0.0473124872266503,-0.0027404299049413,0.02022215892908,-0.0061451949626237,0.0060933923847457,0.0088239603973012,-0.0034548220118149,0.012571663820444,-0.0289948453608247,0.0,0.0086061623604762,0.0264525111209208,-0.0222108633593086,0.0048362691907026,0.0303505619346389,0.0011836654172421,0.0192278381975892,-0.0122869881561311,0.0380694557905896,0.0,0.002610406715648,0.0078190512884435,0.0006477378683236,0.0,-0.0380283283489439,-0.0057214594411295,0.0042096774193547,0.0061962569549822,0.0090576856431745,0.0025782688766113,-0.0094555224986875,-0.0248020160780897,-0.0189046283745331,0.0069123785251743,-0.0215101715500226,0.0019510135675402,-0.0164214631907998,0.0372977108221033,-0.0004942900971536,-0.0010007095940759,-0.0107294851045973,0.0016763288398407,0.0238128703022963,-0.0015239041762428,-0.0070344550592419,0.0256220447668662,-0.0245075133175716,0.0088372834022136,-0.0023570975433683,-0.0072052901644421,0.0030145367661835,0.0,0.0070731282874609,-0.0132190737837142,-0.0024340664039629,-0.0156395360856711,0.0087497755243177,-0.0187185629515795,0.0191015096527584,0.0163318802176823,0.0,-0.001623805747517,-0.0616408076740754,-0.0105066491771588
2020-10-22,0.0149625168981197,0.0,0.0337849158668228,0.015593225788302,-0.0297168393145107,-0.0226564083121433,0.0434114596075745,0.0338977288181696,0.0460371627494213,-0.0003914487391561,-0.0026754071019896,-0.0097293651462776,-0.0135931870291517,0.0608119736121612,0.0012342667577323,0.0064061829111206,-0.0257770333147218,0.0219969168741847,0.0127629402032616,-0.0084689031475774,0.0056439017464149,-0.0009562028957137,-0.0152621101526211,0.0,-0.0159495434620434,-0.0014225221648802,-0.0096069438279824,-0.0038513320167188,0.0044192199116155,0.0250246305418719,0.0034493529970822,-0.0023927022581127,-0.014914627050604,0.0053374056129809,0.0051993067590987,0.004834937483134,0.0175518164089074,0.0,0.0131772169838344,0.0128294438639267,0.0377282729156294,0.0404764897035854,0.0514073403375119,-0.0115627054410456,0.0035803181234768,0.0069139034917258,-0.0018351333108336,-0.0045766170407657,0.0,-0.008286834276083,-0.0183109597508775,-0.0172918510449996,0.031735475179482,0.0337303755509417,-0.014481337857489,0.0492852660205007,0.0044247553976208,-0.0198783163360525,0.0147117457052219,-0.0178455431252254,0.0176484257473776,0.041597770552717,0.0019734570033054,0.0158445927614088,-0.0082706264749097,0.0,0.0329433274432966,0.0315889249874647,0.0048866056885101,-0.0171866413242464,0.0065944222021052,-0.0111334833589956,-0.0008534131257046,0.0039781105796996,0.0,0.015533197165696,0.0473219961856326,0.0034143980324694
2020-10-23,0.0235810504010896,0.0,-0.0218913881524872,0.0048158729907479,0.1603579367929821,-0.0226532454937631,-0.0035640258485664,-0.0019566575684831,-0.0043993527791139,-0.0019516939945932,-0.0204735748046127,-0.0101938882077827,0.000415075543749,-0.03093660282377,0.0434774134763904,-0.0081914058500289,-0.0122265736937624,-0.0124400169071514,0.0003500583430571,-0.0149360203308217,-0.0040944548374572,0.0262868339739241,0.0154986522911051,0.0,-0.0147044081898604,-0.0308431340069571,-0.0149883976855126,0.0002401672694394,0.0395832720209541,0.0261437908496731,-0.0144421189280841,-0.0057573688213772,-0.0208473207835805,-0.010261890978541,0.0043142812155565,0.0019470492133473,-0.0057496880014262,0.0,-0.0101159811073116,0.0004370378861695,-0.0060516947840891,-0.0101546929866185,-0.0128062360801782,-0.0116784037558685,0.0055454874954694,0.0046588792957507,0.0027577608250035,-0.0068964881463206,-0.0290424242424242,-0.010326002987073,0.0027444131589267,-0.0176018935457799,-0.0153713926812336,-0.0129497163395468,-0.0073778051029819,-0.0366166482808117,-0.0170322824835591,0.001561415683553,-0.0263147404686654,-0.0261615623449872,-0.0225002003044627,0.0108135345319635,0.0035342841980294,-0.0028176913626409,0.0011336468633897,0.0,-0.0102045772196709,-0.0075594144228121,-0.0066019162619765,-0.0079173151647037,-0.0193037117312381,-0.0080382214769565,-0.0016977391597772,0.0055484040310398,0.0,0.0141596106572641,-0.005357346094855,-0.0154972056356635
2020-10-26,0.022318171960332,0.0,-0.0280743283228783,0.0101841896953014,0.0190164451790275,0.003284791415745,-0.000894193390499,0.0112687194187715,0.01237789022419,0.0054741638452044,0.0090932802200409,-0.0090487877606257,-0.0081439596002702,-0.0300472293948447,-0.0318412745848821,0.0018410819367493,-0.0102988105599072,0.005446549958878,0.0124227225008748,-0.014296059693,0.0041112883218146,-0.0111765483411417,-0.0424684804246848,0.0,-0.0275458620799287,-0.0177753469610991,0.0017895779831356,0.0135355903636011,-0.0296257501981654,0.0164855751217682,0.0211657812589254,0.0028981460799641,-0.0187567267298546,-0.0078687016642253,-0.0094459425561269,-0.0115479115479115,0.0078776739466208,0.0,0.0145991930343594,0.0078632454148972,0.0071162739999066,0.0094046892704608,0.007076518142508,-0.0354887872849988,-0.0047270611376873,0.0053685892035075,0.0,-0.0173609499513496,-0.0080794966543493,-0.0243410610673119,-0.0180505201298547,-0.042903902545087,-0.0141677298059491,-0.0155650357888722,-0.0148033446887581,-0.022046244688483,0.0183007374844241,-0.0042840303684519,-0.0060648949609319,-0.0208934669005981,0.0052765636558491,0.0374314565402482,0.0203623239762957,0.0117311478044273,-0.0034083010067942,0.0,-0.0133193034489526,-0.0040992221988649,0.000700252355094,-0.019953043216037,-0.00632717115209,-0.0302534311818292,-0.0068341942094199,-0.0149732857920401,0.0,-0.0020260385743052,0.0132216679516903,-0.0222653835967158
2020-10-27,-0.0338071085568819,0.0,-0.0192406049830731,-0.02728169381971,-0.0146394048944926,-0.0405571319436866,-0.0214892694967309,-0.0256911522734307,-0.0279414444511936,-0.0167233131923464,-0.0324384656053574,-0.0172385857299923,0.01052946097765,-0.0280753138075313,-0.0166444001794179,-0.0183082868183769,-0.0375201524256192,0.0020282621215788,-0.0067112160838758,0.0281278083530669,0.0122715988375514,0.0108350166349808,-0.018018018018018,0.0,-0.0287119195987785,-0.0143036124451869,-0.0339614262789783,-0.0054859298209756,-0.0624899715556852,0.0138223368964245,-0.0100229679304513,-0.0153954086604046,0.0136885122643761,0.0082888657102979,0.0238440049698092,0.0233656475267212,-0.0186648336096397,0.0,-0.031654886249397,0.0294596226951362,-0.0282639619024058,-0.0258183733561294,-0.0284954747752322,-0.0204391545249333,-0.0245546685430171,-0.0072807967310162,-0.0421588358639875,-0.0007853732498178,-0.0301547507576444,0.0076405093672911,-0.0083616378192172,-0.0103456744642965,-0.0168233210734232,-0.018258961759533,-0.0187979378850748,-0.022529131281212,-0.0118534312978902,0.0199423792531365,0.0016652250407478,-0.0091426699679186,0.026713169256108,-0.0472517285662043,-0.0172684626152744,-0.0255595706098029,0.0095061311733604,0.0,0.0047907169498548,-0.0176477853253241,0.0048917348824926,-0.0179856115107914,0.0081359832878331,-0.0122575468304696,0.0103165149323576,0.0004792566447522,0.0,-0.0191729738349628,0.0059236035299623,-0.0208085021851409
2020-10-28,-0.0255089820359281,0.0,-0.058183714519854,-0.0295738464436438,-0.0171436630501575,-0.0269226941178143,-0.0500361045588023,-0.0601946293014079,-0.0566054579052142,-0.0379713614512587,-0.0390994972921776,-0.0712119695461959,-0.0277229127981927,-0.0338639200998751,-0.0338571554692328,-0.0260851309505065,-0.0800720775595147,-0.0327780091628489,-0.0333768305060171,-0.0323475930711073,-0.0646938490864288,-0.036814458362414,-0.0988002822865208,0.0,-0.0591347901603587,-0.0772163965681601,-0.0471698113207545,-0.0290102149960065,-0.0620186398220037,-0.0172695873477548,-0.0306026803520621,-0.0341959125507537,-0.0512223109377522,-0.0614930236277135,-0.0588671778382389,-0.0609004791662065,-0.0557368538159164,0.0,-0.0950968166412927,-0.0029472463608064,-0.0467158859470467,-0.03953234827467,-0.0445964642582628,-0.0653622156115136,-0.0369476548369815,-0.0295934113801591,-0.08995401641328,-0.0322200257842715,-0.0310923322882711,-0.054573364387042,-0.0275231032238046,-0.0532617799423024,-0.0614305507447177,-0.0608747044917256,-0.0497853527263406,-0.0737779445510831,-0.036380160721119,-0.0720861639327895,-0.0288139575867943,-0.0515410792416141,-0.0312853021817118,-0.0378703348299963,-0.0464687652911434,-0.0414300850335515,-0.022232127932245,0.0,-0.0545913485333421,-0.031536165096259,-0.0125212684189435,-0.0269503069910401,-0.035088861651601,-0.0558364614264104,-0.0774469966524201,-0.0363017983239688,0.0,-0.0200105055153956,-0.0492562248566579,-0.0637520921032611
2020-10-29,-0.0358957027569538,0.0,0.0167431313610715,-0.0018832702823253,0.0320606117755102,0.0321461187214611,-0.0057769489601492,-0.0079439917446535,-0.0100018925056774,-0.0016501320771037,-0.0019460661662497,0.0395848786270818,0.0113615628839391,0.0164978082756392,-0.0149556053060415,-0.0057483653086153,0.0682263359726322,-0.001748266804461,-0.00614987700246,-0.0100154946757656,0.0002236858456567,0.0188705150109835,-0.0070477682067344,0.0,0.0228108587701598,-0.0008417508417507,0.0038814512680502,-0.004444743753788,0.00991954880982,-0.0103588605253422,0.0087845320916581,0.0227651987563455,-0.0225607821316398,0.0449523160400213,0.0125985545335085,0.0202685226551293,0.0006938171726296,0.0,0.0032845567497008,-0.0021113987843881,0.005441313927093,0.0180972508051937,0.0050523741331316,0.0029811270004931,0.0046373044153527,-0.0015101797949077,0.0273436083408882,0.0296386717015448,-0.0086787883982812,0.0149627680421029,0.0138632567392569,0.0042070773263434,0.0370158507556328,0.0332166456891125,0.0039784221173295,0.0267541331006435,-0.0132537629545468,0.0078547058744413,0.0456373809163768,0.0429835262278446,0.000159859323795,0.0431091669024767,-0.002046948678036,0.0089700714204739,0.0134830180077503,0.0,-0.0013785882558241,0.0340052399273018,0.0,0.0017748916089412,0.0363648633092383,0.0029891929179122,0.0369022216643655,0.0292073461343906,0.0,-0.0084484034814569,0.0112461271149746,0.0115630848025214
2020-10-30,-0.055088751739449,0.0,0.0215891704053319,-0.0223481024181134,-0.0211096677829287,-0.036425411431605,-0.0374625374625374,-0.0304163416099498,-0.0302992649799757,-0.0247062508747493,-0.0320334261838439,-0.0313938809984083,-0.0095380137357019,-0.0395559476386431,-0.0091116642702164,-0.0134783551347834,-0.0550619834710743,-0.0245013458485748,-0.0317244710072744,-0.0331743769397785,-0.0263890269356922,-0.0246896944107561,-0.0315457413249211,0.0,-0.0408196102024541,-0.0654821168721759,-0.0338477669648414,-0.0106637933533692,-0.013090682128016,-0.016822429906542,-0.0124706418182868,-0.014346643766996,-0.0354503154537028,-0.0029147833531217,-0.0306665368955504,-0.0268258394597958,-0.0319196253368566,0.0,0.0049094416163237,-0.0054943149102664,-0.0151731465188086,-0.0235496736765772,-0.0175784064165985,-0.0459919100721836,-0.0037771430764254,-0.0547727993476192,-0.0225210914610469,-0.0287855074951343,-0.0236162600923034,-0.0447574917600981,-0.0398857234532248,-0.006806228057582,-0.017064360575811,-0.0181395968555494,-0.0160521190140371,-0.0508999301909127,-0.0350020122523812,-0.0135318478845921,0.0005495459015447,-0.0132197126063966,-0.0300507984516614,-0.0401312805187181,-0.027904744492184,-0.0316709034985464,-0.0277543492684683,0.0,-0.0339589231002224,-0.0023922735044294,-0.0084555766224261,-0.0478563009903415,-0.0526313773555998,-0.0244191034003342,-0.0302516754520142,-0.0237022432328006,0.0,0.0099361614497528,-0.052480274022876,-0.029633704626889
2020-11-03,0.0492619698042786,0.0,0.0856359551702692,0.0222114062004019,-0.0082927858647262,-0.0015720382872128,0.0100611079927561,0.0253220749673994,0.0342227435364157,0.0422247430570741,-0.0140483976455199,-0.0073095641333978,0.0459999028513138,-0.0401239146061773,0.0026265284575255,0.0078202263653346,-0.0209904886848146,0.0071724211122117,0.039871563065029,0.0201563737815588,0.076412638456434,0.0900675468222289,-0.03257328990228,0.0,0.0021880082560843,-0.0044664809047696,-0.0060141536096226,-0.0005030402187981,0.0,0.0498098859315589,0.0030976588582718,-0.0030086717120968,-0.0088334569009248,-0.0135279477076083,0.0628132504413745,0.06124043858195,-0.0168463915389674,0.0,0.0423456565471911,0.0365800065570569,0.0099116714988873,0.0143424741464139,0.0245090849832967,-0.0140082925343765,0.0193755365279215,0.0160231831052382,-0.0523515462304238,0.0146161852626791,0.0035866099893731,-0.0016530118742555,0.0071208683860435,-0.0168660766496494,0.0394641564083997,0.0374728598014888,-0.0081228668941979,0.035433322673489,0.0294424299996525,-0.023272802702008,0.0010869251004537,0.0701315776367819,0.0509230112688077,0.016540182914964,0.0185729399318208,0.0164766628955996,0.019166040136487,0.0,0.0247033428199312,0.0525480002471232,0.0042671962641904,0.0390928309045166,0.0255519752242874,0.0128183747725894,0.0623907764235944,0.0460760834456088,0.0,-0.008436560126421,0.0196477720201173,-0.0021824092795038
2020-11-04,0.003128515562222,0.0,0.021453457104777,0.0248837584826289,0.071740006670063,0.0614133833646028,0.0073081480083461,0.000387859107924,-0.0072527996187753,0.0332295184080253,0.0101756527276586,0.0579367294129586,-0.0212686913717841,-0.0099019905021723,-0.0257659227904177,0.0319467916916533,0.0642936906756002,0.0256491311258046,0.0154090595677069,0.0073941022749524,0.0308232169954476,-0.0424324362386806,0.0353535353535352,0.0,0.0726797709062594,0.0249845647252522,0.0654641402997975,0.0448957254265778,0.0348167626402156,0.0431003259688518,0.0425161781761036,0.056871209605537,0.0592160625968849,0.0074084819347017,-0.0388285309400094,-0.0375114364135407,0.0295281903732143,0.0,-0.0265627903721349,0.0320051682020983,0.0228668714114033,0.0390511316316912,0.039932240054717,0.0804447506592858,-0.0049555993414126,0.0696463433220357,0.0276154666937655,0.0480192040053568,0.0124972424442972,0.0237444507107429,0.0559834595774277,0.0396773417450813,0.0045628700801114,0.0035689593960797,0.0287660862982588,-0.00708814627216,0.0242509495006328,0.0421237303785779,0.0370366092415379,0.0375565442394683,0.0396746581538498,-0.0227156712608473,0.0372994806693596,0.0157387060871549,-0.0007717450517523,0.0,-0.0078790196828384,-0.0199306947481924,0.0272381079636558,0.0662824653348546,0.0328669591853629,0.0343609433355036,-0.0345439008758812,-0.0277871276249503,0.0,-0.0025962008071357,0.0631140323109773,0.0406614844684893
2020-11-05,0.0397855319512534,0.0,0.0029072096510203,0.0381080502397659,0.0007808115094289,0.0463947539892695,0.0122098469865723,0.0193313376852886,0.0154755961752621,0.0203892551861557,0.0362607199611257,0.0260061028613904,0.0188128677168342,0.011111578012162,0.0291362941743384,0.0365752725095531,-0.0178894630537995,0.0583541659532207,0.0245047385669154,0.1012092287480057,0.0216901278866501,-0.0214577756860899,0.06260162601626,0.0,0.0575516628448147,0.0426070195165044,0.086953737110651,0.0393705574261129,0.0592975007237286,0.0192708333333333,0.0583280947099229,0.0480946789921339,0.0293070926137577,0.0673328122107255,0.0031452722626301,0.0079987016600202,0.0527611020377285,0.0,0.0016049600040992,0.016327914604485,0.0415293234555007,0.0220286434019765,0.0236006699347652,0.0540053213712428,-0.0049857047529661,0.0454522324109223,0.0505451309055846,0.0481103588357598,0.0881875524277451,0.0582456388163006,0.0184131012811215,0.0680726880033939,0.0050449013557087,0.0086206896551723,0.0320422770753896,0.0046502947260369,0.0287417254923505,0.0445101096914817,0.0430705144626488,0.0283925255443022,0.0238310691400704,0.0230664477856956,0.0355577312476356,0.0323523214160286,0.0245786197810184,0.0,0.0285043236895483,-0.0063927102695939,0.0179048758755697,0.0114262084575706,0.0660811615444512,0.1509312455680815,0.0178899387073219,0.0157542046501515,0.0,0.0258298541312302,0.0431881547248464,0.0063051702395966
2020-11-06,-0.0059988495357055,0.0,0.0380151330130216,-0.0020742043694496,-0.0145014621640027,0.0001788612500415,-0.0065197494935367,0.0010526129568695,-0.0023823929813946,0.0050001243812036,0.0106838690053736,0.0259838148938036,0.0172313424147163,0.0010983530641082,0.0540048323925517,0.0135736613210111,0.0250527496594641,0.0174000970716712,0.0366848217630615,-0.0086982986882552,0.0261712330309102,-0.0100097692943563,0.0382555470543228,0.0,0.0146714480918135,0.0266918306821246,0.0295694700868129,-0.0004634233034432,-0.0090791771046838,0.0078351217850451,0.0032280636283061,0.0081782705193069,0.006851850180098,-0.0217157724830759,0.0071608204324253,0.0029670860454953,0.0602112720709142,0.0,0.049679811145922,0.0175797665868946,0.0051232237141021,0.0038005774119878,-0.001172998617804,0.0415580080529069,-0.0083475093779988,-0.0152740866213019,0.0542435901961477,-0.0043719413244276,0.0,0.0310937885835942,0.0109596681837333,0.0381502055260323,-0.0035188794783778,-0.0070332834911668,0.0309826289862586,0.0510093504241748,-0.0005927365739827,-0.0105568538963656,-0.0327335824879871,0.0262216716969938,0.0017676820136467,-0.0154761362082327,0.0023152624680375,0.0101649248856956,0.0194993792124866,0.0,0.0172652411597813,-0.0272891254263926,0.0250335441824802,0.0229241980834338,0.0190255237031387,0.0096189512199722,0.0087823223155767,0.0102309859154929,0.0,-0.0101685121563651,-0.020408163265306,0.0237999212590864
2020-11-09,0.0732060185185183,0.0,-0.0183059568573124,0.003560384193922,0.027528884811109,-0.0489263620828972,0.0724777194671304,0.0910568962013236,0.0949926083165915,0.0179702970297028,-0.0090912510815455,-0.0205818032712196,-0.0006066155430926,0.0329263013064959,-0.0012370101660638,0.021437071551883,0.0933322910966936,-0.0106463334154932,0.0144548840829488,0.0108316549589821,0.0114410451608655,0.0086687212497533,0.1046425939572586,0.0,-0.0152179960548277,0.0138055222088835,-0.0253436221253542,0.0143232683339635,0.1313067859714711,-0.0268717255365895,-0.0066523452151784,-0.0108141664014856,0.0209491446401033,-0.0084565450802311,-0.0174221112453283,-0.0129339999082694,0.0088831829544955,0.0,0.0152670675627872,0.0176669756180605,0.061025033513109,0.0677907895188707,0.0809870743821434,0.0132999499248873,-0.0092590047119756,0.1451054827293039,-0.0165072491266448,-0.0321990190868287,0.0072881627422713,-0.0464672224523612,0.0504067522039746,0.1404595995315887,0.1021655213003513,0.0941624837330361,0.0,0.0364702243301762,0.0078757827694544,-0.0055297879819273,0.0645529864380771,0.0087467274149128,-0.0279407966548715,0.0760967704595438,0.0138541270292142,0.0150737522731865,-0.0367740602607458,0.0,-0.0040248064124801,-0.0244491875516387,0.0029670631061908,-0.0142905225366729,-0.0547179953833666,0.0035120274486117,-0.008705864606566,0.0,0.0,0.0450449878805567,-0.0222610722610723,0.0672919548854551
2020-11-10,0.0696183029696106,0.0,-0.0050622137105356,0.0266023175025063,0.0115476704034902,0.0046450085309377,0.0510756579899815,0.0559541935274872,0.0645099871914702,0.0236650780528133,0.016919338918276,-0.0324867134168325,-0.0213933140167436,0.025509413162926,0.051714054014204,0.0218404384496733,-0.0040752126975048,0.0039137842355663,0.0068778429330849,0.0348742558619852,0.0033837277400603,-0.0448675496688741,-0.0160106737825217,0.0,0.0158383677557283,0.0055876258140912,0.0303282378501106,-0.0127541737301297,-0.0121483808930482,-0.0071205279610975,0.0069153401342501,0.0018194283303449,0.0048740433043377,-0.0231024085912547,-0.0531765676567655,-0.0423307467125133,-0.0229569354921573,0.0,-0.0165410832690705,0.0084880702341345,0.0325992742658185,0.0264207377866401,0.0452409784451441,-0.0196880744825951,-0.010194624652456,0.0112548058107144,0.0167843119453459,-0.0465028195931747,0.0056352866343325,0.0171059687612427,0.0232172192979513,-0.019575350612778,0.0794553250302336,0.0680316030923455,0.0488494907582044,-0.0201514914661702,0.0175793882203256,0.0166859202041449,-0.0185830429732868,-0.0413320637381713,0.0033280193630218,0.0765672733531259,-0.0026536696762734,0.0062504976510868,-0.0160298018851949,0.0,0.0287029869775063,-0.0145859358642285,0.0072403420673197,0.003624425569451,-0.0680954026961632,0.0844590611523068,-0.0386726519787398,-0.0004740235115661,0.0,0.0147361518424742,-0.0377442321654981,0.0496739665354328
2020-11-11,-0.0203813399110567,0.0,-0.0171550142395623,-0.0112266836240311,-0.003197553694506,0.0240257309617224,-0.0061155340073275,0.0018253633470106,-0.0040893644005788,-0.0102733421616775,-0.0176084819373063,0.0531939828476299,0.0090697375042423,-0.0207262588598878,-0.0656955796380155,-0.0342042297624972,-0.0387652548456568,-0.0123439989112944,-0.0480065315008845,-0.0061633824642964,-0.0100953328001036,-0.0030019382593485,-0.0325423728813559,0.0,-0.0068445534292288,-0.0103403863845445,0.0016812150340517,-0.001155243095512,-0.0191253084727173,-0.0041980059471751,-0.0092263445142456,-0.0309214855368095,-0.0086782872399463,-0.0196420399654244,0.0047928194849897,0.0105288694808345,-0.037657242244064,0.0,-0.0198778467778504,-0.0045953567237809,-0.0157779421807421,-0.0034545426060255,-0.0083149622980014,0.008025326154901,-0.0047208952880755,-0.0338012617847681,0.0135942051631192,0.0142742533510842,-0.0072047675993001,-0.0366932066178581,-0.0191626118820207,-0.0170524067276385,-0.00084388185654,-0.0086701983805024,-0.0214589702091948,-0.0332999753440949,-0.0439550706969669,0.017976537227119,-0.0014951394759087,-0.0027863722663665,-0.0015077183582107,-0.0228013029315961,-0.0178936767901628,-0.0083481701285855,0.0023289164228761,0.0,0.0,0.0079213688354538,0.0003270212070165,-0.015519178358915,0.0142505025366133,-0.0682054861929666,-0.0118830911866131,0.0069658708593935,0.0,-0.0140853498001483,0.0197390648227395,-0.0211144087839959
2020-11-12,-0.0187928467716737,0.0,-0.032331955149863,-0.0518363409461538,-0.0204612372397506,-0.0292429329578685,-0.0418618402209965,-0.0351086715203295,-0.0394778732887616,-0.0174299651400695,-0.0010007093635995,-0.0035037262756644,-0.0043955279272592,0.1058189260885473,-0.0050517933866521,-0.0230284488635419,-0.0276076674134927,-0.0233511918753089,-0.0028301077727909,-0.0126630874544477,-0.0245894479385045,-0.0215510087958462,-0.0294323756131744,0.0,-0.0513029367781348,-0.0322004908157954,-0.0486923704223483,0.0071644907676176,-0.0222936613320287,-0.0165115053574564,-0.0339989865055084,-0.0258078884899314,-0.0306399072559849,-0.0166954519286125,-0.0119422401457005,-0.0208383348537956,-0.032775722932078,0.0,-0.0280812460490667,-0.0046103996296867,-0.0122725104439208,-0.0266002185242538,-0.0244397417838808,-0.0292052569462503,0.0090584404610338,-0.031994321545435,-0.041193635412652,-0.0039091259685166,-0.0572102653951062,-0.0343912594655636,-0.042670705091087,-0.0270851904402728,-0.0410793336439889,-0.0423981769746766,-0.0586217457886677,-0.0395481073620092,-0.029311913857086,-0.0276381386321704,-0.051895003624396,-0.0257996844452671,-0.0116288974326211,-0.0277791411042943,-0.0434120910552957,-0.0345249494627087,-0.0058030400146508,0.0,0.013074101328435,0.0045501379726897,0.0310260174436536,-0.0238095238095238,-0.0147698986633949,-0.00988664136669,-0.0009153946495181,-0.0146221593034111,0.0,-0.0080354433452691,0.002603569900192,-0.0397913147597767
2020-11-13,0.0335197100390547,0.0,0.0273878565510712,-0.0052203403516564,0.0598603100491317,-0.0014852727881289,0.0097776406379572,0.0274125851932369,0.0355336851856573,0.0241509019186378,-0.0089773663855956,0.0124206885493733,0.014759158949269,-0.0047823142264799,0.0452797369783681,0.0262772728819904,0.0392975090243463,0.0303080600185898,0.0885843701622612,0.0481015989998026,0.0309519545067837,-0.0117841854454406,0.0440433212996391,0.0,0.040755820583165,0.0407637928384816,0.0167658463163979,-0.0061930571629006,0.0612580414581844,0.0178603322021788,0.0199503265688094,0.0183004349280695,0.0531217316174799,0.034712112580965,0.0120865809985253,0.0095621046437504,0.0255864280685895,0.0,0.0770463446664004,0.0127419734867744,0.0171959607785745,0.0213836376410163,0.0189686319592707,0.0383054130349671,0.0444389857192306,0.0063894652930329,0.0689413602223396,-0.0149136621507179,0.0042763470493205,0.0202762331838566,0.0698134276275996,-0.0234857849196538,0.0234013150901277,0.0328629843142511,0.0778240499739719,0.0605151756564663,0.0103407623645652,0.0671144101736005,0.0157877994742978,0.0178965654518474,0.0236822570125216,0.0208575226748783,0.0008124118476726,-0.0033472918618105,0.0171308182037968,0.0,0.024308855173619,0.0693859553979427,0.0408610127309274,0.0350402324706644,0.0310762537667883,0.0314631968046839,0.0111093295462354,0.0092526730412925,0.0,0.0045030162867245,0.0256211137363757,0.0975995368308539
2020-11-16,0.0165470494417863,0.0,-0.0094235288696374,0.0018507094386182,0.0357412149601665,-0.005586787248158,0.025725744843392,0.0436938189231768,0.0438183250714026,0.031690287806245,-0.0080479035786941,0.0023586373071939,0.0259206538708787,0.0096105893109466,-0.0311745524850186,0.0379921063977977,-0.0020938023450585,-0.0111157650546122,0.00416096070789,0.0189945664581525,0.0123239627783748,0.0238494168417096,0.0138312586445366,0.0,0.0186131645602254,0.0111853519878917,0.0217048183912553,0.0064609532716164,0.0805415235401092,0.0019301631865238,0.0197823340042795,0.008991249685142,0.0169004110677397,0.004745907865157,0.0028706474133819,0.0137215853895471,-0.0037074700224566,0.0,-0.010431813386023,0.0141061512370432,0.0215955686641249,0.027529826614274,0.0351290729846616,-0.0092280214328239,-0.0130905164580238,0.0400706239456292,0.0261611354040203,-0.0099599215337006,0.0425498359828413,0.0032207931027208,0.0486985452410464,0.0120253164556962,0.0323628917378917,0.0291726834650269,0.0,0.0191188817369016,0.0202698197497388,0.0,-0.0191684338911534,-0.0182841193934329,-0.0026863512691287,0.072486462874898,0.0101243559534145,0.0031373958232554,-0.0031692492274953,0.0,0.0196157886037549,0.0221395135524868,0.022824200204619,0.0219042597158289,-0.0244647371008512,0.0324456283183711,0.0164809025417969,0.0264031735065688,0.0,0.0224019685471004,-0.0155675246078583,0.0105861110547564
2020-11-17,0.0065075148424824,0.0,-0.0229804851952643,0.0024671052631579,-0.0170410911302233,0.0028090873977317,0.0146722028785817,0.0057269700332962,0.0059441906544115,0.0267869527023902,-0.0060752244350427,0.0283104043698578,0.0322591473648876,-0.0004733825239521,0.0050187645201642,0.0119182656207563,0.0252770852361088,0.0254463703896781,-0.0130343561500131,-0.0053826679213155,-0.0013729191693839,0.0101222169890395,0.0920873124147341,0.0,0.0293140648035077,-0.0221597546728971,0.0203897561864918,0.0488407415680143,0.0062083925499287,-0.0110332749562171,0.0193954714842983,0.0145334954196152,0.007439300909531,-0.003267376966007,0.0190598083641773,0.0114276131381614,0.075127054670721,0.0,0.0301202670533409,-0.0018775998116363,0.0027603301129481,-0.0011310911567138,0.0006747156787056,0.0013219829744617,-0.0178299653908022,0.0284198593105051,0.0136632046235027,-0.0048293679086675,0.031020885648302,0.0165920131222003,-0.0363855971302086,0.0162821061408995,0.0112831127017665,0.0171682615755703,-0.0036223134508572,0.0178930176762202,0.0160494499509857,-0.0207196069616594,-0.0068672316542411,0.0286477432206075,-0.0122707860900395,0.018527910979958,0.0020034600145095,-0.0031275833562965,-0.0096742327039026,0.0,0.0221667921686747,-0.0337162998787679,0.0001854422235083,-0.032152121161409,-0.0130867303411358,-0.0131329897207419,0.0162136863571022,0.0315782331388247,0.0,0.0297986417252471,0.0013473560183721,0.011173834837632
2020-11-18,-0.0401034470542389,0.0,0.0164623259135818,-0.0249012959827363,-0.0075122582378539,0.0093350607514268,0.0023396641893753,-0.0232188575968923,-0.0307099477094553,-0.0160018461503825,0.035713822235488,-0.0105799781595885,-0.0027858172633953,-0.0042881999855859,-0.0191301770763873,0.0134514280301236,0.0533766702780786,-0.0048295364280495,-0.0100709483697818,-0.0031423342249754,0.0125773328750644,-0.0165406165785502,-0.0099937539038101,0.0,-0.0417937054339808,-0.0145230539481052,-0.0183179116828404,-0.0227358880327791,-0.0061700862325304,0.0005312555339118,-0.0097239485827893,-0.0291159824972451,-0.0290485463082382,-0.0156625402125667,-0.0196367956551256,-0.013359230659908,-0.0204588607594937,0.0,-0.0116961265331499,-0.0090427397989426,-0.0192550771045756,-0.0230480064090713,-0.0244160188793007,-0.0132623872297013,0.0012683287287484,-0.035412962800702,-0.0296538830990423,-0.0076827585047898,-0.0007922922678141,-0.0226442155199756,-0.0238424419136357,-0.0420071901281484,0.0012365331589869,-0.0059051456912585,-0.0108458555501697,0.0036775668422621,0.0071073662544822,-0.0151122660611376,-0.0228760934671156,-0.023677701590543,-0.0228788638067601,-0.0066621899969065,-0.0052019225949461,0.0067308888366757,-0.0081979430615591,0.0,-0.0036834108384363,-0.0109165431393211,0.0043374197970627,-0.0204717545262642,0.0106789753651799,-0.0175863086456182,-0.0062065486764482,-0.0077640527776681,0.0,-0.0102162418576667,-0.0073432878100332,0.0531751420505306
2020-11-19,-0.0074091160730761,0.0,-0.0165236026372186,-0.0104022047700947,0.0074230799370249,0.0234999444937833,0.0099226509222389,0.0,0.0008063865817271,-0.0077735322381365,-0.0206994198649276,0.0007265547439587,0.0137723379277359,0.0,-0.0139891833096654,-0.008303344705644,-0.0292329493508869,-0.0035678937454103,-0.0012616094915982,0.0095866498697867,0.0254468310792894,0.0341519076853846,0.0347003154574132,0.0,0.0258594697236993,0.0229580239430216,0.0101728035556918,-0.0154372507572622,0.0037275288602987,0.0069026548672566,-0.0008542659326765,0.0052396982903488,0.0030386428552824,0.0111025499149339,0.0128715613801222,0.0052095837134489,0.0012841843410276,0.0,-0.0118337832156326,0.0049441192448316,0.0018759576692299,0.0046442313757648,0.0013955621124821,-0.0107849497242945,-0.0155972043993809,-0.0038210438716785,-0.0138803142230643,0.0040747929289439,0.0063433639407168,0.0070056863879441,-0.0162850293461187,-0.0054262080778939,0.0090851018525091,0.0114594864279145,-0.0110260336906584,0.29943694649577,-0.0039224452214825,-0.008052870109494,0.0125254694164977,0.0049946357251686,0.0153499661076246,0.0092855623746734,0.0,-0.0120263591433278,-0.0248086749439317,0.0,0.0057509332429614,-0.0104456793077142,0.0092639210552813,-0.0147286508114549,-0.0051000720056968,0.0009671412266474,0.0142781480337204,0.0191125700679333,0.0,-0.0025775003506803,-0.0019728790863841,-0.0239331320054744
2020-11-23,0.0180474863788069,0.0,0.0240005589649829,-0.0073710280688747,0.0217486960347979,-0.0084351926963742,0.0078790655061842,0.0022658667700752,0.0045132015217799,0.025349849576078,0.0100694755428176,-0.0198786321607868,0.0425193657839142,0.0057439471412101,0.0230256367914791,0.0154261907442854,-0.0156411019763207,-0.0075796349101899,-0.0014040014040013,0.0332813028718632,0.030541850878879,0.0680332200235032,0.018079800498753,0.0,-0.0151031241568414,-0.013749813181886,0.0,0.0035,0.0392408440147866,0.0637764242207095,-0.0214156286105726,-0.0043423175026651,-0.0056323582267494,-0.0003639234018123,0.0298940228910555,0.0245820345706999,-0.0281316668072847,0.0,0.0286942011031798,0.0041795306722638,0.0075243243243243,0.0140169854750378,0.0122549840283405,-0.0135890141825104,0.001277367173337,0.0030811303555151,0.0194960167620927,-0.0322311087731,-0.0064563770444362,0.0189821429804035,0.0242509583039975,0.0195216076209019,0.0485498733173859,0.0613094036732857,0.0,0.0763783451744881,-0.0141976431805289,-0.0123802583529086,0.0378396657362458,0.0021066292154805,0.0010720533749064,0.025899235785771,0.0068829836409347,0.0106417836028207,0.0244091437427351,0.0,0.0251259288813525,-0.0119083546261956,-0.0067766334533478,-0.0135368266518618,-0.0132505142710209,0.0112944735140936,0.046263384358046,0.0416422091095389,0.0,-0.0203784219971335,-0.018623641678464,-0.0182542620629644
2020-11-24,0.0061457992808107,0.0,-0.0195828689699092,0.0358303701000568,0.0006961915428898,0.0297639269248102,0.026652122534315,0.036596745438683,0.044929240501196,0.0089301095285989,0.0229023104985812,0.0001264738515311,0.0467929626331788,0.0142701457857832,0.0063658283143166,0.0362766530431202,-0.0039549599851108,0.004649639816634,0.0126267405705016,-0.0130939553358264,0.0010776978715467,0.059955544724813,0.0012247397428049,0.0,0.0072819245177238,0.0319745415972116,0.0443492948894213,-0.0062780269058295,0.0243619205945631,0.002020882452004,0.0049129983160964,0.0024216739821403,-0.0010314686085312,-0.0095372388155364,0.0258487273206229,0.0300076056143263,0.0332246102712288,0.0,-0.015341452152751,0.0083181936942138,0.0214744552698971,0.0222611853846395,0.0280304583975601,0.0399385879375091,-0.003409394776718,0.0107508315309257,0.0019123190715362,0.0119553243245389,0.043087863083042,-0.016555685767123,0.0105781715420454,0.071595423621886,0.0533754505325396,0.0446313633703918,0.0110459734649799,-0.026014579362772,-0.0119972422628644,-0.0235580728136129,-0.0135413502692255,0.0617532530889932,0.003671675339169,0.0355506500993731,0.0008062032863982,-0.0036649657466663,-0.0121143354880115,0.0,0.0116761048514215,-0.0102713537825278,0.0161242279310518,-0.0151277073119139,-0.0182778361387306,-0.0034011554279786,0.0612253484091507,0.0492359176773282,0.0,-0.0018072955727405,-0.0199973359558109,0.0564574440790242
2020-11-25,-0.017628547292593,0.0,0.1440634714424906,-0.0121543566424973,-0.005700036231206,0.0163403533340513,-0.0028244585716562,-0.0161300946289126,-0.0128992199930149,-0.0013604318131746,-0.0077892807608481,0.0205264095740096,0.0122116954604563,0.0844263790621768,0.0105509553501614,0.011403937874526,-0.0278880739944876,-0.0009940681832996,0.0126294990921713,0.0098049185153468,-0.0004244042813077,0.0251853193623898,0.0978593272171253,0.0,0.0213146792994618,0.0214757709251101,0.0099864590385918,0.0056157240272762,-0.0118852996980943,-0.0048739495798318,0.0155561333731384,0.0454141292130116,0.0280946224412801,0.0014805994874846,-0.0035388714129807,-0.0038934013559778,0.0066857115421548,0.0,-0.0155804793309231,0.0097560681659314,-0.013711868679795,-0.0101378254211332,-0.0117829517227178,0.0119304125768093,-0.0029962211837308,0.0071629158761983,0.0019086690872391,0.0126585724899515,-0.0031197642844763,-0.0047320893517657,-0.0099707948024465,0.0102098183978276,-0.006702292619789,0.0011482824774895,0.0474853515625,0.0595986954839422,-0.0202473639965055,-0.0027229321546624,0.0116166451128914,0.0046281985948319,0.0022864021605522,0.0029850746268658,0.0048165407056426,-0.0036784471293964,-0.0035500899124079,0.0,-0.003077692500048,0.0085835242053098,0.0018307522123894,0.0432268036097123,0.0041806817663381,0.0116965787658385,0.0705082461148112,0.0093587170572218,0.0,-0.0169910087449193,0.0049365078906045,-0.017279889314508
2020-11-26,-0.0048287723011792,0.0,0.0790007299862112,0.0208216701293422,-0.0044736031751462,0.0068894703719653,-0.0158404588760732,-0.0172797262617622,-0.0162364466949199,0.0027245702183518,-0.0049049586261122,0.0050579581169525,0.0235878216521132,0.0294112148659133,-0.0158670323838244,-0.0088570478522415,0.0430321960595867,0.003311420322007,0.0009228740936058,0.0,-0.0051882151918395,0.0452596312631243,0.0172701949860725,0.0,-0.0163986202369378,-0.0038814016172507,-0.0107163473176544,0.0030233527939951,-0.0048185496044924,0.0133423408208073,0.0126911174821329,0.0046217543409186,0.0112792604101394,-0.0051796062051887,0.0190779142339441,0.0185322461082284,0.0069552913869646,0.0,0.0172657628057864,0.0048338873405864,-0.0074127721211605,-0.0178300689996595,-0.021111856371652,-0.020937660186901,0.0278992576644465,-0.0088349159210006,0.0028575495144356,0.0104164150817003,-0.0085965420651019,-0.0068723527946183,-0.0090624556964785,-0.0126372270553213,-0.015378660817959,-0.0163932133215839,-0.0069921920522083,0.0516662145525113,-0.0070213219377053,-0.0109257001591654,0.0156559563470541,0.0026277493659307,-0.0047144519985727,0.000741308793456,0.0335875737668411,0.0338672573911562,0.011503219271385,0.0,-0.0061743878673278,0.0567969339627987,0.0079169220067243,0.0147272914430245,0.02989050748192,0.0009629474565628,0.0404221831311915,0.014172794675342,0.0,0.0129055700691012,0.0049151362022228,0.0283301817909498
2020-11-27,-0.0069412133354856,0.0,-0.0068969405397277,-0.0058741326920263,-0.0028096404175795,-0.0017566367314714,-0.0048899755501222,-0.0072135763594526,-0.0080563947633434,0.0067984181027132,-0.0009908440988335,-0.0053967720242099,0.0360479380956875,0.0084037428663528,-0.0055137238299717,0.0113761132121508,-0.0392987952362304,0.0092348713946606,-0.0038461538461537,-0.0268766198317759,-0.004569870086609,-0.0098952610671538,-0.0169769989047098,0.0,0.035232860497768,0.0195187069307645,0.0050068232083195,-0.0018528309901799,-0.0024148727034438,-0.0116666666666667,-0.0097228898363807,0.0183966433447282,0.05999015372079,0.0014861080078356,-0.0091430648628145,-0.0105200476379515,-0.0037693847022185,0.0,-0.0353604317096883,0.0051788545941546,0.0149362633589424,0.0088839183750619,0.0076502950352912,0.0293999194522753,0.0367420853969844,0.0078268544871564,-0.0256446647306711,-0.002474203742515,0.0189204988308651,0.0271430462930055,-0.0060968899258249,0.0025629845476491,-0.0133389239759951,-0.0123860582187397,-0.0035207135312756,0.0251592293497886,-0.0033321661338964,0.0130194178496987,-0.0046260223291394,-0.0242761526403529,0.0152819052134001,0.0017369536897493,0.0003878202883875,0.0115922919499498,0.0909792004788379,0.0,0.0500805715727958,0.039887964553563,-0.0027168405773285,0.0030360338818482,0.0165307153685121,-0.0182843758216019,-0.0100733252651812,0.0244218422808755,0.0,0.0029564389136633,-0.0090090090090089,0.0133014845374337
2020-11-30,-0.023742135357901,0.0,-0.0411391806225756,-0.034500935770969,-0.0218304640783056,-0.0135307919434778,-0.021668767056221,-0.0167964074139022,-0.013794214809443,-0.0357839414782319,-0.0098680493653563,-0.0220986381333918,-0.0282721559340558,-0.0020800504254647,-0.0358402594769916,0.0144597569433975,-0.0409063661431482,0.0245110674356412,0.0067964246046436,-0.0566920471008572,-0.0268444444444444,-0.0208288188903991,0.015598885793872,0.0,-0.0098829253459022,-0.0406256635289122,-0.0024909399084156,-0.0160363647888152,-0.0181857992628367,-0.01787521079258,0.0154918789773783,-0.015810855323354,-0.0423291439278978,-0.0141022647676861,-0.0070262467400927,-0.0077566031427617,0.0122978423308848,0.0,-0.0278591866162359,0.000732648346519,-0.0266841459804626,-0.0137784057642917,-0.0138112245908457,-0.046752738654147,0.0100648189069176,-0.0360301586876025,-0.0263196226288249,-0.0334850503641164,0.0092941423954409,0.0165746231189871,-0.0322105589511915,-0.0353180159538355,-0.0135059760956175,-0.0235277177825774,-0.021140030620657,-0.0305320610834769,-0.010437916496668,0.0066203901256056,-0.0211629205487251,-0.0114327972527286,0.0117389643316083,-0.0314222330694777,-0.033253466146184,-0.0189406796920611,-0.0327069771367677,0.0,-0.0325358453588232,0.0174682395644283,0.0033339008837309,-0.0376838500881325,-0.0332496962237056,-0.0034328285533427,-0.0079914422350867,-0.0056111756288986,0.0,0.0204552322103612,-0.04454429867653,0.0318739129809835
2020-12-01,0.0500690506273322,0.0,0.0178307118470131,0.0241455930589356,-0.0041770755890363,0.0115784199098045,0.0274680975284273,0.0531111386829616,0.0559649667478225,-0.0063061991127126,-0.0199454764470932,0.016283022672928,0.0375213242599778,0.0020843860535624,0.0362842184937555,0.0253414782776713,0.0661016525413136,-0.0210549488564442,0.0213285703028551,-0.0103177306766285,0.0201917083969138,0.0191460396869571,0.0202962150301702,0.0,0.0639312039312036,0.0119881962375507,0.0723143793242646,0.0096810855331268,0.0135791456041234,0.0157967032967032,-0.0023651521829547,0.0078039917763246,0.0273512134958295,-0.0278606650983859,0.0530978426742487,0.0545858885369634,-0.0221129836481334,0.0,0.00754142307764,-0.0077166962857126,0.0454611284903256,0.0398150933240457,0.0422147691442571,0.0149805048224911,0.0171475302243451,0.0053708945722443,0.0010011507479863,-0.0213857590127102,0.0483070276825132,0.0193743868336924,0.0507133622415707,0.0604282926024686,0.0293472261486478,0.0281054618379144,0.0324249533778497,0.0653829644935566,0.0251045066712476,-0.0336565096952908,0.0374471511979062,0.0054428670925803,-0.0263312469724882,0.0715212510295493,0.0543974068360169,0.0460169397697076,0.0040793621361023,0.0,-0.0099327781679543,0.016989966555184,-0.0051347741356282,0.0069926395243655,-0.0370090757729097,0.046728800723133,0.0183136242127679,0.0416684549962163,0.0,0.016086924992144,0.000408292882094,0.0790412113360774
2020-12-02,0.0136273330162017,0.0,-0.0202522564445607,0.0436978262666336,0.0244369315578387,0.0496671245905102,0.0043113167555086,0.0091012849305989,0.0108783114632335,0.0056391834872848,-0.0101692283806862,-0.0075745119939223,-0.0199026100154486,0.0020845526991131,-0.0486733518977838,0.0046241266343896,0.034003236170063,0.0052123071486511,0.0043720906308668,-0.0117262703459539,0.0277025817120828,0.0062577316874159,0.0397849462365591,0.0,0.0319557988083694,0.020521232002916,0.0077566886118503,-0.0011666324879805,0.0255842949344808,-0.0076064908722108,0.0112004380615777,0.0050077488324038,-0.0042771042661164,0.0158778278828299,-0.0151315237535941,-0.0073913136089632,0.0044585681352458,0.0,0.011975498670802,-0.0144526555043851,-0.0009004391372408,0.0007460186961421,0.0077335645694831,0.0791953093408814,-0.0258714722465472,0.0247099903483802,0.0570085185142605,0.0074301606012197,0.0131672887314397,-0.0060036663611365,-0.0120650510967982,0.014978535432091,0.0136928972182623,0.012119560540432,0.0243561356485257,-0.0478970101846734,0.0043236841811256,-0.026020561064276,0.0167755568493002,0.0013512126706121,0.0018333134202066,0.0069144642167702,0.0348993217688944,0.0375623503261401,0.0099940253109551,0.0,-0.0196836334858222,-0.0501203829933112,-0.0103225522455402,0.0513891891488933,-0.0027163434034384,-0.0220850376058303,-0.0057574571082793,-0.0173551550427102,0.0,-0.0279294389132735,-0.0050275107322087,0.0258220886813338
2020-12-03,-0.0120914310954064,0.0,-0.0243023946170591,-0.002712291232766,-0.0203241783291656,-0.0119110540622168,0.008585618191452,-0.0069614203048722,-0.0131109648384282,0.0070080342917406,0.0082215773926228,0.045679682367391,-0.0086370591597072,0.01871296159013,-0.0103223054570659,-0.007690642810764,0.0174177307055543,0.023984915549448,-0.0146723683199754,0.0018476977567885,0.0012811708876976,-0.0369140024718321,0.0754912099276112,0.0,0.0272626060880705,0.0317165511822272,0.0330727130570758,0.0042157323466207,0.1104516036757607,-0.0631919604837336,0.0151223324390181,0.0222022910372607,0.0384345011361964,0.0381229483736198,-0.0409500282654318,-0.0418884120171673,-0.014583416344583,0.0,0.0221899620392769,0.0127809607756721,0.0145032029061866,0.0003727312835648,-0.0006692629821083,0.0410476422429135,-0.0321941320884653,0.0076040951126816,0.0113544906793117,0.0108462020974036,0.0281598430113281,0.0613675134860989,0.0493621007963407,0.0307358312262151,0.02025545090956,0.0281718083523458,0.0170079635949942,0.0139543580306444,-0.025201904465259,-0.0008249721293199,0.0125013254161807,-0.0168929882995985,0.0384330393538838,-0.0220196597880646,-0.0014648611954697,-0.0179928589645498,-0.0073245496101101,0.0,-0.0059069943735878,-0.0476368328839555,0.0184029978539101,0.0155208048980228,-0.014400564294759,0.0211458370624948,-0.0513743074761252,-0.0110211684115746,0.0,-0.0045276000048948,0.0095589106609503,0.0134056101581869
2020-12-04,0.0027198718306973,0.0,0.0068759888036995,0.0344305968578901,0.0214667853585877,-0.0020377622822937,0.0209963937491652,0.0052539919316318,0.0086008329390963,-0.0003490892711354,0.0020353924936797,-0.0095716260291408,0.0449097620619438,0.0302022598770386,0.0049887134398955,-0.0193538067818297,-0.0114130313635453,-0.0291189413563871,0.0059251559251558,0.0042129948795908,-0.0115362568071081,0.1244652969214683,-0.0125,0.0,-0.0360371645172533,-0.018001800180018,-0.0171211853645819,-0.0006996724260913,0.0021359264983684,0.0436363636363636,-0.0102809375293621,-0.0199446864625504,-0.0110358942065491,0.0051434731276627,0.0204610601962131,0.0242788030818847,0.0119040879867373,0.0,-0.0028947819413294,0.0018598662326978,0.0017767329980318,0.0052238976207312,0.0100137769160117,-0.0059746616757846,0.0045736758339354,-0.0125064005620587,0.0028067534143456,0.0154504963112855,-0.0119375016266581,-0.0042633734640684,-0.0344306031132491,-0.0155068341080968,0.0330930703085483,0.0334091378953897,0.0100676771631522,0.0810016013975833,0.0020997734755245,0.0123401691473454,0.0192587627894311,0.0164969768573215,-0.0157151060444887,0.0167056953340247,-0.0190864667034696,-0.0229583555168876,-0.0003683879775498,0.0,-0.0269275906293173,0.0157750252268211,-0.0159631384709453,-0.01300746026371,0.031200824319139,0.035292330345561,0.0694128635990527,0.0382474884744294,0.0,-0.0045420461948837,-0.0288115137707178,-0.0099871784125447
2020-12-07,0.0155968416163492,0.0,0.0113716484357688,-0.0181007979550242,-0.0100142715881499,-0.005277095364196,0.0144510434926696,0.0034867911287848,0.0065820838139176,0.0083529060565608,0.0183201366247478,-0.0090683935594547,0.018135060820972,0.0471475174025841,-0.0063201908386715,0.045017126080574,-0.0173171886626529,0.0058666580943809,0.0069494678102717,-0.0595031332879573,0.0123233055454874,0.0053620274260455,0.0048685491723468,0.0,0.0084972231481534,-0.0045829514207148,-0.0166665240714916,0.0093339819685471,0.0,-0.0174216027874564,0.0027561792006467,-0.0045235128427975,-0.0118554895811777,-0.0098666067452453,0.0143853013554466,0.0170777573690195,-0.0006353544798485,0.0,0.0682147834566968,0.030006069044304,0.0044612404158368,0.002965249096053,0.0059486972226783,-0.0156238684915636,-0.0103493584371063,-0.0170300898081738,0.0121178325165414,0.0059172582307023,-0.0262970735176615,-0.014758215801512,-0.0175789748498824,0.0056530734496835,-0.0224243240265861,-0.0192587257765506,-0.0132897724126473,-0.0046596816333126,-0.0169907473309609,-0.0178768240532557,-0.0319794920269602,0.0540889318098298,-0.030736536865099,0.0230920245398773,-0.0134756281852196,-0.0153108012918488,-0.0173639713852158,0.0,0.0166860888194553,-0.0009478529071104,0.0278560649771426,-0.0210876293217791,-0.0103434147483549,-0.0036346807237754,0.0313817867414818,0.0118317378576924,0.0,-0.0036551558071905,-0.0026465028355388,0.002179393908986
2020-12-08,0.0053508218313531,0.0,0.0683192080548944,0.0591732629727352,-0.0007129534401311,-0.0058182797906188,-0.0010918156808802,-0.0108538086670211,-0.0119322261775625,-0.0110430887133713,0.0089825684809676,0.0065852097191683,-0.0025695482314691,0.0367008859398443,-0.0063603897154816,-0.0136072761326389,0.0019733370046579,-0.0165305763730204,-0.018138902429638,0.0001372538009942,0.0038361209145314,0.0003783851961296,0.0174418604651163,0.0,0.0124703786490982,0.0046040515653775,-0.0007743641947915,-0.0020810623327717,-0.0202748294365248,-0.0090425531914892,-0.0105699076774605,-0.017266406504749,0.0009424197634284,-0.0088559933979781,-0.0085961449955926,-0.0167910046653624,0.0384973709990204,0.0,0.0230980874716417,-0.00646991202075,-0.0044414261460101,-0.0066596274228826,-0.0026303234230614,0.002446066981774,0.0,-0.0086610357666427,-0.0092073616511797,0.0483191751978508,0.0029216563266483,-0.0057943511402093,0.0153357250420764,-0.0164634390517378,-0.008739748325299,-0.012592642959135,0.0167798417419609,-0.0273763778391152,0.0268881667738256,0.0033082706766915,-0.0085070927819732,-0.0121858277930921,0.0153948165587523,0.0055853096077604,-0.0015159838576771,-0.0111757480867604,0.0075227779125945,0.0,-0.0192151759347315,0.0015175692838766,-0.0053597741662123,0.0104349208528595,0.0205101558011424,0.0200693335145973,-0.0428731512450494,-0.0006032554553198,0.0,0.0153559189693315,0.0152220385537975,-0.0032635462200124
2020-12-09,0.0139472678639662,0.0,-0.001845792432251,0.0098242195428897,-0.0027090627131445,-0.0252869706609197,-0.0137185544740218,-0.0021945812989271,0.0027291563582385,-0.0024456506390885,-0.0178177926084492,-0.0375550246643218,0.0019365071019865,0.0189765592958324,-0.007307790452095,-0.0023015621853332,-0.0136716513614398,0.0019741171309497,0.0007577737130912,-0.0246586280246273,-0.0159482319372262,-0.0167567243035542,-0.0080952380952381,0.0,-0.0189786918535487,-0.0228795036311075,-0.0223607676500295,0.0032454635731695,-0.0228808185932614,0.0103775272857398,0.0014939286000901,-0.0175644216103396,0.0082243261404009,-0.0063279611579752,-0.0190723474566268,-0.0199204058427359,-0.0125633848369224,0.0,-0.03585672898289,0.0007209763415103,0.005361674261235,0.0104322473368916,0.0059291149757358,-0.0109712692180677,-0.0066876109821062,-0.0020171145362182,0.009292924972196,-0.0388776841803494,-0.042941916921417,0.0082586260649364,-0.0090624556964785,0.0142910217978797,0.0010989427412937,0.0105083391866021,-0.0296942267358428,0.0083281552857819,-0.0143386562727391,0.0,-0.0287751300661571,-0.0129845613401512,-0.0316871708160846,-0.0060143048451783,0.0,0.0035489551057179,-0.0141777972410772,0.0,0.0110180606376084,-0.0066246986802628,-0.0098819162560508,-0.0186553954750742,-0.0242665595880232,0.0062638479350958,-0.0419068557792852,-0.0024123529474276,0.0,0.0223376401442794,-0.0233859243729627,-0.0384934138654143
2020-12-10,0.0281838003714769,0.0,-0.0253098353459789,0.018072179077204,-0.0050025537512157,0.0275317419337755,0.0520074346198482,0.0435527082979683,0.0411960184121451,0.0311410064773294,-0.007051282051282,0.0113309238840015,0.0322710417686979,0.0068075916838243,-0.003686262927899,0.0168978344242913,0.0336661249129324,0.0134916001816176,0.0100785921303427,0.0192829184681111,0.0155646455755191,0.1049588139391461,0.0081613058089295,0.0,0.0264694104309668,-0.0070353934408484,0.0410149987530727,0.0004589240480701,-0.0089168839015003,0.0042500442712944,0.0181377172057128,0.0197632549448993,0.0093225581163323,0.010489821783008,0.0163470253707758,0.0164654960844248,-0.0024799188957342,0.0,0.0165292362595004,0.015919773637087,0.0204095479773649,0.0291326335089157,0.0330749159987235,-0.0024486161608665,0.0029427780925297,-0.016389631163549,0.0322628495142029,-0.0241868984288914,0.0357464958100035,0.0134980784642859,-0.0121937798516498,0.0446825058330615,0.0363262422085952,0.0326555089134821,-0.0034129692832765,0.0607955851919981,0.0240355726475183,0.0140216185260746,0.0031192822344201,0.0236830069435782,-0.0053228855981021,0.023280608292024,0.0015182855540685,0.0174235932590687,-0.0022655338997168,0.0,0.0092877694210287,-0.0367770290323145,-0.0012112575703596,0.0142584373656324,0.0136017479476464,0.0168865784812013,0.030913602358165,0.0278123402079426,0.0,0.00508032404229,0.0,0.0352056574574091
2020-12-11,-0.0121129612175794,0.0,0.0238015388595576,0.0565243924327816,0.0001423930470001,0.0108232777781356,0.0174437412387296,-0.0012659839311984,-0.0078421208530805,0.0162863230029211,0.0101484828921885,0.0156810163116658,0.0001609705678025,0.048022848620203,-0.0060054784895179,0.0339997164327237,0.015318957771788,-0.0051919999999999,0.031097324544397,-0.0022400562210187,0.0306522005139291,-0.0098144320781619,0.0214285714285713,0.0,0.0181821178952921,0.0054865198750091,-0.0136378025513128,0.036706077054879,0.0179942201752008,0.0051137365543996,0.0282884360990109,0.0383010774515095,0.0173222991487123,0.0044519305519563,-0.0017362618282836,-0.0009657806360983,0.0108863906435674,0.0,-0.0135500371855102,0.0188729961739291,0.001024004255602,-0.0036799602797937,-0.0059113897216922,0.0,0.0033619252369252,0.0182606092122472,0.0044649272268182,-0.0175213595318662,0.0043991328719534,-0.0104666077232482,0.0077151897323914,-0.0358357348703171,-0.0084984111136815,-0.008974765072326,-0.0033675799086757,-0.0356700047687172,0.0224375632191615,0.008541955295924,-0.0274588227537934,0.0096423320309009,0.0026756851650813,0.0116049622604215,0.0034122842232036,0.0234352022673189,0.0007568927327166,0.0,0.0103975993998499,0.0172113413156016,0.0269488679390235,-0.0107096537774792,-0.0287596636404351,0.0030607427185256,-0.0007329255492417,-0.0016479621238189,0.0,0.0333808505583275,0.0,-0.0345571468670857
2020-12-14,-0.0116077738515901,0.0,-0.0192892640879013,-0.0144742385735059,0.0081890710440144,-0.009515554394172,0.0033099085291288,0.0021102872964953,-0.0052619401258386,-0.0033336575139666,-0.0070300117592924,0.0549032550386252,-0.0192879469390867,0.0862199237089202,-0.0111612443600094,-0.0073085783238262,-0.0547099685854608,-0.0088137610473578,-0.0004261933413558,-0.0226143609996604,-0.0167303164018441,-0.0368117333214272,0.019114219114219,0.0,0.0081165239259366,0.0172370180320167,0.0092204671819025,-0.0151438251280783,-0.0044134933132249,-0.0091228070175438,-0.0083546271328144,-0.0164427821022683,0.0274707336411548,0.0132862766950967,-0.0065302121133062,-0.0028562012523343,-0.0153861621211945,0.0,0.0096150309915894,0.0083916633455511,-0.0113986608566266,-0.0158954666041304,-0.0134162762217525,0.0086283844094019,0.0,0.0096382111430595,-0.0080011444804364,0.0461068888220765,-0.01826900500298,0.0043290860468774,0.0250136815164094,0.0015990913574344,-0.0042856265733407,0.0018112081823993,-0.0171238760666628,-0.0035874520099621,-0.0122816414875707,0.0129012783158777,-0.0117218393401877,-0.0038217072974494,-0.0064359025960958,-0.0132701013720495,-0.0128499384087344,-0.0408987002808438,-0.0037927237540179,0.0,0.0106915343836775,0.0046682346233339,-0.0041304870554917,0.0328145086902522,0.0161868643337355,0.031807090725141,-0.0263503418300358,-0.0154375138854572,0.0,-0.0246522588803309,-0.006336690755702,-0.0400572339535856
2020-12-15,0.0156587955597662,0.0,0.0088943179432365,0.0149488374658686,0.0034205736521684,0.010295480284155,0.012724672538759,0.0054766060588928,0.0,0.0026780147995553,-0.0010169142445228,0.0263702116828574,0.0171279021558872,0.0731258462857973,-0.0028204097133793,-0.0080944816630982,-0.0279435512181421,0.0510242992170701,-0.0039627799653884,0.0615115366302487,0.0075566243723776,0.0345450963577578,0.0,0.0,0.0212574609887317,0.0230550621669627,-0.0030511388053287,0.0004536805384263,0.0288594341724215,-0.0007082152974504,0.022398427805518,0.0230417157055053,-0.0035368436979875,-0.0174861495844874,0.0434017968694047,0.0353861407954168,0.0559399913600124,0.0,-0.013605346869096,-0.0006958051300319,0.0194990190018007,0.0069702498417545,0.0090658136073664,-0.0036688790560472,0.0246844749083079,0.0217594565347345,0.0026885597148684,0.0232847595625631,0.0134025075659316,0.0033455921510152,0.0164324312663812,0.0,0.0129122166588562,0.0083218121875996,0.0,0.0007218783274078,0.020591116103791,0.0027858040607953,0.0512103804052703,0.008948834955377,0.0222786215166235,0.0091189796945796,0.0038289044960297,0.010378078012639,0.0041867631296892,0.0,0.0062638046123935,0.0356161103820096,-0.0041422531281524,-0.004585059176799,0.0139866664404826,-0.0033768194974622,0.0390978842129738,0.0113711133230982,0.0,-0.0032706507711075,0.0311821920573245,0.021014122851795
2020-12-16,0.0167109593621852,0.0,0.0160237613273046,-0.0335912660670126,0.0059629919207715,0.0283616121471517,0.0092350401976988,0.023459792249413,0.0226897565953361,0.0110240647927379,0.0425477083252798,0.0277282660921589,0.0112263181582723,-0.0099023608965302,0.0561084756394674,0.0,0.0102564102564102,0.012212066942506,0.0142774406365673,0.0021639248869544,0.0062516228254139,0.007813025068889,0.0,0.0,-0.0105988174613159,0.0,0.0061123324281218,0.0271204349836,-0.0054021283736236,0.0279943302622254,0.0176887853913629,0.0017690970446877,0.0106443959381228,0.0240995076444674,-0.0008465721454884,0.006448043242323,0.0236727984111517,0.0,0.0303450381896237,0.0010416492594262,0.0139194622025966,0.0240643095377197,0.0189357079469996,-0.0061434836513017,0.0142906675912835,0.0063006111592824,0.0116191865542074,0.0142218785483034,0.0102842930796602,-0.0090604257338571,0.003920986029829,0.0095742564408634,0.0109700120536202,0.0122083058668425,0.0174222118634193,0.0109826693837802,-0.0061920511847313,0.0103240645027908,0.0010277101096225,0.0322998967363896,0.0208143039145949,0.0182959885853786,-0.0057214498589557,-0.0247081659612325,0.0178001623250281,0.0,-0.0015525531956314,0.0162623032233479,0.0058189655172413,0.014807593130294,0.029883644089772,0.0165256644990214,0.0,0.0203554806745958,0.0,0.0039376596348501,0.007560580990277,-0.0217415215398716
2020-12-17,0.015172628681721,0.0,0.011823632368823,-0.0149734800687514,-0.0087515674062406,-0.0016474566613611,0.001017609412887,0.0126902158984782,0.0048055759354364,0.0,-0.0126314748668256,0.0084806257666245,0.0140324652967309,-0.0176478439947116,0.0758942539707794,0.0244816109401329,-0.0203284001811205,0.0117596815276908,-0.0103028798411121,0.0459309885989052,-0.0062127828503374,0.0370117203781197,-0.0329368709972551,0.0,-0.0194432965659004,-0.0157644362651482,-0.0068292432136002,-0.0127649542424825,-0.011929641239986,-0.0225784212340572,0.0001997198216217,0.0149903535008113,-0.0153589578896364,-0.0104959514170039,0.026075141596568,0.0174440732439631,0.0031826884998127,0.0,-0.0174030936688829,-0.0059429080184741,0.0008580231666255,0.0,-0.0012613445933365,-0.0098866111824833,0.0112756647593403,-0.0174895125536299,0.0238448258352796,-0.0168267682413042,-0.0167294094392683,-0.0028860210717346,-0.0209870409910575,-0.0154149321378426,0.0126092925789433,0.001771386891737,-0.006872458622072,0.0373974313235818,-0.0018113569900921,0.0188214329867462,0.0143460098971714,-0.0184090944338466,0.0177365946825152,-0.0239574351336522,0.0053696797426827,-0.0114300720080715,-0.000742812199598,0.0,0.0035047697039711,0.010852004524477,0.0032836940218554,-0.0213999791151797,0.0535739667558754,-0.0258476572002339,-0.0079567524993511,0.011366376614937,0.0,0.0058774337169171,0.0336974965926095,0.0023713637385776
2020-12-18,0.0136584534060875,0.0,-0.0311735153935333,0.0005423864289206,-0.0253487014627601,-0.0057942243866124,-0.0073622262991113,-0.0076760334165129,0.0018400204446717,-0.0218077198686615,0.0206666917020292,-0.0163799592245688,0.0117099509738969,0.0194627680740724,-0.0149401604921233,0.010860847934536,-0.0082952223411502,-0.0097913588808151,0.0080521760943184,-0.0170474587836625,0.0037549683424211,0.0333113615536728,-0.0260170293282876,0.0,-0.0126483110371508,-0.007655671194214,-0.0068762024726721,0.0008944194306108,-0.0175597074116505,-0.0005290072297654,-0.0007901620545355,-0.0052146452582934,-0.0200541695277332,-0.0212247987479927,0.0176236032792251,0.0261435191920034,-0.0233453452365862,0.0,0.0068119403613251,-0.004304698783041,-0.009430163534103,-0.0017837154721068,-0.0015756649967825,-0.0199706645605326,0.0147279081377933,-0.0068126299179146,0.0008629411414629,-0.000815136855194,-0.0162739060115679,-0.024614820713103,-0.0209348902240865,-0.0216756064366345,-0.0103828451136402,-0.0049537133347201,0.0034600080733522,-0.0257494862998977,-0.0072476442423314,-0.0142852360787989,-0.0212119913888204,0.0150018959742146,-0.006255435363044,-0.0036374831427585,0.0183188338018887,-0.0034113469227973,-0.0063295290568018,0.0,0.0120465541026288,0.0267470718040936,-0.0172457059260088,-0.0069608952059813,-0.0035308039517251,0.0154079111654223,0.0495940093828941,0.0068801778136997,0.0,-0.0114695550351286,-0.0382724677857,-0.0186235120565061
2020-12-21,-0.0277394610234499,0.0,-0.0007977662544874,-0.023873464220118,-0.0070132846592666,-0.0183013958480229,-0.0335077528683211,-0.0244430777641109,-0.0242480339924348,-0.0212879947518042,-0.01445951580858,0.0071050297732166,-0.0201447211171684,-0.0167397078563971,-0.019795341389577,-0.0329586101175268,-0.0292883950253881,-0.022235078290921,-0.009306723734634,-0.0300915984727705,-0.0124664212516166,0.015128177202454,-0.0393394851869839,0.0,-0.0058880504314803,-0.0254195108077361,-0.0046129788897575,-0.0117949185113849,-0.045816420353883,-0.0075864502470006,-0.0308321247901701,-0.031001991649227,-0.0188724049469993,-0.0029888805283838,-0.0177204640656183,-0.0202118395204244,-0.0174065242945982,0.0,-0.0324762279000289,-0.0100914697565115,-0.0155649676767942,-0.0224628874034205,-0.0176909593595837,-0.0203776191572644,-0.0231447314473144,-0.0257966940633689,-0.0258560031712998,0.0195761220286123,-0.0075145367738579,-0.0311708337922678,-0.0264772858852135,-0.0233884331335283,-0.0370276896452264,-0.0384288719603821,-0.0275271536118614,-0.0026474170034769,-0.0245444034575786,-0.0246758980193061,-0.0067077741241869,-0.0204929835075456,-0.0145413999048101,-0.0109489296245793,-0.0048691640485558,-0.0147863415729075,0.0168652430773292,0.0,-0.011135216080788,-0.0214434010703434,-0.0084753589803492,-0.0190160646166521,-0.004255072239522,-0.0227559322920753,-0.0104180097475438,-0.0107062943378052,0.0,-0.0127042602211548,-0.0113007978650314,-0.0138543012409989
2020-12-22,0.0058307524612002,0.0,-0.0262997813896017,-0.0161197803442443,-0.0008839775026825,0.0216935319841351,0.0132369741220879,0.0158654553350658,0.0203316402748729,0.0065632924826561,0.0410906059059967,0.0318628067650597,-0.0108850925191095,0.0304637172254425,-0.0085967052769679,0.0259333935896546,-0.0301720870290349,0.0126354633781764,0.0111524163568772,0.0176143049506873,0.0170365818027946,-0.0178199207095272,-0.0631951466127401,0.0,-0.0003467883545167,-0.0141903476452777,-0.008500685116819,-0.0055179013537954,-0.0374635705556078,-0.0063999999999999,0.0093818854496825,0.0207310647754483,-0.0011585692463348,0.0022483805370956,0.0003646728735478,-0.0144690878273632,0.0030002830455704,0.0,0.0055945093300628,0.0029134815252329,0.0017582651783574,0.0062017569177712,0.0048258523424087,-0.0286167587260548,0.034936307737508,-0.0179741380662198,-0.0088508179376576,0.0063997935127118,0.0,-0.0117433057807024,0.0031377257718296,-0.0235295965980799,0.0101588727894466,0.0096208724011415,-0.0211558917385651,0.0544249588561114,-0.0010385388210326,0.0192765525916061,-0.005194247219728,-0.0133174413984902,-0.0130811490845922,0.0235257363677729,0.0075309023971974,0.0048413738110155,0.0346532511089472,0.0,0.0287291047818745,0.0445483260157659,0.0054958000690399,-0.0071455695278154,-0.0121399296855272,0.0068963301671609,-0.0189619978284473,0.0009209485364221,0.0,0.0068747900369534,0.0117665952229475,-0.0164934549503193
2020-12-23,-0.0006450614098461,0.0,0.00028308425173,0.01808094649243,-0.006479828021472,-0.0048089784186984,0.0164464815314102,0.0213751827233361,0.0228839987701496,-0.0010321807315164,-0.0253762207002066,-0.0086560453332944,0.0035641289843078,0.04347866939361,0.0073685023557581,0.0238275955543507,0.022225696344355,-0.0062350562385158,0.0261327503974562,-0.0133158490790964,0.0254388397987082,0.018143231659107,0.0221262817053427,0.0,0.0034800995572785,-0.0160227945529899,0.0249372826900224,0.0092475292102742,0.0413634809786591,0.0416890320271963,0.0080806842754961,0.0008841552229041,-0.014153323031822,-0.0063587351555433,0.0074842280680871,0.0156043541181651,0.0074876773149714,0.0,0.0069540521263888,0.0094398921802358,0.0236816211472488,0.0152249542148117,0.0220788810437733,0.0040126630774504,-0.0194004957848151,0.0129728279615222,-0.0008929854453635,-0.0075514543895979,0.0181845408005689,0.0320349718492853,-0.0083448606837365,0.0215115468362847,0.0215465586044156,0.0245632453094295,0.0254165660468483,0.1080734083528434,0.0049946889054626,-0.0169435074085143,0.0026079156607827,0.0096396991318632,0.0265110405114745,0.0191530585838746,0.0347652732449497,0.0377083097154518,-0.0117637217278555,0.0,-0.0071716042218101,-0.022710080154392,0.0057654790579053,-0.0068513049842048,0.0054229423099612,0.0149903751050231,0.0465283065644313,0.0048315444729079,0.0,0.0022044541890589,-0.0027471856609119,0.0220481888987689
2020-12-28,0.017419293761242,0.0,-0.0074459364509329,0.0160929099278517,0.0169001209742507,0.0251675335067014,0.0110521662245799,0.008452149492331,0.0097403526852171,0.0205982834763769,-0.0077141946086488,0.0293136695460538,-0.0007742543593887,0.0463914276709738,-0.0090371915189433,0.0239746882363842,0.0,0.010985610397648,0.0299699816016267,0.0330562536245893,-0.0036322887283124,0.0058343891772592,0.0390707497360083,0.0,0.0079896398077217,0.0081230491519685,0.0030402445936892,0.0270247810988357,0.012849371600075,0.0091034008931638,0.0240477307071023,0.0163194444444445,0.0072971230558465,0.0214612376787342,-0.0004135221751265,0.0017966668731801,0.0371452046608904,0.0,0.1201653008932819,0.0068327929181299,0.011131749516152,0.0153588686599386,0.0072006448338657,0.0200032133676093,0.0075166980293224,0.0057191860721739,0.0223445895273219,0.0112132037324492,0.0014890800794176,0.0035079666907089,0.0073617745691398,0.0219038268694642,0.0073894902340205,0.0082235329663833,0.0177215189873418,0.0062022900763358,0.02547899613205,0.0104203768536454,0.0234378020157393,0.0114699571671279,0.0015013312059668,0.0194539482465079,0.0130083100263587,0.0126316076964043,0.0007195158081856,0.0,0.0216654706857959,0.0140142011113029,0.0162924513989728,-0.0031030601060521,0.0115070657764531,0.0084401670220513,-0.010947824394866,-0.000572802375113,0.0,0.0090124366870376,0.0396592676028748,0.0051677690541829
2020-12-29,0.0114196773729666,0.0,0.0027824479642901,-0.0010948774096277,-0.0067062023453873,0.0052075075917412,-0.0058433040505624,-0.0001004150488687,-0.0016230889722089,0.0110982293996941,0.006810120011371,-0.0004205636508747,-0.0092814068658828,-0.0031868418712585,0.015634349144779,-0.0034389584868581,0.0195503670473082,0.0037266605448422,-0.0181685704884125,0.0057482690868264,0.0018227651735505,0.048649417405703,0.0025406504065041,0.0,0.0048232911612917,0.0331256761293692,0.0204722926227824,-0.0078059458055284,-0.0046184831928883,0.0049361702127659,0.0052834669041259,-0.0026025442633493,0.0109803952942306,0.0066307735902522,0.0111401681367551,0.0189445475159759,0.0026826932079249,0.0,0.012331006548645,0.0135784171699835,0.0059349468167102,-0.0038672574580274,-0.0021755754604573,0.0,0.0047154805274769,0.0036395897075789,-0.0043712442470406,0.0011881078332387,0.0230280668906144,0.0069848737299487,0.0020912225173796,-0.0186908205362692,0.0006963119477527,0.0031922240029185,0.0278838366307994,0.0192297560718612,0.0006030569505053,0.003572334398012,-0.0061083860802183,0.0264492267898965,0.0067199502481833,0.0021681999469924,-0.0092759035067683,-0.0212260970412924,-0.008998054474708,0.0,0.0059538760663484,0.0008735496771272,-0.0038598717285721,0.0408293650498852,-0.0024902266338244,0.0087851457783503,0.0428817053454573,-0.0027486055165844,0.0,0.0036057692307691,-0.0046369216728249,0.0054401479442149
2020-12-30,-0.0188095377487099,0.0,-0.0035983214369754,0.0024616822094047,0.0005871632116212,0.0025841987770551,-0.0081807277089165,-0.0194490007699259,-0.0141700979696152,-0.0143032482423746,-0.0173704885833538,-0.01539528101169,-0.0054577913797499,-0.0093205950907886,0.0076943001234135,0.0062140809257553,-0.0127753193829845,0.0068004909771512,0.0183372034567783,-0.016495049159549,-0.0060583772065654,-0.0215057930018988,0.0430816016218955,0.0,0.0106242347408684,0.0234699404224589,-0.0066871953214804,-0.0123611516472951,0.0254904468968404,0.0518292682926828,0.0192708948466595,0.0078330428474999,-0.0085504241580145,-0.0106151027218474,-0.0020383710565922,-0.0035404317303607,-0.0129681703423581,0.0,-0.0036543042021677,-0.0197402054828406,-0.011787091666028,-0.0137741836128044,-0.0146443763218555,0.0209104512877056,0.0347941105873581,-0.0133717316408094,0.0184297378859294,-0.0120257534644829,-0.0217919847841885,0.0232944443723477,-0.0130231246474902,0.007277372606713,0.0062744439379034,0.0024807127828141,-0.0271274200810446,0.0349500081227569,-0.0108977941418193,-0.0102804859243013,-0.0148490392915896,-0.0134984596237025,0.028183730006654,-0.0298621599403521,-0.0640706917810277,-0.0067098374207771,-0.0021872499333155,0.0,0.011832650532215,0.0232489705714553,-0.0065561662750805,0.0036579708076085,0.023522388522563,-0.015346980816274,-0.0311690016076642,0.0043629417073751,0.0,0.0287601268052133,0.0078499807743499,-0.0102233085904142
2021-01-04,-0.0108678975093335,0.0,0.0,-0.0283599211328194,-0.0026397866636039,-0.0072183162505898,-0.0311867577221088,-0.0247917520142019,-0.0261550869915889,-0.0080991780672293,-0.0096070960084952,-0.0222351712919124,0.0437908161520839,-0.0212361773138023,-0.0093340187688369,-0.0192233310126092,0.015118517017828,-0.0316449465769087,-0.0214156421166459,0.0463542097733424,-0.0042745029308095,0.0728407650879139,-0.0199222546161319,0.0,-0.0332423782694235,0.0152760627976715,-0.0089706553139728,-0.0081918055869418,-0.0542382491353405,0.0069243156199678,-0.0336113356526248,-0.0177035382085539,-0.0279716651701087,-0.0007397521054481,0.065031662945203,0.0479554960003247,-0.0326990248872071,0.0,-0.035452194235525,-0.0025179170265027,-0.0153522091415426,-0.0166538355388345,-0.0226155951742141,-0.0473674059787848,-0.0200225049599747,-0.0305440178300071,0.014657350973688,0.0100198847551231,-0.0148394078911164,-0.0179196469334956,-0.0116120257613248,-0.0416491244483947,0.0225329947423011,0.0201075338472502,0.0069998842994329,0.0656772858620813,-0.0248995983935741,-0.0003981787649532,-0.0046734122522759,-0.0366961045434013,-0.0169692676567724,-0.0093703813183564,-0.0157499290423122,-0.04230646526015,0.038622754491018,0.0,-0.0040214783502799,0.0063208800323966,-0.006901121634289,-0.0327946379362454,-0.0334273865207264,0.0160098328931195,0.0225879643740052,0.0458556812366264,0.0,-0.0120406987029144,-0.0147852933580634,0.0328065836721576
2021-01-05,0.0213196832208748,0.0,-0.0047232472324723,-0.0258228520618803,-0.0152940689600573,0.0019685399284499,-0.010377915928062,-0.0047819420425823,-0.0061006270705158,-0.018714693153913,-0.0199177556889852,-0.0135978068694253,0.0195477884875237,0.0324074074074074,0.0004273460790997,0.0,-0.0063864288387176,-0.0047544573037222,-0.0216200634188526,0.0031526314302663,-0.0153036777720191,0.0181423054385387,0.0029747149231531,0.0,-0.0192970976721489,-0.0037876155396484,-0.0173621765367699,-0.0089517708556982,0.0238963094410207,0.0070366224212377,0.007705176371173,0.0021981265042156,-0.0239811796391943,-0.0162969482049026,0.0241960983791362,0.0220280533168009,0.0332025593090918,0.0,-0.0164766932022628,-0.0064877749855232,-0.0077957871251395,-0.002555523549962,-0.006470994645545,-0.010750293557922,-0.0023166217611361,-0.0097151105073409,-0.0603219253008283,-0.0174603442991041,-0.0165803977061146,-0.0064114980823615,-0.0058684428101456,0.0013287775246773,0.0305012417363321,0.0390921675959206,-0.0172918940656058,-0.0135042849491162,-0.008788274725899,-0.0027970211291997,0.0078292839582732,-0.0167833524665708,-0.0059005730799558,-0.0186892648623917,-0.0334512215028022,-0.0023463638602031,0.0459477823992091,0.0,0.0018353254261396,-0.0045840348060046,-0.0036237190858247,-0.0291090098966221,-0.0046824367479204,-0.008293180133432,0.0107050602728839,0.0168375790104358,0.0,-0.0084907785524087,0.0613751318117639,0.0050020968898387
2021-01-06,0.0151792569842301,0.0,-0.0092144940432052,-0.015266626268747,-0.0624261106471931,-0.0217695433201139,0.0212425995694296,0.0213020415629001,0.031240932391914,-0.0162941932298299,-0.0152386836042576,-0.0346343231731262,0.0404102877154652,-0.0119696447050705,0.0389583312144667,0.0226236016353145,-0.032112279996987,-0.0012807216041234,-0.0022343351011588,-0.0030188169166389,0.0,0.0405323955534004,0.0034602076124568,0.0,-0.0296961404064278,-0.0339739788621855,-0.0414704173063746,-0.0076399327968873,0.0396744540078457,-0.0566936636493567,-0.0323584988512193,-0.0232480212019517,-0.04619202860448,-0.0237189304114895,0.0494905971892238,0.0406422383561124,-0.0230814038153487,0.0,-0.0012885178594413,-0.0087087409955919,0.0218251081334903,0.0226439683961878,0.0276855065534991,-0.0366944313693388,0.0100502258903105,-0.0483233250563068,-0.0795671877598536,-0.05331143536422,-0.0337198845079754,-0.0301068980082529,-0.0370585772111849,-0.0434014895057547,0.0098774651233832,0.0009900385014973,0.0070150824272186,-0.0157184257141498,-0.0202713158301954,-0.0308491884991793,-0.0103616125877659,0.0164202667368316,-0.0544678267139793,0.0247820798702613,-0.027195145292217,-0.0030632540177987,-0.0020178158373935,0.0,0.050182051340768,-0.0191002195158153,-0.0048510123970317,-0.0391527259233456,-0.0470525246639949,-0.0171403358509175,0.0410642463363286,0.0280646511953952,0.0,-0.012070441980904,0.0295473043136593,-0.0365836011509145
2021-01-07,0.0,0.0,-0.0084519972458663,-0.0078997265479272,0.0022295544594013,0.0336266127778641,0.0413214973896143,0.0283659608469835,0.0284403272585602,0.0211443140789076,-0.0041300171212734,0.0408784858583803,0.0827922704568089,-0.0172322498807154,0.0247177042392086,-0.0131375976964213,0.0221011673151749,-0.0344664815237316,-0.0185299111647021,0.0396233130151342,-0.0068422411567261,0.0643621492376105,-0.0364532019704434,0.0,0.010325979278114,-0.0148763314677738,0.0096103379002046,-0.0088660381729722,-0.0033677618462993,0.0050505050505051,-0.0356715198749272,-0.019757360279441,-0.0128779592844793,0.0067974772249475,0.0553743636968255,0.0438275315591014,-0.000298129239025,0.0,0.0,-0.0150074209384634,0.0384202146250534,0.0321494515042903,0.0405756473616163,-0.0098576588060336,0.076128458339997,0.0243836518304196,-0.0225853443700382,-0.0119457456477661,0.00158709942884,-0.0051523597673732,0.0011173386804532,0.0,0.0309446983956263,0.0309294715248606,-0.0034831069313827,0.0192791687065165,0.024136276952956,-0.0049594774404257,0.0277463193657985,-0.0038830239048659,0.0439486559927431,0.0385144157064438,-0.0182164329816966,-0.0025921071792631,0.0023572344412665,0.0,0.0491840454945879,0.0864061355165493,-0.0204177654254793,-0.0099111738140088,-0.0030364121588684,0.0357288096206356,0.0553387363285859,0.0701804175957834,0.0,-0.0244476286507809,0.038262121154297,0.0091133280239201
2021-01-08,0.0299045845939027,0.0,0.0190407181530904,0.0315520148863173,0.0187554326583712,0.0147323335318498,0.0058122983488326,-0.0077030249444042,-0.0086216572663242,0.031068113011518,0.0082942898014357,0.0205685023825392,0.005105060141316,-0.0271231197804571,-0.0072364430136084,0.0686726585905954,0.0432972945535761,0.0386790300501922,0.0341239594824993,-0.0017008004086267,0.0369466747992681,0.0059700881805346,-0.0025562372188137,0.0,0.0478088338774236,0.048418429058388,0.0269880252402121,0.0419037858151054,-0.0078771303286468,0.0465661641541037,0.0388824963491682,0.0311480886400152,0.0553202516262778,0.058756445058387,-0.0148941713981008,-0.0168054028584889,0.0562364869902332,0.0,0.0322578287767336,0.0397621572752402,-0.002468243184283,0.0031077905222911,-0.0003077208913455,0.0541132043084582,0.0408816276488535,0.0576662878172864,0.0261227224937319,0.0293609696290393,0.0324644202083437,0.041452556858361,0.0690770223881946,0.0361130614001312,-0.0019018018213827,0.0038730767864123,0.0701969008505185,0.0056689419102575,0.069023030524584,0.0290812329470244,0.0188516177820989,-0.0019409591099199,0.067508674798389,-0.0105651799858411,0.0207116460277136,0.0331571570402382,0.0509500241072922,0.0,0.0335771884612188,0.0046403031957982,0.0233286791399049,0.0760112880563925,0.0666647329142615,0.0258734982764599,-0.0048164744301872,-0.0031271955805975,0.0,0.0261966501653156,0.060476693079601,0.0340160543869183
2021-01-11,-0.0260099746598447,0.0,-0.0072488099705702,-0.0363067186783617,-0.0156023332875226,-0.0411543614612112,-0.0163297717605804,-0.0151273777861781,-0.0177541590302789,-0.0207543285587361,-0.0123390907079358,-0.0378089374613369,-0.0100305740978512,-0.0566045199631197,0.0166087701234591,-0.0347504936495941,-0.0415004378709741,-0.0283271229652873,-0.0385986180143048,-0.0166559618545815,-0.0193242305021985,-0.0219285400497876,-0.0220399794976936,0.0,-0.0386641492400929,0.025765627185009,-0.0100454708105324,-0.0194318848583162,-0.0227026780730633,-0.0012804097311138,-0.0487544712786104,-0.0199889949963231,-0.0457439692471826,-0.0215428961541378,-0.0274891894718065,-0.0170749023784168,-0.0342690562068989,0.0,-0.0474999211595531,-0.0175127639176866,-0.0230814411217056,-0.0196589923629955,-0.0225460416654568,-0.0378399283504315,-0.0003435475523352,-0.0382819495970321,-0.0195915058436731,-0.0146810744520891,-0.008441177027872,0.0154231172156906,-0.0260542755083038,-0.0428985190447565,-0.0094944633777207,-0.008353390910378,0.0590060421316205,0.0456676599780709,-0.0257859753360831,-0.0052502395421791,-0.0175007952497082,-0.0058504751985417,-0.0194362707139539,-0.0219110659064583,-0.0152156464195589,-0.0474541780308918,0.0118063422809366,0.0,0.003534975749825,-0.0234154100980324,-0.0109427104084005,-0.0148185961174243,-0.0017831128722102,-0.0468381863188557,0.0121069547562502,-0.0001951991376689,0.0,-0.0113208658518627,-0.0306282618814185,-0.0512352704874129
2021-01-12,0.0434746584252345,0.0,0.0109526083323385,0.0207656580861277,0.0112521862553855,0.0289476938296029,0.0091916172450725,0.0004112377571092,-0.0007348173762697,0.0064949075277858,0.0395487671485617,0.04008041595869,-0.0009172011035075,0.0158211006067174,0.0003975503327116,-0.004078746322183,0.0064971321252729,0.0049086094426145,-0.0176279222253045,0.0252189219409049,0.0061553588987217,0.0044832046179501,0.029350104821803,0.0,0.0492776693025198,0.0560648921304658,0.0015604612617694,0.0046066525871171,0.0789798820430334,0.0434294871794871,0.0031889302951451,0.0,0.0365348867130137,0.0358218983383724,-0.027564134999747,-0.0173715193759254,0.0225810931310206,0.0,0.0209970897999751,0.0258296930844728,0.0075984342620307,0.0038736739978741,0.0031194481250631,0.0224883115784129,0.010930351922519,0.0108576369259418,0.0259779038518961,0.0302256809917647,0.0131469573774876,0.0009743795494927,0.0358479633814241,0.0102717825739409,-0.0035176045113277,-0.0074481248810203,-0.006219480853251,-0.0173367642328723,-0.0020183184336093,0.0178614626079229,0.0529249564264862,0.0071944801394696,0.0209711868857997,0.0100642960241437,0.0111585415909276,0.0033677026926786,0.0516989303031425,0.0,0.0208345856526286,-0.0013056878677499,0.0288927392921389,0.0202868621634815,0.0257592739613008,-0.0071391694783554,-0.0137608906457032,-0.0273591311424143,0.0,-0.0008995966708965,0.0349290105405106,0.0463313515516115
2021-01-13,-0.0374946402197906,0.0,0.0024993849938501,-0.0052300216230257,-0.0001553137433489,0.004037927677831,-0.0493648229107267,-0.0186693705852932,-0.0151325085791734,0.0047545498018477,-0.0190284222002484,-0.0121224906297219,-0.0198885438258012,0.0226269631097308,-0.000397392349251,0.0088755895927372,-0.0042866508648949,0.0114081881869014,-0.0185603532371514,0.0214670597255066,0.0330512284267927,-0.0480559431294532,-0.0168024439918534,0.0,-0.0062155864424908,0.0139740527980378,0.0,0.0160559197992353,-0.0096899643513017,0.0367071110428505,0.0016965814190648,0.0149603820118591,-0.0189996404663665,-0.0028790116557561,-0.033067526960051,-0.0257277271390768,0.0034415596018797,0.0,0.0025710734711545,0.0021236236540704,-0.010054844606947,-0.015072484366117,-0.0164727763825049,-0.0151245551601422,-0.0290635043972733,-0.0119351920388189,-0.0087646637413809,-0.0074378829550358,-0.0045737888889935,-0.0200666768463377,0.04390385787881,-0.0073923781642261,-0.0461770967777519,-0.0483205868955431,0.0,0.0389512618244902,-0.0052648355151075,0.0,0.0004868624024354,-0.0097354050188531,-0.000422716610784,-0.0090773867518869,0.0012699701354055,0.0131890229477169,0.003598609827988,0.0,-0.0156986056152252,-0.0200878704051801,0.0143356680861104,-0.0037720850982398,-0.0024433273261881,-0.0076159462156627,-0.0606827086179202,-0.0299423747841719,0.0,0.0022480352053046,0.0023321068178958,-0.0096780937864614
2021-01-14,0.0103534186906018,0.0,0.0124657682152355,0.0368103107274115,0.0377739507981682,-0.0070798472715954,-0.0023993801601253,0.0317099053310618,0.0307300397484793,0.013523271844023,0.002041844897326,0.0028455789238446,0.009403310550734,0.0344811525802644,0.0055751701420769,0.0148677860446411,0.0302370340356563,0.023528103453754,0.0104888702885093,-0.0035414133939426,-0.0047394709955727,0.0314451731876619,0.0548938373899534,0.0,0.0347427379056615,0.0076068620898182,0.0561154878746532,0.020996323164923,0.0847795970460223,0.0065185185185185,0.0349197323085483,0.0366196018012523,0.0400136127436223,0.0057796526203595,0.0417187983479303,0.0280481364116493,-0.0082876863571932,0.0,0.0076921198183144,-0.000706374477807,0.0220067713142504,0.0217028982893094,0.0296971266479166,0.0223314636247136,-0.0045243519263735,0.0478280122658125,-0.0176843246417398,-0.0120734834119234,0.0437122231274986,0.0229772370180882,0.0242463536699066,0.0214142150303762,0.004024749898803,0.0102908390119786,0.043653667114927,-0.0186194511830125,0.0118063689200238,0.0322959787747061,0.0019311348106256,0.0104794104613565,0.0405349716480143,0.0279339130092786,-0.0038108696659407,0.0066400093397933,0.0095560387151072,0.0,0.0076574259084218,-0.0056669930579812,-0.0064769921377245,0.0478338283316341,-0.0146844609422243,-0.0059648565682225,0.0180904362000495,0.0164203101308935,0.0,-0.0035875986887119,-0.0045425671782902,0.0453084351462156
2021-01-15,-0.0190657380114475,0.0,0.000824050645183,-0.0394482431641565,0.0181246662145355,-0.0298413004562687,-0.0309663195343359,-0.0368864106971267,-0.0276335693537963,-0.0210128030744651,-0.0101755245747301,-0.0302667155265478,-0.0487171865824749,-0.019164678162472,-0.0015860913438006,-0.0226498743049622,-0.0021139570325943,0.0151101246371863,-0.0050476289086767,-0.0350678973053257,-0.00536086001882,-0.081035951322769,-0.025527736867943,0.0,-0.0402946342809532,-0.0082127740223639,-0.0339473245540923,-0.0141515806538773,-0.0460857760571169,-0.0164851339417133,-0.010224066880345,0.006463711447153,-0.0347949389179755,0.0068210991372876,-0.0591680442194441,-0.0529695613085519,0.0028838107961544,0.0,-0.0190838344534841,-0.0038933283263106,-0.0389123124027506,-0.0285579102727973,-0.0377367319007567,0.0204668748972547,0.0045449147200422,-0.0069174356236813,0.0,0.0096924805927089,-0.0374791227942779,-0.0039032501697755,-0.0193250362279037,-0.0268908312522296,-0.0351560250192944,-0.0451575902653101,-0.0328575676479333,-0.0476918138041733,-0.0030195313993043,0.0057933159198981,0.0226586025490929,-0.016859544402485,-0.0435545071236108,-0.0500006376818987,0.011063567549969,0.0009278186114614,-0.0035430814387689,0.0,-0.0161444171346923,0.0249759090263406,-0.0002980213511011,0.0075513736660826,-0.0046126529509398,-0.0274475142828239,-0.0469496833133197,-0.0434548399359346,0.0,0.0054037593446225,-0.0412798994838157,-0.032861861607521
2021-01-18,0.016930811746687,0.0,0.0035550303194684,-0.0067483148493776,0.0192849065884501,0.0163767395626242,-0.0101865816348515,0.0042578006983917,0.0033670279587485,-0.010221915920055,0.0051465798045602,0.0396627618395923,0.0165067558813891,0.003115245731073,-0.0146793315577343,-0.0163579230125947,-0.0147058823529411,-0.0089907569513993,-0.0034602076124568,0.0095762166797686,-0.0227439962539299,0.0197902136407017,0.015617128463476,0.0,-0.0010506292716373,-0.0234728326645009,-0.0038220297307324,-0.0020170269622118,-0.0147055723050325,0.0005986231667165,-0.0154960095984529,-0.0214023785926659,-0.0038118170675522,-0.0042793961406369,0.0141865876006341,0.0076332920024797,-0.003738531945827,0.0,-0.0077819114800056,-0.0021344539678669,0.0017234400908723,-0.0032276120759215,-0.005105700149524,-0.0093636729762384,0.0128818984999159,0.0011614699153694,0.0100014944761861,0.0204505607500073,0.0038193494846234,0.0573509359907229,-0.0108344847084931,0.0032766600980704,-0.0017430546435691,-0.0017888386911446,-0.0370484242890084,-0.0193902455468507,0.0086752689114291,0.0353296154486433,-0.0136728807034909,-0.0145135842853485,0.0009384594798873,0.005034334158964,-0.0079984359636361,-0.0178439523195689,0.0225628780088193,0.0,0.0183362968565199,0.0349955894994502,-0.0091935054564812,-0.027379382013233,0.0267377605428986,-0.016309167953224,0.0026599468010639,0.0081233437362862,0.0,-0.0125370439657682,0.0702177115393047,0.009080681994247
2021-01-19,0.0030858639600555,0.0,0.0258781285894924,-0.0165389363833307,0.0224120062538506,-0.0034536296730971,-0.0169782243389375,-0.0186450994521909,-0.0160288840198868,-0.0075757153759171,-0.0194568669388813,0.0312142362458434,-0.0127975409528807,0.0050823983062737,0.0221508843609015,-0.0173255529363269,-0.0127753193829845,-0.008138862102218,-0.0046209273182957,0.0015790820632612,-0.0232635459550374,-0.0570756223875024,-0.0143849206349205,0.0,-0.0101575387204267,-0.0098822608525488,-0.0045988360008314,0.0110109379894525,0.0095862710903311,-0.0031408914148967,0.0023070253621213,-0.0039396195076994,0.0091755127684918,-0.0136129707839741,-0.0294854095609332,-0.0252451451643913,0.0213471837820351,0.0,-0.006535899323863,-0.0035613287478679,-0.0154842745982299,-0.0079128348368934,-0.0118583595019612,-0.0094521800996035,0.001028039900518,0.0178524631029921,0.0475317846045277,-0.0151329777013566,-0.0106440945473674,-0.0343061338861201,-0.0066873038300993,-0.0107342697270753,0.0125216767326437,0.0220931601459797,-0.0288420604512558,0.0090617823797147,-0.0055980279304129,-0.0059332151514055,0.0086063579596138,-0.0174012170793448,-0.0267363739334806,-0.02162936544511,-0.0131522507796287,-0.0052646325817345,-0.0185878041505092,0.0,0.0135895328993109,0.0303362592940417,0.0092788102491363,0.0006727247872102,0.0249990557842656,-0.005381819800867,-0.0471442416676248,-0.0026510877119562,0.0,-0.0074757923858782,-0.0283048204010692,0.0014519843786509
2021-01-20,-0.0153655332239874,0.0,-0.0193823977719651,-0.0090085822339072,-0.0035582416051274,-0.0097343450018707,-0.0223731876035181,-0.0198619784983031,-0.0208322544849268,-0.0062415455683342,-0.0083417058854635,-0.0131365862022977,-0.0111560017618737,-0.002810625743632,-0.0066978389991153,-0.0239755656345855,0.00215255267423,-0.0088356537294859,-0.023893828520471,-0.0191854996982728,-0.0137960033639021,0.001813288541925,-0.0035228988424761,0.0,0.005664946118701,-0.0113973252519929,-0.0177233692673122,-0.0215613288229975,-0.0327352881955851,-0.013953488372093,-0.0027191090758961,-0.0215197531303539,-0.0151491569390401,-0.0112600374328321,-0.0206469517679955,-0.0155236010020317,-0.0118634941527155,0.0,0.0078945425155629,-0.0157347726208265,-0.0157145694049115,-0.0152314862460855,-0.016538787320469,0.001354401805869,-0.0006861509621809,-0.0179946245337285,-0.0085078178479458,0.055648113363351,-0.008451158948258,-0.0216032049122019,-0.0010152780341612,-0.0108565162184002,-0.0168316363894073,-0.0167268166577081,-0.0032876712328767,-0.0365961679976014,0.0026154711397228,-0.0220184154019725,-0.0033166829150627,-0.0190742668008803,0.0111906569429776,-0.0255992791242998,-0.0262262920780739,-0.0209327838230498,0.0180540840960801,0.0,-0.0255635757046645,0.0105812393309496,-0.0169017833377694,-0.0006722725328136,0.0118575181750182,0.0162216303326021,-0.0167221197441687,-0.0184982944104241,0.0,0.0015936786101666,-0.0100446788506048,0.0052162319806681
2021-01-21,-0.0255917257839951,0.0,-0.0349446374086085,-0.0515153446572549,0.0,-0.0316642303213497,-0.0101289217862415,-0.0180605461078541,-0.0143171223717314,0.0048856531242764,-0.01685041259515,-0.011501520343646,0.0032409434063698,-0.0140836067669493,-0.0150739798322495,-0.0007252508159072,-0.0301720870290349,-0.0127360045199867,0.0205556749785038,-0.0389996230849389,-0.0228818549123911,0.0096692451320352,-0.0272727272727272,0.0,-0.0534832510342987,-0.0461815273890443,-0.0070595946712018,-0.0093134426769966,-0.0305673028463746,-0.0158247108947047,0.0044067159199814,-0.0125629968306749,-0.0564101213366345,-0.01065551247214,-0.0047775008899964,0.0017631737126828,-0.0074293570009046,0.0,-0.0078327068781018,-0.0079874919275346,-0.0204040458384892,-0.0154596079485227,-0.0135226886952585,-0.0258422821542749,0.001032176995916,-0.0173971152954568,-0.0409972602739726,0.0027537115148723,-0.0263644286111031,-0.0338601459258124,-0.0314403882629795,-0.0176509373960636,-0.018861804245708,-0.0234020122086136,-0.0463441451346894,0.0490052548570296,0.0038122208909705,-0.0282326089113823,-0.0066554398136478,0.0,-0.023860920514995,-0.0241245354266717,-0.0282536312309993,-0.0110535719693527,0.0142366057338803,0.0,-0.020470607998656,-0.0071320701598286,-0.0099472045485312,-0.0425579370732513,-0.0040166492478341,-0.0026595305350447,0.0035415607412732,0.0112642616392917,0.0,-0.0009074959162683,-0.0118381155243704,-0.0245100964886103
2021-01-22,-0.029470300061237,0.0,-0.024696758798966,-0.0338639227215455,-0.0074285504538407,0.0077399380804954,-0.0143420679303307,-0.0166001229638738,-0.0184418690213392,-0.0128489045269062,-0.0171256559410976,0.0006445092208762,-0.0037969547810243,-0.0205735526116742,-0.0330253897933701,-0.0021638912409445,-0.0200109434847182,-0.0170891257521201,-0.0098996866854479,-0.0079884182355111,0.0071479034201888,0.0167567720569505,-0.0498442367601246,0.0,-0.0334578824303524,0.0227066303360581,-0.011052730176005,-0.0064235046851739,-0.0247728402875094,-0.0085034013605443,-0.0037623385681977,0.0,-0.017934737096759,-0.0096541579228901,0.0135928859127623,0.0139805592223689,-0.0023036183313478,0.0,-0.0894739658948718,-0.0076920441307477,-0.0144993203443588,-0.0243079512627851,-0.0214001210846636,-0.0139686546755022,-0.0140724468752801,-0.031635601603582,-0.0158955078906168,0.0196156590951464,-0.0039737183774638,-0.0030432457767538,-0.0036641341308764,-0.0101987478764984,-0.0128081109873022,-0.0166993189663214,-0.0035164581772064,-0.0306967273904074,-0.0131944444444442,-0.0168836694749382,-0.0019186453754556,0.0041655796156188,-0.0058896203902719,-0.0063641911052084,-0.0149968963376784,0.0178833904948554,-0.0151889791593077,0.0,-0.0101266236285161,-0.016353214020041,-0.0100526148831204,-0.0101523987014547,0.0107566982566982,-0.0257883927388365,0.0,-0.0020344996791604,0.0,0.0073028945137458,0.0150586063308024,-0.0144834431233386
2021-01-26,0.0165014766324018,0.0,-0.020714402218235,-0.0968931084999369,-0.0067656687217253,0.0128092826040038,-0.0267150763287894,-0.0214375028246885,-0.0239891299255025,0.0010533627895323,-0.0130783875506993,-0.0148580797212829,-0.0098743612402505,-0.0580494062985622,-0.0149961903442543,-0.0231944182538186,-0.0181329930073649,-0.00360663426626,-0.0110091743119266,-0.0162334075620237,-0.0129152052816176,-0.0288410678990006,-0.0469945355191256,0.0,-0.0176940049477568,-0.010383932231179,-0.0287569907992061,-0.0138467165830075,-0.0011472674176052,-0.0035864649929829,0.0002091346372423,-0.0059089091406561,-0.0204793193456851,0.0018748669156103,-0.0516590320372108,-0.0577943468055309,-0.011832404243841,0.0,-0.0563581277548116,-0.0066410004085882,-0.0220271682340648,-0.0211213428138477,-0.033192886029292,-0.002837575473107,0.0198434892529588,0.009751671763164,-0.0212150769873894,-0.0092342938814973,-0.0287762679728234,-0.0422852299664949,-0.0189174424563951,0.0063791354861166,-0.0046886047059697,-0.0033206831119544,-0.0069420340159667,-0.0194409086798961,-0.0123537561576355,0.0331483821823657,-0.0086301592790739,-0.0366505295793677,-0.0229603273236974,-0.0322631919282414,-0.0092258828867434,-0.0092659446450059,0.0078568012570883,0.0,0.0039600856368517,0.0285898836617544,-0.0107734806629834,0.0190971826815768,0.0013275648770465,0.0077582640529985,-0.0451964569611628,-0.0152406851973024,0.0,0.0156300722590263,-0.0002248515979453,0.0029972028406171
2021-01-27,-0.0006552063037743,0.0,0.0091085109926714,0.0289292797042572,0.0292717521386463,-0.0053960892454248,0.0244049038782616,0.008390294968902,0.0159777895124253,-0.0158179429279973,0.0198775475970811,-0.0153001079774534,-0.0349165696546371,0.012388272970341,-0.018177982490067,-0.0014892443463871,0.0092339353895312,0.0158016475266808,0.0073673738270012,0.0138594199729313,0.009165203578296,-0.0272753332377814,0.0332568807339448,0.0,0.0097891193505272,0.0015187077177964,0.0312523218664089,0.0077266491189653,0.021962340329261,-0.0007824726134584,0.0392303030303031,0.0123432612251164,0.0403979339162732,-0.0063657287411617,-0.0182941351592735,-0.0164967446144828,-0.0257024312126946,0.0,-0.0030632375227278,0.0037134663847289,-0.0037610052141208,0.0035326712551699,-0.0007072612151421,0.0071034276177841,-0.0375459794457943,0.0065193083343317,-0.0113535252873973,0.0015533227572177,0.0288052872394508,-0.0111659614480489,0.0074970436619554,-0.003416815742397,0.0137706715850602,0.0140749303052967,0.0210299429104043,-0.0209684055215855,-0.0162045412795519,-0.0270578230580073,0.0033856744930464,0.0064636766543506,-0.0163732568202542,-0.0061108083289159,0.012574736038672,0.0083657233086358,-0.003753728308026,0.0,-0.0138015194408721,-0.0589119607507322,0.0046690868472494,-0.0086749878013804,-0.0455000307066503,-0.0022662602768998,-0.0266321452096903,-0.0277921274842861,0.0,0.0169521622293513,-0.0078690769515261,-0.0038857520133697
2021-01-28,0.0097482703290256,0.0,0.0151435438781089,0.0402136996042252,0.0219625001076593,0.0391684887743464,0.0282752647313571,0.0309766263110486,0.0294291361835836,0.008212353784271,0.0281387061403508,0.0880158949724603,-0.0255486485834453,0.0247774622933696,0.026270284650173,0.0512622217312048,0.0503622216259727,0.0178248989309854,0.0238355798745495,0.0045585972112112,0.0324237560192617,0.0324016090294252,0.0677025527192007,0.0,0.0333476315950731,0.0514888337468981,0.0295036789538623,0.0185764966740575,0.0327974933587629,0.0296006264682848,0.0232135671505133,0.0275539707520089,0.0301365278145786,0.0128078046744575,0.0288016861002864,0.0223504118861619,0.0251813610859998,0.0,0.1781875874439746,-0.0033303319942743,0.0368511368511368,0.0387067683447774,0.0410906272117557,0.033864457191417,-0.0028351184078864,0.0369382147852048,0.0302757577939376,0.0155099841392492,0.0152001818487295,0.0580893714908998,0.0425336736786927,0.0665362269411884,0.0221517431282882,0.0138795762370926,0.0412506418668341,0.0384877334840383,0.0431562270129577,0.0071517145169901,0.0086759134760403,0.0649094287041336,0.0363759113168626,0.0399513237608404,0.0156284352092062,0.022479861477076,-0.0084032898709738,0.0,0.0129947504374636,0.0101122252961882,0.0061928110025237,0.0286987495491162,0.0250550681634105,0.0426720323746077,0.056996230955044,0.0212997110129165,0.0,0.0026308131075023,-0.0031736036773502,0.030320081746503
2021-01-29,-0.027672407901032,0.0,-0.0381578546241629,-0.0184750442987308,-0.0278264240626343,-0.0243094927690021,-0.0196813665552626,-0.0296016585221383,-0.0309440024479803,-0.0201888187649394,-0.0231693173183314,-0.0304017974785369,-0.0527340848696914,-0.0298520460989133,0.0163656575425092,-0.0317902369817666,-0.0152502107441182,-0.0092312764437606,-0.0153553365660357,-0.0270881933080325,-0.0257583052479537,-0.0826791881939885,-0.0103950103950103,0.0,-0.0382726884577065,-0.0127826941986234,-0.0604218242894508,-0.0205190496715125,-0.037230008244023,-0.0477639184666868,-0.0284092366353477,-0.0101103642682324,-0.0332078843342178,-0.0234269966775696,-0.0428147176513068,-0.0364363197235003,-0.0558484763462918,0.0,-0.0612776720875249,-0.0215370716763474,-0.0328106251810169,-0.0282319789802367,-0.035726541103651,-0.0150213710340291,-0.0007107947893633,-0.0407112998727772,-0.0293860721898039,-0.0351282936946948,-0.0449177870153132,-0.0401575375506346,-0.0311084149027451,-0.0275236048853557,-0.0444016837041491,-0.0385424244428278,-0.0396164383561643,-0.0179725109886276,-0.0371724425977858,-0.0169635719263145,-0.0296356743167627,-0.0683257425161253,-0.0499698976520168,-0.0332447288775886,-0.0131242848749111,-0.0236496436355068,0.0119826735857957,0.0,-0.0200667108115111,-0.0139837232664113,-0.0126187845303867,-0.0108882249380893,-0.0359809184826352,-0.0518070856352098,-0.0510417315062645,-0.0345779968048524,0.0,-0.0111574229952049,-0.0475155711091178,-0.0224352423615973
2021-02-01,0.032431530019594,0.0,-0.011927904323205,0.0745901414000715,0.0188461378420738,0.0242439685282089,0.0126944824272885,0.0212571149532283,0.0206196960726265,0.0140992564251072,-0.002142613442511,0.0359848755763445,0.0359980485085029,0.017232207571133,0.0553250345781466,0.0321149462715728,0.0044098573281452,0.0144671478485465,0.0045010458312373,0.0242457860644884,0.0180586442632402,0.0424335776038669,0.0105042016806722,0.0,0.0308241561740802,0.0172642762284196,0.0074204420609649,0.0190864803356802,0.0159268392930538,0.1351437699680511,0.0030474749074611,0.0035518957151081,0.0340778081168755,0.0388423256868877,-0.0004311307172938,0.0085135806737395,0.0238468307141312,0.0,0.0180557124816036,0.0117660984848484,0.0169689710244125,0.0199611279173654,0.0266562816837101,0.0152504537583708,0.0213529584051996,-0.0096458426816904,0.0250557995536035,-0.0134546907236998,0.0074204694873962,0.0090050395175282,0.016843316542664,0.0051920780427019,0.0285433814090461,0.0314756985046291,0.0172305585667826,0.0422723332907057,0.0120391653145843,0.0044140990236796,0.0394099734132851,0.0366682571549465,0.0010955048318159,0.0392257948827148,0.0027512643908675,0.0171186389550841,0.0106880710616874,0.0,0.0352472089314195,0.0351321122455758,0.0180733678014279,-0.0144460323263208,-0.0014094594646352,0.0202040932672025,0.0113571408491617,0.0377497215299427,0.0,0.0161500528355056,0.0089505517826826,0.0080476276978231
2021-02-02,0.0006468085106383,0.0,0.0081477283662843,0.0162200191877197,0.0083451601814699,0.0235123508103418,-0.0067055925554239,-0.0019350307811846,-0.0040065899897128,0.0085553908192521,0.0053885500150443,0.0036543718990766,-0.0571327659860743,0.0269188153890906,0.0633789725142446,0.0098986473163229,0.0242252066115702,0.0256632537506931,0.0184243127125121,0.0221111906966451,0.0088590441131854,-0.0343978388167224,0.037941787941788,0.0,0.0257332049265148,0.0162532637075718,0.0253689823757197,0.010734069001614,0.0671813717226885,0.0132282578103011,0.0279346271825298,0.009731861602684,0.0200364709811959,0.0520535564683601,-0.0116147417876534,-0.0140552353609152,0.0057484045821381,0.0,-0.0122783591110973,-0.0120036502328192,0.0018508651392354,-0.0148219293864535,-0.0213207065917607,0.0382007233273056,-0.0195136827922728,-0.0014599618060566,0.0101847299290582,0.0148416094464614,0.0163808367481157,0.0341157205240174,0.0041383059572743,-0.0004706125423981,0.0345055429116805,0.041038157350725,0.0337652139772282,0.0593439851674117,0.0108661163097512,0.0095904052649808,-0.0156386624722353,-0.0048545375597048,0.0556678262050345,0.004903282395275,0.0192122598467519,0.0161187478683808,0.0457133752086076,0.0,-0.0116720317200333,-0.0179050614516971,0.0162245941103402,0.0160553638403979,0.0676996835746475,0.0274483945594958,-0.0209674878855543,-0.0395541304133791,0.0,0.0148072401222478,0.0054425846755745,0.0298628749009728
2021-02-03,0.0044822072531809,0.0,0.0032985098371958,0.0124449815171465,0.0,0.0043039565573088,0.0079265212399541,0.006355313686007,0.0047759942222118,0.0021221342607422,0.0204184350854281,0.0773061613808536,0.0219403863648526,0.0091313301060176,0.0621801287570531,0.009801624492346,0.0193655756719954,0.0108125395000344,-0.0008023189606086,0.0047117137648131,0.0037691212734818,0.0189554169006682,-0.0225338007010516,0.0,0.0383778771744645,0.0264307277281778,0.0175577748134261,0.016950688513837,0.0115415802276723,0.0149999999999999,0.0240235541774529,0.0184087046947523,0.0126645573821269,-0.0125480808675551,0.0243752289074006,0.0285112023817284,-0.0069186255696809,0.0,0.006906027252886,0.0064536756347099,0.0009237228831351,-0.0034707056841579,-0.0049183723929618,0.0354689943194188,0.005329495601309,0.0202374310125774,0.0282181430491816,0.0138342976230882,0.0161168295936446,0.0081221958300341,0.0412401319242266,0.0563393221137005,0.007558015754737,0.0066362611458439,-0.0065650263143616,-0.0122064217231838,0.0113660768862235,0.0067245630963868,0.0447769575560796,-0.0062744892705359,0.0191090152104129,-0.0039027705736106,-0.0008952880865363,-0.0120687642285914,0.0352462829005404,0.0,-0.0026253286788443,0.0122075870770961,0.0030124717411763,0.0061842212011475,-0.0231162169152513,0.0271610847029901,-0.0038328317528817,0.0315993648368877,0.0,0.0381887118995296,0.0431768496145437,-0.0126314816404419
2021-02-04,-0.0051057128100048,0.0,-0.0113429743329528,-0.0143600157483577,0.0277242426799424,-0.0082581696259916,-0.0040733383148955,0.0306535354587245,0.0300964570580597,-0.0024715317217958,-0.0136909602335594,0.0280811830108205,-0.0142605295770713,-0.0075884211920697,0.0290951734353783,-0.0090104025677713,-0.0253302330183545,0.0125274013363565,-0.0039371098505452,0.0124130265896216,-0.0143807298220385,-0.0025636358120202,0.0302254098360654,0.0,-0.0099517016735932,-0.0155814899408653,-0.0164664824263038,0.0026648674567912,-0.0197070489396922,-0.0020525451559932,-0.0238461004236406,0.0034418521248829,-0.0135286894737531,-0.0137583515393225,-0.0144460081396675,-0.0184876080204524,0.0057553685322866,0.0,-0.0233198716834973,-0.0181073735484098,0.0,-0.0042576171431703,-0.0042375442390216,-0.031730861129695,-0.0098959608040526,-0.0119490411446304,-0.003922143203309,-0.0132553573025858,-0.0134805482350867,-0.0065448881151376,-0.0108925179596558,-0.0164428089209711,-0.0010213065680576,-0.0010436022093822,-0.0394320043691971,-0.0130021561691844,-0.0066210381308635,-0.0220113059814349,-0.009220485407006,-0.0077104116903189,0.0116268494096551,0.0090607425283888,-0.0211194991714233,-0.0306808278062543,-0.027453927135542,0.0,-0.0062515680331004,0.0126863355986863,-0.0048043999892157,-0.0013670464832453,0.0047326442132669,-0.005972678174309,0.009984704686446,-0.0126064091997559,0.0,0.0,-0.0349623353345951,-0.0287860954699266
2021-02-05,-0.005123404255319,0.0,0.0193214503384193,-0.0016734642391623,-0.0068458959108539,0.0161777047658162,-0.0067343148109176,-0.0065603822198485,-0.0053797325890244,0.0084858264382419,-0.0021355391560565,0.0049312073798355,0.0253656549916776,0.0167643394691345,-0.0185125209415396,-0.0104971513306798,0.0021826303233338,0.009054251108532,0.0249902483422181,-0.01488775373034,0.0133240115913833,0.0736341561094804,-0.0069617105917454,0.0,-0.0150719277545833,-0.0075962241362871,-0.0031881264803623,0.0,0.0021133341829149,0.0112436583024817,-0.0128034013392488,0.0072869871683503,-0.0116411444467576,0.0075128352528397,0.0435487356818673,0.0376716752055796,-0.006322820315578,0.0,-0.0294940326396964,0.0015397704124429,-0.0055512053246825,-0.0046609603307474,-0.0042555774366721,-0.0052314677721844,0.0160673476050556,-0.0079823414868361,0.0118127609499993,0.0213354859039718,-0.013664756646176,-0.0141905646579837,-0.0115113316347055,-0.0131088833132537,0.0140073797269029,0.0069433827651226,-0.0068796906982032,0.0345241788050185,0.0357430621406373,0.0148708924277798,-0.0069735557243323,0.0091863284776183,-0.0104877462537865,0.0084917982610677,0.0192803265428962,0.0,0.0084192918873708,0.0,0.0129128917841725,0.0284554429491925,-0.0003034177846166,-0.0017102298167191,-0.005383782042836,0.0124432701936803,0.0441060275415756,0.0380790944843822,0.0,-0.0111591230629188,-0.0125049354751564,0.001194660864356
2021-02-08,-0.0373744632072404,0.0,0.0014790726948494,-0.0036894774082685,0.0075676783910292,-0.0148131227046688,-0.0026438211045091,-0.0180530330548492,-0.0212581377629921,-0.0150756049817017,0.0074903830525006,0.0377275311683711,0.0031689015913585,0.0413651693646441,-0.0181772999661874,0.0014065806943512,-0.0345674635332252,0.0020939474596139,-0.0061650091333469,0.0857241951807503,-0.0087692107710305,0.0365372266082424,-0.0050075112669002,0.0,0.0477391710005701,0.0194401742249552,0.0191989736454558,-0.0022134099633073,0.0169028114833145,0.0094915254237288,0.0133701555527367,-0.0063866589790215,-0.0020930159598069,-0.0071026639908708,-0.0082619565378186,-0.0099784250269686,0.0006042067897737,0.0,-0.0274963302957371,-0.003834534741124,-0.0148624137009801,-0.0183521013313959,-0.0185173896847167,-0.0013296288946218,-0.0105437102660025,0.0056063834793189,0.0116748487525579,0.0119922097550502,-0.0057087624973569,0.0056536819102226,0.0081018455711177,-0.0109870417865981,-0.0414416502491598,-0.0313650568720977,-0.0241025934619568,0.0329956363079593,-0.0278839131677268,0.0043564101463582,0.0,0.0063052476497824,0.0056628858466794,-0.0324848339409168,-0.0081075760931078,-0.0175403840292593,0.0468239048356267,0.0,0.0901940434503696,-0.0079701309526269,-0.0072408784442952,-0.0027388497566284,0.0301077801123799,0.0110171096660143,0.0109278294790136,0.0142398746906233,0.0,-0.0066878504050973,0.0118346775254238,-0.0023899094241521
2021-02-09,0.0013418763163273,0.0,-0.008578521226341,0.0047134716515329,0.0065721890558694,-0.004643337019465,0.0120996046846713,0.0094181185957902,0.0051332249138682,0.0174436020923105,0.0116696468184078,-0.003763831485165,-0.0017386813565157,-0.0086113487311091,0.0125762938313507,-0.0169471500958282,-0.0111743566875639,0.008358288022485,-0.0087049753656855,-0.0223403419653845,0.015797118992858,0.0242709158990896,-0.0100654252642173,0.0,-0.0233069481090588,-0.0013823002733184,-0.0196262676405928,-0.003333842316893,0.0,-0.0059100067159166,0.0092538332432507,0.0072857305817175,-0.0335809499856279,-0.0089418408798176,0.0062499533863857,0.0146679798000961,-0.0063592104766577,0.0,-0.0104170497591115,-0.0077045951334341,0.0084924780908337,0.0059689485962513,0.0119728661040225,-0.0303439779027483,-0.0106514256023901,-0.0084863596558663,-0.0144251495020283,0.0030579558221024,-0.0024606598213743,-0.0138022235069741,-0.0160734663996727,-0.0101861708151201,-0.0260052711753753,-0.0202722119177616,-0.0106183268802063,-0.0413105237154151,-0.0084216600523698,0.0098587637016303,-0.0234216695140848,0.0173941839286804,-0.0106848835172534,0.0161658605621575,0.0199756893194249,0.0709488281189407,0.0110541009582736,0.0,-0.0197853927657197,0.0110669397958476,-0.0024348699582905,-0.0278139250258969,0.0124812905668734,0.0222104266192066,0.0129662965405386,0.0025545919868652,0.0,-0.0002121470960969,-0.0057298396216849,-0.0155871373370881
2021-02-10,0.0033368832090876,0.0,-0.0366817394244177,-0.0187738512481538,-0.0139910758390652,-0.0348769838188475,-0.0137071309934475,-0.0097773347601107,-0.0110038417593878,0.0048976310187072,-0.0241332110725723,-0.043706635103199,-0.0015865077859593,0.0154104197447138,-0.0062079986887394,-0.0136472284909262,-0.0407194206435524,-0.0053265620325577,-0.0031159868149979,0.0044244706436908,-0.0211424258674453,-0.0299043806982433,-0.0223690899847484,0.0,-0.0153140477262495,-0.0285965960927423,-0.0216196177007794,0.0051281396556273,0.0041476479293023,-0.0159437913795433,-0.0122920207563494,-0.0085082916453301,-0.0390883868779017,-0.00757791607308,-0.0240144086451871,-0.0270945625012906,-0.0015230643599141,0.0,-0.0105259327393283,-0.0089263560496487,-0.0065527831637346,-0.006325368646643,-0.0071737381176438,-0.0367243216657102,0.0078963903555251,-0.0276355398841047,-0.0117090240236872,-0.0358233141749371,-0.0098567672645695,-0.0160707788094821,-0.0265447025483352,-0.0060807834657605,0.0122636942517035,0.009439244860411,-0.0142899495997628,0.0217353492536929,-0.0058634282388853,-0.0062459798909916,-0.0345308081938199,-0.0355640830171225,-0.0170754435664231,-0.0163968555942425,-0.019584475913101,-0.0319511029358515,0.01372439270122,0.0,0.0345576483363538,0.0224874015950824,-0.0060965598765364,-0.0363830093810906,0.0188122060592803,-0.027877615435524,-0.0177796936719774,0.0047727476669059,0.0,0.0027361614446932,0.0119989854856463,-0.0255787162670831
2021-02-11,-0.0039980186810075,0.0,0.0089822329458213,0.0140088933102924,0.0071625918265105,0.0044993749149015,0.0038398904474628,0.0026942207484603,0.0011940391086575,-0.0027833965325867,0.0225920226601119,0.0262089716448015,-0.0041193844240633,-0.0292468976045513,0.0180476239562932,0.0007310634265214,-0.0023781870471766,0.0044674623493423,0.0125545710521557,0.0291869983734633,0.0215990828759551,-0.0398347743964497,-0.0197607904316171,0.0,0.0137460776524787,0.0126303517067165,0.0122824690627802,0.0159621988034701,0.0361990950226245,-0.0010984484415762,0.0096797575494689,0.0034315283461126,0.0087586086821944,0.0214567414966329,0.022911777884097,0.0185519305470058,0.0326607933537226,0.0,-0.0045595499762515,-0.0074374412271167,0.0018805026070605,0.0003943312865661,0.0,0.0211896859841715,0.006410912508258,-0.0093049377879624,0.0227081867495859,0.0138342976230882,0.0224113184334633,-0.005793687209374,0.0230759719896143,0.0047079136690648,0.0092702725901585,0.0100773965184775,-0.0072786333012512,-0.0264367453737272,-0.0103767437236993,0.0208230424636768,-0.015897095540596,0.0155957191704783,-0.0057906931766902,0.0101999109560546,0.0113491187378291,0.0228167033230097,0.0431408925600365,0.0,0.0410870304392176,0.0360714813471432,-0.0030669779529988,0.0102625852428117,0.0776825446297162,-0.0126522618012716,0.023896531957581,-0.0168941233382637,0.0,0.0272813841724535,0.0112753786449908,0.0343749550818588
2021-02-12,-0.0107012184291854,0.0,-0.011358819117599,0.0121280806508905,0.019722855627843,-0.0076276146760727,-0.0055949341420026,0.002236690583754,0.0,-0.0054636781232518,0.0073509827944389,-0.0232979349834515,-0.0031912033785133,0.0173384483547671,0.0303440231346849,-0.0152870033414953,-0.0094522674354141,-0.0074126548258939,-0.0102303747735796,0.0137728770700769,-0.0124431468350911,-0.0057535201516446,0.055702917771883,0.0,0.0114171985295776,-0.0131764103876167,0.0105083445933609,0.0017461752926613,0.0059893433756659,-0.0068728522336769,0.0005878795073117,0.007270153766969,-0.0002780720973828,0.0078304133649573,0.0,-0.0018130665833072,-0.0002946918628209,0.0,0.0137405180206735,-0.0039434505499913,-0.0037539459090522,-0.0011905719572037,0.0025344451007596,-0.0041458333333332,-0.0053114772286015,0.0129477017829335,-0.0009653902062829,0.0101361740915693,0.0113611294948159,0.0005303943516445,-0.010766864425401,0.0018731955455753,0.006706598466716,0.0128143101847613,0.0,0.029227003082662,-0.0096652325068776,-0.0038502290114548,0.0186802834692871,0.014665372406013,-0.0008963581160459,0.0041904940809271,-0.0134661139591355,-0.0109124952458968,0.0242847262410548,0.0,-0.0221449896872082,0.0008492802997763,0.0024633398691005,-0.0166903616569614,0.0233389139355455,-0.0004296216147406,0.0035340634731795,0.0084843438023409,0.0,-0.0112320568975237,-0.0037940531729525,-0.0102727114816745
2021-02-17,0.0324598964084057,0.0,-0.0037271587835607,0.0003342469416405,0.0001320121386771,-0.0141990600185015,-0.0115587112083347,-0.0102672883016255,-0.0007976581376619,-0.0024997159413703,0.0511474803024694,0.0029354532905352,0.0225317314635187,0.0533660203730428,0.0099294794688553,-0.0214318097514735,0.0167063103400026,-0.0191004539668758,-0.0150530982575523,-0.0017122762540506,-0.0037709286540298,0.0289340735333665,-0.0201005025125627,0.0,-0.0049389873403609,-0.0027871402644542,-0.0120072639881464,-0.0287554290849183,0.1408673662412138,-0.0330795847750865,-0.0113411030952877,-0.025893243190126,-0.0168088585801909,-0.0035325142988547,0.0145141652313358,0.0210029646331788,0.0032499355171524,0.0,0.0195784837511534,-0.0158424280605532,-0.005666409751363,0.0027866819155619,0.0126059343806308,-0.006945461392021,0.0131660276519112,0.0162921251273902,0.0260907232983826,-0.0158239817636485,-0.0008031013593234,-0.0053011318260678,-0.0170979564637938,-0.0149575459561449,0.0414076925862005,0.0404353383167432,-0.0291462158395443,0.094484819883593,-0.0074718116607594,-0.0324577161928451,0.0009878203848294,0.0020684662322887,-0.0147974512955404,0.0092849408404294,-0.0131899552461463,-0.0105596308566019,-0.0176042994453441,0.0,-0.0119041136173041,0.0236139247988314,-0.0082864557220069,-0.0291503267973856,-0.0161684355963072,-0.0038470314183076,0.0577928870292887,0.0262016109055149,0.0,-0.0216940789473683,-0.031383602151227,0.0027484002765949
2021-02-18,-0.0314393774725034,0.0,-0.0333278154830879,-0.0183022587543436,-0.0067091947195676,-0.0167779317294369,-0.0029914569989778,-0.0135514262113308,-0.0098663049796551,-0.0100239207198996,-0.0436909687724019,-0.028538973691411,0.006091595130127,0.0212211018693142,-0.0098318542737039,-0.0256777436156619,-0.0140922602664318,-0.003345409812702,-0.024154715796085,-0.0084634249991039,-0.0309780962955487,0.0112481739219723,-0.0256410256410256,0.0,-0.0116972823986151,-0.0182970425739356,-0.0259066883698811,-0.0040392358433992,-0.0173922908430853,-0.002004008016032,-0.0197796044079119,0.0017452006980802,-0.0071213954032856,-0.0216237448751625,-0.0028613036128533,-0.0098355962702436,0.0017702885349943,0.0,-0.0177255853960707,0.0060373285135117,-0.0180147850427043,-0.0007951296302245,-0.0071175821871003,0.0377509532537023,0.0147471652416424,-0.0135630785128881,-0.0480293566858985,-0.0180389888603257,-0.019280001587648,0.0037305685137249,-0.0226665386071265,-0.0066461959960298,-0.0084250782245913,-0.010807926640112,-0.0112969666708275,0.0149188517945739,-0.0020949125984296,-0.0103829440991637,0.0049499753288611,-0.0226631575325969,-0.0197240187397553,-0.0146279913600754,-0.0170637070257876,-0.0327344474006756,-0.0076448309720857,0.0,0.0367304498625868,0.0227923157606639,-0.0123724284293627,-0.0163449494269475,-0.0052822913973654,-0.0347463405279867,-0.0119983518747425,0.0108973538394017,0.0,-0.0238675655531459,-0.0067888159288286,0.0009101219563421
2021-02-19,0.00675948617133,0.0,0.0112791826017466,-0.0132231686251819,0.0198681184762157,0.000518844961439,-0.0189431704885343,-0.0027535532152448,-0.0075536977894671,0.0003624439074905,-0.022843540814582,0.0065889984210301,0.0122616379857087,-0.0163653305342097,0.0142298953591673,-0.0124063400576368,-0.0047459519821329,-0.0036652091125979,-0.0013140604467805,0.0125685486785984,-0.005218695638587,0.0322014889207862,-0.0189473684210526,0.0,-0.0107587223308676,0.0286688515906907,0.0033232883656741,0.0002236395618386,0.0283219950620792,-0.0038726333907056,-0.0034306467220854,-0.0152262794304243,0.0025791428402994,0.0039847235535301,0.0209085571701159,0.0189579332135556,0.0126487604214786,0.0,-0.0390973170678831,-0.0003992414412615,-0.0096623300687034,-0.00794958564091,-0.0103917520153185,-0.0296380503846855,0.0249115146255136,-0.0082531849712776,-0.0059355953788773,-0.0039936349670163,-0.0032781909242676,0.027582212231332,-0.0086306065703599,-0.0124230135449412,-0.0791697345815364,-0.0662836498657769,-0.0037876396692128,0.005432319753478,0.0088068634367246,0.0108986105583568,-0.0359573567895367,-0.0028160833560673,0.0075838732502935,0.0061854775116294,-0.0112528756992996,-0.0160403016442081,0.0012014983391053,0.0,0.0062373967374163,0.0133718789926158,0.0059515103785789,0.0336147002094697,0.0244853299792078,0.0159981016395431,0.0094416734782392,0.003798917851115,0.0,0.0047593349561385,-0.0016794804807046,-0.0039519332997594
2021-02-22,-0.0208110421570725,0.0,-0.0057347346556337,-0.00686833323273,0.0036356182537273,-0.0397958987688623,-0.1164576622181317,-0.0569630307660883,-0.0655903207742119,-0.039388554372768,-0.0371995370245753,-0.0280615922060082,-0.0282193726243682,0.0351213081824173,-0.0208825877665553,-0.0345350822159645,-0.0478541374474053,-0.0698724921440657,-0.0354189044038668,-0.066065928237766,-0.0196753926701571,0.0147511223194003,-0.0498927038626609,0.0,-0.059466986024284,-0.0620152544009268,-0.0546807017543859,-0.0475127811531201,0.0740065810496861,-0.0174226061915048,-0.0504142939454296,-0.0340065446364657,-0.042355731302767,-0.036085076603934,-0.0048163670215443,-0.0070934922275592,-0.022077884462209,0.0,-0.0453840420603106,-0.0328132800798801,-0.0458604555048782,-0.0552908766812511,-0.0727693388236266,-0.0430534926047572,0.0320728254253883,-0.0335237459867404,0.0089565555580972,-0.0276667028803931,-0.0698399163545188,-0.0299420886989082,-0.0369979474739935,-0.0256437565085675,-0.2048001624592265,-0.2151436171641991,-0.0382105063050504,0.0371221724555621,-0.0251409880442137,-0.0207575331501871,-0.0245279440847397,-0.0458023351248312,-0.0615972803901297,-0.040087861836902,-0.0180306300350631,-0.0425448377673776,-0.0363122970492729,0.0,-0.0600009157218882,0.0246569111548329,-0.0258516563401703,-0.0097195301558254,-0.0357045542098488,-0.0783018662958696,0.0013385553517426,-0.024750896125171,0.0,-0.0211012896184854,-0.0062485646993479,-0.0357260731866603
2021-02-23,0.0075397475823635,0.0,-0.0096168038603462,0.1300593467945352,-0.0252336463394747,-0.0071742420706624,0.071703722994455,0.0457881775374815,0.0476572325716841,0.0094052707831937,0.034219575610165,0.0098143988135483,0.0134104722033578,-0.0211726115000826,0.0026679755844607,0.0097473251526325,-0.0050082488805089,0.0042798902009193,0.0079619164277162,0.0625706438349431,0.006024289422245,-0.0044724886865864,0.0124223602484472,0.0,0.0011575554865081,0.0193165442942426,0.0184101909314962,0.0049657140019592,-0.0104136511306249,0.0024912075029308,0.0,-0.0018313758078432,-0.0137486760439426,0.0138511481258685,0.0383345733499953,0.0446612643138535,0.0029692046826061,0.0,0.0295083350917915,0.0612329173710495,0.0756628817177684,0.0581066245840338,0.0640362993658008,0.0,0.0035981983367947,-0.0020888160260006,0.0266311433592201,0.0251546683438548,0.0203206338466239,0.0005326544870951,-0.0016954181324968,-0.0019857415256812,0.0895727259668333,0.1216706607326258,0.0397285544867571,-0.0373144868646923,-0.0061841237518945,0.0150830362231442,0.0193792421599885,0.0103400756545783,0.0034366128877163,0.0330508252407186,0.006765185366079,0.0106454523087018,0.0007471651674528,0.0,0.0011989823637188,-0.0035125613543769,-0.0003157199850751,0.0033999683912353,0.000896432782157,0.0147148952219315,0.0500297059114762,0.0167789265552382,0.0,-0.0076990427270605,0.011363819576188,0.0031678870921345
2021-02-24,-0.0006778374274714,0.0,-0.0106846425459714,0.0345871478568875,-0.0102212354165076,0.0050636311742386,-0.0039487672758568,-0.0065199548972531,-0.0070256290435636,-0.0108122534918891,0.0437650366285513,0.0073389343642684,0.0306904069150966,0.0284061627884053,0.1013620213185946,-0.0032177439873086,-0.0151595902173269,-0.0160762083437785,0.0020161847156627,-0.0103342309194431,0.0159579550883899,0.0429517368365142,0.0122699386503066,0.0,-0.0100104059539095,0.0050826348917838,-0.0103313214955631,-0.006113584195419,0.0607259814238465,0.0033620815670223,-0.0164166692333753,-0.0096191067063309,0.0015149156939042,-0.0040612356590812,0.0547980465543389,0.043572559057426,0.0008896008977217,0.0,0.0015921817481203,0.0210491755435575,-0.009506277594811,-0.0192427718021251,-0.0146774519999161,-0.0130730384976937,0.0162999046191578,-0.0245670414710682,-0.0259403229012524,-0.0088493513947528,0.0086530542393548,0.0069139080173676,-0.0079213445663579,-0.0114392109378327,0.0127737493591151,0.0141313636918569,0.0190735694822887,-0.01565894534887,-0.0081493425226871,-0.0124520697594455,-0.0107886033117743,-0.0058494521287792,-0.0123973484548625,-0.0218244041792646,-0.014875177007395,0.010257409030415,0.0254358869255881,0.0,0.0032932529480227,-0.0110950493835834,0.0012747631352283,0.0086508404481311,-0.0116334537241654,-0.0046809029612809,0.0952998404727665,0.0101084082255764,0.0,-0.0159587296545314,0.0363387578877449,-0.0072595017803928
2021-02-25,-0.0347469047037649,0.0,-0.0451353481041995,-0.0106497538079924,-0.0262871152274584,-0.0142056274597585,-0.0267242693773824,-0.0253167488939846,-0.0237413282486105,-0.0233598349941841,-0.0398839738941262,-0.032640949554896,-0.0374799390971564,-0.036490993630643,-0.0431508199659468,-0.0331221284646106,-0.0179484095965365,-0.0176703130521972,-0.0186052921719955,-0.0198302048446141,-0.0216014547278655,-0.0670240035309296,-0.0418732782369144,0.0,-0.021784563939908,-0.0304420629604823,-0.0104391719369918,-0.0139655967241862,-0.0633551411892686,-0.0313228438228438,-0.0262322289722553,-0.0444024436603505,-0.0357020751960714,0.0,-0.0375800505200398,-0.04012432361587,-0.013317401133694,0.0,-0.0333859396947738,-0.014124596567699,-0.0326257405041235,-0.0269676107672091,-0.0286801059655188,-0.0176542252741167,-0.0449018753456568,-0.0021459068949724,-0.0325378379910434,-0.0235389318866574,-0.0180271892430701,-0.0417273201680902,-0.0199675969797938,0.0045301507383037,-0.0386912940972272,-0.0495831703132995,-0.0337022758363387,-0.0394920889704196,-0.037836061340548,-0.0300925517849273,-0.0311709915338727,-0.0441152096646471,-0.0112324947107078,-0.0301721901429852,-0.0199711180764905,-0.011197506667095,-0.0330708886239855,0.0,-0.0545967257630747,-0.0180824609803107,-0.0159658660794165,-0.0052212630331373,-0.0386370650539434,-0.0751883208953047,-0.0481424615075549,-0.0226683483358133,0.0,0.0029290803883124,-0.0830453375447377,-0.0092211728659128
2021-02-26,-0.0105781933682503,0.0,-0.0462494387204038,-0.0308031257271969,-0.0176315838258614,-0.0096656341293134,-0.049150878365676,-0.0096166032953106,-0.0187750895536034,-0.0189027909089791,0.0330168321104877,-0.0058690024468952,-0.0130310984942412,-0.0539191723981128,-0.0141906142647889,-0.0008230324864898,-0.023511403643043,-0.020372647942237,-0.0185928942564247,-0.0368021783583908,-0.0347785219128187,-0.051646887040061,-0.049453709028177,0.0,-0.0139122784969208,-0.0403785706884044,-0.0307547263434723,-0.0122428587143852,-0.0032634299548517,0.022710181982253,-0.0278264616690731,-0.0271072861337098,-0.0116089175396184,-0.0051922573223153,-0.0095734109988007,-0.0119377365115279,-0.0167976137969184,0.0,-0.0131581398736182,-0.0445331658230754,-0.0128930581613507,-0.0123923420592183,-0.0147744094976262,-0.0299224316767384,-0.0104097666685676,-0.0155718500038865,-0.043838987519775,0.0049872899712015,-0.0166087125548042,-0.0242621400267987,-0.0209545911078672,-0.014031604811186,-0.0310553398934729,-0.0409759495875489,-0.0271557271557271,-0.0035750308861182,-0.020445756529589,-0.0259960376604021,-0.0294903575002273,0.0030728920827272,-0.0310722651499959,-0.0224857362320723,-0.0163988972335773,-0.0300573526783537,0.0306806437324671,0.0,-0.0148309765797614,-0.0164002567880251,-0.0084388185654008,-0.0419933667144305,-0.0147570096649704,-0.0182905670138867,-0.0103566798323634,-0.0124337718474664,0.0,-0.0116821037323128,-0.0182379913884693,-0.0333789703261138
2021-03-01,-0.0178314393939393,0.0,-0.0355643211604529,-0.0268445979700031,-0.0016812345064805,0.0009171360715092,-0.0067772407732864,-0.0325452305920367,-0.0330425207521598,-0.0247736331950415,-0.0051571965740547,-0.0016721065867623,0.0273592833565803,0.0817331955492537,0.0166331622008824,-0.0359635080739164,-0.0347681600150484,-0.0280643618474992,-0.0027759494033139,0.0122869447087488,-0.0415758313506335,0.0334652373072401,-0.0344827586206897,0.0,-0.012502708282885,-0.0116982218702758,-0.0344439211189155,-0.0243019624403124,-0.0016329544988306,-0.0155882352941176,-0.0219840561013529,-0.0114433476543154,-0.017463000505465,-0.0339180803502286,0.0309282630355365,0.0284873850041456,-0.0405749608430529,0.0,-0.028332795573435,-0.0158987034496709,-0.0312167381321656,-0.0280455815953558,-0.0299623250408948,0.0076939169242928,0.0437748796467867,0.0139118664460822,-0.045836703679192,0.015301956776242,-0.0293310199420189,-0.0237271705844771,-0.0172358863259844,-0.0152442624275229,-0.006320072051927,-0.0107807366561556,-0.0079375578780261,0.0552554027504912,-0.0112457501525586,-0.0193700985766336,-0.0011071991376734,-0.0299049265341401,0.0200008366708426,-0.0117673274874604,-0.0192059426583178,-0.0372200539372519,0.0434334173733668,0.0,-0.0182581288521688,0.0180400995445368,-0.0117844128364874,0.0136968459440949,0.0031855634010309,-0.029505520636512,0.0375569332947431,0.0428469700471998,0.0,-0.0136897079931008,0.0038503490090762,-0.0461452121526797
2021-03-02,0.0159761659130133,0.0,-0.0458077709611451,0.0120495831592353,0.0088482192722429,0.0305454694647875,0.0384083695519945,0.0174524831138338,0.0269536348426315,-0.0004042400287459,-0.0041471449007178,0.0120236005591958,0.024935700130708,0.0688788545276815,-0.0399624709374043,0.0294862080639701,0.0055541119916848,0.0224600622133177,0.016042013430523,-0.0002444947922609,-0.0260368557177166,0.0256147255664571,-0.0169172932330827,0.0,0.0089827314731163,0.0134027752485705,-0.0093953468643294,-0.0127033196994197,0.0172028339881313,-0.000298775022408,0.00913198766167,0.0120768303126692,0.0003263707571801,-0.011189962165744,0.0134968254607443,0.0117665124671286,0.0184450669847169,0.0,0.0222977609508341,0.0085049526574765,0.0290992419129534,0.0361194188330649,0.0403723627484644,0.0199298763609521,-0.0276351497700256,0.0053808499592078,0.0223495260359132,-0.0114051909016589,-0.003665448621497,-0.0075220772968662,0.0018089279346451,0.021159914173924,-0.0045475144942257,-0.0004673053172669,0.0120016002133618,-0.0290162734068578,0.0136912109227398,0.0043863196304454,0.0121692314910386,0.0197592460600302,-0.0094675833486234,0.0313945162451587,0.0180334907685704,0.0242705777963359,0.0243272926963207,0.0,-0.0143551795315292,-0.0128882780165919,0.0109316917952835,-0.0081070663279051,-0.0146125884564352,-0.0031985272205923,0.022550926775555,0.030740272670884,0.0,0.0039254530779955,-0.0120486029351271,-0.0292378935908775
2021-03-03,0.01285895951563,0.0,-0.0234227009388439,-0.0062636883018838,-0.0129472604816428,0.0103577779547203,0.0020767657834199,0.0202408424610782,0.0087686376198437,-0.0068556022723624,0.0,-0.0035042037204581,-0.0207006631452502,-0.0238062452747344,-0.0327759067105339,-0.0084249428419305,0.0110145676539938,0.0125560769349766,-0.004971049286824,-0.0059453936785357,0.0300878451270256,0.0166439648657577,-0.0452517527087316,0.0,-0.040874670623449,-0.0303683737646002,0.0,0.0050484370559134,0.0007999418224129,-0.0052301255230127,0.0069612955986646,0.006464276668739,-0.0058174579036137,0.0025616359882836,-0.0033309272957241,-0.0016695124264844,-0.0249780177880837,0.0,-0.0117445417469,0.0050573892661052,0.0090899385361538,0.0,0.0023323016443459,-0.0105165550931789,0.0060186762406422,0.0029434438292801,0.0251275221750384,0.0350226589400739,0.0137960008629596,-0.0169089448393991,-0.002414020735985,0.0030281868576689,-0.0429042386185243,-0.0363833695107698,0.0158782448280405,0.0461111273492531,-0.0025161218175717,0.0144230086064387,0.0103831690683537,0.0186094823904012,0.0037548024642661,-0.011809649469352,0.0197398897884961,0.0190073379535262,0.0141532193212887,0.0,0.0026487983147021,-0.0004080660007816,0.0075364910897612,-0.0073961097298539,-0.0028999330245215,-0.0251454917488241,0.0052262432069605,-0.0123026016863616,0.0,0.0163286436445582,-0.0007810660402823,-0.0075327159832111
2021-03-04,0.0430529659230387,0.0,0.0215916974613827,0.0078819293316978,0.0296182911024327,-0.0194392817973455,0.036220254859657,0.0334026234678519,0.0386592707840087,-0.0048798774536734,0.0312199364794876,-0.0341067624484588,-0.0310100314217061,0.0224146741329018,0.0210130546621205,0.0322962728995579,0.0081789137380192,0.0158378529778728,0.0513781259757586,0.0868222224652022,0.0716875165437156,-0.0059289857072274,0.028704939919893,0.0,0.0067549094788783,-0.0088213491475166,0.0426586451999657,0.0115463700110718,-0.0024140548046956,-0.0060087126333181,0.0188922284242163,0.0340926638718421,0.0113748240934905,0.0115086894648324,-0.0011162345687214,0.008323514879708,0.0067237017469652,0.0,0.013582595256494,0.0297860474548772,0.0220213714613908,0.0187111429937827,0.031354270327226,0.0439989943087015,-0.0023270756994251,0.0493584250613257,0.0159938230752261,0.0127386734365015,0.0543882442542895,0.0320250402818573,0.0108991118521355,0.0287178918442665,0.0429248609903716,0.0486215799414324,0.0078474609248329,0.0376020519354245,-0.0022982492199034,0.0168047215711177,0.0735524346394922,-0.0098924034347036,0.0357032752788741,0.0289434870361744,0.0183610647790297,0.035421979963661,-0.0351205265105459,0.0,0.0287213271746356,0.001360255908855,0.0601620984035409,-0.014510934770254,-0.010346331307675,0.0620216847600161,-0.0294447420103552,-0.0148490339436589,0.0,-0.0040750040450409,-0.0489611173377014,0.0
2021-03-05,0.0203011030864861,0.0,0.0363805194445214,-0.0062578026240373,0.0752049826024576,0.0180163285535366,0.0186360885752674,0.0547964208920024,0.047266273730828,0.0265325210116782,-0.0111054313099041,-0.0201338896785731,0.0635279836996574,0.0672119284252834,0.0132748770881219,-0.0189397995869349,0.1000126758778046,-0.0037264485942265,-0.0247576878425442,0.030674815764984,-0.0252577319587627,0.050840247708517,0.0577547047371835,0.0,0.042747950032455,0.0234836586642734,0.0181825648607303,-0.0014878272983142,0.0338704586472859,-0.0185884842073448,-0.0018064988223456,0.0100327419140746,0.0574993950326683,-0.0125554898293072,0.0263872074924504,0.0288352808141725,0.008589287766904,0.0,0.0318257320815316,-0.0012246756763409,0.015675835551612,0.0358882359351815,0.0371623778813612,-0.0014449601541289,0.0226505248133126,0.0058458626853117,0.0377809141244165,-0.0121854852978817,0.0094646271510516,-0.0091958316214095,0.0227504636730606,0.0470101339210848,0.0086814292903876,0.0076507427664953,0.0155083655083654,0.076027832530886,0.0020725647364348,0.0050834615296306,0.0231777997382547,0.0153718801436122,-0.0014778418059436,0.044387526075361,-0.0136490139419683,-0.0206227059050807,0.0207641366652742,0.0,0.02663943470951,0.03396798326964,-0.0082838998220945,0.0465574246683013,-0.0160086706229344,0.0169212012320327,0.0582993627761181,0.0589974602325893,0.0,0.0161380580175822,-0.0025926698153402,0.0386556716448911
2021-03-08,-0.0258663191998872,0.0,-0.1053236871314139,0.0018883726810152,-0.0780990357066028,-0.0660267501759879,-0.0457428813081477,-0.038629870746659,-0.0355482657296994,-0.0306174745487102,-0.0193846034556286,-0.0743428841501365,-0.0130276695309059,-0.0158008478503723,-0.0108091702852873,-0.0369111294774432,-0.0589709610509333,-0.0313068710740613,-0.0230607386080504,-0.0112302518875705,-0.0378106821787415,-0.0135162198899783,-0.0723926380368099,0.0,-0.076369480156512,-0.0822798684691268,-0.0678618965030452,-0.0330514587248258,-0.0460217309619238,-0.0639051432091161,-0.058223481823775,-0.0264864036096417,-0.0871839944248842,-0.0290030276699893,-0.0238942354427919,-0.0272394211394028,-0.0375268217151749,0.0,-0.0503249738382686,-0.0326261761135723,-0.0395457192778101,-0.0346448918813933,-0.0318496172710296,-0.0684279763209823,-0.0371317568861409,-0.0394323305388887,-0.0495519057084073,-0.080779641533928,-0.0485525775799475,-0.0672828988042282,-0.0409811377583675,-0.0411582662616624,-0.0480541349632031,-0.0576254509675303,-0.0458145871617768,-0.0505708236777961,-0.0142287565412408,-0.0607067144266969,-0.0792716033913878,-0.0423934475959351,-0.0938674313833338,-0.0345946024040684,-0.024698941570364,-0.007462809238103,-0.025138709049801,0.0,-0.0634575698830591,-0.0095922611791829,-0.0194887061032028,-0.0722417009187867,-0.0580993481518932,-0.0790461707377094,-0.0449713193116635,-0.0053889665873975,0.0,-0.0169950199262166,-0.0532606225857759,-0.0657387409007279
2021-03-09,0.0319939265766497,0.0,-0.0063375334439411,-0.0172787710069951,-0.0233545539858472,0.0140247811049356,-0.0071961423612209,0.0013832309843739,0.0082857119828483,-0.0295284841522636,0.061398769125341,-0.0208581885830989,-0.0276052335954537,0.0380743494423791,0.0427139631666313,-0.0104436528497409,-0.0209092300627583,0.0038612712759511,0.0155005809175663,-0.0144428210393302,-0.0072822203902169,-0.0367113157587826,-0.0165343915343915,0.0,-0.0361188097022879,-0.0353531332112428,-0.0229873866857054,-0.0120824274784434,0.0089935584458211,0.0301036354663595,0.0079368113061337,0.0004837303484543,-0.0392664042069519,-0.0040907751907826,0.0137234593474884,0.0098864470933845,0.0183455895863362,0.0,-0.0051285210725271,0.0257137033592784,0.0090352313383057,0.0133543470788937,0.0138344249669684,-0.028124926451552,0.0321378853165394,-0.0294724699924913,-0.0393552489971626,0.0125538586691764,-0.003583396927569,-0.0217686524937354,-0.0347956947034383,0.000489207603002,0.0185737216234807,0.0232311279713222,0.0039845929074247,0.0392630274914995,-0.008152379989383,0.0323175328939369,-0.0144420503515536,-0.0102755999049655,0.0083451297294667,-0.002300906145477,-0.0070941620237394,-0.0196253788443384,-0.025559852999876,0.0,0.0063392037392537,0.0505500516623109,0.0384889885807504,-0.0106556150956014,0.0405341676347783,0.0135525865022267,0.0058897617158208,-0.0100325732899021,0.0,-0.0045541345638332,0.0339845437526999,-0.0163795465442838
2021-03-10,0.0072600844236596,0.0,0.0356804404398383,0.0131086893718099,0.0239130321870244,0.0338302513302861,0.0313845107396031,0.0152248819806006,0.0168349360895945,0.0207083479056253,-0.0352992301961757,0.0366830849932364,-0.0173119722736616,0.0273979797690415,0.0196880245958843,0.0484169189233412,0.0800137577387281,0.0321943562853594,0.0368065632325036,0.0026844830867549,0.0095271049596308,-0.0287251692749204,0.0981842636180228,0.0,0.0275405438187175,0.033099463475031,0.0441223689892267,0.0218524130051414,0.1199404689291727,0.0135739380389652,0.0145592073282148,0.0174845815225641,0.0318691549989027,0.0086281469575457,-0.013170907423781,-0.0073469083314685,0.0025741573844635,0.0,0.0446739468916317,-0.0086254540938305,0.0274639423076923,0.0061796823295829,0.0073733875070562,0.0386012495762095,-0.0403130847324093,0.0390460314849974,-0.0055378739656271,0.0645577761969065,0.0422341358374123,0.0298800994901544,0.0607184256729733,0.0165772212283838,0.0420820737119702,0.0347443070696076,0.0597962693477973,-0.0438564899590654,0.0176047812623449,0.0586960311738735,0.0048845598430498,0.0415291364100103,0.0172712881205612,0.0194959331910855,0.0387773595427296,0.0221974457733631,0.015403412622182,0.0,-0.0109438954296069,-0.0545583666479604,0.0039489688500538,0.0107703801205998,-0.047422703204625,0.0206113785084636,-0.0321859212830941,-0.0154056262242627,0.0,-0.0047988768328622,0.0109094285316373,0.0242254894280067
2021-03-11,-0.0117897665521888,0.0,0.0614951126345295,0.0015762938084922,0.0222504036996642,0.0251303553190345,0.0050183421952929,0.0199904309081666,0.0173659426271393,0.0091063039080672,-0.0101548322329046,0.0318689582700419,0.0215846616645343,0.0537622664922303,0.0342577246359654,0.0109092611667758,0.0222344460206711,0.0071186865521994,-0.0052482842147758,-0.0037911709173734,0.0239700203368142,0.0916557404295397,0.1096142069810166,0.0,0.0518480457168251,0.0709092361776924,0.0863820491612055,0.0168008400420021,-0.00578756653523,0.0508901843390579,0.0374031534592904,0.0085920621501704,0.0315515428072255,0.0122228554670857,0.0378167434328418,0.0205507758199645,0.0202204412023483,0.0,0.0032891115503366,-0.0016599225787053,-0.0029098672281686,0.0028612068044102,0.0014666509854925,0.0464232419324752,-0.0119572394838756,0.0548015668895658,0.0478781284004352,-0.0040160889269938,0.0810240899699676,0.0407436232779441,0.026835129158838,0.0709819333646175,0.0296119126610601,0.0425185720859904,0.0,-0.0164193594593017,0.022609871704162,-0.0119099543362736,0.0696545327546918,0.0651877460866223,0.0532379592906122,-0.0025159083385442,0.027995678519423,0.0402247562386381,-0.0331773003275998,0.0,0.0030188679245282,-0.0093518565263353,0.0,0.0491821309470386,-0.0199172981482985,0.063864032269816,0.044743080639251,0.0262484961799063,0.0,0.0082697897284347,-0.0049810188586824,0.0343653855960293
2021-03-12,-0.0039768078198821,0.0,-0.0370801121981255,0.0018901573417586,-0.0132492176179859,-0.0239833774678167,0.003198982887492,-0.0142555593016608,-0.0067458968256421,-0.0172320349995103,-0.0102720133146096,0.0070273661856266,-0.0110254609454988,-0.0306124924196482,0.0156600992974775,0.004152964969972,0.0120649126285083,0.0050523905522785,0.0342261904761904,-0.0021309346530085,-0.00141703115237,0.0091179368764722,0.0126931567328918,0.0,0.0183781785535106,0.0040287984481666,0.0017277057629236,-0.0027538726333907,0.048030851934089,0.0158920539730136,-0.0063514004854448,0.0028377963798922,0.0302633558228546,-0.0108671885249487,-0.0129243086997672,-0.0113385362980416,-0.0100666405331243,0.0,0.0147541675458957,0.0008282041146685,-0.0077871797503996,-0.0040828038532485,-0.0065833557844416,0.0073976692885313,0.005188483283059,0.0282023475811457,-0.0031885651456844,-0.0092742948020423,0.0039899119263886,-0.0100839558711289,0.006385640400067,0.039407167229887,-0.0108956297584076,-0.0051552080213145,0.0112345524903259,0.0071088769268941,-0.0054126867499387,0.0065177244268277,-0.0050474232984349,-0.0021637606159504,-0.0008406262665686,-0.0136216471351766,-0.0009595613433858,-0.0038764616166753,-0.0183808982539944,0.0,-0.0056851433826602,0.0012137983859261,-0.001515785356101,-0.0011741174201285,0.0036310534001657,0.001544026547295,-0.0231492748851125,-0.0230684780420634,0.0,0.0250521668857877,-0.0107041872171267,0.0046464621565993
2021-03-15,0.0179670868409198,0.0,0.0409094138543517,0.0352216350195566,0.0079473107212424,-0.0278298243846747,-0.0069907913698477,0.0099410378235298,0.0139879725219582,0.0058469429790175,-0.0124412097007277,-0.0143832136729197,0.0004705761563341,-0.024841159891081,0.0249029731424021,0.0115771347744535,-0.0167063103400029,0.0009987948425866,0.052452583387835,0.0297460531208231,0.003553191727097,-0.0475791344143027,0.0305177111716621,0.0,0.0172297560090233,0.0514954486345902,0.0051741778319123,0.020087830322556,0.0201410570918822,0.0094451003541913,0.0225945119137096,0.0099096441487211,0.0072678898784899,0.0313239162632359,0.0360023582613653,0.0336051534107835,0.0117569258549412,0.0,-0.0258477995059182,0.029878442509388,0.0029412634130481,0.0094256525926719,0.0117728050289973,0.0337749662692707,-0.0244158831272097,0.0062552237419903,0.0394514302522244,-0.034595029165655,-0.0047590544690956,0.0113860268062273,0.0138467151930439,0.0176681982969395,0.0246677879297543,0.0207118407707911,0.0074682138007653,-0.0289792202227935,0.0183703119998031,0.0314154401070452,0.0177582914167362,0.0050506875801874,-0.0026892624810325,0.0204604249846724,0.0181773038523862,0.024066985645933,0.0,0.0,0.0097536365929538,-0.018854304840053,0.0242458538284073,0.0324605263710289,0.0383223878249243,-0.0128118259183052,0.0118489316176686,-0.005954813373136,0.0,0.0102195707427279,0.0290917912258112,0.0010673013224722
2021-03-16,-0.0163396707768935,0.0,-0.0323668332104731,0.0030347972290318,-0.0031265851204483,-0.0250896304944011,0.0026760258956968,-0.0178973717146433,-0.0165570789568579,-0.007054813523047,0.0041904457836134,-0.0200637020107465,-0.0003164205143116,-0.0397249185276422,0.0410737664640412,-0.0106239075917623,-0.0363993397461437,0.0160637271475341,0.0060402684563758,-0.0326976939367028,0.0212325335411678,0.0312593505236293,-0.0745637228979375,0.0,-0.0362909906580171,-0.0443800572417935,-0.0326204971111713,-0.0032005790181132,-0.0476506032327261,-0.0128654970760235,-0.0040167374807382,-0.0074756042148991,-0.0479795132793248,-0.0082843914776866,0.0101808539910448,0.0182286506835742,-0.0097377309677848,0.0,0.0049754302376714,0.0153093213374806,-0.0146631887646079,-0.0129911435142143,-0.0203644011299045,-0.0497025974581711,0.0437084994888703,-0.0267803582140714,-0.0430830179335713,0.0181278609059647,-0.0311261412261155,-0.0242867593269934,-0.0330063804609058,-0.0402218206483747,-0.0150536044362291,-0.0156339755631801,0.0,0.00220066295661,0.0,0.0356738416414654,-0.0428731512902645,-0.0157951041470013,-0.0225814226748214,-0.0350887476416391,-0.0136238208303921,-0.0080829790216324,0.0024917917448405,0.0,-0.001998501124157,0.032943676939426,0.022481937951551,-0.0174237279865326,0.0156683772984642,-0.0046660705514904,0.0854763370387803,-0.0032034030278168,0.0,-0.0004426196092134,0.0024600469040885,-0.018116608048104
2021-03-17,0.0245770038285784,0.0,0.0298661174047372,0.0208980299292629,0.01527155643419,0.0095302878926373,0.0277871873043247,0.0355399965516982,0.0416838951778373,0.0121209702098219,0.0261505444718226,0.0310988045792208,0.0256039556528879,0.0272031172566586,0.0397338315190483,0.0049619024210396,0.0377742993000382,0.0289737450797387,0.0015071776245891,0.0736895735912066,0.0110878524236277,0.0186718096636002,0.0342857142857144,0.0,0.0606687782266863,0.0608615270844887,0.0239600765600103,0.04518772425304,0.0307310459602734,-0.0094786729857819,0.017251647483784,0.0329561928430506,0.0510573507020808,0.0043767223212838,0.0118116085578445,0.0148065594650534,0.0253741902589985,0.0,0.016501526786306,-0.0047603630826048,0.0287756872363973,0.0275636417718068,0.0389796261996968,0.0762355060227402,-0.0016897704912246,0.0226031178349233,-0.0042878793479467,-0.0086955734957145,0.0230591539549602,0.0236759239529322,0.0547351555255573,0.0123488759771472,0.0318735268064918,0.0343511450381679,0.018440237701403,0.0604431285358928,0.0454358602345543,-0.0077419679177542,0.071357172442358,0.040847643405188,0.0306904075687886,0.0332476545919122,0.0328612229761819,0.0578269744072854,0.0391043073953853,0.0,0.0730705047976638,0.0172751235785422,0.032700860384887,0.0354653953750143,0.0178243813671823,0.0479612817511783,-0.0091668445772843,0.0144030980116665,0.0,0.0226651673085549,-0.002861001742528,0.0369017506490048
2021-03-18,-0.0077748312439729,0.0,-0.0487123287671232,0.0026695459537948,-0.020010877977682,0.0147325125987898,-0.0084593412300503,0.0184740118720139,0.0184688665538264,0.0037202576574206,-0.0203847146914537,-0.0288854879539526,-0.0228211095263118,-0.0689430094456085,0.0008031644042616,0.0082239104847214,-0.0363993397461437,-0.0220767440943329,-0.001504909458726,-0.0240315722709014,-0.0082273908495885,-0.0159420289855071,-0.0408839779005526,0.0,-0.0414198970113337,-0.0490746227039838,-0.0121254232643712,-0.0101589249222968,-0.0325916749601564,-0.0334928229665071,-0.0015399986000013,-0.0095708926677676,-0.034471843076659,-0.0118786313750807,-0.0175105846650841,-0.0161245336959174,-0.0219594269040561,0.0,0.0016231975152205,-0.0031927710843373,0.0096385892478121,0.0036022996823863,0.0057126651000729,-0.047237505491517,-0.0290929179096233,-0.0122539684642465,-0.0462808281050847,-0.0693401009668612,-0.010464017506341,-0.0124584653576026,-0.0401784646300328,-0.0283186783906209,-0.0283427906300014,-0.0348723735171235,-0.0217155919153031,-0.0860133581744867,-0.0215166304297543,-0.0011695116338963,-0.014587929648034,-0.0490557427688852,-0.0339592412202,0.0276508025163149,0.0096814018821098,0.0161192168969765,-0.0100677515354903,0.0,-0.0603230760258927,-0.0163279839263459,-0.0148516345853919,-0.0323882756360556,-0.0478252586535362,-0.0333301136157829,-0.022321127974467,-0.0177732221609702,0.0,-0.0010768064995811,-0.0188569718188497,-0.0498960832617819
2021-03-19,0.0124174555930614,0.0,0.0475491043142677,-0.0171591744584147,-0.001918204667743,0.0355460563175695,0.0085315122029836,0.0064822449037613,0.0101994293614142,0.0082249551425614,0.0208088981431453,0.0231832058042262,-0.01113074355757,0.0343214204069191,-0.0072099905791147,0.0195733584001698,0.0478454768303848,0.0366412336876744,-0.0015071776245891,0.0087084195831128,0.0483713142558928,-0.038606587381988,0.0685483870967742,0.0,0.0255134558603555,0.0166770516438807,0.0157811834401593,0.0081121111997266,0.04014272970562,0.0222772277227722,0.015882626624432,0.0243928424933013,0.0441378313949287,0.0148307853129492,0.0010461944676241,-0.007795751315533,0.0395292745215498,0.0,0.001620567014869,-0.0043995890493745,-0.0028654120289708,0.0008011985930953,0.0021351166257099,0.026238939024658,-0.0156810443712106,0.0349346003091437,0.0101594633519741,0.0004491792426228,0.0252203894132665,0.0216245755103634,0.0308126565557118,0.0497707528957529,0.0239435776107332,0.0327040050556914,0.0370165406136628,0.0649681745657717,0.0616139231155627,0.0101532712808678,0.0246696588305452,0.0744356877872316,0.0268407400773513,-0.0110094433061941,0.015065972113915,0.0151769672358637,-0.0060480718661607,0.0,0.0198552745356828,-0.0172651629103175,0.0267345542198209,0.0215439263144852,0.02263580327667,0.020071818891491,-0.010020730170318,-0.0143502822876967,0.0,0.0004277647864028,0.0019505971970565,0.0099154567951285
2021-03-22,0.0032227098189798,0.0,0.0675226129271711,-0.0222758717097185,-0.006866057283783,-0.0111413914716255,0.0029363002616702,-0.0042936640207902,-0.0052338489535942,-0.0032605448097582,0.0326232894397107,0.0064128023558815,-0.0163229721447746,-0.0272714770556137,-0.0059172353858344,-0.0151974779919105,-0.0264381746948898,-0.0183071524714266,0.0285806196179352,-0.0159922496528093,-0.0046149857402125,-0.0171297772110651,-0.0113207547169811,0.0,0.0052192662586803,-0.0085802869709423,0.0060466567839587,-0.0144390949571663,-0.0744273225253139,-0.0054479418886198,-0.0180214940430257,-0.0202186190183984,0.0055986631329096,-0.0039539475096033,-0.030376360808709,-0.0267316655059731,0.005478340650425,0.0,-0.0145631715055053,-0.0056269803693047,0.0076678700361012,0.0047793264111821,0.0056681138446694,0.011361205015191,0.0074359413078561,-0.0216644744089002,-0.0055873815089783,-0.0170479136512219,-0.0182563338301042,-0.0311618843846712,0.0141025563527996,-0.0034167315358051,-0.0187040259721267,-0.0200107090950814,-0.0285798991995256,-0.0359833439077836,-0.0141504444976368,0.0077288095875736,-0.0178168489192472,0.016456522486,-0.0246209306983145,-0.0084095592754618,-0.0193411591174482,-0.0105038993927881,0.0148582460405419,0.0,-0.026604678334104,-0.0214854903684398,-0.0083114066720053,0.0229777702303841,0.0114154134418937,-0.00151219243414,-0.030936943455031,-0.016564616953242,0.0,-0.0133462558079873,-0.0090327818938392,0.0058164332009198
2021-03-23,-0.0295946961930149,0.0,-0.0185299647170927,0.0160094286763143,0.0152090804519926,-0.015448110021345,-0.0360485958972316,-0.0099151748985787,-0.010903290012879,-0.0057343933272514,-0.0138147448960456,0.0098755450319076,-0.0130486670527738,-0.0432242607240145,-0.0078455446562873,0.0,-0.0222054949190816,-0.0112541212274916,-0.0014675102846007,-0.0014064834034958,0.0105959574911438,-0.0428568210995743,0.0556161395856051,0.0,-0.0163714134302369,-0.0243999999999999,-0.0334735740044205,-0.00192192137094,-0.0059631005133646,0.0006086427267195,-0.006341022421983,-0.0110026007112149,-0.0132942409263628,0.0091242546819707,-0.0435756125414615,-0.036345956260091,-0.011500277137826,0.0,0.0591135670370845,0.002832463449623,-0.0247201960419025,-0.0170584017209783,-0.0253760776005648,-0.0168397892910785,0.0021069059695668,0.0024074840632501,-0.0438264508712332,-0.0182566158541146,-0.0258663737141716,-0.0163818057056321,-0.0289215803152046,0.0090009803047854,-0.0229650382999017,-0.0306133599762712,0.0183727034120735,-0.0388750622200099,-0.0276681404186359,-0.0042188661382011,-0.0205881741444551,-0.0229415939971607,-0.0223037657199377,-0.0216980719306946,0.0064175278730032,-0.01628664495114,-0.0208830927268499,0.0,-0.0010002500625156,-0.0088395221059224,0.0097754014986608,-0.0176752605638533,-0.0150475233896917,-0.011116425085228,-0.0336618879085693,-0.0230661224017137,0.0,-0.0056742014514861,0.0043449654264891,-0.0238587184721107
2021-03-24,-0.0185677560219748,0.0,-0.0166756320602474,-0.0215153958498144,-0.0592400912437035,-0.0070185308424295,-0.0181921487603305,-0.0156735769853436,-0.0102614562833849,-0.0222440686852798,-0.0040059836211049,-0.034702961332075,0.0066861679899707,0.0061032888626193,0.0182706978823483,-0.0203092441035243,-0.020222656481317,-0.0243835967809162,-0.0248879680046257,-0.013992365151677,-0.0235883584028371,-0.0059675923964965,-0.0346074380165288,0.0,-0.047077536831438,-0.0290730180029072,0.0035505451190034,-0.0298448472370307,-0.0187258034204097,-0.0462287104622871,-0.0455995061982408,-0.0254968149106189,-0.0357162012851182,-0.0239707931017917,0.0079087707529765,0.0058640976334176,-0.029687863564756,0.0,-0.0620158565945679,-0.0261932444195546,-0.0204684377571412,-0.0112994350282485,-0.017362416520271,-0.0314376089342199,0.0087671885449398,-0.0177666483868623,-0.0422959500715963,-0.0529988348220588,0.0207504613491902,-0.0252906743645257,-0.030930809271263,-0.0089206853912735,-0.0008846722899283,0.0008857253285234,-0.0144449772236873,0.0112613001421328,-0.0160453893460472,-0.0346653767404621,-0.0185160615822237,-0.0296984320542424,-0.0235894008030242,-0.0061197183885982,-0.0040974674164161,-0.0261352885525071,0.0124991904669387,0.0,-0.0363704630788486,0.0263338040642426,-0.0116179151330918,-0.028482680647147,-0.0333345922876459,-0.0056237947903944,-0.0138104718887436,0.0229513783421368,0.0,-0.0125056659034648,-0.0152188423173428,-0.010740964727728
2021-03-25,0.0128369589594077,0.0,0.0531168276671827,0.0495508627089722,0.0108555113549817,0.0183509057996049,0.0144046128431487,0.0203478640564733,0.0222755439941992,0.004638504953548,-0.0150828602703459,0.0092616362882362,0.0030824125840156,-0.0145637561010153,0.0115165223920008,0.031503830088932,0.0283460759723186,0.0256585109354716,0.0044968250438564,0.0133092302615052,0.0061768152973846,0.0051038525090782,0.0267522739432852,0.0,0.0302410262968371,0.0399247571883756,-0.0141619277012101,0.0168689423869483,0.0068717728714358,0.0433673469387754,0.0511196744724997,0.0694546936437829,0.0350867434629524,0.0108715862234909,0.0149413659536519,0.0166758153356929,0.0230287210371966,0.0,0.0082644065431018,0.0148959843976597,0.0208961492882109,0.0146915351506455,0.0176691964689432,0.0250822003021415,-0.0073015238752566,0.0479106967483284,0.0748430777910995,-0.0034363947836739,-0.021142179904383,0.0379742670045082,0.0342807193123586,0.0141488909974469,0.0190830954307437,0.0166529902978231,0.0073587544851911,0.0159043576232802,0.0113022026015723,-0.0012008950555953,0.0096895242832888,0.018512411426534,0.030290485221333,0.0151347540602464,0.025630123367244,0.0061627200971463,0.0019402157690502,0.0,-0.0045025153475162,-0.0062438975851538,0.0014020945986692,0.0393484581169396,0.0132919701184632,0.0359726136732099,-0.0036535115142111,-0.0076224480188876,0.0,0.004443005943624,0.0077976196079536,0.0381866712588254
2021-03-26,0.0106725949019537,0.0,-0.0203980792864472,-0.0035404915950357,0.0095947799911342,0.0042743741095052,0.0033918347025143,0.0082378785501333,0.0067564109126272,0.0046104164720639,0.0030627673459893,-0.0073422947483761,0.0569154369034621,-0.0295553260800136,0.003704973407852,-0.0008068733657078,-0.0451085838549472,-0.0162451837195702,0.0030008609027178,-0.014004540173732,-0.0033685226771886,0.0498937778803623,-0.013548723293382,0.0,-0.021082408895509,-0.008822769389789,0.0071877534468776,0.0056135545213571,0.0007608555059308,0.0055012224938875,0.006591934574168,0.0155717360631932,-0.0207156713650848,0.0019908033540707,0.0526298533105134,0.0442545427464999,-0.002466991500023,0.0,0.0032791728212704,0.0432128800990396,0.0116227812389795,0.0157473316796885,0.0170548146527858,-0.0302117422682645,0.0013996889580094,-0.0207626561050682,-0.0068503038017874,-0.0157633256855181,-0.003324474907397,-0.0054845766097073,0.0022843494503477,0.0008425688528657,0.0148008329213666,0.0112050137688728,0.0072446269017145,0.0346714612984713,0.0113976574399916,-0.0071880838696284,-0.0050499641200852,0.0055831699803976,0.0110914817151055,0.0346241508346663,-0.0138391006413539,0.0002413782699213,0.0263372559033616,0.0,0.0055666211479417,-0.0084703334939578,0.0089427752713695,-0.025609760956969,-0.0010642153725138,0.0376968960100156,0.0134428113470028,0.0334278406001757,0.0,0.0030992764449131,0.0234983124307224,-0.0230769230769231
2021-03-29,0.0099026386588498,0.0,-0.0164254581668155,-0.018653623872476,-0.0197152739572685,-0.0054857451695715,0.0047139091331986,0.0073075317803354,0.0041108924122803,0.0045892580810125,0.065113762271638,0.0009806288837093,0.0445116465060482,-0.013959317776053,0.0313916942678353,0.0297737434762452,-0.0104942450914015,-0.0148686171208951,0.0119184834588124,-0.011013715378775,-0.0054225937898138,0.036709843281004,0.0047543581616482,0.0,-0.0257609834555757,-0.0386964618249534,-0.000895831865444,-0.0009728347478041,-0.0060594080482928,-0.0212765957446807,-0.0076757772082584,-0.0087617000131832,-0.030444039597006,-0.008746450129037,0.0139915900950009,0.0172761147462068,0.0049538895351972,0.0,-0.0065360686838263,0.0265741697416974,-0.0038636396647637,-0.0095214610709853,-0.0003562115224345,-0.0014973070820391,0.0010505833021203,-0.0116715830875123,-0.0356373630729793,-0.0165166741580897,0.0149997426262418,-0.0055227924768888,-0.0125383421525376,-0.0067555353555176,0.0150278265747478,0.0157761292140106,-0.0180412371134021,0.0204305906681896,-0.0046796380926001,0.0229357798165137,0.0116744083405546,-0.0298755547820032,0.002089170503843,-0.0293130534133103,-0.0072392091890353,0.0004826400410242,0.0277900644126833,0.0,0.0224848846563043,0.0063383815273339,0.0637108366617091,-0.0266672664518343,-0.0110008877909445,0.0043038444583651,0.0054311335253129,0.0256466841328464,0.0,0.0039657971894819,-0.0083384288708592,-0.0140289067640129
2021-03-30,0.0189515884103745,0.0,0.0545700798169601,0.0002991925588158,0.0244528125514522,-0.0018613118852236,0.0308773446100976,0.0234700900318833,0.0167162149454969,0.0294988761073649,-0.0105114186181536,0.0582237975680599,-0.001459574569904,0.0115842143176996,0.0429656050336169,0.0117190903546222,0.0238857960376948,0.0090591240091584,0.0117781062937742,0.0303981974437199,0.0217874610938195,0.012078852271006,0.0557308096740272,0.0,0.063283074962837,0.0486614234241213,0.0223050574249445,0.0092277444424864,0.0929826976914958,0.0304347826086954,0.0136512091987655,0.0110489324480547,0.0647921760391199,0.0268630377237226,0.0158566329382996,0.0100248869571313,0.0090079730144128,0.0,0.0131581398736182,0.0011444937771745,0.0145375541330687,0.0188324673343025,0.0163915688977038,0.0609221128021486,-0.0108279034112687,0.0585695382686817,0.0214573456468718,0.0208651065606628,-0.0024545602077246,0.0283603259954963,0.061198222838261,0.0561226346906833,-0.0029668843351414,0.0,0.0441311115180369,-0.0225626933054637,0.0057683500200007,0.0125884191653997,0.0095339433922112,0.0014263031836163,0.0406306288342539,0.0133372567771361,0.0118502743061392,0.0063617451080895,-0.0174160967770135,0.0,0.0118390498305989,-0.0331323742699227,0.0270833917833328,0.0305280008066852,0.040547186012021,0.0147563328058402,0.0119982191882466,-0.0092881548484822,0.0,-0.0004363179419755,0.0409168716907277,0.0497933528500085
2021-03-31,-0.0192463274430486,0.0,0.0559607975161784,0.0337872884981618,-0.0063561189309691,0.0209345692623899,-0.0087931172149472,-0.0195970796508755,-0.0215637450199202,-0.0213906833973362,-0.0154395315575224,-0.0038007601520303,0.0019010192018913,-0.0279923894574189,-0.026729665092677,0.0061720420847148,0.0310743902068588,0.0109683074074984,0.0189226089247644,-0.0121043821540187,0.0059990053462637,0.0279359948002189,-0.0179282868525896,0.0,0.0048963708872096,-0.0063915469021317,0.0226856140489188,0.0064968480638105,-0.0230107075372664,0.0066305003013862,0.0150404020902106,0.0839143149139405,-0.0049698090742867,-0.0003872062801676,0.0257995065073297,0.0244490716640639,-0.0141587205105802,0.0,-0.0048704283837232,-0.006824644549763,-0.014329242001782,-0.0125882835162064,-0.0192825438405006,-0.0252099067549891,-0.0243653792040889,-0.0302819548872181,0.0140043998497612,0.0089729205699098,0.0633655312658869,0.0042002400137151,-0.009790315809115,-0.0140913029777848,0.0152724090146598,0.011324766571138,-0.0140886238746636,0.0001085517031762,-0.0023344554090197,-0.0264157291557144,0.0064610649690119,-0.0200293812031961,-0.0011709651733666,-0.0166390800592386,-0.0090036309926764,0.0012133740787345,0.0408012427886097,0.0,-0.0083605049745004,-0.0293118882207561,-0.0131846118825403,-0.0129119322235676,-0.0024155223567097,-0.005162178928976,0.0136303313365644,0.0092709869883018,0.0,-0.0279132570510655,-0.0065278383571657,-0.0474315756666091
