date,ABEV3,ALOS3,ANIM3,AXIA3,AZZA3,B3SA3,BBAS3,BBDC3,BBDC4,BBSE3,BEEF3,BPAC11,BRAP4,BRAV3,BRKM5,CMIG4,COGN3,CPFE3,CPLE3,CSAN3,CSMG3,CSNA3,CVCB3,CXSE3,CYRE3,DIRR3,ECOR3,EGIE3,EMBJ3,ENEV3,ENGI11,EQTL3,EZTC3,FLRY3,GGBR4,GOAU4,HYPE3,IGTI11,IRBR3,ISAE4,ITSA4,ITUB3,ITUB4,JHSF3,KLBN11,LREN3,MDNE3,MGLU3,MOTV3,MOVI3,MRVE3,MULT3,PETR3,PETR4,POMO4,PRIO3,PSSA3,RADL3,RAIL3,RAPT4,RENT3,SANB11,SAPR11,SBSP3,SLCE3,SMFT3,SMTO3,SUZB3,TAEE11,TEND3,TOTS3,UGPA3,USIM5,VALE3,VBBR3,VIVT3,WEGE3,YDUQ3
2017-01-02,-0.0054858577679928,0.0,-0.0278731836195509,-0.0135896217976791,-0.0004024943623222,-0.0133526629024873,-0.0195743787005553,-0.0109771447499172,-0.0068968504960359,-0.0169658810516464,-0.0205740887829848,0.0,-0.0235729245577291,0.0,-0.0072986052258489,0.0012943308309603,-0.0022439994318989,0.0019835951321505,0.0010967317394163,-0.0262209069409804,0.0082303007935042,0.0009194614137888,-0.0286912342972475,0.0,0.0009736711376056,0.0109679887769416,-0.0121344069668785,-0.0042863235712254,0.0,-0.0016806722689075,-0.0026952350278847,0.0064252794940513,0.0127802872521707,-0.0266542804058881,0.0036956753491348,-0.0125155151013652,0.0015319779030695,0.0,0.0,-0.0052436003303055,-0.0084310046541095,-0.0105029392553885,-0.009018500568924,0.0211932734392998,-0.0349876083716255,-0.0012981177292923,0.0,-0.0420106847984458,-0.0106521808324403,0.0,0.0100569189370172,-0.0030277168170365,-0.0241986436965585,-0.0141200872201244,0.0145932857797264,0.0699043414275202,0.0003765438297018,-0.0091563710797571,0.0,0.0145001172516219,0.0210339616042767,-0.0010198153207164,0.0,-0.0145757039264666,0.0130825838103023,0.0,-0.0138419986495611,0.0068939205735174,0.031816088424931,0.0,-0.0187187257734864,-0.0080353109918934,-0.0048832073652452,-0.0241406517736882,0.0,-0.0192610925929623,-0.0258116915275053,0.0
2017-01-03,0.0202349152914487,0.0,0.0090501426824296,-0.0071166810501169,0.0343361133174475,0.0411672208903666,0.0457552222817354,0.0411472741521705,0.0423577242865493,0.035590638415732,0.0243740355698727,0.0,0.0420774005111355,0.0,0.0570588540357679,0.0220326324256003,0.0496213630928656,0.0023756019261635,0.044478527607362,0.0465681070177301,-0.0163079288381285,0.0515670979494604,0.0299686520376174,0.0,0.0846269901139478,0.0693831209789328,0.0454552820496199,0.0387358381461624,0.0224995503943683,0.0008417508417508,0.0253679844987593,-0.0020055263392457,0.0599436484303017,-0.0051850084428457,0.0286068330677995,0.0337278726301455,0.0278916632074559,0.0,0.0,-0.003555666237773,0.0438404639618608,0.029994983233438,0.0423559430150966,0.0417324610872997,0.0251517145572859,0.0306828975653652,0.0,-0.0030699901422334,0.0380057694988686,0.0,0.022626823159652,0.0336166425480164,0.0635184425787236,0.0573162508428859,0.0143833849329204,0.1325653370013755,0.0196983764522846,0.0382643179931752,0.0,0.0857186886003775,0.0420698513670561,0.0355938600127452,0.0,0.0116164599330577,0.0068603712671508,0.0,0.0062423973136567,-0.0015596774904171,0.0018721715950653,0.0,0.051294942327305,0.0162008004537503,0.0514784022004126,0.044289634445134,0.0,0.0178178931943993,0.0503273821627558,0.0
2017-01-04,-0.0078096980130549,0.0,-0.0014813617754794,0.011192431724277,0.0285568016382167,0.018890814558059,-0.0052114677900559,-0.0003345428343498,-0.0063361066005992,0.0315843139876972,-0.022155761047643,0.0,-0.0218533765437505,0.0,-0.0169752504019262,-0.0278816155597403,-0.005732006111729,-0.0023699718165512,-0.0039857352632682,0.0005199021062376,-0.0005581914596707,-0.0096388753164838,0.0316358829872345,0.0,0.0367699544264874,0.0,0.0082307716154634,-0.0127076417668364,-0.0116084047865824,-0.0058873002523128,0.0305255567619535,0.0038404858661189,0.0386892763555735,0.0223056557475347,-0.0116683302929129,0.0102340662681121,0.005946980593481,0.0,0.0,0.0202160450973314,0.0058384537514419,0.0143941141787793,0.0042837909510016,0.0399523603291469,-0.0370783111047713,-0.0088035214085635,0.0,-0.0532546050401174,0.0067050303224407,0.0,0.0,0.0151968291737054,-0.0119530806071922,0.0,0.0354803840529027,-0.0050098679216638,0.0211265872625256,-0.0141322982083691,0.0,0.0052515790220708,0.0159302216378662,0.0045823326283591,0.0,0.0289266251459712,0.0331663326653306,0.0,0.0015491081769749,-0.024014191407491,-0.0088607281637502,0.0,-0.0060529048477893,-0.0159425188865394,0.0606105644897594,-0.017956157569975,0.0,-0.0027793607470281,-0.0239676301473292,0.0
2017-01-05,0.005449271171277,0.0,0.0037493593720496,-0.003980192469401,0.0056305605674111,-0.0121740820839307,-0.0024456171965504,0.0056762601040003,0.0110683389910459,-0.0201900718643408,-0.0100638690235237,0.0,0.0500559659726886,0.0,0.0118897710345675,-0.015641715095267,-0.0129668191283315,-0.0019796682718032,0.003475147430497,-0.0017997008947808,-0.0008191380433771,0.0344904915679944,0.0302527100156784,0.0,-0.0129753204109734,-0.0202901970036569,-0.0093320009224382,-0.0072744232670165,0.0204071256522209,0.015228426395939,0.0464788958949942,-0.001823924551804,0.0229238177253265,0.0201225399518141,0.0707842864108101,0.048495486459378,-0.0007369156231611,0.0,0.0,0.0012112469038352,0.0092685781158572,0.0019458940372245,0.0136801267468313,0.0641332639250389,-0.0088881482098713,-0.0093037765625572,0.0,0.0343767718062724,-0.0018164651792861,0.0,0.0044180322948557,0.004182610440987,0.0224495245137306,0.0161224489795919,-0.0136935830518882,0.028227036924016,-0.0110617069732131,-0.0149836018308286,0.0,0.0837627956230144,-0.0151373337493211,-0.0052691363017325,0.0,0.0027191260965171,0.0275434002521581,0.0,-0.0041269749490452,0.0012750142421804,0.0047072043950555,0.0,0.0052787133136298,0.0058915632813811,0.0109865470852017,0.038129822968679,0.0,-0.0364930572961051,-0.0025785976395913,0.0
2017-01-06,-0.0084396908143088,0.0,0.0298290873911639,-0.0013382862431678,-0.0018663449541663,-0.0005903768572271,0.0108516129032258,0.0076280188908655,0.0063067041014404,-0.0154545830404764,-0.0042368549587104,0.0,-0.0173964951178953,0.0,-0.0195809130677269,-0.0132467837631439,-0.0072963785272739,0.0007934380528602,-0.001993913317242,-0.0231843575418995,-0.004154944010732,-0.0358985475829178,-0.0083290379061224,0.0,-0.0061347498703295,0.0040939193257074,-0.0176448679350694,-0.0124045466976137,0.0048456009666288,0.0308333333333332,-0.0268454828421011,-0.0045570015152864,-0.0280185446482563,0.0,-0.0059356349503195,0.0,-0.0077653339203654,0.0,0.0,-0.0132396319001726,-0.0034322024071797,0.0012863358345418,0.0033663624249831,0.0059681048821054,-0.0047828564489158,-0.0115274664888461,0.0,-0.0064333727605804,-0.0145684470261656,0.0,0.0008845009143825,-0.0062477836164931,-0.0152069104057853,-0.0057240409720827,-0.0138837006599427,-0.0574269179403473,-0.0187642407184023,0.0021221129659274,0.0,0.0193140735433019,-0.0002698548650138,-0.0044122131015226,0.0,-0.0145255612148651,-0.0006134969325153,0.0,-0.015030445542758,0.0134112419622858,-0.0084382417637043,0.0,-0.0310820604684871,-0.0043917993273319,-0.0282767797737858,-0.0266111277318789,0.0,0.0237032412465532,0.0084319379536641,0.0
2017-01-09,0.0042602949574424,0.0,0.0260946714680863,-0.0173521528943215,0.0048605371900827,0.0,-0.0377324772469077,0.0046171042436713,0.0013163559293969,0.0226764987485932,-0.0161753969702502,0.0,0.0242568886960294,0.0,0.0034247635558719,0.0147641018008632,-0.0066261426383925,0.0,0.0010515247108306,0.0152988275664855,0.029711121089657,0.0150649817871115,0.0083989934408648,0.0,0.0361539015260581,0.0206259743374506,0.0179618015513183,0.0008591309287133,0.0024111171716167,-0.0371867421180274,-0.0020059705264489,-0.0064246779266423,0.0374752970454046,-0.0038920487213733,0.0008506739955502,0.0077007700770075,-0.0022407844964335,0.0,0.0,0.0243825162205721,0.0103786098247737,-0.0041815181933826,0.0047629983923633,-0.0059326979186928,-0.0210255591953969,-0.0086386747785675,0.0,-0.045499419279907,0.0104749186211501,0.0,0.0088013661822135,0.0046779907348533,-0.0097097280868163,-0.0210584789415211,0.0105435949239218,0.0451826196473552,0.0139821931926833,-0.0016338526976825,0.0,-0.0165835889570551,0.0118064031546334,0.0136375919531601,0.0,0.0044506125574272,-0.0006610945837466,0.0,0.0021073418019981,-0.0217354495468439,-0.0179475610367473,0.0,0.0041633736027999,-0.0036773063930092,0.0067328540454183,0.0204113799353771,0.0,-0.0070540642184117,-0.0109250823325247,0.0
2017-01-10,-0.0114991289906219,0.0,-0.0049336249427801,-0.0045309423212953,-0.0078132630139662,0.0187801516195726,0.0136631955959407,0.0,0.0,0.0081796232117339,0.0294158569672797,0.0,0.0550754109472972,0.0,0.0090976756383607,-0.0145492945352145,-0.0088751039321381,0.0003964045040123,-0.0005252100840335,-0.0241579291008948,-0.0032342466749035,0.0218412192096402,-0.0039681565662764,0.0,-0.0144675825416398,-0.0222065562213604,-0.0094043887147335,-0.0005675328636998,-0.0102272375946822,-0.0058774139378673,-0.0100500126614332,-0.012008696729714,-0.0155562871857584,-0.0013941799646571,0.0204478587773782,0.0114391494209229,-0.006720773806215,0.0,0.0,0.0040611594475747,-0.0068633547525276,0.0,-0.0033391636190173,0.0120340475491633,0.0067499544569833,-0.0021800631336202,0.0,0.0237885194536549,0.001827530665345,0.0,0.006984397566115,-0.0220023636234476,0.0167466578779327,0.0097755996904822,-0.003498687992003,-0.0563337852086158,-0.0087071530915904,-0.0183126405675728,0.0,-0.0120219644539752,-0.0081425290556057,-0.0016825043247471,0.0,-0.0020486921720902,-0.0063790577895384,0.0,-0.0015735062719666,0.0096562027438191,0.0278983102761753,0.0,0.0012508608452446,0.0025099577670582,0.0044491045114487,0.0769771393265368,0.0,0.0196234990633539,-0.0110457581497359,0.0
2017-01-11,0.0042824401691061,0.0,0.000690042936005,-0.0204724409448819,0.0086260044243891,0.0045903698871736,0.0106523588300726,-0.0098365837468786,0.0075735652806601,-0.0287548264120819,-0.0050460110606759,0.0,0.0345727593960807,0.0,0.0101430886354603,0.0348861437713945,-0.0156846480851343,0.0003962474297465,0.0325801366263793,0.0101149244332492,0.0186846038863977,0.0128188452922899,0.0059800555290872,0.0,0.0103623290568164,-0.0062484979572219,-0.0095093370096503,-0.0071336801981815,0.0182356579267948,0.0126689189189188,-0.0203040816000255,-0.0052335723977516,0.0270893302915566,0.0041883792484038,0.0517531354615494,0.0491810971889812,-0.0094022307911865,0.0,0.0,-0.009602892921717,0.00691078592797,0.0009612344273699,0.0019543714103382,-0.0237819025522041,-0.0097427643546251,0.0004357023332177,0.0,0.0112910414500075,-0.0352987251234167,0.0,-0.0025980438258252,0.0001650818806127,0.0249797406807132,0.0116222636593528,-0.0069592476489027,0.0071827613727055,0.0168260321695945,0.015161816065192,0.0,0.0121682507317393,-0.0043736551595097,0.0064031048233954,0.0,0.0058245010980617,0.001284002282671,0.0,-0.0010531122043183,0.0108450475485861,-0.0145017506394179,0.0,-0.00414093206064,-0.0032384040378226,-0.0199181831005784,0.0206745215027932,0.0,-0.0027909965263135,-0.0170762686236164,0.0
2017-01-12,0.0316949429927446,0.0,-0.0141744349380666,0.0775625441141871,0.0330840430231245,0.0263822418893244,0.0252754794183531,0.0238397742435947,0.0235346249476873,-0.0107940821256038,0.0,0.0,0.0434310110615177,0.0,0.0159017819984108,0.1206316334455086,0.0417325021306751,0.0027726333593824,0.0452926208651398,0.0152867069290214,0.0573877565628186,0.0447190434062954,0.0055443959956231,0.0,0.029913486360148,0.0270858524788393,0.0587584025306444,0.0143627212674082,-0.0155224246886311,-0.0108423686405338,0.0207248812806997,0.0272454266195956,0.0335151353048575,-0.0058357316803189,0.0158691480612835,0.0054121751576685,0.0121468240292428,0.0,0.0,0.0299940498728836,0.0273843248347498,0.0177404884952174,0.0254070299749211,0.0243612596553772,0.0239954605781991,0.0667849072800028,0.0,0.0666666666666666,0.0195504465621128,0.0,0.0052096224791673,0.0645099527943748,0.0166228529638485,0.0153267346732652,0.0035355767409557,-0.0031695721077654,-0.0035962482383243,0.0290358980945477,0.0,0.0602397894531629,0.0717188564448307,0.0502149288582531,0.0,0.0584535788874123,0.0263120398955116,0.0,0.03316008699178,-0.0126209432682351,0.024680625897649,0.0,0.0199591232645006,-0.0029524759535455,0.0248136100636171,0.0322700765825896,0.0,0.0335655605670102,0.0340689994667104,0.0
2017-01-13,0.0106281725888324,0.0,0.0251813471502591,-0.0004306162057254,-0.0043206531196706,-0.0016870518768452,-0.0260289715967214,-0.0051757575001715,-0.0079851841162181,-0.0404934503370214,0.0033848417954378,0.0,0.0618211575658382,0.0,-0.024162703481768,-0.0104206770873437,0.0218412464953807,0.0031065846784523,-0.007010710808179,0.0020723532722715,-0.0025215772550346,-0.012920673076923,0.0378090868488365,0.0,0.0049790844581434,0.0647515893571932,0.0,0.0022694435634493,0.0188021936931321,0.0016863406408096,-0.0304561224000383,0.0096963881233194,-0.0111732472179401,0.0013984643614273,0.0203136243703525,0.0089420766972152,-0.0213786135717913,0.0,0.0,-0.0067615471470209,-0.009998206599713,-0.0212303681172016,-0.0204198491803915,0.0178847641144623,-0.0126229184863767,-0.0135017601987987,0.0,0.0192265315116793,-0.0012364566087559,0.0,0.0008676789587853,-0.0032374903867622,-0.0070770307578643,-0.0138270622466488,0.0069833280905946,0.0678855325914149,-0.0140833048822124,0.0007934526781256,0.0,-0.0068033465109865,-0.0202533865240452,-0.0031890941961854,0.0,-0.0089912329872866,-0.0080984774862323,0.0,-0.0081559549888328,-0.0083075699228002,0.0166844946085844,0.0,0.0155055900277774,-0.0054844827309108,0.0022190387910452,0.0305942568556318,0.0,-0.0202996240088834,-0.0213031835763165,0.0
2017-01-16,-0.003505467482865,0.0,-0.0112200545840492,-0.0215582886856906,-0.0097574129373108,-0.0061493686335258,0.000713174273859,0.0038988798555783,0.0019315472582535,-0.0073430002915992,-0.0059006701717174,0.0,0.0375884537238142,0.0,-0.0070374964220971,0.0035274283491115,0.0049927582515449,-0.0003937720166449,0.0070602078838986,-0.006727602318278,-0.005038937242327,0.0106406531064064,-0.019733804899805,0.0,0.0206434000101112,0.0113887660327287,-0.0022706901703017,-0.011307460251605,0.0178557228233942,0.0,0.0261773629707804,-0.0159354624820421,-0.0198907601274463,0.0276544835131602,0.0107259877459262,0.0284404074253714,-0.0003821561592735,0.0,0.0,0.0053270941560588,0.0,0.0080928521595737,0.0008322352451626,0.0116820210846233,-0.0054789829637874,0.0,0.0,-0.0197016377493108,-0.0148663393344242,0.0,-0.0086341217680619,-0.0021653371828217,0.001644801253182,0.0044634976673811,0.0592277895789079,0.0159297305344647,-0.0208763619723708,-0.0074828295785562,0.0,0.0251781912431732,-0.0060181663609111,0.0153543728420233,0.0,-0.001629032987918,0.0113371279275915,0.0,0.0077050359712229,0.0109568562391184,-0.0018140041117427,0.0,0.0140576732033259,-0.0047673107923027,0.0505325112107624,0.026780171445931,0.0,-0.0099425321640914,0.0,0.0
2017-01-17,0.0087944975322902,0.0,0.0184522592516866,0.0013208810834945,-0.0145987978053897,0.0061874173436615,0.0161580822805311,0.0213730448627893,0.0285947053414425,0.0147857359041463,0.0127112392323318,0.0,-0.0173537256490766,0.0,-0.0028326434289974,0.0302912822103331,0.0404239321135737,0.001980282349935,0.0176241480038947,0.0359736270515507,0.016455221335516,-0.0121441969358835,-0.0065853016068136,0.0,0.0355975299673083,0.0488684814693343,0.0124872731628435,0.0162945682401722,0.0228070386307364,0.0058922558922558,0.0005061745257626,0.0134309585841343,0.0477290670134211,0.0288058719662083,-0.0159182427422989,0.0034299434059337,-0.0019172172960388,0.0,0.0,0.0013280037867831,0.0201983605814954,0.0240962339410868,0.0269360602670838,0.1733946676680435,0.0,-0.0103698727906293,0.0,0.0200975932511786,-0.0094356702414297,0.0,0.0287395712698825,-0.0077510195427958,-0.0043984830120811,0.0044436633862219,-0.0131532381738822,-0.0014654161781946,-0.0235698316260152,0.0272848847123867,0.0,-0.0201053423626785,-0.0060658578856153,0.022672177072643,0.0,0.0288945293024518,0.0162384093739909,0.0,0.0193687487060134,0.0015959605067399,0.002277683547371,0.0,0.0162381233560577,-0.0076317594859116,-0.0125390176880185,-0.039280132241611,0.0,0.0237200988170078,0.0231045175411928,0.0
2017-01-18,0.0034871314440367,0.0,-0.0076787954830613,-0.0396113185812755,0.0300037357542384,-0.007275970520584,-0.0083012419984188,-0.0107777329469733,-0.0099985100259568,-0.0069211133430995,-0.0092008382736942,0.0,0.0664490637347534,0.0,0.000285225328009,-0.0158292150615859,-0.0259050863789661,0.0011900714042842,-0.0090900392306955,-0.0130883557055306,-0.0097132983274338,-0.0229515467346712,0.0015588088771756,0.0,-0.0539045311055131,-0.0304356889722743,-0.0414805832421401,0.0028133529288263,0.0062929297083864,0.003347280334728,-0.019377479401892,-0.0058064802092105,-0.030373546978713,-0.0010516574120813,-0.0292492687682808,-0.0103401128012305,0.0065287734824317,0.0,0.0,-0.0220602718140634,-0.0055045057042659,-0.0059591094510248,-0.0078370510324085,0.0837667013361069,0.0048970378659629,-0.0025150905432594,0.0,0.0051889087076373,-0.0349198499134529,0.0,0.004238748363085,-0.0064038511088906,-0.0076969899271535,-0.0018995725961657,-0.0066343912497759,-0.013208100968594,-0.0049804017955318,-0.0101522842639594,0.0,-0.0090917467825659,-0.0264835426125746,-0.036647283457733,0.0,-0.013237593885597,0.0085795996186843,0.0,0.0,0.0047712500675176,0.0068296102891403,0.0,0.0077912473919128,-0.0098053252283615,-0.0190743792721476,0.050372909497476,0.0,-0.0158132234647833,-0.009686812860284,0.0
2017-01-19,0.0023166757431947,0.0,-0.0379071414120979,-0.0087055773732371,-0.0039598155729559,0.0056506525439758,0.0010543775957618,0.0064085529771653,-0.0009426190551629,-0.0029326031269321,-0.0084379595068428,0.0,-0.0355359386578175,0.0,-0.0156251204155395,-0.0080546492659053,-0.0167901714346279,0.0004032942774665,0.0,0.0091765031237822,-0.0077926478062001,-0.0167810939627779,-0.0311276554778255,0.0,-0.0082573600040443,0.005590195656848,-0.0233889257447892,0.0042081902688217,0.0028377573542293,-0.005838198498749,0.0010400203090581,0.0138876504681231,-0.0113368837283719,-0.0002695077272918,-0.0404480019478344,-0.0452033503151713,0.0019084403044415,0.0,0.0,-0.0133870426317554,-0.0010936035352407,-0.0037823072073964,-0.0054505708039835,-0.0545548501402628,0.0231475753105221,-0.0063066183037748,0.0,0.0079851588965962,0.0184258898234277,0.0,0.0092767349553319,-0.0150976572382734,-0.0055404950828107,-0.0012771392081737,-0.0134777376654632,0.0059488399762046,-0.0050053303518031,0.0074142724745136,0.0,-0.041381234307678,0.0068039078855546,-0.031008581274353,0.0,0.0150223214285714,-0.0139976595553155,0.0,-0.0125014007171672,0.0436960183492813,-0.0144790078397943,0.0,-0.0139289270926149,0.0076178830217052,-0.0107968160409838,-0.0199311619606092,0.0,0.0160672992584325,0.0006601056168986,0.0
2017-01-20,0.0028977757845987,0.0,0.0328295439610986,0.0231130019580674,0.0032522758448685,0.0207123545315621,0.0222855895084326,0.0035062510745953,-0.0047413280475718,0.0055192331543789,0.019574739916043,0.0,0.0499732763228222,0.0,0.0040397239521965,-0.0011563367252542,0.0092526051024075,0.0015807006004542,0.0046349942062571,0.0174387464032585,0.0060781970291958,0.0204723500642014,0.041766030736619,0.0,0.0241457239469167,0.0036348086380157,0.0107739214230422,0.001396851871156,0.01983138086033,-0.0008389261744966,0.0,0.0154893036958863,0.0065541555889494,-0.004490198225824,0.0099276833291042,0.0036626723943025,0.0312365359758723,0.0,0.0,-0.002286398649936,0.0110597225015081,0.0009429631375856,0.0030088703059669,0.0577028187709847,-0.027982176246779,0.0152246088376102,0.0,0.1163745965698432,0.0045176604425776,0.0,0.0025047034023166,0.0138905835586351,-0.0055912609188768,0.0145930494960133,-0.0272017565259818,0.0283855706682436,0.006193406765709,-0.0036009988171902,0.0,0.0095712345599172,-0.0040547565413273,0.0174851385039136,0.0,0.0081806786444704,0.0092664445154515,0.0,0.0126596642529379,-0.0297281288361991,0.010099041261101,0.0,0.0200124911963643,0.0098275565176748,0.0524015035500486,0.0200243231466608,0.0,-0.0035511084951933,0.0051974012993503,0.0
2017-01-23,-0.0005761607058398,0.0,-0.0310988955056751,0.0379587476792389,-0.0125940326261515,0.0175741662060071,0.0453209026486405,0.0276093328356472,0.0228476742055494,0.0139029612073902,-0.00667934660998,0.0,0.0519216085517941,0.0,0.0132244293261076,0.0498829461552314,-0.0444325767690253,0.0035589073307136,0.0105728565936178,0.0012365176724085,0.0131011777483625,0.0376350166826897,-0.0038549581915875,0.0,0.0162596230422087,0.0018108223263741,0.0189581607614521,0.0108816344659117,0.0116640213754752,0.0075566750629723,0.0,0.0228958051420837,-0.0043409855645004,-0.0042565795041042,0.0384567067617223,0.0453685348711481,0.0103460028806086,0.0,0.0,0.0160414677397353,0.0251922566958366,0.0212090786260583,0.0336118902914133,0.0135833456370884,0.0177626353013236,0.032070392252516,0.0,0.0425526831366178,0.0250784040421641,0.0,0.0,0.0009437547504433,0.0084240435408995,-0.0006178331356267,0.0245141065830722,-0.0214203565267395,0.0246081525056163,0.006603707220991,0.0,-0.0023701236307731,-0.00949961723154,0.029509189139796,0.0,-0.0003053768131748,-0.0055178652193577,0.0,-0.0194979829672792,-0.0065737087041918,-0.0136282502773893,0.0,0.0130668716372022,0.0011977117615296,0.0829960049739397,0.0376939850295201,0.0,0.0227116107818623,0.0142587252659838,0.0
2017-01-24,0.001729478575116,0.0,-0.0262397562513132,-0.0191551400953162,0.0320704553007644,-0.0232010683809049,-0.0189073862611934,-0.0018519069878227,-0.0037228864052337,-0.0126261090207595,0.0025230055303382,0.0,0.0178441809823373,0.0,-0.0249646961948847,0.0088458711100218,0.0280463495966765,-0.0019736772668265,-0.0040897850485067,0.0123988163654593,0.024623940500519,-0.0016077608523857,0.0116096292099867,0.0,-0.0039998693920199,0.0329611908559277,0.0116264801521566,-0.0195930360281194,0.0258130780995162,-0.0058333333333333,0.0410422120418847,0.0093660704836491,0.0010957450489623,0.0328299353259622,-0.0102372563548109,-0.0139206137137439,0.0182819335321131,0.0,0.0,-0.0075181913379696,-0.011747715123297,-0.000619052243154,-0.0023840260829414,-0.0268754552075746,-0.0234613757111288,-0.0221981023073423,0.0,0.0435201100034374,-0.0313698411855315,0.0,-0.0016731671471368,0.0006327952464422,-0.0139095581086176,0.0031158040505452,0.0204393855945168,0.0120464228000587,0.0033839446401866,0.0192181699060931,0.0,0.0071593681777322,0.0301305697054861,-0.0198430089035585,0.0,0.0190482424559794,0.0270602146625433,0.0,0.0224357142857143,0.0103933810104823,0.002763309123811,0.0,0.0098634294385431,-0.0017964460376806,-0.0134118336834905,0.0246138343758062,0.0,-0.006690090003369,-0.0006470334496686,0.0
2017-01-26,0.0005840870633304,0.0,0.0217139157877699,-0.0235262523498148,0.018710694125281,0.010497288779719,0.0631202371909533,0.0173244881401233,0.0224129709108249,0.0306971995846019,-0.0075499679800464,0.0,-0.0256135971949843,0.0,-0.0107656304878867,-0.0065823030774088,0.0050285859253957,-0.0011844331641284,0.0095501862286315,-0.0012198656939947,0.006065262882553,-0.0209891369616246,0.0076509283652252,0.0,0.0080318651957973,0.042408646423057,0.0068987476119719,0.0177298508507808,-0.0155250287449593,0.0033528918692373,0.0009979804647288,0.0055045871559633,0.0,0.0007734715708054,-0.0055764353591836,-0.0140734265734265,0.0219024515356829,0.0,0.0,0.0037875713551389,0.0043405239165048,0.0189110077368732,0.0135165769339755,-0.0092058977621435,0.0209436687530091,0.0222902567407885,0.0,-0.0224008433258664,0.0246101204185036,0.0,0.0275516097251633,0.0069184020641375,-0.0191765936896329,-0.0149636386047083,0.0,-0.0004354768471476,0.0287991511829124,0.0165502464109705,0.0,0.0094354658761275,0.0226104947253547,0.0250611246943763,0.0,-0.0042822884549502,0.0035867688083957,0.0,0.0084811479590054,0.0087174966945788,0.0041335414329608,0.0,0.029696035859364,0.0091365196725639,-0.0213693202921877,-0.0155253058287356,0.0,-0.0099622056400814,0.0287625811767937,0.0
2017-01-27,0.0005751616032414,0.0,0.0161307355192987,-0.0140900020466638,0.0052011992452034,0.0038296603756278,-0.0190610090580127,-0.0054712422593359,0.0030431857107902,0.0202110763871101,-0.0075960830927718,0.0,-0.0068919248597217,0.0,0.0058802174962402,-0.0132273838630806,0.0207078720565432,0.0019799254616295,0.021284646674865,-0.0053933127758631,0.0127886380994166,-0.0024812512197162,-0.0185985346609055,0.0,0.0167325235377335,-0.0067147230176753,-0.0102696923609751,-0.0016581579997523,-0.0059793572470367,-0.0033416875522139,0.0119638259122025,-0.0094056308654848,-0.0092517915984975,-0.0095540353877523,0.0064066124844444,0.026775423353134,-0.0007006645855882,0.0,0.0,-0.0098105274506105,-0.001085870651088,0.0042555727738706,-0.005228283054212,-0.0279498413657652,0.0030181560952604,0.0040339293741278,0.0,-0.0253178775216784,-0.0202192109262944,0.0,0.0129931672911616,-0.0084347110656123,-0.0178282009724473,-0.0113869563041193,-0.0133733133433283,-0.0310775486494335,0.001817087993714,-0.001053909582989,0.0,-0.0468310859885685,-0.0117055926720543,-0.009088098235385,0.0,-0.0123215207293997,-0.0011913166254853,0.0,-0.0014824564441827,-0.0271760501227728,0.0073223154545787,0.0,-0.0091267731044633,-0.0040055715688958,0.0297808815343352,0.0029725103702846,0.0,0.0193124645171394,0.0024792600362353,0.0
2017-01-30,-0.0202048800576546,0.0,-0.0043389020239549,-0.0391893557531997,-0.0048264755769853,-0.009800338100242,-0.0277138157894737,-0.0149886494295231,-0.0176015002058209,-0.0163289560683288,-0.0127646468333637,0.0,-0.0459374808082048,0.0,-0.0409327966051279,-0.0446988280185335,-0.0272917568295635,-0.0015850372483754,-0.0177843645794737,-0.0108572748604846,-0.0245322979174019,-0.052054220234768,0.0046420367534456,0.0,-0.0195918497904872,-0.0256486728303012,-0.047286503263499,-0.0135767499879393,-0.0311841195419357,-0.0108968985750208,-0.0029555962391782,-0.0079370092001936,-0.0186880022327918,-0.0354551642841727,-0.0421640765731383,-0.0521543908125378,-0.0172306436506151,0.0,0.0,-0.0179917798524729,-0.0118488564222976,-0.0360606312390944,-0.0212853663106613,-0.0717283183089835,-0.0126381118059146,-0.0269379259018071,0.0,-0.0618848963975384,-0.0142019074254127,0.0,-0.0176350917655763,-0.0274005573853559,-0.055040314157998,-0.049945573753892,-0.0203014831023584,-0.0310251798561151,-0.0235915536110397,-0.0113182704399861,0.0,-0.0515836204611716,-0.0326307027805271,-0.0249958210285841,0.0,-0.0261914611047003,-0.0268586826876352,0.0,-0.0108990502355332,0.0031797644818511,-0.0163584637268847,0.0,-0.031676297692298,-0.0201205291642584,-0.0308361384800608,-0.0430283191322673,0.0,-0.0045421808229703,-0.00867497384191,0.0
2017-01-31,0.0135462911883432,0.0,-0.0289650853295756,-0.0004793799119562,0.0083161377117935,0.0164955588879915,0.0193327775159797,-0.0021729630716,0.0105064676076447,-0.0137837147962223,0.0353457738748628,0.0,0.0116511103958802,0.0,-0.0079272528781262,0.0690182855660743,-0.0280574951648491,0.0004021802402498,0.0243304413428895,0.0039947883376765,0.0539664786091418,0.006972801651065,0.0011511773765857,0.0,0.0351707149964928,0.0368329762269157,0.0326897586994363,0.005337767499703,0.0163753684748044,-0.0059322033898305,0.0064266652143127,0.0106107550613301,0.0223976109215016,0.0264908641805303,0.0132921076118832,0.0312016033524642,0.0,0.0,0.0,0.0198736071844336,0.0119909352929528,0.0106884704897241,0.0,0.0618668899120971,-0.0103522823592154,-0.0132233874099966,0.0,0.0976856174143778,0.0150603411017653,0.0,0.0416288289884603,0.0111687093791108,0.0031167797696678,0.0121502797761789,-0.0034743764735077,0.011446249033256,-0.0230444823777488,0.0,0.0,0.0129248611450729,0.0024534027882747,0.0158985964431033,0.0,0.0038454659273832,0.0079440737210041,0.0,0.02453531598513,-0.0705747517527286,-0.0087748324080542,0.0,-0.0076045627376426,0.0062368261484713,0.0437328871311226,-0.0021704088237907,0.0,0.0235862707646004,-0.0056228290698342,0.0
2017-02-01,0.0069806821716142,0.0,-0.0440449317424486,0.0072009024770833,0.0309247511965355,0.0027008624602815,0.0048126503953247,-0.0034195212670227,-0.0082624954886467,-0.0089552238805969,0.0024887281817775,0.0,0.0447314838381265,0.0,-0.010141429804049,-0.0164256599378882,-0.0103605160639381,0.0,-0.0012888970723624,0.0086923519545549,0.0349886076344454,0.0095157229021491,-0.0003806412218584,0.0,-0.0046330586066154,-0.0051171029324936,-0.0246188105032009,-0.0041905556134681,0.0127773273804765,0.0144927536231884,0.021105038151415,-0.0123892318676241,-0.0010895518928065,-0.0068500616254013,0.0180251030230582,0.0249127611643624,0.0,0.0,0.0,0.0120260905014268,0.004304722149752,-0.0020224910754536,0.0106061186200561,0.0242825607064016,-0.0418807860346055,-0.0046081554056509,0.0,-0.0077219213035499,0.0,0.0,0.0093985561946479,0.0008050544538833,-0.0043411194358748,0.0,0.0103972108081185,0.0214100015292857,0.006847731126985,-0.0343520573672528,0.0,0.0025864744628754,0.0276753195536687,0.0194862909667767,0.0,0.0034966592427616,0.0237794991893351,0.0,-0.0068392803351863,-0.0272348050596815,0.0135136805924753,0.0,0.0022988505747127,-0.0243376526483646,0.0,0.0220692988704589,0.0,-0.0130905595295314,-0.0075459317585302,0.0
2017-02-02,-0.0092401935550292,0.0,0.0070278019846512,0.0162035639792625,0.0100036385241411,0.0005432445279431,-0.0092724763174347,-0.0242415121598843,-0.0373593700397208,0.0047008844627063,0.0008349382702306,0.0,-0.0289908033375966,0.0,-0.0055879801578277,0.0155899257505118,0.0284238945738775,0.002761232715847,0.0269174041297937,0.015754147904504,0.0069360675512666,0.0403143942689752,0.0026893022886835,0.0,-0.0007757706252078,0.0085064292779428,0.0204204585090528,0.0131828713396422,-0.0213932984576531,0.0,0.0187533596299296,0.0010418438509951,0.0246692968206081,-0.0161668861648599,0.0249675545392744,0.00344783002198,0.0085880097966137,0.0,0.0,0.0214971466935212,-0.0010607438195436,0.0031253433604765,-0.0029268015458059,-0.0142395320197044,0.0147847572366968,0.0004197565412062,0.0,0.0,0.0380365954845189,0.0,0.032609726040383,0.0079990218412551,-0.0136334462076445,-0.008661085663139,0.0171914474089593,-0.0112292259320258,0.0139851216680064,0.0056932706248451,0.0,0.0025454045129333,0.030372460496614,0.0053247254869501,0.0,0.0114521605965776,-0.0065546366355797,0.0,0.0049217958350853,-0.0339493334917899,0.0082831141581476,0.0,0.0133856839268127,0.0071300723511174,-0.0057081784838106,-0.0069943124541075,0.0,0.0042495082029831,0.0095089936801167,0.0
2017-02-03,0.0110756068202877,0.0,0.0069787566647125,0.0286168731314224,0.0164984746435135,0.0086193244802388,-0.0025839177909288,0.0240232459143825,0.0243553239065037,-0.0057619658267771,-0.0124468866098641,0.0,-0.0545066800476697,0.0,-0.0380906808047529,0.0153263219256274,-0.0276383062702514,0.0019729068197162,0.0166965888689407,0.0336842356821087,0.00801138065289,-0.0453455630209931,0.0180388309571657,0.0,0.0372658998003612,0.0421734013338563,0.0365277648301791,0.0091403145039639,0.0067282268702801,0.0016806722689075,0.0146254458977408,0.0053949576262186,0.0449346590265666,-0.0016218025176553,-0.0023665963219777,-0.0051969247949148,0.0074485438123239,0.0,0.0,0.0081103107418896,0.0193303716545674,0.0102474229313471,0.0207947409919537,0.0144452252674318,-0.0019003503771009,0.0370082091821222,0.0,0.0,0.0024821203197307,0.0,0.0210532758040331,0.0380944476720059,0.0276662104247538,0.0302201449929628,0.0135086018899928,0.0045427013930952,-0.0149122255080853,0.0092739099859353,0.0,0.0127290194194744,-0.0194761805654445,0.0062295891764316,0.0,0.0166545981173065,0.0030111145551963,0.0,0.0039167804202135,-0.0141369200172226,0.0018148161591231,0.0,0.0007544274662745,0.0244552633884431,-0.0057409488444813,-0.062771810650591,0.0,0.0052775215617659,0.0194359902916361,0.0
2017-02-06,-0.016135939293239,0.0,0.0246444709339395,-0.0168746591383016,-0.0347403223708117,-0.0026691189664452,-0.0249271763526097,-0.0203329176381283,-0.0206510985128067,0.0144753239736115,-0.0067242602750525,0.0,-0.0300849144221838,0.0,0.0149283299288582,-0.0485383474474905,-0.0209379602008835,-0.0039380442450853,-0.0291365000882924,-0.0011675220788828,0.0015301195870163,-0.0388552237716287,-0.0165845469947308,0.0,0.0067363211437998,-0.0064935064935064,-0.0227391962586002,-0.004115816201163,-0.0105799216090179,-0.0016778523489932,-0.0041822922770419,-0.0150628498996514,0.0179248759130417,0.0245642383195241,-0.0236163365214632,-0.0225800880752956,-0.005989184883989,0.0,0.0,-0.0168072705462036,-0.0147543423262539,-0.0089146959968196,-0.0073053156640857,-0.0047721674876847,-0.0260109874853731,-0.0243291738987662,0.0,0.0943992060090677,-0.0055709429686515,0.0,-0.0169328977732489,0.019722762047674,-0.0226419213973798,-0.0247712334063668,-0.0066343912497759,0.0128127826349111,-0.0264818599897802,-0.0202499673387623,0.0,0.0050140596944132,-0.0394691273893176,-0.0120765832106037,0.0,0.0027842527842525,-0.0030020749635776,0.0,-0.0121964551703405,-0.0113864423346886,-0.0127410842602322,0.0,0.0018782582030052,-0.0136623704518151,-0.0173468635593011,-0.022539298346494,0.0,-0.0131387275582208,-0.0043081457967235,0.0
2017-02-07,-0.0029336490415585,0.0,-0.0255667983334235,0.0171643008647413,0.0033648282496849,0.0053525244574383,0.0092928155149614,0.0051103239613312,-0.0015955229145954,-0.0032128376056628,-0.010149003243145,0.0,0.0284190007181697,0.0,0.0473317342101038,0.0,-0.015282411246312,0.0,0.0212804656238632,-0.0096288495145071,-0.0107834702898335,0.0215574866310162,0.0153311205942785,0.0,0.0148694372373192,-0.0244387610116511,-0.0174397202282348,-0.0011034577293443,0.0135036665201599,0.0050420168067226,0.0177482586405994,-0.0036892454206169,-0.0266587173153903,0.0063251849739107,-0.0056484060662332,-0.0106895180882548,-0.0109804376360692,0.0,0.0,0.0053578059519387,0.0138963813305137,0.038179630237392,0.0194617093680571,-0.0285382830626449,-0.0018326393060404,-0.0024941852428373,0.0,0.0072756502741251,0.010592393311178,0.0,-0.0059955693758512,-0.0052469377785551,-0.0125326720729173,-0.0173917640217793,-0.0067388688327315,0.0727786873046583,0.0007742070938365,0.0007911814383498,0.0,0.0250126411596158,0.0272040009304488,-0.0094028136663796,0.0,0.0083295667333893,0.0047823584111941,0.0,-0.0271634997821109,0.0081727532817232,-0.0064588736115868,0.0,-0.0041320733060412,0.0016721027207795,-0.0039256869952241,0.0106984061837334,0.0,0.0007955601989859,0.0006262453743239,0.0
2017-02-08,-0.0035272444712188,0.0,0.0092733986728488,0.0127682782073079,-0.0023484072981272,0.0042726438941458,0.0105295080972886,0.0028572652239617,0.0185585223850632,-0.0157453849733699,0.0,0.0,0.0155959031657355,0.0,0.0323662794309498,0.0147336132552233,-0.0263784037834502,0.0011839698933371,0.0004452359750666,-0.018486707566462,0.0035686974254396,-0.0017548294989813,0.0030199252801992,0.0,0.0219773648093053,-0.0033012913875134,0.0461605707238639,0.0038629377538696,-0.0299798574615834,0.0033444816053511,-0.0018356580183565,0.0172874058127019,0.0025813790689535,0.0379543181060353,-0.0081083184188001,-0.0125909720051792,0.0157607479026533,0.0,0.0,0.0174256015196285,0.0084491455083322,0.0287085821332395,0.0258122063137373,0.0146485152456015,0.0079050173910382,-0.0145867977731184,0.0,-0.0214237482351496,0.0178726158535946,0.0,0.0188414983233826,0.0144718414463353,0.0209266549024929,0.0272218635678933,-0.0169008965350133,0.0180355160932297,0.0073820575354679,0.0216114905977138,0.0,-0.0171013253527148,0.0400027174220722,0.0101274712534766,0.0,-0.0009178620218578,-0.0023797981578598,0.0,-0.0040599536411598,0.0047992154326077,-0.0125215464171385,0.0,0.0101937582440099,0.0167178451456011,0.0039411587508786,0.0115732907400138,0.0,0.0095870206489674,0.0036982248520709,0.0
2017-02-09,-0.0041267643889146,0.0,0.0007427581084427,-0.0274699863790427,-0.0080600230286372,-0.0031852808838596,-0.0032531841590337,-0.0025318772497101,0.0059683370651864,0.0014535010988818,0.0042730636606294,0.0,0.0212501227857635,0.0,0.0032535002206441,-0.0100597140662553,0.0278875647407854,0.0007918993971005,0.0013351134846462,0.0026549831533579,0.0326017122622481,-0.00087895716946,0.0161793463078498,0.0,0.0064514241409072,0.005065757428154,-0.0079234809597708,0.019226694553234,0.0177414895556979,-0.0041666666666667,0.0,-0.0050261359067148,0.0206196814313768,0.021692514034679,0.0220761289107853,-0.003617454216595,0.0042293060474878,0.0,0.0,-0.0161158578485395,0.0073231470538577,0.0116318772620702,0.004526955555157,0.0724990192232248,-0.0013054830287206,0.00634664416604,0.0,0.0,0.0066665982912994,0.0342480364588382,0.0229281851112292,-0.0035678427997705,-0.0086865956079509,-0.0032994658007751,0.0102902212089468,0.0245298446443171,-0.0127295682619844,-0.0205282926998922,0.0,0.0173988690735102,-0.0165592474850847,0.0213044197980465,0.0,-0.0042944129900651,0.0137385695984448,0.0,-0.0086598939109451,-0.0091787891058987,0.0018827225914241,0.0,-0.0142109199700822,0.001495919666276,-0.0039256869952241,0.0160172349194454,0.0,0.0018403802187587,0.0024563989191843,0.0
2017-02-10,0.0148070595273706,0.0,0.0045906866787619,0.0476845005830277,0.0098198906612747,0.0010502558602041,0.0182821081029,0.0034924615431666,0.0149929855086095,0.0010929152859502,0.0,0.0,0.0562039115100991,0.0,0.0008837136767687,0.0203238805596577,0.0139519411396367,0.0,0.0,0.0103543269687471,0.0519888295640347,0.0837682283124086,0.0040777989049505,0.0,0.0071223000668623,0.0016477658233982,0.044476197638565,0.0013479077253217,0.0191257304364411,-0.0033472803347279,0.0022951721741144,-0.0029671065925067,-0.0050454302512026,0.005675475969626,0.0311938717551159,0.0329022010437938,0.0038666325288299,0.0,0.0,-0.0013309437840971,0.0093440321803439,0.0097655371045406,0.0032572127183001,0.0495281293437706,0.0006485281451082,0.0386538590063734,0.0,0.0093258614921378,0.0397143177349188,0.0198758695692935,0.0122910617593972,0.0029808493921346,0.0244327707611491,0.0352057169880719,0.0136618687484753,0.0956371375365787,-0.0011601692792447,0.0160318150748772,0.0,0.0243693886276186,0.00751679932692,0.0579714842969134,0.0,0.0098274826195177,0.0118093080006971,0.0,0.0107952008526697,-0.0111082001571914,-0.0009458147696442,0.0,-0.0246650034721329,0.000149773316062,0.0570840445827895,0.0553411739914919,0.0,0.0060507352732297,0.0018472093943793,0.0
2017-02-13,0.0064155360006936,0.0,0.0410452866329182,0.0101660770134741,-0.0077127733538512,0.0053350596008749,0.00642223536369,-0.0015786329891629,0.0027720723364168,0.0348215689357018,0.0153198576382551,0.0,0.076617187262848,0.0,0.0,0.0298540414571322,0.0015342455178801,0.0015719952734638,0.0194666666666667,-0.0078624482888304,0.0128603653169012,0.0235952891970723,0.0236068964992737,0.0,-0.0198014086133241,-0.0182891426359591,0.0130900607701389,0.0045807354625271,0.0126926872426582,-0.0092359361880771,-0.0137611696633028,0.0034985920300367,-0.0198005973484605,0.0247936468234117,0.0318133773986573,0.0105887521968366,0.0073443298754432,0.0,0.0,0.0109388401398693,-0.0020549224733794,-0.0110972457438273,-0.0047498754714295,0.0171476369719782,-0.0006481078289402,0.0044515679931675,0.0,0.0992334783509425,0.0387656909915825,-0.0207754959460203,-0.0200005814122502,-0.0001435166359698,0.0128524046434495,0.002563321658799,0.0268351383874849,0.0741774918052688,0.0515951057904253,-0.0118734546598286,0.0,0.0571465262617183,0.0,0.031023230399191,0.0,0.0344014279036164,-0.0099056806925361,0.0,0.0020305364178487,0.022465956657659,0.0262961209795959,0.0,-0.0046674753441273,-0.0001497508873751,0.013037283305628,0.0917684791154485,0.0,0.0277186905859987,0.0073563996914449,0.0
2017-02-14,0.0075375802213895,0.0,-0.0043895387041661,-0.0301851487098681,-0.0010136302911968,-0.0047738526100762,0.0031847508020637,-0.0079239592935588,-0.0061371424171253,-0.0129721061737771,-0.0075499679800464,0.0,-0.0217385174951363,0.0,-0.0017658668328659,0.007527035396122,0.0198471958609924,0.0007900308638724,-0.0112477112215538,0.0120115139956644,-0.0163228723909885,-0.0127152246669981,-0.0147781055196856,0.0,-0.0137081100182577,-0.0339083292262197,0.0075478671234239,-0.0142061931268958,-0.0021841397849463,0.0059322033898303,0.0,0.0019238945578232,-0.0046582999945197,0.0,-0.0120328956860482,-0.0104778053128126,-0.0118068329785255,0.0,0.0,-0.0169551256950426,-0.004139107283997,-0.0022984361620623,0.0032621324515149,-0.012609649122807,0.0183209200993059,0.022957044353336,0.0,-0.016453071993969,0.0083580963162115,-0.0053134563752089,0.0,-0.0081816224492237,0.0150806816468105,0.0128091537351593,-0.003281378178835,0.0155967450271246,0.0,0.0052167147075987,0.0,0.067571671525753,0.0411273486430061,-0.0368357966477789,0.0,-0.0202953924529076,-0.0058723737439645,0.0,0.0,-0.0021972327304762,-0.0187646409108009,0.0,-0.0023579282024109,-0.0059706930051813,0.0018284535502472,-0.0393784041744538,0.0,-0.0078852652691155,-0.0030443390235701,0.0
2017-02-15,0.0368245554035566,0.0,-0.0139394899413908,0.0067656765676566,0.0101512636476281,0.0398688144214893,0.0120659762897707,0.0191681691475549,0.0216087643722688,0.0245066183260935,0.0287202128261729,0.0,-0.0060813926677425,0.0,-0.0315736812615065,0.06929405645657,0.0179683145494222,0.0015682889861907,0.0113756613756614,0.0102068287429915,0.0075789996824828,0.0185152410384872,0.0277974691181128,0.0,0.0,0.0175492296704418,0.0074913236082503,0.0154929196478084,0.0016388842117078,0.0067396798652064,0.0465106058830424,0.0086886411135038,-0.0036449730205924,-0.0091069957592213,0.0167503942987323,0.0318541300527241,0.0203820190643513,0.0,0.0,0.0008895970258246,0.0383048935859147,0.0348947511066943,0.0420025834038571,0.0341476957245974,0.0321315912551121,0.0192879182939187,0.0,0.0301032824266578,0.011048638332507,0.0,0.0080191431085796,0.0071998842229672,0.0029925504594943,0.0012497188132669,0.0098177542621986,0.0,0.0423862837634301,0.0380691014003238,0.0,0.0105538645350327,0.0056779204880055,0.0423328310852157,0.0,0.0324156584823767,0.0277850704471864,0.0,0.0025383598071699,0.0245967197448921,0.0042056826193979,0.0,0.0317479286169535,0.0331846965161974,0.0128460116526663,-0.0168551692953908,0.0,-0.0176959291055109,0.0384420839656043,0.0
2017-02-16,-0.0027789918114573,0.0,0.0223293172690763,-0.0076153972236582,-0.0006711844322243,0.001029844021541,0.0323286339329118,-0.0018837849587017,-0.0033217804136299,0.0225265828701153,-0.0188837045514569,0.0,-0.0092214006089604,0.0,0.0097491021651354,0.0309093723053792,-0.0036842837919354,0.0019651733451031,0.031301769988665,-0.003522391518452,0.0101663332693939,-0.0094903292208573,-0.0071172810518901,0.0,-0.0190191833992684,0.0120324877168356,0.0074216179127049,-0.0056204841341191,-0.0130840178861606,0.007531380753138,-0.0177774044989432,0.0272402187631468,0.0020888825031222,-0.0021706667487723,0.0074831593008057,0.0222695337449434,-0.0225063414384177,0.0,0.0,0.0059430633307686,-0.0029770884879206,-0.0111411798083848,-0.0194323330768573,0.0165771812080537,-0.0161875012051444,0.0,0.0,0.0129841139923359,0.0081982382115626,0.0,0.0050616024484031,-0.017715380470574,0.0065174150408395,0.0012731221448365,0.0065203469756069,-0.013687959047407,0.0327999133041938,-0.0203023318872018,0.0,-0.0292478324513004,-0.0238112728379386,-0.022689709952588,0.0,-0.0180344848595624,0.0224786070075353,0.0,-0.0010141915900112,-0.0139698502651027,0.0134634098271806,0.0,-0.0182361041401233,-0.0017460605248429,-0.0108580141385205,-0.0014826380063662,0.0,0.0013062313815042,-0.0158575526330032,0.0
2017-02-17,-0.0038948151823369,0.0,0.021082128640268,-0.0171581394757904,0.0020102737029334,0.0061298411813874,0.0006166818034019,0.001258226867983,-0.0021229806953331,0.0032323100405671,-0.0041836780474673,0.0285582255083178,0.0084291860567213,0.0,-0.0009045143862808,0.0077422952366654,0.0361687065705398,0.0011746937405605,-0.0020290835306054,0.0047208753386589,0.0028211805555555,-0.0015923781763221,-0.022576449548471,0.0,0.0067112051254736,0.0102050926384622,-0.0242275134481465,0.0053843732629703,0.0038665281302696,-0.0033222591362125,-0.0045247901494961,-0.0213166786116514,0.0078197379450302,-0.0004859911133054,-0.0104071624087591,-0.015078307230923,-0.0197847478152374,0.0,0.0,0.0011868653567188,0.0159991929789165,0.0031008265192395,-0.000488242935735,0.065029378754869,-0.0158266613094479,-0.0034740451960992,0.0,0.048406052592919,0.0054241083720334,0.0,0.0057583447198905,-0.0016700087157389,-0.0147374174830761,-0.0157566691598105,-0.0064781074671756,0.0278686674940764,-0.0134657759434786,-0.020887389724961,0.0,0.0,-0.022887058975296,-0.0094552026331199,0.0,0.0011995615395752,-0.0090352666860973,0.0,-0.0015192821037087,0.0287056743057483,0.0109874082356944,0.0,0.0019400676401961,-0.0107710713030706,-0.0018451046337818,0.0088847946376082,0.0,-0.0078271642015167,0.0095505206041941,0.0
2017-02-20,-0.0033538382354162,0.0,-0.0078483674882658,0.001383170563028,0.0103732809430254,-0.0101612593996974,0.0161022836780886,0.00376389560174,0.0039499771236846,0.0020828417772498,-0.0193280245091965,0.0,0.1662168045276448,0.0,0.032620673551569,0.021111773218694,0.0,-0.0007857023131075,0.0072856658759743,0.0093858136493569,-0.0017988530621078,0.0151922687031154,0.0260314676062087,0.0,-0.0081479018019107,0.0118673989799922,0.0226780626780627,0.0013388842631141,0.0203667254875343,0.1266666666666667,0.0272721416147112,0.0118424906892078,0.0263633080534488,0.0191480986964476,0.0097674820641369,0.0187346697115793,0.0011017280015401,0.0,0.0,-0.00413593256059,0.0137813257079311,0.0050603947107876,0.004649296499507,0.122117530374411,-0.0045007368462978,0.0077513731644434,0.0,0.0761227492468297,-0.0027019872385872,-0.0133262863830269,0.01072295002426,0.0113860449214575,0.0215299263842954,0.0198591620649475,-0.0097223030796995,-0.0049396267837541,-0.0122432579356638,0.0015812022437171,0.0,0.0322749021313615,0.0105508675035481,-0.0072368119295277,0.0,0.005618789894441,-0.0170588235294117,0.0,-0.0050767196143398,-0.0003498076058167,0.0027169992786728,0.0,-0.0181463746500248,-0.0022072059486796,0.0,0.0692689842431233,0.0,0.0028944928961955,-0.0005992046919544,0.0
2017-02-21,0.0128940902086542,0.0,-0.0086084326448311,-0.0339441428765062,0.0195361647809158,0.025653165755606,0.0167403698761565,0.0303112379095116,0.0281486882680885,0.0204928348150854,-0.0102794399715161,0.0,-0.0206809018963716,0.0,0.0011663334285441,0.0573363901625678,0.0113896854576998,-0.0003879179291473,0.0289318755256517,0.0095393152789562,0.0317737761337615,-0.0039409391684086,0.007155173684288,0.0,0.0141892612744425,-0.0083357565183679,0.0432917316692669,0.0045501110918937,-0.004317966398572,0.0281065088757397,0.025224195717461,0.0194892473118279,0.0075597637173991,0.0135554714123438,0.0163499400787536,0.0200506455228526,0.0033015465982852,0.0,0.0,0.0074068195645848,0.0214095432108438,0.0227227950351349,0.0145345303627553,-0.0272345597171583,0.0077518604465072,0.0138429280935246,0.0,0.0880562518311143,0.0027093077535629,0.0,0.0141615860976429,0.0100566213132766,0.0046789489075489,0.0106800457006606,-0.0032921810699588,0.0187534473248758,0.0148835873752721,-0.0031574119805263,0.0,-0.0041575369402775,0.0061185385184863,0.0259395582112844,0.0,0.0017666029867915,0.0260323159784561,0.0,-0.0306085987079068,-0.0116676664667065,-0.0036088530801142,0.0,-0.009047663464229,0.0044241769670787,-0.0073238645670028,-0.0244272407555142,0.0,-0.0005281822983475,0.0355014534883721,0.0
2017-02-22,0.0116197791172916,0.0,0.0101434159061277,0.0080709818803783,0.0146159334766355,0.0014897813588485,0.0026465069362344,0.0206275302461167,0.006471439969268,-0.0023868437174294,-0.0476256788748086,0.0,-0.0533912734110949,0.0,-0.0037960739560797,-0.0222349253907867,-0.0295712304902762,-0.0015732505453935,0.0156122282164459,-0.0499943214082906,-0.0304144560592529,-0.0158127598144707,0.0060288124556435,0.0,-0.0007363548930031,-0.016811650865018,-0.0030307076101468,0.003456724720217,-0.0097478149529588,-0.0071942446043165,-0.0202877668504006,-0.0031641397495055,-0.0144981215937352,0.0042214584578601,-0.0409612847075999,-0.0344294318736773,-0.0094993157723785,0.0,0.0,-0.0282278181865924,0.0048518554032024,-0.0002782593805517,0.0029439956182391,-0.0349253222783803,-0.0064118470288137,0.0121398635156781,0.0,0.0113391574916228,0.0204839843357766,0.022975971839608,-0.0020922086528448,-0.0105481449607955,-0.0326208989978793,-0.0242553818932469,-0.0296095316739413,0.0135354629128316,0.0153608563412162,-0.0406632102348132,0.0,0.0,-0.0078559525613003,0.0022766847467126,0.0,-0.0141079008345806,-0.017456151314419,0.0,-0.0026318699546611,-0.0064337956359443,0.0063413753685099,0.0,-0.0079335197934595,0.0,-0.0240429945313973,-0.0239216815433341,0.0,-0.0028782273894005,-0.0228620556549812,0.0
2017-02-23,-0.0082021850816155,0.0,-0.0164950050336869,0.0075357900318133,0.003520628405633,-0.025959060529238,-0.0217003277766358,-0.0172399977104917,-0.0152084556664709,0.0,-0.0127211580640445,0.0,-0.0547651006711409,0.0,-0.0305002227454973,-0.0209059935890973,0.001447138238338,-0.0011765447402145,0.0153722334004025,-0.0128514728385615,0.0152914725322352,-0.0361401602607633,0.0158762481727405,0.0,-0.025054515377096,-0.0462272591708917,-0.0203152411179409,0.0,-0.0257141090291714,-0.0311594202898551,0.0185642534062213,0.0078438952926453,-0.029938255033557,0.0207953573155761,-0.0228922716627634,-0.0305571946387928,-0.002585757368871,0.0,0.0,-0.0039450929528751,-0.0125577312111148,-0.0108979574358755,-0.0151375520513346,-0.0398964340355419,-0.0187103541281654,-0.0033711823527817,0.0,0.0589148892110167,-0.0491265106044206,-0.0013277728947318,-0.00489521767591,-0.021629228752801,-0.0072427948161361,-0.0089157536834152,-0.0271091660588378,0.0066239316239316,0.0051550581105086,0.0028036521257954,0.0,-0.0104654442877292,0.0079181572288633,-0.0215419331326414,0.0,-0.0128122465109508,-0.0183599050203527,0.0,-0.0026388149725031,-0.0327438223525459,-0.006301415726038,0.0,0.0,-0.0193830248191926,-0.0473384214085594,-0.0438122433567753,0.0,-0.0086785345863735,-0.0204521376883158,0.0
2017-02-24,-0.015999082019884,0.0,0.0051181102362203,0.0046771084812882,0.0044646792306473,-0.0251021725102171,-0.0074970973627467,-0.0133024263532479,-0.0074235287102737,-0.0238697174393288,-0.0055292259083726,0.0,0.0064470320931553,0.0,-0.0220809058833182,-0.0074331837087675,-0.0094202434629911,0.0023558612565994,-0.0276632847178187,-0.019897545202427,0.021784661357239,-0.0016626977976299,-0.00937831104493,0.0,-0.0181400299248791,0.008963935793204,-0.0476652632730056,-0.0190982762716785,0.0067395631978302,0.0134629768137621,-0.0100732850215223,-0.0150609706856174,0.0052359498322946,-0.008469387755102,0.0109353466355084,0.0263032042085125,0.0018486778988671,0.0,0.0,0.0156529759644077,-0.0161770390413606,-0.0107366279195618,-0.0079277062503249,-0.0414930129933807,0.0190671064418928,-0.0391118265418771,0.0,0.0147648381734624,0.0049952493391405,0.0119096663046327,0.003508337067297,-0.0131989974194662,-0.031542258399723,-0.0244212345302533,-0.0382981381981757,0.0037147102526002,-0.0112852736996522,-0.0230194787279047,0.0,-0.0592092134895521,-0.0245633778431839,-0.0046379444058941,0.0,-0.0078376840907653,0.0046650252688866,0.0,0.0052915934811126,-0.0111577772865548,-0.0018169785211478,0.0,0.0135948385697635,-0.0206636911168058,-0.0198762802961159,-0.0135682112667366,0.0,-0.0066350982376416,0.0137300190643789,0.0
2017-03-01,0.0039232018658115,0.0,0.0130304217260739,0.0093041223613219,-0.0155591145433404,0.004192132030095,0.0151074568000266,-0.0223712326017921,-0.0089808668488872,-0.0069936926043334,0.018516679904686,-0.0137448901001243,0.0281344357592348,0.0,0.0108282499433625,0.0009335131210455,-0.0014587892049598,-0.001175162109416,0.0198907638379393,-0.0225503521561843,0.0174426195263337,0.0116864970148622,-0.0091129836529985,0.0,-0.0069281887735064,0.0088842975206611,0.0478835637083925,0.0059473351363716,0.006132754065099,-0.011070110701107,0.0194640338504936,0.0026851965727874,0.0025988327276731,0.00530734059601,0.0270278279939544,0.0255867152418876,-0.0051645945524286,0.0,0.0,-0.0007478832233767,-0.0034772017366362,0.0089932386599855,-0.0016244115874693,0.1338960291578745,-0.0122571300134858,0.0227006468920318,0.0,0.0331195110536024,0.0298506065598322,-0.002627780450794,-0.0034960716694691,-0.0014013663321739,0.0294400357661785,0.0224016671008073,0.0361852790229324,0.0019033520143809,-0.0017290527594746,-0.0218862667206373,0.0,0.0449366705048179,-0.0046703052893147,0.0040751885095062,0.0,0.0194729353804334,0.002923599466873,0.0,-0.0052637399093221,-0.0184371041398323,0.0368035296670443,0.0,0.0236824861930169,-0.0152939566477704,0.0162183135023279,0.0137548398396207,0.0,-0.0120421716273749,0.0404151823655991,0.0
2017-03-02,-0.0390787050097074,0.0,-0.0336392225601897,-0.0571719570026403,-0.0251605685530778,-0.0209390723529541,-0.0093620010316859,-0.0101253441530213,-0.0030460083651572,0.0182985025506006,-0.0181800458156649,0.0,-0.0572267662073887,0.0,-0.0094878786746852,-0.0018652849740933,0.0014609203798392,-0.0019539046578564,-0.0072735992326753,0.0079388154983881,0.0241883741819581,-0.0313620446713821,0.0116765004047756,0.0,0.0015503385433146,-0.0228343231619905,-0.0373810013012808,-0.005644654298364,-0.0133015842272264,0.0,0.0034756435002092,-0.0127358586994297,0.0010434285965337,-0.01262796139222,-0.0172990910402539,-0.0166460140437835,0.0025957030299423,0.0,0.0,0.0073374141295341,-0.0120253913180619,-0.0144430950728661,-0.0102609410673828,-0.0173687475328484,0.0013046380387953,-0.0133977487797589,0.0,-0.0790785055694719,-0.0279128530007907,-0.0170328039186581,-0.016168857788413,-0.0006202230296955,-0.0352861982107182,-0.026420382165605,-0.0419435736677116,-0.0265963060686016,0.001041569141466,0.0327026350740091,0.0,-0.0322459040162389,-0.0161608506180134,-0.0124618384913059,0.0,-0.0113522746208964,-0.0052299909975564,0.0,0.0211663739244503,0.0107256341571864,-0.0100805748369319,0.0,0.0096405057999791,0.0039376213398019,-0.0079924657011225,-0.0515517986055409,0.0,-0.0135508472927489,-0.001147107897664,0.0
2017-03-03,0.010456240933895,0.0,0.0111232628237616,0.030322838113062,0.0125734978099252,0.0053411131059244,0.0487148238422334,0.0139435305312083,0.0236368887470168,0.0228095407388253,-0.0046291699761715,0.0,0.006142828029928,0.0,-0.0117367055934767,0.0496262458471761,-0.005114995060429,0.0023576961940046,0.0561996779388085,-0.0228888916759685,0.0044728434504794,0.020451959499359,0.0090906469426301,0.0,0.0170273258568944,-0.0144608613643508,-0.0010814502817462,-0.0067595743822219,0.0292134312502887,0.0029850746268655,0.007781342264727,0.0149397440675862,0.0134736287729999,-0.0232535750520243,0.0214355977742215,0.0304532280421723,0.0088834472305974,0.0,0.0,0.0099507768239774,0.0121717615132892,0.0160960260528979,0.0182068867991234,-0.0035581061692969,0.0032623955881907,0.0108648706255853,0.0,-0.0150903540373568,0.0049742870500233,0.0333345917173166,0.016434586276733,0.0090395621893042,0.0063024737209353,0.0138957946248658,-0.0219226490412931,0.0329610755719396,0.0294258624922549,-0.0083407887869976,0.0,0.0199862164024811,0.0280946608815833,0.0187813086431243,0.0,0.0138844995048774,0.0314587373410901,0.0,-0.0031135012737051,0.012897272473658,0.0123913554146113,0.0,0.0187087592185275,0.015520915482323,0.0442870705360121,0.0114367498292293,0.0,0.0170307184063902,0.0073951626935793,0.0
2017-03-06,-0.008049424491784,0.0,0.0519970453226401,0.0298978917211489,0.003594263627497,-0.0063842135809634,0.0080289888756246,0.0046861934754229,-0.0097710195717383,-0.005071610828916,-0.0213957083899605,0.0240094312496406,-0.0096064814814814,0.0,-0.000313756084324,-0.0098120672601385,-0.014709294232286,0.0007770497311827,0.0272907455404785,0.0247343019972274,0.0070348750187096,-0.0358922245275296,0.0221753884622253,0.0,0.00380505684289,0.0073365231259967,0.0010826210826211,0.0070764459312129,-0.0070960576211097,-0.0245535714285713,0.0021488728427851,0.0033458803847763,0.0271086619969902,0.0,-0.0179816302769831,0.029553236588945,-0.0018337539027414,0.0,0.0,0.0010378213633557,0.0080037850412015,0.0019814844891992,-0.0039755564042914,-0.038990957783793,-0.0175475687103594,0.0118967028820651,0.0,4.40696888679426e-05,-0.0109878863437599,-0.0309622972380535,0.0345494932931653,0.0083435323645806,-0.0043841009237926,-0.0143506091265744,0.00749364378429,-0.0086071166159336,-0.0043723169873033,0.0,0.0,0.0457696827262044,0.0054102894670147,-0.0120972243365302,0.0,0.0014961971655376,0.0339252141215793,0.0,0.0124783412688012,-0.0359427966101694,0.0052555252624861,0.0,0.0086237553342816,0.0109629556194441,-0.0134892749207596,-0.0226212911566637,0.0,0.01296396850638,-0.0078936004836341,0.0
2017-03-07,-0.0249300081836584,0.0,0.0014043182787071,-0.0290299572039943,0.0136776747952849,-0.011232925952552,-0.0122305249588647,-0.007777884223888,-0.0134515026093214,-0.0101869863829449,0.0057079516353026,-0.0427091230730352,0.0057263059483463,0.0,-0.0350202308951641,0.0495464897910258,0.0059715550532164,0.0003987157156946,0.0092757494805582,-0.0304878812550886,-0.0012881490289339,-0.021651929495813,0.0,0.0,0.0113718998035059,-0.0035887692632468,-0.0129489441630142,0.0048682741833536,0.0082427981446642,-0.0144927536231883,-0.0085637419423578,-0.0068321150072692,0.0059764105699198,0.0071421531089594,-0.0068647540983606,0.0367026962822187,-0.0047775903162744,0.0,0.0,-0.00250656167979,-0.0149026050222952,-0.0172145496985022,-0.016706464713367,-0.0037156897998321,-0.0039759394181599,-0.0178271789078864,0.0,-0.0508688690747241,-0.0094448782231587,0.0,-0.011131896384898,-0.0012260791344743,0.0,0.0052896197758458,0.0185283570195244,-0.0074113287453678,0.0050645039865857,-0.0058829610277325,0.0,-0.0270801730434294,-0.000515102362895,-0.0134164757609689,0.0,-0.0062455907374362,-0.0038388491534327,0.0,-0.0246419121030831,-0.0248552309163031,0.0065206352137383,0.0,0.0438456211043254,-0.0094711982414134,-0.0293150684931505,-0.005791150069757,0.0,-0.0069302855392509,-0.0261847557366203,0.0
2017-03-08,0.017837107190501,0.0,-0.0299000826384193,-0.0213565909591766,-0.0009631602308034,-0.0075888394074343,-0.0236180371352785,-0.010343183697115,-0.0169714381260734,-0.0126903146107074,0.0037752581237726,0.0065117916226682,-0.0188531257262375,0.0,-0.0100474241938106,-0.030037689877032,-0.0170686491142653,0.0003880684678636,-0.0330122785089332,-0.0041989121587575,-0.0311166782418891,-0.0610663035508537,-0.0169486787019758,0.0,-0.0299840900746544,-0.0346398305084745,-0.0251420004036559,-0.0145273751689618,0.0245374365411124,0.021671826625387,-0.0177120135409249,-0.0137684645858713,-0.0371332774518021,-0.0144239093612376,-0.0675892765029254,-0.0753895508707608,0.0022119012125092,0.0,0.0,-0.0257864200292071,-0.0191383760174707,-0.0086205948650283,-0.0114155048790647,-0.044453801732435,0.0146194919700819,-0.0084919407518243,0.0,-0.0491534342402576,-0.0185095491799387,0.0106505306414823,-0.0006989162139242,-0.01304076936838,-0.0617150816652063,-0.0414951810367283,-0.0400339049357763,-0.0414933333333333,-0.0080691838888699,-0.001682690035261,0.0,-0.0171507766934226,-0.0071822538022083,-0.0348823890792089,0.0,-0.0182490134257615,-0.0318026934934284,0.0,-0.0315824394559327,0.0354498845005353,-0.0267964638299335,0.0,0.0021351798014404,-0.000924000924001,-0.0422343673825469,-0.0258743943445682,0.0,-0.0026892862306616,-0.0005899810490935,0.0
2017-03-09,0.0105112403437199,0.0,0.0,0.0024224640895287,-0.0273321396995773,-0.0070744997481569,-0.0103233938972442,0.0041158787553583,-0.0089376145228504,-0.0045173870653233,0.0037736801585197,0.0264906452176953,-0.0107475943745373,0.0,0.0009811974160323,-0.0380524373969699,-0.0226421923967193,-0.0003879179291473,-0.0592305352798052,0.0184233743318282,-0.1208734943614555,-0.0094186268885063,0.0044790763149287,0.0,0.0123643704264446,-0.0283112037748272,-0.0179379491881339,-0.0259249954166129,0.0207557385925476,-0.0113636363636362,-0.010995247700776,-0.0343671503601751,-0.0030795682075389,-0.0074320763220007,-0.0156484628151426,0.0,0.0103209038577196,0.0,0.0,-0.0249564477575657,-0.0092498886774885,0.0028948214860082,0.0030840677419066,-0.0232294617563738,0.0085175420807137,0.0085646714342024,0.0,0.053908004817865,-0.0080020900259316,-0.0039541910694966,0.0457690657813754,0.0051314745020094,-0.0060339047983909,-0.0034241921895806,-0.0226855939686204,-0.0003338526596927,-0.0016933250955354,-0.0350551583731829,0.0,-0.0283196239717978,-0.0126571094077886,-0.0199057041440549,0.0,-0.0453859078244964,-0.0368275515334338,0.0,0.02228210808383,0.0288385151973533,-0.0186507375465385,0.0,-0.0401449310253507,0.0084888521882742,0.0167974924317517,0.0019909354678699,0.0,0.0177739547290896,0.0058496270191947,0.0
2017-03-10,0.0,0.0,-0.0071762306719327,-0.0145132743362831,0.0307448465498261,0.0269086213654914,0.003875968992248,0.0085198634878609,-0.0056012794008658,0.0118670627795371,-0.0140823819343157,-0.0157851403912216,-0.0117622411109782,0.0,0.000980235611383,0.0073647918069241,0.0347549803126583,-0.0007866252726967,0.0011314959993533,-0.0165358744394618,0.0002184041933606,0.024743793941149,0.0260892953200646,0.0,0.0,0.0601919819311123,0.0616482705657366,0.0042034673377342,-0.0213731541610405,0.011494252873563,0.0222349744532865,0.0158549300770709,0.0366214401886195,-0.0188539855016699,-0.0033560818948213,-0.0249483684427922,0.0069254727711458,0.0,0.0,0.0083793853270728,0.0041471735888372,0.0011612218265466,0.0005094516691246,0.0237819025522041,0.0032374824049867,0.0131259386637336,0.0,-0.0781158301158301,0.0408989377786015,0.0185199056215121,0.0,0.0094270399343341,-0.0013730969358257,-0.0131166316708024,-0.0116755855167142,-0.0038962484693308,0.0030600316317876,0.0145628686103449,0.0,-0.0156911355665738,0.0531231822452906,-0.0100008806499195,0.0,0.0172440681742229,0.0205750576362608,0.0,0.0079753961634694,-0.0194307231783036,0.0375661820321036,0.0,0.0103587955705488,0.0403961417529148,-0.0413131685724824,-0.017557303675573,0.0,-0.0134941360809077,0.0087145194564985,0.0
2017-03-13,0.0034701643174341,0.0,0.0281583942175192,-0.0034399867374006,0.0012806764098518,0.01176576252919,0.0106861211677076,0.0118860528550008,0.0125130425914157,-0.0048315023633226,-0.0009437331020761,-0.0155190815472927,0.0366152821103002,0.0,0.0186239625659683,0.0484021224026893,-0.0037298671941226,0.0,0.0223621538709939,0.0247027125055052,0.0754348933692408,0.0259989010126382,0.0063599365385942,0.0,0.0305333998005981,0.0513421389007242,-0.0161269733202842,0.0226023213194868,0.0069259281564986,0.0037878787878788,0.0043489141241639,-0.0215012803419887,0.0373073035127622,0.0320245341030307,0.0386201785196402,0.0204608997712447,0.0097809964687065,0.0,0.0,0.022003681015301,0.01446533203125,0.0124051387983694,0.0181433242214716,0.0465218759836323,0.0213665791425308,0.0274437623304053,0.0,-0.0054948736849158,-0.0049759169368592,0.0376532882278319,0.0101032619357601,0.0215979794246288,0.0094801592087805,0.004200055263885,0.0235567119049293,0.0156459544032185,0.0027079215274048,0.0141894048574773,0.0,0.0432779432994439,0.0007435339104573,0.0195700156226545,0.0,0.0206969053198711,-0.0115079703350098,0.0,-0.0063239237878529,0.0293514842940973,-0.0096040360093494,0.0,-0.002196983801899,0.0077954376424014,0.0172319023800362,0.0458683932602108,0.0,0.0024161564822302,-0.0288091963750485,0.0
2017-03-14,-0.0149711106355659,0.0,-0.0154511430305482,-0.043349275663686,0.0019207704325274,-0.0058144695960941,-0.0019912557897926,-0.0132935834954863,-0.0083448265174876,0.0052034787119366,0.0085654471648497,0.0103138093703303,-0.0004382377001285,0.0,-0.0250174003828084,-0.0409519394220366,-0.0119878230945223,0.000787244539147,-0.0075805432722678,-0.0405157701788762,-0.0044262761075841,-0.0289666569754097,-0.0026595015490911,0.0,-0.0044443100737694,-0.0105369807497466,-0.0306057722803678,-0.0122800586510263,-0.0174648745051981,-0.0037735849056603,-0.0051987932334878,-0.0209248004844605,-0.027337048654465,-0.0045371981851206,0.004048834214976,0.0,0.0139883534934293,0.0,0.0,-0.0248494785506935,-0.0112107173655817,-0.0071249318057827,-0.0097917927930298,-0.0185274302213668,-0.0380222540573423,-0.0207732163353751,0.0,0.0172832019405699,-0.0239209666330768,0.0150250713159338,0.0066651953211211,-0.0113907716056826,-0.0375167272032116,-0.0542898024324473,0.0076944215443803,0.0049515845070422,-0.0094464322340983,-0.0363362389608408,-0.0091596200274182,-0.0305599717364422,0.0149020856551504,-0.0095971906405578,0.0,-0.0304265728263668,0.0,0.0,-0.0074347784064295,-0.0114854597851716,-0.0206911860921582,0.0,-0.0014678807782256,-0.0002889451160464,-0.0148326263745171,0.0051611710974417,0.0,-0.0016036875210063,-0.0005990850337667,0.0
2017-03-15,0.0116879279780317,0.0,-0.0527829861557033,0.0185413285416182,0.0166265432780441,0.0255368543238536,0.0082520060724355,0.015667874825862,0.0177598937375473,0.0158602172212769,-0.0169980635117518,0.0048432470055972,0.064039984801099,0.0,0.035198479447104,0.0190742829519818,0.0500354046657607,0.0011746937405605,-0.0022278803309992,0.0288537549407115,-0.0028280081577158,0.0643102524504397,0.004996426215087,0.0,0.0022320750706064,0.0352242473889001,0.0135330071531607,0.0,-0.0107692307692308,0.0030303030303031,0.0034862310795809,0.03041783098996,-0.0088709845749231,0.0313325495106198,0.0523298930844817,0.0300967246461039,0.0056604357195146,0.0,0.0,-0.0063258865199354,0.0257382768132403,0.0051650054397396,0.009640518532302,0.0377543515567542,-0.0118626260977774,0.0306842892276344,0.0,0.0155489319423747,0.0113948843626681,0.0431511512210449,0.0311233885819519,0.0157672906488071,0.0264412334276775,0.0448951089644737,0.0037496591218979,0.0699660571553706,0.0153228496819244,0.0205356082498713,0.0334876089724753,0.0135143343051504,0.0254447337872179,0.0096901892339793,0.0,0.0231487628911608,-0.0052604346326319,0.0,-0.0085541148888039,0.0164848561948074,0.0094367759869244,0.0,0.0250031144886011,0.0043783931570517,0.051612549363756,0.0689766116429633,0.0,0.0021352723915051,0.0053405024431891,0.0
2017-03-16,-0.0011509950953865,0.0,0.0354140680080263,-0.0237666725947003,0.0,-0.0497801575900047,-0.0134543616437766,-0.0006175221922037,-0.0045908888513566,0.0234228656697463,-0.0105580305410347,-0.0042715308242898,-0.0245028018899021,0.0,0.0057193838409088,0.0329874493527029,0.0043377226955849,0.0015609285953737,-0.0015151515151515,0.0028684850813165,-0.0054675356548771,-0.0271546809991264,-0.0016549158523159,0.0,-0.0014847360048481,-0.0033630069238376,0.0033307411265828,0.0096699037133256,0.0157870593105609,-0.0181268882175227,-0.0069414931293384,0.0007074485759919,0.0164160559346304,0.0082243903883452,-0.0191158550013946,-0.0308293705166436,0.0147737292132297,0.0,0.0,0.0052843273231621,0.0,-0.0199853499076168,-0.0128131993505639,-0.0109260571698558,0.0,-0.0077216999431367,0.0,0.1153288004043764,0.0118293520567809,0.0165498083970614,-0.0224785038144565,-0.0071637883409794,-0.0250828435285296,-0.0345010024504345,0.0076071452828907,-0.0191363078182561,0.0,-0.020122382878034,-0.0078192566967193,0.0022173613400053,0.0419879247746095,-0.0170241074885352,0.0,0.0021630039799274,0.0199393151278717,0.0,0.0086279191000371,0.04350047974636,-0.037855150569659,0.0,0.0050196288148571,0.0036321072054941,-0.0368226151358681,-0.0237096368003046,0.0,0.0294174105000479,-0.0035414219893397,0.0
2017-03-17,-0.004050323767919,0.0,0.0399905719673161,-0.0144934928661993,-0.0034586289751421,-0.0060245103653647,-0.0272757004251606,-0.0225297217650659,-0.0307496529384544,-0.02653192594948,-0.0203914322150794,0.0,-0.0476458661860779,0.0,-0.0205361160513402,-0.000861013317006,-0.0366660315213545,-0.0019559646462004,-0.0076671192396773,-0.0196899660341701,-0.0788582553022306,-0.0431930598888974,-0.0116310132955222,0.0,-0.019330268408515,-0.0170702659785629,-0.0088622404211757,0.010938669933973,-0.0085749217958319,0.0038461538461538,-0.0087426125942531,-0.0103578658725993,-0.0430760305406776,-0.0125847118512155,-0.0374500441557276,-0.0368830304794378,0.0103961446367411,0.0,0.0,-0.0228749603344324,-0.0190615545844621,-0.0128180814154553,-0.0287416099924434,0.0037021556099599,-0.0119947148932655,-0.0222206750286527,0.0,-0.0615040495891933,-0.0116910544576859,-0.0151116086126292,0.0019750121806918,-0.0133846218980397,-0.0368431499032402,-0.0401176708101405,0.0188068756319514,0.0043818466353677,-0.0503280044413727,0.0035430109655198,0.0135169020979855,-0.0022124555266541,-0.0197809511691414,-0.018899952847197,0.0,-0.0151515151515152,-0.0057798555036124,0.0,-0.0133704860564932,-0.021198340912498,-0.0004667788573744,0.0,0.0060708670939655,0.0065172326946549,-0.0594303351925055,-0.0378122974902952,0.0,-0.0161018134352711,-0.0005802462419989,0.0
2017-03-20,0.0249792774746149,0.0,-0.0230918385334037,0.023121002624866,-0.0110441110428031,0.0109928097345133,-0.0018267808311294,0.0258875874519053,0.0177683352828372,-0.0119265762679455,-0.0743368004357124,-0.0591304347826087,0.018775872264932,0.0,0.0258058305950916,-0.0569907504931155,0.0186587548271637,0.0007860152172547,-0.025030181086519,0.0029047048403063,-0.0686719552307668,0.0300952805128287,-0.0117609552917369,0.0,0.0197112929927436,0.0156502423263329,-0.0100628559624634,-0.0105509806958125,0.0216254950866299,-0.0038314176245211,0.0004454404035005,-0.0127824919906485,0.0081845640853532,-0.0049597346876556,0.0243208359898612,0.0,0.005834533237341,0.0,0.0,0.012185307033026,-0.0020560785341368,0.0067804271669116,0.0110020869183173,-0.032958534118627,0.0195687151304928,0.015528375573071,0.0,0.0631357582366227,0.0,0.0507604880494734,0.0137717843404565,0.0089930483184776,0.0238273099611034,0.0334114536386034,0.0184597062326319,-0.0173470447699179,-0.0070747682506353,0.0255714877418591,-0.0100024741102038,0.0155514937224703,0.0220573551144307,0.0154078413190243,0.0,-0.0310760464606618,-0.0028639822176625,0.0,-0.0243854294781274,0.0429472910327364,0.0051000970861854,0.0,0.0156024617751706,0.0,0.0090100463456057,0.0105405635147417,0.0,0.0118736259570919,0.0130449770488232,0.0
2017-03-21,-0.0124674624501934,0.0,-0.0529463319069959,-0.0359538056832305,-0.0162772242306674,-0.0021655383072328,-0.0238140683770279,-0.035087511405515,-0.0296154988819914,-0.0079341401859364,0.0064291147051647,-0.028003696857671,-0.0850965026846611,0.0,-0.0270461631641579,-0.0806002883658589,-0.0337028783830014,0.001172860837967,-0.0038798084860491,-0.039509059029807,0.0124011186576107,-0.0895010732099013,-0.0176865786779247,0.0,-0.0260215151653087,-0.1025946913212049,-0.0112979192750253,-0.0164137461721675,-0.0588542346339553,0.0146153846153844,-0.0242280187412663,-0.0132988345703917,-0.0101476510067114,-0.0204011478448019,-0.0712149504334229,-0.0921768413781192,-0.0075056043502681,0.0,0.0,-0.0136009820606533,-0.0348637566404751,-0.0257941407565384,-0.0215021637966936,-0.0340818209781604,-0.0278008341274964,-0.0119360963086019,0.0,-0.0588735201031531,-0.01971876669465,-0.0112300571046812,-0.0413965001841557,-0.0075519615050456,-0.0338650430231973,-0.0441065302087573,-0.0398882608978106,0.0234672304439746,-0.0074736260303269,-0.008596567142651,-0.0359157443770081,-0.0415732326212676,-0.0275506316128842,-0.0246571223334057,0.0,-0.021690943635212,-0.0144896471899514,0.0,-0.0111123216036604,-0.0107303700802819,0.0092191817670506,0.0,-0.0115161557580779,-0.0038842501164504,-0.0738046331165125,-0.0818855349574557,0.0,0.0,-0.0164051866179525,0.0
2017-03-22,-0.0063124312243557,0.0,0.0128470332063146,0.0165146142716852,0.0084346204868954,0.031022981678622,0.0337803643724696,-0.0060605688460969,0.0038511738829178,0.0236351666571845,-0.0053186180148578,0.0928655193179297,0.0258858611172796,0.0,0.0022620665468413,-0.0209170826522949,-0.0181999119667769,0.0015584958945662,-0.0213806248446175,0.0315335415737021,0.0431405976227683,0.0030188423248478,-0.0096950139928037,0.0,0.0038166749750747,0.0190539492633212,-0.0045828685138843,0.0019510440161065,-0.0033855611018673,0.0060652009097801,0.0067672392612196,0.0062001377808396,0.0194727706660882,0.0152571594220589,0.0,0.0364293527369572,-0.0206187115934554,0.0,0.0,-0.0014283491960233,0.0254913040748414,0.0093211355885334,0.0082069597239056,0.0,-0.0197419735649386,-0.0111741297334475,0.0,-0.008905495874202,-0.004593361036231,-0.0090893003651807,-0.0121519711211979,-0.0088276706458525,0.0328645833333334,0.0507649724731575,-0.0263887949116989,-0.0139434001239412,0.0082562587768146,-0.006071716084228,0.0186268700933194,0.0228427177292738,0.0,-0.0158830749907223,0.0,0.026472152220655,0.0164426464831004,0.0,0.0050520152976911,-0.0164383832785717,-0.0018294160407075,0.0,-0.0190859346001412,-0.00765580194622,0.0144771292160787,0.0123969271971244,0.0,-0.024779689270563,-0.0237982520029133,0.0
2017-03-23,0.0075114388483032,0.0,0.0014780178437063,-0.0204424778761062,0.0019288031643036,-0.0126739342373481,0.0,0.0067400181628352,0.0009631127805065,-0.012219619675255,0.0374293987786347,-0.0370928917374787,-0.0140078542935774,0.0,0.0170934189462266,0.0,-0.0100385949865502,-0.001942477598847,0.03556609365738,-0.0212623713705183,0.0307487440227589,-0.0120052078930015,0.025520134953934,0.0,-0.0114064900600586,-0.0018480269594521,-0.0218082689686506,-0.003335174699627,0.0107419044416876,0.0022607385079127,-0.0134504758916431,0.0065153054463535,0.0155892524607608,0.0019085403423348,-0.0246976135992155,-0.0314321112283761,0.0014062468039846,0.0,0.0,0.0255487891233536,-0.0082858833853751,-0.0011872010593485,-0.0055154818934346,0.011718998789886,-0.0104192428038407,0.0030638607958308,0.0,0.0364133337522385,0.0069316126509262,-0.0022891096824468,0.0150331053945511,-0.0067569236850557,-0.000705965407695,-0.0065709488797545,0.0658836611300299,0.0162354666387345,0.0152846816992051,0.0076799219321785,-0.0057076380557676,0.0290142964635065,-0.0082682821463375,0.0118580056041259,0.0,0.0035587188612098,0.0063765138871056,0.0,-0.0273880363294707,0.0156465391465341,-0.010062022842855,0.0,0.0014403769393211,0.0187789404814293,-0.0071352664338848,-0.005436863465809,0.0,0.011504297306381,0.0121985339376644,0.0
2017-03-24,0.0108891994137896,0.0,0.004481176375882,0.0176544102147138,-0.0016012845762141,0.0005385996409335,0.0045393353433986,0.0159425625920472,0.0143846819974982,-0.0027490635499896,-0.0123671737898823,-0.002258900066261,-0.0033243429718372,0.0,0.0006321656187913,0.0386671780179124,0.00858487408195,0.0035053574418213,-0.0253495788698995,0.022273415212354,0.0099242468729814,-0.009104756037035,-0.0197744878878625,0.0,-0.0192301654579133,0.0130690481376607,0.0234711255612323,0.0080783167171272,-0.0067104470763672,0.1278195488721805,0.0059087118160101,0.0323766265113116,-0.0074287510477787,-0.0297585120743961,-0.0261945063600864,-0.0400795906765207,0.0049021860685998,0.0,0.0,0.0055652221946032,0.0094046467598214,0.0056687657862555,0.0108245282148295,-0.0620081838212149,0.0,0.0419815188856296,0.0,-0.0365132775554747,0.0217876769520553,-0.0172483931331868,-0.0020228483843947,0.0086559627893094,0.0021193924408335,-0.0066435502199948,-0.0036513007759014,0.0061842918985777,-0.0157641410139666,-0.0041544808351571,-0.0172455819622182,0.0,0.0,-0.0006536060131754,0.0,0.0125460095161145,0.0149685320632761,0.0,0.0057477741462865,-0.0255602449028115,0.0147866601275135,0.0,0.0043149157128752,0.0081422329596061,-0.0287767584097859,-0.0082103760114231,0.0,0.0153323270010348,0.0162529714190944,0.0
2017-03-27,0.0090777296404307,0.0,-0.0155740770422611,-0.0541528263780489,-0.0128619220465338,-0.0016149291225552,0.003311588344095,0.0078401526957319,0.0085131610149395,-0.0220611942223368,0.0605394968799841,-0.0033507410873305,0.0218691000629327,0.0,0.0228166459659362,0.0323190200039096,-0.0023231751361693,0.0035035400352441,-0.0056212769527644,0.0050441527133611,-0.0178945226189092,0.0408642636314962,-0.0093874828780631,0.0,0.01568577236423,0.0259084067942378,0.0126161014128822,-0.0074568909232111,-0.0090077085197909,-0.0133333333333333,0.0,-0.008714411724072,-0.017449409380245,0.0171752774943572,-0.01256324648057,0.0079459085973745,0.0076731151322979,0.0,0.0,-0.0032272683576636,0.0093170234454638,0.0175127566965553,0.0073125308112254,0.0826845637583892,-0.0371935848400556,-0.0161149756770032,0.0,-0.003287869492032,0.0101009141184744,-0.004669260700389,-0.0033663419381914,0.0049073400490733,0.0183292210081071,0.0215012759965973,-0.0145932857797264,0.0015365703749232,0.0,-0.0021880135754087,0.0,0.0,0.0023806147051077,-0.0026046597017836,0.0,0.0031696774908567,-0.0232528908999496,0.0,0.0160001920983543,-0.0262307082291223,0.0040958847836067,0.0,-0.0150373202257417,0.0109127172210867,0.0864321924493844,0.0134443699495394,0.0,-0.0112017055017392,0.0104262996609185,0.0
2017-03-28,0.0084280690617195,0.0,-0.0037719464872052,-0.0361274275926258,0.0260590130880153,-0.0005167145938174,-0.0063032631253587,0.0115189145131131,0.0056196947964917,0.00986589959366,0.0147623382277279,0.0505512478798158,0.0200153964588145,0.0,-0.0164208580192444,-0.0161375160428371,0.0232564965560426,0.0,0.0326527168410395,0.0317294781713184,-0.0291292313612883,-0.0451505849166182,0.0042133611328294,0.0,0.0115826465165387,-0.0090118411401027,0.0079324768449358,-0.0111343461341384,0.0085243991260015,-0.0054054054054054,-0.0040682396256376,0.0017582040588783,-0.0010206493478588,0.0036171861938993,-0.0009063022866703,-0.005924692748372,-0.0013867807020639,0.0,0.0,0.0041608112204127,-0.0071707031328904,-0.0116603748296736,-0.0033714280535439,-0.030560376890652,0.0437314494013023,0.0182417488028516,0.0,-0.0267369550806527,-0.0099999059275078,-0.0047078003094174,-0.0223269482323006,0.010521343296401,0.0173317509766108,0.0130944176430047,0.0,0.0365142681804235,0.0071251772282701,0.0450842039607048,0.0,0.0195091988651321,-0.0002930802736763,-0.074133299587573,0.0,0.0145609615979496,0.0139407197700851,0.0,0.0095639500531767,0.0206728058635594,0.0172312135250587,0.0,-0.001453989846715,0.0021042208194084,-0.0136505912357987,0.0142966573816156,0.0,-0.0131631205673757,0.0147333285478428,0.0
2017-03-29,0.0133771784507321,0.0,0.0030235345391154,-0.0109547689760942,-0.0047636175420434,0.0364134954707904,0.0362487085772686,0.0033890672955005,0.0208255393440579,0.0258316737945218,-0.0203588143525741,0.0048147614242466,0.013222641509434,0.0,0.0138583915038319,-0.0019246396646849,0.0074198020748672,0.0031068485749019,-0.0027780047389492,-0.0030703139806683,-0.0002286829387282,-0.0030759071319339,0.0318136597603702,0.0,-0.0053433449651046,0.0254837686369884,-0.0112344562849224,0.0073174147468664,-0.0095789425032354,-0.0448369565217391,-0.0018131406841961,0.008593658030201,-0.0157448135680715,0.0096161126675247,0.0054601911939151,0.0159097625849671,0.0048528981042892,0.0,0.0,0.0138301959277755,0.0092976888020832,0.0120917617809921,0.014831722243946,0.0157299060042201,0.0160676441330391,0.0201081856237543,0.0,0.0209522573949143,0.0151466200421901,-0.023616914591342,0.031826762705962,0.0043772045386938,0.0327119838627361,0.0358276643990929,-0.033337760658786,0.0591079534241165,0.0074207518581705,-0.006686312177108,-0.0023438953308114,0.034054395226073,-0.0004751314193287,-0.0236330539695951,0.0,0.0152666768299323,0.0045689144597682,0.0,-0.0250723766865132,-0.0151905726385564,0.0142659427233045,0.0,-0.0254942125916236,0.0142681758294407,0.0230364646078804,0.010058151908989,0.0,0.0128116675290825,0.0133521973649306,0.0
2017-03-30,0.0049532870699591,0.0,-0.0067892349890014,0.0034951265137344,-0.0015954727359273,0.002060335292459,-0.0067002572898798,-0.0045999409506938,-0.006398118739311,0.0020367733055399,-0.0247631180826499,0.0058533226213703,-0.0094449244703989,0.0,-0.0201916351347936,-0.0086990058279055,-0.0015185884720152,-0.001160164909155,-0.0269561655059401,-0.0151707181060048,-0.0197017292384641,-0.0515453135077658,-0.0179560809630607,0.0,0.0184184560447306,0.0158795627964527,0.004496874672103,-0.0108998644468388,-0.0051216239864668,0.038406827880512,0.0136338577668462,0.0093905182292772,0.0015406636873218,0.0035698215089245,-0.0325485365303537,-0.0273454545454545,0.0089654098006402,0.0,0.0,-0.0145482596221512,-0.0122961559394464,-0.0017418490397498,-0.0117923260273482,-0.0348756688700032,0.0171863360647015,-0.0028683949392211,0.0,0.003605692864858,0.0077411262543058,0.0060427615248985,-0.0154269727785424,0.0019523930415019,-0.0039771256442237,0.0,0.0,0.0906549892853816,0.0105162184246987,-0.001511495817569,0.0023494020833849,0.0,-0.0054817796567313,0.0184210693764832,0.0,-0.0039898751555194,0.0096858418259917,0.0,-0.0194259460843952,0.0025760078111205,0.0022042615723731,0.0,0.0186775059514765,-0.0035869805889732,-0.0045092914380905,-0.0003262687094712,0.0,0.0142296229717584,-0.0005759162303665,0.0
2017-03-31,-0.0016429576491066,0.0,0.0174719055040604,-0.0063935900580492,0.0025559528539267,-0.0051510691715004,-0.008806864173547,-0.0123271499842795,-0.0079607800949761,-0.0084878319901543,-0.0091307424341389,0.0053057964399818,-0.0050231606809841,0.0,0.0066570910060463,0.0058574331042233,0.0060645811351602,-0.0027067388463691,0.0414280902660828,0.0143620101666559,0.0327131879413868,-0.0097959933835691,-0.0027604459400812,0.0,-0.0022606689734717,-0.0226349979699552,0.0450808052168982,-0.0008433658731999,-0.0057167315540128,-0.0068493150684931,0.0179409406268522,0.0130980037633108,-0.0077241981234998,0.0035571232139652,0.0177543444342818,-0.0060316036089925,-0.0088857454512852,0.0,0.0,0.0016891659914579,-0.0155309292026366,-0.0134445886090108,-0.0166028907709326,-0.0080229600156545,0.0236438771773812,-0.0007152742143645,0.0,-0.0215406042764667,-0.0098737681011342,0.001208099370427,-0.0217936459254181,-0.0055441267849493,0.003331443152821,0.0027637915936953,0.0038472107721903,0.0019648043738254,-0.0138874239707483,-0.0107939373425101,0.0,-0.0123463640651443,-0.0019119097741302,-0.0191562742108812,0.0,0.0052549965541006,0.0050884217550883,0.0,0.0069872417536669,0.0571171040498958,0.0065749662523855,0.0,0.0179745671062934,-0.0085812272228971,0.0045297172533178,-0.0103012171074998,0.0,-0.077444752283137,-0.0028637784413362,0.0
2017-04-03,-0.013157144370127,0.0,-0.0298559604428678,0.0058505035876506,-0.0073312814551602,0.0082887351520688,0.0029617047223946,0.0106070525487558,0.0049418289414571,0.000344341586854,0.0020462254693272,0.0131661086203962,-0.0315003476525892,0.0,0.0050409685494825,-0.00679029589359,-0.000755865040297,0.0007695107367546,-0.0243369987063387,0.0010276449169637,0.0079229992920513,-0.015368338994376,-0.0055361741897281,0.0,-0.0060421098060976,0.0124623533077163,-0.006639632178656,0.0033903789205653,-0.0218484818106229,-0.0199999999999999,0.0,-0.008332036316472,0.0233749670155687,-0.0137089327733594,-0.0137794928723722,-0.0262788365095285,0.0037942177127148,0.0,0.0,0.020578557718673,0.0084166010199426,0.0048865105099658,0.0167633309052013,-0.0202524986849026,-0.0085850068986662,-0.0021577323063356,0.0,0.0332567694348291,0.0016604750647304,0.0264101561836134,0.0090555319894505,0.0085961102146296,0.0112092311315201,0.0124164278892073,0.0305228579249932,0.0001705175206752,0.0161984217531849,0.0025568397840469,0.0374279159174055,0.0208438676330129,0.0079170190436403,0.001445988814289,0.0,0.027915845402348,-0.0067640468088638,0.0,0.0098407165727718,0.0221690808946037,0.0087170653317456,0.0,0.0108189955185427,0.0044678379175988,-0.0157681592325588,-0.0093985091546151,0.0,0.0448749709293507,0.0051661033570915,0.0
2017-04-04,0.006109038074167,0.0,0.0,-0.0052356449251057,-0.0054559003566296,0.0123416833883531,0.0038323327289899,0.0076370357603456,0.0076537690766147,0.0013688870388011,0.0193651837842283,0.0332437125413094,0.0466960077410494,0.0,0.0303958990402188,-0.0312195755176217,-0.0052761467109183,0.0007793098432027,-0.0067953923924755,-0.0174773769993156,0.0152581633415527,0.0356839902731438,0.0055669940384381,0.0,0.0106379679310237,-0.00707764898964,0.0011211890353461,0.0112724239216539,0.0076384199864956,0.0274454609429977,-0.0048497136750965,0.0126920018415435,-0.0198005973484605,0.0067119161048236,0.0149011059693759,0.0124639472599916,-0.0027485456238547,0.0,0.0,0.003318063970124,0.0135679631609242,0.0029560096126723,0.0051873146577914,-0.0082550335570469,0.0219782485438895,0.0036022642804049,0.0,0.0043677009298976,-0.0099557004111526,0.0,0.0200138909197251,0.0064297271125171,0.0071726322162968,0.0122911051212937,-0.0222473103997875,0.0036655016622624,0.0145485164957255,0.0023796657091119,0.0101490681744829,-0.0122454595487065,0.0235746057420138,-0.005775603798668,0.0,0.0074615977823631,0.0169626070607895,0.0,-0.0051533565047078,0.0247372861854719,0.0008595890018452,0.0,0.0053395184769085,-0.0023615868375935,-0.0137154196334773,0.0386303897022617,0.0,-0.0159868389219529,0.0080142165232237,0.0
2017-04-05,-0.0126936457923066,0.0,0.0,-0.0356499642266795,0.0135584753851232,-0.0106566636117565,-0.0170552863817269,-0.0263648374463265,-0.0204462530501098,-0.016755935726277,0.0,-0.0155856124468055,-0.0373959979721468,0.0,-0.0091207979770061,-0.0100719103131002,0.0075759736124181,-0.0007787029922958,-0.0110972048393824,-0.0060240186783278,0.0081841733396137,-0.0484328928688434,-0.0017336215568349,0.0,-0.0060148530043576,-0.0052685950413222,0.0077821011673153,-0.0119786214880387,-0.0169200485823175,-0.0102739726027397,0.0137252202643169,0.0060959859482359,-0.0352167479585686,0.0261886905654717,-0.0229389292819041,-0.0389663241428426,0.0003463977147792,0.0,0.0,-0.014098650385604,-0.0113378224890474,-0.0097080825693233,-0.0183325664690862,-0.0458144413615755,-0.0306242876020054,0.0186769702494404,0.0,0.0165375563071838,-0.002790653675149,-0.0233959764881198,-0.0270664970344223,0.0103987378083763,-0.0064741381303614,-0.0188518479071252,-0.0226855939686204,-0.0036521148292848,-0.0167260319765767,0.0210351089588376,-0.0267922652718278,0.0433765148349352,0.0097677082921818,-0.0508556987940245,0.0,0.0115646399238678,0.0033277186639826,0.0,0.0426264957195994,-0.029099142931996,-0.0081991617616746,0.0,-0.003544778361231,-0.0033438706887554,-0.0464228652582993,-0.0391500898121623,0.0,0.0033043871640294,-0.0056863355110787,0.0
2017-04-06,0.0055931851236235,0.0,-0.0038503088557103,-0.0321240960567608,-0.0337595817895394,-0.0169542644175875,-0.0233366708110069,-0.0091292390079601,-0.0105887865063249,-0.0027806234450461,0.0092902566584653,-0.0551792499586981,-0.0280987639022274,0.0,0.0049083687896021,-0.0122047510546619,0.0323307986943151,0.0003948503205561,-0.0080998987512656,-0.0005320805647839,-0.0061467032646147,-0.0203706891604982,0.0041593413661507,0.0,-0.0090768755788823,-0.0250285595596635,-0.0066249697246006,-0.011281914557739,0.0267054548995502,-0.0242214532871971,-0.0074215408014991,-0.0094274711168165,0.0214719047510849,-0.0143826005612721,-0.0169009009009009,-0.0383760321829346,0.0044765183527215,0.0,0.0,-0.0263190059075169,-0.0135398502410503,-0.0071224100327152,-0.0078945675449642,-0.0349645390070921,0.0013423377488268,-0.0056386581112275,0.0,0.0062712748014353,-0.0140112887160269,-0.0095791936523006,0.0229480721593473,-0.01617692289493,-0.0032581628615979,-0.002768128528007,-0.038779623323372,-0.063592191629017,0.0031184056271982,0.0008244404920705,-0.0137527663610497,-0.0792214033963473,-0.0105926193992624,-0.037888592304996,0.0,-0.0272414921465967,-0.0033166816804521,0.0,-0.0110509209100759,-0.0136268141780543,-0.0165338875418543,0.0,0.0,-0.0005610517850797,-0.041360265599305,-0.0183398890850209,0.0,0.0076848430194376,-0.0011298649376836,0.0
2017-04-07,0.0038926263244021,0.0,0.0162115566431233,-0.0131457219133546,0.0421892504850123,0.0161947755960729,-0.0042921839443029,0.00063582507474,0.002201982573557,0.0101099044450967,0.0051019048887706,0.0297546191059043,-0.0043350758638275,0.0,0.0171057374026952,0.011327821678162,-0.008736577564542,0.0007686155571942,0.0158217080639673,0.0192300201259494,-0.0024239397100086,0.0092353951890034,0.0038004953454606,0.0,-0.0076333499501496,0.0146996165317427,0.0188887614020996,-0.001710178043017,0.0028927260979614,0.0099290780141845,0.0052742832515852,-0.0062825922431756,0.0063061660290062,0.0275388539565784,0.0076426817198782,0.0022568393240491,-0.0027428879762583,0.0,0.0,0.028592549200106,0.0052823125714878,0.0116583719466847,0.0076887447892544,-0.004482986698023,0.0033565416190377,0.0067341961149263,0.0,-0.0024075456747985,0.0136427485616426,0.0024307992536418,0.0163118332808209,0.0013466960855632,0.0058838637371874,0.0117019539541718,0.0080977514279518,-0.038871187983614,-0.0013790524273659,0.0134485982173435,0.0174337603412777,0.0322749021313615,0.010241404535479,-0.000392335446807,0.0,0.0147380371709695,0.0,0.0,-0.013412420182797,0.0003419571674221,-0.0057526591373359,0.0,-0.0056918216240986,0.0020995116109352,0.0203262558259968,0.0083041308272273,0.0,-0.01361827962219,-0.0262773214534318,0.0
2017-04-10,-0.0027743704154968,0.0,-0.0007661786838145,-0.0241149948663005,0.0436450713580311,-0.0076987772530245,0.0089268541042033,0.0038064165307232,0.0062843057732138,-0.0196703580537888,0.0060965104104542,-0.0031696618084052,-0.0087079011397106,0.0,-0.0036047411510732,-0.0224018788672599,0.012492048419364,-0.0007680252410455,-0.0275498241500585,0.0025861190379128,0.0064206402968809,-0.0331792064075529,-0.0216673047744643,0.0,0.0161533389846473,0.0108125131219818,-0.0010838811390605,0.0002843332385555,-0.0195937040079913,0.0007022471910111,0.0021911916816375,0.0136774785865563,-0.0026083400568087,-0.002287520385631,-0.0189526910274832,-0.0110940246045694,0.0051551814834298,0.0,0.0,-0.0309843112262192,0.0041995076439313,-0.0115240206278837,-0.0018385732671446,0.0636350214085339,0.0066906258738723,0.0172637973243399,0.0,-0.013594220165269,0.000560006074642,0.0011953756040914,0.0053500093005127,-0.0016390785136619,0.0169216127759339,0.0163277383258015,-0.0040163522914724,-0.0071036181094904,-0.0034757981462409,0.0034339781175223,0.0068588601689265,-0.0104219338165065,-0.008992700158522,-0.0143258643528479,0.0,-0.0263959390862945,0.0177889158210426,0.0,-0.014721045701867,0.0165743697930402,0.0115718873984509,0.0,-0.0035777524437868,0.0002800953070964,0.0099289430275344,-0.0041213806274047,0.0,-0.006084632604558,-0.0029309790184794,0.0
2017-04-11,-0.0211092031833042,0.0,-0.0053125941342389,0.0240613335285075,-0.0348484721605801,-0.0088016690572434,0.0009083365106419,0.0034815635385345,0.0024964587849523,0.0109176238112882,-0.0121191363798032,-0.0142236606762626,-0.0185376566335098,0.0,0.0075339805825243,0.0291753291753293,-0.0087048368298369,-0.0007790022539132,0.0222164815293206,-0.007992477668077,0.0307717070030142,-0.0071036939208387,0.0052758975548243,0.0,-0.0052988521728383,0.0,0.0207288202468858,-0.0017126208072767,-0.0105864763190893,-0.0035087719298245,0.0043660116517512,0.0038801177415037,0.0167547621422159,-0.0006871062700255,-0.0309249680182435,-0.0313228923692102,0.0283850194882222,0.0,0.0,0.0009375612213482,0.0041819455317047,-0.0035810308334764,-0.0018511696445018,-0.0470571904497502,-0.0019959053076679,-0.0065806226127769,0.0,0.0124963223338854,-0.0040791158753497,-0.0060209111531834,-0.0046519413925868,0.0010464025402325,-0.0243095183748003,-0.0173887727284758,-0.0281558291927702,-0.0237527425355336,0.0,-0.0001547283152816,0.0090868607604077,-0.0294660345757515,0.0060528264626018,0.0028229103708181,0.0,0.0219829329020451,-0.0038346653749897,0.0,0.0086216612194296,-0.0084931401560278,0.0136340290423495,0.0,0.0093355566645163,-0.0206540447504303,-0.0221440462355121,-0.012739616894974,0.0,0.0147341892723196,-0.009410288582183,0.0
2017-04-12,0.0028336495888678,0.0,-0.0061118299699913,0.0101577715439455,-0.0025118107161914,-0.0041877699576837,-0.0164472578567025,-0.0066174954205232,-0.0099687743950039,-0.010107427044901,0.0092008587468164,0.0197857266286505,-0.0596906877262257,0.0,-0.0218365061590145,-0.038471034498238,0.0065859573060955,-0.0007796095715265,-0.0350433830342853,0.0106571026002304,-0.0234651146284335,-0.0870029625748202,0.0041956832042908,0.0,-0.0083711250543578,0.0106968532557898,-0.005342721060261,-0.0083001729795912,-0.0100965170976626,0.0007042253521127,-0.0108709614175517,-0.0055464993489783,-0.0133943654296767,-0.0112618154973003,-0.050852321643804,-0.0415663341359935,-0.0249407499672851,0.0,0.0,0.0021949139509849,-0.005190275925736,0.0014926744132643,-0.0013194438036887,0.0269482884195193,0.0053296221844234,0.011851211507436,0.0,-0.0418591135717125,0.0165737962566079,0.0012183403116203,-0.00668301275526,0.0007449326556849,-0.0039302842437711,-0.0020470829068577,-0.037196206283343,-0.0122141880007818,0.0069640990710619,0.0122345316013217,-0.0045084802366356,0.0216736377197344,0.0104035804020099,-0.0177122922457313,0.0,0.0077461269365317,-0.0136958547753152,0.0,0.0,-0.0058139534883721,0.0065065180339951,0.0,-0.0035573885150617,-0.0015668543587904,-0.0453552614673005,-0.0432680634702999,0.0,-0.0010951296066333,0.0035646430833256,0.0
2017-04-13,0.0050962484547267,0.0,0.0,-0.0370828948182999,0.0103856792442982,-0.028865207626932,-0.0520464305648901,-0.0272935429705388,-0.0305070846770695,-0.0119631397070923,0.0080995732198776,-0.0356406563303115,0.0052841545352744,0.0,-0.021710095152767,-0.0505147178972431,-0.0160058402153581,-0.0015500327691492,0.0008729812309036,-0.0179970089478087,-0.0037068263751599,-0.0339499359851661,0.018801688490696,0.0,0.0130464063650175,-0.010583641594739,-0.0118254497001998,-0.0190434489243646,-0.0516253331609821,-0.0070372976776919,0.0004442652195011,-0.0027010866203426,0.0041755959613813,-0.0067418197789327,-0.0073370825018646,-0.0023927738230543,0.0027288588001967,0.0,0.0,0.0,-0.0251381671203497,-0.0173694710050217,-0.0182471636054548,-0.0174468085106382,-0.0278091097393409,-0.0010331553458339,0.0,-0.0415649092563328,-0.0294307800421643,0.0169503144977463,-0.0067279759040439,-0.0159681118007949,-0.0447659534490452,-0.0389203778677462,0.0086193627828228,-0.0370956573350478,-0.0138202089942154,-0.0032195113177513,-0.0271134860538673,-0.0084740910392212,-0.0025158332361968,-0.025820376225331,0.0,-0.0218199851227374,0.0116675567971735,0.0,-0.0028493211911279,-0.0068908382066277,-0.0129289138568208,0.0,0.0014280354830513,0.0004276474047146,-0.0237550471063255,0.0,0.0,-0.0164547421176791,-0.0076989650571562,0.0
2017-04-17,0.0168929943020659,0.0,-0.0030747070718262,0.0137034111574423,-0.0046745867768595,0.0562042306209897,0.0464082289889207,0.0391513135180943,0.0447728418758235,0.0359742184767584,0.0050330292544826,-0.0005271326910123,0.0152817906499111,0.0,-0.028136288859115,0.0421143208358945,0.0391724086765403,0.0027193731896895,0.0108155255124291,0.0041945225987971,0.009206705866904,0.0324467598939766,0.0406651869076559,0.0,0.0242416746544633,0.0357254128154533,0.0163211416371706,0.022062051807405,0.0202567630718106,-0.0007087172218285,0.0083416453741784,-0.0040729407872974,0.0369070667957405,0.0465623595132989,0.0179706378053488,0.0362175451220243,0.012586005195011,0.0,0.0,-0.0035990290991266,0.026844075899562,0.032319413816841,0.0447200760391865,0.0221596650786775,0.0074886615335933,0.0141360501598573,0.0,0.1031226580064952,0.0204085573061478,0.0452339220709181,0.0521608067251015,0.0185027025048498,0.0096383172284921,0.0142102898225118,0.0127422554555165,0.0154099034312717,0.017514398230821,0.0046914894576817,0.0278691149123777,0.0321071779176531,0.0298084507590881,0.0248227213112324,0.0,0.0156949725390789,-0.0115329949238578,0.0,-0.0051386309790614,-0.0485607450953451,0.005679776518181,0.0,0.0067795381213064,0.0182588450822487,0.0783759564348245,0.0003657398768426,0.0,0.0011146718684686,0.0208776233306078,0.0
2017-04-18,0.0055374539231174,0.0,0.0030841900527924,0.0045120956781734,-0.0140809742511914,0.0076632464688963,0.0096807533302709,0.0003141196795979,-0.0059007154033583,-0.0034403485362441,-0.0050078247261345,-0.0217410413431393,-0.0264348899403413,0.0,0.0180135767136673,0.0042700764367271,0.0064075677122841,0.0007793098432027,-0.0103546466476831,-0.017209248525197,0.0123756650474207,-0.0432011331444759,0.0032839944205951,0.0,-0.0162716981132076,-0.020756041311541,0.0053484065341771,0.0014390549489888,-0.0179906229921179,0.0148936170212765,-0.0152444188488769,-0.006290091548857,-0.0215576231447395,0.0011196631151986,-0.0259714354105162,-0.0442682715120652,-0.0020169284920522,0.0,0.0,-0.0186621492971944,0.0083844917803139,0.0050182533313742,-0.0036121895633844,0.0,0.0074329983249581,0.008163365365758,0.0,0.0376375741654966,-0.0125735586293024,-0.0011447920025798,-0.0083648115146193,0.0072953789943397,-0.0129800550373816,-0.0125989920806335,0.0042190913885331,-0.0158842573856737,-0.0120525337052533,0.0177084923535593,0.0101720502252469,-0.047725619649751,-0.0215981087470448,0.0336642396986415,0.0,0.0061976166212589,0.0055461977733042,0.0,-0.0063237163499444,0.0112950642116664,0.0125978262122381,0.0,-0.0021245948865682,-0.007425204464868,-0.0075108667859882,-0.0298976302751746,0.0,0.0066905258972065,-0.0116759219706678,0.0
2017-04-19,-0.003305812174226,0.0,0.0192238442148415,-0.0218006999314499,0.0190456973918535,-0.0197899580342117,-0.036497844705026,-0.0156950131043396,-0.0099999216920775,-0.0186242720482666,-0.0090437244416483,-0.0283343816455505,-0.0117274167987322,0.0,-0.0195890205489723,-0.0105945641194296,-0.0084860737942593,0.0011628631351621,0.0041851948731361,-0.0265208976303813,0.0017136981606307,-0.0287287194670614,-0.0045825431427202,0.0,-0.0248112686429754,0.0194552529182878,-0.0074506838958003,-0.0140839028854128,-0.0082142972824151,-0.0006988120195666,-0.0163748322955725,-0.0179765187599231,-0.0097368449586346,-0.006253253239171,-0.0074749129633422,0.0024218939210463,-0.0033650709559057,0.0,0.0,-0.0081460874527427,-0.0166091237818953,-0.0079396318080092,-0.0087965139406211,0.0087564437539722,-0.0020056115556478,-0.0303562310030394,0.0,0.0462680052378874,-0.0156272456380726,0.0034221698493923,-0.0272752287266974,-0.0217335719764766,-0.0283493708364174,-0.0354749151686811,0.0,-0.0156266063534491,-0.0048704163382468,-0.012653201683564,-0.0100696215293016,-0.0043478260869563,-0.0027351980360698,-0.0031826416625281,0.0,0.0018395651185383,0.0248815165876779,0.0,0.0057810020403537,-0.0010811913504692,0.0145810094019624,0.0,0.0078067674689954,-0.0098786690985714,0.0,0.0022535514586554,0.0,0.009677769767832,-0.0088784036882294,0.0
2017-04-20,-0.0066253437872009,0.0,0.0090501426824296,0.0275239509087052,-0.0031163911845729,-0.0083018211848567,0.0080270085227944,-0.0111598515291879,-0.0173542998164906,0.0200297528540549,-0.0111499087374017,0.0005856786165654,0.0544152234338251,0.0,0.0264234572110466,0.0181869984329741,0.0156864849395435,-0.0007777985190716,-0.0082486758704521,-0.0128156904889843,-0.2092124771897811,0.0507025482257681,-0.0036137553223225,0.0,0.0177326724883959,0.0189835275210927,0.0021467252053239,0.0037924383275564,-0.0006335852433423,0.0314685314685314,0.0206903787640331,0.0095835770887624,0.0093179603411841,0.0134841481628289,0.0268853812029299,0.0316501570427638,-0.0111333690992404,0.0,0.0,-0.0043438237155514,-0.0084344357653316,-0.0112565890154735,-0.0146207097839273,-0.0043402170108506,0.0168060226787591,0.0150062944182802,0.0,0.0397997496871089,0.0064727754092934,-0.0022683032769743,0.0300378345885929,0.0122418215635979,0.0156674538483025,0.0206140605919638,-0.0209318028359216,0.0096083550913836,-0.0091028384305288,-0.0035300320830764,-0.0180796511070641,0.0131299421692434,0.002054602017774,0.0107572908187609,0.0,-0.055828347431401,-0.008092485549133,0.0,0.0,0.0191251250842403,-0.0080327592976945,0.0,-0.0126757537418538,0.0029939320434635,0.0202234888738608,0.0517458368505869,0.0,0.0095850082646244,0.0101390024529846,0.0
2017-04-24,0.002776905403395,0.0,-0.0014813617754794,0.0197781686349116,-0.0034370196376449,-0.0067715638148667,0.0286554090451318,0.0190226832779074,0.0183047573049988,-0.0031021868402817,0.0061527761058277,0.0171287738755392,0.0122342762513096,0.0,0.0298314872305904,-0.010516742841153,0.0049132693493001,0.0019408205415616,0.0041148660479775,0.0099338649538687,-0.0202996268185833,-0.0107210045558602,-0.0145210568934192,0.0,-0.0196963606567516,0.0067028092656482,-0.0107106332402775,0.0014520078885205,-0.0038235294117647,0.0020338983050847,-0.0273226290577907,-0.0048358548611403,-0.0046105445866783,-0.0017739660013129,0.0115134222793762,0.0188524590163934,0.038315473020392,0.0,0.0,-0.0359278841986652,0.0244709826105176,0.0182752057967026,0.0193361472101891,0.0130071011741546,0.0185251559123817,0.0092896849907349,0.0,-0.0196062697266357,0.0070017310909742,-0.0034182521767172,-0.0051835704845437,0.0019395671702737,0.008400420021001,0.0107967979944734,0.0085823754789273,0.0454122271645804,0.0095324449110583,0.0292730175243494,-0.0080531999267889,0.0216093426915571,0.0116156487257605,0.0126144639373513,0.0,-0.0139629403024209,0.0097660959729926,0.0,0.0132182705156895,0.0141673429719357,-0.0362365554914668,0.0,0.0148331721470018,0.0113695994402658,-0.0024936081563081,0.0112584182761414,0.0,-0.0040688606221481,0.0123936466821361,0.0
2017-04-25,0.0160878236932764,0.0,0.0217139157877699,0.0637891587469201,0.0097227036395148,0.0073472629790614,0.0061930078209491,0.003166059838531,0.0091459558591033,0.0100306334413722,0.0203926990415164,0.0,0.0403659310206672,0.0,0.0192040492258831,-0.0042419814766808,0.026531613626805,0.0011601649091548,0.0020925974365682,0.011210520642449,-0.0298474504536003,0.032511570361545,-0.0070360780252028,0.0,0.0293653797628059,0.0,0.0097509185141724,0.0075380509269278,-0.0101827247974281,-0.0006765899864681,0.0058899785818962,0.0031231142212857,0.0489128657838811,0.043756296876749,0.0186329234619893,0.0208596713021491,-0.0115335388214314,0.0,0.0,0.0179515996103993,0.0020655241523168,0.0017676995136011,0.0065017026106697,0.0469877845641308,0.0201286949527448,0.0023891703997453,0.0,-0.0023736119826479,-0.005214785790429,0.0045625161791353,0.0286668161976568,0.014012166252135,0.0201566916249318,0.022095710501099,0.0,0.0447259054027311,0.0010517856720793,0.0296864925152049,-0.0023125653484225,-0.0253713047692351,-0.0092259742246357,0.0198549273951378,0.0,-0.0253739612188367,-0.0042985074626866,0.0,-0.0147460751287102,0.0108277926517224,0.0238925071877016,0.0,-0.013377488177064,0.0096965094070051,0.0049680399974685,0.0327859389881382,0.0,0.0386953688121942,0.005845563412814,0.0
2017-04-26,-0.0060104148078451,0.0,-0.0117218438143513,0.0088180066010967,0.0062091278900122,-0.0036577886805677,-0.0120042993720653,0.0031560675398454,0.0168728115869374,0.0047854547782524,0.014982346886929,0.0,-0.0203465982028241,0.0,0.0017973935764481,-0.0501502851868506,0.0081685957185291,0.0003828246249353,0.0,-0.0316197633514551,-0.0170899641509075,0.0420059913458339,0.0199018121636094,0.0,-0.0150145549256932,0.0235973758934691,-0.011801164898106,-0.0048970825129764,-0.0026050124947799,-0.015572105619499,0.0022553441851342,-0.0017308341776426,-0.0083434639402345,-0.0197879100695794,-0.00304218100977,0.0090627638615254,0.0083315955635951,0.0,0.0,0.0214476027850969,-0.003102104124574,0.0011801332988659,0.0018043864634929,-0.0163075903215114,0.0085943505943111,-0.0217687539989156,0.0,0.0127440791992561,0.0023266141489033,-0.0034143984538571,-0.0095017653323939,-0.0148469499329169,-0.0177169659999513,-0.0237136712071912,-0.0042546725421668,0.0165751089221442,-0.0066464400816933,0.0113816184746093,-0.0023302550951213,-0.0065225657375178,-0.0004631818664299,0.0141172674348251,0.0,0.0155525238744884,0.0270216252947996,0.0,-0.0034513902328882,-0.0041439838931947,-0.0043208673826087,0.0,-0.0078600405679514,-0.0115546022915573,0.0543153121949682,-0.0218667039262261,0.0,-0.0039332840112005,0.0347812262634468,0.0
2017-04-27,-0.0005467379330041,0.0,-0.0311748677672702,0.0,-0.0077145817963163,-0.0073204510980675,0.0140167651504738,0.0298762115656876,0.0291953934445172,-0.0115801210576615,-0.0098450716880382,0.0,-0.0297123763349276,0.0,0.0077639311330803,-0.0359545522499625,-0.0033781209519696,0.0011583770310383,-0.0353258505177064,-0.0036326109391124,-0.0115978386723273,-0.0428255036415521,-0.0049635912400797,0.0,-0.0121947425727174,-0.0066003443657931,-0.0054180433443468,-0.0069357008727184,-0.0110852661660131,-0.0103163686382392,0.0103358631389156,-0.0043240157313825,-0.0123742665549035,0.0262668399097312,-0.013262132503961,-0.0134999442151065,-0.0066082791060068,0.0,0.0,0.0090358841331603,0.0124675005629824,0.006746895978805,0.0056735800289982,-0.0539793786643305,0.0006351750151465,0.0048680387046522,0.0,0.0513339814214732,0.0005875270888513,0.0239826755874461,-0.0038354726182816,-0.0035756924904457,-0.0152407343262903,-0.0192905157317968,0.0,-0.0186341190720208,0.0095075109336375,-0.0097558526749108,0.0116537729553376,0.0043867396808574,0.0416187984514835,0.0067747623530034,0.0,-0.0279643560809601,0.0077842213832561,0.0,-0.0005826185466905,0.0093627628983345,0.0108432902824779,0.0,-0.0107821303834592,-0.0067583858232119,-0.0281029745550112,-0.0324548246553817,0.0,0.0022470642434726,-0.0134516899965857,0.0
2017-04-28,0.0032985515766097,0.0,0.0307717759947059,0.0524455741872003,0.0482117224366303,0.0031667995393744,0.0089104214663233,-0.0061097403360356,-0.0023876351932936,0.0299824343706185,0.0039797770287788,0.0,0.0377798035045071,0.0,0.0115541659298792,0.0349435269184046,0.0121905635693289,0.0023140734924946,0.0064940921800304,0.0394967615417547,0.0557215095960483,0.0197343537944691,0.0289159928737838,0.0,0.0185179353131987,0.0100144439094846,0.0294477836742164,-0.0099038593898295,0.0131920269888845,0.0132036136205697,0.0120077746190505,0.0113931980590153,0.0185446482563997,0.1110674280840402,0.0123897313906233,0.0478398552363719,0.0003340644018068,0.0,0.0,-0.0081551623177227,0.0154076350695568,-0.0075826001628028,0.006411691486599,0.0614047585126087,0.0,0.0235266643810772,0.0,0.0036472915007834,0.0290703270893093,-0.0133834159275274,0.0231014406527561,0.0134690068338501,0.0112557157931763,0.0174812084209312,0.0212879597131085,0.0303807082502611,0.0014009229610094,0.0219768149249695,0.005765871416181,0.0217206507401435,0.0325226611303686,0.0250467486633831,0.0,0.0023954854313024,0.031591549839725,0.0,0.0289050102017685,0.0103065718980621,-0.0124464790015486,0.0,0.0108996518508495,-0.0016991966744294,0.0265187597947329,0.0238510032037559,0.0,0.0005347091932457,0.0051045127353266,0.0
2017-05-02,0.0169756351621881,0.0,0.0104592996816734,-0.0038799853526658,0.0225461254612546,0.0284112232058102,0.0316554171284013,-0.0599066083461401,-0.0664435874735531,-0.0020105298567595,0.0188128655725849,0.0,0.0226755156483831,0.0,0.0084941379324043,0.046175361486402,0.0240790942433424,0.0011543654597363,0.0407742629267855,0.0160752481035193,0.0277772640689437,0.0232360256578085,0.0086307938199254,0.0,0.0300701895426858,0.0327009247783391,0.0042388525016066,0.0199985365139763,-0.0390674228103339,-0.0246913580246913,0.0285765058882228,0.0019107210347288,0.0651202516483173,0.0199893246331093,0.0255140003916194,0.0217485159201296,0.0106429318155418,0.0,0.0,0.0066094519482762,0.0192162172926042,0.0336295913437227,0.0205094895317075,0.0206711409395972,0.0126563735973983,0.0175828656867125,0.0,0.0277927063339731,0.0180813050717454,-0.0101737210864766,-0.0006230633115399,0.0073905965946223,0.0,0.0014435324087178,0.0416884572282405,-0.0230351055007831,-0.0017398869073509,0.0274238753896141,0.0618464042364543,-0.0084920817075969,0.0067682198863585,0.0335560123329907,0.0,0.0198074404283188,-0.0051289730822507,0.0,-0.0005665811548812,0.0051007150625077,0.0186916965510879,0.0,0.0190695240529128,0.02172442877442,0.0352032568999582,0.0214784746605911,0.0,0.0237771548046541,0.0271317162187754,0.0
2017-05-03,-0.0005361372511363,0.0,0.0339651612220044,-0.0177860511681383,0.0056094852024264,-0.0020607049328124,-0.0032441816307708,-0.0102298091735044,-0.0006750783573092,-0.0036842517833345,0.0330401500557639,0.0382700409510061,-0.0566565929696198,0.0,0.0,0.0387663515707057,0.0117523644052517,-0.0011530344366088,-0.0178233166867572,-0.0233914305513788,0.0297255960413853,-0.0416213565321221,0.0125581026832877,0.0,0.0014858841010401,-0.0158788774002953,0.0021104802363738,0.0028839324786753,0.0359137187230369,-0.0154711673699016,-0.0170974815602364,-0.0086761531529644,0.0273521157061971,0.0057857848440658,-0.0487464915128024,-0.0404584587756826,-0.0003304360318941,0.0,0.0,-0.0065660539303339,-0.0099251704667564,-0.0125010870510479,-0.0164789174484707,-0.008087848500789,0.0062587395727855,0.0026572145521852,0.0,0.0044570603321629,-0.0172089048962229,0.0388183199198421,0.0075312972784251,0.0008787138931152,0.0062608695652173,0.0121534156750799,0.0239546725955674,-0.0113175516363293,-0.0020962138609198,-0.0021646415063972,0.0118730340291677,0.0257523148148148,-0.0342288042654493,-0.043050514592552,0.0,0.0184313106960183,0.0071874764807706,0.0,-0.0078657701210966,-0.0135296877543398,-0.0162206827854749,0.0,0.0024719369476953,0.000695363745891,-0.0385460644265803,-0.0620076794940569,0.0,-0.0058062330002838,0.0258451636692755,0.0
2017-05-04,0.0253240566528689,0.0,0.0142868115830709,-0.056593857253203,-0.0158613705053469,-0.0107550010755,-0.042039492304008,-0.0204805041354864,-0.0147732938735464,-0.0225413060582219,-0.0131761357362809,-0.0242040746836161,-0.0470088352330207,0.0,-0.0203316249148088,-0.0549223274197997,-0.0122638758383826,-0.0011543654597362,-0.0253353204172878,-0.0348230064799442,-0.0288674926171211,-0.0684139097158876,-0.0158974425853232,0.0,-0.013323142403261,-0.0160412757973734,-0.0021060354900949,-0.0100575843198968,-0.0091619024773783,-0.0071428571428571,-0.0069566040414557,-0.0288988013445234,-0.0133167072799268,0.0087222897764474,-0.0219791248494581,-0.0642923983046183,-0.0187692219252105,0.0,0.0,-0.0301673242519368,-0.0230488406512086,-0.0302173003676713,-0.0327476463183277,-0.0448790188929398,-0.0118070995936517,-0.0941025336029498,0.0,-0.0130515617253346,-0.0152478357608959,-0.0010889856876166,-0.0305270453120358,0.0027811330760392,-0.0269863216631277,-0.0395688475608053,-0.0273166631645302,-0.0130687780215587,0.004885705181916,-0.0166288981540472,-0.019194465482744,0.0,-0.0215292010561495,-0.0202627665170772,0.0,-0.0197349498882718,0.0030637025966746,0.0,-0.0079360670438943,-0.0226452088833669,-0.0112643969117833,0.0,0.0862687171667837,0.0291664034543366,-0.0518812595867544,-0.0368572740065165,0.0,-0.0440589909634393,-0.019834980802222,0.0
2017-05-05,-0.0068325212393803,0.0,0.0246623753628674,-0.010196502127085,0.0161170083461632,0.0077625570776254,0.023180764510704,0.0050585625899841,0.0013060264960125,0.004129271139373,0.0019145418153339,0.0032277763238246,0.0262915782024062,0.0,0.0068200096509571,-0.0033069104702619,0.0117682756810839,0.0011556995593893,-0.0161899622234212,0.0176027520772357,0.0229599640125957,0.0451853267099733,0.0016101245693083,0.0,-0.0217354982760454,-0.0279340261226045,-0.0084419209454951,-0.0002962663217452,-0.0046199471429627,0.0071942446043165,0.0135749686836228,0.0198428247997213,-0.0125220679741839,0.0552020307392726,-0.0032016418676242,0.0047649861756573,0.0033589157732341,0.0,0.0,0.0311056999896066,0.0276930535075845,0.0095008910632599,0.015745866480918,0.0256107717934479,0.0204049965086507,-0.0087816509713913,0.0,0.1409697715598981,-0.0045853704846441,0.0285936769973522,-0.0167143246187364,0.0038017004824106,0.0533634448983735,0.0448624760132581,0.016058183913012,0.0127585540305432,0.0,0.0047072716686213,0.0032616838586987,0.0146403385049365,0.0155586586907705,0.0506771313230409,0.0,0.0090504886361071,0.0045815174879875,0.0,-0.0114153607397985,0.0161484144561081,0.0092864125122189,0.0443777318048188,-0.0178310980491067,-0.0016175621028308,0.0397792158355538,0.0276108849702716,0.0,0.0405392383595435,0.0120351386041239,0.0
2017-05-08,-0.0005346374293374,0.0,0.010297595585337,-0.0321240960567608,-0.004697007153167,-0.0025675879776468,-0.0250655235218337,-0.0060397227922103,-0.0006521615077973,0.0236556898707793,0.0057078333808986,0.0,-0.0176188670137571,0.0,0.0,-0.0197853134910954,-0.0148573837063215,-0.0007730125846446,-0.0420552203327848,0.0292121046892039,0.0074053226856167,-0.0324239100630656,0.0180665903693364,0.0,-0.0206813029841939,-0.0033346410357003,-0.0042568968595086,-0.0061005580131262,0.0013309371959788,0.0,0.015119356268723,-0.0097230375153424,-0.004874998778808,-0.0148237245500431,-0.0139389322407297,-0.0094262295081967,0.0100332820802273,0.0,0.0,-0.0040319096852231,-0.0019851409253507,0.0052848179548878,0.0023279735802068,0.0374906949989848,-0.0043339416058393,0.0048006358458074,0.0,0.0154426980143529,0.0080685156220197,0.0267389395269963,-0.0169897870867232,0.0047999812683658,-0.0060946232414724,-0.0091549099813562,0.0158043940467753,-0.0159381561366674,0.0156545431057768,-0.0083419718723727,0.0054222957448764,-0.0185715477216492,0.0170669391926419,-0.0118799762779018,0.0,-0.0169544600518922,-0.0020393029291806,0.0,-0.008091924259589,0.0055220540086202,0.0222183788769745,-0.0189598165082958,-0.0280472963165593,-0.0010813273926627,-0.0191286838733296,-0.0007679031681707,0.0,0.0013335432429177,0.0,0.0
2017-05-09,0.0031780744330205,0.0,0.0163374786637406,0.0338158717851573,0.003541382902011,0.0041316950765768,0.0037135338945399,0.0040509484672612,0.008793611172291,0.0103759622236665,-0.0066254580449347,0.0080579710144925,0.0195844447564226,0.0,0.025030354347062,0.0100798924811467,0.0157314464373869,0.0003919627016544,0.0566902080549722,0.0192972464670277,0.0015714485263305,0.0335104498760185,0.0107736493950381,0.0,0.0234645020135078,0.0304074001180869,0.0619613034904085,-0.0046762276006516,0.021853683550026,0.0007142857142856,0.0,-0.0053673047077081,0.016669939132142,0.0210621383255098,0.0413430217990478,0.038063715349607,0.011918411392344,0.0,0.0,0.0054940288581095,0.0029934813005889,0.0084783678582613,0.0025746282092831,0.0522470810775552,0.0006300114547537,0.0323153914708038,0.0,0.0312611782559211,0.0285719691952544,0.0281218663363416,0.007316622203439,-0.003623568340965,0.0108824741268571,0.0042687036620985,0.089513709621154,0.0045582387741247,0.0010290920863973,0.0185939699236981,0.0452582266910419,0.0105096172912948,0.0025760011692488,0.00437367113824,0.0,0.0318088737201365,0.010626044956344,0.0,0.0104829499102627,0.018555238039696,0.0260893104887374,0.0159862757898252,-0.0220790111543807,0.0002715295804323,0.0219588815277906,0.0180557880480269,0.0,-0.0165268619308774,0.0162074020391018,0.0
2017-05-10,0.0126641834934326,0.0,0.0066938579654509,-0.0260450845868667,0.0147063519943793,0.0220599323552856,0.0293259791404219,0.0211816735849788,0.0148463211689455,0.0069599454365079,0.0,0.0,-0.0016179001721169,0.0,-0.0063200632785621,-0.0122215651488271,0.0290558273661019,0.0,0.0256502890173411,0.0178404365904367,0.0018304801087827,0.0216159400420437,0.0097202221765069,0.0,0.0160640703906806,-0.0064941266354693,0.0201283016907773,0.0082273255346665,0.0194385019676199,-0.0078515346181298,0.0029775098754076,-0.0412847019049477,0.0269993626759883,0.0079715209225124,0.0250842155919155,0.0390024483288731,0.0242178127320853,0.0,0.0,0.0103097230609956,0.0069704883268864,0.0029058805261641,0.004884618838107,0.0,-0.0149008833686299,0.0441154685097491,0.0,0.0323736848190541,0.0111113155135302,0.033434214489594,0.0191420180406964,0.0148334814537629,0.03157667593747,0.0417225950782997,0.0285604508196721,0.0111025294458388,0.0130063645709401,0.015070707070707,0.0,0.0436476788517605,0.0396978697815113,0.0083405380664192,0.0,-0.0042780276969216,0.0195581044814527,0.0,0.0242118435393372,-0.0354133465660219,0.0080576014070572,0.0190221451839454,0.0243042911346309,0.0246192378966876,0.0262348966734637,0.0022645909162251,0.0,0.0268290389317282,0.0276674716760945,0.0
2017-05-11,0.0177172061328789,0.0,0.0511928310970233,0.0852037557206486,0.0289824854045037,0.0050376240962839,0.0311807446773322,-0.0003292431207181,0.0060476641992621,0.0016471421314327,0.0,0.0127954453965151,-0.0015860428231562,0.0,-0.013591037600825,-0.0044901217321891,-0.01505836790277,0.0,0.0227192673476577,-0.0154085762067073,0.0023491743087338,-0.0079176917915455,-0.0220419701522945,0.0,0.0150477961915507,0.0,0.0009801924741585,-0.0072832948031336,0.0038148656700951,0.0071942446043165,0.0453942724447991,-0.0131109001311089,0.0131447806382458,0.0043009121833899,0.0162940359525065,0.0242766330556774,0.0054290481967473,0.0,0.0,0.0027183581685952,0.0168473598003275,0.0086702645315401,0.0171470950908734,-0.0076245970741383,-0.0063042299349239,-0.0017074781672741,0.0,-0.0589295350186827,-0.0027473027309279,0.0147120055517002,-0.0246144873840031,0.0170422137593695,-0.001952353282975,0.0061204767529261,0.0416511019798282,0.000954836245584,0.0192476539071142,-0.0124188990168372,0.0216438386112964,0.077708238201402,-0.0154761591783437,-0.005390376758965,0.0,-0.0138193736988969,-0.0014783831536435,0.0,0.0241912599318954,-0.0143351800554016,0.0058776703052245,-0.0090035926387564,0.0322025734535196,-0.0124094810837543,-0.0046264717221744,-0.0090304395161892,0.0,-0.0034251279843945,0.017601413160053,0.0
2017-05-12,0.0081946008460906,0.0,0.0246672863717776,0.0028625338665977,-0.0084494656955516,0.0064804328677487,0.0290831328521785,0.0177913177862509,0.0101138901648951,0.0239902870842809,-0.0095262935638521,0.0005394202651676,-0.0310114998100633,0.0,-0.0041024825584862,0.0372857572416556,0.0050988603487682,0.0011548058482666,0.0222145686240744,0.0124082669916758,-0.0119961112461374,-0.0320137072774823,0.0155531829012642,0.0,-0.0066838895731322,0.0577717965971353,0.0236414736815333,0.0102714225226672,0.0012710907507178,0.0007142857142856,0.0040577039579967,0.0022790782903476,0.0166771846462248,0.0034249161300063,-0.0351066286858109,-0.0452624257664115,-0.0073090561100658,0.0,0.0,0.0079484486331506,0.0029147810079006,0.0045829313218139,0.009557861077192,-0.0269223561746516,0.0019003440109925,0.0017103986356017,0.0,0.005690731464552,0.0214825220754579,0.0608671864314047,-0.0066386465953854,0.0019713698187813,0.0398220814606085,0.0425026680896478,-0.0200227123304046,0.0071544405227512,0.0238513430364593,0.0075127967433799,0.0010057671114154,0.007377498629181,0.0041924429213582,0.03616229613149,0.0,0.0343813159667638,0.018705763397371,0.0,-0.0241739973678741,0.0287360359727393,0.0029270831074783,-0.0194877258401029,-0.0344754794124836,0.0120324633285284,-0.0327145964305931,-0.015584200585442,0.0,0.0248945496650401,0.0183044017358957,0.0
2017-05-15,0.0025433002528205,0.0,-0.0049341741343067,-0.0257133897773595,0.0113632420135341,0.0119189014606906,-0.0180892513896825,-0.001941566321292,0.0015681477822468,-0.0051329000885499,-0.0326908849235707,0.0,0.0231654727538401,0.0,-0.0214830574438275,-0.0174654555995746,-0.0038087210966573,0.0011534738099652,0.0064858490566037,0.0125251335117759,-0.0472316423889932,0.0606018259735421,-0.0184433717329844,0.0,-0.016406332693209,0.0390766993820428,0.0211822292898671,0.0072549118788343,0.0101171527625627,0.0,-0.0016152651988913,0.0211963663371992,-0.0177728687619239,-0.0039238662445375,0.0374411553498761,0.0428691510226955,0.0035207659994598,0.0,0.0,0.0173486918072491,0.0,0.0062864252504748,0.0042376937200336,0.0473745025035305,0.009493424636215,-0.0119278847329925,0.0,0.0283034091031337,0.024817153216228,0.0018179473955646,0.0160392306126242,-0.0016848056537103,0.0163266220241429,0.0148951961712691,-0.0067699438887532,-0.0434741428300815,-0.00873042756149,0.0071767463816236,0.021174710063599,0.0422089168192387,-0.003962203942703,0.0111705186399617,0.0,-0.0235557195892401,-0.0004962779156328,0.0,0.0061991292826044,0.0155131032060413,-0.0008323244552059,-0.0066250150911506,0.0238081539187369,0.003170272247571,0.0603727090713075,0.0285659685063446,0.0,-0.0067247686679577,0.0199844751221442,0.0
2017-05-16,0.0040499239698288,0.0,0.0731788668504846,-0.0346034182532412,0.0140454150336266,0.0127669213186993,0.0,-0.0012968955562622,0.0015578640822302,0.0206450736946912,-0.0208711433756806,0.0,0.0194364136681877,0.0,-0.0150362444470733,-0.0044992992894549,0.0127229915791995,0.0030655282378355,0.0367394761067869,0.0307863548399336,0.0332331298526455,0.0117045105186877,0.0410805021095392,0.0,0.0250276718730784,0.0,0.031096025402387,0.0054809065017613,-0.0112725834439114,0.0,-0.0283412023921939,0.0161351684010295,0.0236705637441685,-0.0013706687676391,0.0370705070276298,0.0498119290703922,0.002232205010163,0.0,0.0,0.0079035517537302,-0.002906309751434,-0.0036875555844776,-0.0012390822126715,-0.0301544496200047,0.0,0.0034512297172171,0.0,0.0348579319579862,0.0015772320883946,-0.0318142623647057,-0.0161258004094612,0.0247823895524335,0.0,0.0012608750472828,0.0102548357384095,-0.0361421922962669,0.020568783068783,-0.0048457309904356,0.0335684977390722,-0.0228848162567657,0.0014594772579625,-0.0182948963047212,0.0,0.0681029882604054,0.0343311107958574,0.0,0.0257411152393045,-0.0010184082087544,0.0175150105479526,0.0233345993163693,0.0083059839050487,0.0072400453779972,0.0250689905591865,0.0228899276886376,0.0,-0.005461373196844,-0.0450502879995224,0.0
2017-05-17,-0.0090793222372168,0.0,-0.0156020139651491,-0.035236792614122,-0.0027709267001533,-0.0067909643576032,-0.0270464742233131,-0.0259778367410643,-0.0196579593240475,-0.017064392399731,-0.0345160863233152,0.0,-0.0238152185054838,0.0,-0.0271769066699798,-0.0056310200049395,-0.0012531624618731,0.0007691676580383,-0.0041168873103002,-0.0155715074544449,-0.0200981704596163,-0.0398081222460984,-0.0039773155002383,0.0,-0.0214619953206551,-0.0300857092880881,-0.0109612639080622,-0.0103241365040632,-0.0500306481272381,-0.0042826552462527,-0.0145839272293777,-0.0198872395718627,-0.0349072619814978,-0.0075490254354064,-0.0116061330811872,-0.0226749245022265,-0.0181373661229007,0.0,0.0,-0.0139939849211035,-0.0194830098949145,-0.0071193747142452,-0.0203704507005595,-0.0039180990899898,-0.0068893085639403,-0.0109990427033268,0.0,-0.0051758997169429,-0.0252220743176815,-0.032859668478911,-0.0081817698832946,-0.0175902029808845,-0.0055751432349053,-0.0057171640851277,-0.0271091660588378,-0.000513663447709,-0.0051195645129933,-0.0094433002857735,-0.0133781635153883,-0.0180272108843535,-0.0225978157518238,-0.0189871077476767,0.0,-0.0284768625491788,-0.0425181730901109,0.0,-0.0087343919548837,-0.0166573698282328,-0.0090160971356879,-0.0214961179317408,0.0039571512969425,-0.0132042407474125,-0.0222171843119473,-0.0154101004817018,0.0,-0.0308605556715347,-0.0164231580592232,0.0
2017-05-18,-0.0427709977377449,0.0,-0.0780888234055988,-0.2096971415406971,-0.1111111111111111,-0.0843824848000983,-0.1990581633096969,-0.1300011537426129,-0.1311242754518707,-0.1022541014420835,0.0147141505423529,-0.108514238192194,-0.008120406020301,0.0,-0.003137598821591,-0.204311757985197,-0.082394255050505,-0.003822387096113,-0.1129934343843721,-0.0837633684840326,-0.108071185267491,-0.1390238940253634,-0.0936700888077093,0.0,-0.1626331519656678,-0.1937781785392245,-0.1478812750524909,-0.0521591810251603,0.0266655799390074,-0.0329749103942651,-0.1057088568479325,-0.0526818416735952,-0.1286969446116797,-0.0309430469345529,-0.1202378495995197,-0.1708913794909395,-0.062236495854673,0.0,0.0,-0.0276191537368729,-0.0963193303606351,-0.0991689325497762,-0.1204690170656322,-0.1796726303768557,0.0164064849760841,-0.0774853436447549,0.0,-0.1623343630599139,-0.1428596929667975,-0.1000041233145951,-0.0825372734577269,-0.1244754458007538,-0.1136570124315818,-0.1576067683266628,-0.0870923403723603,-0.0905540137732552,-0.0356956748306408,-0.0294783666825152,-0.1694073207283777,-0.201816022564204,-0.0706700609146285,-0.1114726705070137,0.0,-0.0825137665788176,-0.0478441484028077,0.0,-0.0919063514211487,0.1147624356943057,-0.0570778705233568,-0.1211748820414789,-0.0433237847800501,-0.0472958123905599,-0.1613725944817992,0.0007452994480356,0.0,-0.028883706555028,-0.0276277325876971,0.0
2017-05-19,-0.0095798159916532,0.0,0.041392694063927,0.0246995246210421,0.0446879983712804,0.0202338632146132,0.0332405458619051,0.0306559985854477,0.0164805417656934,0.0229225641111538,-0.0207308503162333,0.0351915591726446,0.0147505116804289,0.0,-0.010706537521994,0.0442002746909728,0.0259462155677294,0.0019133833967697,0.0519053276066892,0.0130193453595623,0.0094963852469061,0.0714154435896763,-0.0020361645054135,0.0,0.0298165977230295,0.1096074264623643,0.0737525900207201,0.0210990682639282,-0.0162347757629485,0.0,0.0264815944831235,0.0115990844076521,0.0080865443788258,0.0203340881125091,0.0622374789450117,0.1246920598825089,0.0200453610528592,0.0,0.0,-0.0173315190145383,0.0065790897483064,0.0209948516972358,0.0259480033026562,0.0856921887084301,-0.0086865215731196,0.0131858622461398,0.0,0.0574527191779992,0.0440260740987565,0.0129503214672959,0.0232472145185616,0.0212474781871216,0.0098004900245012,0.035752946836661,0.0610457158499861,0.0022603978300181,-0.0096708096910745,0.0020841463718415,0.0337996490274103,0.0620563528718884,-0.0094406996879189,0.0229988263740614,0.0,-0.0034796823914058,0.0471641341958777,0.0,0.0618182126879292,0.020152658361116,0.0263181849213753,0.0454545454545454,0.0085766677498724,0.0191907729513534,0.0569187171689244,0.0145188287604061,0.0,0.0561390311412011,0.0133975982354381,0.0
2017-05-22,-0.0026814786439379,0.0,-0.0397474404226865,-0.0357678209967722,-0.0457686436273873,-0.0334195301542776,-0.0464694518549669,-0.0170987826410184,-0.0284636147797747,-0.0091043810740222,0.0634953492865224,-0.0316957210776546,0.0053554040895813,0.0,0.0044550159940255,-0.0300430467535574,-0.0087597237124463,-0.0038297260667788,-0.0385718008861089,-0.0273827269919288,-0.0400962958467358,0.0028916607444802,-0.0509313742557711,0.0,-0.062278939978316,-0.0207640358834794,-0.0606028997600918,-0.0074860892818567,0.0699716885335197,-0.0348406226834693,-0.022568238302261,-0.0132129667624127,-0.0577582144540118,-0.0489493160642304,-0.0167402649538338,-0.0362257792754844,-0.0111815022062268,0.0,0.0,-0.0019532104074047,-0.0283803831351722,-0.0324003433148959,-0.0196680766701671,-0.0526428266134776,0.0313240250361097,-0.0527883501572067,0.0,-0.1071252394773372,-0.0385589754842312,-0.0841411750516366,-0.0366319873709035,-0.0536524293955923,-0.0069324090121316,-0.016141675134272,-0.0431501547987616,0.0188317546233647,0.0501676803274029,-0.0252643266713068,-0.1093565084336485,-0.0476315559057874,-0.0416386836803223,-0.0130135802895746,0.0,-0.0397225281807317,-0.0431003519862077,0.0,0.0273986840316919,0.0699106444094703,-0.021363873213672,-0.0253636949090969,-0.0170074680966134,0.0004088591005828,-0.0025831344210837,0.0245882575262017,0.0,-0.0247283353118438,0.0015961305925029,0.0
2017-05-23,0.0172284104730811,0.0,0.0254794520547945,0.053219254249597,0.0344848126417367,0.00807128120253,0.023512548754772,0.010210834830292,0.0066716223750231,0.030034620373966,0.0457807248614772,-0.0279836975706812,0.0037703216879971,0.0,0.0361224165273486,0.0422535211267607,0.0061141131998883,0.0003813528750915,0.0261136712749614,0.0235557273831878,0.0202533246222258,0.0101160659743431,0.0282630547871833,0.0,0.0074868742773746,-0.04251158003088,0.0053714190539639,0.0015085107021703,-0.0141916182718656,0.0291858678955454,0.0103612515571187,0.0255916737952663,0.0187317428022595,0.0643401830846461,0.0468092924509044,0.0634032634032633,0.0246750462438987,0.0,0.0,0.020285960479619,0.0123697196344405,0.0167426389059996,0.0157678176339264,-0.0138356267388525,0.0297657395217687,0.0439518946822661,0.0,0.0901825750664901,0.0225631768953069,-0.0046421281359056,0.0114015517956209,0.0462834311698501,0.0076788830715532,0.0066983386939714,0.0150320188742838,-0.0040951853901493,0.0477711143345818,0.0099120159816381,0.0113952083752768,0.0500137905672519,0.0286388556824273,0.0227711956978404,0.0,0.0283092541975789,0.0312288867202161,0.0,-0.0166684824054907,-0.0039789077697217,0.0118044226934928,0.003727360520475,0.0086508633304067,0.0205951577295699,0.0308484133228428,0.012179982833105,0.0,-0.0124154978371191,0.0068733500740454,0.0
2017-05-24,-0.0015811706956363,0.0,0.0248463799091638,0.0666156697121187,0.0090895630429059,0.0113127769156378,0.0177073374358698,0.0071127749181094,0.0114272000590742,0.0229901654072612,-0.0057202417143354,-0.0354914325332629,-0.0154726213859883,0.0,-0.0021403150742889,0.024336152344905,0.0067577790105401,0.0003915104059344,0.0363684395914054,0.008700930797248,0.0099359636438751,-0.0157236507898109,0.0347930328307513,0.0,0.0454904616773901,0.0259084067942378,0.0459998619451922,0.0099366780321481,0.0244054829454891,-0.0082089552238806,0.0116619767340662,0.0249530826440538,0.0495832728976759,-0.0082907642844319,-0.0182920883792586,-0.0154537483559842,0.0033428054263415,0.0,0.0,0.006727741196679,0.0,0.0110870118382628,0.0081804025152274,0.0140297369424322,-0.0206453835761758,0.030079409208445,0.0,0.0322097819681792,0.0361465339704374,0.0595706678133165,0.0015030695804094,0.0300159483552859,0.0270671483002622,0.0333567827412357,0.0222473103997873,-0.0457879528784174,-0.0027481893977746,0.0098063147616602,0.0725907052047667,0.008668242710796,0.0342132945950006,0.0050799649468724,0.0,0.0278858932978927,0.0416757661789328,0.0,-0.011300686904498,-0.005988168927698,0.0017690395682647,-0.0148203163242913,0.0058260990668956,0.0009367547526002,0.0099856892987757,-0.0261903760705324,0.0,0.0081914369145588,-0.016802289331905,0.0
2017-05-25,0.0031752284903876,0.0,0.0193778241223496,-0.0172223961858201,-0.0090076871031115,-0.0143664101765778,0.0039826404509248,-0.0007434253322182,-0.0069266992772138,-0.0053713694247538,0.0430675152876576,0.0006161429451632,0.0065103255162757,0.0,0.0214532152803759,-0.00923760861407,-0.0026883067007296,0.0034501225565923,-0.0224318123884781,0.0100167168171179,0.0184287496676278,0.0101747401017473,0.0030271895406808,0.0,-0.0408479090189304,-0.0396101854762653,-0.0368102208085314,-0.0038732368239459,0.0238240456067415,0.0105342362678706,0.0073767671264302,0.0220963877209638,-0.0376843022823186,-0.0006966729751228,-0.0124153274666772,-0.0022264276967605,0.0066681862048563,0.0,0.0,-0.0030143608701834,-0.0233224043715847,-0.0081491778917597,-0.018750244398389,0.0231596360628618,0.0512063251060048,-0.0182480412965436,0.0,-0.0038021077149675,-0.0183288620831457,0.003308984204283,0.0022609661732171,-0.0138056962376701,-0.0236558103680863,-0.0143246156464514,-0.0181251218086141,0.0258560447239692,0.0297643097643098,0.0089692079422503,0.0174948035237059,0.0,-0.0104911362975879,-0.026429437488931,0.0,-0.0133915171665396,-0.0071630734826513,0.0,0.0394281872318627,0.0602586689832669,-0.0070524856938484,-0.0045061252462949,-0.0057923522488634,0.0073405703140907,0.0049434805881798,0.0065419686359742,0.0,0.0,0.0144065040650405,0.0
2017-05-26,0.0058198440187553,0.0,0.0404270735657659,0.0365181820050568,0.0151520136878124,0.0318366425992779,0.0415002833458533,0.0249232772249605,0.0231121975426633,0.0033742500571571,-0.0045823811631829,-0.0031814449917898,0.0123800250382528,0.0,0.0078012135221035,0.0319629381428279,0.0087479908920438,0.0053677912001068,-0.0058235549760974,0.0071632858429109,0.0286592223650385,0.0028708366785878,0.0425758638232343,0.0,0.0129638662714346,0.0037097654118931,0.0010551124996576,0.0095792147427542,-0.0167045578884662,-0.0022338049143707,0.0288355477117299,-0.0106268867976691,0.0099198020458211,0.0146403320012296,0.0010459409445651,-0.002287180631485,-0.0066240160325274,0.0,0.0,0.0015973073961037,0.0193362128773806,0.0192716640085059,0.0270986510450914,-0.0180789299625192,-0.0200625302743405,0.0089199446974106,0.0,0.0252034383954156,0.0246952983184058,-0.0197728686994398,0.017220423363768,0.0093326410999003,0.0062422896619787,-0.0043742265964487,0.0184597062326319,0.0141916439600362,-0.0196684037908206,0.048892120090547,0.0068824630949195,0.0192997685185185,0.0110624883745973,0.0283433385108378,0.0,0.0191430109288337,0.0062293235728865,0.0,0.028037455144692,-0.0116393932200534,0.0257426188358977,0.05739905683109,0.0291537068845455,0.0104714084097501,-0.0024752475247525,0.0057772883925124,0.0,0.0,0.0126310390151636,0.0
2017-05-29,-0.0078866816591705,0.0,-0.0399827942893428,-0.0133866153678344,-0.0131350781946356,-0.0052262141654457,-0.0069342511514906,-0.0112512476181834,-0.0100330542880753,-0.0053743586520103,-0.0129089641577923,-0.0133498061017879,0.0308463863698817,0.0,0.0041672050652536,-0.0064656389406516,-0.0119999004157642,0.0007554412185062,-0.0035845427522294,0.0109380135410503,0.0011714402858313,0.0301302734043327,0.0032179148175746,0.0,0.0219287685440703,-0.0243504728774868,0.0021216891383204,-0.0062271737927472,-0.0109237255653505,0.0246268656716417,-0.0071175115685501,-0.0042584106404381,-0.0103692684634233,-0.0058430492060487,0.0272263301719981,0.0135308918087782,0.0026672744819424,0.0,0.0,0.010835825145949,-0.0022394449689332,-0.0006164131865006,-0.0049954410537956,0.032258064516129,0.0058507913397505,-0.0217402806289814,0.0,0.0137284933313954,-0.0135198271330957,0.0369947150407083,-0.0110405873018907,0.0018467907362995,-0.0130691709781034,-0.0080353787900685,-0.0036380172805819,-0.0108586141273927,0.0039510277803433,0.0,-0.014806048017004,0.0063303715899736,0.0047929355035487,-0.0062118562768322,0.0,-0.0136627706721164,-0.006190759329859,0.0,-0.0144341325663094,0.0364218143502412,-0.0008669124747606,-0.0021485424092974,0.0,-0.0093136205559396,0.0074127587398309,0.0071801288157764,0.0,-0.0005360165506865,-0.0150694906132269,0.0
2017-05-30,-0.004769625513561,0.0,0.0119055239070602,0.0,-0.0178464393336015,-0.0042205222896333,0.0118628950050967,0.0168853812976048,0.0159324955768271,0.0030413865562815,0.0186790706736155,-0.0161391304347826,0.0268243918693769,0.0,0.0080062731220846,0.0077865241979027,-0.0027046323127966,0.0022850147913904,0.0144774940773888,-0.0097403019623653,0.0199106846857388,0.0,-0.0112200027606333,0.0,-0.008046831107164,-0.0056824512534818,-0.0010517688840322,0.0081371435359451,0.0214762080367021,-0.0203932993445011,0.0201610655966115,0.0065103435889954,0.0016468455723066,-0.0107099126554379,0.0132425718365509,0.0088817785623656,0.008643163581665,0.0,0.0,0.0208336267977631,0.0089338761139838,-0.0003083966930385,0.0030708039657241,0.0,-0.0017423470755375,0.0128072689905081,0.0,0.0058008094665682,0.007153499294517,0.0,-0.0074522274524206,-0.0039960657928109,-0.0132173913043479,-0.0155016171799878,0.0181913020799373,0.0169760072430962,-0.0278550108353435,0.0196282293635789,-0.0104072176322046,-0.0042031029619181,-0.0145222217939329,0.0082018841055975,0.0,0.0069143735158541,-0.0067220384317591,0.0,-0.0276722198577248,-0.0066082588284543,0.0155959977594481,-0.0064431938667318,0.0183364157156391,-0.0005277979490267,0.0,0.0192410852932043,0.0,0.0178956183020804,0.0306001092861045,0.0
2017-05-31,-0.0042547133999747,0.0,-0.0411790752103233,-0.0178598349698985,-0.0117041687741137,-0.0274392935982339,-0.0227550339373637,-0.0234635863189243,-0.0188977503103482,-0.0198783983870459,0.0009084606373568,-0.0721204836314783,-0.0392016874898588,0.0,-0.0255873236233948,-0.0154527253757438,-0.0189416590164486,-0.0015164777006534,-0.0066597474485381,-0.0155749330251615,0.0022944550669214,-0.0445564373690035,-0.0275539778770474,0.0,-0.036065993093746,-0.0154639175257731,-0.0254331150096399,0.0006038869700339,-0.0384391807963189,0.011895910780669,-0.0118616752482278,-0.0133044865003514,-0.0198289655172414,-0.0085594679487531,-0.0402316602316602,-0.017607174103237,-0.027687733768102,0.0,0.0,-0.0024699875810679,-0.0088547687073344,0.0012339673235959,-0.0105837075048107,-0.0312499999999998,-0.0273712664357383,-0.0193364412617547,0.0,-0.0346150894159182,-0.0189372416090287,-0.0248699112335475,-0.0285038173885945,-0.010191723649643,-0.0388237071353039,-0.0299227513540709,0.0071080942622949,0.022145559759626,0.002807482413804,-0.0026264561381825,-0.009339890250096,0.0020962578963767,0.0013787708404635,-0.0143349947712241,0.0,-0.0030981942614043,-0.0260780214718491,0.0,0.0044632039707663,-0.013296911685028,-0.0319890990494111,-0.0064849778361517,-0.0121149033244004,-0.0084775797785621,-0.0293393196769868,-0.0499993074888159,0.0,0.0058603318389796,-0.0276330973396126,0.0
2017-06-01,-0.0085537288539432,0.0,0.0245414962396095,-0.0400020466639378,-0.0168252048166273,0.0065142883083277,-0.0105922375135301,-0.0055447740504573,-0.0054435392107777,0.025777834919002,-0.0292951489239735,-0.0105920902232721,-0.0397541122031952,0.0,0.0123722145117644,-0.0248603751969067,-0.0103447683802067,0.0,-0.0022638223770136,0.0144339798831407,-0.0088706600534147,-0.0247960365778512,-0.0049970263933227,0.0,0.0,-0.0117231959936263,0.0130484194575786,0.0063296263312455,-0.001253619268828,0.0036737692872887,0.0048928480107255,-0.0168520276685203,-0.0191155941820146,0.006868962609096,-0.0021119961380641,-0.0313926305243237,0.0067812157856841,0.0,0.0,0.0038732345658518,-0.0207063483331499,-0.0091366949102328,-0.0113943323019497,-0.0230521667539855,0.0119725762665072,0.0026518988031061,0.0,-0.0134702314699135,-0.0174853456626156,0.0144079102252216,0.0030873788354166,-0.0031247647014532,-0.0058675607711652,-0.0108005857944838,0.0035607553888217,0.0005443658138268,-0.0062178882248087,0.004577421153727,-0.0259456080025006,-0.0230388692579505,0.0110345096966975,-0.0243677274011202,0.0,0.0155159217941878,0.0084403536217121,0.0,-0.0172209857905466,0.0099755187956163,-0.0132162527510585,-0.022473766834669,-0.0155703524347591,0.0220435795885103,-0.0176345882050622,-0.0183989153095887,0.0,-0.006882989183874,0.006831959457292,0.0
2017-06-02,0.0010814448102665,0.0,-0.0030049366816914,0.0037948641417318,0.0171131368491694,0.0059309038426844,0.0014326274387224,-0.0142394544401792,-0.0139396102766871,0.015071755342483,0.0349036060087843,0.0,-0.0086880056278579,0.0,0.0035789533280221,0.0268452433400887,-0.017418610501479,0.0003771469344069,-0.0089885679378654,-0.014767766030193,0.007506496006159,0.0089725767723998,0.0268006815246366,0.0,0.0121495858526508,0.019808821835771,0.0225336897358836,0.0002998632331105,0.015635751968805,-0.0117130307467057,0.0238843537882798,0.0032304420302351,0.0051646964306208,0.0131262088841621,0.004212775392554,0.0092518101367657,-0.0050504308296717,0.0,0.0,0.0012401648041227,0.0057073521481214,0.0031214868323485,0.0099657210989119,0.0188462422431625,-0.0082843788079952,0.0155054336905104,0.0,-0.0247179369099701,0.0171867059660535,0.0327851097736451,0.0123214981662653,0.0029772020594935,0.0147554806070826,0.0179507741656899,0.0,-0.005658324265506,-0.0162486679257625,-0.0005474044547928,-0.0096790757381257,0.0085648148148147,0.0050127491886879,0.0064400412388605,0.0,-0.0118759420819438,-0.0088387026949025,0.0,-0.0169605599676941,0.0128068625452129,-0.0026718594330223,0.001487617276646,-0.0053860781835365,0.0183016182225781,0.0153680149102441,0.0041215523771331,0.0,0.0,-0.0067856005097163,0.0
2017-06-05,0.018308687023878,0.0,-0.0246286329386437,-0.0181167500292034,0.0003129877215763,0.0,-0.0170889039171824,0.0018854105481469,-0.0007332875415375,0.0019833307609198,0.0264390499060842,0.0,-0.0159315899655819,0.0,0.0261440015473637,0.0026029003747032,-0.0319146118600524,0.0003871940657413,-0.0113596336738287,-0.0410966217749362,-0.005731206418951,-0.0192635270541082,0.0061957619917434,0.0,-0.0304868913857677,0.0213438735177866,-0.0188947582283623,-0.0074870220077501,-0.0098493118028631,0.0370370370370369,-0.0216009994492282,0.0119634221804596,0.0005594884676867,-0.0103616515547916,-0.0125652348454435,-0.0137789671468427,-0.0013539461375609,0.0,0.0,-0.0054637288228898,-0.004535502033156,-0.0043636363636363,-0.001131355265229,-0.0045868110384239,0.0238686901104947,0.0018664698583836,0.0,-0.0186748196852901,-0.0193143553721486,0.0232951821668263,-0.0152119405342441,-0.0035896502601241,0.0174750727046115,0.0099381893103867,-0.0318063739466514,0.0093018165900635,0.0022308740092451,0.0034559368057269,-0.0366836906644543,0.006397750745926,-0.0178847724760943,0.028022957214824,0.0,0.003790505246614,0.0158695493921525,0.0,0.0005718842377426,0.0229263746505126,-0.0174590201153339,0.0,-0.0213175188331462,0.0023079776345977,-0.0075677068238174,-0.0108273612744336,0.0,-0.0168039233829924,-0.0057895243288321,0.0
2017-06-06,0.0084632551706795,0.0,0.0129342691917184,0.0222904792290803,0.0224308154161645,-0.0053579034680656,0.0286194395194367,0.0094165502565846,0.0133574845571502,-0.0118610257476682,0.048840656922471,0.0157116451016636,0.0178481286507536,0.0,-0.0144746556084381,0.0182585872418121,0.0241756037061355,0.0,0.0068584661975594,-0.0037721666991453,0.046748006532808,-0.003013971546065,0.0149152497290252,0.0,0.0324113420381673,0.0171384343210969,0.0149789466418168,0.0,-0.0130581884535455,0.0,-0.0136888498345529,-0.0131355452383647,0.0188065594723207,0.0153507084519581,0.0031914461113142,0.0232665550487847,-0.0020312076318189,0.0,0.0,0.0043866932359126,0.0136909437773538,0.017219700870565,0.0160834408517427,-0.0046834869315606,-0.0168998190904369,0.0052046355954369,0.0,4.811682765737402e-05,0.0086196356522803,-0.0072466950678554,0.0200779863874658,0.0159722878286885,0.000714559142529,0.0,-0.0255218899286695,0.0034695869023093,-0.0155385520894645,0.0286746617466175,-0.0126890575380806,0.0338094016363066,0.0048437285946336,0.003119028119028,0.0,0.0208841814414,-0.0087782156932998,0.0,0.002302329700053,-0.0200947521865889,0.0204958754072601,-0.0103809732795435,0.0051822563286696,0.0152414369714497,0.0127198390550977,0.0033944179021898,0.0,-0.0100325634799631,-0.0068878744374364,0.0
2017-06-07,-0.0120623689931661,0.0,0.020678985444086,-0.0007511478809165,0.0176708986394276,0.0113144608727011,0.011975662777685,0.0156745206579569,0.016105524644111,-0.0089947543590264,-0.0008502744067403,0.0,-0.0071203372418435,0.0,0.0205645386227617,-0.0179311890619746,0.0364803618652442,0.0003768588307191,0.0041578202406227,0.0002934149306283,-0.0035794265575094,-0.0197012784054518,0.0220473575930706,0.0,0.0009167446211413,-0.0036960539189042,0.0168661588683352,0.0096577431379194,0.0081915118988773,0.0,0.0076145665126119,0.0072289156626506,0.0039203826293445,0.0001732173498827,-0.0137383234382282,-0.0135973820807944,0.0118810609466315,0.0,0.0,0.0107879472589245,0.0168936123104175,0.0126314054645837,0.0163910590698486,-0.0046296296296296,0.0047371345801714,0.0133132952397134,0.0,0.0526974198592651,0.0219609269248641,0.0,0.009836484414921,0.0146425228285733,-0.022161018029735,-0.0235209408376335,0.0074541669464776,-0.0021609940572663,0.0141641211831335,0.0085793288991853,0.032137162171371,-0.0061216048531642,0.0220179376564186,0.0201868319532989,0.0,-0.0033606243092676,0.0063979757816734,0.0,0.0017187650592733,-0.0128827830381648,-0.000894393623766,0.0104898683223033,0.02168119450231,0.0010091668804255,-0.0050304389618711,-0.0048881172552028,0.0,0.0041069323496976,0.0074554137023681,0.0
2017-06-08,-0.0164530504397206,0.0,-0.0005977669136012,-0.0331071137415167,0.0089807097605278,-0.0090706485402273,-0.0149735611145007,-0.0110202756127866,-0.0151285520974291,-0.0070629134124569,0.0042439380208219,0.0,0.0132367632367633,0.0,-0.0014406915319352,-0.0260755449047128,-0.0124222535308065,0.0,-0.0759404457757025,-0.0331321935411779,0.0041449440893097,0.0200972193184194,0.0378226948990647,0.0,-0.0138320342436306,-0.0225859247135842,-0.0051899411449973,-0.0077704896502914,-0.0062529051812515,0.0,0.0084412085710734,-0.01473000683527,-0.0061253863233177,-0.0034366864930103,0.0246337805354097,0.0299147743522278,-0.0073818032690842,0.0,0.0,-0.0180878905185104,-0.0077512628461942,-0.0024296675191817,-0.0103855727323879,-0.0141059855127717,-0.0123854167611137,0.0032806645179888,0.0,0.0309429132958545,-0.017910801834572,0.0208370199964609,-0.002997129372841,-0.0071422898095593,0.0014604631754642,-0.0023350129040187,-0.0185975203306225,-0.0012994044396318,-0.0053914422912021,-0.0221920893907733,-0.0136932035758143,-0.0226396248924894,-0.0152644116245831,-0.0304446993544256,0.0,0.0,-0.0161626319948279,0.0,-0.0269078430429275,0.0074598187037999,-0.0169746965971284,0.046672180679574,0.0134639480578653,-0.0018881729566428,0.0126235790422823,0.0215504653792297,0.0,-0.0076405983715205,-0.0084643288996371,0.0
2017-06-09,-0.0226705907826044,0.0,0.0047636340332812,0.00621961368315,-0.0385753927819149,-0.002136607966174,-0.0162464190776059,-0.0159757864755472,-0.020490414296575,0.0081270545368135,-0.0016948033367817,0.0,0.0130990527835486,0.0,-0.0256570664456244,0.0241080321049855,0.0069851597974912,0.0,-0.0251692249022785,-0.0294568043917943,0.0471306964115358,0.0166781953731456,0.0087342718248699,0.0,0.0243181258173961,0.0018977450323731,0.0343812187382348,0.0030075298546974,-0.0201262294556755,-0.035,0.0132134148012166,-0.0061280886144737,0.025775163339994,-0.010345614111309,0.0104467436637794,0.0022770187715206,-0.0256939935863385,0.0,0.0,-0.0039424184793925,-0.0167427367681909,-0.0082390369533041,-0.0157370287564566,-0.0095127610208816,-0.0155336240532476,0.0032751604933112,0.0,-0.0202496009930837,0.0109404565401183,0.0357096424702056,-0.0255619430590392,0.0113227982080441,0.0058333333333333,0.00080068982508,-0.0264891666100658,0.0007589721348801,-0.0389361266474841,0.0096466433773103,-0.0050606474415615,-0.0315666960002269,0.0059217401401092,-0.0341452341810027,0.0,0.0161582330044354,0.0099664135514019,0.0,-0.0029415157457607,-0.0311889963425854,-0.0068241288284861,-0.0092084892271965,0.006642539225824,-0.0113639818527614,-0.0149467323898869,0.0103646692321788,0.0,-0.0208943547079083,-0.0176097560975611,0.0
2017-06-12,-0.0016574766968623,0.0,-0.0272769793349773,-0.0131458668872153,-0.0052447479211612,-0.0064686260367832,-0.0237161408801731,-0.0128328823567817,-0.0160656841475274,-0.0292368253569155,-0.0118286445012786,0.0,-0.0360432379826908,0.0,-0.010947206215188,-0.026143416950316,-0.0013907965549709,0.0,-0.0156479217603912,-0.0182640925261606,-0.0060619864393713,-0.0298105029734906,-0.0191114785217844,0.0,-0.0210021834869176,-0.011476323119777,-0.0332384406400707,-0.0029985117411163,0.0070623316157043,0.0103626943005181,-0.0095661756255197,-0.0088648975650615,-0.0234968371746885,-0.014805384374777,-0.0155180282975809,-0.0178977115310023,-0.0034680855360135,0.0,0.0,0.0074421975387788,0.0,-0.0009165256627187,0.0,0.0047630202233153,0.0139602547723181,-0.0261053376929004,0.0,-0.0146498184327522,-0.0234461336280278,-0.0098469949928169,0.0030849976962679,-0.0173964367424427,0.0,0.0038771616714874,0.0350240703272168,0.0140845070422535,0.0,-0.0181707646582005,-0.0177619893428064,0.0217206507401435,-0.0135917660638708,-0.0036534558273688,0.0,-0.0046545810877021,-0.0123260437375745,0.0,0.0041319240717632,0.0013587480989107,0.0100743973351593,-0.0164233279619773,-0.0234360171052779,-0.0091984186373902,-0.0025504439063761,-0.0168529951610211,0.0,-0.0030889761554426,-0.0054289355644934,0.0
2017-06-13,0.0171529547135695,0.0,0.0182938823683691,-0.0242931498390013,0.0089950855501699,0.0065107415893468,0.0110175070874816,-0.0011463844797179,-0.0079739208120283,-0.0079562929987859,0.0076975423643725,0.0,-0.0368500757193337,0.0,-0.0092709804112501,0.0107204746380002,-0.0118079584775085,0.0,-0.0024838549428712,-0.0126300148588409,-0.0018508399287866,-0.0107529674553907,0.0289229885631523,0.0,-0.0102632921919595,0.0077772768259694,-0.0187436131877588,0.0033090181775399,0.0140580764135995,0.0043956043956043,-0.0017542422629043,0.0161394448030987,0.0005603684983244,-0.0015930218956958,-0.004192618572494,0.0023132475739111,-0.0006940047111269,0.0,0.0,-0.0051876547650338,0.0068066683032426,0.0119963305341894,0.0123366133059186,-0.0095585949642523,0.0233330267635427,0.0003742234862658,0.0,0.0296434065807904,0.0110818856536987,0.0109450493724556,-0.0076887743893915,0.0118586865653158,0.0065503314001658,0.0030958803334968,0.0150320188742838,0.0080128205128204,-0.0159452792105851,0.0028819325000954,0.0206723656090743,0.006397750745926,-0.0039006504334596,-0.0024445683406956,0.0,0.0179670194437608,-0.0024886546625677,0.0,-0.0088141619139323,0.0038162936464494,-0.0099739161409677,-0.0021844178195538,-0.0003315649867374,0.0059317094703881,0.0,-0.0175108474276101,0.0,0.0140851953942096,-0.0070894839321671,0.0
2017-06-14,-0.0114256163287733,0.0,0.0041854475209273,-0.0080356234671852,0.0147621651175504,0.0123963216732778,-0.000358818291759,0.0336879432624113,0.038657201161153,0.0066249479876312,0.0033986870218865,0.0044492544492544,0.0539083557951483,0.0,-0.023248956725079,0.0265605021504127,0.0077296800455199,0.000376716861643,-0.0046812749003984,0.0127915726109855,0.0175007946879526,0.0046472549688869,0.00591565190484,0.0,-0.0103697196547245,0.0115199642098198,0.0137986790539614,-0.0032981046891719,-0.0056733410600054,0.0167760758570385,0.0070361379876235,0.0126371722305649,0.0206996202829397,-0.000351470317495,-0.0263749165030463,-0.0136222910216717,0.0041770586207594,0.0,0.0,0.0071059072199355,0.0101520592277342,0.0109360109708762,0.0088689008172544,-0.0193016869360532,-0.0064259843439654,0.0122806267501764,0.0,0.0052071718478212,0.0200957902697251,-0.0226424032995206,0.0155067621961035,0.0048653610771114,-0.0237929881420891,-0.0247211611917493,0.0,-0.0079491255961843,0.0175482577086989,-0.0247423623391669,0.0265753976243205,-0.0021095242167677,-0.0089968378904912,0.0188019489825166,0.0,0.0042641111306489,0.0279938362195479,0.0,-0.0106693900596156,0.008417689436414,-0.0032033797978155,0.0189233116624651,0.0037170469491623,-0.0157634724893465,0.0050815639564993,-0.0102371134794918,0.0,0.0113834616904584,0.0038382246953723,0.0
2017-06-16,-0.0219955371373924,0.0,0.0137223469060596,0.0040560555998634,0.0,0.0079700788102765,0.0036559425684659,-0.0255581731350932,-0.0047964285055435,-0.0045064395075337,0.0355267222737103,0.0,-0.0159491332764989,0.0,0.0071109322197344,-0.0103323331257429,-0.0055768863253357,0.0,0.0114079855899129,-0.0189374412469295,0.0117326483503132,-0.0355425465189211,0.007352586373287,0.0,-0.0066575326605045,0.0018796992481202,0.0261809826316143,0.0364433201953056,-0.0228164061745329,0.0007173601147776,0.006111058299496,0.0130384194196018,-0.0219259259259261,0.0134610233056524,-0.0227442827442827,0.0229983450322432,0.0097177069240554,0.0,0.0,-0.0053297985446612,0.0055735978232247,-0.0066101831308127,-0.007142035432165,0.009840787262981,0.0064675446848541,0.001837167805218,0.0,0.0077758427527148,-0.0125336074648109,0.0221547410290405,0.0,0.0074180090745759,-0.0036888701517705,-0.0269457325479384,0.0148094036392614,-0.0135683760683761,0.0315124638849693,0.0091132196395353,0.0234294306073086,-0.0042565347807457,0.0051171612597304,0.0008017779778313,0.0,0.0413219522871524,-0.005353510118134,0.0,-0.0173726217552223,-0.0040366189888649,0.0009198560832759,0.000716180803099,0.0400752051048314,0.0024765839164859,0.0075677068238173,-0.02069358020944,0.0,0.0065949984751447,-0.008765778401122,0.0
2017-06-19,0.0050563300237356,0.0,-0.0294136251502308,0.0040283230828586,-0.0030312253224533,0.0185087021821714,-0.01310020531161,0.0167260722215729,0.0025951396741243,0.0205498970062611,-0.0196045005114218,0.0,0.0201061256903583,0.0,0.0199498755214362,-0.0078659077257516,0.0112250602746428,0.0007633277016712,-0.0143464925299297,0.0057955335754578,-0.0077196232823838,0.0,0.0040895509876595,0.0,0.0105291786463594,-0.0113673987418606,0.0061247069360659,0.0113304197292618,0.046045867931989,-0.0007168458781361,-0.0017344473389392,-0.0130620333982681,0.0028049861433685,0.0052479129496243,0.0210611411309193,0.0,0.0103091237244834,0.0,0.0,0.0,0.0011129053375811,0.0093852705642736,0.005262293973949,-0.0048328315639359,0.0064349717346563,0.0201823259735469,0.0,-0.007715845551006,0.0241741741741741,0.0295549325634265,-0.0167959808555544,0.0085724822111925,-0.0118745371839628,0.0008049974240083,0.0,0.0007581501137225,0.0080336981066526,0.0065214697317059,0.004829004688478,-0.0084920817075969,0.0229198199437816,0.0088265471053703,0.0,-0.0234352011433854,0.0014711686820481,0.0,-0.0152455950052526,-0.0213507891838983,-0.011004862613713,-0.004277744343781,0.0259101416567151,0.0062334954829741,-0.0024929685502429,0.0324750296389855,0.0,-0.0174588146184434,0.0110667542574156,0.0
2017-06-20,0.0111926956434966,0.0,-0.0333463677441779,-0.040957945773669,-0.004863881451656,-0.0238756126122219,-0.0416476525380505,-0.0089725722331576,-0.0232680681124853,-0.0337782316289979,-0.0133346374543555,0.0,-0.0246638358103327,0.0,-0.0285884552274749,-0.0157988813930691,-0.0388645571479168,-0.0003762877686135,-0.0465769925717727,-0.0185464044253227,-0.0233736147848486,-0.0352536310427054,-0.0229704103903539,0.0,-0.0341420277596217,-0.0248939495423085,-0.0030502572427245,-0.0057455540355677,-0.0235561687677585,-0.0459110473457674,-0.0056518182494237,-0.0058530240624321,-0.0240218400707116,-0.0026075190770696,-0.0195432952746061,-0.0292312841682472,-0.0006779526818719,0.0,0.0,-0.0097588739120174,-0.0254811779322973,-0.025784483450466,-0.022014753342554,-0.0294562534830028,-0.011037389603779,-0.0294938016528925,0.0,-0.043316213907777,-0.0389581195328153,-0.0019101549799501,-0.0100985668500938,-0.0119222446667585,-0.0240077081604797,-0.0349731347125252,-0.0145932857797264,-0.0032467532467532,-0.0111575410330418,-0.0284254428490081,-0.0263810310851184,0.0021412037037036,-0.0147101212552124,-0.0166975493542499,0.0,-0.0134515636097539,-0.0112504478681476,0.0,-0.012385297229787,-0.0049774957804588,-0.0037169473981367,-0.0114835505896959,-0.0012601183229747,-0.0118752460341028,-0.0200897148349887,-0.0257647623908019,0.0,-0.0044518963922293,-0.0082133813141409,0.0
2017-06-21,0.0033222864567485,0.0,-0.024451086590107,-0.0075421002392259,-0.0311541331564546,0.0148845888965409,-0.0053919303110513,-0.0071691083195,-0.0056692883576099,-0.0007100806684665,-0.0160481996717665,-0.0287797688309672,0.0354097884845625,0.0,-0.0108449934871213,-0.0053605952311207,-0.0353759594470709,0.0,-0.0038955569593598,-0.0140121804205219,-0.0231364288116691,0.0182568884644553,-0.0327388581682352,0.0,0.0019505592930215,-0.0098454493417287,0.0172939044567586,0.007225209206497,-0.0038131984411695,0.0300751879699248,-0.0030595386215758,-0.0017100098698556,-0.0154533990599564,-0.0291201880564389,0.0177228101491775,0.0324100678082979,-0.0129344069089143,0.0,0.0,0.0090559901309335,-0.0057036771942381,-0.0021535999246828,0.0011196228638774,-0.0302682306619638,-0.0129303728317696,-0.0196444728298473,0.0,-0.0035363958908238,0.0196584934251338,0.0153376314896505,-0.0211769497047442,-0.0173499472221886,-0.0176602862940821,-0.0185370407414816,0.003718953380263,-0.0040173724212813,-0.0206499956434607,0.0083795342943133,0.0012274745364324,-0.0149852745856672,-0.0247983851307204,0.0064679753749372,0.0,0.005519438020856,-0.0053993332367009,0.0,-0.0219372969175375,-0.015541193192973,0.0027981109799291,-0.0028918449971081,-0.0139108677986398,-0.0066607258304065,0.0102344439721413,0.0295583579203613,0.0,-0.0075304411793174,-0.0132200030236347,0.0
2017-06-22,0.0038604342373798,0.0,-0.0070722661199291,0.0641319448567392,0.008827367835519,-0.0062824245342906,0.005421160832465,0.0117841184544842,0.0125454510841629,0.0123691407702413,0.019746563381543,-0.0666533546325879,0.0162584533445462,0.0,0.0169152411335165,0.0632601973199822,0.0232003428805696,0.0003764294143979,0.0039107916710705,0.0171806027501666,0.0248260365323282,0.0326317821973352,0.0015396458814471,0.0,-0.0107667858561779,0.0138744363510232,-0.0100037433362161,-0.0031523642732048,0.0146634973477464,-0.0153284671532846,0.004385157299616,0.021900327642697,0.0023287766936028,-0.0229901963557369,0.0184999582393718,0.0134698875654013,0.0024130838308333,0.0,0.0,-0.0097666018338428,0.0022945582975277,-0.0067931738038236,0.0008436831675397,-0.0052444594823211,0.0017929835795635,0.0041585459204449,0.0,-0.0244819120094017,-0.0030121082763159,-0.0273778490742597,0.0016018306636156,0.0059883196898422,0.0211043492825637,0.0343433657177798,-0.0147545322217811,0.0027253897307313,0.0052713523131673,0.0211281986836111,0.0332055194720504,0.004338267624212,0.0152993880244789,-0.0004012106707961,0.0,0.0,0.0178525886253506,0.0,0.0096074417268252,-0.0045070197830249,0.0023193661184173,0.0036294332117998,-0.0198648927057243,0.005259473208349,0.0228508544795442,0.0207784628277265,0.0,0.0098404462822812,-0.0072688274547187,0.0
2017-06-23,0.002196312807198,0.0,0.0258920699735512,-0.0491642304001428,0.0059380407858573,-0.006322142920081,-0.0199991596991723,-0.0116468703546016,-0.008253741445439,-0.0122180144298259,0.0067291648370948,0.067476787471653,0.0106885494604005,0.0,-0.0018505290507997,-0.026590588039775,0.0263349602972244,0.0,0.0108443882922719,0.0328129878239151,0.0064186441277362,0.0079068276525271,-0.0003087158679955,0.0,0.0019679505201013,0.0019386475082678,0.0131427975383331,-0.0051862262825017,-0.005655523710432,-0.0200148257968865,0.0,-0.012116098548768,0.0063776399247228,-0.0027561129543101,0.0363073516749354,0.03097539543058,-0.0041289018122127,0.0,0.0,0.0015853641427108,-0.0102794299180787,-0.0030992103544498,-0.0033718878651244,0.0366496598639456,-0.0208015633132745,0.0007514935258021,0.0,0.0237961759127831,-0.0042316926770709,-0.0203966628640542,0.0120049016553469,-0.0013746379301881,-0.0122477992235769,-0.0091300206903346,0.0112148277483044,-0.012285279408567,0.0062282894882403,-0.0084148667774289,-0.0178490280232264,-0.0129877710649971,0.0187917347883468,0.0028096019378507,0.0,-0.001930962660823,-0.0048680960733077,0.0,0.0374682058305615,-0.0356825193317039,0.000469847534475,-0.0065225647715451,-0.0013165027491673,-0.0107263844560165,0.0421808746281879,0.0081436686824263,0.0,-0.003341542324593,-0.0011317454601573,0.0
2017-06-26,0.0105094218188632,0.0,0.0182957166764665,0.0216870863258695,0.0065228024016732,0.0281096898623334,0.0584780278670953,0.0341987675593586,0.0450529867864795,0.0137820486337758,0.0041762531485458,0.0371572871572871,0.0137481663425784,0.0,0.00462862212699,0.0312153202629257,-0.0142492103488659,0.0007627454769194,0.0204145401520674,0.0282941869955564,0.0186236098178047,0.0219442383123078,0.0202807030811795,0.0,0.0405643738977072,0.0215114955611199,0.0299083702254709,0.0101298371031774,-0.0176857647247633,0.021180030257186,0.0043660116517512,0.0137678931365516,0.0167145709965255,0.0049758754231237,0.0340263902352173,0.0214148732154273,-0.0335048696893248,0.0,0.0,0.0103375822944389,0.0265324171712362,0.0121495104461968,0.0281777410598371,0.0100894102206545,0.0163848815196814,0.0145107615178494,0.0,0.0257945754497157,0.0024312567186071,0.0059489568279713,0.0150230887634685,0.0061144978123002,0.0154995848325492,0.0285041927678897,0.0148094036392614,-0.0016510731975784,0.0061787438020162,0.0084862776734877,0.0133280209752462,0.0021881838074397,0.0173043831325765,0.0224419290509227,0.0,0.0064562410329986,0.0024459551814683,0.0,-0.0287685911448287,0.0032241445214471,0.0199004391011341,0.029918223522372,0.0252126905352709,0.0125619518959667,0.0428723242750872,0.0084414262447649,0.0,0.0192734425721179,0.00619731850097,0.0
2017-06-27,0.0010964470279029,0.0,-0.0148577520154572,-0.012244429129336,0.0,-0.0072234081549044,-0.0322680816017929,-0.0091847396362814,-0.0112289230936679,-0.0223073474876728,0.0025083612040135,-0.0207922705314008,0.0307241889890967,0.0,0.0095228573570946,-0.0037803532008829,-0.0310975499991,-0.0007621641396691,0.0005103603143818,0.0131551871123261,-0.0073132449074632,0.0567427385892116,-0.0135523284185038,0.0,0.0142526964560862,-0.0037883008356545,-0.0164567401409506,-0.0108884164592015,-0.0353744608547902,0.0,-0.0086940649147833,-0.0065040102446586,-0.0022706888134514,-0.0014674616380108,-0.0059882530754367,-0.0209658913111505,-0.0064320217971183,0.0,0.0,-0.0028421694764861,-0.0191088430865752,-0.0030832960670323,-0.0090395155967515,-0.0250121812571059,-0.0053766400587208,-0.0104105649928111,0.0,-0.0199214047202598,-0.0102927469708055,-0.0137941615409291,-0.010130011929555,0.0015636165963244,-0.0076315072226764,-0.0048983274789726,-0.0072639225181598,0.0121278941565601,-0.031392388465783,-0.013283797920128,-0.0107682356074729,0.0043668122270741,-0.0204785616542495,-0.025472501510906,0.0,-0.021512343679129,0.0137069862571315,0.0,0.0302473984765971,-0.0210718131367514,-0.0131577432685998,-0.0120392485959588,-0.0213943034965637,0.0015651748593787,-0.002300055317786,0.0163810320338579,0.0,-0.0101437426322393,-0.0212755067221729,0.0
2017-06-28,0.0005476230742593,0.0,-0.0125794670634384,0.0454450310486778,-0.0169742161154514,0.0088180357065288,0.0111193269807607,0.0059281637655239,0.0084301872253766,-0.0096283699294752,0.0016572251768247,0.0241543987054504,0.0445003101635703,0.0,0.0167326896096393,0.0468382128908955,0.0567224353674509,0.0026543542596793,-0.0094878596204855,0.0196143858172903,0.007645127100238,0.0377441837636203,-0.018322197661822,0.0,0.0028104823395367,-0.0096186108936361,0.0127936374839603,0.0092690134969846,0.0020053249507137,-0.0074074074074074,0.0482435501360558,-0.0005653358660381,0.0,-0.0172651214460117,0.0301023943336671,0.0643511613040699,-0.0018002742278184,0.0,0.0,-0.0023636388915924,0.0091662537723526,-0.0033997544621777,-0.0002799335881694,-0.0050807929368649,0.0036068779749824,0.00187801006269,0.0,-0.0203263338432301,0.0091744977316914,-0.0009899869887425,0.0125929405997222,-0.0015306838070727,-0.0084592145015106,-0.0106544901065448,0.0404087013843112,0.0070806100217863,0.0130406335311239,-0.0138679929217888,0.0,0.0022032902467685,0.0068589501052609,-0.0044256830562582,0.0,0.0039290996181267,0.0009557183816502,0.0,0.011008687010606,-0.0116680486690471,-0.0110468236007744,0.0272305531052958,-0.0205591378853459,-0.0093868381947689,0.0297653787790357,0.0311628797820797,0.0,-0.0005474399976951,-0.0034341497428745,0.0
2017-06-29,-0.0027366167368259,0.0,0.0312100456621005,-0.0426798069008474,0.0062813481460648,0.0056837754047536,0.0064436901509508,0.0014803901430098,0.0047211003165592,0.0115232780316996,0.0033197802673126,0.0007322054799798,-0.000968992248062,0.0,0.0110675947158016,-0.0217759432714187,0.0240081580266016,0.001896744091693,0.0069008136780306,0.0174727166659551,0.0104322935526701,-0.0391618975547463,-0.004662852185672,0.0,0.0186903499469777,0.0097120271033315,0.0097092250181891,-0.0243922942206654,0.0019945504824108,0.0,-0.0041833382128102,-0.0024436324143314,0.0056782621559188,-0.0056108330880186,-0.0107062780269059,-0.006056056056056,0.0036017993268253,0.0,0.0,0.0083898931055148,0.0136356535517416,0.0015516914621436,0.0099645640020469,-0.0102971954792799,-0.0275104554437244,0.0037543505349546,0.0,0.0310392959379215,0.0,-0.0020102494408108,0.022532654193353,-0.0085751978891822,0.0100825439033849,0.008281505728314,-0.0105810048786668,-0.0032449972958356,-0.0042983452484355,-0.007810153199159,0.0193476421263174,0.0021691338121059,0.0056848839898251,-0.0008069596732521,0.0,0.007189815527363,-0.0028997807482848,0.0,0.0133123183432053,0.0384309159553792,0.0190731195225233,0.0097797566987356,-0.0136631118526368,0.0015810582878792,0.0044491045114487,0.0038180542370083,0.0,0.0052563806888068,0.0046004757906521,0.0
2017-06-30,0.0032929516307373,0.0,0.0117342307436845,0.0280718061929936,0.0205897423953045,0.0112604898098989,0.0090346992774983,0.0158217104704785,0.0180804157499705,0.0195719468761441,0.0173523166959463,0.0321164510166358,-0.0019398642095053,0.0,0.0121346167741107,-0.0012171702144924,0.0255142337145015,0.0015084483229901,0.0031710310965629,0.006111118880141,0.0336018294139732,0.0451144474526212,0.0121827736477826,0.0,0.0055023701087459,-0.0096186108936361,-0.0038388908214481,-0.0023479909239739,0.0046491855490626,0.0156716417910447,0.0033581163188771,0.0180432539097497,0.0028287582882617,0.0075193757141927,0.011804257087276,0.0081071554458933,-0.0017918244743371,0.0,0.0,0.0112777278695321,0.0100616468516072,0.0064928153273018,0.0065679404200806,-0.0156487903907968,-0.0018525169656526,0.0227843088991508,0.0,0.0302654826644639,0.0242429107547814,0.0020142986836131,0.0273528048215114,0.0089573938542668,0.0146163549607853,0.0156153621400514,0.0142802254098359,-0.0032555615843733,0.0139124988816321,0.0037207004796278,0.0260996440385896,-0.0021644388546022,0.0203403146377449,0.0105131166006644,0.0,0.027593433461404,0.0198255071641368,0.0,0.0268602298004716,-0.0148644637910566,0.0059377748969859,0.0158897637795276,0.0189155827828193,0.018657975783656,0.0176893779094371,0.0034608715913841,0.0,0.0005544350020552,0.011422402535216,0.0
2017-07-03,-0.0016410718451599,0.0,-0.0054927019279165,0.0120477842700692,-0.0163237191855569,0.0055675515474828,0.0138043478260869,0.0099355961705831,0.0085728514513376,-0.0185024974698834,0.0064941256237223,0.0,0.0237938493369698,0.0,0.0,0.0123761035584684,0.0047130324136082,0.0003740169419566,0.0047924951565208,-0.0109943568787702,0.0837419717007612,0.0153309940418717,0.0111180757371422,0.0,-0.0063781405409402,0.0116318464144551,-0.0087050871132284,0.0117891767009017,0.0046276706495529,-0.0007347538574576,-0.003346877116216,0.0075639426076106,0.0118359886266192,-0.0205210175886041,0.0116665422235495,0.0302197802197803,0.0093520059450915,0.0,0.0,-0.0023233248144757,0.0,0.0032313404775332,0.0093934616188284,-0.0264673025693906,0.0221862394182148,0.0062100752847373,0.0,0.0156236080178173,-0.0011854145032035,-0.0360004530139584,-0.0133170750441662,0.0039809986689298,0.006054217681559,-0.0008310957678047,-0.0106067302228677,0.0084921066956995,0.0081623648797706,0.0012779704876131,0.0057858736424036,0.0,0.0121787468191594,0.021200075714556,0.0,0.0066493881713121,0.0047296122413493,0.0,-0.0023209603075069,-0.0165616395939509,0.0108849486244233,0.0095180517447177,-0.0046439107561497,0.0006453995437336,0.0217343091594588,0.0224146644629905,0.0,-0.0073660778262906,0.0176115137638368,0.0
2017-07-04,-0.0021916925184319,0.0,0.024556616643929,0.0039643985839836,0.0018813405606059,-0.0010105050419989,0.0051463493084593,-0.0008203954443923,0.0013843332275242,-0.0046234314842379,0.0048417994652969,0.0,0.0042562312450242,0.0,0.0,-0.0036647674076452,0.0040160307951242,-0.0022533674201469,0.0031459305865637,0.0061415220293725,0.0207650939228201,-0.0109709143201743,0.0030495250380409,0.0,0.0,0.0077026121902208,0.0165691639932061,-0.002041556704771,0.0039444830721506,0.0,0.0,0.0020232843543732,0.0005575565641133,-0.0190490475476226,-0.0038378508035499,-0.0117333333333333,0.0032042474425646,0.0,0.0,-0.0007808112217639,-0.0011116681561565,0.0042867684090934,-0.0040461067984003,-0.0271868655662458,0.0012042723878868,-0.0061717482633834,0.0,0.0,0.0011868213784782,-0.0290476540127763,0.009001119058045,0.0060998601228483,0.003008892351503,0.0056945421971976,-0.0035096675387658,-0.0008636510849616,0.0109628008752733,0.0042808897908706,0.0057404021937843,0.0,-0.0061227897656641,-0.0035286444924998,0.0,-0.0006331117442228,0.0,0.0,0.0069872417536669,-0.006016304440322,0.0157077001878094,0.0027025781981788,0.0146616329520483,-0.002321249956886,-0.0063761667028434,-0.0010153369315448,0.0,0.0,0.003907968194891,0.0
2017-07-05,-0.0010901779008827,0.0,0.0023839182165714,0.0774732486485283,0.009372197498221,-0.0010115271953301,-0.00512,0.0021665183222592,0.0003522087893703,-0.0153549260240097,-0.0088303689271571,0.0433094921467849,-0.0198188858737079,0.0,0.0,0.0208344520216936,0.0,0.0007494429815675,-0.0026302478502782,-0.0145267627667895,-0.0006865466702485,-0.0208250275556389,0.0137029915597064,0.0,0.0045956908421092,-0.0132934529744099,-0.0028712160590083,-0.0081686767599007,0.0288347562031352,-0.0110294117647059,-0.006304634723184,0.0018205892088711,-0.0178095779419794,0.0244648318042812,0.022189705310341,0.0138350586272875,0.0063931943748158,0.0,0.0,0.0046748190392629,0.0099943263649455,-0.0003032246778239,0.0027115121167746,-0.0055348879412031,-0.0006014119301622,0.0146070178559283,0.0,0.0,-0.0023708290064071,-0.0021477078512334,-0.0066833831613463,0.0003022371594545,-0.0195259140216953,-0.0177185392543581,0.0142802254098359,-0.010264721772015,-0.0108439211272481,0.0015550749119843,0.0228547884780843,0.0108456690605305,0.0061605092687662,0.0031484454120191,0.0,0.001562664977299,0.0042573811913746,0.0,-0.0289304097596562,0.005145239583244,-0.0189947890401749,-0.0053752737407923,-0.0131280821004931,0.0051684142475376,0.0149913983779799,-0.023289558146999,0.0,0.0166605709445804,0.0049881195126473,0.0
2017-07-06,-0.024155604779382,0.0,-0.0083560088273734,0.1614068774711716,0.0256989951488506,-0.0161375382343634,-0.0066339659054358,-0.0198420621424194,-0.0145234972581398,-0.0076274997242561,0.0178286463122072,-0.0235979054705801,0.0091454879148908,0.0,0.0,0.0276681920993109,-0.0166720608127733,-0.0022668852591737,0.0314433512526624,-0.0061940129266356,0.0040773044984767,0.0,0.0270231988126543,0.0,-0.0100568592224918,-0.0039294936566746,0.0048032766538415,0.0032340131947738,-0.0159227423363711,-0.003717472118959,-0.0076069876460417,-0.002191750647062,0.0056621543419304,0.0045492537313431,0.0132277529128237,0.027292523590612,-0.0239980690618517,0.0,0.0,0.030183530053899,-0.0131795004753262,0.000921615977788,-0.0140485433234086,0.0167883211678832,-0.0210806006628768,-0.0133190328618645,0.0,-0.0023135203885837,-0.0106744441825751,0.0160666919287608,-0.0231948503354465,-0.0212106379507261,-0.0099437250723924,-0.003270831309304,-0.0106067302228677,-0.0103711790393014,-0.0358862144420132,-0.0134537630340718,-0.0044664542040351,-0.0171958822676525,-0.0063454366662337,-0.016070545574419,0.0,-0.0062619916085095,-0.0371200110291584,0.0,0.0005926742128286,-0.0141472472063232,-0.022526844870916,-0.0006774650489621,-0.0106466788214374,-0.0131108298481179,0.0210922787193972,-0.0003491500592185,0.0,-0.0322354656391711,-0.0215302580612707,0.0
2017-07-07,0.0135034379918814,0.0,-0.0638895490784953,0.0044265879717695,0.0555352219212843,-0.009755574614065,-0.0133295557264472,0.0040529624556597,0.0010807527755696,0.0014705379432986,-0.0007995016093863,0.0061743640405038,-0.0052402823587435,0.0,0.0,-0.0269232737881967,0.0,0.0007607262399838,0.0024584521585211,-0.0148327747272338,-0.0011304645316753,0.0184178382391684,-0.0052588341818226,0.0,-0.0073900841908324,0.056244364292155,0.0172313697394912,0.0090976818820023,0.0006445841774316,0.0291044776119402,-0.0089505763879687,-0.0012804097311138,0.0169021076860587,0.0154758650200284,0.0027898492408391,-0.005699750341514,0.0148275989076616,0.0,0.0,0.0126230181331707,-0.0011166090116916,-0.0155598032588172,-0.0095851530470848,-0.0054737975592247,-0.024617683497735,0.00255552652208,0.0,0.1005802707930367,0.0017966152166359,0.001059148206161,0.0076634064885496,-0.0015496409895475,-0.0193421996578555,-0.0197218792644096,0.0035734796758344,0.0088251516822945,-0.0048229686790738,-0.0073179305275941,-0.0123408306557182,0.0131299421692434,0.008589300718887,0.0111539213222771,0.0,-0.0063226682508699,-0.0122060350073379,0.0,-0.0172691399634595,-0.0280957605812678,0.0193530291697829,-0.0060859115000616,-0.0238772352914411,-0.0022130062033873,0.0020551193550086,-0.0010341190812092,0.0,-0.0138323681327282,0.0135382928041403,0.0
2017-07-10,0.0160944907634461,0.0,0.0173798642847249,-0.0408849557522125,-0.0108647911417277,0.0082927357367108,0.010515088947534,0.015397853674917,0.011134903640257,0.0094847015435051,0.0039903151725499,0.0,0.0234885810789873,0.0,0.0,0.0240387144284888,0.0122033555007934,0.0056757715501949,0.0633706101628408,0.0045168295331161,0.0065373103212067,0.0111236536381167,-0.0058834167219241,0.0,0.0046555461313728,-0.0018141073524704,0.0178744899941714,0.0119191288174576,0.0155257864777105,-0.0065264684554025,0.008169049863292,0.0034814323607426,-0.0072010296695739,0.0163519951306871,0.0241649278618942,0.0114648474512033,-0.0035671880913987,0.0,0.0,-0.0083060824068017,0.0089209390000657,0.0027941228703691,0.0080182944479823,-0.0055941532076152,0.0126146566602671,0.0152836493100985,0.0,0.0431878095542417,0.0113746705507005,-0.014737877388013,0.0037976306730189,0.0232559577546653,0.0015756450296839,0.0041761956845978,0.0177401920264512,0.0079825041006014,0.0155881179086605,0.0122891449909865,0.0011326256431265,-0.0043102192969682,0.0054799592705729,0.0102370466500076,0.0,0.0254088909766407,0.0123568633135238,0.0,-0.0169698718982656,0.0245077559002622,0.0379712005869943,0.0197181788587639,0.0127492454171473,-0.0058748537398928,0.0144352124526714,0.0283820192367019,0.0,-0.0031544489633963,0.0256158801548789,0.0
2017-07-11,0.0114633695066326,0.0,0.0094829737516732,-0.0347481085071046,0.0112762625908529,0.0118106854492356,0.0419880382127682,0.0137175061835568,0.017400818862064,0.0079579185941291,0.0015835722491901,0.0,0.0084471222259225,0.0,0.0,0.0152814875693445,-0.0033433940869449,0.0037591332829427,-0.0142988929889299,0.0041938691685763,0.008063084388685,0.0646586812420046,0.0011824344810023,0.0,0.0203557089790251,0.034851400470387,-0.0018491124260356,0.0017257708092182,0.0140133077879038,-0.0036496350364962,0.0021351227695594,0.0109477394129633,0.0044592465102764,0.0091385465852815,-0.006355784634673,-0.0037939110070256,0.0239669894526513,0.0,0.0,-0.0019521202928181,0.0143601998696503,0.0080284300877222,0.0150953871483405,0.044732782869068,0.0236798008330538,0.0089592393118071,0.0,0.020723851094583,0.0059172757019416,0.0,-0.0030266105892062,0.0012146262758108,0.0291316683990225,0.0292438195200845,-0.0278645507934524,-0.0005424170101974,0.016359390087804,-0.0110030767273797,0.0192930301972631,-0.0043581268829154,0.0202813426377712,0.0206629358588033,0.0,0.0015408962185574,0.0,0.0,0.0074008186669889,0.0012320827404297,-0.0017341168154103,0.0106869764825709,-0.0088489465265871,0.0095846084118289,0.016277442264327,0.0111061483797421,0.0,0.0166580424312381,0.0119357710442151,0.0
2017-07-12,0.0070227623395422,0.0,0.015686450771962,0.0319268931500564,0.0071448104795688,0.0223481472048898,0.0285306148951367,0.043803607595797,0.0265221162185604,0.0179464375608282,0.0063346078330062,0.0,0.0055842440254594,0.0,0.0,0.0196554602716856,0.0094029463680702,0.0011245205727024,0.0072063640617687,0.0301529894658285,0.0135609140408294,0.0232659748771164,0.0100418511407616,0.0,0.0254104841230442,0.0124999999999999,0.0296286557745402,0.0060227885510992,-0.0232412661734573,0.0014652014652014,0.0204257177452971,0.0108400788765536,0.047776937113356,0.0300718414580563,0.0063964390235353,0.0360148573040575,0.0129226015946175,0.0,0.0,0.0104933458442912,0.0021845751857958,0.0055165790182598,0.0108066310846237,0.0106826472120895,-0.0170426909118119,0.0284200777544831,0.0,0.0362173415608531,0.0152905198776758,0.0085454572954004,0.0159478000315407,0.0223920233697882,0.0390347764371894,0.049450020844691,0.0322622107969152,0.0075979594051882,0.0187916349053789,0.0082396160740843,0.0089148659818161,0.0479435957696827,0.0173065644033385,0.0271200283853172,0.0,0.0132853756912969,0.0244120700146759,0.0,0.0146843255754147,-0.0205209976255265,0.0013056130295754,0.0079116779977137,-0.0140710985209092,0.0087140813847872,0.0139763829732968,-0.0046613438120165,0.0,0.0279642934048509,0.0123488970708025,0.0
2017-07-13,0.0016111580593443,0.0,-0.0228565106759597,0.0072438260740685,0.0105015985681724,0.0153826991343339,0.009014923865559,0.0112580496031358,0.0088460433599755,0.0204406273953858,-0.0070854255876283,0.0,-0.0203319997611512,0.0,0.0,-0.0011412126624987,0.0153156363696635,0.0007421522415003,-0.0129158149042929,0.0246450911826578,0.0017520742531964,-0.02399658411614,0.0184209106118116,0.0,0.005307608169413,-0.0017345168860319,0.0080907275850861,-0.0022763503212647,0.0012874134100118,-0.0117044623262618,0.0112566463493708,0.0030285394033453,0.0127322926622066,0.0200479733210721,-0.0090722295744236,-0.0054912638983436,0.0106857974213616,0.0,0.0,0.013353212748983,0.0032483491120467,0.0024344787419916,0.0026774386148218,-0.0158975681017443,-0.0031022210380068,0.020380898659581,0.0,-0.0412684622067767,0.0312907681682141,0.0328424462373655,0.0014940722199585,0.0270906879818646,-0.0022068095838587,-0.0054087089381207,0.020794421616237,-0.0484757082839599,0.0204077206679678,0.0088818726878427,0.0430452337761133,0.0498990805113253,0.0399049164914895,0.0,0.0,0.0170917372837884,0.0252279953876795,0.0,0.0343758448229252,0.0318953161219541,0.0161220813949634,0.0216087151171466,0.009750123642872,0.0068344517086129,-0.0098598988857306,-0.0240782692791754,0.0,-0.0035706464298296,0.0174766655938203,0.0
2017-07-14,0.0037454364813398,0.0,0.0372718626873782,-0.0464059741024132,0.0154524467320138,0.0039049721949624,0.0106486811151709,0.011808792850336,0.0010049830409111,0.0072532247772743,-0.0055433175100575,0.0,0.0099046109773566,0.0,0.0,0.0215587899259848,0.0163906325249574,0.0003808225767658,0.0121434622987854,0.0042421275901451,-0.0019658292619466,0.0051623064135095,0.0005770170573309,0.0,0.0123249799340052,-0.0035772690106297,-0.0089239449594105,-0.0068585861404928,-0.005143032431127,0.0111028867505551,-0.0061876426684448,0.010154193305754,0.0041837494363998,-0.000342138419429,0.001827543184494,0.0,-0.0095502829345774,0.0,0.0,0.0,-0.0021514538289486,0.0139904019335572,0.0021306487779007,0.0323087670275934,0.0248472699503625,-0.0199738143729997,0.0,0.0463581785228817,0.0011254766998418,-0.0020617957950981,0.0328302398574029,0.0043222613703639,0.0051606108478146,0.014010077424112,0.0102464015613565,0.0192460092833692,0.0125927185394572,-0.0102261771167554,0.0148109915510024,0.0626935811171631,-0.0066614353218129,-0.0066938679737199,0.0,0.0134960661690539,-0.0013973620530997,0.0,-0.0017478376634514,0.010606099579014,-0.021010048283962,-0.0038417715971836,0.0148221574344022,0.0060205046670047,-0.0039629112155468,0.0116472432821335,0.0,0.0008313584588333,-0.0104071109986398,0.0
2017-07-17,0.0047998366013071,0.0,-0.0042568983583652,-0.027418265985148,0.005806651187233,0.006822393743763,-0.0051010932682902,-0.0070064018531009,-0.0067349926793558,-0.0171444609277895,-0.0055846168245682,0.0,0.0046774096203754,0.0,0.0,0.0077802090931191,-0.0096773934482841,0.0007413195487966,0.0124627976190476,-0.0014080693203357,0.0063580801204994,0.0038736072423399,-0.02151973966823,0.0,0.0034886179434774,0.0176428351625808,0.0045079586383176,0.0,0.001292404988552,0.0161054172767203,0.0203366647095637,-0.0005318583129453,-0.0088651741709131,0.0075893803002069,0.0073143779270665,0.0,-0.0079233822468126,0.0,0.0,-0.0017552463798042,-0.0032661600204935,-0.003002417977837,-0.0095814609871132,-0.0260531212992725,0.0151541965109021,-0.0120880153982414,0.0,0.0444306115636867,-0.0005667512147986,-0.0030845336825259,0.0267405760807375,-0.0071765816808311,-0.0124685666387259,-0.0122712398497151,-0.0033808258874667,0.0196601132955682,0.0066850672179834,0.0,-0.0156341563194497,-0.0319597989949749,-0.0087497102034157,-0.0003740231106911,0.0,0.021019526662553,-0.004641638225256,0.0,0.0105135694591034,0.0092900532799402,-0.00876432951213,-0.0025661705403622,0.010526194826536,-0.036281518973545,0.0,0.00677638597221,0.0,0.0079915978421731,0.0094776882751566,0.0
2017-07-18,-0.0047769082223803,0.0,-0.012233354526122,0.0232530466944975,0.0093526166205333,-0.0048343379586552,0.000684462696783,0.0120929755641145,0.0125421159029648,0.0083709318168836,0.0024053545283415,0.0392156862745098,0.0055867599795753,0.0,0.0,-0.0044149577804584,0.0026112624886467,0.0,0.0090023883887562,-0.0014100547752048,-0.0067496581996113,-0.0141122913505311,0.006158287226365,0.0,-0.0199283632405099,0.0207640358834795,-0.0080617178283095,0.0028733815274586,-0.0148270936799759,-0.0021613832853026,0.0158590642646214,-0.0091741166453811,-0.0057838788862082,-0.004108481155982,-0.0172389775022637,-0.0147394359770008,0.0062488949508725,0.0,0.0,-0.0168593075272154,0.0087168833394015,-0.0051033896162114,0.0010780306723161,-0.0213652944241792,-0.0029819249472428,-0.0069919562451793,0.0,0.0422900183118544,-0.0022404015989586,-0.0133979392276482,-0.0049329484415536,0.0008704123218103,0.0111405835543765,0.0038651492377066,0.0608189968500121,-0.0347494553376906,0.0098202743838873,0.0070262846922806,0.0169495332981388,0.0019466362126245,0.0092340742537377,0.0097413679926481,0.0,0.0254995613607562,-0.0046975723494719,0.0,0.0225491466139846,0.0157443911132033,-0.0013223510954223,-0.0032343428403409,0.0084037435891604,-0.0276099964303512,-0.0140018873217883,0.0060576980747317,0.0,0.0142083128102148,0.0218964234258483,0.0
2017-07-19,0.0037314605329312,0.0,-0.0198202197314393,-0.0227246298162648,-0.0133519337726463,0.0024390739649178,0.0034199726402188,-0.0129426067575096,-0.0123867597268091,-0.0031150631508256,0.0080020865936358,-0.0188679245283017,0.0129334806893872,0.0,0.0,-0.0121646836455276,0.000647071194008,-0.0003703852006085,-0.0041879096868171,0.0231629826752837,-0.0076793786947954,0.0208227973350336,0.0026239659541911,0.0,0.0114835450294701,0.0051347881899872,0.028905912944112,-0.0045884413309982,0.0052340003857331,-0.0108303249097473,-0.0072081717511874,-0.0014178607488881,-0.017463176857052,-0.0044719232518353,0.0212445515432864,0.0410819322866007,-0.0269137314751597,0.0,0.0,0.0002893138002681,-0.0086415559047093,0.0012015203854107,-0.0144956035620978,0.0054135605253815,-0.0131781162287765,-0.0042267302861869,0.0,0.0031988596811083,-0.0073232770267124,0.0073224852071005,0.0007068889541714,-0.0127107906376705,0.0176547743966422,0.0224293353705118,0.0127341251713111,0.0135424895609976,-0.028214234096587,-0.0054073768672099,0.0052022355254146,0.0387534647566252,-0.0040683901534658,-0.0337528604118992,0.0,-0.0065015303309697,-0.0037551245392221,0.0,0.0316486266063835,0.0043861100996391,-0.0035459003332696,0.003244837758112,0.0,0.0046196511454628,0.0142007242628039,0.0,0.0,-0.0220972803347281,-0.0142848289538919,0.0
2017-07-20,-0.0021209820694837,0.0,-0.0050495901453737,-0.009866431326663,-0.0022101667671288,0.0077454936231473,0.0088492284811303,-0.0087372661722819,-0.0033861185983827,0.0048616972923836,-0.0007969611973047,-0.0032051282051281,-0.0374498702524179,0.0,0.0,-0.0022568379737519,0.0038960829008845,0.0,0.0079539221064179,-0.0115979723453382,-0.0055339777472769,-0.036962047128764,0.0171512373094555,0.0,0.0358483882394615,-0.0117889773062187,-0.0131686310063462,0.0037439741018332,0.00911677141912,0.0021897810218978,-0.0068529653339017,-0.0019577049674074,0.0231660231660231,0.0100172936992199,-0.0171764665058903,-0.0447993593736096,-0.0060310270287001,0.0,0.0,-0.0014855910811947,0.0043691503715919,-0.0075466472807838,0.0010927092538219,-0.010857092417689,0.0188095082670447,0.0099025447767242,0.0,0.0095081533860921,-0.0079310700843789,0.0062119098318524,-0.0042383376909315,0.0051217733702786,-0.0151831515995154,-0.0098329298544486,0.0188892021426556,-0.0144750027836544,0.0006480192918529,0.0012834616795012,0.0,0.0279807476495672,0.0063257321130012,-0.0019242155121373,0.0,-0.0056830141022942,-0.0103395808838785,0.0,-0.0186276767211603,-0.0096073035281709,0.003558518485152,0.0,0.00500699174523,0.0137916063675831,-0.0160167308526104,-0.0394658399904614,0.0,0.0195690791358662,0.0077646097261954,0.0
2017-07-21,0.001592156862745,0.0,0.0184118892100411,-0.0021331570724673,0.0124550648110857,0.0009657753365122,-0.0077642231477045,0.0,-0.0040822191044472,-0.0155403167833805,0.003967267453905,-0.0032154340836012,-0.0028490901292813,0.0,0.0,-0.0101049836500872,-0.001940481174917,0.0014921038664514,-0.0145124716553287,-0.0083776381504753,-0.0008809667141408,-0.0251174233952136,-0.0008615637088267,0.0,0.0253060666165105,-0.0205785863405906,0.0017685293644778,0.0,0.0064512745200882,0.0036416605972322,-0.007310606060606,0.0026728746335575,0.0184146727100242,0.0205089272253451,-0.0165586880152522,-0.0131339946905127,0.0014273702131193,0.0,0.0,0.0052270542849994,-0.0021750719692931,-0.0012208308626042,0.0002752519979498,0.0165090130287346,-0.0107185354691076,0.0224045661779825,0.0,-0.0381162800212757,0.0085715907585761,0.0,0.0063845664851718,0.0078582497112644,-0.0249450319338289,-0.0313009357078177,-0.0061981184283341,-0.0192068692803073,-0.0032273817865257,0.002436247541858,0.0310848377632984,-0.0199655515392639,0.0444128528363934,-0.0046108422202149,0.0,0.0022900469555848,0.0199867221076905,0.0,-0.0128418698137851,-0.0020549084858568,0.0079670545462706,0.0045133784181123,0.003972172351885,0.0024017529584743,0.0060910811020968,-0.0076616462539997,0.0,0.0056765491077701,-0.0118223220413001,0.0
2017-07-24,0.0005324855328379,0.0,-0.0080897470278,-0.0142614839570851,0.0038268312805704,0.0096082333313234,-0.0112174526725024,0.0064392125393148,0.0085373615649,-0.0091235036879631,-0.0110706437068599,0.0,0.0128728993210236,0.0,0.0,0.0079479409865381,-0.0045339034326974,0.0,-0.0013805798435343,0.005632277281343,-0.0162534718650345,0.0312019638883154,0.0011438761563415,0.0,0.0181108665199118,-0.0139058059277303,0.0080016507703593,0.0083294186935152,0.0025600604513,-0.0036284470246733,-0.012267714732705,0.0089001633846417,0.0273968349255306,-0.0016725319601333,0.0252562422588809,0.0418141488508188,0.009977350119469,0.0,0.0,0.0207994970398699,0.0,0.0033526576796816,0.006253143177052,0.005355104907383,0.0072261956531796,0.0226053000794719,0.0,-0.0003062604745336,-0.002832914337173,0.0061881549373887,-0.0035244791094511,0.0179031078505329,0.0105232074306731,0.0149876920200666,0.0248357278093329,-0.0028798525515493,0.0032378315049526,0.01112708384627,0.0211108506148893,0.0111144116045349,0.008741000705184,-0.0243461418645283,0.0,-0.0122880786437032,-0.0056181699838991,0.0,-0.0084851173734956,-0.0008836794411144,0.0092177185033452,0.011562047214132,-0.0032970471868923,-0.0053224629296687,0.0202236191261335,0.0221060897725458,0.0,0.0077961270852544,0.0064080305565201,0.0
2017-07-25,0.0031932128573775,0.0,-0.0044158067859235,0.0180822252540266,-0.0087142212421525,-0.0071276405120751,0.016503675135548,0.0165126642103434,0.0162570156764079,-0.0155832112013646,0.0,-0.0193548387096774,0.0497755399174957,0.0,0.0,-0.0033758809324331,-0.0039062183430178,0.0007499400047996,0.0180645161290322,0.0072836447843178,-0.0115325435831552,0.0289452021269494,0.0142850446480886,0.0,-0.0242424242424242,-0.0142048378795677,-0.0167405891049697,0.0056948162569967,-0.0012735128813228,0.0080116533139111,0.0240160192643241,0.0061794161517154,-0.0216392649903286,0.0067119059698967,0.0164227186777785,0.0036240090600225,-0.014107419609775,0.0,0.0,0.0101878464381031,0.0086978821618619,-0.0012066365007542,0.0024329064745487,-0.0107404820118756,-0.0197225794598565,0.0113838064992755,0.0,0.0340648960522846,-0.0198867377848018,0.0020597023585042,-0.0162791338618845,-0.00681126460971,0.0253167919666339,0.0263707251181923,-0.0030428167789611,-0.0127079482439925,-0.0054886723145848,-0.0211688005655487,0.0039345015080516,-0.0054838788650329,-0.0086652576816778,0.0134659568117612,0.0,-0.0190696499037771,0.0023770971853791,0.0,0.0017099480623252,-0.0221198695002795,0.0173956207600243,-0.0095345573447921,-0.0222137498738492,-0.0065571423458248,0.0098987399308096,0.0508097744054174,0.0,-0.0074677905321725,-0.0077630010664324,0.0
2017-07-26,-0.0026525405877718,0.0,-0.0119936637248245,-0.0334020041202471,-0.0090647300938675,-0.0067176001122942,-0.0243535889823722,-0.0139228895847171,-0.0086608761892144,-0.0122298951122475,-0.0040062597809077,0.0,-0.0299921985610679,0.0,0.0,-0.0282606008159228,-0.0065413185150231,-0.0011190711709281,-0.008871989860583,-0.0058409185078257,0.0045791836056159,-0.0447586922677737,-0.0028133051425138,0.0,-0.0058082927648145,0.0107549336953116,-0.0161350019662726,-0.0070799397098884,-0.0044824961453135,0.0079479768786125,0.0222392686254659,-0.0140300720033884,-0.0025639441492648,-0.0016694140251777,-0.0529679264133393,-0.0509140148950575,-0.0135961647572002,0.0,0.0,-0.0155595071764258,-0.011864406779661,-0.0015217340798735,-0.0045812010836845,0.0,-0.0042731438531388,-0.0331124571330996,0.0,-0.0076781276231546,-0.0144930318270818,-0.0010277343523826,-0.0071909524743413,-0.0082819744591655,-0.0166856669084879,-0.0181557144139025,-0.0121539132330499,0.0339340042124971,-0.0204212346680615,-0.001300004012358,-0.0117676410661566,-0.0184378307855155,0.0033045246568379,0.0136774264247605,0.0,0.0094328405532877,0.0070112730272202,0.0,0.0051290641651511,-0.0084473872828424,-0.0102567438633012,0.0032136492447925,0.0216977453611322,-0.0210046188544377,-0.0255044632810741,-0.0310382980375409,0.0,0.0064438029611695,-0.0057374069449492,0.0
2017-07-27,0.014870266507091,0.0,0.0530462666055886,-0.0036728950690091,0.0174660745034906,0.0004845156861952,-0.0086740233832479,-0.0100844217495059,-0.0013447259181303,0.0138374419891855,0.0040223744579224,0.0,-0.0004468142146495,0.0,0.0,-0.0185995623632385,-0.0032840050119975,0.0011203248942193,-0.0004567044208987,0.0075557945684323,0.0102449151522445,-0.0133776993073475,0.0098888303141599,0.0,0.0208361475077671,0.0213842975206612,-0.0009052114315272,0.0002854954390363,0.0186446216180893,0.0035842293906811,-0.006329191782507,0.0138753154701174,0.0061837364633983,-0.0126887804467628,0.001891631350152,-0.0114614543206355,-0.0061688328821482,0.0,0.0,0.0070189020063222,0.0076329331046314,0.0027339887150252,0.001077331619683,0.0,-0.00612665518507,0.0089086859688196,0.0,0.0124231844154552,0.0029412337599097,0.0030718850071727,0.0159440875184602,0.0095055942288695,0.005164418212479,0.0015536464997258,-0.0030344827586207,0.0164101403349932,0.0079442918791683,0.0005785316545201,0.0109189598586216,-0.0056176957415859,0.0061949868009187,0.0053985027431691,0.0,0.0274451293729631,-0.013481228668942,0.0,0.0028331759346702,0.0036572982462179,0.0125210875709309,0.0063921488686333,-0.0026490066225165,0.0165054760642997,0.0100582454519795,0.0013488788279445,0.0,0.0221683536574084,-0.0078847804660924,0.0
2017-07-28,-0.0005241251734238,0.0,0.016378110318427,0.0258258133521636,0.0,-0.0009685620888656,-0.0010443864229764,0.0101871532998081,0.0013465366408511,-0.0050310767680161,-0.0095983307250913,0.0,0.0212182620097747,0.0,0.0,0.0,-0.0112237687542109,0.0007493780162466,0.0,-0.0105548290678124,-0.0308846961416466,0.0149127033289744,-0.0142663744937645,0.0,-0.0097919216646266,-0.0086982906847375,-0.024615819076083,-0.0039888340491885,-0.0119905307525999,0.0114285714285713,-0.0171153381904166,-0.0031565455951358,0.0020519976196826,-0.0023647838939042,0.0018880598369732,0.0058212258250747,-0.0036478134358473,0.0,0.0,0.0106215326269394,0.0,-0.0012066365007542,0.003785483003087,0.0,-0.0080109084711096,0.0023728253153232,0.0,0.053473570392942,0.0005826374053214,0.0071361502347417,0.020684419095589,0.0459368581555845,0.0022019502988361,0.0100069957721202,0.0,0.0247188509074713,0.0226503627301526,-0.0158682995382454,0.0225697696197788,0.0094325346784363,-0.0026966657190432,-0.0180238301647144,0.0,-0.0315461632528278,0.0244940321743643,0.0,-0.0056503434522491,0.0175682280011317,-0.0085254627876533,0.002531938596872,0.008317014428163,-0.0020310412616351,0.0239044836783943,0.0215529888767371,0.0,-0.0075761690110248,-0.009517705495914,0.0
2017-07-31,0.0026220001233883,0.0,0.014337991397205,-0.0287793816937622,0.0081756273059343,-0.0101393657846898,0.0049086481455509,0.0134458956660079,0.0147836327645392,-0.0090240669925122,0.0016117138944484,0.0,0.0429263452783938,0.0,0.0,0.0094630681081642,0.006672760511883,0.0007388326444217,0.0,0.0129060970182466,-0.0139676393306596,0.0187173632931707,0.0116329820355098,0.0,0.0090702569070924,-0.0053055810631568,-0.0009288971457523,0.0020058988803308,0.0076686319835848,-0.0155367231638418,0.0085020089932361,-0.0017639120594205,0.0010238977740462,0.0179647751600278,0.0066138764564118,0.0134883053522742,0.0252764528764422,0.0,0.0,0.0067572707218741,0.0010851987403182,0.0054712729131334,0.0059342436895761,-0.0053844116868214,-0.006204658266514,-0.0077855930147949,0.0,0.0006764795073364,0.001174301242236,0.00405915173769,0.0013969774487925,-0.0196424006048836,0.0117440887214899,0.0121664759380835,0.0061427780852241,0.0148864500706291,0.0112382120353531,0.0117259218761476,-0.0076726602965269,-0.0037477513491903,0.0009691895457841,-0.0039077203139863,0.0,-0.015842951563579,0.0013845270658157,0.0,0.013792280143255,-0.0148887765419616,-0.0008620595584944,-0.0057005137678229,-0.0102351746230175,0.0033919579759986,0.0058552076613904,0.0316408595973574,0.0,-0.0049981302614897,0.011760709201501,0.0
2017-08-01,0.0046995661938897,0.0,-0.0570898120213506,0.0059306046298321,-0.0121621720036996,0.0199967352269017,0.0208962419751832,0.0049753133308012,0.0122554466365425,0.0018229521602834,0.0161332730351375,0.0,-0.0073589076359159,0.0,0.0,-0.003518594616807,0.0033183923132167,0.0003691435868784,0.0,-0.0210496884486339,0.0193548387096773,-0.0104959502940197,-0.0106593495093133,0.0,-0.0073664520187388,-0.0282080213355215,-0.01217141408165,0.0128552994105952,-0.0038083577665366,-0.0007173601147776,0.0160675925463356,0.0035340578861651,-0.0046028271587259,-0.0226405001153788,-0.0093786002304148,-0.0152437585539667,0.0075004678046446,0.0,0.0037554061276836,-0.0029970658976715,0.0324356494569262,0.026156174543942,0.0320297673027121,-0.0164181753638622,0.0118720583997693,0.0228653841452981,0.0,0.009464310690475,0.016391853510532,0.0080711979657723,-0.0334988042611783,0.0032015358494335,-0.008712287686461,-0.0127640583159774,0.0184258291623122,-0.0103854389721628,-0.0015891104118096,0.015945348668398,-0.0038762472184336,-0.001855845914631,0.0046215684040942,0.0117622810030917,0.0,0.0089411009983562,-0.0119376812571658,0.0,-0.0062645721956618,0.0417233327345976,0.018512046482165,-0.0286659796507831,-0.0016689972484098,0.0112152776522396,0.021261901238222,-0.0076691872053659,0.0,-0.0195796247238594,0.0110803767008298,0.0
2017-08-02,0.0083140028938242,0.0,0.0162217796970445,-0.0117809184350132,-0.0366629558909178,0.0086220692966312,0.0402783819051761,0.0104745348500308,0.0137170084399849,0.0112749349522982,-0.0015939223946096,0.0,0.0082872928176795,0.0,0.0,0.0235573081780458,-0.0019828047225307,-0.0003690073701743,0.0183679064241981,0.0101867341248793,0.0081024888399681,0.0172452457839971,0.0119080152338868,0.0,0.0304516042959108,0.0,0.0123213827329513,0.0112803702275356,-0.0044568353234926,0.0122038765254846,0.0118555212065711,0.0001697162556351,0.0441242961075258,0.0060742974581318,0.0293652668495938,0.0386274321863318,0.040070989676574,0.0,0.0017009333624766,0.0233539211599913,0.011508451197167,0.006777676450389,0.0103905280417433,-0.0055941532076152,0.0056005923338333,0.0009989389261169,0.0,0.0041258698195703,-0.0063327356655096,0.0010061360125837,0.0216600746058821,0.0260725762293767,0.0255841852701856,0.0297158012115368,0.0150680492546986,-0.0005409499080385,0.0181258442496781,0.0049935298460659,0.0650511123235775,0.0244221105527639,0.0126589454928323,0.0247993372356751,0.0,0.0106501351136545,-0.004641638225256,0.0,0.0085950152071729,0.0049264723994384,-0.0190227007087938,0.0137772331968559,0.0066871498283029,-0.049179624511511,0.0416626412906966,0.0016069071500992,0.0,0.0118739306450255,0.0193244354481625,0.0
2017-08-03,-0.0072204632940802,0.0,0.0251882513540886,0.0298086500655307,0.0082346098509198,0.0033122434003054,0.0065586696294173,-0.0183009306297489,-0.0003208393156497,-0.0021608986647833,-0.0246415724163668,0.0073491534736769,-0.0064858820240425,0.0,0.0,0.0126658776722987,-0.0231814284772142,0.0007482640274563,-0.0263819095477387,-0.0162502019494857,0.0073397834460586,-0.0169528890456559,-0.0165313475030598,0.0,-0.0263473053892214,-0.0017943846316234,-0.020587560525013,0.0097653323890334,-0.0031967772327083,0.0078014184397163,0.002733269354584,0.0051012291735159,0.0009841551028442,-0.0030668138737324,0.0036718625876039,-0.0130121816168328,-0.0129564777428348,0.0,-0.0037350028262062,-0.0046283725407912,-0.0020556867214849,0.0073247374836451,-0.0023131544972027,0.0,-0.0030962090318682,-0.0059972019424059,0.0,0.0015101803017294,-0.0104330633086342,0.0,-0.0077702857667079,-0.0133842181579046,-0.0149523204068658,-0.0148096116135453,0.0,-0.000324745615934,-0.0062429291370976,-0.0100796258847321,-0.0136770476908504,-0.0091729618365546,-0.0236737501299656,-0.0078521542070318,0.0,-0.010243000943693,0.0088808119599506,0.0,-0.0170435409209465,-0.0248302571267495,0.0086136222030321,0.0142238075585165,0.0414609515260322,0.0126497552024187,0.003640242064504,-0.0138214228871558,0.0,0.0013305367422178,-0.017934158676968,0.0
2017-08-04,0.0,0.0,-0.0119840213049269,0.0311144596713432,0.0,-0.0042501877989958,0.0061954780131743,0.0073273097851966,0.0009708504168237,-0.0234253212555298,0.0024445719873307,0.0059318855896088,0.0292081715346952,0.0,0.0,0.0056942510443604,-0.0006751510650507,0.00036886757654,0.0176036866359448,0.0264818185550643,0.0006924999247281,0.0397829207032651,0.0042709574890742,0.0,-0.0172367939895616,-0.0072961827217934,0.0009616332971693,0.0,0.0295085814109625,-0.007741027445461,0.0031195483620856,-0.0040201747351538,-0.0230754104807786,-0.0153865907680456,0.0247471638378331,0.0169705469845722,0.0300523654930497,0.0,-0.0286301451254191,-0.0014011680533684,-0.0031204748016561,-0.0005883789604564,-0.0025791261525189,0.0,0.0167695629119004,-0.0191137264320884,0.0,0.0552030311148532,-0.0041027730089913,0.0029870607888107,-0.0099761460086169,-0.01643956860474,0.0057825851253323,0.0067734173078637,-0.0029795158286778,0.0041147807255008,0.0056508284776917,-0.0070302275846658,0.0009309800770265,-0.0036883014010594,-0.0085358760741524,0.0026781718972277,0.0,-0.000576048308603,0.0050640655269686,0.0,-0.0005816872116464,0.023987867819559,0.0149667826294284,-0.0038221744248572,0.0352960189624522,-0.0088823533780422,-0.0018019683038394,0.0179272323503589,0.0,0.0066622989545173,-0.0015639316293324,0.0
2017-08-07,0.004672754248306,0.0,-0.0066733327536734,0.0126291051997551,-0.0028160675248968,0.0208850330547338,0.0155466694976231,0.0168550303504007,0.0116228738156691,-0.0059018939557357,-0.0097544425124049,0.0098620666282578,0.0389326334208224,0.0,0.0,0.0237112127580663,0.0156065263655709,0.0014848919716177,0.0192011593152792,0.0316249800010666,0.0011433385485617,0.0867445973342537,0.0028390745082524,0.0,0.0367357293868921,0.0146996165317427,0.0333908116763148,0.0024885352036687,0.0149550462200835,0.0070921985815601,-0.0108754068464944,0.0214109396022925,0.0180952668498335,0.0187513584003475,0.0366791390614809,0.0370063899232289,0.0043568201555379,0.0,0.0017546468758169,0.0184518340079966,0.0218503212079053,0.0061094140516522,0.0157580344352243,0.0615189184284545,-0.0103837808137531,0.0116211874865326,0.0,0.0178083086096461,0.0047040261789284,0.0448700757950006,0.0201440058274731,0.0153256492153868,0.0086240086240085,0.0111835698899347,0.023800629702759,0.0524102232287284,0.0150047854768495,0.0105436573311368,0.0046114080949302,-0.0037268006658549,0.0037180557047367,0.0133750749350562,0.0,-0.0035576579083356,-0.010110915731097,0.0,0.0028941829314963,0.0254469582293499,0.017255370947764,0.0095993931082776,-0.0154749144040544,0.0072834630918749,0.0526291427513421,0.0381085863230192,0.0,0.0108439588241224,0.021423033716754,0.0
2017-08-08,0.0020705036956967,0.0,0.0146399107162393,-0.004163700720603,0.0451995463299155,-0.0078952997685859,0.0,0.0042213970902733,0.0105305695540551,-0.0040794715782347,0.0057497109083899,0.0071816900463117,-0.0048947368421051,0.0,0.0,-0.0198531542846099,0.0,-0.0011145054879444,-0.0060428330223051,-0.0172146401985111,-0.0145759451824246,0.0187743113439706,-0.0014155184916606,0.0,0.0,0.019840436699559,-0.0129199890346956,-0.0104743388788354,0.0227133784980848,-0.0211267605633802,-0.0027472192036726,-0.0029249471020205,0.0167851247022075,-0.0006826994362395,-0.0103644100067883,0.0035907438602713,-0.0066744713614658,0.0,-0.0140101933674868,-0.0062179956108266,0.0010211027910143,0.0083797957493789,0.0122139435870143,-0.0105991965125223,-0.0178988180380939,0.0155444427769897,0.0,-0.0140472660927076,-0.0058549257956012,0.0152644945155886,-0.0028195832875609,-0.0065870098039215,-0.0085502710130543,-0.0044356250729543,-0.0319520458691686,0.0192642688800082,0.0101594897948835,-0.0061472639506309,-0.0027580426668225,0.009326915883189,0.000584453535944,0.0233669431700167,0.0,-0.0272863269173232,0.0474840296518976,0.0,0.0034582270027905,-0.0298902852583283,-0.0169626737204517,-0.0088723195191029,-0.0220180964864064,-0.0038943648874837,0.0103337584099205,-0.011411815016189,0.0,-0.0060212557582791,-0.0127948944343758,0.0
2017-08-09,0.0015496691760166,0.0,0.0012077815640771,-0.015304623700135,-0.0040564849138088,-0.0028225885489151,-0.0185028166560194,-0.0071171960839988,0.0006272886233367,-0.0130467749104504,0.0285735577486079,-0.0271558043449285,-0.0089913788543926,0.0,0.0,-0.0292987038588538,0.0,0.0018629023420768,-0.0124273580688422,-0.0098495607806007,-0.002531336728781,-0.0287918338722874,0.0113343906675729,0.0,-0.0233453513222505,-0.0088522902727741,0.0065445500319982,-0.0033380469366111,0.018006258272692,0.0115107913669065,0.0,0.0320607510662644,0.0082442955891073,-0.0061378180323755,-0.0087163100396499,-0.0356022792526171,-0.0036970926962857,0.0,-0.0142092679592056,0.0029198871304134,-0.0040602436146168,-0.0088794972299471,-0.0062830253161229,-0.0318790496760258,-0.0012552461623962,0.0056583087043569,0.0,0.0281189235295393,-0.0070692395448385,-0.1118443811703344,-0.0007068889541715,-0.0016576715497301,0.0050306716973382,0.0022276937507328,0.0209993538660349,-0.0010053282396702,-0.0155476818998483,0.0024485092899322,-0.0101342767234133,0.0147752822869566,0.0327267342371988,-0.0058962188409241,0.0,0.0082432792667173,-0.0186870169259368,0.0,-0.0022975392562311,0.006390906324283,0.0037799513091019,-0.0185595567867036,-0.007392916202808,-0.0023711459543023,-0.0068114554317548,-0.0040600165614071,0.0,0.0029011422107068,-0.0088026235270118,0.0
2017-08-10,-0.0010315142781296,0.0,-0.0138081082245486,-0.0353410300010937,0.0081423578103747,-0.0079806577162737,0.00487562424558,-0.0026111446138926,-0.0094661202228614,-0.0094397937197556,0.0,-0.0192828030277084,-0.0082724021988578,0.0,0.0,-0.0487142385703043,0.0153583901546647,0.0,-0.0004526525439072,-0.0011023308320604,-0.0173668440041582,-0.0320322528883183,-0.0112073620477706,0.0,-0.0065980690208131,0.0,-0.0297388404371454,-0.0058730840853745,-0.0229964948021209,-0.0042674253200569,-0.0354326852441354,-0.0080131435713423,-0.0144445408699508,-0.0048063239408634,0.0079153446297171,0.0073741583840973,-0.0124822681110691,0.0,0.017657311432601,-0.0116577775603072,-0.0071494557577217,-0.0118643880560741,-0.0126455026455025,-0.0055327503123326,0.0056605040726847,0.0009954163447363,0.0,-0.0219502077606148,-0.0154175504752926,-0.0582005033557048,-0.0212308568593765,-0.0078828766707672,-0.025052991802232,-0.0243916705662143,-0.0147136378019196,0.1300191204588909,-0.0154771615008156,-0.0139128352490421,-0.0270019449298541,0.0564875459570013,-0.0230144188640166,-0.0088903246648359,0.0,-0.0157212878032907,-0.0004320372216684,0.0,-0.0408950862370166,0.020505737356566,-0.0184562687488033,-0.0039068883045887,0.0042139878262574,-0.0263018026110911,0.0120291855649772,-0.0131542208295845,0.0,-0.003938870190121,0.0047015988602183,0.0
2017-08-11,0.0061878838955575,0.0,0.0207072803127936,0.0058654351658091,0.0497978131176672,0.0,-0.0006477141578538,0.0104594555847135,0.0089236976385427,0.0153777579674616,0.0079282113913701,-0.0040511280296151,-0.0129157248950597,0.0,0.0,-0.008539253882692,0.0532893282121418,-0.0014815845994751,0.0378588895933338,-0.004148274211562,-0.0058808886676208,0.0379825524772581,-0.011043914228117,0.0,0.0240621479376503,0.0,0.0162833827893176,0.006147934678194,0.000601016822338,0.0,-0.0122489908862429,-0.0006706158488877,0.0063595182420335,0.0058655931965594,-0.0148356524505618,-0.0073201782304264,0.0088823277961687,0.0,0.0056658355322085,-0.0044928522804628,0.0051377482907883,0.00088318483158,0.0051265562760123,0.0055635319454414,0.0068783926884878,0.0049579262893213,0.0,0.0438792601485167,-0.0120484331052641,-0.016845085657022,0.0122958513234465,0.0172866277453433,-0.008067896060352,-0.0181965345644222,-0.0149333618797837,-0.0219966159052452,0.0088026345767484,0.0079976039567093,-0.0066968362522068,0.0224009587241593,0.0040524783718334,0.0205607598484995,0.0,0.0153525084717744,-0.0031918076935864,0.0,0.0354274643572716,0.029720097705522,-0.009818903013948,-0.0150475735973991,0.0248308466342817,0.0235641440603364,-0.0033991512947085,-0.0222264139080134,0.0,0.0031599039243084,0.0015598657570075,0.0
2017-08-14,0.0097265400983972,0.0,0.0023967985619208,-0.0043759863903748,0.055384742940449,0.0165850952107315,0.0061513805253419,0.0164952778103353,0.0198928904675652,0.0224582967515363,0.0212665454956202,-0.0142716880566658,0.0088594482608221,0.0,0.0,0.011062065995586,0.0387282877447245,0.001852239118095,0.0572475783227157,0.0238851802403203,-0.003802935929137,-0.0106204583566237,0.0097338894436938,0.0,0.0072904009720533,-0.0125662062519472,0.0084796282102754,0.0075697645871408,0.0108608378535748,0.0085714285714284,0.0247953532004574,-0.006070095881079,0.0145539038878466,0.0274241570773317,-0.0079714455681142,0.0,-0.0125336867465131,0.0,0.0,-0.0112890391883828,0.0143282620945022,0.0143307121794298,0.0180913452994491,0.0604140638943422,0.0136722821246517,0.0115114218938479,0.0,0.0765496202130662,0.0274395784117753,0.0297048925705409,-0.0157162726008344,-0.0026016757852851,0.0066546952572092,0.0100149613752251,0.0091284503368831,-0.0001821161901293,0.0090440602800476,-0.0024493073679984,-0.0038511042556235,0.0050717940626197,-0.0015348633240754,0.0183132868740938,0.0,-0.0245019231160585,0.0068376638537741,0.0,-0.0052134558335532,0.020890368342459,-0.0103650194275707,0.0066469831175712,-0.021086823116152,0.0172643660030571,-0.0102322347982881,0.0162368979486848,0.0,0.0023670147392187,0.005191454551175,0.0
2017-08-15,0.0035572029623429,0.0,-0.0029888345680066,-0.0007308210929377,0.0189493875573651,0.0139755184780914,-0.0048254295452149,0.0063599565483882,0.0024755900668871,0.0151470916553608,-0.0169626158827196,-0.0041620717868451,-0.0163203545083628,0.0,0.0,-0.0145880473845334,0.0330700999288895,0.00074548978679,-0.0264135369376805,0.0160127267274314,-0.012834812662006,-0.0286319612590799,-0.0110595914757951,0.0,-0.0072376357056693,0.012726125368111,0.0140179023813544,0.0077971654054931,0.0119325519775415,-0.0021246458923512,0.0032666010420521,0.0059332610430262,-0.0196155467821688,-0.025689625464058,-0.0205256484939861,-0.0276645444968625,0.0003442615589561,0.0,0.0,0.023401740355113,0.0049797635108324,0.0148330048121925,0.004267909509845,-0.0362703021122611,0.0263681824554846,0.0081288693651098,0.0,0.0192990424041605,-0.0035667963683526,0.0022311608321285,-0.0239461165277189,0.0030194593468979,0.0014690451206715,0.0053508268085491,-0.0030152918371743,-0.0115664845173043,0.0126662122429876,0.0133070359040412,-0.026118522924208,0.0033417062886875,0.0063522273462979,-0.0097101994730899,0.0,-0.0657557108584541,0.0275293182269926,0.0,0.0151596749431313,-0.0209961755877557,0.0061049790970824,-0.0165002105769808,0.0032208903924513,-0.0067597501365979,-0.0189201053555749,-0.0057518904040243,0.0,0.0007810868005413,0.0134437210467008,0.0
2017-08-16,0.0015116651401081,0.0,-0.0023768227661077,0.0175731355583024,0.0014327614066762,-0.0082658926202879,-0.0080735327001612,-0.0104324334103201,0.0,0.0111908105090421,-0.0078451829349371,0.0117882403372151,0.0182941903584672,0.0,0.0,0.0123456790123455,0.0314318216399904,0.0018573698847834,0.0156846121237812,-0.0037347433807769,0.0072249275915847,-0.003697472009306,-0.0252432553269091,0.0,0.0048602673147022,-0.0160972063558001,-0.0036880175121348,-0.0117462961221775,0.0035351568351358,0.0035486160397446,0.0016248578249402,0.0109524681188604,0.0200080149351475,0.0188320283820211,0.0282500699692136,0.0246832163549861,0.0044588973456092,0.0,0.0035204444546079,-0.0147815936597653,0.0010265521666172,0.0069011914321057,0.0020162516838309,0.0,0.0191155310274484,-0.0077398665508382,0.0,0.0786715700425488,0.0202546125097378,0.0077446461605996,-0.0223041510235201,-0.0198596981981489,-0.0029337803855825,-0.0015034880923743,0.0421797364441565,-0.0140974845664791,0.0036568948542266,-0.0058551079262431,0.0198589028114142,0.0200728703310459,0.0252646892427059,0.0083548697679132,0.0,0.0126163946140276,-0.008801624915369,0.0,-0.024126054079734,0.0514295052371094,-0.0073650654061778,-0.022833284903727,0.0044818410023808,0.0,0.0368472862320461,0.0196021027710247,0.0,0.0083855920282422,0.0392710987568527,0.0
2017-08-17,-0.0010037771763374,0.0,-0.0125778063962224,-0.0136659040754762,-0.0147626334074352,-0.0074237754647127,-0.0175954818883998,-0.0134187289380192,-0.008344070188355,-0.0243506629302773,-0.0213402061855668,0.0034246575342467,-0.0196379919613713,0.0,0.0,-0.0048833858141644,0.0118509880506636,-0.0003767337186592,-0.0090150250417361,-0.0096488290005924,-0.0287082095683498,-0.0061505744011007,0.027073840490057,0.0,-0.0153272982777215,-0.0163605657589192,-0.0268191913643635,0.0011552915752059,-0.011750305997552,-0.0021216407355022,0.002027777431149,-0.0048384987576827,-0.0086051592625244,-0.013781422432158,-0.0035384379837708,-0.0055624511561624,-0.0238936998490505,0.0,-0.0087720350305714,-0.0076326357536604,-0.0081053897883921,-0.0096989029463113,-0.008040105119821,0.0161543835137967,-0.0082033868013047,-0.0084521996675002,0.0,-0.0795894858100323,-0.0034988353324375,0.0054915992532669,-0.0045606207182484,-0.0079710589245202,0.001471206389239,-0.0060832379690418,-0.0029020054930818,-0.0237383177570094,-0.0075974454965865,-0.0137850019179133,-0.016550342776906,0.0049085132025856,-0.0003704988333229,-0.0291787852328335,0.0,-0.0121504807268235,-0.0239071038251365,0.0,-0.0070670517980007,0.0096732413129556,0.0001218161683278,-0.0006729896390896,0.0051053788813215,-0.0098425123681873,0.0101413313194518,-0.0167034942511516,0.0,-0.0093508410357023,-0.013254480073702,0.0
2017-08-18,-0.0015183429222147,0.0,0.0096948091470305,0.0021860503304733,0.0389084787924371,0.0224183721293547,0.008949275362319,0.0375670951283841,0.0205562086246364,0.0427233911209423,-0.0105024755082693,-0.0102389078498292,0.0213246017114712,0.0,0.0,-0.0085811589927864,-0.0169746872353129,0.0007438336192959,0.0173517520215633,0.0189393446674557,-0.0073851159007726,0.0099227993622554,0.0040074978992954,0.0,-0.0032691669432458,0.0074042279214507,0.0094969325153373,0.0107182372945784,-0.0154546058713003,0.0170092133238837,-0.0198444573129347,0.0088850702516931,0.0019234858589958,-0.0010240491543592,-0.0053435766111822,0.0036982248520709,0.0083935293519177,0.0,0.0088496645984377,-0.0118386326504964,0.0132614919675519,0.017291662132457,0.0096179067937396,-0.0264673025693906,-0.0011803184156702,-0.0088530072045163,0.0,0.0155181350425406,0.0087874996362791,-0.0065446443767115,0.0274990083300277,0.009158898459844,0.0323452256033578,0.0421161071385287,0.0,0.0418341949071414,0.0107218865678866,-0.0050967903995592,0.0128709856907394,0.0,0.0298795826794628,0.0167005292922495,0.0,0.0169430988682277,0.0104302042720516,0.0,-0.0124451490067578,-0.0077700077700079,0.0,-0.002067312962992,0.0111086211864135,-0.0062465041724695,0.0100608779237425,0.0112169110645592,0.0,-0.0089121863473663,0.0099388609463,0.0
2017-08-21,-0.0010137678620679,0.0,0.0192249730893434,0.0334770453358455,-0.0262879958380475,0.0009168003667201,0.0131552171987407,-0.011233547050524,-0.0003031175641472,0.0043497208449476,0.0040773742987021,0.0427657305367934,0.0033137561291016,0.0,-0.0108472946352,-0.0197722539287549,0.0045694349296929,0.0003666851660983,0.0141579731743666,-0.0122170732641416,0.0124055652971928,-0.0184250431025529,0.0188396551623228,0.0,-0.0049281587666284,-0.0018108223263739,-0.0216593334467752,-0.0083077005735469,0.004221920851257,0.0,-0.0053744314283535,-0.0015028704826218,-0.0038492335298148,-0.036161431721472,-0.0116199237925235,-0.0315493736182754,0.002426474297533,0.0,0.004210912632258,0.0010047311390344,-0.0010007260169143,-0.01275098146187,-0.0072659565255044,0.0054726807308675,0.0171573933751894,-0.0168690798296033,0.0,0.0327530079610598,-0.0075571836511003,-0.0198099984426102,-0.0074314999083127,0.006843022511261,-0.0170762076588824,-0.0191021689829621,0.0869497427368641,0.0095561885509509,0.0378819631558988,0.0090729911550553,-0.0146664040879362,0.0163326718855623,0.0009035360418996,-0.0091263754797075,0.0,0.0052243392747386,0.0233823626409868,0.0,-0.012601982557466,0.0420354309185739,-0.0088029143736644,0.0158351512107848,0.0012559101654847,0.0101426008121634,-0.0033202216300807,0.0063403579477328,0.0,0.0140155647016766,0.0019831211045835,0.0
2017-08-22,0.0005073983151391,0.0,0.0188623450140463,0.4929645851087023,0.0511244218569455,0.0310854133272269,0.044884215500945,0.037876598511668,0.0225891056836615,0.0046911073633193,0.0146316637686076,0.01189786247571,0.0079213769769876,0.0,0.0,0.0857615894039736,0.0170697412823397,0.0,0.0261245815984976,0.008335918114144,0.0294117647058822,0.0100097346256402,0.0011201617628473,0.0,0.0239429785667675,0.009177248959556,-0.0009566168066393,0.008959711772235,0.0294658624967156,-0.0222996515679442,0.0054034720181903,0.0242727701461986,0.0290147010401131,-0.0053122541905321,0.0299036207345664,0.0325771626955817,-0.0013839193602769,0.0,-0.004193255200962,0.0147127955582095,0.0100565681961031,0.0209446208189312,0.0212159014577208,-0.0054428935124221,0.0209386473687012,0.0127821397070517,0.0,-0.0106316937782892,0.0046889683300876,-0.0033683942927961,-0.0007584376185058,-0.0002765058508636,0.0369432020888809,0.0337315113969824,0.0106627139715023,0.0098297988531901,0.0227687929078288,0.0313327306773423,0.0248043423377937,0.0031968760727771,0.0326126870467271,0.0213625532297534,0.0,0.0081014980128402,-0.0013212593857754,0.0,0.0030335788688606,0.0015029918044409,0.0177733589525894,0.0169478432826595,-0.0056392364368458,0.0128716203582515,0.0382566996965774,0.0034621070820364,0.0,-0.0007774222125799,0.0235866605157815,0.0
2017-08-23,0.0045568109781108,0.0,0.0005597479061281,-0.1103824991537629,0.0363650838852707,0.0128625099476247,0.0006218975791223,0.0036488516849111,0.0089546485596951,0.0053944376991337,0.0,0.0202479617276465,0.0197943307757886,0.0,-0.0064172325729874,0.008132560740063,0.0011128929687285,-0.000366550757373,-0.0041371628610071,0.0047935812153137,-0.0178630395471341,0.0235296582647137,0.0237839760840499,0.0,0.0024183796856107,-0.0217828063868034,-0.0028850338867125,-0.0005772431939,-0.0011693545993625,0.0192444761225945,0.0107425101008817,0.0037324398989009,-0.0258437329418187,0.0377240807052519,0.0255281838568801,0.0742446573323507,0.0062337479086458,0.0,-0.0150878043047018,0.0042571839979965,0.0209435283136276,0.0163015792154865,0.0108915712052484,0.0163297731485567,-0.0011379529009113,0.0299006800584404,0.0,-0.0104291675550548,0.0256207511691819,-0.0135191148805916,-0.0172334938938355,-0.0083251280576176,0.000698080279232,-0.0021792114695339,0.0184510573875194,0.0033348355114917,-0.015126445426342,-0.0036626023259089,0.0087146640389232,-0.0063947644203006,0.0,0.0097346857922637,0.0,-0.0025777103866566,0.0065827686350434,0.0,0.0157653329768656,-0.0027466304224713,0.0048075339984854,-0.0206608431447017,-0.0082047150610584,0.0026545862685156,0.0384615384615385,0.0213474903954942,0.0,0.013054570456684,0.0,0.0
2017-08-24,-0.0020119379937042,0.0,0.0687897561278825,0.0397728968336863,-0.0131598774423626,-0.0113835696535594,0.0034352611476484,-0.0021212401451922,0.0032547204466975,-0.0135839391802627,0.0080149640528339,0.0096093517815274,0.0452989890018025,0.0,0.0086127895726464,0.0103609962690329,0.0184355343197839,0.0011099659081899,-0.0007989134776704,0.0124752854136105,0.0033942266126578,0.0387512794268167,0.0221329208281491,0.0,0.0249405014181853,0.0,0.0048264594739533,0.0031565232575321,0.0128660739754682,0.0139860139860139,0.005725850549644,-0.0019324803091969,-0.0086853190091586,0.0116614164354598,-0.0068561845415234,-0.0241811010118333,0.0103268844560857,0.0,0.0331317598751104,0.0091889533071505,0.0078093750595227,-0.0016604010025063,0.0083151650357451,-0.0053847490012158,0.0125491355619717,-0.005803744709166,0.0,0.0302506109835452,0.0079539685225926,0.0388183199198421,-0.0007624215299918,-0.0008367127230537,0.0055807464248343,0.0029023822523635,0.0129604682491755,-0.0091627739849083,0.0179647006042324,-0.0088916817217814,0.0048030446418576,0.004821559257824,0.0254335859652243,0.0050010276084127,0.0,-0.0009555661729573,0.0026287106494837,0.0,0.0167050501727259,0.0102856412731764,-0.0134797094325195,0.0279066159931746,0.0159038926059726,0.024233073487228,0.0416814263785569,0.0411756829137655,0.0,0.0231918484715882,-0.0091300302395905,0.0
2017-08-25,0.0025218523340151,0.0,0.0005428144931469,0.0076488695315246,-0.0144431570154403,-0.0110710655207466,-0.0037275614315637,0.0054678675895623,0.0008861028318674,-0.0065157553099708,-0.0023843338896778,0.008896447962321,0.0050483592832328,0.0,-0.007739254454234,-0.0205344444721674,-0.0181018176394416,0.0007325572186585,-0.0127928360118333,0.007861615410782,0.0002393451516651,-0.0023254439035925,-0.013368353521119,0.0,-0.0094153572110186,0.0036752783482867,-0.0057713789251582,0.0037156552943067,-0.0155893379958578,0.0179310344827585,0.0081242891247015,0.015225745885528,0.0170257969573819,-0.0050871553306386,-0.008641811800543,-0.0053163444639717,0.0040895233846383,0.0,0.0275867677808241,-0.000840107731462,-0.0019277654929976,-0.0052614512400498,-0.002908097417073,-0.0053265805099546,0.0,0.0077850489877111,0.0,0.0035014968002533,-0.0033859413476606,0.0077006845052893,0.0,0.0337310116512119,0.0055745503196076,0.0058166189111747,0.0025681005227917,0.0019945602901179,0.007117204129666,0.0028531122699677,-0.0143301297307151,0.0112248832526455,0.0080412102996849,-0.0017785214104233,0.0,0.0019346984913699,0.0,0.0,0.0064557361399875,0.0220973124890215,0.0044069936109665,-0.0231800072437522,-0.0284797475013152,-0.0042171186976904,-0.0192700068011787,-0.0014731586977745,0.0,0.007052087697249,-0.0058102001291155,0.0
2017-08-28,0.0,0.0,0.0102691286741198,-0.0156943168628456,0.0665147717779297,0.000448547826412,-0.0093820294573118,-0.0093669529751307,-0.0153211291101453,0.0054667857615455,0.0016002826473247,0.0100499254360371,0.0119358448340172,0.0,0.0180215675115644,-0.019793152639087,-0.0223435914077981,0.000375902660995,-0.0075321940552359,0.0067627536032601,0.0004945282838273,-0.005846913580247,-0.0027065629984494,0.0,-0.0063419176674586,0.0,0.0270769614880468,0.0062565450264469,0.0,-0.0040650406504065,-0.0080588169656693,-0.0209019630507234,0.0167503545555598,-0.0017008344219029,0.0043585718579874,-0.0053447590441274,0.0071287519747236,0.0,0.0151006114801353,-0.0144422187600465,-0.0019504251169307,0.0022292792698059,-0.0087665475940323,0.016153103327188,0.0056342383042315,-0.0077249101835069,0.0,0.031790547983542,0.0062239693013244,0.0359861057506754,0.0,-0.0047363162584722,-0.0055436469805603,-0.000740677434977,-0.0127618699112614,-0.0010857763300758,-0.0048043798067075,0.0096571780808927,0.0164700805523592,0.0174342244629919,0.0115463178641819,0.0,0.0,-0.0012800763706579,0.0082811101163831,0.0,0.0011655105338037,-0.0002405994363099,0.004387657233571,0.0033988382153009,0.0148143335174297,0.0102426537751958,-0.0181268300200339,0.0156666217822247,0.0,0.0052520280108161,0.0019480519480519,0.0
2017-08-29,0.0025155085927992,0.0,0.0,-0.0267310043478575,-0.0484148460420998,0.0089482533158977,-0.006618209203875,0.013723882463088,0.0170530539456086,0.0036274501739694,-0.0230736510110285,0.0274104506355115,0.0064627104066838,0.0,0.018490912218336,0.0225837469788716,-0.0051414971079079,0.000365872953089,-0.0101191447690549,-0.0007698229407238,-0.0045920563802478,0.0046891454231159,0.0027139083624043,0.0,0.0247216791352258,0.0,0.0075357950263754,0.0107516190400434,0.0410597210632972,0.0027210884353741,-0.0154486482432786,-0.0003344876436328,0.0338818517680765,0.0170640261488175,-0.0060854962339758,0.0035527133848476,-0.001348012784063,0.0,-0.0026452455637615,-0.0089704664642561,0.0077790004933024,0.0002727940404994,0.00908998405861,0.0107127429805615,-0.019609350312161,0.0058376247931735,0.0,0.0040685125979618,-0.00561808203888,-0.0105355705898132,0.0144970619419919,0.0048999392255602,-0.0069372181755115,-0.0014254354705361,-0.0051429365704489,-0.0099637681159421,-0.0051082461688152,-0.0085785848465873,0.0009501571802568,-0.0124716317225009,0.0055336696519669,0.0056989253987074,0.0,0.0206595411887382,-0.0185825273505629,0.0,-0.0098993207765305,0.0055901261732045,-0.0087369795954206,0.0,-0.0044391800322267,0.0004074105840981,0.0061603656981419,0.0023287315906272,0.0,0.0176653159755151,-0.0126524480056561,0.0
2017-08-30,-0.0009992376187057,0.0,-0.0112387564488598,-0.0221876997636285,-0.0026640883878672,-0.0079801514562387,-0.0101657534718632,-0.0186492889635907,-0.0100018264840182,-0.0075892930319471,-0.0268789227191147,-0.0048422368009996,0.0003662288197665,0.0,-0.0036310411799477,-0.0058198637796076,0.0195293365988713,0.0,-0.0114591920857378,-0.0085367065957551,0.0210959650162585,0.0,0.0149055481762656,0.0,0.0194578911682619,-0.0148626817447495,-0.0084083287089536,-0.0050366270338333,0.0056335125294129,0.0033921302578017,0.0239428215967805,0.0115830495797821,0.0286784747354122,0.020133276619878,0.0323201231242786,0.0214178245862466,-0.0040494971260841,0.0,0.0043086502697011,-0.0017217151321036,0.0009789893817304,-0.0019405051606947,-0.0053527612517225,0.0525685956064621,-0.0068559381833072,-0.0032253294641702,0.0,0.0383074597527401,-0.0203449759601892,0.0074549315501739,0.008282867747607,-0.0048760468921277,-0.0293648021555812,-0.02889199760185,-0.0052160953800298,-0.0022872827081427,-0.0137107391386119,-0.0178819554095875,-0.0123807119414289,0.0094665823318573,-0.0108443667777644,0.0003518496799403,0.0,0.0126641551199369,-0.0070438463278296,0.0,0.0099982971270098,0.0072479623652972,-0.0176169015955974,-0.0101465788015027,0.0003108419529449,-0.0077019254813702,0.0030613239738714,-0.0029041514989447,0.0,0.011250518896297,0.0157683529008101,0.0
2017-08-31,-0.0010076462568905,0.0,0.011909611094947,-0.0480809432226775,0.0198239405972093,-0.0107320168725969,-0.0150745021584738,-0.0116442199775531,-0.0020810886602806,0.0094641913319237,-0.0309607997206216,-0.0048657981478575,0.0158885119468918,0.0,-0.0078111757726424,-0.0210128070758455,0.0123941622103387,-0.000741363119656,-0.0220165123842881,0.0062665279675142,0.0240015059768454,0.0163749629190153,0.0200257372066914,0.0,0.0061095386138307,-0.0149775882803103,0.0084796282102754,0.0154697953399465,0.004480424473251,0.0818120351588911,-0.0012088225448504,-0.0148262007374186,-0.0141610173246488,0.0427611767431086,0.0025441993874475,-0.0122173121913179,-0.0003400622954699,0.0,-0.0099002082473157,0.017842876165113,-0.0164008426120975,-0.0072411220060746,-0.0127231407402401,-0.0199772616534026,-0.0149556155924353,-0.0097072976255598,0.0,0.1029105683856252,0.0069224966819756,0.0021078123598528,0.0067132948424843,-0.0055782253863516,0.0064773165402904,0.0148757900926062,0.0156835205992509,0.0045850527281061,0.0060830266394613,0.0017363483629289,-0.0038548451415657,-0.0031120115290628,0.0045519953269028,-0.0077811647681694,0.0,0.0046870402286771,-0.01552178581888,0.0,0.0163061804518522,0.0026407255546201,0.0089720468890892,0.023892112180933,-0.0098795593845099,0.0001368018605052,0.0502896465922786,0.0215475476399207,0.0,-0.005076780014577,-0.0077544426494345,0.0
2017-09-01,-0.0050358965230805,0.0,-0.0160440108110179,0.0017009518942054,0.0266519123688888,0.0185272531743487,0.0387520177205944,0.019842678022238,0.0208468910844228,0.0097436065251894,0.0,0.0832176656151419,0.0234239861618297,0.0,0.0049862619762823,0.023866099172259,0.0,0.0,0.0123646286347745,0.0093287997110438,0.0018536675041362,0.0667600646002373,0.0167550678577563,0.0,0.0015065797564874,-0.0038845726970033,0.0009409607450479,0.0022198855006425,-0.0016719564724551,-0.04625,0.0189735537087496,0.0102995052682512,-0.0148138826215539,-0.0287058428608101,0.0624414056185949,0.0547807017543859,0.0033919195405132,0.0,-0.008000729203459,-0.0148513617901372,0.01914104329203,0.0172556160149055,0.0209479638202649,0.0,0.0256992493254613,0.0147036794307651,0.0,-0.0067957218070394,0.0051585495372477,0.0189751622286864,-0.0059275796037373,-0.0110826148641274,0.0451004928876062,0.027113930650908,0.0153952523622953,-0.004107713372889,-0.0112206216830932,0.0162981984512298,0.001940013549301,0.0062644039388226,0.0102469914974789,0.0074877018849854,0.0,0.0198949812765423,-0.0135188735373833,0.0,0.0034364261168384,0.0229727076379344,0.0377697841726618,0.0053323205469046,0.0083764420683536,0.0069435445553107,0.103055766347702,0.0168191056910569,0.0,-0.0182298902838473,0.0156448891388651,0.0
2017-09-04,-0.0015206517931019,0.0,-0.0054352061092497,0.0203927070959923,-0.0170219353063261,0.0008891358710751,-0.0015653002427349,-0.0113376054745267,-0.0003259853813666,-0.0021470528661129,-0.0051804718734161,0.0677966101694913,0.0087325993567926,0.0,0.0180151785050268,-0.0034939175231439,-0.0050070153236678,0.0022158472648134,0.0096024258760107,0.0074409536266937,0.0039298438766304,0.0204837297533926,-0.019050334489659,0.0,0.0106069444018053,0.0,-0.0046762763341849,-0.0085684308696666,-0.0128473700644354,0.0321100917431191,0.0063407562615729,0.0126380607956211,0.0009124170840977,-0.0013010972925995,0.0254225684248963,0.0502307788265623,-0.007095021201535,0.0,0.0080652571418069,-0.0028582268875679,-0.003846370339794,-0.0019356450068683,-0.0051043927951789,0.0867583692409679,0.0182228588791943,0.010952154677271,0.0,0.1021936540181616,-0.0028490566037734,-0.038268405873483,0.0141619476308019,0.0004138410519287,0.0082105417491384,0.0106890035818032,0.0152072268373508,0.0155820348304309,-0.0014568317742678,-0.0039795966710357,-0.0241571134400837,0.0358325178537966,0.017120354901658,0.0070802032086223,0.0,-0.0063997374466688,0.0,0.0,0.0222720831365139,0.010523529022437,-0.0171264949352508,-0.0019795696324952,0.0028655447754786,0.0074354492190991,0.0789469268587346,0.0120544811464806,0.0,-0.0165786133315035,0.0163511563852576,0.0
2017-09-05,0.004561437562057,0.0,-0.0163947270483614,0.0438689011289503,0.0179057817594328,0.0022208650269279,0.0050327183495411,0.0006159080244017,-0.0143045551384802,0.0139655732380641,-0.0104148978321164,0.0,-0.0075632403248704,0.0,-0.0035900647046545,-0.0023545068331882,-0.0044792213896646,0.0007402728152081,-0.0073418988820291,-0.0022905157947599,-0.0013860541627319,0.0211450122437306,0.0060338563393169,0.0,0.0247429257104667,-0.0037883008356545,0.0234549065194227,0.0091977449846814,0.001127201205415,0.0025396825396823,0.0039402724901191,-0.0014381822920186,0.0423340230995723,0.0032569808805045,-0.0224629080118695,-0.0191234113315121,0.0153058952191964,0.0,0.0099992024337165,0.0107807823042971,0.005801250659233,-0.0038683711133818,0.0004886267902275,0.0281357224552039,-0.0072729443061286,0.0194309443950078,0.0,-0.8681227992957746,0.0068591647902513,0.004292694807666,0.0154436469150884,0.0031825001103118,0.0088465546910978,0.0169382743609776,-0.0025040243248078,0.0110108303249096,0.0081586424019042,0.031345626357597,0.0039578805916875,0.0029949748743718,0.0107866750401999,-0.0052712874200113,0.0,-0.0046036333608588,0.0196347796950913,0.0,0.0055911096735439,-0.0053248624574273,0.0052241911813024,-0.0093118328412445,-0.0089145254326168,-0.0202646360633167,-0.0158470965133278,-0.0138475887419762,0.0,0.0148434979025491,0.0250928435210278,0.0
2017-09-06,0.0156435790725326,0.0,0.0916640114704476,0.0143626974028889,0.0864843029285538,0.0070910198880949,0.0237489685419423,0.0209103965764867,0.0151076280656354,0.0141255605381167,0.0043813990733854,-0.0031909671084928,0.0057918679360315,0.0,0.0357786249947631,-0.0070288851264685,0.0202263574503542,-0.0003649311069248,0.0021852412170111,-0.0038303827927419,0.0150237176456231,0.0175914580780676,0.0096519105860699,0.0,0.0117096018735363,0.030757185997092,0.0009110161971581,-0.0055279016629015,0.0316582221762657,-0.0063331222292589,-0.0035329297995998,0.0129719488854949,0.0131009331572549,-0.014588543225407,0.0229790850863613,0.0146120933236457,0.0268019027937536,0.0,0.0158419125361275,0.008545185333902,0.0278838951310862,0.0249646726330663,0.0268360868320449,0.0045980421239988,-0.0050673789626475,0.0368767150268807,0.0,0.0,0.0005637879029909,-0.0096248579007199,0.0340364333652924,0.0312951875127145,0.043772823371132,0.0423400927475785,0.0099964138425676,0.0316014997321905,0.0083877601538551,0.0135361579141557,-0.0384607340792638,0.049479949497986,0.0021029058335153,0.0272047224686977,0.0,0.0188107928738827,-0.0049291840557327,0.0,-0.0111123875167528,0.0,-0.0125731344584508,0.0194559070762647,-0.0028830579850988,0.0101336423889029,0.0322045415040375,0.0056134767950331,0.0,0.0213294375456538,-0.0101551244212557,0.0
2017-09-08,-0.0014927011305014,0.0,0.0213794487312792,0.0330335205011473,0.0400017930929008,0.0079028916148669,-0.0030584753996998,0.0030146079287061,-0.0078795472157243,0.0132339471273807,-0.0122212351078612,0.0138170674984268,-0.0375352621639893,0.0,-0.0183904326605455,0.0023509352071924,0.0011025433360782,0.0018351882547953,0.0051995974505201,-0.0079490276305735,0.0056801105968624,0.0173045497548809,0.0012929892427533,0.0,0.0086732301922176,0.0149739583333334,0.0091609730726496,0.0225013831483711,0.0038365378725868,-0.0057361376673039,0.007871395554265,0.0105920073285239,-0.0060341329926363,0.0180938408874473,-0.0534569732937686,-0.0432447485677911,0.0153319631083537,0.0,0.0233917349351295,-0.0036702954898911,0.0028056623367158,0.0070363562091504,-0.0011890606420927,-0.0045769968994536,-0.0005697464628239,0.006933441551433,0.0,-0.0759843291708562,0.0300611365194445,0.0054025099479646,0.0090994209459398,0.0068133473367701,-0.0200018413662937,-0.0206391828568419,-0.0098974745905641,0.0108168916580131,0.008601236840863,0.0152589547767656,0.0112884983469636,0.0157157042468683,0.0204875589349466,-0.0151347006352615,0.0,0.0124175555736503,0.0157524520326277,0.0,-0.0039342027818222,0.0062818123753021,0.0096657802690085,-0.0013192809918594,0.0099845142566301,0.0063748619616503,-0.024004531467675,-0.0368675831927195,0.0,-0.0043669591996432,-0.0140040980710803,0.0
2017-09-11,0.0079583177611184,0.0,0.0025004018502974,0.0705612616602144,0.0307680215414181,0.0013098530053847,0.0358285986421682,0.0210159322635492,0.0385280784869079,-0.0068734413965088,0.0123724416258288,0.0052356020942407,0.0108761475667948,0.0,0.0324050545978984,0.0271141008788886,-0.00275332268262,0.0,0.0201902219255798,0.0043852565934134,0.0031676777336162,0.0499991545628244,0.0428411147686738,0.0,0.0401464094817569,0.034851400470387,0.0362995326391248,0.0279836019657271,-0.0016363616192768,0.0192307692307693,0.0273317205237029,0.0012463883066113,0.0277483455211824,-0.0126049145515217,0.0114582190385128,0.0284419310574244,0.0118933525322462,0.0,0.0025402771191673,0.0014235764235763,0.0130625147611866,0.0118143374337027,0.0168883415435139,0.0365618510827647,0.0300323904124379,0.0083777445259545,0.0,-0.0078566300475461,0.0209237445753254,0.0010807848629228,0.0228992505044682,0.0,0.0217253446696574,0.0190312348798451,0.0125067240451857,0.0194332676996833,-0.005120476288544,0.0134235708042935,0.004054199376277,0.0393863623545336,0.0085392478251289,0.0167681812644659,0.0,0.0068765834238146,0.014630340074127,0.0,0.0028223549169621,-0.0036971358648353,0.0086880498333425,0.0111986789762066,0.0118050715702568,0.0071432134128528,0.0492055275830156,0.0176918967666335,0.0,0.0070735582448784,0.0208243758420041,0.0
2017-09-12,0.0370200731386363,0.0,-0.0208797277796584,0.0180138105881175,0.0029861907127992,-0.0030523255813953,-0.0110771336312897,-0.0094085720052929,-0.0014128165658015,0.0,0.0087359620948086,-0.0223904639175258,0.0044570114061153,0.0,0.0220716630579032,0.0355323580336752,0.0154475424364304,-0.0014674309125648,0.0249427543343145,0.0002597402597401,0.0013554172003933,0.0123836516473958,-0.0029688047135483,0.0,-0.0144808132715187,-0.0141528925619833,-0.0245162311239715,-0.0066073020905578,0.0114788618925119,0.0031446540880502,0.0106465033657441,0.0037533714328825,-0.0118137184481608,-0.000327722787487,-0.0129401190181006,-0.0244208142966886,-0.0025410612395758,0.0,-0.0025338404622174,0.0036785794448463,0.0046088734263476,0.0013330126084953,-0.0028016179949457,-0.0044358589110681,0.0186998960185154,0.0270120880475868,0.0,-0.1185187207878796,-0.00484912349637,-0.0043032662246821,-0.0217084984588288,0.0023934212686189,-0.0077467702634362,-0.0080189923503032,-0.0049586045070173,-0.0141921397379913,0.0142831603609367,0.0086093789158669,-0.0080863688455236,-0.0378938610136382,-0.001098915648294,-0.0106509797343845,0.0,0.0086069174854221,0.0,0.0,0.0073112677257538,-0.0250696195880621,-0.0068905742145179,0.0,-0.0063052370557191,0.0149845591122461,-0.0035132306772313,0.004842779010109,0.0,-0.0026685687911718,-0.0018532298145366,0.0
2017-09-13,0.008090353970513,0.0,0.0507651158136064,-0.0209588098436935,-0.001115874355,0.0,0.0062925721699642,0.0094979340012453,0.0042514852042685,-0.0072662785040569,0.0147236492971263,0.0116987971659252,-0.0103535474020707,0.0,-0.0163166749649356,-0.0199190636586132,0.0320497328070032,0.0007397252167395,0.0065427272001914,0.0090019908248941,-0.0135209507801693,-0.0197559928102184,0.0399564296766836,0.0,-0.0069854764434997,0.0090118411401025,0.0017959978216284,0.0010659452316092,0.010271959747101,0.0,0.0015032551255218,-0.004979518208125,0.0046947553852862,-0.0186555887369828,-0.0139418774433611,-0.0150026938538687,0.0105051066490653,0.0,-0.0098409966654114,0.0052056802792928,0.0027490672807441,0.0076871490486152,0.0070358675410897,0.0,0.0091783144828041,-0.0092488325108468,0.0,0.0475199677830726,0.0027100757385405,-0.0021532963760479,-0.0103974433991986,0.0006603170578385,0.018186030348662,0.0107695580492472,0.017397107897664,0.0244484197972569,0.0042301733814484,-0.0085358902027274,0.0020407722541353,0.0112425034310315,-0.032486811759404,0.0006963155823318,0.0,-0.0129487001801731,-0.0043578569597538,0.0,0.0106063638182909,-0.0190515969522834,-0.0012982195845696,-0.0091150665815532,0.0044363395932642,0.0110725027620266,-0.0047108243942689,-0.0138966123496735,0.0,0.0502747229631375,0.0148674309023137,0.0
2017-09-14,0.0004729020188742,0.0,0.0294723718159621,0.0180805558716621,-0.0189959660886281,0.0205204840355737,0.000891782705862,-0.0023493394935744,-0.0076258831445553,0.0094062223346402,0.0127964036542078,0.0115906623235613,-0.0406903866550958,0.0,-0.0024381448926323,0.0,0.0236778767969818,-0.0003745170700938,-0.0045184304399524,-0.0106986605228006,-0.0084439083232811,-0.0028884381338741,0.0107432677153793,0.0,0.0204189378157015,-0.0071658531519368,0.014330657660367,-0.0074412174952674,-0.010700362659649,-0.0050156739811911,-0.0236580493944047,0.0056276320510642,0.0225299605066049,-0.0030013414691436,-0.0074834806146006,-0.0254554634577356,0.0097679258169349,0.0,-0.001282214263483,0.0032258861917238,0.0036494401224786,-0.0073702508070525,-0.0023315833058636,-0.0265181458857347,-0.0101633808331362,-0.0002925076260917,0.0,0.1341656357354439,0.0102650843938498,0.0345883073155799,-0.0042026744291823,0.0076757395949913,-0.0019112627986348,0.0006577043487412,0.0731653984081168,-0.0162148677864625,0.020470564326162,0.0079459849925553,0.011174448551201,0.0264366320251352,-0.0047058017672443,-0.0229019180734557,0.0,-0.0170100094277173,0.0039263645726055,0.0,-0.0110510281797411,-0.0121350722129509,0.0,0.0131541492501536,0.0056908065868963,0.0050843835314231,-0.0035423041558011,-0.0330722565577737,0.0,0.0147970710291454,0.0228822485863178,0.0
2017-09-15,0.0127414657203828,0.0,0.0417486669694369,0.006542265004471,-0.0121483631995196,0.0111253973356191,0.0145778541141108,0.0285956758032699,0.0213442196858402,0.0245180185118478,-0.0067348575572134,-0.0109211903292457,0.0019599959794953,0.0,0.0073356282043628,0.0101619483248855,0.0123403444112601,0.0022085066945358,-0.0032648510909379,0.0144315338304883,0.0188868613138686,0.044282064217944,-0.0014188243611658,0.0,0.0034539174695509,0.0521966527196653,0.0026568753777209,-0.0211547268769174,0.0059466559678154,-0.0170132325141776,0.0188446073793755,-0.0101124861504947,0.0157905689432722,-0.0354648545071881,0.0184326622282826,0.0156722217425093,0.0234005465423479,0.0,0.0189407822111808,0.0100654190639284,0.0218524956543331,0.0204136771636997,0.0186801408666361,0.0590580245090801,0.0486440161185321,0.0356002340745695,0.0,0.0145103254067584,0.0283562918013906,0.0167159763313609,0.0232213980341287,0.0394065443572468,-0.0044681530114438,0.0,0.0068054932963854,-0.0031273772293128,0.0186930270030505,0.0069692271690164,0.0251284127965216,0.0013584249515494,0.0055401471408023,0.0213084806638388,0.0,0.0160799918375675,0.0,0.0,0.0055911096735439,0.0208837351575317,0.0139057294226883,0.0324436229205176,0.0113066520274904,0.008563716865755,0.0296493510422655,0.0053490742213502,0.0,0.0022736423276412,0.0237117732341503,0.0
2017-09-18,-0.0121144316169506,0.0,0.0058611725574411,0.0139270853066637,0.0372783793507067,0.0063580650288763,0.0137758826828056,-0.0077369861816115,0.0086372626308728,-0.0064051118601575,-0.0152755348096365,-0.0052631578947368,0.0050408787681195,0.0,0.0024263054972115,0.0201439201096533,-0.0096477352616249,0.0,-0.0020771750419429,-0.018549046903811,0.0067759171368018,0.0340979927689815,-0.0009456104279008,0.0,0.0178790412486062,0.0050700864897106,-0.013215057432048,0.0155936548630029,-0.0021471537919391,-0.0384615384615384,-0.0075504767653084,0.0069148683898505,0.0413252261701848,-0.0041632289721657,0.0082225442631214,0.0205313496280552,0.0045730963543861,0.0,-0.0075621247610586,-0.007062181348035,0.0062489151189029,0.0039029939297656,0.0071040369599784,-0.0042520563223198,-0.018034796548635,0.0087343647202702,0.0,-0.0233196687955931,-0.0192443533242595,-0.0020515058926232,-0.005508436746719,-0.0236335960968527,0.0096175864437828,0.0,-0.0044928357484013,0.0041546549092759,0.0663799385074734,-0.0016993834288329,0.0294087072227535,-0.0189559743877292,-0.0105333041311906,0.000691219092199,0.0,-0.0059646938324664,0.0406488427261653,0.0,0.0183342906375647,-0.0048076923076921,-0.0012928526794372,0.0138214526131854,-0.0192600789193477,-0.004760674111454,0.0714306702318336,0.0133132540710314,0.0,-0.0018195136936128,0.0327849324315381,0.0
2017-09-19,0.0094352076370989,0.0,0.0031302170283806,-0.0132783558290113,-0.0181549509061599,0.0206033590144083,-0.0011584824923029,0.0083755045401732,0.0030372630352062,-0.0162775491365051,-0.009469250210615,-0.0010636557028309,-0.0065626949469744,0.0,0.0198560877004574,-0.0318145828834665,-0.0133354460465853,0.0,-0.0152910095268594,-0.0010326979545115,-0.0123487903225805,-0.0285128699740793,-0.0097028943651374,0.0,-0.0223019317388387,0.0170128585558853,0.0116056610732067,-0.008885635310303,0.0010786246167324,-0.0033333333333334,0.0076079201899348,-0.001554345573412,0.0188628762541807,-0.0160194042460413,-0.0293566228166108,-0.0251582805731422,0.0175997880607559,0.0,-0.0012695959971915,0.0048767305022909,-0.0035535621873382,0.0041417979701283,-0.0036369349200737,0.0473923696184808,0.0136444753879272,-0.0251399442223742,0.0,-0.0295385667983878,0.0,-0.0185306681829448,0.0083039329221763,0.000908551222156,0.0031753232025402,0.0066515932274686,-0.009066883512909,-0.008359368403276,-0.023274224192527,0.0033972778129387,0.0066750820499874,-0.0344776724805487,0.0191673180280695,-0.0062530295685895,0.0,-0.0222240181024729,0.0239048733904256,0.0,0.0032714392076349,0.012816301952895,-0.0270340244665473,0.004337138336347,0.0193189922191827,0.0015512033784799,-0.0107503290917068,-0.0096340116463982,0.0,-0.0059182803844514,-0.0076252723311546,0.0
2017-09-20,0.0037374300522414,0.0,0.0044646429085788,0.0208809433641954,-0.0301875433782685,0.0214255008167827,0.0063738192761013,-0.008021974421424,-0.0057827174670876,-0.0024163467027424,-0.0078247261345851,0.0063614273623282,-0.0202200341605545,0.0,0.0669517642020114,0.0158600351894531,0.0223548380880189,-0.0007279881947859,-0.0095934959349593,0.0106241203651809,-0.0015910421325968,-0.0321109456440803,0.0071707953063884,0.0,0.0221245134007337,0.0034040070025287,-0.0194246653375107,-0.0081566380133715,-0.0204991331076314,-0.0100334448160533,-0.0090594113994206,-0.0104822198530036,-0.037791955017301,0.0300898485536709,-0.0058911584335312,-0.0189283883096905,0.0041784905365649,0.0,-0.0073110867975615,-0.0076157645102929,-0.0097811785887403,-0.0103117855926844,-0.0105091373519812,-0.024729314262799,-0.003623760500221,-0.0048678777530598,0.0,-0.0424861708666255,-0.0132628324491445,-0.0199500876437207,-0.0144055271639451,-0.0234049027546403,0.0380284874519556,0.048212280289378,0.0137042507795832,-0.0177111716621254,0.0051786948323964,-0.0190168926266947,-0.0075737816744577,-0.0057095936449739,-0.0181620741142934,-0.0062923759816595,0.0,0.0316348458550292,-0.0045129069137732,0.0,0.0032607717909507,-0.001911968381583,0.0013194074862517,0.0,-0.0058999206382356,0.007740592910995,0.016300731869594,-0.0221121900235311,0.0,-0.0022940877627484,-0.0336798605281848,0.0
2017-09-21,-0.0055818418706713,0.0,-0.0026605066114385,-0.0340897462136716,-0.0009721637954915,0.0076598037070081,0.0218659800236726,-0.0095291572393518,0.0002818799328989,-0.0082934859292937,-0.0052576235541534,0.0073521432447096,-0.027405337503525,0.0,-0.0135756712381689,-0.0055619252067427,-0.0091548278050406,-0.0003741041190832,-0.0004925299622393,-0.00231692588302,-0.0120570681179247,-0.029393851972946,-0.0054602525731806,0.0,-0.0040688275748691,0.0149268198119607,0.0099105379342396,-0.008493345916068,-0.0005472139550725,0.0277027027027028,-0.017523104494395,-0.0205286141993553,0.0015973799757582,0.0226771636606113,-0.0236718965042664,-0.0140237794521144,-0.0020783912128558,0.0,0.0086455047534406,-0.014399921163819,0.0009091068025666,-0.0049540472796972,0.0013863547634034,0.0253563596491228,-0.0046828572560515,-0.0034563542474386,0.0,0.0083447003129262,-0.0118299478378521,-0.028904888215233,0.0,-0.0042407566819644,-0.0121972469071266,-0.0126074498567334,0.0067999676192018,-0.0077149791955616,-0.0108302636269501,0.0049147494216856,-0.0095318959678968,0.0186675373062665,0.0101476524912902,-0.0102039564107598,0.0,-0.0020830412402106,0.0111218568665376,0.0,-0.0010833912387271,-0.0095713860233395,-0.014538649776882,0.0055562588794644,-0.0218804819378354,-0.0044786881472178,0.0181805782869612,-0.0198953879958918,0.0,0.009189494538019,-0.0092747270370321,0.0
2017-09-22,0.007488828818889,0.0,-0.0218360142485184,-0.0117664975963767,-0.0056486585719677,0.0004009623095431,-0.0061979272505587,0.0002890141283444,-0.0024949653935241,0.0020867585683572,0.0061586542880778,-0.0072984837467344,-0.0122304813116137,0.0,-0.0153382492427256,-0.0280387587391144,-0.0107740307177189,0.000374244125352,0.0132227332457293,-0.028522370729056,-0.002541276725253,-0.0507760898282695,0.0047709223293845,0.0,-0.0108532676726686,-0.0311336071053385,-0.0142654993499993,-0.0038654286935239,-0.0060617572950595,-0.0138067061143984,0.0081428758777732,0.0007982477488439,-0.0396143550946481,0.0020191928486921,-0.0207797807592164,-0.0178011396263086,-0.0163716507612102,0.0,0.0123812737845789,0.0024121381792729,-0.0017990952123106,-0.0015607867155318,0.0034531320862805,-0.0205854832241678,0.0067906443549283,0.0,0.0,-0.0141828037015714,-0.0141424878167422,-0.0132203284010737,-0.0132249322493225,-0.0033200742508617,0.0012347856764862,0.0012869363345024,0.033609391332315,-0.0028828514021141,0.0161572651919479,-0.0134807166181273,0.0433114258888844,-0.0056371486208781,-0.0116675334628966,0.0206183010668699,0.0,0.0214760251289563,0.0391260162601625,0.0,-0.0124837315062755,-0.007005289848139,0.0026854536056988,-0.0110511149036174,0.0233257442329997,0.0053999646349924,-0.0126049857339959,-0.0184533092894044,0.0,-0.0056921209063244,-0.0218256377052054,0.0
2017-09-25,-0.0009308565248935,0.0,-0.0227807172251616,-0.0252336761700558,-0.0311382409824594,-0.0268036072144289,-0.0141601063285963,-0.0148632580261592,-0.0169365396541031,-0.0010412065375149,-0.0061209574273706,0.0,-0.0297539627475049,0.0,-0.0261173275495079,-0.04959366008783,-0.0145196961441073,0.0,-0.0175893653238227,0.0002670226969292,-0.0207481540245316,-0.0329303296512134,-0.0289717441486718,0.0,-0.0480475051454637,-0.0254312469196648,-0.0153706102727495,-0.0058238922579932,-0.002220273627646,-0.0166666666666667,-0.031924077578051,-0.0156312313363876,-0.0479158843409688,-0.0332023152934262,-0.0300613081326424,-0.050728548300054,-0.0045385113154639,0.0,-0.0169331474024158,-0.0178168443363879,-0.0107790298873101,-0.0010487469452772,-0.0098717857227813,-0.0126245393749147,-0.0077806858706224,-0.001146456745056,0.0,-0.0433077408847674,-0.0104894785413411,-0.0245804400436564,-0.0409022666520194,-0.0180126008386368,0.007399577167019,0.0095514112903225,-0.015169194865811,0.0146311547222708,-0.0023052564914501,-0.0056284898500809,0.0276723530792706,-0.0283644912972583,-0.0061415109363208,-0.0156767230121659,0.0,-0.0111017232232329,-0.0102114195311376,0.0,-0.0027419049422459,-0.0245641565663865,-0.0133801001826597,-0.0049649202217947,-0.030601964570565,-0.0025569565452676,-0.1244709138267852,-0.0257021382242497,0.0,-0.0002299397399302,-0.0063710956353857,0.0
2017-09-26,-0.0148870284860858,0.0,0.0186494209655587,0.0009760858955587,-0.0095012446230683,-0.0123380523380521,0.0057453979777029,-0.0056176289770388,-0.0011284624873837,0.0045244938567954,0.0,0.0,0.0072334222613383,0.0,0.0087041976695212,-0.0230501633162492,-0.0052689780784491,-0.0007383633929275,-0.0080858085808581,-0.0018559479317621,0.0047516669782514,0.009587710461937,-0.0095341267572434,0.0,-0.0057703825982791,0.0138565793466167,0.0100988549889766,0.0175740260079895,0.0005577119164446,-0.0033898305084746,0.0055643442197397,0.0101581027667985,-0.0109384449528017,0.0190792044813059,0.0127638770058144,0.0114648474512033,-0.0072964941451163,0.0,-0.0076562014468497,-0.0034655224941606,-0.0009021439184885,0.0018322818346587,0.0018498942917548,-0.0297878222406525,-0.035024664695616,0.0063769749354636,0.0,0.0305030572540299,-0.0184034350616371,0.0068594223815006,0.01617860415394,-0.003668601217087,-0.0110396991955228,-0.0176739309518459,-0.0088072669826224,0.0196874190484415,-0.0393222289931614,0.0009446410364062,0.0188557123956558,-0.0072981305858017,-0.0124703915284937,-0.0159202260918929,0.0,-0.0115045302813543,-0.0134553908747456,0.0,-0.0165270425252348,-0.029924360023708,-0.0194223277262246,0.0099936029568554,0.0003247737409604,0.0016649260108236,0.0158048871190168,0.0131932676749015,0.0,0.0059560158932834,-0.0215396999430975,0.0
2017-09-27,-0.0037762617095409,0.0,-0.0251652804435913,-0.0287939239532759,-0.0271438911446014,-0.0154110779067343,-0.0051454438589798,-0.0077366806010106,-0.0104623502747155,-0.012128882146254,-0.004412170236235,0.0047205642973413,0.0105674184916171,0.0,-0.0195894224077939,-0.0161733126749843,-0.0132226000523149,-0.0007389089762662,-0.0086508068541008,-0.0320555272542028,-0.0198626207495387,-0.0231804008908685,-0.038270679737503,0.0,-0.0290046724852331,-0.0205506783719073,-0.0081790232110587,-0.0159019795555156,0.0244299307471427,0.0272108843537415,-0.0023689197725837,-0.0092440427280197,-0.0216846116354291,0.0003408842751149,0.0044998448329367,-0.0151288056206088,-0.0110207318051014,0.0,-0.0131781489282454,-0.015897481624906,-0.0145535666861422,-0.0026198196773173,0.0006954269681782,-0.0262857956973927,0.0157158430232557,-0.0063365668077537,0.0,-0.0767697005307416,-0.0164813456002709,-0.027299081977774,-0.014474512271869,-0.0026650422599557,-0.0160923097327526,-0.0160605829585016,0.0,-0.0025404352612414,0.0008017197328775,-0.0110403715077522,0.0211412342818706,-0.0367785815379776,-0.0134250440917107,-0.007549630670061,0.0,-0.021226557317735,-0.001207765045512,0.0,-0.0151289318618857,0.0354734767207582,0.0,0.0191419885148069,-0.0103028072985433,-0.0220210630367739,-0.0466616837256128,0.0136502247791505,0.0,-0.0354929755128428,-0.0112480674032992,0.0
2017-09-28,-0.0018917975567189,0.0,0.0384867812126616,-0.0175919902706677,-0.0119564886699617,-0.009299617074591,-0.0083229684908788,-0.0134961329377668,-0.0125726847255709,0.001050336585133,-0.0291985966208107,-0.0099368148188151,-0.0071063795293037,0.0,0.0021423017483632,0.0164391888158257,0.0241288817611897,0.0,0.0091458298372211,-0.0145125850295382,0.0096500664430805,-0.0205019699401721,0.0320907702837887,0.0,-0.0014980933357544,0.0052963943776735,0.0128370464145006,0.0125354190877871,-0.0233032333236236,-0.0165562913907284,-0.0019848759756943,0.0011453057275161,-0.000452906755557,-0.005446965300222,-0.0268781216209258,-0.0191182765016407,-0.0136208853575481,0.0,-0.0097723206283143,-0.0051388259659568,-0.0018505542679531,0.0,-0.0053199137311286,-0.0135342746360377,-0.0234651315949946,0.0147843057633101,0.0,0.0357236011560089,0.0057771401243422,-0.0116897094130309,-0.0139436915041649,-0.0097506707676198,0.0018871739569994,0.0019628606110695,-0.0333505996732677,0.0147720519568723,-0.0109597964734983,0.0010224484231573,0.0094963633868532,-0.0213669108793698,-0.0137721938976167,-0.0108735484034017,0.0,-0.0036760930729262,0.00120922550581,0.0,0.0028464337243585,0.0712489463332395,0.0046100564094841,-0.0133410672853828,0.0084636413340624,-0.0116513323225818,-0.0476655252968094,-0.0056383981738785,0.0,0.0143861369952591,-0.0014202100189361,0.0
2017-09-29,-0.0009511886360934,0.0,0.0443040025927725,0.0107456456024184,0.0615695978591304,0.0221937230593851,0.0107131285470907,0.015198924544264,0.0141834294455176,0.0035053971988616,0.0209586533203358,-0.0026455026455026,0.0155935339900941,0.0,0.0071182282662236,-0.0086982521949495,0.0497350183448837,0.0014789107329482,0.0,0.0055540720961282,0.0227037698599228,0.0583612662942272,0.0186557837010585,0.0,0.0321739789346064,0.0173252279635258,0.0325794920916755,-0.0024760455489212,-0.0072140409320855,0.0471380471380471,0.0166670733790477,0.0008185485063954,0.0181063544423096,0.0082125190055035,0.016579360459989,0.0331636363636362,0.0106718176338429,0.0,-0.0049338184696617,0.0084181217309842,0.0194218446252429,0.0084054437142546,0.0086087822427805,0.0685256600415307,0.0021814245868199,0.0299912210857271,0.0,0.0489014918757744,0.0172318694486182,-0.0082929853071753,0.0245701195642717,0.0170609745352012,-0.0063011548379863,-0.0026034282768397,0.0,-0.0308709110683509,0.018112717174594,0.0217975198795499,0.0333324270683232,0.0795554072652959,-0.0050028639583529,0.0124558456241656,0.0,0.0199323906501216,-0.008424897634548,0.0,0.0090702238625079,-0.0069506829373848,0.0206385260172257,0.0086083816242548,0.0096721027064539,-0.0023850550558964,0.0250340227490382,0.0037802466517369,0.0,0.0027880741337631,0.0151848180551366,0.0
2017-10-02,-0.0161575996023606,0.0,0.004329340202346,0.0394707796600513,-0.0055981415119464,-0.0008364117934063,0.0014270645901841,0.0125741291430985,0.0099842800696774,-0.0118735494704824,0.004471303315052,-0.0132625994694959,0.0037246442830729,0.0,0.0068345576717749,-0.0025226905042639,-0.0114717213746339,0.0011026226667716,0.0206202710567888,0.0146449625577564,-0.0242986931409048,0.0280993771334061,-0.0085485922616961,0.0,-0.0029071474716626,0.0051787670550742,0.000871089993778,-0.0091013690837868,0.0094996797542326,-0.0167202572347268,-0.0300513657529641,-0.0016357580654695,0.0155501753511473,-0.0128928112488184,-0.0036261429290213,0.0076024215120371,0.0180097142211679,0.0,0.0188421485586178,-0.0046835688020127,-0.0063564933345103,0.0016906669287855,0.0017277620306379,0.0085369239311492,-0.0027249993769056,0.0011060455896927,0.0,0.0494547445150324,-0.0101621075855879,-0.0035814440652769,-0.0043584494485899,-0.0032704865660972,0.0057092566683214,0.0065384814183075,-0.0115004122011542,-0.0045752762430939,0.0058398244555761,0.008530047685336,0.013234404188702,0.028916919391914,0.0109231879094373,0.0003596146445177,0.0,0.0111153776196923,-0.0234395888416861,0.0,0.0230451526915715,0.0,0.0040442380903966,0.000610627697517,-0.0095794492890588,0.0025206514374382,0.0141290629251422,0.0009383952819226,0.0,0.0111614676245119,-0.0033679563014745,0.0
2017-10-03,0.0347813711886717,0.0,0.0280271310044342,0.0613457006631226,0.0191058311898384,0.0225671433554237,0.0406340355225114,0.0502130729859529,0.0429286555611645,0.008128386827845,-0.005332405958384,0.0053763440860215,0.0293662235036573,0.0,0.0421355092710185,0.0577837644665584,0.0640792197750117,0.0025666745338683,0.0134419551934825,0.0288540807914263,0.0069404098296301,0.0991939210350669,0.0206894809950752,0.0,0.0261669857163893,0.0272466065590011,0.0105118003436115,0.0222709303690946,0.0027680611780822,-0.0209287115761934,0.0148849294729025,0.0106301077815942,0.0109384449528016,-0.0013771289014169,0.036358570732047,0.0543989567323366,0.0320312812068652,0.0,-0.0019464121136704,0.015581654610977,0.0392358951577076,0.0223635275300029,0.0343287259663149,0.0,0.0251334982797257,0.033243706663393,0.0,0.014253031342942,0.0154043766941509,0.0012037570784306,0.0255450591724384,0.0069753039472397,0.0465366751183613,0.0376408966030759,0.0185980567949626,0.0387650680773565,0.002902959454174,0.0327890517165427,0.0448974292391586,0.0351068223632335,0.0284509478843797,0.0224268415741675,0.0,0.0106933701105316,-0.009947675833536,0.0,0.0060443097898124,0.0126054026927624,0.0004500500680699,0.0194726841513988,-0.004196304649549,0.031260833785653,0.0975901472418419,0.0244499081110614,0.0,0.0200341717328245,0.0390185721588005,0.0
2017-10-04,-0.0102734780605543,0.0,0.0188616859792296,0.0022913425976724,0.0331550941285143,-0.009806596855067,-0.0046737782188043,-0.0140839022714586,-0.0065006218278377,0.021039741734387,0.0142998659751762,-0.0053475935828877,-0.002411950827325,0.0,-0.0002254509781219,-0.0249226851009642,0.0066397093295826,0.0003629265613198,-0.0062700964630225,0.0182641432641432,0.0273519734277292,-0.0092017375869961,0.02027010308258,0.0,-0.0035444200496506,-0.0132137345679013,0.0311961701080509,-0.0027248130280521,-0.0093843087191202,-0.117568470273881,-0.0007924606512805,0.0024318068617972,0.0368039118786902,-0.0017237850009157,-0.0026211438940788,0.0142232430761075,0.0008902153719121,0.0,-0.0003244790555435,0.0004339834575717,-0.0070276832583827,0.0005087055842436,-0.0089140257584605,0.0041979216846741,-0.0010645559745156,0.0008048320583771,0.0,0.0064556876367491,0.0168542461166403,-0.0071799908556721,0.014948953665635,0.0149437317249487,-0.0198323363564246,-0.020018310939549,0.0205510295983952,-0.02120554349641,-0.0013172832765688,0.0101158740314211,-0.0132872751973623,0.0312137260591989,0.0074994568150439,-0.0137987613807397,0.0,-0.0085235138235179,-0.0219388538946074,0.0,0.0049163172040986,0.0345675309092805,-0.006264128026631,0.0107475681926398,0.0084170867950825,0.0096301427543024,0.0415703367742126,-0.0021393680076604,0.0,-0.0067702327900526,0.0045233409861156,0.0
2017-10-05,0.0014173655066038,0.0,-0.0041155298560303,-0.0173937122470796,-0.0341915644353328,-0.013624072064624,0.0163004466422076,0.0019979530508253,0.0008187403578099,0.0061834153635287,0.0184989429175475,0.0268817204301075,-0.0104770570648641,0.0,-0.0024713780294187,0.0219083155650321,-0.0405127697600902,0.000735395054223,0.0104352046594402,-0.0077941543842118,0.0161958683080098,-0.0213872650700861,0.0028423559541534,0.0,0.0184763824884792,0.0066464666210537,-0.0042086537731447,0.0152929658755702,-0.0094788605019218,-0.1067373202119605,0.0107189048049001,0.0008086358410788,0.0083454584984865,0.0179313396432079,-0.0255053908355794,-0.0438569748704326,0.0115152426579585,0.0,-0.0133335260089905,0.0120186787108629,0.0061992009918723,0.0038181486775583,0.0159569518965356,-0.0084292763157894,0.017075452511694,-0.0064296491456493,0.0,-0.0138326101767848,-0.0116079105760962,0.0253117058111174,-0.0224390776765314,0.0056237110114176,0.0159462770146119,0.0153267346732652,0.0268763287737172,-0.0042647560559536,-0.0031673854751512,0.0103875630748875,-0.0277047845323348,-0.0105352023497545,-0.023492664194731,0.0186516052764904,0.0,0.0050463747880722,-0.0201061857937231,0.0,0.0043528424585692,-0.0071287652928088,0.0319594395780993,-0.0076855777643179,0.0080336896663428,-0.0058487596190066,-0.0066448000904822,-0.0104282443258083,0.0,-0.0054593801720959,0.0040540356700722,0.0
2017-10-06,-0.0075347075270756,0.0,-0.0086798098144059,-0.0307369662810892,-0.0011864994615118,-0.0062687713906544,0.0057092967362835,-0.0059873407405394,-0.0103577199494283,-0.0085370195507809,-0.0025947067981317,0.0083661682949209,-0.0101676212495401,0.0,0.0310833185681205,-0.0154921496009597,-0.0019597849697233,-0.0003723263538472,-0.0082459370746938,-0.0081197441965858,-0.007289239409691,-0.0265917302288238,0.0252330075017048,0.0,-0.0223265415777046,0.0017477424992717,-0.0042155485114866,-0.0061826042566064,0.0067563326352551,0.0584745762711864,-0.0007907142382885,-0.0088780725237284,-0.0198782591388576,0.0077925795558759,-0.0288870449123536,-0.0201785551607907,-0.009927149926725,0.0,-0.0128546433878576,0.0011472516389308,-0.0043982749178532,-0.0088687557938395,-0.0117225062962679,-0.0212868892114176,0.0204600716662401,-0.0021583704303249,0.0,0.0165810644970683,-0.0206750391011819,0.0164357127410044,0.0028681044436995,-0.0181034938421693,-0.0120788028851329,-0.0132053418218894,0.0130473846634635,0.0027411341442522,0.0108381502890173,-0.0120429897819167,-0.0105860309291703,-0.0093142308649435,-0.0037258673505735,0.0133795076783269,0.0,-0.002063983488132,0.0243339424834085,0.0,0.0037819733396988,0.043974809867828,-0.0052310661724388,0.0238185665454939,-0.0280437903035755,-0.0056328212484226,0.0435228146081807,-0.0040262195271647,0.0,0.0466200282354425,-0.0044847910033194,0.0
2017-10-09,0.0,0.0,-0.0225021291855306,-0.0043273944352412,0.0059395445739975,-0.0067476146128029,-0.0110806566459554,0.0011478357829604,-0.0005533656243809,-0.0017174216816681,-0.0086752929466589,-0.0088320308318168,-0.0185003317850033,0.0,0.0056796465997672,-0.0024107237469535,-0.003939425257309,0.0,-0.0083144979011946,-0.0110926374839767,-0.0064249172434547,-0.0341477094640294,-0.0110392980138698,0.0,-0.0149832234177946,-0.0033924590481729,-0.0245799422420582,-0.007850846597755,0.0,-0.0152121697357885,-0.0019632479974871,0.0,0.0088757646780104,-0.0006732908669144,-0.0055718736092568,0.005625029054902,-0.0014716103621964,0.0,0.0277126295498666,-0.0210046467114126,-0.0150064460678985,-0.01047160805716,-0.0118615534310471,0.0087564437539722,-0.020049850292361,0.0010815195349465,0.0,-0.0239651610941705,-0.0017199179731426,-0.0057773195201388,0.0028599019462189,0.0024385648534439,0.0067125795484264,0.0127520161290322,-0.0085990822504145,0.0239193575943961,-0.0062695384827372,0.0010222786238014,0.0279787410439229,0.0228226935084507,0.0064642073122771,0.0179289869122636,0.0,0.0207024103094424,0.0148982785602505,0.0,0.0037751553164293,0.0251445736976205,-0.0153457760530929,-0.0017488076311605,0.0124647328513489,-0.019430192838965,-0.0181805782869612,-0.0199105228129852,0.0,-0.0305647239679884,0.0,0.0
2017-10-10,0.0232510992890448,0.0,0.0063893856712677,0.0279922583273912,0.0281494208424064,0.0139938080495356,0.0213147901563346,0.0117490977981362,0.0212172581615355,0.004136722995957,-0.0026242227166409,0.0,-0.0129806912218075,0.0,-0.0091239048073582,0.0133574103088403,0.036052806650269,0.0014702567068209,0.016768416768417,0.0240255656660293,0.0034679629882028,0.0101111889186835,0.0130229451891428,0.0,0.0297028249251187,0.0334565259677106,0.0173827226951068,0.0109106946539512,0.0061441842801839,0.005691056910569,-0.0003934219844203,0.0008152200603066,0.0050236505753296,-0.0050425564392604,0.0420500519136444,0.0539940828402367,0.0233312565793715,0.0,-0.0009739152838068,0.0099301544833618,0.0206101008690795,0.0126482367500462,0.024914425045718,0.0086104305215259,-0.004199193754799,0.0089051798977524,0.0,0.0235228907273543,0.0137262512187963,-0.0232435635741093,0.0128421169586312,0.0129847812778571,0.014569622445445,0.0188871746379335,-0.0086736678335278,-0.0023360587351911,0.0084150135628178,0.0003803218649858,0.0368273157148557,0.0433112303968004,0.000674950799639,0.0380657027720401,0.0,-0.0168144179249879,0.0463208536359711,0.0,0.0182643330964227,0.0159327101029753,-0.004456038604073,0.0040744279874715,0.0093831299596154,0.0136496271854495,0.0294080875713671,-0.0057153635763463,0.0,-0.0112634671890303,0.0117184310096087,0.0
2017-10-11,0.0032519658680221,0.0,0.0042376099272467,-0.0126769588510804,-0.0055509697157873,0.005024774931956,0.0008015761111004,-0.0005666028114291,-0.0043172690763051,-0.000685315556663,0.0035119830692671,0.0110169033860778,-0.0106033207299029,0.0,0.0059195875614332,0.0011792452830188,-0.0571958762886598,-0.0003719182171415,-0.004082939716596,-0.002606875634486,0.0034559777851559,-0.0350010990683283,0.011023733283104,0.0,0.0084413454820266,0.0226802183323922,0.0315920589953593,-0.0016186242958035,-0.0111091706992807,0.0501212611156023,0.0023614609571789,0.0052013818010518,0.0133350022948222,0.0050681126835074,-0.0116644620432565,-0.0159210526315788,0.006058824764344,0.0,0.0061782190544366,-0.0089664395338469,-0.0026332438486397,0.0030600167434879,-0.0055281899562319,-0.021377012770683,0.0137029213086048,-0.007755762324893,0.0,-0.0329047186404872,0.0214311727847451,-0.0035728731292976,0.0077428673291222,-0.0005354227188872,-0.0047796863330842,-0.0068140188057149,-0.0174991171970023,0.0019233985616322,0.0120058439326229,-0.0067235055160906,0.0077294053106908,-0.0188650693568726,-0.0207673629354047,-0.018830923082216,0.0,-0.012960247314811,0.0,0.0,-0.0073869956884955,0.0429205348280494,0.0071525770645195,0.025523759169916,0.0057802844848968,-0.0005202860203938,0.0264628090251537,-0.0070255982192541,0.0,0.0179957074459304,0.0133584448779173,0.0
2017-10-13,0.0231121764533637,0.0,0.0253183701866361,-0.0004750498467797,0.0198300283286121,-0.0116484966321782,0.0005307394648215,-0.0116192430214351,-0.0075829383886255,0.0017144638403989,0.0122318232598437,0.0041397361252069,0.0570463293733212,0.0,0.0004344844708747,0.0024080617720192,-0.0171893452302848,0.0003720565917657,-0.0107717041800643,0.0305977557457179,0.0009174173948354,0.0590667764714127,0.0106753112468038,0.0,-0.0048781867285042,0.0,0.0140727680718064,0.0159464987998962,-0.0213456838651238,0.0546574287913779,0.0007913399620638,0.010036514166325,-0.0032857625192492,0.0410405141512659,0.03811791698533,0.017961403039622,-0.0002879703515741,0.0,0.0138979418230831,-0.0020434128850677,-0.0008743506660495,0.0099195118909429,-0.0082195351975524,-0.0087234042553191,0.001037993740343,-0.0078202385770171,0.0,-0.0558447989411379,0.0143533670987914,-0.0286854745957648,0.0118833795968722,0.0024080409473041,-0.0036019810895993,0.0,-0.0267161854558525,0.0391453134129038,-0.0103178579617349,0.0006379178361828,0.0022912858013406,0.0,-0.0032772384190949,0.0057214657238033,0.0,-0.0325449726951494,-0.0065727422777647,0.0,0.005845168945892,0.020775832628862,-0.0017754452571046,0.0288454102544273,-0.0076556049965151,0.0107536087946711,0.0639190166305134,0.0582009234198375,0.0,-0.0156619248412956,0.0088015080713679,0.0
2017-10-16,-0.0094912907756101,0.0,-0.0535018881283927,-0.0080863796715913,0.0090601354042214,0.0033548205785747,0.0021411210987229,-0.0080302417812935,-0.0027298529401803,-0.0113194336393339,0.0189988175009854,0.0448971992446205,0.0007859369678551,0.0,0.0193867270938521,-0.0191137687025093,0.0071968974505691,0.0,-0.0046318868844464,-0.0131925477955519,-0.014890611852386,-0.0088018265444559,-0.0202264589180296,0.0,-0.0049163090738583,0.0126069752461581,-0.0016332637879075,-0.01090879622992,-0.0246868305858248,-0.0145985401459853,-0.0082451576297887,-0.0134552554758635,-0.0066014508319975,-0.0132470421680656,-0.0017413143574717,-0.0158493870402801,-0.0005719319192282,0.0,0.0146641242168346,-0.0045201668984701,-0.0044098973883797,-0.0083022237420801,-0.0051565918561412,-0.0220362023324032,0.0259625126646403,-0.0111410657820111,0.0,-0.0467663983844246,0.0125279400100943,-0.0098384063523019,-0.0193369670455767,-0.005333643757044,0.0036150022593763,0.0025082378399645,-0.0366404070244541,-0.0266666666666667,0.0028659195826397,0.005999688327879,0.0168210964922947,-0.0179425222353606,0.0074416777600767,0.0395086263503188,0.0,-0.0163529582667525,-0.0048360777332738,0.0,-0.0105664829123004,0.04516486409407,-0.0253702626515728,0.0252931449188213,0.0141435532841351,0.0064072373659511,-0.0038800400360821,0.013366312799403,0.0,-0.0011376296505515,-0.0087247174007448,0.0
2017-10-17,-0.0077544904144016,0.0,-0.0217408244369983,-0.0139088534812624,-0.0318031573754316,0.0042013864575309,0.0015975978288067,-0.0063550454875873,-0.0024656306037059,-0.0076326867844357,-0.012709710218607,0.0123456790123455,-0.0271458862333446,0.0,-0.0104712193623366,-0.0109410355384,-0.0219603337920237,-0.0010961800084171,-0.0223691729937138,-0.0164578545481504,-0.0160613779533563,-0.0256718410949756,-0.0068813380745423,0.0,-0.0253598355037697,-0.012450018175209,-0.0114409954932609,-0.0075313069180883,-0.0541506765104355,0.0,-0.0027752925925249,0.0050263565283845,-0.0311473364660873,-0.0045859807337568,-0.0087553043390751,-0.0143696058368181,-0.0011486954996199,0.0,-0.0040850164517487,-0.0036739498842188,-0.0114958377139311,-0.0066092587093745,-0.0015697611165508,-0.0179969273538663,-0.0167031847920009,-0.0120915469166162,0.0,-0.0793683441917386,0.0026882198999484,0.0161616516891476,-0.007048111819071,-0.0053569243700163,-0.0018009905447996,0.0006132260596545,-0.0237233272285873,-0.0086647961709852,-0.0205174715082651,-0.0220671590821075,-0.0180416480642898,0.0483020975116044,-0.0230121595471218,-0.0154621886319931,0.0,-0.0153589738180129,-0.0088843837576769,0.0,-0.0154853904467505,-0.0369056552288695,0.0073110825452209,-0.0246691836809501,-0.0126784572767951,0.0007642428608942,-0.0321040030764268,-0.023084003919589,0.0,-0.0086479778184473,-0.0092263169073916,0.0
2017-10-18,0.0013815241461978,0.0,0.0284530826828102,0.012647312446105,0.020868417633316,0.0250679868907328,-0.003459143669767,-0.0037853176230642,-0.0043919079946342,0.0153827855528685,0.0171718980880313,0.0292682926829268,-0.0066731245291141,0.0,0.00496737233033,0.0147763363298702,0.0208915536681231,0.0018224395214627,-0.0086012526096033,0.0047109369111328,-0.0049606250387549,0.0040601658329335,0.0249406794511724,0.0,0.0014357712142523,0.0126069752461581,0.0421831459594503,-0.0054166984175366,0.0093388356743522,-0.0281481481481482,0.0039731219217458,0.0095344869607603,-0.0141471370933127,0.0131572851517256,0.0300343491429633,0.0181900248250959,0.0034500495552571,0.0,0.0110415741144096,-0.0020644792708102,0.0044635073403773,0.006132543945077,0.0017979452054794,0.0091633762944201,0.0128676903280475,0.0431167488468267,0.0,0.1084685932595315,0.0155445474237421,0.0146585441833095,0.014895967593445,0.0265331008589431,0.0,0.0018630647414998,0.0219003577349272,0.0388745525680511,0.0145879557644263,0.0185402521474291,0.0160754735363606,-0.0136997702833172,0.0277742877203355,0.0,0.0,0.000321398727261,0.0290879557213332,0.0,0.0168129420031997,-0.0406300739917399,-0.0004557625477126,-0.0159350571256765,0.0272903852379411,0.0036904589692954,-0.029144504966357,-0.0095198725820375,0.0,0.0101020505181756,0.0017686546165904,0.0
2017-10-19,0.0022926007831363,0.0,-0.0038880971559575,-0.0129691956260221,0.0070027801486405,-0.0036733444440665,-0.0066819654427645,0.0,-0.00413771406686,-0.0148061379875834,-0.0151982039486717,0.0180045927590755,0.0314768663993931,0.0,-0.001288164045651,0.0060472641434368,-0.031717031230244,0.0,0.0186994609164421,-0.0078147467396876,-0.0080700442450302,-0.0050504188776467,0.0105911546299335,0.0,-0.0303127834508588,-0.0374409305707016,-0.0134919171430327,-0.0021835873403012,-0.00555145725753,0.0129573170731707,0.0047415836889521,0.0104004712562648,-0.0091255812333466,-0.003246604783026,0.0051417682425993,0.0107279014096994,-0.0160407081416283,0.0,0.0184089057254139,0.0011840016654087,-0.0062315570213504,-0.0007571038382289,-0.0072021816317175,-0.0227373394359958,-0.0127042164054813,-0.0202689051284102,0.0,-0.0103246026867146,0.0242493115957864,-0.012041822306367,-0.0426259547524446,-0.0132492770990179,-0.0066370255815453,-0.0006361790109863,0.009520150273224,-0.0085737179487178,0.0054843819953851,-0.0099249268354751,-0.0128087319914662,-0.0303117246966295,0.0136772541941423,-0.0124288845232283,0.0,-0.0254894400891059,-0.0147905644383385,0.0,0.0016027644009852,0.0074228888497644,-0.0158677685950413,-0.0251425807108666,0.0056198069307449,-0.0077358806770572,0.044514263838101,0.0226229347212334,0.0,-0.0181822460329288,-0.0199291112151407,0.0
2017-10-20,-0.0137376354533554,0.0,0.002161573750097,0.054016857586941,0.0046988381775645,0.0077663605639572,0.0088818567448722,-0.0037941374456887,-0.0049858870552361,0.0139823555988871,0.0042912219925128,0.0162943053922393,-0.0016282367771416,0.0,0.019146030430545,0.0012127283752076,0.0,0.0003716490459377,0.0230692905573011,0.0094389555398728,0.0043034396104915,0.0304220328228697,0.018952990182854,0.0,0.0066986512175251,0.0178436555891239,-0.0096576217327642,-0.004095187514797,0.0105425284465958,0.034612490594432,0.0074781282898321,-0.0258147758768995,-0.0083396312635113,0.0195430773465454,-0.0034157582493011,-0.0106140350877192,-0.0072807207024051,0.0,0.0177693068944031,-0.0011826014633067,0.0,-0.001524945811674,-0.0020425092343329,0.0371657350052876,0.0180147664592666,0.004357874913426,0.0,0.0351460472788924,-0.0060169498758204,0.0,0.0284634116298241,-0.0051902931486017,0.0030487804878047,0.0043336679479961,0.0164925783397471,0.0074355451386081,-0.0002568823050905,-0.0176141312884662,0.0320609327699805,0.0221390653554955,-0.0047245770226652,-0.0046397175924063,0.0,0.004901529804818,-0.0185135736537604,0.0,-0.0143797758252405,0.0332780859604024,0.0,0.0217689384541048,0.0099442204441473,-0.0006384229264766,0.0009858069082313,-0.0015124416329567,0.0,-0.0074059871054333,0.012200614124872,0.0
2017-10-23,-0.0106861873161387,0.0,-0.0038948544472721,0.0364697016942106,-0.0028046373951653,-0.0105519892955742,-0.0349260107375833,-0.0120177138421502,-0.0094557752700418,-0.0193084902636742,-0.0076778421925247,0.021534828807556,-0.0065235690235689,0.0,-0.0242753612814,-0.0084261526713537,-0.0412044684421172,-0.000733245343892,-0.0254586599854522,-0.0096003795208547,-0.0200331540097584,-0.0314876762028393,-0.0142207104521548,0.0,-0.0162755147918353,-0.0032464520916427,-0.0194931160674027,-0.0128886347427734,-0.0067497371646126,-0.0298181818181818,-0.0507812969168498,-0.0247034700624944,0.0044219947715893,0.0025547956163507,-0.0042802322148972,-0.007137157549428,-0.0087975288415592,0.0,-0.0096329458684416,-0.0036821150693487,-0.0233183699848038,-0.0099320891006369,-0.0093159665315276,-0.0179169701383831,-0.0126399839688008,-0.0197849112448958,0.0,-0.0448571653419375,-0.0266348399505426,-0.0097543290230133,-0.0099315478658228,-0.0163049535850199,-0.0030395136778115,-0.00121891760117,-0.009277364063735,0.0612916165262735,-0.0101408933236263,-0.0032705627548313,-0.0162736163504748,-0.0280279939380523,0.0,0.0,0.0,-0.0081147881624709,-0.0099150569813487,0.0,-0.0048631901931871,0.0233295323727267,-0.0078417291186453,0.0,-0.006153941625468,-0.0024268809172122,-0.044544892109948,-0.007285142396884,0.0,0.0009336617246984,-0.0339225282800091,0.0
2017-10-24,0.0009404735560962,0.0,0.0104372750922998,0.0062362895643999,0.0037525076497231,0.0049299873326713,0.0091122986122189,0.0124634715714146,0.0134829111939518,0.0094935952109556,-0.0094641115060719,0.0,0.0348443126456259,0.0,0.0270450310331165,0.0072762036274796,0.0181815705608368,0.0014577829957931,-0.0184110134350639,0.0015630514798568,0.0021862981344653,0.0182833576767764,0.0033276431091384,0.0,0.00827239488117,-0.0191699236925366,0.0149078153740855,0.0063917727080418,0.0129711515576655,-0.0029985007496251,0.0082309473497741,0.0146663850076953,-0.0127752682100508,-0.0203912690061688,0.0335326185417592,0.0233959905344465,0.00177770508174,0.0,-0.0079022473509393,-0.0056284688214168,0.0220330495743616,0.0007761489429822,0.0073376340681521,0.0091219222782557,0.0030755540290536,0.0257134839676071,0.0,-0.0057777869325205,0.0078244914521621,0.0283134000488161,0.0128972223514634,-0.001224795912311,0.0212333506313786,0.0191359531364412,0.0210800369530528,0.0250963791669818,-0.0173399901359337,0.0087938690836437,0.0037629950889725,0.0091799372821079,0.0067783804588772,0.0133140025183968,0.0,0.0065493516803387,0.0031752816535888,0.0,0.0032629601634472,0.0033908606708146,-0.0069580648174091,0.0067353407290016,-0.0021646147922281,0.0121740898233011,0.0383359983085116,0.0342407692214539,0.0,0.004889110471381,0.0300336343209635,0.0
2017-10-25,-0.006100425578953,0.0,0.0322525939287421,0.0345323741007193,0.0168219232096207,0.0306101590978775,0.0161532533739057,-0.0038130436238986,0.0030457201787554,-0.0003474305928429,-0.0052074489160582,0.0044843049327354,-0.0023794903285232,0.0,0.0035801943534077,-0.0084363713057921,-0.0021602172255587,0.0003712423919732,-0.0161372085163905,-0.0049713048731372,-0.0043630573248407,-0.0119813024181981,-0.00796257815123,0.0,0.0044724476073916,-0.0048387096774195,0.0155107373922571,-0.0008278520473169,-0.0201257628313332,0.0165413533834586,-0.0028551169342946,0.0115000644400162,0.0107063702009007,-0.0016290127164805,0.0025018724204421,0.0087692509052832,-0.0076782606827506,0.0,-0.0027573423534278,-0.000893044757302,0.0152761251487365,0.0125929444611401,0.0068362904873411,0.0045564782832365,-0.0122567139555332,0.0134746170889124,0.0,0.0002900502408453,0.0315713923097795,0.0060018310671052,-0.0028295559985668,0.0042191129598616,0.0100783400381114,0.0127173444460413,-0.0023030103635465,-0.0053830838433744,-0.0064191182297674,0.0078136858768169,-0.0007466005845724,0.0220814165437026,-0.0025203539823008,0.0134639829904634,0.0,-0.0097710592616935,-0.010408740907569,0.0,-0.004333977337998,-0.0140808399619551,-0.0060898189513284,-0.0089119092051643,-0.0040361690810676,0.0008870946144987,-0.0109832769109374,-0.0082782523169154,0.0,-0.0227181793447818,-0.0017884967143146,0.0
2017-10-26,-0.0070762750154663,0.0,0.0104249122544992,0.0042748165140378,-0.0009185518388,-0.0114870337008081,-0.0123866100162367,-0.0141168690701025,-0.009116270143187,-0.0066192733017377,-0.0078520625889045,-0.0089285714285715,-0.0325716190915852,0.0,-0.0025196877295476,0.0279439525670681,-0.0086796828396973,0.0010840161332852,0.0012881064834691,-0.0036807022425722,0.0104916354796404,-0.0363627047430356,-0.0343469730300799,0.0,-0.0252410535657876,-0.0131566402898274,-0.0080415879801605,-0.0057997656791098,0.0136927523063139,0.011094674556213,0.0151408362071134,-0.0094188907075438,-0.0110350681733779,-0.0146646406755115,-0.0257351772373232,-0.0400484387163739,0.0,0.0,0.0129028260833039,0.0140123034859878,-0.0106168456248599,0.0025370505112396,-0.0061108856491742,-0.0135342746360377,-0.0030962923278131,-0.0340427796914326,0.0,-0.0456282427016558,-0.0209408091229975,0.0071288930834569,-0.0269662714315985,-0.010974173036887,0.0046954261518468,0.0005912262031451,-0.0138087386644683,-0.0210557532621589,0.0091458551197292,-0.0313853745302235,-0.0239885541689849,-0.0343088132887206,-0.0232941076270103,-0.0359687951719133,0.0,0.014801212416204,0.0416423189297245,0.0,0.0054391800773172,0.016567052368916,-0.0254074897683991,0.0033688147664245,-0.0071626036692636,0.0026555805654313,-0.0131126867496235,-0.0262286372088903,0.0,0.0436512810435039,-0.0314633583538066,0.0
2017-10-27,-0.0061816119795859,0.0,0.0164811612197537,-0.0025539721461159,0.0119594301198124,0.0052166934189403,-0.0043709821912009,0.0053717598908595,-0.0019507066123419,0.0028068892034158,0.0,0.0004411628122968,-0.002438959730654,0.0,0.0008420175310903,-0.0543686306968081,-0.0010953050627433,-0.0010828423147462,-0.0084048027444254,0.0066014980322457,-0.0140071539362476,-0.0503013115916342,0.0161692897163507,0.0,0.0121911698893535,-0.011593082793933,0.0016213558719233,0.0177807582376801,-0.0417434390717594,0.0021945866861741,-0.0024176450897006,0.0278624292555507,0.0120522861792107,-0.0446383291416979,-0.0136235336346282,-0.0018471796720128,0.0119031123889361,0.0,0.0054594897771935,0.0044074563791449,-0.0026826931451963,0.0042972965230096,-0.0061406057369903,-0.0045238801542568,0.004149115250567,-0.0165191995843632,0.0,-0.0255759193550136,0.0175494852151003,-0.0189092856306163,-0.0029162248144221,0.0089039493938025,0.0175464218652201,0.0179390215079178,0.0140020898641588,0.0362768857921842,-0.0031966277333802,0.0386665876847436,0.0191950615675289,0.0039397083912271,0.0195259134377814,0.0100817979206291,0.0,-0.0145853318217494,-0.0162685641737281,0.0,-0.0108120594327952,-0.0176118500925125,-0.0004854722431244,0.0050426390236431,0.012234738218791,0.006688081871462,-0.0664606477859489,-0.0036737960133857,0.0,0.0056803025310299,0.0018499054025644,0.0
2017-10-30,0.0023950408565793,0.0,-0.0020212889716147,-0.0350297223708173,-0.0309092260228163,-0.0318862275449102,-0.0353389034458891,-0.0160235207644248,-0.0178817723747409,-0.0209808508107679,0.0026380684750817,-0.0197971545941931,-0.0185229477264875,0.0,0.119639862652719,-0.025,-0.0131445357447442,0.0025489027998868,-0.0187683791731533,-0.0317442300416194,-0.0173844647414802,-0.0563062222388115,-0.0195474353895271,0.0,-0.0301108383772163,-0.016811650865018,-0.0161768698957744,-0.0169263836646963,-0.0102506138675605,-0.0072992700729926,0.0028336357535234,-0.0130722729197952,-0.0207254801491245,-0.01350370498765,-0.0285000661638216,-0.0509140148950575,-0.0064699161735068,0.0,-0.0045245276209625,-0.0188818048062775,-0.0278073745436761,-0.0125990091948995,-0.0128232477660054,-0.0321090665276019,-0.0175589101040469,-0.0148356551980822,0.0,-0.0117204899777282,-0.0269476122746205,-0.0132528270992171,-0.058523568959623,-0.0194136547916845,-0.0028705583235939,-0.0146741275627482,-0.0574608408903545,-0.0043850032887524,-0.0016034394657551,-0.009374509887791,-0.0354137867661747,-0.0615966784043727,-0.0169495149644687,-0.0182988112704042,0.0,-0.0131640080532754,-0.0026712287652319,0.0,-0.0076534263395379,-0.0152562587357867,-0.0096534473128202,-0.0273095634280488,-0.0034072437794356,-0.0095264287986428,-0.0449053704867659,-0.0061455709296239,0.0,-0.0103992760293956,-0.025011540559822,0.0
2017-10-31,-0.0028601546029516,0.0,-0.0081306736219382,-0.0239060699492354,-0.0515951249557836,-0.0160644640310636,-0.0218734945316263,-0.0114577287954443,-0.0133732295467214,-0.0096461459961609,0.0087742378310358,0.0110100866600368,0.0062818152279866,0.0,-0.0167144258077663,-0.0089771643382147,-0.0016598079561043,-0.0003701611174968,-0.022741295724989,0.0135464290831412,-0.0184271571862645,-0.0140215564125383,0.0013928437305392,0.0,-0.0069793762575453,0.0,0.0032906958229392,-0.0058303725972488,0.0142422094458007,-0.0183823529411765,-0.0036311810633289,-0.0142207830208922,-0.0315386836027712,0.0133371402843134,-0.0266630344099569,-0.0210681504732012,0.0124340504339213,0.0,-0.0057580142463983,-0.0076165169234007,-0.0332021775454104,-0.0193948498680687,-0.0245870149827122,0.0473368226600985,-0.0068254464178422,-0.0201776051737864,0.0,0.00790444801262,0.008306418436923,0.0012272695844568,-0.0170961722729336,-0.0099732251342866,0.004030351010672,-0.0006126729033624,-0.0317064637452986,0.0399324671511414,-0.0235431153153788,0.0134787959038278,-0.0078116586727635,-0.0265285167553438,-0.0022404129900449,-0.0301721601807504,0.0,-0.0066585956416465,-0.0151975683890577,0.0,0.0137700686985235,0.0137499040959261,0.0,-0.020058242030897,0.0133723665638558,-0.0117691533101161,0.0103246563322607,-0.0077264044668658,0.0,-0.0105006740297519,0.0109327250032282,0.0
2017-11-01,-0.0076607020783265,0.0,0.0,-0.0589571620923123,-0.004945162426155,-0.0008381644199202,-0.0127741624487828,-0.0268488755325889,-0.0311431555155001,-0.0111712654770277,0.0060896781656121,-0.0458792945970631,0.0104133031966417,0.0,-0.0343778899731368,-0.0413859480269489,-0.0077838387446927,0.0003702981874877,-0.0157842518264634,-0.0106923007723644,0.0268947841427287,-0.0320322528883183,0.0127270310556648,0.0,-0.0007756601025771,0.013619644099811,-0.0024652171612969,-0.0050267701692607,-0.0114926165115767,0.0112359550561798,0.0113250494421435,0.0114774211422012,0.0362825098740591,0.0044973774329184,-0.0255741949026536,-0.0312864360668478,0.0157866526000542,0.0,0.0137152846507577,-0.0126325556733828,-0.0076378435635836,-0.0238244883529087,-0.0167716948930025,-0.0361578599250385,0.0052913893930228,-0.0034784843924262,0.0,0.0508222562577558,-0.0153822114967274,-0.0183001571051223,0.0355772190867111,0.0034985811309857,0.0069019190202144,0.007757421423687,-0.0100718124745946,-0.0010587986165031,-0.0058830971659918,0.0090817427857305,-0.0354333995691885,0.0014191469776003,-0.0032845972734937,0.0160771704180064,0.0,0.0181235470693119,-0.0231939860652732,0.0,0.0086934383634471,0.0101252547531394,-0.0073198543385771,0.0403512746365319,0.0359147373199622,-0.0153622727226565,-0.0363315288191529,0.0224280267038514,0.0,-0.0143167857740386,-0.0051659783426293,0.0
2017-11-03,-0.0067468715821769,0.0,-0.0016453408940665,-0.0515637290802072,-0.0357868359593088,-0.0226144704648725,-0.0179390285326087,-0.0019651411437241,0.010092135959602,-0.0054750562392483,-0.0345810931142146,-0.0243004418262149,0.0292934941812468,0.0,-0.0049441734940793,-0.055339003071108,-0.0072840574692747,0.0007208400709148,0.0028409090909091,0.0013509827100193,0.0106317461346472,-0.0220684224704199,-0.0228560714369419,0.0,-0.0062576240039287,-0.0050019615535504,-0.0130990008697312,-0.0098280421540121,0.0581049764987757,0.0,0.0007994342465331,-0.0072974136244473,-0.0134655316547862,-0.0141329794694199,0.0103042814828113,0.0403711133400199,-0.0118015101577583,0.0,0.0066143017317836,-0.0153718098460133,0.0096067415730338,0.0120017705881168,0.0140284407650967,-0.0093785741517348,0.0118750551628405,0.0055292521988035,0.0,-0.0815043353369859,-0.0061361592580183,0.0062079032059509,-0.0038249254337722,-0.0008356253078255,0.0096818810511756,0.0023631258773981,0.0101742859749978,0.0476257772752966,-0.0084450706786055,0.0135527862023347,0.0040768631524277,0.0085985675437589,-0.0031204432779236,0.0137628373537137,0.0,-0.0276878740855686,0.0004692632566869,0.0,0.0026872541014029,0.0140000856274349,0.0157234258046985,-0.0219293189358131,-0.0118519994024202,-0.0037715609861753,-0.0164924297043981,0.0219420791870084,0.0,-0.0058519236986743,0.0132245317203305,0.0
2017-11-06,-0.0029172863516759,0.0,-0.0147736135022586,0.0528441915003146,0.0515473446131093,0.0004291385044523,-0.0080849132060787,-0.0040876419153864,-0.0041222344849765,0.0359334719334718,-0.0062579537892143,-0.004377358490566,0.0140229230809034,0.0,0.0065593835850954,0.0185683025945608,-0.0174928333786696,0.0,-0.0155350452343965,0.0043199065966141,-0.0021969915648353,0.0526338093825486,-0.0128658393257187,0.0,-0.0086564213748246,-0.0220798422868407,-0.0008490332842543,0.0238174328992826,-0.0079314995607359,-0.0037037037037037,-0.0127868751728162,-0.0008178790327346,-0.0131937420842103,-0.0048916076646128,0.0167025000444214,0.0155700168715351,-0.0171847519759286,0.0,0.015531726560753,-0.0068173761282757,0.002856453916495,-0.004751727223023,0.0045346435243478,0.0,-0.0136387785363688,0.036179024937212,0.0,-0.0736210531192809,-0.0157278452940653,0.0074105145413871,-0.0191483224080135,-0.0096260357127032,0.0220185334407734,0.0289442356620994,-0.0201436249491893,0.0032375556454877,0.0198852176464114,0.0102543096565463,0.0008189584572546,0.0227277042550364,-0.0059093701547552,0.0010189357128131,0.0,0.0016871480358406,0.0069731081926203,0.0,-0.0085880123193555,-0.0546571525080222,0.0029063051012343,-0.0339065180664509,0.0194930202086378,0.0156644717770322,0.0622804606127249,0.0238507189465293,0.0,-0.0186103613125629,0.0121226627618833,0.0
2017-11-07,-0.0165509724054845,0.0,-0.0041669778209244,0.0241350039047909,-0.1064712603860214,-0.0321179624664879,-0.0501253132832079,-0.0293438938499812,-0.0304942937873838,-0.0371675590627033,-0.0234271280032897,-0.0019708914493631,-0.0312300665935243,0.0,-0.0173777025434442,-0.0252271053277681,0.0206793738685977,-0.0007203208347933,-0.0369442123828087,-0.0290242579245135,-0.0208289805692611,-0.0428559925922944,-0.0142144165771684,0.0,-0.0412639704108707,0.0103820179417397,-0.0331296790293433,-0.0110768631777035,0.0049204250648573,-0.0148698884758363,-0.0364362893989942,-0.0184617205297883,-0.0248935836234199,-0.022488838058372,-0.0355825862038833,-0.059284222517562,-0.033788969858997,0.0,0.0002945635432878,-0.0126163477114851,-0.0218432685371853,-0.0172098644585834,-0.0237506144519088,-0.0095443349753694,-0.0250018088125346,-0.0287703998306918,0.0,-0.095263697516817,-0.0376452139116955,-0.0073560027758502,-0.0039145690931586,-0.0153511470019125,-0.0458478702225375,-0.0533563213175743,-0.048859184143812,0.0390614495092107,0.0334217268191829,0.0023502893192408,-0.0333086411245866,-0.0138868260804989,0.0535299137753451,-0.0172866237541038,0.0,-0.036895413679299,-0.0249355650094711,0.0,-0.0222160822032378,-0.0272281649880524,-0.0212309333850668,-0.008919856848498,0.0191104212597257,-0.0183790175431443,-0.0868077520271435,-0.0238776357680063,0.0,-0.0038440189881282,-0.0271823050705989,0.0
2017-11-08,0.0034636138252879,0.0,0.0125532425460435,0.0131954989423708,0.0607870197579514,0.0274407696711169,0.0524492371228633,0.0273026132501252,0.0363361090083269,0.0389774972694909,0.0332046053343921,-0.0176717808496633,0.0187784771787511,0.0,0.0315512015351737,0.035954914677917,0.0579574065573313,0.0014514212238694,0.0243855421686745,0.0240784345026672,0.0037423061140746,0.0286020736503396,0.0396594561552265,0.0,0.034770794545363,-0.0016959297685554,0.0281127625489499,0.0506830798304438,-0.0097926660502293,0.0,0.0411730508365093,0.0321319842856713,0.0189100894843994,0.0154574806781493,0.0123045140713624,0.0447045764165698,0.0199398413024267,0.0,0.0171098056754623,-0.0094545555663696,0.0330144083500358,0.0264040490273798,0.0364968404091943,-0.0095585949642523,0.0130935595847658,0.0284714627548041,0.0,0.0688373250044915,0.0160048698258099,-0.0086339485458611,0.0196090409285278,0.0328961941057199,0.0272068089325925,0.027271202281387,0.0108068815119941,-0.0022646392753155,-0.0026965197498326,0.0123477950855639,0.0588261501038056,0.0070411928609082,0.0147835195530725,0.0458747455394561,0.0,0.032329725386397,0.023216560509554,0.0,-0.0005498827680487,0.0040576449589355,-0.0024652205691066,0.0083983039255914,-0.008362274693933,0.009948285530333,0.0802449699297838,0.0125262933988796,0.0,0.0106035278560914,0.029357509545123,0.0
2017-11-09,-0.0024633942520799,0.0,-0.0247952246234057,-0.0493066054097212,-0.0701281628177817,-0.0168047592516041,-0.0256698131717206,-0.0348092302314789,-0.0362381300219137,-0.0070777428259614,0.0071494276964636,-0.0149999999999999,-0.0504627475311514,0.0,-0.0181165260451486,-0.0277777777777777,-0.0409569327662036,0.0,-0.0126082047421902,0.0032345643730271,0.0,-0.050767752356417,-0.0175725591165355,0.0,-0.0416099332166245,-0.0154891575896871,-0.0162419520640588,0.0050648880228825,-0.0228687101646372,-0.0067924528301887,-0.0108943815763351,-0.0200048673643222,-0.0013940261333431,-0.0198253991114853,-0.0214994092585298,-0.042791596232794,-0.0135336174532471,0.0,-0.0035296128789369,0.0066813581685218,-0.0159796456289353,-0.028348780101394,-0.0270018621973929,0.0145154962730482,0.0226175845819531,-0.0355145492122758,0.0,-0.061682182570468,-0.0087566481394427,-0.0410951658968301,-0.0076887743893915,-0.0174473911393866,-0.0135347116080766,-0.0135768773182166,0.0026848211717327,-0.0236057068741893,-0.0129695690474737,-0.0089057748701383,-0.030959934697175,-0.0433538979248459,-0.0044248092102094,-0.0329799292428527,0.0,-0.0183828579277506,0.0115472003485948,0.0,-0.007763725977152,0.0525247790746858,0.0014902389349757,-0.0059410775324182,-0.0541381334376833,-0.040055797757122,-0.0262916271952198,-0.0335893186433555,0.0,0.0011932388617323,-0.0027645032229385,0.0
2017-11-10,-0.0004953524286838,0.0,-0.0148240404623399,-0.0215261762984889,-0.0135716611279114,-0.0188286048552207,-0.0297582422499915,0.004264565395206,0.0009170904736279,0.0014224061292773,-0.0159546794612405,0.0116698937673347,-0.0054723659134223,0.0,-0.017659580766612,-0.0342919662394497,-0.0293938209910817,0.0007295223087921,0.0078139889460644,-0.0231645733523241,-0.0119699769430773,-0.0216688924309653,-0.0414207180813838,0.0,0.0100295983086682,-0.0243605359317904,-0.0164991090481114,-0.0204992139586037,-0.0088510332619264,0.0030395136778114,-0.0004077075545073,0.0039535114731299,-0.0255555969176936,-0.0191413248034721,-0.0181482226816194,-0.0304758060447045,-0.014939077130526,0.0,-0.0035421151742746,-0.0139154199026757,0.0,0.0105371500779585,0.0014478884959434,-0.0238205723124516,-0.0310709283076531,-0.0266758404589106,0.0,-0.0514334534480738,-0.0247166144375529,-0.0441617179312753,-0.0124074223152471,-0.0107114075931232,0.0017328902570792,0.0,-0.0293583245672757,0.0148777895855471,-0.0016436032023752,-0.0044279837640595,-0.0622394747811587,-0.0555588126087041,0.0034560460068844,-0.0023916505348653,0.0,0.0055505025770192,-0.002276923076923,0.0,-0.0139623716778719,-0.04990360333451,0.0064108923168493,0.0179570450017738,-0.0046128705293423,-0.0540165166505403,0.0105671221804792,-0.000911791700884,0.0,-0.0207211724188948,-0.0013791182001811,0.0
2017-11-13,0.0004955979243193,0.0,-0.014199158225799,0.0125019347394785,0.0480398686902325,0.0133956850616685,0.001591199972327,-0.0042464561054464,0.004884143571104,-0.0049794205471713,0.0270222639957704,0.0035174839644112,0.0110323304771551,0.0,-0.0224206278542877,0.001489010455443,0.0142874294633208,0.000719270620711,-0.014088502269289,0.0060709693667899,-0.0030287482828817,0.024746807573756,0.0162077247254655,0.0,0.0,0.010715771951727,0.012369427606415,0.0002791275993756,-0.0076617443410511,0.0128787878787879,-0.0020393692387817,0.0175426445561404,-0.0200275055870723,0.0092071905969115,0.01555832976206,0.0125422846734322,-0.0095955980025306,0.0,0.0068128554581958,0.0208566055344239,0.0,0.0058792089791557,0.0050602830102453,-0.0633813975598162,0.0222844657642264,-0.0020823485825977,0.0,0.0423972572889579,-0.0036231538600889,-0.0353151628229049,0.015701578309202,-0.0216547682351476,-0.0028695864539237,-0.0047771077214142,0.0165024630541872,-0.0218586387434555,0.0153567003009382,-0.0108789655030405,0.0524054266796314,0.0061868895878167,-0.0237508093735793,0.0071802844816841,0.0,0.0248393904956281,-0.0045950780238079,0.0,0.0,-0.0204291609982507,-0.0034376116607729,0.0147046996059085,0.0139131338320863,0.0242685467556387,0.040656427270169,0.0112899424019534,0.0,-0.0051031542193348,-0.0161677314956895,0.0
2017-11-14,-0.0009907048573676,0.0,-0.0178912139126082,-0.038022443803634,0.0135561482154,-0.0163072454176089,-0.0239221780924423,-0.0160654857421155,-0.0212727478241211,-0.0164567331478672,0.0087742378310358,-0.0230154639175257,-0.0348207516516841,0.0,-0.0378099804672722,-0.0324832735382527,-0.0112661541889482,-0.0003593768211663,-0.0292509830248393,-0.0375630772473946,-0.0004980245028054,-0.0584608112753524,-0.0082149156707692,0.0,-0.0173649485917143,-0.0265568708183222,-0.0026182059213433,-0.010743413792666,-0.0135050537985002,-0.0186985789080029,0.006136898099825,0.0098209857936035,-0.007299554619965,-0.0051096724100524,-0.0469323352414501,-0.0538137335526316,0.0137485792225504,0.0,-0.0091201934149177,-0.0077012576874064,-0.0143231830949236,-0.0127523910733262,-0.0191719439805553,-0.0468617831162239,-0.0398691917690446,-0.0095544119278661,0.0,0.0739176787842046,-0.0133204466942901,0.0056227942495963,-0.0139139681393202,0.0048049680247015,-0.0818042657414021,-0.0775372478197847,-0.0405621516840318,-0.014719657433427,0.0048642287407922,-0.0091180981062944,-0.0249023265636548,-0.0015217883069077,-0.0077191199920974,-0.0393749963176158,0.0,-0.0087580338553454,-0.052978901384887,0.0,-0.0147302321222155,-0.0218472095791611,-0.0265572067950842,-0.0202908889153092,0.0,-0.0076681577997067,-0.0759016253451368,-0.029571193784551,0.0,-0.0029358665024381,-0.0154976108440739,0.0
2017-11-16,0.0108939769578533,0.0,0.0217682091786362,0.0277153774477583,0.0297224819308137,0.0528538855455462,0.0473893403469871,0.0219946187430195,0.0260852158112747,0.0109100804855521,-0.020865936358894,0.0030865011739256,0.0139146047242326,0.0,-0.0066551136611862,0.004576735484733,0.0512753700756347,0.0007287284174934,0.0229203714680894,0.0105410141276969,0.0101315439808662,-0.0080779499349656,0.0521306889144228,0.0,0.0437449941207546,-0.0090937929575974,0.0253646865965908,0.0272848497281772,0.0006544199789793,0.0053353658536585,0.0243853662804505,0.0209049503615756,0.0465639112507363,0.0073337426762993,0.0301466907942864,0.0284643380954967,0.0292859257133117,0.0,-0.0023751002509766,0.0128280290340592,0.0155126535696088,0.025844385319983,0.0251687893525738,0.0163294284700035,0.0326624544960039,0.0385777004174869,0.0,0.0378733316463253,0.0380568136632109,0.011202537920095,0.056431020275288,0.0299982161045477,0.0186942894613997,0.029984544049459,0.0140923325588442,0.0167730544614967,0.0145133726024306,0.0182849539549703,0.0255382893858175,0.0539204580561447,0.0334774446783094,0.054770491401094,0.0,0.0522819113718864,0.0511008604050118,0.0,0.0155212049147839,0.0152301524804925,0.0308253105392841,0.0532610600973531,0.0283462630279056,0.0147492953980861,0.038657610620832,0.0136842040436762,0.0,0.0100519520078521,0.037200794999568,0.0
2017-11-17,0.0058715755153857,0.0,0.0134808696329775,0.0079912847905538,0.0204128789526334,0.0072247665708098,0.0168458983165362,0.0247811238745732,0.0175508366474075,-0.0125869790434547,0.027530054897964,0.0306122448979591,0.037269658568978,0.0,0.0205359760745909,0.0106414818263442,0.0362274666898894,0.000359244227819,-0.0129418582190458,0.0177598959603348,0.025568088394883,0.0503347212956359,0.0187554901355617,0.0,0.0104656478578892,0.0696830647743036,0.0281615589858814,-0.0083999001497754,-0.0006539919935525,0.0075815011372251,0.0039715464018155,0.0070268434853144,0.0178043769875144,-0.0072803504594366,0.0282927193900432,0.0233982992658321,0.0167709495259342,0.0,0.0026787240914185,0.0006201849529348,0.0114474735648846,0.0044645066769617,0.0138293936279547,-0.0107404820118756,0.002682377348093,0.0197339218525078,0.0,0.0403485958638625,0.0094643708015285,-0.008313725490196,-0.0074149686067562,0.0129448572545951,0.0104084838963078,0.0132803121248499,0.0055785226876525,0.0098844586923128,-0.0074136781078445,0.0451975846938916,0.0165956847699835,0.0087745011823103,0.0268336314847941,0.012059962552479,0.0,0.0,0.0435120918796103,0.0,0.0237846192275268,0.0194968886068362,0.0132822414706572,0.0162841012379502,-0.0142309033833274,0.0040143007175974,0.0151099512151722,0.0098117242510586,0.0,0.0048586794444351,0.026216032325701,0.0
2017-11-21,0.0131518558889334,0.0,0.0111487005997232,0.0133805615791713,0.0026267766041054,0.0253432262385222,0.0171869635995172,0.0171775498209536,0.0229040845371619,0.009104127424738,-0.0017358175813523,-0.0133714402368071,0.0342767211715437,0.0,0.0105900064355981,0.0285610871639629,-0.0026311196157401,-0.00035911521775,0.005088062622309,0.0107947663352367,0.0405463902650184,-0.0103598571960488,0.0327235440796065,0.0,0.0159479067362535,0.0292298483639266,0.0340197520487495,0.0139338175135625,0.0208621156935198,0.0300978179082016,0.0229207556800572,0.0043459121264062,0.0584418576787311,0.0143002243735044,-0.0009450078144878,0.0062448389760527,0.006479453874602,0.0,0.0092014017004693,0.0036912566800728,0.0150844250096457,0.0091455602641175,0.0199826449431095,0.0271868655662459,0.0090924520524695,0.0227651801768817,0.0,0.021921759509645,0.0,0.0028076558051248,0.0201796767371014,0.0081960431753875,-0.0096965770435156,-0.0075033938047637,0.0359106444103225,0.0006613319224917,0.015480836326984,0.0266617536748738,0.0595862546524712,0.0217357613328168,0.0038260519967836,0.0076128424342707,0.0,0.0435442928120457,0.009305932531989,0.0,-0.0016621554649079,0.0102997711802372,0.0083293814370311,-0.0077344586508786,0.0225643721503887,0.0187484054379123,0.0710216483099126,0.0343292382109809,0.0,-0.0055604648448572,0.0380759082606048,0.0
2017-11-22,0.0009555357370365,0.0,0.0246217017717285,0.0122268398744977,-0.0114866175458547,0.0120833977895804,-0.0056721065180233,-0.0115740189187258,-0.0113397974263778,-0.0039706580649386,0.0077908880483259,-0.0165528657148769,0.0175891061020272,0.0,-0.0044008528784647,-0.0058543139575801,-0.0031630801140782,0.0007184884556381,0.0391355140186915,0.0063076112720568,0.023327478351977,0.0379559135977336,0.014527746687367,0.0,-0.018830714422037,-0.0250072695551032,0.019264768639883,0.0029669538446259,-0.0038333279373199,-0.0021913805697588,0.0046394477809657,0.0001585362441831,-0.0169537277302728,-0.0267488897060903,0.0180994652017316,0.0290301071959788,-0.0073148404402529,0.0,0.0011758788706424,0.0017839499396201,-0.0027874312192296,-0.0072560010937714,-0.0096842674384397,-0.0053278336340981,-0.0169558043795152,-0.0219800326160454,0.0,-0.004451422455868,-0.0011754252818244,0.0027800780787885,0.0153774464119291,-0.0155695239970894,0.0085484996510813,0.0132053418218895,0.0026776322080901,0.0046262639614038,-0.0099850690556176,-0.0023072486060372,0.0285098109693335,-0.001422016609154,-0.0068286040410917,0.0032901301796741,0.0,0.0479229905609381,0.0109932326605395,0.0,0.010531782460267,-0.038833677532718,0.0038951328927692,-0.0272943088192355,-0.0323582042333587,-0.0123142311297466,0.001063829787234,0.0202594229874359,0.0,-0.0269601884530584,0.0142467967517825,0.0
2017-11-23,-0.0057560265031785,0.0,-0.0066346068216225,0.0144922610510287,-0.0030589095444429,-0.0008151897014367,0.0012262952743833,-0.0069606407405399,-0.007350045937787,-0.0097812774841568,-0.0034283793625006,-0.0015253524090047,0.0086171938361718,0.0,-0.0037892416376833,0.0441176470588233,-0.0010598730753226,-0.0010866612333605,0.0382237211916809,0.007354192020309,0.0061129848229342,0.015117593125653,-0.0054227184768345,0.0,0.0079913116773648,0.0085495576101004,-0.0244133421057878,0.0077915165917841,0.0,-0.0036603221083455,-0.0019217123935666,0.0088020289422647,-0.004428894105142,0.0011102908264402,0.0149725741035215,0.0141055674624932,-0.0162129471964039,0.0,-0.00440584722251,-0.0019314539327689,-0.0009256906378191,-0.0054793172987064,-0.0030187952116769,0.02133909287257,-0.0177941452047873,-0.0099559141709099,0.0,-0.026851583865423,-0.0146591425050269,-0.0027723706718575,-0.0079328656657706,0.0097973292136015,0.0084976647638819,0.0049825732659172,0.0026227944682881,0.0160515755542398,-0.0098287046161492,0.0063596068606668,-0.0187285550895921,-0.0085252624983386,-0.0007997956824475,-0.0101506109690252,-0.0079387512820719,-0.0191853659504395,-0.0052322352459734,0.0,-0.0104220200126968,-0.0141441960125593,0.0024145014234746,0.0068649586927864,-0.0030344517552821,0.0065743719029818,-0.0128205128205127,0.0132437871644157,0.0,0.0072369497979685,-0.0085205366781473,0.0
2017-11-24,-0.0043455687289745,0.0,0.0337681354311414,-0.0133337800261315,-0.0184043786567446,-0.0069517625862596,-0.0055006342679673,-0.0121071987765355,-0.008888301232609,-0.0062255646587146,-0.0215516756793217,-0.0035821524521941,0.0081917780681475,0.0,0.0185969186671441,-0.028169014084507,-0.0058257230080257,-0.0003593768211663,-0.02652950730915,-0.0132500227328822,0.0,-0.0148924550495714,0.0174482055318996,0.0,0.0246040041810726,0.0101527846229669,-0.0137127675880038,-0.0101323344284444,-0.0173033547187717,0.0286554004408523,0.0015403299860776,0.0015343093759243,0.0302148672093955,-0.0252296507914389,-0.0073758515675884,-0.0119433795340608,0.0038933237998493,0.0,0.0032456492537682,0.0161265972193629,-0.0093381538070236,-0.0054996142356921,-0.0093415044654001,-0.0104043309084757,0.0,-0.0057509982089747,0.0,0.0466692968346937,-0.0089338612148169,0.0278599313853069,0.009450171821306,-0.0017995707445929,-0.005402971634399,-0.005568445475638,-0.002615933412604,0.0303658141793461,-0.0219900996953751,0.0173560577045832,-0.016026419309407,-0.0085985675437588,0.0014394392913115,0.0082680691761789,-0.006496255291436,0.0015171130350353,-0.0113422661024917,0.0,-0.0166186792121402,-0.0087058086889509,0.0217380883903748,0.0108105305455818,-0.0088441160495598,-0.0140200873016729,-0.0064866058489864,0.0167617568616857,0.0,0.0002480519369434,-0.0128711972935489,0.0
2017-11-27,0.0058146179781701,0.0,-0.0076603986298003,-0.0057926725747852,0.0100009888371275,-0.0012323491655968,-0.0134922642152603,0.0064503050072795,-0.0014971391301769,-0.0062645651138897,0.0008732420259214,-0.0025641025641025,-0.0119635112905638,0.0,-0.0352709764381772,0.0231820632353405,0.00266476357589,-0.0210262439394086,-0.0368001483129403,0.0041073708876924,-0.018691448924007,0.0088274803300709,-0.0184370287985158,0.0,-0.0100604253315546,-0.0268345042935206,0.0351833241818011,-0.003498867830888,0.0110860491728457,0.0192857142857143,0.0026914317825559,-0.0003045460418243,0.0051731136271384,0.0106568656067385,0.0269206214088104,0.0301944983335822,0.0,0.0,0.0,-0.010157220811497,0.0160098296319388,0.002108571542241,0.0061292341708869,-0.0158133173775536,0.0247028278018794,-0.0078004924887207,0.0,-0.0302706965739602,-0.0090049057284106,-0.0122000345283996,-0.0028805237315876,-0.00125149545437,-0.0139041583133932,-0.0142937839231771,-0.0053409632808775,-0.0081060701269322,0.0282450380936369,0.0151400121722435,0.004647681095043,-0.0245513724429676,-0.0033516251015898,-0.005250449875857,-0.0102341816751609,0.0135121488154146,0.0092730190810199,0.0,-0.0152142341236864,-0.0113695718190101,0.0203373132227722,0.0005642400071812,0.0150750651391702,-0.0060731921851447,0.0239626599247086,-0.0106195179989485,0.0,-0.0173422267829657,-0.0043463417196281,0.0
2017-11-28,0.0019317358635284,0.0,0.0483563220064959,-0.0169874728487315,0.0187704817720728,-0.0004112899079737,0.0149252067681744,-0.0048097758082924,0.0029913451403629,0.0007396760555093,-0.0211232033797126,-0.0128534704370179,0.0156147520306744,0.0,-0.0189248867511209,0.0269340441358789,-0.0122240288361706,0.0055481117562403,0.008372630160716,0.0005506535733483,0.0028517835084562,-0.0274977278971951,-0.0008733311537375,0.0,-0.0140945556013571,0.008623282863732,-0.0039532020936957,-0.0083856789785283,-0.009675709977299,-0.0084092501751926,-0.0295439797062121,-0.0142257096699746,-0.0085832116161181,0.0233523122443446,-0.0072358650226228,-0.0116851762433607,0.0071658125597151,0.0,-0.0041175523142581,-0.0028928551934938,-0.0037002274286125,0.0184211048692855,0.0016401257160401,0.0106826472120895,-0.0037480470489187,0.018642670353282,0.0,-0.0137599866047936,-0.007277044753825,-0.0013787746383142,-0.000722211279627,-0.0132040892932058,-0.0024484085344524,-0.0018936090693908,0.0133761626234538,0.0072220462464365,0.0032012942867223,-0.0010012856012658,0.0108162546773546,-0.0044556220048318,0.010095428078499,-0.0138537456635486,-0.0271207768662091,0.0,0.0074503798810294,0.0,-0.0131543666503681,-0.0313678752656991,0.0148282679663431,-0.0073053508490869,-0.0181820033817506,-0.0095840662145142,-0.0138240720642499,0.0237266900092849,0.0,0.0103383458646617,-0.0048005275304977,0.0
2017-11-29,-0.0105898864457959,0.0,0.0,-0.0128409130389466,-0.0190332802109944,-0.0313223268014196,-0.0453472153580881,-0.0112729614523598,-0.0191008325624421,-0.0055518692413005,-0.023385091710841,-0.0026041666666666,-0.0192245597476464,0.0,0.000657071246146,-0.0317508224428817,-0.0209758774104409,-0.0688749827269675,-0.004867341095629,-0.0035510712179781,-0.0187499999999999,-0.0334260627662349,-0.0076516890195796,0.0,-0.0118999758784272,-0.0205785863405906,-0.038091314657771,-0.0155382838200949,0.0130269920331884,-0.0035335689045936,0.0043464517148728,0.0023224453101589,-0.0199062318551705,-0.0191390591162512,0.0109416041887731,0.0138264608168847,-0.0213401750679141,0.0,0.0032485250664291,-0.0069109918984014,-0.024186097070493,-0.0162849624792904,-0.0205849613628662,-0.0105697344676463,-0.0220447232424351,-0.0220214614205416,0.0,-0.0097014970622654,-0.0231968209263296,-0.0151096764156813,-0.0086727989487516,-0.0135262133315433,-0.0227252805049088,-0.0321775381312563,-0.0158489851918437,-0.0156613623498333,-0.0146257773965259,-0.0130359462970983,-0.0221543595891521,-0.0223181429395501,-0.0147516045956153,-0.0150468472443139,-0.0374584102725562,-0.0177760063770426,-0.0295518985121745,0.0,-0.0162306007959468,-0.0205045918108479,-0.0091294202931382,-0.0311664837647666,-0.0231561692724273,-0.013321370176889,-0.039921312918713,-0.0151725419061565,0.0,-0.015219638242894,0.0004373119889744,0.0
2017-11-30,0.0,0.0,0.0,-0.0630336390576277,-0.0462341860851156,-0.0110615553431736,-0.0394712622520823,-0.0104213836868125,-0.0063903307580878,0.0011148836973597,-0.0009126498066623,-0.0078328981723237,-0.0074454883885836,0.0,-0.0054759598528651,-0.0598173373647953,-0.0043957973206568,-0.1697019165535956,-0.0223458329337296,-0.0196991215612013,-0.0103987478109938,-0.0212708548815037,-0.0094723576097317,0.0,-0.0216941980633086,-0.0209094600081201,-0.007426906082542,-0.0188318272548131,0.0064297358982718,-0.0106382978723404,-0.0031473758753638,-0.0100624112414979,-0.0397280138645729,-0.0157603302388124,-0.0018067313648565,-0.0117102790226976,-0.0051506646516362,0.0,0.0111856602012034,-0.0127881819559855,-0.0104897701533548,-0.0252132476049892,-0.0145607879955856,0.0106826472120895,-0.0186946948610362,-0.0078917228868323,0.0,-0.023707622318963,-0.0106247469710584,-0.0348687977570242,-0.0262554915921829,-0.0068558402231975,0.0025114923197666,0.0032499355171524,-0.0348524180367273,0.0221725239616612,-0.0334465047444937,-0.0066573472163887,0.0171889626150416,-0.0258794327684076,-0.0323692532724773,-0.0186774326634054,-0.0407196216240111,-0.0135732835578639,-0.0027108433734939,0.0,0.0076602519841109,-0.0254339901190761,-0.0193644261545495,-0.0064364813901733,-0.0435973958388647,-0.0022733763208129,-0.0381997678783796,-0.0156892333468329,0.0,-0.0131807964454705,0.0035102127321375,0.0
2017-12-01,-0.0053516162310867,0.0,-0.011628714728316,0.001074283310295,0.0279182965416693,-0.0094672226497485,0.0283975902171438,0.0059237621217724,-0.0024525995277038,0.0066987260609128,0.0138224476549915,0.0,0.0114561273696833,0.0,-0.003743438526047,0.0363702672236589,-0.0160059683271729,-0.0462037356211779,0.007651559741024,-0.0044670404850697,-0.0122306439488849,0.009511119279544,-0.0055590011127122,0.0,0.0032938514772424,-0.0124403897988804,0.0482098882364083,-0.002820819467554,-0.0095829877669499,-0.0143369175627239,-0.0086886828539681,0.0025104997404559,-0.0170164178967043,0.0156308727635026,-0.002706383272138,0.0,0.0063952664399093,0.0,-0.0017458476212459,-0.0106645821410125,0.0091750004690696,-0.0047157346992703,-0.0006100924331824,-0.0158975681017443,0.0,0.0032399410153782,0.0,0.0244589246853266,0.0391628491871014,0.0317914936273808,-0.0074968641521542,-0.0030204925287061,0.0100208021115262,0.0149629781982723,0.0055785226876525,0.052384822154154,0.0203732391829087,-0.0036349638081293,-0.0207423936412795,-0.0312454311911275,0.0254599659880609,0.0124563816433536,-0.0001935323337233,-0.0079598510870236,0.0175173663545757,0.0,0.0058446060332457,0.0131352525729016,-0.0122164455738698,0.0182542450173019,0.0254408563940833,-0.0042746470120781,0.0373780260707634,0.0096774375362833,0.0,0.0251626398170634,-0.009622619094761,0.0
2017-12-04,0.006359976087066,0.0,0.0235310655046387,0.0165322126749465,0.0187358440289557,-0.0047878875478788,0.0243757570110874,0.0064621865496783,0.0171723476486975,0.004802051557105,0.0018139137857449,0.0221106890938687,0.0371071086221683,0.0,0.015977640898922,0.0116766371285068,-0.0033635455078058,-0.0509583980296621,0.0044781931464175,0.014310161292496,0.0302021403091556,0.0121068681443721,0.0102859239217665,0.0,0.0106284198308739,0.0143816922107915,-0.0230013152214291,0.0141505129642425,-0.0045140229103017,0.0,0.0019906165398797,0.0021747112152965,0.0851310970183507,-0.0063793417412197,0.0217098212742419,0.0492978349912227,0.0184521818725906,0.0,-0.0087494035610954,0.0047971781305113,0.003811400736251,0.0097518635760238,0.0147933200090315,-0.0160670625218302,-0.0072816561534226,-0.0093986620135311,0.0,-0.0087602769496361,0.0072991999692664,-0.0167938931297709,-0.0067893251822243,0.0082241363511408,-0.0012401727383457,-0.0083337555093976,0.0082718311952054,0.0124740124740123,0.0041045105481507,-0.007986825854261,0.0039253191400889,-0.0080632990535325,0.0068177630366685,0.0369093875129764,-0.0147205220853919,0.0218941781389947,0.0132680320569902,0.0,-0.0011621290203652,-0.0140929122291589,0.0052396799546838,0.0023050883178123,0.0057936172747259,0.0143087327523601,0.0112732285952263,0.0380484537233447,0.0,-0.0102710413694722,0.0216313474610156,0.0
2017-12-05,-0.001460062983109,0.0,0.0015244321147034,-0.007345450250262,0.0126068737023941,-0.0104751012109,-0.0145980422251783,-0.0126865995083865,-0.010267155578837,0.0073563141696624,0.0054437225594963,0.0041141340411412,-0.0290175856784958,0.0,0.0034061996375378,-0.0173286111813811,-0.005629439061668,-0.0394634772429162,-0.0194805194805194,-0.0187977416140816,0.004324407510003,-0.0345820029680263,-0.0073034115874138,0.0,0.0178175911798001,-0.0071406395529338,0.0129891483064781,-0.0114401033465516,0.0064797229359849,0.0036363636363636,-0.0083500926090066,0.0099669334535752,0.0237049058623459,-0.0192668089458529,-0.0141600406022668,-0.0075282308657464,0.0323727795565809,0.0,-0.0108855196790387,0.0047883170680333,-0.0047600526013593,-0.0045608535167113,-0.0059744540585083,0.0054135605253815,-0.0033860719007208,-0.0097888342002959,0.0,-0.0034646739130435,-0.0138824000533938,-0.0171009115108494,-0.0015190522692075,0.0041466906000773,-0.0105545577507262,-0.0109836777440035,-0.0082039693456476,-0.0239953065415077,-0.0035427014197177,0.0036775973030953,-0.0195332886006113,0.0,-0.0087034325687327,0.0052746900690514,0.0046028196948293,-0.0030230482064599,-0.0117760787415414,0.0,-0.0017412096994207,0.0188640339499399,0.0,0.0034562514784346,-0.0134477486595319,-0.0009881901949159,-0.0423181243698433,-0.021994450300071,0.0,-0.0025245245769892,0.0280745698146189,0.0
2017-12-06,0.0077912210785859,0.0,-0.0015221117586562,0.0095119103396472,0.0410198870439579,-0.0097053535390597,0.0302631730758138,0.0138341903925749,0.0103736635969091,0.016434976278989,-0.0090276715198739,0.0076923076923076,-0.006187374749499,0.0,-0.0054302422723474,0.0,0.0435726059408969,0.0416428057501137,-0.0106751013146191,-0.0064852423503927,0.0047808032362359,0.0330724799701882,0.0055738709367669,0.0,0.0087528410464721,0.0251198665832812,0.0080141210842397,-0.0028281094575881,0.023825847355259,0.0050724637681158,0.0112251502542763,0.0063155153330294,0.0172615885383726,-0.0234972150555783,0.0,-0.0037926675094815,0.0028754274425437,0.0,0.0113031104289207,0.0182374643635754,0.0143670674061116,-0.0070097730458988,0.0105782383419688,0.0271868655662459,0.0079248254142134,0.0302476324216944,0.0,0.0140866019249004,0.0042832970751751,-0.0159417316372589,0.0235910101259568,0.0017083960310906,0.005019832821639,0.0137141971641829,-0.0165931943137351,0.008235152680933,-0.0347148704919189,0.003441475826972,0.0247045007139294,0.0243865330696166,0.0326851016110063,0.0193433834701994,-0.0009591834834192,0.0126986711166283,0.003082851637765,0.0,-0.0192429808132852,0.0600489636037213,-0.0151440445164471,0.0057493091661537,0.0009713082102826,0.001974602653209,0.0290633016503802,-0.0072196012448725,0.0,0.0357743370581846,0.0021064653258042,0.0
2017-12-07,0.0004765189931936,0.0,-0.0076633614414809,-0.0104683885606517,-0.0296024234027925,-0.0182670396650426,-0.0387475362838201,-0.0087711701903925,-0.0072513657112923,0.0107686292398423,-0.0209397344228804,0.0071089425775818,-0.0164091447583998,0.0,-0.0122803177739261,-0.0147058823529412,-0.0406669865642993,-0.0152525409154343,-0.0005994604855629,0.0062413976369903,-0.0092873591264696,-0.0253404274506268,-0.0035467765257961,0.0,-0.0252317034196228,-0.0104728012201322,-0.0294064368093714,-0.0090560575832256,0.0150954707210366,0.0093727469358328,-0.0178425563561439,-0.0067380212954747,-0.0274549463666958,0.0070990283590748,0.0125787242805415,-0.0113743184809174,-0.0120488464492003,0.0,-0.0085295684129291,0.0,-0.0113382012989395,0.0038058602062531,-0.0033305715293557,-0.0211394689352926,-0.0112333791838606,-0.0046501577064209,0.0,0.10546836804537,-0.024983633072746,-0.0353397410503928,-0.0052020499358189,-0.0140787006708982,-0.0087408299328829,-0.0167388535031846,-0.0084114032436789,0.0102545758063554,0.0025407386420757,0.0045644442472152,-0.0287756734249647,-0.0079353291888565,-0.0080318359995762,0.0051474447012584,0.0038217747949291,-0.0158350581757531,0.0017731020420224,0.0,0.0047535139122238,-0.0095274460655405,-0.0149001096648071,-0.0085681545913849,-0.012004186746331,-0.0002794014104183,-0.0124209282554503,-0.0117417046518196,0.0,0.0078377989904712,-0.0331260842587785,0.0
2017-12-08,0.0144806995094901,0.0,0.0050099645704162,-0.0169370388844634,0.0101001222562266,-0.0140589911494405,0.0058600121161285,0.0,0.0027438357919811,-0.0117257386006479,0.0055804248401691,0.0096113773702855,0.0190405412331504,0.0,-0.0064470729151072,0.0015023351513765,-0.0395703944534756,-0.0016032752623215,0.009297210836749,-0.0208561871097928,0.0088972353919092,0.0082115099925981,0.0124624665735748,0.0,0.0072785692037835,-0.02301685162351,0.0212869644560576,-0.0042832047056036,0.0173463425667059,0.0,-0.008478205549935,-0.0006141648753524,0.0095719472903632,0.043869219830334,0.038148662847846,0.0288580393648376,-0.0095808990330389,0.0,0.0,0.0199969805520099,0.0038227434679334,0.022432630763586,0.0085929462117781,-0.0107979984198051,-0.0068183184343629,0.0075944187910721,0.0,0.0853280999502461,-0.0018761170302055,-0.0137460015561511,-0.0089741350874128,0.0,0.0018895512315824,0.0058818956805637,0.0056382384314523,0.0016524048391857,0.0014130087971191,0.0,-0.0007980100685099,0.0176016425348075,0.0071423326725008,0.0240002221728503,0.0115981056736931,0.0012251148545177,0.0179651317147999,0.0,-0.0041437252742769,0.0037369579545596,0.0141453498221242,0.0005778980272661,0.0141143494046371,-0.0064839243393104,-0.0091629338897237,0.0039622715529079,0.0,0.0004865771812081,0.003902822343003,0.0
2017-12-11,0.0061875030657221,0.0,0.0026990553306343,-0.0139875497932537,-0.0229990533524244,0.0142594648394136,-0.0080844114478972,0.0006552343867005,0.0,0.002878554362274,-0.0101820463017696,-0.0215164727432213,0.0116937004903807,0.0,0.0220164739283359,0.0044676341105494,-0.0276672694394212,-0.0379955552369345,-0.0004952456418383,0.0135271580519786,0.0002288608830978,0.0162892605593412,-0.0134088133087544,0.0,0.0104483684595981,0.0199831720656289,-0.0200412195295288,0.0014338764883901,0.017050577409992,0.0,0.0329821662191005,0.0078680037617437,-0.0047448182700832,0.0056312059236294,0.0119659793982727,0.0149253731343284,-0.0096735806323655,0.0,0.0047459728496865,0.0104416157593045,0.0047509890191148,0.0015849756272614,0.0026114135091686,-0.0055023074192402,-0.0211660340489551,-0.0014502542088449,0.0,-0.0028575066853432,-0.007508680984933,0.0154715988779803,0.0143320052080784,-0.0062033531328937,0.0050293001639012,0.001957753735188,-0.0027780583897363,0.0032404406999351,-0.0008466090122895,-0.0036349638081293,-0.0144266306425713,0.0094367381252626,0.0,0.0025005288537163,0.0178540284012154,0.0066687060263077,0.0086356786832038,0.0,0.0112952238977122,-0.0159700669652537,-0.0081731514956271,0.0172744217794229,-0.0174762775311222,0.0014177693761814,0.0323373926872727,0.0078876856090206,0.0,-0.0177346593100673,-0.0008610230519354,0.0
2017-12-12,0.0165471133087262,0.0,-0.0076633614414809,0.015284295578307,-0.0036841011467945,0.0208714687399746,0.0222907252367441,0.0203114378901549,0.0197180981018605,0.0039436024198269,-0.0140163564786037,-0.0122867614100772,0.0173253790703455,0.0,0.0029489652081082,0.0014934095188623,0.04298307606472,0.0033385498174229,0.002576553364384,0.0235681045894344,-0.0052320881065331,0.0333656906788268,0.0037872212120935,0.0,0.0047675036642129,-0.0018560527943906,0.017177253089937,0.0042954702913133,-0.0047907900249558,0.0064285714285714,0.0051265891820486,0.0117884000665178,0.0047674389012835,0.0111935069484991,0.0135183094047426,0.0073757057002368,0.0198333225660571,0.0,0.0038387563619699,0.0078168695235305,0.0104137918345568,0.0084497790517139,0.0080254600802545,-0.0109762627164019,0.020457737459036,0.0072576529024386,0.0,-0.0005772256390347,0.0283880228061081,-0.0015106392161939,0.0542692519278469,-0.0013083573487031,0.0137837052923173,0.0071472645002057,0.0084586942207365,0.0202020202020201,0.0002824421221425,-0.0157393039237421,-0.0195084525133404,-0.0031231131191572,-0.00567334521908,0.0177684474791963,0.0192002453013959,0.0063206515133096,0.0175257139573636,0.0,-0.0129266356729789,-0.001624183973459,0.0344296609965595,0.0362460966734625,-0.0085613024698193,0.0327235818033364,-0.0067184936880394,0.0117472431917498,0.0,0.0007426820211196,0.0138274119628658,0.0
2017-12-13,-0.0209295315347409,0.0,0.0231676262178919,-0.0247373079454417,0.0170528733888488,-0.0231066417731112,-0.0239520274129071,-0.0150907646231892,-0.0169630219391365,0.0028590172431945,0.0085293645005375,-0.0062198019273378,-0.0053021232926918,0.0,0.0061040511375998,-0.0311203319502074,0.0156701354464596,0.0144090078581082,0.0101808836611643,0.0518772332142285,-0.0033581746250804,-0.0129109776078645,-0.0086518024967801,0.0,-0.0055463828286551,0.0088842975206611,-0.0321752681272342,-0.0071350669487404,-0.0192493075130261,-0.0035486160397445,0.0,-0.0015157325736409,-0.012799189497235,0.0,-0.0208346597058635,-0.0183042574346923,-0.0127708095781071,0.0,-0.0197063464850609,-0.0155256933708592,-0.0140393685015568,-0.0005230693313594,-0.022253623480964,0.0,0.0028651806968187,-0.0219003361676882,0.0,-0.0131918569289194,-0.0214690032179272,-0.0030690758191408,-0.0204511333260096,-0.0050844620916127,-0.0154473336271485,-0.0200132741103793,0.0056253139126067,0.0028781947962237,0.0146828432979926,0.0023166023166023,-0.0165819690868486,0.0015664487562396,-0.0095117480419929,-0.0153158325624913,0.0,0.0026975882755568,0.0205839168737294,0.0,0.0238040534996308,-0.0189733339218493,-0.0201539749732522,-0.0065623171080976,-0.0176167655305696,0.0012367125930707,-0.0213832323290347,-0.001932404173555,0.0,0.025701612215303,0.0106637817788424,0.0
2017-12-14,-0.0037995675630286,0.0,-0.0264168808332205,-0.0380316322652207,-0.0303030303030303,0.0036331296005449,-0.0039319860040021,-0.0097802545596713,-0.0078666936638994,-0.0028508665665228,-0.0272469878779707,-0.0109326313527451,0.0041758781626137,0.0,0.0085394151581925,-0.0229523554603854,-0.0114325842696629,-0.014204337448198,-0.0171232876712329,0.0023702389251536,-0.0223401800138471,0.0,0.019024708248019,0.0,-0.0007898512178216,-0.0157689944706123,-0.0182905011471027,0.0002911593435681,0.0055179878940196,-0.0028490028490028,-0.0058841970723707,-0.0181798229570561,-0.0191996852791008,0.0177102040109253,0.0076561712641622,0.029832880622439,0.0246956358067469,0.0,0.0057012335872814,0.0063082167879098,-0.0028626306652385,-0.0322201595702662,-0.0158065555087579,-0.0333844626906073,-0.0279916448004418,-0.0156178923426838,0.0,0.0058113637540788,-0.0275860019612311,0.0627845466764949,-0.0014392254350387,-0.0065780314631768,-0.0081693860650418,-0.0112008335504038,-0.027869343721906,0.0315118815291011,-0.0130789946140035,0.0021956856702618,-0.0244519543682724,-0.0187262793510448,0.0047981803254417,-0.008087461195843,0.0,-0.0071675232894314,-0.0102918799280674,0.0,0.0040714589127281,0.0044221053849418,0.002860364370067,0.0093507144647781,0.0047304980668636,-0.0034266423251905,-0.0034632034632035,0.0035980495938481,0.0,-0.0110858844173881,-0.0240461809006805,0.0
2017-12-15,-0.0033364239154867,0.0,0.0058074107006405,0.0091681718487937,0.044582820602971,-0.0040724749712474,0.0055805538259103,-0.0026384232131105,-0.0039683139578828,0.0071434935084919,0.0,-0.0052687325167702,0.0280332681017612,0.0,-0.0144827586206897,0.0141086226970754,-0.0028911999545363,0.0066548819798273,0.0174216027874565,0.0260489112566704,0.0159734353115212,0.0169971671388102,0.0156014885162591,0.0,0.0031780344582821,0.0303786933000413,0.0220187813558594,0.0201106083459023,-0.0085439944566116,-0.0014285714285714,0.0244584333988306,0.0135799709399797,0.0205521258414425,0.0032625224121103,0.0185836425229874,0.0361661227591756,-0.0017199704432263,0.0,-0.0149169808824501,0.0249279769526247,0.0047600526013595,0.0196920690956952,0.0035326200964966,-0.0171753943806589,0.0282027829824265,-0.0092763743410694,0.0,0.0030330806624372,0.0180499531434625,0.0230712741218228,0.0201875561545372,0.0088287846407175,-0.0157963623234193,-0.0039778714436248,-0.0028771064529387,0.0187524344777698,-0.0118334045823745,0.0128057295870649,-0.020748371014599,0.0158959537572256,0.0122094152473695,-0.0053285581324464,0.0326068682363975,0.0084123677984266,0.0187012551365555,0.0,0.0306914965796341,0.0049529660203493,-0.007633497443666,0.0326975138464593,0.0309769568563538,-0.0053611799684507,0.0011633215037771,0.01793668056641,0.0,0.0104785131612143,0.0203167639416612,0.0
2017-12-18,0.0004721867886365,0.0,0.0154154292423509,0.0062403617971602,0.0231346717679696,0.0027260852280257,0.0134007851201045,0.0019856230834967,0.0079682484272194,0.0024849016091545,-0.0048384658031349,0.0328446228192316,0.0114215009755864,0.0,0.0128873102775051,0.0030728709394205,0.0144979161471876,0.0313869582540173,0.0,-0.0061620369229253,0.0072647851544347,-0.0334479456824513,0.00605512156821,0.0,0.0071399855270564,-0.0173667205169628,0.0132580922612179,0.0033786412803817,0.0012355462924251,0.0007153075822603,0.0,-0.017965117347595,0.035978845020121,-0.001442152709833,-0.0066358366855657,-0.0331780136336181,0.0172460658980373,0.0,-0.0006053890820367,-0.0162144576745396,-0.004737501843386,-0.0141286184572588,-0.0002424830261882,0.0,0.0080059418424891,-0.0033255018484606,0.0,-0.0089279755212263,0.0038021291923477,-0.0309851853328814,0.0141369661942114,0.0056838571511257,0.017998807722291,0.0180380332725011,0.0,-0.0163316582914573,0.0017120450654442,-0.0027830311003725,0.0600170327459219,0.0,0.0094750353990498,-0.0018933175739268,0.0087747862002776,-0.0116108849539775,0.0171505405850391,0.0,0.0112372603079209,0.0032793357275668,-0.0019200725095704,0.0100289806274727,-0.0104508579144391,-0.0022108452006388,-0.015002647526034,0.0257490913190769,0.0,-0.0062668530909816,-0.002674583775898,0.0
2017-12-19,-0.0004790081713158,0.0,0.0246629756090925,-0.0152301999460034,0.0068235614621696,-0.0058904600977968,-0.0057990062140443,-0.0092311551486266,-0.0063844364304375,-0.0049574843574522,-0.0106735882501899,-0.0051282051282051,0.0018350350538747,0.0,-0.0287966094314703,-0.0215451944117152,-0.0022893258426966,-0.0069390791770395,-0.0247553816046967,0.0085191339500507,-0.0110569455764528,-0.0133288303501069,-0.0160277608755082,0.0,-0.0244295773523448,-0.0282572955199341,-0.0237158650959606,-0.0154402973016642,0.016590734866096,-0.0100071479628306,0.0053929258546692,-0.0038833316178051,-0.0231501336060435,0.003619084298045,0.010857261291711,0.0053996162256237,-0.0087604984152172,0.0,-0.0060606122307695,-0.0236246511197237,-0.0095201052027189,-0.0083733392877078,-0.0056035528197579,-0.0292525406021464,-0.0317522876040987,0.0030332706457401,0.0,-0.0271857937650875,-0.0220884334755393,-0.0159879832918372,-0.0306569211007182,0.0014503430176344,-0.0050676817045428,-0.0052479800472837,0.0,0.0117718918318618,0.0085364060719668,-0.0028605679273885,0.000838733600551,-0.0078236130867709,-0.011726072650525,-0.0205315731187158,-0.0090467372283855,0.0072228534328844,-0.0032104027841476,0.0,0.0111047290829027,-0.0190912610514156,-0.0190225833432907,-0.0219423047158692,0.0,0.0020765731781458,0.0070332098912915,0.0002669388396012,0.0,0.0084922489384688,-0.0174634947519696,0.0
2017-12-20,0.0053420911679307,0.0,0.0426026233338643,-0.0171913301509483,-0.009679692046928,0.004102174532333,0.0006493807690524,0.0093171633288604,0.0091759802992992,0.0017816546008611,0.005887095742094,-0.0154639175257731,0.0309036257749388,0.0,-0.0096513383049631,0.0031653191123346,-0.0034348297366161,-0.0037603192669539,0.0306009832447073,0.0230176197912184,0.0116626236238104,0.0499509390046324,0.0070353425136338,0.0,0.0080852387109446,-0.0145923654435867,-0.0117271580197433,0.0111201554458566,-0.0030224445629716,-0.0007220216606498,0.0015308886219647,-0.0057584639086162,-0.0028452024146228,0.0115404366743225,0.0132010598700398,0.0251664447403461,0.0096922694094228,0.0,0.0009146862974258,0.0206874127863654,0.0153897937431044,0.0084440441342039,0.0036754501795672,0.0240680950983269,0.0046898504557117,0.0173928821379507,0.0,0.0465403580519081,0.0064520732254249,0.0,0.0143714363037412,-0.0001494218523713,0.0126997781500428,0.0066076418814804,0.0287510305028853,0.0027440864936061,0.0177938536949806,0.0200814197570129,0.0182955337373522,0.0283997469955723,0.0099617315638327,0.000649288860778,0.0229904763537549,0.0128917895415356,-0.0008119519324455,0.0,0.0071501609543647,0.028922491604713,0.0199030427050599,0.0144248326232503,0.0099067017228566,0.0080186248460416,0.0453446818606444,0.0343474302219708,0.0,0.0048165956634029,0.0099643477465947,0.0
2017-12-21,0.0130389064143008,0.0,0.0017699565787632,0.0495553148895671,0.0107512192104257,0.0131830303947344,0.0110207203448753,0.0352502194907813,0.0293949814545073,0.0024786139075991,0.0117052813720623,0.0094186862417013,0.0158769931662869,0.0,0.0020885143781539,0.0344685667249715,0.0155170708968399,0.0129432521547985,0.0326129283489098,0.0210093628682346,0.0031202926619324,0.021842128140485,0.0305701533847435,0.0,0.033656421996006,-0.0110526880566583,0.0,0.0005648250340841,0.2249846267371786,-0.0065028901734104,-0.0084128962468253,0.004705259875849,0.0175855996206861,0.0149736677675622,0.0179324730312417,0.0035069489544097,0.0107287939964757,0.0,0.0097463732521203,0.0229360233607645,0.0369244935543278,0.0108193693099354,0.0421925017178674,0.0,0.0367095296811696,0.0125053078556263,0.0,0.0371996702860573,0.0224425517262332,0.0191961858558822,0.0163021978527466,0.0212843003138327,0.0432323683916398,0.0406828913912096,0.0530401682860863,0.020469596628537,0.0049861247873959,0.010120536020503,0.0049031922727076,0.0521557291346332,0.0183019326368047,0.0402801317872385,-0.0085805981280218,0.0133044308328691,0.0330462105206132,0.0,0.0130932773804419,0.0254054495947075,0.0029260020064012,0.020015599688006,-0.0094799745150164,0.0139880423629565,0.0066811353674625,0.014812566398543,0.0,-0.0074299362794119,0.0386365987379746,0.0
2017-12-22,0.0028648536433464,0.0,-0.0070927394752898,0.0433382320752946,0.0051743440262976,0.0123394563918759,0.003518906961017,0.0057305201688868,0.0029467327007097,-0.0014128488974158,-0.0057849264937056,-0.0145175520680159,0.0138798573895106,0.0,0.0006927126627873,-0.0015250978051852,0.0079216597233331,-0.0010707708122152,0.0058451965683039,0.0041672062060766,-0.0023904016181178,0.0125699215177488,-0.0067789584583698,0.0,0.0170577702384318,0.0037977430555555,0.0364465425674589,-0.0050740671048618,-0.0143569252084515,0.0036363636363636,0.0293066137017166,-0.0034324835193769,-0.0046678038024711,-0.0042158608710948,-0.0040065450430474,-0.0017689188023126,0.005587863566723,0.0,0.015988519399863,-0.0047231016764416,0.0009235414261612,-0.0107035635034591,-0.0046796227355691,-0.0058278398777108,-0.005054881571346,-0.0091174065298077,0.0,0.0090019377468175,-0.0031399506720684,0.0188346327451784,0.0062732531298372,-0.0021274081077886,-0.0035998200089994,-0.006930939915233,0.0398097502972651,0.0286403861625099,-0.0121407002948327,0.0020062966849805,0.0016292962991699,0.0349759357767776,-0.0092605729173385,-0.0148676696742554,-0.0122807758948569,-0.0125409691284125,0.0136346950548009,0.0,0.0053819315566772,-0.0173983969189444,0.0111935410886312,0.012905426867287,-0.0036264430914594,-0.000811685409329,-0.0110613234133694,0.0122084965951805,0.0,0.0127895551965893,0.0028883023753796,0.0
2017-12-26,0.0104606552399879,0.0,-0.0107151086873031,-0.0202370605688254,0.0056322877236425,0.0031348540448836,0.0108737864077668,0.0118173550085227,0.0021017417548452,-0.0021222717954901,0.0077538990854699,-0.0026315789473684,0.00871372965322,0.0,0.0064799041708552,0.0151746579891087,-0.0005589213507956,0.019737594328836,0.0183709813478303,0.0041499126642672,0.0105521849320329,0.0024995799025375,0.0040516630511804,0.0,-0.0038145539906103,0.0129715706410118,0.0016355769031697,0.0053803763002575,0.0625678008831303,0.0072463768115942,0.0078683009999538,0.0159476088023249,0.0042215608907911,-0.0052935169596775,-0.0056194438900062,0.0227341487660457,0.0083331986227188,0.0,0.0097976626060864,0.0035200250312892,0.0200862359600404,0.0121692530981354,0.0039988043978769,0.0354603113588314,0.0,0.0272991607095243,0.0,0.0360997666277713,0.010691573926868,0.0099681823673929,0.0020780482538997,-0.0059671861164221,0.0066235134728285,0.0139586262301667,0.0255237398225232,0.0268001459930131,0.0008385630815841,-0.0043372454794688,0.0024356657199413,-0.0028240078319151,0.0084163249365358,0.0059713223695341,0.0292567301603601,0.0141710060818063,0.0057685343266593,0.0,0.0101746225126444,-0.0085817355702018,0.0149086755302236,-0.0076538908246224,0.0033057299318817,-0.0017606767869795,0.0044740179245685,0.0015070402419143,0.0,0.0147656083003109,0.0177143850240826,0.0
2017-12-27,0.0070540835837202,0.0,0.0,-0.0010859008771326,0.0052122227380064,0.013860548907149,0.0123161058507152,0.0064051812916323,0.0011974396562983,0.008168789424076,0.0365758754863814,0.0026385224274405,0.005612804209603,0.0,0.0048293865931445,0.0149478297844503,0.0230321524982568,0.0104696632048102,0.0071790151863782,0.0007238170844181,0.0201696254863812,0.0346973411276634,0.0218824823238557,0.0,0.006123556313464,0.0257176395261977,-0.002449359239355,0.006201349247535,-0.0360874650101614,-0.0043165467625899,0.0089213254540676,0.0118519068937974,0.0028053176168951,0.0212756511991829,-0.0016212460433875,-0.0085365338291848,0.0110177711157246,0.0,-0.0091148328667417,-0.0028970821316288,-0.0027657464906329,0.0005314561899605,-0.0053909657070211,0.0114153132250582,-0.0045255437056517,0.0254201325802052,0.0,0.0239740972759907,0.0043552636753312,0.011265527485893,0.0138339033871068,0.0041419614740842,0.0035890533871691,0.0050262454194314,-0.0049955396966994,0.0247295993500227,0.0072614575168699,0.0117256869891282,0.0218591433207695,0.0056640108749008,0.0347527481393983,-0.0068745489764138,0.0003408684663412,0.0052521214259118,0.0099534476993903,0.0,0.0074261948791416,0.0021592833445598,-0.0018913242750889,0.0056530237239731,-0.0079209238859119,0.0039326608017322,0.0122416556732911,0.0002507954148696,0.0,-0.0182937697480353,-0.0004025224741713,0.0
2017-12-28,-0.0056078061746895,0.0,0.0216623316122521,0.0522334928229664,0.050712525285989,0.0048592098344604,-0.0065519242789534,0.0206961819418565,0.0149972093158112,0.0038755044148788,-0.011140172430495,-0.0005425935973955,0.00244189595779,0.0,-0.0189925779552774,0.0117950370609087,0.010433468082091,0.0015396138482024,0.0094124097596637,0.0072795996220207,0.0092969203951192,0.0035842293906811,0.0083172679702561,0.0,0.0053158705701077,0.010715771951727,0.0065373019901993,-0.0058794708476236,-0.014778496591299,0.004335260115607,0.0058968476506073,-0.0015238025298793,0.0088489698338121,0.0281297544012171,0.0024280853696256,-0.0017475810920249,-0.019071970823175,0.0,0.0089025889286886,0.0243384451016925,0.0009244723530437,0.005872979284218,0.0025887454292463,-0.0112864745824924,-0.0011322405496514,-0.0002812476144175,0.0,0.0377748448770474,0.000616685754559,-0.0181197996766433,0.0259266474223882,0.0136742477751092,0.0089618323860611,0.0031041363849129,0.0021516944593866,0.0117443012884044,0.0069228911567666,0.0127946375056571,0.0277350675102294,0.0070213644726466,-0.0120893036486241,0.0034637994711423,0.0192234171639436,-0.0049322546057121,0.0102373433839257,0.0,0.0157876789354924,0.0091838785868636,0.0132876075331318,0.021449187654206,-0.0021134556677513,0.0129658659562994,0.0,0.0100391339403353,0.0,0.0046297824579935,-0.0234899328859061,0.0
