date,ABEV3,ALOS3,ANIM3,AXIA3,AZZA3,B3SA3,BBAS3,BBDC3,BBDC4,BBSE3,BEEF3,BPAC11,BRAP4,BRAV3,BRKM5,CMIG4,COGN3,CPFE3,CPLE3,CSAN3,CSMG3,CSNA3,CVCB3,CXSE3,CYRE3,DIRR3,ECOR3,EGIE3,EMBJ3,ENEV3,ENGI11,EQTL3,EZTC3,FLRY3,GGBR4,GOAU4,HYPE3,IGTI11,IRBR3,ISAE4,ITSA4,ITUB3,ITUB4,JHSF3,KLBN11,LREN3,MDNE3,MGLU3,MOTV3,MOVI3,MRVE3,MULT3,PETR3,PETR4,POMO4,PRIO3,PSSA3,RADL3,RAIL3,RAPT4,RENT3,SANB11,SAPR11,SBSP3,SLCE3,SMFT3,SMTO3,SUZB3,TAEE11,TEND3,TOTS3,UGPA3,USIM5,VALE3,VBBR3,VIVT3,WEGE3,YDUQ3
2022-01-03,-0.0058352051853755,0.0,-0.0571432587823494,-0.023347825927971,-0.0591381165340042,-0.033388440128908,-0.0010366448937692,0.0222354131797126,0.0249856488193114,-0.0072303224454357,-0.0151007798829094,-0.0390497989218789,-0.0136023500518992,0.0178853133937846,-0.0137080761038306,-0.0175476720812733,-0.0284543158095419,-0.035409602551597,-0.008722784002915,-0.0239741654673733,-0.0432810143288084,-0.0192047966568754,-0.040983606557377,-0.0346992786839875,-0.0798473619114278,-0.0440495124818476,-0.0259658109108862,-0.009634780132419,0.0169215342191026,-0.0501766784452297,-0.0424464958163908,-0.0238845901378473,-0.0513424399434763,-0.0594807755504436,0.0,-0.0079233310867458,-0.029005114807495,-0.0581057284341649,-0.0273627316623332,-0.0032868210156331,0.0100772534992732,0.0161353529501966,0.0275924203247803,-0.0663164306380386,-0.0054560211627486,-0.0556507516161695,-0.0753528473848939,-0.069252194846081,-0.0129508945249263,-0.0335933152125695,-0.057503774010515,-0.067845143555284,0.0267087981923457,0.0224938978200488,-0.029520295202952,-0.0183845441902611,-0.0401511313487678,-0.0432095497736958,-0.0208364428788919,-0.0092005702379647,-0.0398105390614798,0.0253501604902246,-0.025532447485346,-0.0057148068212905,-0.0763903074251863,-0.0100030333112728,-0.0252621755375491,-0.0086516331600847,-0.0019258142845182,-0.0532672357692454,-0.0398041567798682,-0.0288865459697214,-0.0125322354431525,0.0005142928191159,-0.0490625220951683,-0.0078845437426322,-0.0291083910259399,-0.0272390463030756
2022-01-04,-0.0013089550869996,0.0,-0.0631261927480916,-0.0214498592224285,-0.0294888301407889,0.0214546281161711,0.0010377206415734,0.0046740092718637,0.0065592755370347,-0.0024276602481942,-0.0239416538714631,-0.0183371361789749,0.0093262538171614,0.009661242258721,-0.0063325195008656,-0.0007741650077416,-0.041846546310832,-0.0030898876404494,-0.0117174037909247,0.0061394765775115,-0.0008128979813032,-0.0150978115891914,-0.0652680652680652,-0.0074366096227936,-0.0179012409998853,-0.0354094328703703,-0.0168216305260323,0.0026310114298038,-0.0007912430468026,-0.0394345238095237,-0.0054462064524143,-0.009063167064889,-0.0329970905416469,-0.0342735531414777,0.0139392168322618,0.0203807724809863,-0.0054641467239142,-0.0176293814659362,-0.0281338309152152,0.0012387148612302,0.0077614643296035,0.0221838425165163,0.0283626773112837,-0.0422137051836146,0.025470134554449,-0.0121301025668215,-0.0518382900815361,-0.0163697922420571,-0.0008726186971698,-0.0157321938273047,-0.0318316549146676,-0.0045873438459962,0.0126975120785406,0.0037865536188339,-0.0101575230852797,0.0211921510551649,-0.0114528816620351,0.004301699932224,-0.0011524038901253,-0.0120640612721497,0.0056969490167568,0.0146383977802284,-0.0066217132255878,-0.0275459353694701,-0.0115419969728175,-0.0460847463528428,0.0232333044474883,0.0218168819462996,0.0082656305192512,-0.0189569307698009,-0.0403615543075561,-0.0375406067905579,-0.0080179602309171,-0.0117962940995934,-0.0059008814145892,0.0,-0.0049962768129518,-0.0165022665149998
2022-01-05,-0.0195932746731671,0.0,-0.0592953308507591,-0.0040710287382489,-0.0480744017223772,-0.0210039952099869,-0.0166366408679636,-0.006623081296191,-0.0070729361172409,-0.0121678406239608,-0.0117756778318369,-0.0519912695938094,0.0024122328826863,-0.0716364918367283,-0.0479825979967803,-0.0318622025456557,-0.0655368388715376,-0.015891800507185,-0.0254329884923864,-0.0497658767240102,-0.0181078582434515,-0.0212289732224025,-0.0698254364089775,-0.0199675031594149,-0.0259514286017421,-0.0673816041096404,-0.0099885614860401,-0.0141625321441203,-0.0594777639830643,-0.0395042602633617,-0.0057291238680625,-0.013258958408308,-0.04104134762634,-0.0275384008157089,-0.0166412081736174,-0.0199736931845861,-0.0179493710912795,-0.0777479036677034,-0.0421047069200762,-0.0148406152474362,-0.0110069956998909,-0.0201932382998966,-0.0189922991079164,-0.0280678851174934,-0.0187263893733143,-0.0486808520789103,-0.0820423009564866,-0.0287440044396877,-0.0148685193564339,-0.0679538381962641,-0.0392675135011789,-0.039720747781481,-0.0410444910398219,-0.0387067675338785,-0.0034022938045327,-0.1076290194713537,-0.0282144970794843,-0.0462529381519024,-0.0437503052204912,-0.0357154860465376,-0.0289159173999522,-0.0118634411429573,-0.0072261289928672,-0.0429766096579478,-0.003894587432439,-0.0569178097191704,-0.0264895008417767,-0.0113319402726812,-0.0106546034192825,-0.0354385338242567,-0.0443363424149919,-0.0264908832938233,-0.057911104952812,0.0094715662476134,-0.0439923574328046,-0.0012550923830294,-0.0527312293722259,-0.0386334996288558
2022-01-06,-0.0159912805797051,0.0,0.0186256597645149,-0.0015751359034941,0.0182820856220675,0.0242582349184357,0.0081059505045748,0.0109117616199769,0.0142371400349516,0.0069009838875031,-0.0010005798815223,-0.0055135626465101,0.0284692670591275,-0.0062474794999327,-0.0163656590084643,-0.0216642611143661,-0.0233411867842857,-0.0236336417404962,-0.0017413706734095,-0.0232198225599304,-0.0293386562217534,-0.012798421656108,0.0107238605898123,0.0063738854911208,-0.0086376855795309,-0.0219523962688967,0.0014483084083252,-0.0079757189056053,0.0063251775915247,-0.0153225806451612,-0.007510942438147,-0.0083415394073912,0.0100043211152234,0.0333493992203817,0.0003692892062039,-0.0026511573959006,0.0104468067027714,-0.0252962073000989,-0.010989213059751,-0.0046046714221873,0.0089068431811545,0.0180311401305877,0.020278529488656,-0.0288492422693958,0.0054517874754067,0.0511719460133774,-0.0574552392133842,-0.0264792660425647,-0.0222067934202093,-0.0035753600378459,0.0009500623478415,0.0005998885921185,-0.0009826139301016,-0.000703789801446,-0.0068278178514399,0.0254221220673553,-0.0098499993380376,-0.0211072014787073,-0.0307055902048528,0.0136395850034272,0.0038230751702661,0.0133053625046015,-0.0363936300294477,-0.026099668210637,0.0549479861296344,0.049825837913151,-0.0011961722488037,-0.0079747668636261,-0.0019343215931372,-0.0200403085096533,0.0309259860273645,-0.0143572288556763,0.0014299371644754,0.0201772350204321,-0.0067211470757676,-0.0161255433551017,-0.0003313054527052,-0.0010594171410103
2022-01-07,-0.0162511573973919,0.0,-0.0014116552903857,-0.0437770552359697,-0.0079464659138436,0.0236837099194691,0.0010558590022133,0.0041892720668019,0.0145429687134202,-0.0313126861588961,-0.0139083324797122,0.0053998147947709,0.0393802794558937,0.0688465713676991,-0.0028362600704934,0.0057404945881596,-0.0095932678821878,0.0221864736242374,-0.0191645956796024,0.0020245365021731,0.0008665399190366,0.0423514907698796,0.0194518125552607,0.0113856855207761,0.0138000747137803,-0.0046863438296472,0.0071823204419889,0.0013391591644429,0.0083749558549013,-0.022932022932023,-0.0075711145160215,-0.0023327904166448,-0.0077009644806963,0.0097457592445604,0.0088245117513667,0.0151019255370405,0.0073823275575912,0.009981812498224,0.013888789568605,-0.0054613754027835,0.0121247206007686,0.0156889831762789,0.0221331172653549,-0.0212273369614238,-0.0232374029077873,0.0083371102788578,0.0383806928766057,-0.0048002180011668,0.0227111349013011,-0.0193743951207933,0.0047458029305333,-0.0017985868246377,0.0081787812464002,0.0046312105173296,0.0620391417641514,0.0453575352886483,0.0109976065999009,-0.0146781141204933,-0.0149039443094329,0.0567354751452771,-0.0084190879741727,0.003199502785887,0.0122014401453662,-0.0207107078407231,-0.004863929735844,0.0093565440509633,0.0032907791455212,-0.0066965056206923,-0.0008293344923321,0.0177176369701241,-0.034612739940517,-0.0069066228267556,0.0478222555851106,0.0582003533797721,-0.002083691355903,-0.006810341668717,-0.0251912011071453,-0.0042361710286644
2022-01-10,0.0082598101739046,0.0,-0.054932810005322,-0.0289849823748128,-0.039015464102472,-0.0053477592063017,0.0052331595707997,0.0131355175750971,0.0034613254568949,-0.0247476213260959,-0.0120961691616938,0.0042942583732057,-0.0003751939561975,0.0150003638561153,0.0159278385084835,-0.0089755134051761,-0.0338166987651524,0.0082868852459017,0.0071139696925401,-0.0040408920708473,-0.0077662626314837,0.0331669177425582,0.0052038161318299,-0.0100086874683269,-0.0200606914490083,-0.0225508012555756,-0.0057113355490303,0.0104402577118312,-0.0137089107920148,0.0025146689019279,-0.0033059570997525,0.017326185184795,-0.023853933321461,0.0373912056921506,0.0054656234934686,0.0,-0.019423319406185,0.019759287005578,-0.0301364916180942,-0.006765636964149,0.0,0.0054808050387784,0.0092753819573834,-0.0065124566092218,0.0,-0.0108763795081676,0.0,-0.0771704292940816,-0.0239799188207648,-0.0197478678633942,-0.0122808053374269,-0.0132062520556563,-0.0035684151314864,-0.0060331825037708,-0.0324702443098767,0.0161459859916517,-0.0113937694662848,-0.0195529471651221,-0.0132441033320853,-0.0263891449830254,-0.0196086910073204,0.0130102441493167,-0.0143539605062089,-0.0191681735985533,0.0172172854859955,-0.0231781790556335,-0.0071620599848777,-0.0023611223729377,0.0011052176035866,-0.038845766596925,-0.023903920912391,-0.0131232139389064,0.0476798604567858,-0.0119048451618317,-0.0067807555699063,0.002998966963928,-0.0289020148470278,-0.0398702681886286
2022-01-11,0.0020502172357836,0.0,0.0164012318521775,0.0122086156523901,0.027940605445123,0.0026882557475738,0.0041667507415403,0.0100160442189805,0.0014809363933221,0.0010375446385484,-0.0102113539974998,0.0443609380769185,0.0240150642840331,0.0518703241895261,-0.0119444946014845,0.0288117709127146,0.0199917922260655,-0.001170627017096,-0.0088296482655184,0.0420667908843344,0.0034772416487596,-0.002410074109779,0.003451251078516,-0.0050640779538931,0.0080403455026045,0.0047747823882362,0.0057441422729929,0.0015892261096808,-0.010953009012665,0.0133779264214044,0.0163253210848526,0.0225597382697644,0.0142108194265742,0.0383714026809987,0.0224830741502413,0.0245008183306054,-0.0018683465357181,0.0413464854797542,0.0141241869611252,-0.0042573266290026,0.0163327560731476,0.0143720963936906,0.0223342552563035,0.0065551467177884,-0.0087218934307983,0.0228649330614734,-0.0130454340980658,0.0226472154595251,0.0036443228454172,0.0141808269141268,0.0095642297806204,0.0316351595162704,0.0413425068360235,0.0296330334052876,0.026869537067012,0.0526315789473683,-0.0010501672240802,0.0204162658237512,0.0223652562756191,-0.0084109442538211,0.0144331180775907,-0.0078945328314368,0.0064047083261207,0.0008603736479841,-0.0009136682135485,0.0413541425184897,0.0042097692031055,0.0059138734129202,0.000554215585429,0.0188185823285116,0.0330612298724763,0.0164277012463687,0.060471822925183,0.0190376594950305,0.0199609882964888,-0.0049132689791436,0.0168085654818468,0.0315612015316835
2022-01-12,0.0136256388378592,0.0,0.021988676697197,0.0526139094619879,0.0310857022477522,0.0356817523083932,0.0096954717625665,-0.0087505853618224,-0.0073753627980456,-0.0093121540080828,0.0103167014884852,0.0133035291702543,0.016487749117837,-0.0060603366524419,0.003965438978811,0.0144012991082875,0.0049430969076904,0.0286000309277512,0.01603494984502,0.0325869028159104,0.0285910813476615,0.0571178353566468,0.0257953568357693,0.0076255925912314,0.0297325170605402,0.0124479582825183,0.0371398147849375,0.0047649362424524,-0.0157544931934263,0.0321782178217822,0.02685795699281,0.024314801502526,0.0285630431901235,0.0084032981252444,0.0230508474576272,0.0256082559867085,0.0018718437885758,0.0831257783312577,0.0111422650249908,0.0085510579045284,-0.0032046772655504,0.0004921259842518,-0.0042812772915011,0.0477068165760452,0.0280003291131429,0.0597602109115142,0.0881191127316924,0.074957176095985,0.0362563789418588,0.023544616767813,0.0350721376833047,0.0654459638846161,0.0331365357412096,0.0305134352523586,0.019598570828079,0.0075451195313238,0.0173091473989406,0.0283880043098287,0.0206234757713921,0.0358166028154456,0.008537171735772,-0.0260947328665135,0.0260465742361017,0.013490991386116,0.0329550314155071,0.0286457024265185,0.0463942138894741,0.035109184755111,-0.0033190203350925,0.0150436799043272,0.0,0.0392668467588026,0.0079689931173692,0.0108768505752714,0.0514934517611893,0.0025770201620143,0.040632472682144,0.0048299199873631
2022-01-13,0.0073869199979383,0.0,-0.0172124620936182,0.0003189395648419,-0.004077455808481,-0.001719123247144,0.0161001432892851,0.0111899512755431,0.0178397934729304,0.0015652625261552,0.0306106950497129,-0.0272706809229037,-0.0129811394555745,-0.0063745732643598,-0.0206962019122555,0.0015727465490851,0.014641958361931,-0.0152317199579049,0.0,-0.0084736645269042,-0.0008453725317014,-0.0038051272089449,0.0016764459346185,0.0201870999507631,-0.0007032049096489,0.0037798546209759,-0.0082602202725405,0.0081598955533368,-0.0419751692512126,-0.0271782573940847,-0.0029330528272176,-0.0070328214809944,-0.0027153152987307,-0.0283196932281913,-0.02010713496797,-0.0224766355140187,0.0123346714936019,-0.0062991933363095,-0.0275494167574436,0.0012717835905544,0.0279468038391568,0.0126937784618315,0.0184912852234584,-0.0186184249105728,-0.0081687984912984,0.0044624634563406,0.1194266033696358,-0.0348651917317365,-0.0026201424768237,-0.0057461798883704,0.0018305239874913,0.0027687135370315,0.0242028712213759,0.0201830981659969,-0.0095851584643132,0.0309016820080934,0.0041203728081722,-0.0497761479993985,-0.0042854916627708,-0.0154668807011073,-0.0034260297108542,0.0294104536823243,0.0,-0.0008481911026484,0.0013311762757637,-0.0569595509696876,0.0091533180778031,0.0147679520942947,-0.0002756535657122,0.0026940235780943,-0.0035573257080609,-0.0088891254590939,-0.0042554670931406,-0.0152052850905067,-0.0142065165405886,0.0074952331791799,-0.0420237424327812,-0.0069470476559005
2022-01-14,0.0073412799918146,0.0,0.0189791591249934,0.0060462548214508,-0.0046795333200104,0.0543557704822834,0.0256380124174941,0.0151334713545006,0.0160634903319061,0.0140734442689987,0.0168346351362076,0.0295972323463733,0.0051146144224696,0.0234293653246593,0.0021145578715315,0.0023694356817385,0.0384441939120632,0.0038648196953139,0.0175114100408357,0.0080758916807466,0.0109612567560739,-0.0175670017951262,-0.020083682008368,0.0123516373516372,0.0,0.0244972275097243,0.0,0.0026138376278352,-0.0058700076604732,0.038619556285949,0.0044141394855132,0.0013289268045033,0.0163823974600361,0.0245690813466927,0.0003550515951959,0.0,0.0335922459005511,0.0345820793559941,0.0028340098687136,0.0016935576152876,0.0115033716779056,0.0004778841483477,-0.0076015099421793,0.0231842490514175,-0.0066725844034013,-0.0319057216129687,0.0488316979876934,0.0394089111502318,-0.0008756752194463,0.0144576760965196,0.0137133612485726,0.0204187621207638,0.0209732550972212,0.0372772594896095,0.0161819033248349,0.0399641568909285,-0.0061617525597492,0.0,0.0030779664553826,0.0147844575910809,0.0368031187099697,0.0114272105308737,-0.0056411938340438,-0.0039673602328441,0.0168179476251963,0.0134213779676199,0.0113378684807257,0.0038369752547147,0.0005559063942577,0.0073940331871722,-0.0007942879592779,-0.0164428929466523,0.004881182656788,0.0058205451114048,-0.0149032416771442,-0.003398213062731,0.0604492991798146,0.0166763067368871
2022-01-17,-0.0198657559059783,0.0,-0.0085938557314927,0.0025315085858721,-0.0052896703062393,0.0114521213962852,0.001976473284192,0.00573032288339,0.0057529883329754,0.0113149090096058,-0.0194768997502675,-0.0050457942349834,-0.0054520588452724,-0.0038145221585328,-0.0672937121932831,0.0007832825132179,0.0046140484203669,0.0019289722019897,0.0137633088599824,-0.006601675021271,0.0100179874088139,-0.0225513432731262,-0.0111016225448334,-0.0036549836673435,-0.0035291608913529,-0.0027465869617901,0.0,0.0007787829142626,-0.0209011572237571,-0.0023734177215191,0.0007313827644979,-0.0145888528240737,-0.0059115716062947,-0.0078084604144029,-0.021920879764735,-0.0161894290676736,-0.0064315841308584,-0.0373225779586202,-0.0169501879152462,0.0042210240124287,0.0003619909502261,-0.0028894265780261,0.0,-0.008234297894706,-0.0280425080349934,-0.0200239379654999,0.0206925257170038,-0.0331751756206007,-0.0131677595801523,0.0121197826422214,-0.0081110766891037,-0.015146146462141,-0.0031832900792685,0.0015894014523512,-0.0159242191500256,-0.0034946836195999,0.0015499887873151,-0.0219039208579843,0.0024509166558315,-0.014569061913085,-0.0154081767890714,-0.0053343836560649,0.0187200856110414,0.0085403186530299,-0.0250286193285248,-0.0231781790556335,-0.0221420775087779,-0.0117880379056301,0.0002755763768818,-0.0133424369150237,0.0035728633337037,-0.0227969749642802,-0.0133702102819973,-0.0051955168724238,-0.0151287084758224,0.0134346131450424,-0.0114028431948003,0.0089948737603604
2022-01-18,-0.014862344122422,0.0,-0.0130195891065457,0.000316121421467,-0.0119646027816183,-0.0040464164335205,0.0088527620808278,0.0056976733752658,0.0181032105398937,0.0325384919068298,-0.0069585782669501,-0.043078521731273,0.0179076926888794,-0.0010948776209368,0.0098661842628589,0.0007826694619146,0.0369049548819366,0.0076930451037722,0.0033999347957709,0.0109125243790437,-0.0008286131242425,0.0258548093289934,-0.042314335060449,-0.034326929892961,-0.030409056377663,-0.0322802754151477,-0.0041566671372328,0.0075492647651946,-0.0176311157059432,-0.0047581284694685,0.0068287625805703,-0.0201870403438153,-0.0400010961707103,0.0028171567109507,0.0339840217497739,0.0233880241654653,0.0075506501230429,0.0052030550955335,-0.0373551909334358,0.0113585302732985,0.007327664193957,0.0062824922646813,0.0059568471119404,0.0166347710878844,0.0211306600915226,0.0004225539624564,0.0134959318018523,-0.0375816585379777,0.0080039377661738,-0.0169043372262905,-0.0218253404885619,0.005494864917904,0.0034844849962638,0.0044375605769777,0.0161819033248349,0.0482017609312042,-0.0263024451922633,0.0019466624915192,0.0030545341349053,-0.0018508113824899,-0.0152529613528495,-0.0072568253326045,-0.0111378925783357,-0.0155217908697377,0.0167398111076892,-0.016272443783044,0.0037251586050155,0.0132191855430852,0.0030527227887755,-0.0216322588086039,-0.0442888656088441,-0.0031105068077259,0.0191015509445124,0.0244502357688853,0.0035849614739897,0.0021067561132162,0.0062631689462671,0.0293674251866622
2022-01-19,-0.002743808897655,0.0,0.0043913486972908,0.0422698052999119,0.0524750506219267,-0.0040534298615234,0.0087845241243813,-0.0011330787623566,-0.0126347797214405,0.0182150476787668,-0.0129956375877349,0.0540237482590117,0.0305056897705835,0.0158842871959268,0.0014250262560557,0.0164651006898863,-0.0222511724856695,0.017932313839275,0.0084478277014483,0.0309704025437786,0.0049510465274595,0.0263675741133182,0.042380522993688,0.0025508799618285,0.0758577308893475,0.0628636002176368,0.0167275705645162,0.0160167655646603,-0.027869427536644,0.0286852589641433,0.0007258912953802,0.016479273491073,0.064190764370605,0.0162529372778212,0.0153806730506764,0.0245311387196327,0.013914494086447,0.013819388946948,0.0059694885974161,0.0020808494364836,0.001047747343212,-0.0076792208400318,-0.0067647325887587,0.0122502172024325,0.0222844075652393,0.0574488520644325,-0.0166500613120784,0.0713068976958253,0.0008810853272753,-0.0007202574692521,0.0446149529274026,0.0240257628000779,-0.0092570819420276,-0.0047396055058889,0.0063492063492063,0.002926939568538,0.0222515302154135,-0.0019428803591984,0.0201269816639513,0.0203746012825181,0.0028173720222048,0.0019076770996371,0.0253352445120309,0.0238074382916104,0.0289843183037263,0.0358427026081933,0.050541794369358,-0.0041672968328907,0.0174100260485885,0.0241882602577232,0.0467556656655763,0.0319775045775567,0.0126961089225239,0.0220136434562288,0.0469433157181855,0.0226865363258348,-0.0013131952739361,-0.0132442312349364
2022-01-20,-0.0034457903342065,0.0,0.0831052586281091,0.0124092233512298,0.0578120571335318,0.0807454591918828,0.0061330736530647,-0.0045374563448467,-0.0009469026548672,-0.006286001817458,-0.0111482332196468,0.0723580331246711,-0.0135819018205654,-0.0159056566013984,-0.0002029834335915,0.0038606855808203,0.0681660715237435,0.0071260017289316,0.0050400441866886,0.0195745481368534,0.0172802404207361,-0.0045322275983732,0.1046712802768166,0.0379644883763499,0.0325465940445783,0.081551486513093,0.0425251742835011,0.0017799120241399,0.0213781702743953,0.0023237800154918,-0.002176094278246,0.0027045506343539,0.0518513219896459,0.0198541509182268,-0.0141162658005618,-0.0173476481038077,0.0211105392384343,0.0658690985823255,0.0445100729382788,-0.0033224455893412,-0.0010466507177032,-0.0087138430564512,-0.00809721886652,0.0444597030297828,-0.0031126613254333,0.0519093241993642,0.0186271262396975,0.0538835127835575,0.0520231213872832,0.0903251706142111,0.0498230859005945,0.0448021956379485,0.0064242031060863,0.0073096079996959,0.018978325022896,0.0087551927854205,0.0056965165900293,-0.0043786858723449,0.044827957738891,0.0362902789646182,0.0858562911132314,-0.0111040430660314,0.035147850893066,0.0086752677868655,-0.013657716886016,0.0485681994980258,0.0255520766243455,-0.0248998188505242,0.0228204927240902,0.0735486655636286,0.0422918928122939,0.0317470375768329,-0.0107488722215017,-0.0170041523897052,0.0375251374178844,-0.0059599872718915,0.00787151950948,0.0325236506424677
2022-01-21,0.0138043574137778,0.0,0.020183398757211,0.0161468224981737,0.0131601169210782,0.0294349471029216,0.0,-0.0051323923947276,-0.0104435173128538,0.0034085069077056,0.0102532818713998,0.0,-0.0236585789287787,-0.013698832003631,-0.0201269326994453,-0.0015328607012838,0.0170641652529688,0.007817937178119,-0.0100066405623867,-0.0187520332506274,-0.0153643121776398,-0.022775707431593,-0.0007830853563037,0.0134205699774265,0.0321763490423587,0.0008373989659942,0.002630210268222,-0.0055847310584152,-0.023313106042883,-0.0007727975270478,0.000483563639857,-0.0053894604983356,0.0316904401638926,0.0346115555943116,-0.0408683409479184,-0.0361252593850216,0.015162657720561,0.012253884094413,-0.0511366046523192,0.008333802578974,-0.0062415806017063,0.0004839503038573,0.0004344992396263,0.0580162708521652,-0.0335831572183709,0.0114799633806332,0.0149773331548039,0.0375940713694689,0.0142554693013408,0.0078909492569285,0.0203368595653823,0.017865069471892,0.0034824580021852,0.0015758730997519,-0.0092874619263992,-0.0247918149760774,-0.0041248371774798,0.0268908796410354,-0.0286071311584795,-0.0061270928144963,0.0142244435404195,0.0083405901427002,-0.0031808709005154,0.0,-0.0190324004700588,0.0393407054871219,-0.0273000298462915,-0.0119365286675598,0.008765320153425,-0.0069153142045379,0.0098590974065755,0.0146524645971888,-0.0428486671449859,-0.0207586317866549,0.005162232358604,-0.0008231414533019,-0.0042285036172829,0.0210013412335952
2022-01-24,0.0006786444512116,0.0,-0.0290218559656036,-0.0200092732036761,-0.0176277119556854,-0.042519886001106,0.0048020995225819,0.0103177394770781,0.0210985194335535,0.0150338563046539,-0.0131916623120246,0.0098422627283691,-0.0289347664800633,-0.0133332934908306,0.0363087375791011,-0.0130904405515803,-0.004218995290424,0.0103430548841778,-0.0033769718277283,-0.0150131872590789,0.0082139563479863,0.007382053330379,-0.0047021943573668,-0.0108239798137996,-0.0146386533593831,-0.0082942267816216,-0.035436921982452,0.0010236462278636,0.0053575793127047,-0.0139211136890951,-0.003879442794223,-0.0171650280328267,-0.035108679531335,-0.0371129965724561,0.012381422064924,0.0052190364353981,-0.0135809402878166,-0.0063112934498553,-0.0538909417156493,-0.0028927235159434,-0.0052264545961171,-0.0004837162092509,-0.0012897706708782,0.0018381877022655,-0.0181802126565444,-0.0211822786763004,-0.0147563227922052,-0.0739132704968742,-0.0057850582481808,-0.0156583393525784,-0.0049807170157204,-0.0130351926305162,0.0017312693886504,0.005662332768042,-0.0219746988559045,-0.0182241047100865,-0.0325870827525613,0.0,-0.0206134708813647,-0.0158585126605542,-0.0233145539475673,-0.0079547969638974,0.0047865316901407,-0.015267434562079,-0.0052925144197248,-0.0103770344980841,-0.0092627218594482,-0.0229915619106584,0.0002616453270989,0.0094937990040619,-0.0292885337129547,-0.028155373387292,0.0239583108093497,-0.0122494374287598,-0.0177532668710671,-0.0057921635434412,-0.023195793025468,-0.0401576374339019
2022-01-25,0.0251710676184431,0.0,0.0516284293277715,0.0216171411385859,0.0482994129605518,0.0199027961651576,0.0258407505858162,0.0346006552342865,0.03990497146514,0.0095500990627992,0.0010355499594019,0.0477958284644737,0.0093135150152805,0.0518006353936684,-0.0014016307234122,0.0116946068695398,0.0378362400236476,0.0307191081206286,0.0152246565168956,0.0143176509005049,0.0244289146634468,-0.0204326157799991,0.0173228346456693,-0.0170469538905406,0.0542282823152506,0.0467334287076774,0.0231403942778998,0.0043321031152097,0.0058152538581972,0.0109803921568627,0.0258030102440842,0.0192991339933448,0.0434567268690491,0.0336635252239372,-0.0147459152152855,-0.0051919395139046,0.0137679216090769,0.0301902585797344,0.0379737348062696,-0.0058022312827635,0.0252551252157586,0.0317344461545785,0.036100916524455,0.0620477568740955,-0.0069940798975753,0.0436648873570948,0.0216339256680502,0.0516438662764373,0.0099778048829257,0.0291579861843271,0.0459111844963935,0.037091961189025,0.0331891798894214,0.032555437929193,0.0320535944344242,0.0306447987273481,0.0096212938557558,0.0285756581130265,0.011425875271779,0.0295495533951573,0.0397233656089102,0.0625388242911013,0.0095343043311613,0.0053575427655947,0.0217223691337178,0.02960669569951,0.0099009900990099,-0.02593524935123,0.0,0.0206872581194981,0.0205022872903317,0.0408584546392853,-0.0049202829690634,0.0022659337695927,0.0247357916434904,0.0076979734637301,0.0100322280733344,0.0602013062384145
2022-01-26,-0.0046392102317061,0.0,0.0490937938609872,0.0314416186797248,0.0541828986053114,0.0345335273158109,-0.0096425572639696,0.0005435861152573,0.0009020173153604,0.0004777655273795,-0.0153996261770134,0.0270170244263507,-0.0003691029547004,-0.0160584866380838,-0.041701252601766,-0.0053953130791724,0.0323744422291845,-0.0003610321097538,0.0016688002926117,0.0214061068324211,0.0047621315300729,0.0232224211589935,0.0487616099071208,0.0,0.0416458205940668,0.0295076222183283,-0.0026581765209424,-0.0020317489702411,-0.0207142926202008,0.0139643134212568,0.0023744338009108,-0.0008972610725564,0.0280864854248161,0.0052502699231513,0.0178866423136878,0.012199497667743,0.0156117731327731,0.0221081526214657,-0.0030484454811741,0.0012505914959779,0.0102637563871579,0.0094658813035388,0.0107791514041513,0.0549675158770712,-0.0024880790644397,0.0273953294034141,0.0488672533233476,0.0044644887932883,0.0205701841219558,0.0521644347555279,0.0430899105132402,0.0166570366349749,0.0293300635043181,0.0266748929375046,0.0155290358016677,-0.0121425905031939,0.0211896790774746,0.0171266358641979,0.0029754962837815,0.0426012687093162,0.0358763929046221,0.0048293466178106,0.0057696088734007,0.0165524331734063,0.0004365613930048,0.0323571980887047,0.0002715325295969,-0.018868752906147,-0.010526360199811,0.017203216680637,0.0238790249160008,0.0207043939134894,0.0111342189776892,0.0028548416121993,-0.0037165937609757,-0.0138317149803818,0.0178822861675149,0.0009640837935878
2022-01-27,0.0266613270166409,0.0,0.0283279527673558,-0.0056977577913444,-0.0273474064034535,0.0493469528677652,0.0138206416205521,0.006579855122456,0.0049608355091383,0.0591264739374792,-0.0073068519646118,0.035790990990991,-0.0033231531779607,0.0152319469969215,-0.0269866176845047,0.0155145759717314,-0.0078168107412175,0.0042602433793017,0.0066412579592394,0.0414591687800336,0.0134485046684678,0.0069183370581475,0.0206642066420663,0.0099151662669578,0.019985946686353,0.0364230520475201,0.0399939768107213,0.0101794268913097,-0.0127852619004131,0.0099464422341237,0.0111252781319535,0.0108275407174387,0.0169630490503558,0.0229903615980231,0.0028744335422965,0.007750314201927,0.0016710212063411,0.0060318943800792,-0.0122326422129288,0.0045797747245945,0.0132146355011766,0.0075032183855512,0.003693147858037,0.0032752098902111,0.0278377165808532,0.0064873658060944,-0.0139771510174938,0.069629548160033,0.0282255717860677,0.0018304604192143,0.0328981432064936,0.0265050834419293,0.0038016942173069,0.0002916327901303,0.0091946110728686,0.0093239697353113,0.0368241184729911,0.0186630885581848,-0.012451210237522,0.0041755313860776,0.0003442685817878,0.0156230153689824,0.0203440558686331,0.0212554360651315,-0.012361763935816,-0.0092889563207794,-0.0046275744675414,0.0512226475577557,0.0037223541651565,-0.0126825939445441,0.0336932597531021,0.0573357230197149,-0.0048971596474045,0.0022543750381101,0.0484639100587771,0.0192551187424725,0.0540018872780303,0.0346137312198335
2022-01-28,-0.0305170553572909,0.0,-0.0035919337047826,0.0151854068869914,-0.0074059007375544,0.0193642615820432,0.0061866609116334,0.0125168133101445,0.0143648538790972,0.0129506183972309,0.0,-0.0233144998933081,0.0044456444614677,0.0112561649482156,0.0750368496511864,-0.005355298211276,-0.0039855408286216,0.0035375887149451,0.0165502856624646,-0.0064206130079104,0.0070266920765571,-0.0194768325485631,-0.0130151843817787,0.0379775997731621,-0.010952596881649,0.0082109895884652,-0.0064141545767816,0.0108251540220176,-0.0129558421297384,-0.0401515151515151,0.0074918405696764,0.011163313656989,-0.0060270670100268,0.0107256083334477,0.003931758350713,-0.0008474169771197,0.0020042805992839,-0.0109983982915109,-0.0061912694174562,-0.000414445091626,0.0100269790659759,0.0120972010101163,0.0134958941891807,0.0064830566922617,0.0032321762627312,0.0078768140283234,-0.0063001249162698,-0.0706372992279101,-0.0015659195532412,-0.0109937955807118,-0.0170356831625138,-0.0014093171522846,-0.0297343032327539,-0.0395533134845258,0.0181729598051154,0.0012619995120268,-0.0100033216649205,0.0142976888995327,-0.0540160386965375,-0.0116329722986753,-0.0057111491563965,-0.0227775177911537,-0.0025567168320494,-0.0135177513327942,0.0057059540115256,-0.0234304324226524,0.0082040850375713,0.013848121496611,-0.0007943857741224,-0.0519884455630831,-0.0050146195446725,0.0026455864647361,-0.0153754218222722,-0.0098246272742916,0.0097815056182521,0.0034894231594679,-0.0240745262415388,0.002792796583426
2022-01-31,0.0026794962889404,0.0,0.0612971898949759,-0.0039516287537886,0.0342702471250306,-0.0081401939790906,0.0052370525939497,0.0107544168415352,0.0088488263531432,0.0202835033897144,0.0021047567502556,0.0302638828200696,-0.010696089769637,0.0132487329901433,-0.0165988744057339,0.0076799037962227,0.0238228177926671,0.0186567982857102,0.0325170614211161,0.0241286235109983,0.0193888450285608,-0.0050653642558419,0.0593406593406593,0.0625736285875262,0.0186475048492329,0.019285272176434,0.0219459947830902,0.0139519674454093,0.0252386066586962,0.042620363062352,0.0144090362480673,0.0136859139827647,-0.0037247907266098,0.0217259944734502,-0.0081959769332062,-0.0102736437830052,0.035964961312114,0.0111207082703519,0.0186911240819245,0.0012438507827297,0.0119272083190491,0.0156355052217955,0.0217771812744691,0.0370945637277295,0.0024189120593385,-0.001067472987137,0.0364553917907048,0.0432194179053966,0.0212108614727613,0.0179082418791862,0.0105523301427898,0.0108144132438761,-0.0172744431861079,-0.005841121495327,0.0178485979519571,0.0033526876118612,0.002019589371669,0.0202635058556857,-0.0088876629012401,0.011769891115986,0.0201958464773921,-0.0051438715270609,0.0333158916140654,0.0235577566590818,0.0039288291963472,0.0383907893866206,-0.0032555667645777,-0.0016870937329429,0.012465191420615,0.0329050540622335,0.0464367958688387,-0.003294307247476,-0.0024990539295838,-0.0333493084192214,0.0079189218642159,0.0165762537867733,0.0170757218262753,0.0245564162947191
2022-02-01,-0.0080170073254444,0.0,-0.0158600676660559,-0.0189849096970514,-0.0081927461446333,-0.0246210016667989,-0.0015291471448511,0.0,0.0035052086745723,-0.0021611898625428,-0.0503120499279885,0.0024847870182556,0.0365298823410467,-0.0245812633272757,0.0445396979204792,0.0098996474098183,-0.0038629340119978,0.0034605554119639,0.0094392604112667,-0.0029467345696807,-0.0030409330083597,0.0505058818687942,-0.012448132780083,0.0077768494119159,-0.014298697364435,-0.0036434529706924,-0.0277773816823282,0.0027054144121545,0.0182183834211229,0.0037850113550339,0.0018326261896191,-0.0004358365368135,-0.0163697298322715,-0.0281881067719235,0.0319732173514935,0.0276645970767042,0.0009634876712119,-0.0359957287773624,0.0152904091298433,-0.0078623391158365,0.0019620851742585,0.0112169467838623,0.0070216217524998,-0.0264293894811029,-0.0112541272884167,-0.040539625743436,-0.006117068026015,0.0014286360424911,-0.0107691026672958,-0.003637571245424,-0.0164046426769146,-0.0200012189108478,0.029486332416527,0.0200967828492648,-0.0467773024305392,-0.0075246214658984,0.0055507260375413,-0.0146770901314967,-0.0070394808298034,-0.0016632675286616,0.0011939042171016,-0.0042575440693158,-0.015870879244146,-0.0090885314502419,0.0213176961884458,-0.0063530701195421,0.0174197338509871,0.0074326985207249,-0.0146674113047823,-0.0162413765548837,-0.0044716953171309,-0.0178654935996512,0.0388252220782661,0.0549033851518234,-0.0144099662425967,-0.0014058570777973,-0.0031090809078516,0.0040697227981263
2022-02-02,-0.0222227960098806,0.0,-0.0356691533162121,-0.0213743528938482,0.0108484188023356,-0.0091139899746109,-0.0165614509968035,-0.0166506215729771,-0.0179789769203146,-0.012558014394296,0.0010994843797391,-0.029306673901747,0.0115036425153167,-0.0227896728346638,-0.0062324162614009,-0.0173492681616758,-0.0233587298690634,-0.0227380049511326,0.0218475167440566,-0.0029508542791976,-0.0053464328554293,0.0048463820023505,-0.0595238095238095,-0.0275510204081633,-0.023796352396758,-0.0007377706495589,-0.0129948226045379,-0.0100464576074331,-0.0333681120034939,-0.0030165912518853,-0.0052584075658281,-0.0008720531462502,-0.0218734681741841,-0.0050941215888189,0.0076527641451364,-0.0008496043046617,-0.0070651922810367,-0.012450292980649,-0.0903608011600226,0.0,-0.0166521089853765,-0.0129909805062554,-0.0156945012142049,-0.0159714053026874,-0.0044734545416539,-0.0144537510205315,-0.0246188673906123,-0.0713267828191505,-0.0085575601133526,-0.0103557061025804,-0.0235058251507593,-0.0033186528643873,-0.0179029850746269,-0.0145488847971411,0.0092227263760109,-0.0299047755665157,-0.0055200855549222,0.0061349116873357,-0.0038694240300802,-0.0191396100676332,-0.0035795862778952,-0.0299427399794963,-0.0095744888720992,-0.0162157703728142,0.0006365878889154,-0.0087215827107449,-0.0123044962719353,-0.0062032479287718,-0.0023950156400487,-0.0285718153696195,-0.011060127347765,-0.0303282194478294,0.0024116808037097,0.0056260243220536,-0.0084164721512893,-0.0018143242385786,-0.009044454573807,-0.0090088712144387
2022-02-03,-0.0041283394216804,0.0,-0.0095536016232667,0.0135763738641281,0.012074045889338,0.0007062610866566,0.0068628959972474,0.0140806701513629,0.0147013604368024,0.0057015183613413,-0.02976708956637,-0.0136010914982518,0.0007111775412542,0.0013723534238005,0.006662834874203,0.0069146464784497,0.011958705096464,0.016216651536006,0.0030573355111613,0.0004234557672835,0.0145749824847531,-0.0166911715565061,0.0208488458674609,0.00226259181532,0.0,0.0153441191576784,0.010520841072888,0.0185640604482628,-0.0435214795997771,0.0105900151285929,0.0110336623808557,0.0196236110974905,-0.0058330115592214,-0.0071614135888167,-0.0075946441248824,-0.0050389733091882,0.0087324391501768,-0.0152318995008692,-0.0231796491000751,0.0024986604247159,0.0029799426934096,0.0081654310433769,0.0115600935555377,0.0113568439928273,0.0126565001706082,0.0030067805970606,0.0236627379873073,0.0030723357298223,-0.0047071919100444,-0.0166124926571372,0.006215949690415,0.0,-0.0106610132141853,-0.0138340466657461,-0.0061085862288032,-0.0125950828726878,-0.0025177887246853,-0.0130680810136983,-0.0148858340939819,0.0025478222186274,-0.0164210716638038,0.0037805071894077,0.0178084083570624,0.0074115062796586,0.0017005658357547,-0.0263949539058708,-0.0138144454364353,-0.0033739853698494,0.0095945183944774,-0.0163400969953732,-0.0146721808076285,0.0319675746756218,-0.0258528839610385,-0.000465641798199,0.003570945655247,0.0125197405667405,-0.0258108472653575,0.0218188740205687
2022-02-04,-0.0034648564559467,0.0,-0.0276995305164319,-0.0189266591956169,-0.0083147177498676,-0.0007057626339717,-0.0018613936173081,0.0021323035594358,0.006584874445118,-0.0043619615280411,0.0272714261550672,-0.0081934538818049,0.0213141411708022,0.0268494749468755,0.0527433635485654,-0.0236279246512133,-0.0197110280201264,-0.0183857697600196,-0.0106680584551147,-0.0139635246052486,0.0136071363883352,0.0045253994415466,-0.0510576221735959,0.0067888107312283,-0.049940183317892,-0.0402782168827061,-0.0637913033248532,-0.0089932439915828,-0.0078416964098257,-0.0022455089820359,-0.0140977810326767,0.024810041358084,-0.0640602920395666,-0.0010245050533018,0.0017357356358171,-0.0016934398987101,-0.0096178610830279,-0.0026652391311776,0.0237296951058811,-0.0054068347792818,0.0198691578105358,0.0058551775558837,0.0031512985523347,-0.0449399890889252,0.0201652618373715,-0.0176195283105442,-0.0323620582765035,-0.0306292539469438,-0.0212778056848231,-0.019402010290393,-0.0385835816938858,-0.0142887935924488,0.0178574171646261,0.0174628063691177,-0.0581178090274362,0.0734424207721275,-0.0303349171099519,-0.0300113062771125,0.0026264455900795,-0.0169221460266235,-0.0048691671207575,0.0131776608902944,-0.0039994572626654,-0.0223372559463372,0.006589192259073,-0.0048174357952091,0.0090626459833438,0.0255620313212476,-0.0060718124042684,-0.061126183881502,0.0095744762108447,-0.0222188170395341,0.0074021282000622,0.0260058780409271,0.0080167561840485,-0.0085784494048057,-0.0032306277713284,-0.0382551078977312
2022-02-07,-0.0083197332008798,0.0,-0.0074477269069253,-0.0068282777002156,-0.01154365532432,-0.0304349254319689,-0.0114774774774774,0.0016000134032536,-0.003490585995346,0.0573825138098995,0.0199105797119805,-0.0195536272026884,0.026436056351317,-0.0061364660499585,0.0116472513756105,-0.0202938437374031,-0.0321152759465059,0.0035375887149451,-0.0215239823587752,-0.0330305108787449,0.0044673769796064,0.0315463638516446,-0.0153727901614142,0.006743033552685,-0.0062582251635563,0.0,-0.0111364171836959,-0.0125081025503475,0.0121253160940821,-0.0195048762190547,-0.0016135120982962,0.0016658923786598,-0.0005209299040253,-0.0139281556627307,0.0145980956598759,0.0152509591299661,0.0058259813149408,0.0096273540193918,-0.0066234875517646,-0.0020930324646307,-0.0136416476421237,-0.0049199508731641,-0.0055004573684463,-0.0168035225514698,-0.0090906319234131,-0.0194665005968135,-0.0222962583290619,-0.0031597047952659,-0.0048225906414626,-0.0114849169089815,-0.0096256684491978,0.0082118626023603,-0.0119677339027942,-0.0147138414684487,-0.0227082898308623,-0.0098355005354746,0.0338870210712027,0.001365567222485,-0.0255563970899894,-0.0025748343283888,-0.0265650976839104,0.0003083655779529,-0.0105415434116975,-0.0072526686756219,0.0236361871481267,-0.0199772985244041,0.0019060815815687,-0.0004950606028903,-0.0002639387321574,-0.0141544311820006,-0.0010554229446677,-0.0323740710497447,0.032479949567471,0.0244369437043863,-0.0185488966656944,-0.0122690888222665,0.0048616478314913,0.0425514093060266
2022-02-08,-0.0091050569736866,0.0,0.003759176813987,-0.0092631133115722,-0.0015980591385938,-0.010951872744829,0.0106720376209832,0.0037218249487724,-0.0056910502723048,-0.0016599005346423,0.0206147159267309,0.0159578408759772,0.0115188840757891,-0.0161087702984078,-0.0124256901524124,0.0063703304342892,0.0,0.0035178047728052,-0.0157217106256334,-0.0164159082793695,0.0029687117792256,0.0134679398534047,0.0195160031225605,-0.0033570045190444,-0.0006288109756098,-0.0105086309131638,0.0154711226888619,-0.0047171306083831,0.0088543681200934,0.0007651109410864,-0.0087788843285174,-0.0099974701809288,-0.0156802120141342,-0.0094165928799314,-0.0102740660311987,-0.0058400999375389,-0.0006444392992205,-0.0026525348958216,0.0266671701014651,-0.0050338138509242,0.001987930422435,0.0067481705446736,0.0110617594732955,0.0034132997651843,0.0039844723522746,-0.0042818052387277,-0.0065156337764464,0.0364517820159904,0.0048459607263102,-0.0103283376059948,-0.001628307235421,0.0043150684931507,-0.0143809618366084,-0.0099526110474913,0.0099887826504994,-0.0124113181275692,0.0358028268778776,-0.0049970047193932,0.0470767760751289,-0.0181217924324545,0.0073601836205416,0.0027871033128523,-0.0025372556989909,0.0056078612954675,-0.0123690199611208,0.0135919551976455,-0.0127690763372158,-0.0014859174278488,-0.0042539420288622,0.0007117601138815,-0.0172302798500396,0.0078336771399831,-0.0023744589625649,0.0139809773974197,-0.0049523644444995,0.0032556322437817,-0.0251618025477255,-0.0288384284738681
2022-02-09,0.0268440625338486,0.0,0.008694502783122,0.0253404337651328,0.00997296073947,0.0450205105807193,-0.0087017683075286,-0.0879676693608866,-0.0858215083431874,0.0070566400082487,0.0584413214090162,0.0218131082828556,0.0117284897226623,0.0204641715562103,-0.0027759008683834,0.0118705238820278,0.0083195485063733,0.0077178713542349,0.0127738825591585,0.0085706155929274,0.0066626018513387,0.0122157083762546,0.0352220520673811,0.0145582329317268,-0.0012584132552861,-0.0098545127675866,-0.0027686532144532,0.0104796343044279,0.0366505709489566,0.0290519877675841,-0.0025625486438181,0.0100984289229604,-0.0015974870989454,0.0036960315546035,0.0048402924021744,0.0067068765117959,0.0041857645391605,0.0095609125397664,0.0129872517978877,0.0012648203328415,-0.016750513710763,-0.0397678636198766,-0.0398427119617912,0.0085162846803379,-0.0055622522780206,0.0129006538032212,0.0295126455844108,0.0091730560883551,0.0080570189030058,0.0273979426635782,0.0048759876621455,0.0257621223487689,0.0008601050722951,0.0037709234530749,-0.0066109583245187,0.0263934171712465,0.0379783034409872,0.0273963885911197,0.0314694124937857,-0.0026396002890992,0.0112287232849679,-0.0213041921967448,0.0086499276981726,-0.0002728606023398,0.0064689962254185,0.0438722079947302,0.0236670346483838,0.0023154907642428,0.0056063495864728,-0.0035868609231003,0.0196786374845869,0.0127121869528812,0.0083235862144004,0.0002185542954757,0.0293954796284661,0.027203650451314,0.0023160688639627,-0.0105066674939632
2022-02-10,0.0144424324466867,0.0,0.0036982571599133,0.0,0.0293801985511132,-0.0042368019930179,0.0109704180766292,0.0081313440472166,0.0144441949247697,0.0037115724268563,0.0160596863935253,-0.0064037604251411,0.0241730851278827,0.0307479901629443,0.0135455737034027,0.0070499066514337,-0.0041495778045838,-0.0045272757515928,0.0031586006966228,-0.0017900312769051,0.0014756734136509,0.0010603041314563,0.0244082840236685,0.0022186397663244,-0.0050495408640538,0.0030597491678154,-0.0069486926105437,-0.0034569835118092,-0.0069720020391232,0.00074294205052,0.0084105923499695,-0.0012461701350174,-0.0180858809675766,-0.0205112981771662,-0.0082623771067416,0.0008425257048352,-0.0048104838554624,-0.0178847266456588,0.0096143214774304,0.0058950387217553,0.0110113428361415,0.0130242959023327,0.0191179678977715,-0.0084443700212903,-0.0115822183415085,-0.012736346604953,-0.0111481291645308,0.0515158833610132,-0.0055909929296034,0.0126952572587617,-0.0218144510226049,-0.0027924139421239,0.0171408663337591,0.0153361875942703,-0.0033008571580684,0.0102041233488821,-0.009852423276874,-0.0044403365508304,-0.00560536636252,-0.0008821954062825,0.0026435020192185,0.0179814634734043,-0.0010100615160045,0.0050322404558016,0.0109945802204878,0.0332775273663876,0.0123640147573549,-0.0369641339770107,0.0045077034951712,-0.0352762384293017,-0.0280696981033682,0.0118510723591902,-0.0100285953222368,0.026911651057909,0.0035173814243583,-0.0201552346745855,-0.0181556342319858,0.0013847592870317
2022-02-11,0.0074520168103635,0.0,-0.0393123957351129,-0.019419813745188,-0.0104218731874147,-0.0127644865812409,0.0350105274523566,0.0103767343646627,0.0033205528941939,-0.0286136896868304,-0.0118572155908807,-0.0047260382200984,0.0109900349707845,0.0212722021459166,-0.025997722104349,-0.0085500830105146,-0.0371626532293229,0.0090957303827907,-0.0094459660549074,-0.0022415515435031,-0.0095447547833736,-0.0141791878902071,-0.0469314079422382,0.0209109730848862,0.0057083649132232,-0.0045588629659426,-0.0125730532301374,0.0037174049532275,-0.0451354112667408,-0.0044543429844098,-0.006022124962916,-0.0079272754564047,-0.0043301139744587,-0.0204068378782084,-0.0246506533308253,-0.0291673811713719,-0.0067656854941539,0.0032142755011581,0.0095244010676744,-0.0050232779151135,0.0426247736895375,0.0500701011246009,0.0590854598390135,-0.0085162846803376,-0.035974849303679,-0.0089937808961888,0.0096632666284084,-0.0850151413851417,0.0008018239078773,-0.0250722162817792,-0.0008253236816314,0.0153957274217295,0.044946300398085,0.0406909151303771,-0.0299129320014956,0.0424236047316302,0.0080571501158366,-0.0044649266373789,0.005636963608719,-0.0202768755321497,0.0080865455011955,0.0174567280258681,0.0010110827718017,0.0019349254035339,-0.0207238607479225,-0.0406810080514495,0.0,-0.0109662731348608,-0.0063375004762651,0.005227146153234,-0.002527226000101,0.0013783995707976,-0.0744946828440823,-0.0202407233277582,0.0004396372089661,0.0052428995168796,-0.0070640307093218,-0.0216663013870189
2022-02-14,0.013460628736077,0.0,0.011521328803322,0.0027014346560709,0.0038294214187095,0.0143633605095117,0.0041989411365828,0.0074178386911596,0.0014209058495429,0.0267983722761879,0.0100072134376036,0.0082027942421676,-0.007031982780588,-0.0132084442234231,-0.011278930613458,-0.0101867098322681,0.0214371980676326,0.0097048934837542,-0.0047680215976136,0.0,-0.0126010302868814,-0.0025159677567392,0.0113636363636364,0.0118715192736689,0.0037871561033313,0.0022898706896552,-0.0028473621908693,0.0002475091578388,-0.0089288067340279,-0.0037285607755407,0.0079232719574635,0.0037825416788812,0.0,-0.002747637252952,-0.0110373773467189,-0.013729205472413,0.0434770768901597,0.0154839886663586,0.0031443078636841,-0.0012621596575111,-0.0038010856338105,-0.0078760848259308,-0.0022639068564036,0.0102927220965034,0.0046087420559841,0.022093135519583,0.0031902605379439,0.0204733912965737,0.0024131972933578,0.0186452331063384,0.0099206690643769,0.0220457878263913,-0.0258078144576207,-0.0225112600631273,0.0171246076757887,0.0271326857826124,0.0004680439961355,0.0313898542991601,0.0080944395293869,0.0116947770481954,0.0221429903568726,0.0028083002721059,-0.0115994161192783,-0.0171943555081229,0.0134117037741872,0.0606599974015851,0.0201805943603976,0.0110878656985944,-0.0037236490056067,-0.002968016652552,0.0376419319506213,0.0061983811674717,0.0096647871980213,-0.0043499089776755,0.0096256298195871,-0.0002023062917256,0.0308161708619374,0.0268612453462198
2022-02-15,0.0212509547653398,0.0,-0.0366632829760554,0.0622361133958435,0.0383888975392583,0.0339987343956738,0.0474063300782603,0.0113252904776743,0.0009429888339547,-0.0098438408877354,-0.0118806044597611,0.0608128420841664,-0.0367193386696952,-0.047360609618324,-0.0188201602759342,0.0197936051429536,0.0210365553256477,0.01991486448908,0.0207385369268464,0.001347952430954,0.017259408345233,-0.0483028508641362,0.0689138576779027,0.0,0.0427084818246612,0.0336312323612417,0.0184804928131416,0.0,0.047694770487531,0.0239520958083832,0.0062460504263248,0.0297459231834495,0.061473676467884,0.0445339045649284,-0.0039629740083961,-0.0087103759300566,-0.0102598133698194,0.0525760289238335,0.0282132976954836,0.0067400251612423,0.0124075268669621,0.0114676764712198,0.0094466311646215,0.0391377649325626,-0.0227287360762346,0.0463116023027228,0.0254409211367996,0.0555547131537668,0.0200102073242365,0.0315698973114564,0.0327326943556975,0.016179029365313,-0.0206967197792748,-0.0157552449455323,0.023603291468168,-0.0283019937635831,-0.0065735414954805,0.019565713859591,0.0277952425861887,0.0231403906929392,0.0336068793642683,-0.0056050142714517,0.0112212874812098,0.0282335907335906,-0.048170862155031,0.0205477774103062,0.012493512044698,-0.0186766006298576,0.0082748180395308,0.0275458038294222,0.0540633945140229,0.0348804823303898,-0.0057448220052928,-0.0297034784505434,0.0238435946052304,-0.0166566315602451,0.0801589679356908,0.0523171859254718
2022-02-16,-0.0195040470689913,0.0,0.0052377115229653,-0.0092952026980521,-0.0195185209354117,-0.0006835269993163,0.005686514365061,0.0083988484597707,0.0117982672395577,-0.0025887168098744,-0.0120234503172218,0.0209936798542542,-0.0016721365370334,0.0037815370305778,-0.0015500532137903,0.0201835877018359,0.0041013268998795,0.0,-0.0046935276468067,0.0278055513556485,0.0066429392519233,0.004163183128871,0.0595655220742816,-0.0223852984706462,0.0024061466108877,-0.0103364212579228,0.0083637852822582,0.000737844683694,0.0146702741666118,0.0241228070175438,0.0022966327177629,0.0065092194883193,0.0123085718245443,-0.0105297399741175,-0.0079459674215336,-0.007029530598167,-0.0034579006249081,0.0089872418501451,0.0182922426324001,-0.0066949013576399,-0.0028333988585061,-0.0043595496075696,-0.0104821322078995,-0.0082048904855719,-0.0021632186937233,0.0147555947878945,-0.0062024346338246,-0.0029241119526268,0.0125560538116593,0.0097910159444787,0.0103038352706303,-0.013708661956619,0.021981629801562,0.0138510026540843,0.0032790353289613,-0.0198065246395189,0.0245844729009314,0.0021302175473243,0.0042056432085235,-0.0034827314565279,-0.0089114935629982,0.015035119439422,0.0010105751802735,0.0106950078787675,-0.0147718049572328,-0.0097939783836334,0.0218501788180518,0.0001738989528516,-0.0103233139788868,-0.010869733162343,0.0076087498841759,0.0442801507139916,-0.0064086112964606,0.0073159927005368,0.0351392116097997,0.0059172785537549,-0.0480544304981886,-0.0252924626092106
2022-02-17,-0.0152559180248671,0.0,-0.0443810698319717,0.0002848418953795,-0.0190857584670217,-0.0267314605669201,0.0,-0.0099964204957176,-0.0116606912875492,0.0038963896907482,0.0040527201997329,0.0,-0.0308074900923203,-0.0174957505769659,-0.0147493756851313,-0.0129410808173885,-0.0082172032676598,0.0010067114093958,-0.0094097887642385,-0.0026194408063321,0.0,-0.0584677076784531,-0.029100529100529,-0.040355137828802,-0.0252402644044988,-0.0343876243964923,-0.005529608397507,0.0004945309374058,-0.0358902780070741,-0.0092790863668806,-0.0004570632926717,0.0,-0.0430396426768433,-0.0186106346483705,-0.0531884638377646,-0.0539217307883157,0.0129270754192796,-0.0049478519661897,-0.0149699629566254,-0.0021062578628884,-0.0104005220654213,-0.0179481529395876,-0.0139948077235111,-0.0197938818910518,0.0073785916298929,-0.0101767462090508,-0.0499291594182104,-0.0278589300493209,0.0015570369679736,-0.0296976241900648,-0.0235330622376823,-0.0058278357949841,-0.0046842781579654,-0.0039449166022814,-0.0360569319978913,-0.0138653544713188,-0.0023098906926726,0.002554476491974,-0.001795776435352,-0.0340337008529229,-0.0104919722896262,-0.0178988454608511,-0.0120951196159783,0.0168347376102964,-0.0066094649058325,-0.0082423742886406,-0.0025142533375828,0.0109991721478122,-0.0010670986487701,-0.021244191041512,0.0581290475466251,-0.0183511968831011,-0.0406774657761705,-0.0430175811697368,-0.012680660024416,0.0093351162024888,-0.0207642945405527,-0.0152127454852987
2022-02-18,-0.0053878661123877,0.0,-0.0027262021906405,-0.0150645399897901,-0.0068052253274492,0.0049276380841865,0.0203819980932968,0.0044886944865778,0.0056614073395788,0.0004319682277695,-0.00202396373057,-0.00316338579208,0.0038019917984768,-0.0230150987771847,-0.0145747146220471,0.0038577174942684,-0.0041184165899509,0.0010126829813386,0.0015868185375187,-0.0481206584832049,0.0036673876999768,-0.012819124618013,-0.0408719346049045,-0.0124891131086389,0.0012405906330743,0.0115986394557823,-0.0292154244875519,-0.0032038752061399,-0.0093091799722904,-0.015850144092219,0.0055054373007004,0.0092984784308023,0.0005275440588703,-0.0168079466340411,-0.0173175830171213,-0.0158921640616805,0.0149376261749898,-0.0099502223261102,-0.0212758299060389,0.0042214070976687,0.0047809421753286,0.0049001867427149,0.003837812740598,-0.0067232500476825,-0.0004314982821997,0.0135869972286721,-0.0147805568664465,-0.0407242128836781,-0.0023272700191767,-0.0068765402655219,0.0273113459994649,0.0040566534489614,-0.006372677800713,0.0060959472901325,-0.0034452586678332,-0.0204908632158421,-0.0041638858209351,0.0059422248308558,-0.0881322746950269,-0.0081298186673558,-0.0164924875321621,0.0087970044214873,0.0127508636831139,0.010683934950332,-0.0324060193543036,-0.017727831044787,-0.01185446842753,-0.0150225915387262,0.0090993333161728,0.0411682559948929,-0.0124144293507326,-0.0303077101270221,-0.0074003984829952,0.0021022416480476,-0.0082850419095484,-0.0048245895885752,-0.0274064434717457,0.0077238740730836
2022-02-21,-0.0216682098631891,0.0,-0.0342596486687587,-0.0228013948093067,-0.0419468915927435,-0.0140110917754971,-0.0213602242340281,-0.0167508011061848,-0.0117318484665424,-0.0025906902707334,-0.0303630822005123,-0.0277696747902799,0.019965100467467,0.038701016621919,-0.0405760577554873,-0.0192007877246245,-0.0580908825532744,0.0050373615946528,-0.0110684289341754,-0.0266512051023161,-0.0065749887864168,0.0040583772584625,-0.0561079545454545,-0.0287720699582313,-0.0314048816843673,-0.0474429239097541,-0.032942318582639,0.0061804084208627,-0.0422744724202409,-0.0197657393850658,-0.0052464032622869,-0.0228294053547789,-0.0423063861731218,-0.0225986608200995,-0.0117464317796187,-0.0085451864485067,-0.0214644979116418,-0.0457277156532377,-0.0279504247729027,0.0071462249413476,-0.0294652501469844,-0.0199661468649836,-0.0244552171520239,-0.0406845566703469,0.0030217918734016,-0.0445646497788025,-0.0483215818516248,-0.05345816403427,-0.0209476355764566,-0.0125755453271962,-0.0430036630036629,-0.0260556860688504,0.0270441771922402,0.0257598708378306,-0.0306755199473193,0.0365064562115615,-0.0167192541279179,-0.0164549118228404,0.0039457631844956,-0.0327858174199081,-0.0066727386650646,-0.0121462689164052,-0.0085606405832954,0.0354249378651432,0.0052808196148494,-0.0468147318651238,-0.0234814031957223,-0.0019285369904109,0.0039793380524202,-0.0316308229992181,-0.0207409613679286,0.0039894887720974,-0.0183056784803652,0.0008144924907558,-0.018799951736065,0.0012119947745143,-0.0028639459794179,-0.0432834602273886
2022-02-22,0.0179997700275083,0.0,0.0283733083210506,0.0073857322230079,0.0336215920986755,0.0227379568003562,0.0093577166183829,0.0,-0.0038005297708166,0.0017316129198998,0.0615879238427612,0.0440648994640202,-0.0057389712193168,-0.0253776294656988,-0.0168743633644696,-0.002342508156948,0.0705061983471073,0.0086844242664057,0.0016020365615467,-0.0311604547742049,0.0080941787987576,0.0068701409835467,0.0489089541008276,0.0023644712494002,0.0006348046052186,0.0048358630427107,0.0148070069768611,0.0004928293332018,-0.0463226286314316,0.0149365197908886,0.0149078853751949,0.0295098888540725,0.0171139561793141,0.0823450063278188,0.0063438559281914,0.0067015481651375,0.0263238974096924,0.007894648058389,0.0255595784265183,0.0166840576440396,0.0019582429348283,0.006511689437981,0.0091582895723931,0.0194410388570569,0.007736016605196,-0.0166855728575847,0.0823032011274411,0.0083042108642072,0.0182317230074242,0.0885338132529143,0.0122568407801508,0.0212197802197804,-0.0154755950454559,-0.0032540742247255,0.0070199275362319,-0.0288907826155889,-0.0033054062694147,0.0188732174144978,0.039948337279791,0.0037713400603862,0.0608092290084276,-0.0034681014346281,0.00508224170196,0.0135293109091758,-0.0036528901772012,0.023666090134778,0.0219550780890713,0.000526800215491,0.026419536652396,0.0742399898691696,0.046532285380505,0.0145699986516605,0.0165786419723845,0.0173468812031001,0.0157520890549331,-0.010289484781584,0.0003363804721894,0.0471245239542994
2022-02-23,0.0067945643485212,0.0,-0.0027525326557868,0.021400199854586,0.0004858423199485,0.0139023288820074,0.0050554056147618,-0.0119288909524362,-0.0047665629168518,-0.0064758735011642,-0.0078696719281258,-0.0136765013236728,-0.0217244931431169,-0.1249325796156517,-0.0065693173200712,0.022753319357093,-0.0206031363088057,0.0182241125380242,0.0079754601226993,-0.0034134396234615,0.02188090582362,-0.0485765778798453,-0.0631276901004304,-0.0070937745718094,-0.0190608929687123,-0.0087820985702743,-0.0321165957727438,0.0081052881407543,-0.0234261202674649,-0.0117733627667402,-0.0029383775979285,0.0111451283703942,-0.0211655259729537,-0.0234486042164077,-0.0334700738900806,-0.0371115303833967,-0.0064140112464854,-0.0078328107740202,-0.0124612840463805,0.0254420176085832,-0.0146651481278384,-0.0117050872952706,-0.0139814809308301,-0.0069458079717258,-0.0337014872119234,-0.0088723886232066,-0.0210387291193868,-0.0263585773742504,-0.015565331336578,0.0040960714950659,-0.0072684189298198,-0.0063218947391077,0.0002764247078863,0.0142298240789204,-0.0139982010344051,0.0142649567765689,-0.0033163682136999,-0.0602107828755839,-0.0081862129750808,0.0093817441769448,-0.0522905466293133,-0.0066405197953138,0.0252761826365885,0.0002460592079969,-0.0066414349185454,0.0369992540215886,-0.0217384130298475,-0.0610965185912234,0.0211064812904822,-0.0559800187140361,-0.0003071445792284,-0.0261026595162525,-0.0312497573173666,-0.0105271118505634,-0.0142452770363367,0.0016291461770203,-0.0314908838288658,0.0148535277128318
2022-02-24,0.0020280649671193,0.0,0.0248901664244067,-0.0298515313242957,-0.0069143895003388,0.0075398466579708,-0.031859225545793,-0.0224107860944687,-0.0301660203370445,-0.0047781968798893,0.0703675544409516,0.0166384870410509,0.0062473528166031,0.0151946495218895,-0.0017064467739502,-0.0191860941813113,-0.0041876046901171,-0.0071578235890503,-0.036453351882445,0.0029358266585823,0.0,-0.0084387116393401,-0.0352220520673813,-0.0202282782722467,-0.0025869164739543,0.0007796718290393,-0.001498994991994,-0.0004886261166217,0.0210636961002508,0.0096798212956068,-0.0104268267142182,0.0086628951864935,-0.0083231012925176,-0.0240116437472216,-0.0109935751833345,-0.0079117141431132,0.0015401621223285,0.0005229360893379,-0.0031542257204205,-0.0236097360405541,-0.015868032763492,-0.0204882301656493,-0.0169360675512665,-0.0244185759126072,0.010596219152638,-0.0073910651175586,0.0033062876470253,0.0355327886265519,-0.0189775331108512,-0.0221398108659374,-0.0195102545220622,-0.0109103510263309,-0.0157145097804898,-0.0242554122020554,-0.0035349791892353,-0.0012072386026615,-0.0085613839082414,0.0389789400379414,0.0228561041618979,-0.0018611246510391,-0.0003428268336385,-0.034076948494836,-0.0231747569103721,0.0125920573176918,0.0426462402926131,0.0395710877745261,0.0360769256718422,0.0084138888418627,-0.0005050382616986,-0.0226958768116508,0.0067493458783729,0.0361858740237117,-0.0007054390957553,0.0123732316978928,0.0,0.014042919485927,0.0251739820523777,-0.0243935492614175
2022-02-25,0.0242530725439027,0.0,-0.0323809220276321,0.0286989680660727,-0.0078193671527486,-0.0081622987053993,0.016164714163608,0.0029395180299682,0.0049383626011167,0.0061123179188111,0.0009329544972649,0.0011724245740192,0.0386193833526253,0.05644073823117,0.0198699638788553,0.0015743862680079,-0.0464057784594074,-0.008189746138293,0.0016468518058971,0.0292511162726569,0.0121333276319166,0.068084236352484,-0.0039682539682538,0.0109291537812763,-0.0142944158446968,-0.0193349622862,-0.019652666416459,-0.0091239983823013,0.0085921325051758,-0.0066371681415928,0.0098503699179741,-0.0019529278557729,-0.0173341020575975,-0.0180422405876952,0.0485970760387413,0.0368555404423409,0.0279194166685061,0.0194734032090369,-0.0316469514778244,0.001230087269705,0.0100774294579937,0.0148748236820468,0.0204304505742614,-0.0107415195196716,0.0135409689044878,-0.0074460997255018,0.0131815685308991,-0.0179729059557661,-0.0523739835822486,-0.0268203883495146,-0.0091161794920493,0.0151637908382238,0.0184846530333497,0.0182695065978197,0.0320421124907019,0.0386178943678712,0.0062345743280072,0.0073313579653402,-0.0378653748691857,-0.012108768035516,-0.0140542499223522,0.0201131529318889,0.0186756772623792,0.0295778924992407,-0.0278547460470791,-0.0080376153300214,0.0100933860202163,0.0211404156733707,-0.0055461009535897,-0.0569233595004032,0.0070092767909588,-0.0420414139301401,0.0322805779057735,0.0541475968700926,0.0029709339727468,0.0068255174660205,0.0027280103016813,-0.0340890967366867
2022-03-02,-0.0447340760983813,0.0,0.0209153340689383,-0.0077651481878392,-0.0126813536306461,-0.0178358244591948,0.0110751012262602,-0.0082120572539838,-0.0103232667730165,0.0021720243266722,0.0268292166250052,-0.0295842333081775,0.0654058313632783,0.1292801259906524,-0.0125693636201162,0.0289064782227661,-0.0132814526588845,0.0095821206962825,0.0180630630630629,0.0331598742851255,-0.0148079299527879,0.0808767228177642,-0.0262948207171315,0.0023985817082072,-0.0210798042518414,-0.0090275520889755,0.0169491525423728,0.00476322894895,0.0090948487232997,0.0007423904974015,-0.0161044529006877,0.0,0.0073964354759592,-0.0055734687923152,0.0644172163051775,0.0643700469027979,-0.0044773395083158,-0.0160033076074973,0.0130721483652662,0.0085944979717427,-0.006990999267883,-0.0170723549741721,-0.0165943170476545,-0.0180798483956056,-0.0021520294074273,-0.0031629595420421,0.0113838159149108,0.0499154391261618,-0.0119046401505464,-0.0183704327222845,-0.0150633374570924,-0.0316864572211256,0.0316194932238622,0.0197024385949466,-0.0551643843211178,0.0902415181584725,-0.0023797785771237,-0.011986214935044,0.0090368039403474,-0.0150771270320978,-0.0166894180033075,-0.0058212523001255,-0.005942470735893,0.0091877064653138,0.089377586308337,-0.0135164946548135,0.0607053376507302,-0.0012720868389362,0.011410151661118,-0.0254206430525094,0.0090753564154786,-0.0337619278667313,0.0448706491245793,0.0798655485723287,0.0063615902226266,-0.0182299453444768,0.0289132121131141,-0.0310577532530479
2022-03-03,-0.02341446239162,0.0,-0.0163894758916616,0.0171001611218328,-0.0110978903602629,0.0314249827802763,-0.0002936234768282,0.0128522042970784,0.0193333827398376,-0.00086692674469,-0.0207230904120891,-0.0064181352546024,0.0221259509721047,0.0091463757521228,0.0277940257854041,0.0068275535726358,-0.0089910089910089,-0.0104770063365151,0.0016149727888146,0.0247598815116243,0.0307792917868285,0.0501306118834676,-0.0302782324058921,0.02158759883479,0.0026980797817102,-0.0057938272054803,0.0015229295003422,-0.0177216319971431,-0.0416683147895959,-0.0237388724035608,-0.0078386503888894,0.001956749245882,-0.0056521988199126,0.0022418825795191,0.0442808766814033,0.03339580273177,-0.0008987762262901,0.0272833717093285,0.0516138890457509,0.0077146776406036,0.0030213664093445,0.0,0.0008009195289857,0.0165610411287588,0.0021566706260365,-0.019016425235281,0.0128636380438398,0.0,0.0043058387587591,-0.0168483568485156,0.0067932739511555,0.0154260828887426,-0.0079948001299968,-0.0123976931311946,-0.0364980636075578,0.0110123145785965,0.0133731926056983,0.0333619748728548,-0.0044745459352817,-0.0095703058163276,-0.0176823801355768,0.0126793575561534,0.0199373856579658,0.0078911604389824,0.045925072461159,0.020821497213727,0.0164847460155648,-0.0230913427012878,-0.0035086168092083,-0.0228167276329166,0.0041981528127623,-0.0083859898732058,0.0364359822989104,0.0005010957785629,-0.0164263075862308,-0.0073245259279229,0.0330571357456435,-0.0131159436223312
2022-03-04,-0.0176303573842895,0.0,0.0,-0.0113987689051054,-0.0206819776130783,-0.022343910812913,-0.0250142775556824,-0.0192676459524181,-0.0287726632435135,-0.0229740667594781,0.0082792618184881,-0.0278581228492386,0.0496929724812371,0.0002591157188509,-0.0214694215905454,-0.0203571908150933,-0.0135823429541596,-0.0191833341349291,0.0144892324682495,-0.0017908326885361,-0.0111182759911804,0.0179028806931371,-0.0666666666666666,-0.0293463686202624,-0.0328889249921305,-0.0408664418706935,-0.0348032599224314,0.0030493069756873,-0.0346649370559272,-0.0281155015197569,-0.0281120802816728,-0.0105414218192511,-0.0323872256255641,-0.0027923315968834,0.0388677460760691,0.0331824791282042,-0.028509639950199,-0.0362606139599818,-0.049080646027399,0.0209413250860304,-0.0110257555885447,-0.0195844171556469,-0.0151686388544409,-0.0576992149417621,0.0482786495742368,-0.0254422045151263,-0.030163132732382,-0.0031679899787013,-0.0257139618052334,-0.0450474459923279,-0.0244682439971534,-0.0303889522639522,-0.006719666855953,-0.0002972235820686,-0.0076126674786844,-0.0091362126245846,-0.0202706770538585,-0.0025169896803423,-0.0205528428708603,-0.0260860551895701,-0.0422952445876808,-0.0186186340071912,-0.0014652847515647,0.0064084905250032,0.0151697706174622,-0.0354235371435001,-0.0037071463126938,0.0670021337051693,0.0397591381890192,-0.0241941937491664,-0.0301582197067146,-0.0056801397668863,-0.0062789729753003,0.02276781571268,-0.0286944637534315,-0.0030731469326373,0.008317590901631,-0.0383835570656714
2022-03-07,-0.0358935305397791,0.0,-0.0527757277572776,-0.0521746786406057,-0.0524075879273348,-0.0373918144633113,-0.0427768108180479,-0.0309754796942679,-0.0256014372736714,-0.0195245448580725,-0.008211278493972,-0.0448471163100614,0.0360150087156911,-0.0082867695804527,-0.0453579784128767,-0.0538969761767689,-0.0595955249569707,-0.0141645242415113,-0.0301539265419867,-0.0174821936106628,-0.0512626342304819,-0.0020710043853517,-0.104882459312839,-0.044729663565783,-0.060371256982067,-0.0547976613550382,-0.0611236989308222,-0.0088663969445589,-0.0675621197683794,-0.0437842064112586,-0.0141060191993336,-0.0142020127649571,-0.0598870729262797,-0.0420173127587504,-0.0180293932759629,-0.0211265378411714,-0.0114303493182904,-0.0461073574848064,-0.0483867753111681,-0.0224850934923359,-0.0324258940802704,-0.0223588208980548,-0.0214812976862477,-0.0653706880121974,0.007810464667938,-0.089104391827167,-0.0654574874409679,-0.0699537263641696,-0.0298940063892356,-0.0418615271423375,-0.0441208256781584,-0.0299103481433298,-0.0765492725473668,-0.0709876003427831,-0.0533906106167535,-0.0230511316010059,-0.0611177681506742,-0.0365704192350672,0.0196700110552554,-0.0565495547698166,-0.041533448106247,-0.0307466037752269,-0.0298610364391932,-0.0233529742267297,0.053679820049961,-0.0484175894325908,-0.0230212726489059,0.013082075365546,-0.0210549997866571,-0.0418792826942703,-0.0455663799563634,-0.0652745946863594,-0.0328497461708994,0.0304014494987103,-0.0462994972192402,0.0,-0.0136444073513574,-0.0783021217685459
2022-03-08,0.0007423127801515,0.0,0.0117215229322853,0.0130752224719936,0.0115509191928653,-0.0201442572587782,0.007701587523603,0.0086020467271674,0.0128873651964314,-0.0099499124651043,0.0064359147214965,0.0191260536769692,-0.0285936994999905,0.0198437776485755,-0.0232036323926663,0.0187186694097534,0.0390070921985816,0.0123144483368744,0.0081713285143445,0.0050214104606101,-0.0051770966132697,-0.0480276845332904,0.0,0.018982244188175,0.0184593380561823,0.0082878512229633,0.0384057014649599,-0.0025552650344664,0.0182830565654581,0.0204415372035977,0.0004865307794734,-0.0039998380268064,0.0187358821169962,-0.0152041361536285,-0.0261582185922022,-0.0156860844560757,0.0121844756591495,0.0061102212730617,0.0271191528799046,-0.008074812042382,-0.0020935942042082,-0.0024376967315931,-0.0095279149524237,0.0127301328361688,0.0057129267246061,0.0636981682987636,0.0070062411918665,0.0341896292702044,0.0580211104810921,0.0589512520190296,0.0036179654597361,0.0024430489717619,0.0161122619869673,0.0207548945783131,-0.0081037277147487,0.0141570141570142,0.006152275360137,-0.0196293940471067,0.0385879497040613,0.0084105238089269,0.0152923382868535,0.001683516799253,-0.0161431235248862,-0.0070067264573991,-0.0248181681649465,0.0982467683257217,0.0092814162257248,-0.0024103757224307,-0.0111263883220472,0.0231958762886597,0.0145150083379654,-0.0092081365782782,-0.0104532218323004,-0.043875110599832,0.0069380409414367,0.0032894736842106,0.0157641763481179,0.0038838368285769
2022-03-09,0.0364604631258618,0.0,0.0463771092172364,0.0489374812032832,0.0390917420461633,0.0132142826714833,0.0565787304919627,0.0572886255515885,0.0640815359089832,0.0233086864797329,0.0374789370676211,0.0686891542439915,-0.019047852040317,-0.0435229250666491,0.0400440592917563,0.0383422931421908,0.0328635913244523,0.0223077031067933,0.0340904030282789,0.026778705399681,0.0424123559696003,0.0152436698167706,0.1696969696969696,-0.0124310632870462,0.0580168081978365,0.1012830793905372,0.0594814438230808,0.0222955477647166,0.0564054398311952,0.0408653846153845,0.0501682833815362,0.0353570944572434,0.0613078030938836,0.0338458346963688,0.0336667327798714,0.0265546273653805,0.0290210217324513,0.0585318396226415,0.00659993100999,-0.0032507177980922,0.0535212968273615,0.0434163701067615,0.0497683111031463,0.0439234862649215,0.006086589967408,0.04619366094795,0.0608580910872085,0.0297516037931624,0.056550103577281,0.0347069413882776,0.1091052468527331,0.0341833114246827,-0.0002890150834627,0.003079902254599,0.0040522875816992,-0.0644232699532536,0.0427895842684205,0.0253655511294517,0.0198147211954486,0.0020882016606174,0.077251706565508,0.0879380431421232,0.0343600482432306,0.0554540457833832,-0.0398000099005,0.0431342836502035,0.035143681579377,0.0196753268315359,0.0232484523070142,0.0906708059523919,0.0505585272140758,0.045698678349495,0.0039613672376066,-0.0263673416877672,0.0206580775546294,0.0174142612893493,0.034844614656099,0.0696949398706638
2022-03-10,-0.0394810485461835,0.0,-0.0110722229491037,-0.0074441340293778,0.0018104641073144,-0.035510073660489,-0.013021881029599,-0.0092253929166364,-0.0062102393214177,0.0080396042246284,-0.0114498426277136,-0.0243530322305153,0.0211834183762538,-0.0112412285879646,0.0158793019171932,-0.0107656485412956,0.0136438735809838,0.0118992035155176,0.0047156607308198,-0.0251955782721795,-0.024266655263833,-0.0168023920593934,-0.0388601036269429,0.0075488858572079,0.0020532177447787,-0.0248671084249616,0.0045585412667945,0.0012507284708835,-0.1492686372660064,-0.037721324095458,-0.0089992658012667,-0.0027181856656064,-0.0132871229132091,-0.0080416747057687,0.0460840103943949,0.0318949943244495,-0.0210008309681318,-0.0062553264968501,-0.0131150031652247,-0.0065336754683663,-0.0119484240687679,-0.0056086099742308,0.0007986830874282,0.0080182960432051,0.0225793265545959,-0.0294397225017092,0.0393501941125475,-0.0433389060041147,-0.0121639548948457,-0.0069598840019332,-0.0357702106768914,-0.0066084374279399,0.0279722465308163,0.0350159497697166,0.0081369613331596,-0.0122422705101137,-0.0503159562589281,-0.0295163121359315,-0.012753574670538,0.0270528404862315,-0.0129080868419628,-0.0009269024157136,-0.0014863505609051,-0.0253483462350457,0.0077732524502642,-0.0388000202699279,0.0018227398827246,0.02962067604792,0.0036653130592441,-0.0207853965332106,-0.0139219380537319,-0.0377765312204186,0.0124910751193114,0.0330184146356111,-0.005395672324285,-0.0090597707625924,-0.0290787390528868,-0.0201671426564914
2022-03-11,-0.0149494679326749,0.0,-0.0518299237600675,-0.0187411050206434,-0.0038718859877053,-0.0037575958361305,-0.0199485895398846,-0.0087264819028298,-0.0043304015707793,-0.0031041512231283,0.0053473207269905,-0.0155464272851196,-0.0118153311125656,-0.0243630401672739,-0.0244100750033972,-0.0163380593708463,-0.0493191019506807,-0.0009838980003121,0.0015645092156022,-0.023128942993987,-0.000734053509214,-0.0589124939258434,-0.0521114106019766,-0.0287055425166997,-0.0424083119463531,-0.0679535526266661,-0.0271930123852741,-0.0032549955450886,-0.0599132439048832,-0.0415999999999999,-0.0107133524954272,-0.0140085924033354,-0.0644015474576774,-0.0347381606280099,0.0009957445024422,-0.0016732771442736,-0.01532237618087,-0.0509181408488599,-0.0265768739971878,0.0106814937427441,-0.0100919293564945,0.0,-0.0111482720178371,-0.0437361616051171,0.0086744050087692,-0.037486325652789,-0.0662375339981866,-0.0453022562285793,-0.0238078780278268,-0.0280508777053116,-0.1188848020927517,-0.0299442896935933,-0.0235626767200753,-0.0359096884215014,-0.0562407180215664,-0.0352424103713933,-0.0015436052049053,-0.016098720923543,-0.0430524036831259,-0.044576756319368,-0.0245197295950782,0.0021689022303408,-0.0119213371402906,-0.0106427529639416,0.0255044620019324,-0.0467336801162192,0.0347958083896233,0.0041097903802254,-0.0055988419956067,-0.2514294665935614,-0.0018412553593093,-0.0508097866681239,-0.0428527951186562,-0.0052414161998423,-0.0248788408538064,0.0115816250187041,-0.0104029062087185,-0.0490783988149988
2022-03-14,0.0106185936909068,0.0,-0.0354420665236425,-0.009991096687106,0.0014241131018404,0.0,0.0062897352539237,0.0099740049040393,0.0072487258450844,-0.0013344929922519,-0.0097546616320025,-0.019533836884589,-0.0349850480686058,-0.0269145700444446,-0.0122912171341804,0.0055317831203198,-0.0188595763508655,0.0101407340994919,-0.018723386044123,-0.0227474702591343,-0.0131788130297015,-0.0583419875495321,-0.04739336492891,-0.0167100371747211,0.002863812220373,0.0136602171213395,-0.0186412738496072,0.0060281553485279,-0.0030381019096641,-0.0041736227045076,0.0051800751996522,0.0114477397369683,0.0100148054145516,-0.0029983557404004,-0.0446749248698966,-0.035989198584642,0.0021792589773155,-0.0154913772738011,-0.0204790631716013,-0.0012200885938202,0.0081441335872272,0.0084603658536586,0.0140893661325398,0.0623731526741559,-0.0097738587669976,-0.0240699307357246,-0.0625084956405228,-0.0632679688399402,-0.0126140524793136,-0.013111552521324,-0.0344511526889433,-0.017637548952661,-0.0126416739319965,-0.0190796443871206,-0.0127941981390257,-0.0541976107856421,-0.0087562333065799,-0.0022706232032353,-0.011564199364889,-0.020149159398306,-0.0039101577417139,0.0436133226357258,-0.0170847484041897,0.0140997197571228,-0.024870161902703,-0.0200511263780155,0.0252754023723404,-0.0206278974108125,-0.0048966523847638,-0.1166800367386325,-0.0150685203706524,-0.0105466200913594,-0.0522397319766719,-0.0536211088641332,-0.0046382544340946,0.007435457468,-0.0117880582902275,-0.011098618796676
2022-03-15,0.0112650648652798,0.0,0.0168351386050884,0.0017805015139702,0.0298841835353824,0.003019165135206,-0.0113536675889062,-0.0052298200138731,-0.002395873376304,-0.0004454254145115,0.0375989175447948,0.0050870273717025,-0.0087585857188956,-0.0062728906829936,0.001333881989588,0.0015818133460252,0.0143742953776775,-0.0048547279805811,0.0047756116708099,-0.0071303458217722,-0.0103883117604578,-0.0418589463177804,0.0039800995024874,0.0130621349312869,0.0341814028168405,-0.002687322162504,0.015832454745269,-0.0014957761068743,0.0281594403244407,0.0083822296730931,0.0037467887979669,0.0019477784796799,0.00371700503628,-0.0162495149398526,-0.0453720906016912,-0.0295088301109197,0.0291921881108856,-0.0129216482600166,-0.0104518177659373,0.0008143860189728,-0.0090808706012263,0.0051243292268157,-0.0035721228615861,0.0293555764832504,-0.0260540691973666,0.0035852128262816,-0.0018020630514934,-0.0863037324408139,0.0034012560059828,0.0073067392830261,0.0247740311197326,-0.0154648668880743,-0.0186218858404287,-0.0241655239776845,0.0086631090165638,0.0063684519305167,0.0083159117305458,0.0195884042116778,-0.0084523161138648,0.0162289075803705,-0.0067267527189253,-0.0133375386859587,0.0005153072684751,0.0070813782780161,-0.0081111805831866,0.0233083131102205,-0.0274383880952799,-0.0210642617008437,0.0142693793864838,0.0617292075233295,0.0034330405777998,0.015576354202027,-0.0429513616129877,-0.0287117538163195,-0.0018588194573528,0.0145604933437746,-0.0264358556739472,0.0280611272722652
2022-03-16,0.0230097732232659,0.0,-0.0346244131455398,-0.0085934785126837,-0.0028892470488511,0.0225537669589497,0.0133184307970581,0.0169463533686267,0.0144187255244598,0.0151379106224767,0.0232948707816327,0.0316318282642205,0.0234695933900697,-0.0255401113096945,0.0150894957624281,-0.0007826694619147,-0.0141706029452626,0.0,0.0047529136011457,0.0023938509255356,0.0382283597170765,0.0235543009266105,0.1714568880079285,-0.0193499029705928,0.030988527784435,-0.0387937866539863,0.0887821696835364,0.0097527601518585,0.0577328777299064,0.0099750623441396,0.0128307395692495,0.0066200809120999,0.0277795163881411,0.0562677711486943,0.0217693323382512,0.0071494924026276,0.0162949295417955,0.0233373647010204,0.0316902621335812,0.0056960633384648,0.0183428395478071,0.0245886846933558,0.0195220095110353,0.0190035549979088,0.0214809640237514,0.0187672772562959,0.0288850615260112,0.0533860004662924,0.0492429270085661,0.03166793998875,0.0280515923759276,0.0106388114462265,0.0008917238387504,-0.0086813408918106,0.0341486876460079,-0.0231961811422777,0.0092741298509819,0.000895701113639,0.030162074216224,0.0447355726508744,0.0158059994127508,0.0258329270924071,0.012261958215578,0.0128626554237529,-0.0263147338441172,0.0472216094320661,-0.0332825722182434,0.035007024982655,0.0029116891295644,0.0139462233627132,0.0236474826170729,-0.0064558642358492,0.021691361930249,0.0242781954050577,0.0200741059445297,0.0121855326949515,0.0589431922473786,-0.1048066230075374
2022-03-17,0.0108890228632378,0.0,-0.0327714838353134,0.0191286758531046,0.0196526208826615,0.0220648464163821,0.0092534121431036,0.0074613399736551,0.0037897526501766,0.0219292785680123,-0.0101175879979147,0.027801187119345,0.0309690057505214,0.045643311254502,0.010712214426237,0.0636277170112178,0.0432356257046222,0.0328515733214413,0.023608951097287,0.0477315321956817,0.0216707218167071,0.0794969090817712,0.036379018612521,0.0407953572447912,-0.0180302188084289,-0.0487694273817866,0.0328949494296699,0.0165935963863426,0.0286954323276589,0.0411522633744856,0.0195800580803089,0.0150886441533135,-0.0006089824917532,-0.0237370947538765,0.0486509871784788,0.0550605286996623,0.024046933348522,0.0189092723137134,0.0170647144722344,0.0129403660696714,0.0270258595864769,0.0212758149980183,0.021881092200787,0.041043531795911,0.0269880220852232,0.0043892082727032,0.0508642074904703,0.0799236410533619,0.0339801101531633,0.0051105523139898,-0.048921187428381,0.0275679645563271,-0.0263586672980761,-0.0265924911892347,-0.0164773104777091,0.0816030861180905,0.0035803491655634,0.0035700270862644,0.055378945876445,0.0173272740528325,0.0114853036134299,0.0175711943036767,0.0045400878011232,0.0242697897558912,-0.0202694351748856,0.0238685969080247,0.0223425138938664,0.016170201642041,0.0096709924492612,-0.0710949726134585,0.0051656071388821,0.0389964915653386,0.0461186985338422,0.0347851187852679,0.0233366278667161,0.0147602003612603,0.0350188179656125,-0.0359706272084804
2022-03-18,0.0229747956215766,0.0,0.0080752675884661,0.0281526649732553,-0.0063006031665872,0.015101931778338,-0.0020689770243437,-0.002274660815833,-0.0023585528342235,0.0017182350904638,-0.0110694988979264,0.0182957637860885,0.0170418652027639,0.0281615045320149,0.0162243049539261,0.0332311981378956,0.0,0.0151183100987173,0.0369284011057418,0.0369054520769227,-0.0035351771293091,-0.0046499447127974,0.0979591836734692,0.0480447540174409,0.0938751145006739,0.0315506630839905,0.0304708274675427,-0.0036548656760629,0.025846884856429,0.0972332015810277,0.0268868515392461,0.0190550054204141,0.0715177982024068,-0.0213496756506909,0.0325062553243928,0.0227294014799088,0.0037717614995271,0.02619967709408,0.0100660008984414,0.0127750522174188,0.0146223836027421,0.0084221418972814,0.0072682158929311,0.0627356282187121,0.022023864899404,0.0545837786486165,0.0283849918433931,0.0505418363908314,0.0054772346552729,0.028629028993369,0.0969333113646662,0.0390251839111184,0.0088207411071268,0.0199880311190903,0.0882253597243802,0.0343345408599828,0.0178053884044031,0.0115636980944933,0.0657431922540705,0.0200420429028713,0.031501924362195,0.0109363875087085,0.0020130262277837,0.0187215869954537,0.0012555040939046,0.0917112925994296,0.059323497096217,0.0431889719650211,0.0174867457761158,0.0864208905326613,0.0184459063375237,0.0469044887688265,0.0216947850920348,0.0189825577035558,0.0500935062378502,0.0153110587174405,0.0057428445212208,0.1113226998081382
2022-03-21,-0.0049151067780039,0.0,0.0031928962781031,-0.0116942354667065,-0.0084545711519145,-0.0163000123360335,0.0204651473858448,0.0188581019827485,0.0236677516959096,0.0128518580151302,0.0129192595587726,-0.0246089295507369,0.0349330469995137,0.036974943428248,-0.0378893059199965,0.0200076365024819,-0.0184254606365159,0.0089964684350269,0.0014855817171697,-0.004836065965469,0.0177279728079027,0.0257029427413741,0.0111524163568772,-0.0096638582168961,0.0,0.0095790269725233,-0.0040225872066546,0.0085563882160564,0.0086181653622956,-0.0353025936599423,0.0066016281886329,0.0029896057588805,0.0095349123754822,-0.006669218178709,-0.0036064927247442,0.0065940104405164,0.0254165382390934,-0.0303188649453035,-0.0066437908608532,0.0137916333599787,0.0259354446471011,0.0188984457952383,0.0246742155319161,-0.0084397968884044,-0.0253292515246896,-0.0045548467736032,0.0064944759629741,-0.0171829041359025,-0.0031168101834517,-0.0197879524900234,-0.0063086152026362,0.0187797103070297,0.0334708886618997,0.0375694281467573,-0.0231547582096963,0.0100315054989659,0.0045011683883902,-0.0127514342417257,-0.0266012985610215,0.0029507505679022,-0.0189977635233109,0.0224843332891573,-0.003006992553805,0.0075322181503467,0.018154983320934,-0.0037954140927652,-0.0115795790456292,-0.0370431042227025,-0.0011771896860072,-0.0409120094980798,-0.0222656399892556,0.0082183064986478,0.0034215739240051,0.0283062050816349,-0.0178911417172917,0.0060320661676951,-0.0222305261639722,0.0017071002486568
2022-03-22,0.0141060886024606,0.0,0.0319026723667112,0.0346304777821262,0.0407514621789613,0.0540325884310233,0.0200547244933069,0.0123334977799702,0.0124780255765055,0.0186161137440756,-0.010203584885453,0.0288353413654618,-0.0181121997971507,0.0195458897940279,0.0391604947364061,0.0028075166579319,0.0234504018496091,0.0135340554902663,0.0281435422254736,0.0335559834621055,-0.0020873776274865,-0.0132875783089262,0.0242647058823528,0.0328853504306625,0.0292335484842212,0.030295464003329,0.0094341060460578,0.013577544163867,0.0085511253043368,0.0664675130694547,0.0187978602466372,0.0156622717840149,0.0377794259855603,0.0323321091290662,-0.0167853218271678,-0.0147241682588784,0.0200008105698306,0.0301715048850776,0.0401328002038841,0.0011669592825827,0.0149901008767794,0.0163937865870291,0.0137098145943186,0.0255115164269845,0.0197793987534653,0.0357740775095585,-0.0129051398056813,0.0157349864866926,0.010928859136019,0.0189267101892671,0.0390178461771013,0.0428560449694785,-0.0064204442125073,-0.0044012591182401,0.0395271987798677,0.014903551745254,0.0174218685446607,0.0146971751628244,0.0209292720065592,0.0235015294090177,0.0387336133152347,0.0064066243755394,0.0040235824834409,0.0109789815585321,0.0034884680204123,0.034777582175044,-0.0296066438807939,-0.0096984197538994,0.0077778533275916,0.0308086804941516,0.0370452739230968,0.0333327490095711,-0.0095508598895097,-0.022365703440448,0.0433654448387961,0.005623453895035,0.0138252864623493,0.0465855085884796
2022-03-23,-0.013216602968625,0.0,0.0200938076031609,-0.0008349094378844,0.0192777579461924,0.0088914622925853,-0.0051319530333938,-0.005543372319688,-0.0063919245565656,-0.0012469292041985,-0.0326477213484031,0.01362323366383,-0.0120163946077851,0.0295329134384927,-0.0048969123539065,0.0076897233939303,0.027538726333907,-0.0060685500387556,-0.0374528134079097,0.0128137820170322,0.0175183550526072,0.0092318713315155,0.0452261306532664,-0.0011766712141882,0.0289974311859511,0.009168753534211,0.0040161855296534,0.0100424709268756,-0.0110823983513788,0.0147058823529413,0.0077230902556522,-0.0051388734103545,0.0104489899309734,-0.0419604853567119,0.0036813390539751,-0.0016621777606771,0.0046952087679215,0.0138450604122246,-0.0064301654890169,0.0155360705659981,-0.0037021310474775,-0.0059384138998797,-0.0043850817728258,0.0066353520612914,-0.007225210634893,0.0563154934499725,0.0343188819595763,0.0327018332418842,0.0115815772120626,0.0092836314918434,0.0340610480182581,0.0101644953283326,0.0096928990362807,0.013593464534878,-0.0228634307372538,0.0293693951895737,-0.0102703783297516,0.0074633186827666,0.0034177092894063,0.0076539632929151,0.0022649386186286,0.0005519515165786,0.0195387862386864,-0.0058679836439913,0.003675995631085,-0.0128889408012674,0.0177807300758501,-0.0238296221727606,0.0016380231272372,0.0160897003860056,0.0131793066908869,0.0050214173629075,-0.0151656004789965,-0.002174126286724,0.0004173455678473,-0.0065247708099952,-0.0075756072720539,0.0206337599773875
2022-03-24,0.0007025571278023,0.0,0.0575732636776755,0.0100477489768076,0.0250583933467321,0.0088052391172748,0.011455095862765,0.011699846860643,0.014707771905329,0.0145532469952482,0.0435114193325334,0.0195846865465996,-0.0212173095645751,0.0040279683934416,-0.0029957845349856,0.0277335309007842,0.03125,0.0177018082219573,0.0209436984107429,0.0341613339755499,0.0117382232318146,0.0179227678111439,0.059065934065934,0.0200781956941149,0.0346478798162774,0.0592355413247949,0.0253090318505819,0.0208380089348096,0.0118615251288363,0.0420979986197376,0.0149034354062682,0.0147577439778281,0.0445421337248863,0.012880872650111,0.030018207245956,0.0349176006289793,0.0211648232859196,0.0530480623633,0.0485433495960969,0.0210320599320645,0.0111210260644887,-0.0004291786075231,0.0066065931102672,0.042834167667112,0.0191582228393591,0.0573608626875239,0.041080217205746,0.0999990902060683,0.0748085715859636,0.030679014273667,0.0692547812706088,0.0616812397736392,0.0171583502131986,0.0115433107634834,0.015578078078078,-0.0449916105538499,0.0044499709647283,0.0148160603852551,0.0317859592956781,0.0398922321084922,0.0310511992579565,-0.0085725949108721,0.000488950977902,0.0091877887876927,-0.0085478586473202,0.0121260450160771,-0.0019428085726428,0.0093645219155169,0.0231118695317003,-0.0079234906775368,0.007224520414484,0.0520647834783563,0.0062956474437432,0.0053950712202222,0.0145438544357328,0.0015003819990979,0.0116017552569414,0.0228716262996611
2022-03-25,0.0084517691109893,0.0,0.031516443361754,0.0096742822796864,0.0276755134598436,0.0293024306989722,-0.0005666671987486,0.0132166211119952,0.0090580627733034,0.0020509618092543,-0.0008477796942147,0.0154440154440156,-0.0268809564642183,0.0125315107642118,-0.023176590348966,-0.003364131153056,0.1948124460687275,-0.0020994791796455,-0.014661518040304,0.0012242616726252,0.004774918470807,-0.0044988050049205,0.0369649805447471,0.0046194788022828,0.0681000506607361,0.0610239939542791,0.0233642803713645,0.0085823557716238,-0.0104214338951581,0.009933774834437,-0.0050342400319,-0.0072736044614711,0.038477032922763,0.0286093062079575,-0.0097144584548066,-0.0144640409938627,0.0376859770856867,0.0304203569279273,0.0648156535198329,0.0048712067123406,-0.0006190890170973,0.0008518005540165,0.0018249804665699,0.0173769494765194,-0.0612819474549221,-0.002532536741339,0.0242825992150022,-0.0090896759807587,0.0063981002169715,0.0148791260407434,0.0268583317571402,0.0107144785342319,0.0008601050722951,-0.0037023017052745,0.007700363457155,-0.0337040290623406,0.02656897060949,0.0167446056410633,0.0126504759238521,-0.0118765104178005,0.0282277057562962,0.0290041619989465,-0.0014724829744156,-0.0283842794759825,-0.0392130249794935,0.0115182075107251,-0.0131800393373482,-0.0599644191491715,0.0132371121954073,0.1003513207960029,-0.0134862850291112,0.0088162623539982,-0.0312892506796825,-0.0173359115618957,0.0049117628835202,-0.0007490671127369,-0.0075458896146031,0.0904826368452031
2022-03-28,0.0293288111388789,0.0,-0.0041656416564166,0.0013711870131867,0.0008983067866943,-0.0033011046586461,-0.0096308186195825,-0.0043452279323886,-0.0049359580359905,0.0057248293854208,0.0366317514190415,0.0014837163167464,-0.0008912431583241,0.0009905392847346,-0.0008775738738943,-0.0047497920459066,-0.0036110285058836,-0.005706116282409,-0.029759353377013,0.0012227646886824,-0.0142667920445698,-0.0116593701454598,0.0031269543464664,0.0195924895456742,-0.014872339057174,-0.0162037037037036,-0.0037979763235589,0.0013818914639411,-0.0065803382663847,-0.0177049180327868,-0.0006317681995162,0.0073268974151992,-0.0285417148139589,0.0067942781676133,0.0042529633634629,0.0016323816145462,-0.0049296015575676,0.0091998697546529,-0.0115944148618638,-0.0007457835514412,-0.0027810362325526,-0.000422078146731,-0.0007297765546748,-0.0062129040522651,0.000801822878341,-0.023929026566023,0.0,-0.0107038463400424,-0.0141153503373933,0.0293219668410955,-0.0092338247895762,-0.0012237405669999,-0.0262842101188401,-0.0216662033175795,0.0190121041692139,-0.0079239365608686,-0.000954940285625,-0.0004210011679387,0.0168351331893448,0.0018508113824899,0.006576367995972,-0.0151765855206001,0.0063944064833942,-0.0169560776302349,0.0012836733941796,-0.0118443401441219,-0.0026275504962294,0.013215779964343,-0.004277715808055,-0.0663197666710858,0.010180938776533,-0.0215100791221025,0.0057443910124899,0.0011554238088591,-0.0044841792550656,-0.0020603290087884,0.0230421016998654,0.0066766339401855
2022-03-29,0.0346062466399597,0.0,0.0209153340689383,0.0125742683378922,0.0213000471797875,0.0298235352207898,0.0042897344718868,0.0125524088792858,0.0180425589157651,0.0085414008869451,-0.0090413020980336,0.0055546614173878,-0.0213988368225296,0.025715235751812,0.0105538603706432,0.0058262776021418,0.032702310906455,0.0006027689699557,0.0245503313348058,-0.0154605874492242,0.0206790440045132,-0.0087562371042688,0.0374064837905236,0.014689782512786,-0.0291328687307209,0.0313122171945701,-0.0063732754031852,-0.0101075648613238,0.0351214386422282,0.0213618157543391,0.0341760377852411,0.0025471925685758,0.00154633043892,0.0251683155798589,-0.0201907274122998,-0.0170818934946959,-0.0060761012933593,0.0297345604088885,0.0586506013181438,-0.0115632296357558,0.0074279672217816,0.0209189959989479,0.0116570778699491,0.0078200528498075,-0.0108007241048837,0.0211762697225039,0.0073913857996832,0.0819168951697952,-0.0100213513327364,0.0193779054166758,0.0170797161194369,0.0281610704318484,0.0123240836447482,0.0221460235668549,0.0260963465114882,0.0083873885049561,0.0201525688551209,0.0076038567268543,-0.0128180438181119,0.0295142897986562,0.015024569445327,0.0019253928570122,0.0156381251934238,0.0195206428373511,0.0110965937321727,0.0235149333048549,-0.0357855647377245,-0.0139133549706439,-0.0110828330288001,0.0288476329085467,0.0411754125914027,0.0123608289313288,0.0164167169829794,-0.008600791545769,-0.0008164184566876,-0.0046960040185628,0.0104164977081109,0.0037906814648007
2022-03-30,-0.0052465281560883,0.0,0.0136632737010211,-0.0024308510287414,-0.0180017655296922,0.0083648675562637,-0.0059815815462187,-0.0043100893348575,-0.0062104106964414,0.004029732074017,0.0281878684882606,-0.0298360453901872,0.01245262030323,0.0173577252640095,-0.0082684472612041,0.0088754546111418,0.0176293299203169,-0.0157127528065209,0.0119707609543755,0.0016539325842697,-0.0864269491286957,0.0245748980850954,-0.0216346153846153,-0.0122548230216754,-0.0183320445146757,-0.0071955071955072,-0.0371818260794023,0.0023234586341382,-0.0236885219570176,-0.026797385620915,-0.0108117860585855,-0.0090699248794891,-0.0283084492704445,-0.0275411807327357,0.0209380586812493,0.0140780201728665,0.0108428354895313,-0.0381912496829415,-0.030470420273298,-0.0022652136647483,-0.0009183700244024,0.0004203845840904,0.0021656830167469,0.0232568054400887,-0.004454605570051,-0.0054584347569521,-0.023516085949519,-0.018572268552383,-0.0130187497825859,-0.0212434459060479,-0.0190817551082043,-0.0134962594459628,0.0176798617656299,0.0213696599017698,-0.0291159962581851,-0.0063374273299073,-0.0014114622749167,0.008386969184855,-0.0032475542932552,-0.0098586885701162,-0.0065033425565002,0.0101637823006974,-0.0158761745446405,0.0066721928549104,0.0320811492913997,-0.0049586366233571,-0.0125207990021819,0.0082893549752098,0.0002272935569609,-0.016181527526998,0.010507755724463,-0.0128842186383669,0.0077225656257524,0.0142819522209221,-0.0290882452383633,0.0047181605193218,0.0058913802845841,0.0344466581560434
2022-03-31,0.0151570043221473,0.0,-0.0215633852127694,0.0278757740974511,0.008048621568792,0.0025530171688576,-0.0057267939646538,-0.0108261187556342,-0.0093572111189595,0.0265050844407113,0.0209699163419454,-0.0113877197064236,-0.0075027722107491,-0.0082924404450844,-0.0280818994538363,0.0297940913160252,-0.0207724764686788,-0.0095118483714465,0.0059044333975855,-0.0243372758763035,0.013299452181374,-0.0243625169535879,0.0251842751842752,0.0022661688703391,-0.0101805789829695,-0.0217076188792646,0.0159854431712231,0.0009230896597398,-0.0190184129825345,-0.0073875083948959,0.0065988092742672,-0.0040249895053955,-0.0068882428432989,-0.0141645529486366,0.0029305425366445,0.000802373815363,0.0125557636430382,-0.0096851924628208,0.0,0.0,-0.0082991910915012,-0.013378878451466,-0.0125811063455405,-0.004562309903754,-0.0199062870089077,0.00585428564365,0.0045186980609419,-0.0072783557908219,0.0036654888933924,0.0063092858440849,0.0,-0.0148888846279217,0.0037045326500528,0.0139362705959207,0.0,-0.0506393821036909,-0.0056538292663856,-0.004573129964253,0.0070573742653363,-0.0334843581445523,-0.0081173385375373,0.0027161038557101,-0.003911433518268,0.0545896328293735,0.0184046555372676,-0.0267043496931597,0.0228248257507526,-0.0353335695635218,0.0093755612325308,-0.0592092958009912,-0.0043798632398017,-0.0274954052339669,-0.0264793040818277,-0.002816170038252,-0.0134998665103484,0.0082629393574906,0.0210847507396898,-0.0447058337550213
2022-04-01,-0.0006473566271059,0.0,0.0454597205731666,0.0347561760164694,0.0392539707231247,0.0210069317767238,-0.0005767902839269,-0.0065684833165682,-0.0108045533474822,0.0136935062506209,0.0110609664553356,0.0226569620415655,0.0287209344041328,0.0107523288572664,0.0022567002392901,0.0039410694207786,0.0777262180974476,0.0328452354133814,0.0117798934968533,0.0063418627324738,0.0517939532106606,0.0046146214279945,0.0095865787896944,-0.012378814496714,0.0257261985086763,0.037006252032814,0.0222761652432617,0.025673792301998,0.0066882228244828,0.0182679296346415,0.0309360319988747,0.0110246111634517,0.0506707456441091,0.0374759795132382,-0.0055204358833467,-0.0016185880466516,0.0131743076422043,0.0611231496227449,0.0028568276267881,0.0,0.0037208686440677,0.0024455252383701,0.0028289488338939,0.0350124521273256,-0.016170722481402,0.0567224928599168,0.0194757070715774,0.0777130160417365,0.0394181218011184,0.0406376631537888,0.0210166415504027,0.0367629168978036,-0.0002845037715972,-0.01315412699549,0.0,0.0285590489571678,0.0119768447667842,0.0083509456942256,0.02425905284518,0.0037501674181883,0.0201304730107785,0.0002741208295762,0.0137406032924161,0.0746249551994264,0.0116478404165056,0.0711577629682074,0.00090171563961,-0.0170426096021407,0.0024909675193811,0.0233104288075149,0.0112701824188705,0.0339256595726888,-0.0143198481277821,0.0142256517378196,0.0286576612618549,0.0184792445586099,0.0146258514033503,0.0487114070742886
2022-04-04,-0.012997043484038,0.0,0.0131615793895267,0.007631689385579,0.0029871738625513,0.0062317318068447,-0.0092339706073611,-0.0034617348484191,-0.0041468440735746,-0.0042433956389884,0.0304672964076142,-0.0093891999096226,0.0014696870812016,0.0113474816576173,0.0031536724116925,-0.0058883975476555,0.0065738889743196,-0.0068985716778423,-0.0203548644338118,-0.0092449148398477,-0.0402225295708358,0.010702679114847,0.0118694362017803,-0.0318866836860742,-0.0178366617190661,-0.0166579543474473,-0.0128138302493266,-0.014430811536585,0.0126145337020624,-0.0159468438538206,-0.0121221819402835,-0.0047246926497513,-0.0101490988805033,0.0054171768681123,-0.0156617920436237,-0.008181818181818,-0.0056099705855594,0.0073712854478622,0.022792449066108,0.0086979198625514,-0.0064906795424862,-0.0059275807247409,-0.0090792980897378,-0.0029318990617922,-0.00758813666122,0.0113598303003237,-0.0073371540633294,-0.0217682244823085,-0.0309044992694071,-0.0176026764952904,-0.0160133312172671,-0.0059091058429276,-0.0102219760948821,-0.0093850311020837,-0.0037335902685775,-0.0053086414703873,-0.0033473003425006,-0.0037256930721647,-0.0063173520696024,0.0158564248543344,-0.0048117587731723,-0.0184331797235023,-0.017434183766059,0.0054553684160374,-0.0105209706223006,-0.0295226281078027,0.0099099360913477,-0.0016617849992588,0.0074579561795269,-0.0444174609920466,0.0193002947883642,-0.0177690428818685,0.0196084942469574,0.0101082590164796,-0.0029111831757635,-0.0108199561098422,-0.0101758515305367,-0.0031903927430162
2022-04-05,-0.0079009146213198,0.0,-0.0247067133468461,-0.0386345406305917,-0.0041477174045889,-0.0192044090595947,-0.0264833289577317,-0.0265655802482002,-0.027888480141699,-0.0108563487927739,0.0128908487994583,-0.0394206644871891,-0.0155508461928782,0.0144916603172926,-0.0330047880415742,-0.0059348904193912,-0.0293320093190238,-0.0003012029291984,-0.0088931398685362,-0.0076337638376382,0.0021615459893107,-0.0257291536477565,0.0134897360703811,-0.0447098453529322,-0.0334876052927589,-0.0491902044866569,-0.0064974113022691,-0.0032033448975584,-0.0550810092262336,-0.0108035111411208,-0.0142811241140683,-0.0120525961333136,-0.0507755378048266,-0.0239491879475538,-0.0006662364982189,-0.0082340360525512,0.0012838497194436,-0.0123486339812133,-0.0529246832220635,-0.0086229184092465,-0.0261190561553067,-0.0255268400625935,-0.0201518675222057,-0.0044209202814787,-0.0127364201350587,-0.0486592153074835,-0.0207435665991109,-0.0389432318919361,-0.0094214645540274,-0.0156783223700479,-0.048797600038709,0.0210054673704687,-0.001142324280219,-0.0094830979340393,-0.0488394584139264,-0.0127256803818939,-0.0105554189481763,-0.0162421886839547,-0.0190669280062003,-0.0119310843056984,-0.0182176426887172,-0.0226476228261587,-0.0009807980129287,-0.0085295929488699,-0.0088280236413436,-0.0527970388648982,0.0142730079003818,0.0009242859263873,-0.0098691306536277,-0.0393280557073332,-0.0130674279281089,-0.0146156696446951,-0.0242142973457091,-0.0288964170811022,-0.0333612490965616,0.0113103285575588,-0.0111363912241004,-0.0429418668983098
2022-04-06,-0.0079638362112834,0.0,-0.0373297646225301,0.0375621355702673,-0.0086529530236889,0.0025272091356076,0.0050817461655148,-0.0079578909804621,-0.0051770806871237,0.0094067374952437,0.0172175895374646,-0.0090800761583144,0.0053615103187596,0.0154372397382509,-0.0125380719242352,0.0072905713284261,-0.050324611449931,0.0048332527791201,0.0029772904603506,-0.0046991563829046,0.0187466466359051,-0.0279596727639549,-0.089699074074074,0.0,-0.0358205772869821,-0.0017145626001714,-0.0104667985473442,0.0052780844575599,-0.0138799899713069,0.0081911262798635,-0.0061233341325366,-0.0170046678665396,-0.0318705586920514,-0.0153365027719424,-0.0039790861750378,-0.0049752776451378,-0.006146049381588,-0.0185270363171456,-0.0029423656741168,-0.0094547053649955,-0.007662730768182,-0.0034946236559139,-0.0003717493380002,-0.0251970749394008,0.013761867907869,-0.032543477525129,0.0589923303013966,-0.0419685050566652,-0.0124321423229541,-0.0244555464633848,-0.01710032131987,-0.0333825045895742,0.0031585990135212,-0.0009241204683442,0.0237036095577021,-0.0207901246907717,-0.0072736530103831,0.0004213674051922,-0.0226780868191135,-0.0278836353968183,-0.0300501727257772,0.0028265469894643,-0.0009881359930128,-0.0154614539024039,-0.0046540309725759,-0.0647173143955773,0.0125349482610983,0.0215982901875904,-0.0033987545162402,-0.0471548371736196,-0.0248571195772371,-0.016954959471881,-0.0102214508619394,0.015140587987753,-0.0289049241030632,0.014665045690881,-0.0086619600832202,-0.0267266715650256
2022-04-07,0.0073609246894477,0.0,0.0124623838806752,0.031392852945361,0.018210179404279,-0.0012640307412276,0.0184466263635829,0.0034353135847766,0.0042618389306658,0.0093190753992649,0.0029403835136319,0.0211088233727967,-0.0068156800852462,0.0015890916547058,0.06959895114816,-0.0052543670401558,0.0212131256214782,0.0060156293922528,-0.0029684525149957,-0.0085880803608954,0.0077841094620643,0.005596813475543,0.0038143674507309,0.0036864882192657,-0.0158298703572316,0.0076541089497068,0.0039684315743933,0.0025108702308775,-0.006334969455136,0.002708192281652,-0.0135527064754831,-0.0214385386274261,-0.0145052842649399,0.000625581469956,-0.0243177434146033,-0.0267190934703861,-0.004896988566543,0.0103807100204087,-0.0353973967588584,0.0049608961618872,-0.0086837043143719,0.0,-0.0007494965214207,-0.0045553326646605,-0.0165427439342376,-0.0085057471264368,0.0514361728334236,-0.0090638626303672,0.0044456719290117,-0.0058348723759629,-0.0281712008556593,-0.0024111140877951,0.0500837572899863,0.0519096114178945,0.0076975603699795,0.0004253111150807,0.0083038729018982,-0.0135414826791302,-0.0022085400788514,-0.0086038905539538,-0.0148969909223117,0.0352210074175134,0.0014804793690095,0.0294181897618874,-0.0382304464212654,-0.0020166456831527,-0.0045621739484837,-0.0157202543216894,0.0009108828641071,-0.0169218595999278,-0.0105311218673717,-0.0186754617862819,-0.0014752868379123,0.0060072156899508,-0.0039964069002181,-0.0216818463170924,-0.0061182566619781,0.0166750856235671
2022-04-08,-0.0086310786726639,0.0,-0.0328239589054372,0.0530179445350733,-0.0187317542653904,-0.0157733725799336,0.0178161250751258,0.0051442910915935,0.0112932924156072,0.0076874903044543,0.0330138355692577,-0.0019512152724965,-0.0194031285900089,-0.0009066116850547,-0.0296765016625426,0.0046291437833048,-0.0207724764686788,0.0116612644834395,-0.001498911749004,0.0086624743870555,0.0435427902504284,0.0222447579562738,-0.0500316656111462,-0.0073458958799105,-0.0210371590941008,-0.0177115755150437,-0.00132253510662,0.0013642842598249,-0.0127436068742982,0.0405131667792031,-0.0010414090621823,-0.006918157462622,-0.0345429430102107,-0.0155656369727962,0.0034139279617986,0.0068711031937904,0.0077665717145276,0.011675519313733,-0.0030577669169142,0.0132990199100042,0.0,0.0026266096858005,-0.001872283900076,-0.0106847474705066,0.0038813509287909,-0.0033568886783132,-0.035331052902863,-0.0655485064939386,0.003689807792945,0.0082152848705538,-0.013632974757695,-0.0169090002301848,0.0109008729560862,0.0049945921229654,0.007700363457155,0.0008502606048754,0.0324635610001271,-0.0175884818628825,0.0116249031258073,-0.0057933698101061,-0.0072178858954246,-0.0264013497563343,0.023671768469077,-0.0029001909881871,0.0192400017015792,0.0045549948644665,0.0163619381501336,0.0005505921462705,0.0068108434743674,-0.0198678302126579,0.0005609624426596,0.0051280274418765,-0.0361852658595477,-0.0203849850024752,-0.0151662954850821,-0.008862235398326,0.0005846047688415,-0.0183343980169584
2022-04-11,0.0180801794320837,0.0,-0.0410194742292148,-0.0272730897161344,-0.0394738043408794,-0.0461532809170401,0.0063093013662063,0.0017030154965493,-0.0013958972758327,-0.0103029300917398,-0.0355124378918606,-0.0132846244949142,-0.0054809225703565,0.0009074343756632,0.0188025123437149,-0.005930964042805,-0.0565130924759695,0.0011784635781098,-0.0090069711489029,-0.0120251804944567,-0.0444101680655434,-0.0089400340795031,-0.0146666666666667,-0.0086693836693837,-0.0208676026165792,-0.0248962655601658,-0.0065767937386542,0.0011387437216583,-0.0107627515208236,-0.0064892926670993,-0.0081254074393963,-0.0131581810033112,0.0,-0.0354258264126363,-0.0037414673011908,-0.0085302666498168,0.0097663232970814,-0.0341638484367451,-0.0245403230136995,-0.0022507794084101,-0.0087597715806397,-0.0048075561471578,-0.0037515918451637,-0.0061745422139236,-0.0073079352632383,0.0007484878522445,-0.0070432797396414,-0.0081569845515975,-0.00808596753241,0.0075610758750292,-0.0216139365799231,-0.0065511555984819,-0.0132088429112056,-0.0075946487474954,-0.0114317153686269,-0.0097526994078719,0.0140762463343107,-0.0091689955229877,-0.0010910948091744,0.0009711880867595,-0.001211727090446,-0.0058719403806534,0.0033675063646492,-0.0061956110480513,0.0107858978410317,-0.0246888197377194,-0.0087995588890651,-0.0056877057095097,-0.003380577048232,-0.0040483496852082,-0.0078370142181523,-0.0021889758350855,-0.0076646811492642,-0.0120856743660633,-0.0108708517888624,-0.0016779518044821,-0.0465718436217933,-0.0388164298228538
2022-04-12,-0.0098633592600378,0.0,-0.0103277717788845,0.0124628558881649,0.013923627801631,-0.0356138634455238,-0.0019934569598173,-0.0068093818149451,-0.0088559347786451,-0.0084860006913239,-0.0294509460051937,-0.0178233375843398,-0.0104047202661116,0.0020398762913733,-0.017567195564017,-0.0145714385792847,0.0449235903741436,-0.0011770764364009,-0.0136125002593845,0.0143411530589574,-0.0091606573872212,0.0086320599180365,0.0115020297699595,0.0162101732811625,-0.0058018010978492,0.0202707930367505,0.0106045174045892,0.002953303678427,-0.0166800087329889,0.0111038536903984,-0.00210206962343,-0.0007848497541833,-0.0099767016946857,-0.0150841148317281,0.0010212848736361,0.0043018290739915,-0.0002572304451902,0.0028685763286306,-0.0283020089892879,-0.0052585852119436,-0.0098299681190223,-0.0166836230141509,-0.0176942742641301,-0.021734489090055,-0.0060616366967645,-0.0205579138872044,-0.0212797182271792,-0.0180911542784906,0.0059245928512883,0.0,0.0008829209969649,0.0008249083026039,0.0010883245724437,-0.0029447290232139,-0.0038340238698905,0.0171280766624057,-0.0087912087912086,-0.0004433544005283,0.0115038694833717,-0.0193818148216595,0.0050264125391197,-0.0132160238210132,-0.0158380584885292,-0.0159782039689717,-0.0125171063187201,-0.001549707435747,0.0047627030816594,-0.0127332266835968,0.0076946797511292,-0.0230724721539129,0.0098736476900223,0.0321207096094384,0.0061791057951186,-0.0067027859817737,-0.0041190104297877,-0.010080065038571,-0.0055286175442356,-0.0362987223405241
2022-04-13,-0.0146154630069977,0.0,-0.0342806863176418,0.027218418191492,0.0253595821615104,0.0041777834582141,0.0048566757142052,0.0097150026886541,0.0103454015084489,0.0089479219322863,0.0326206878578068,0.0229856137733965,-0.0015469648026178,0.0198951249647334,-0.0031670233982984,0.0342776573182148,-0.0179029207816768,0.019205273624512,0.0076785526454192,-0.0094224881519899,0.0234518797469693,0.0229366367383156,-0.0280936454849498,-0.0220731750594413,0.0032420324596218,0.011185258208842,0.0078699312307326,-0.0038518866548935,0.0250743794313119,-0.0058139534883721,0.0048438329363966,-0.0031374521770212,0.0035543751037507,0.0033338475514645,0.0116005398110661,0.007694260240505,0.0025457231246102,0.0109630594773968,0.0129452264789784,0.0,0.0009885190572354,0.0022284606257054,0.0026846581750186,0.0,-0.0030465425605307,0.017940065630611,-0.0159444194531914,0.010050710736668,-0.0036843829986981,0.0392629722995323,0.0017642842703029,-0.0032969135590475,0.0245679167560293,0.0212664361697425,0.0038487801849897,0.0248440656379285,-0.0256797759365153,-0.0123439313722713,0.0043366878044295,-0.0039459115644655,-0.0058628925330718,-0.0005724163551862,0.008774528652744,0.0053440375291684,-0.007896969045315,-0.0015521127564267,0.0032333988102912,0.0054195955822469,-0.0085359619247855,-0.004160805508255,0.0189946722260829,0.0403092861147604,-0.0038426108698513,0.0003211177320605,0.0147101605089738,0.0071652671403525,0.0058691413813189,-0.0127354497036801
2022-04-14,-0.0087735174220681,0.0,-0.023142664504255,0.0,-0.0006478274271324,0.005552506184919,0.0008496176720476,0.0028225520130653,-0.0023236054032496,0.008482726450788,0.0029444921171739,-0.0106416619087353,0.0086711729455204,-0.0157391685903427,-0.0093115764012247,0.0045479539934931,-0.0073173862809705,0.0179761883254141,0.0167432150313151,0.0021592785469324,0.0104184969664395,-0.0330656805172718,-0.0116999311768754,-0.005025946220561,-0.0097044595467987,-0.0059619783268964,-0.0182197844212754,0.002049271979865,-0.0143892683349456,0.0110461338531513,-0.0069140609875492,0.0192912096181598,-0.012980062856976,0.0278719751262055,-0.007753509890661,0.0025504179851698,-0.0165006536855486,-0.0419620202182932,-0.0287541144867768,0.0030237095604381,0.0010016506073387,0.007132544036962,0.0064949110530407,-0.0190528153644696,-0.0043678759058222,0.0026205211643832,0.0147297846403902,-0.0033168997126681,-0.0022134710604215,0.0272218054864241,-0.0229044744904509,-0.0066107159557973,0.004973328809938,-0.0107191715586957,0.0230659823140189,0.0230072836508785,-0.0023955108127369,-0.0062491041995127,-0.0075550039748126,0.0396863876636353,-0.0081521916210328,-0.0048474641845223,-0.011116457230696,-0.0098375245036138,0.0079598275571397,0.0103673138141313,0.0002141931972241,-0.003345318973008,0.0036238856914612,-0.0404585600856454,-0.0405700232933695,0.0210749851188081,-0.0046236360273719,-0.014024706014179,0.0280900977263662,0.0058041256476386,-0.0082920460632029,-0.0709272481784676
2022-04-18,0.0006868788745619,0.0,-0.0221239763463726,-0.0214302805106336,0.0039992681077971,0.0020726700261852,0.0369350033635518,0.0191800463790694,0.0177283392717477,0.023698035632709,0.0043953831700442,0.0059751317325662,-0.0205777601899487,0.0069826717320513,0.0050428944067981,0.0077660824048626,0.0,0.0139554419716276,0.0044762022093549,-0.0008637281134112,-0.002056076678362,-0.0271257665271819,-0.0020891364902506,0.0479238470375842,0.002610578777181,0.0017351942663146,-0.0265262716434007,0.000904867211751,-0.0131416055613752,-0.0424164524421594,0.0073827148116585,-0.0112001876107423,-0.0095722552469957,0.0251716056974753,0.0023770341927227,0.0025439299005982,-0.0020661030165717,0.0310041671702656,0.0098690283232814,-0.0082901343327662,0.0059334216534656,0.003096596610947,0.0056979229589704,0.0161746056466505,-0.0210622303278322,-0.0115921660616967,0.0014515967564321,-0.0199676288985651,0.0111097252414382,-0.003787723680439,0.0063086152026361,0.0083196242047054,-0.0181285373631741,-0.0175833216636324,0.003747582205029,-0.0024094834694952,0.0148938341567663,-0.0080864607071085,-0.0190168846885265,0.0047657502928832,0.0022732548717296,0.0111752710917996,-0.0053837501737713,-0.0013967667885295,0.0374060666881712,-0.0179538088207843,0.0,-0.0281675571721402,0.0094828740235823,-0.0319681403313033,-0.0251430083604887,-0.0086577699349288,-0.0054148749800922,-0.0165063334684802,-0.0008790276135914,-0.0052104208416833,-0.0117707422622644,0.0011521340665094
2022-04-19,-0.004083689570083,0.0,0.0210030331355755,-0.0440293183596446,0.0082882061963032,0.0013736589062833,-0.0353413654618475,-0.0180982900415983,-0.012970711297071,-0.0283761923355833,-0.0211541673626189,0.0261370706887953,-0.0238330675172779,-0.0324312229017991,-0.0011387441075921,-0.0584134887405227,0.0551340632813175,-0.0120772242221276,-0.0089329517579722,-0.0203010627401972,-0.0427028024354743,0.004446817158769,0.0111653872993719,-0.0012007308796658,0.000650945350179,0.0265476728422955,0.0177095994953302,-0.0122391230317674,0.0392075356853895,-0.002013422818792,-0.0058634407145601,-0.013672398269539,0.0156965401919018,-0.0018887348718821,0.0264502006566944,0.0312485315539683,-0.0201746749071713,0.0124109950712802,-0.0195451648609666,-0.0132888318356868,-0.0108301225919439,-0.0127911962269544,-0.0177477201716441,0.0621141130621358,0.0067249801204134,-0.0068077314551975,-0.0028989853551257,0.0084893577189206,0.0138248847926267,0.0358290345342569,-0.0080602278133834,-0.0107277471730936,0.0172855220037453,0.030272523987278,0.0112609900036131,-0.007245909307183,-0.0023660238968412,0.019023846452113,-0.0027727192621747,0.0256401548597431,0.01814697630514,-0.0045307711734394,-0.0245803738199005,-0.0384344060911235,0.0024068913098556,0.0287248074740946,0.0019348840959076,0.0074854786926696,-0.0127484642347694,0.0255162477989434,0.0553928221962689,-0.024173745818069,0.0194555644515612,-0.0319083816888299,-0.007942479218494,-0.0102922862793933,-0.0169219418218584,0.0138685463200292
2022-04-20,0.0054614297429813,0.0,-0.0221404282351183,0.0394070882206027,0.0083272331509087,0.0103198442168666,-0.0014250944725548,-0.0030955644982973,-0.0035815937226947,0.0284356108230998,0.0044707227384028,0.013124849485671,-0.0189524935055032,0.0122519825234557,-0.0169510043060349,0.0040861455629264,-0.073170731707317,0.0034135134975521,0.0135305158509166,0.0022059705071333,0.016543172862772,-0.0410279640031405,-0.0048309178743961,0.01324134085999,-0.0019515656879268,0.0117016983969773,0.0227533865505564,0.0121609364290435,-0.0099642145413246,-0.0121049092131808,0.0063207012001824,0.0079217355681029,-0.0011857513841933,0.0,-0.0403046237154892,-0.0376834047206779,-0.0021130099245533,0.0070733819324177,-0.0265768739971878,-0.0003850917455063,0.0010056372340727,0.0008903365906622,0.0065323737623179,-0.0075034528251323,-0.0120229739793731,-0.0102893162085053,-0.0290574297792703,-0.0555562703210379,0.0063966626108116,0.0005224833169092,0.0108437020944427,0.0,0.0118144491504095,0.0047386398028448,0.0,0.0421721735951747,0.0,-0.00222597445837,0.046112701610528,0.042802114720263,-0.0032556652223273,-0.0025634714780666,0.0045397406420768,-0.019264337574945,0.0135852394793378,-0.0030459126539754,-0.0008574496279775,-0.0095255754585988,0.0097401772327441,-0.03073489010989,-0.01888389425737,-0.0055050204809564,-0.0633611700131766,-0.0260032066481494,-0.0004403642791176,-0.0022667554864735,0.001594846456939,-0.0233656010370379
2022-04-22,0.0013622796057197,0.0,-0.0712115711638038,-0.0495249289275148,-0.0321875196058472,-0.0224655097072227,-0.0207575004409666,-0.014931464312647,-0.0143605060038028,-0.0138274830296533,-0.0311557703578496,-0.0373363668777696,-0.0376546739426103,-0.007536861344352,-0.0263348634935975,-0.0067865179298127,-0.0526315789473684,-0.0107707248168094,-0.0207777936058934,-0.0246381319233436,-0.0021171935072733,-0.0767617476082809,-0.0471567267683772,-0.0411823371621156,-0.0254594653314766,-0.0404278462654097,-0.0235628021108958,-0.0070272330624625,-0.0151003564059275,-0.0367597004765145,-0.0075383063680449,-0.0106118373676282,-0.0261861779365016,-0.0151384715341509,-0.0268508281274679,-0.0263743548463469,0.0,-0.0538400395926752,-0.0068269401425837,-0.0092457623589189,-0.0149137577292601,-0.0191939134899798,-0.0194816195155006,-0.0347477516771553,-0.0022556863282564,-0.0369489655746576,-0.0643801197769671,-0.0106937406101366,-0.0298196828906006,-0.0471443680592279,-0.0357455201801232,-0.0187622945933594,-0.0498258830218178,-0.0389954644427805,-0.0148276067409038,-0.0474729917221382,-0.0142357405431043,0.0022309404748852,-0.0286790625387136,-0.0321334448195933,-0.0388597020067177,-0.0186547616336012,-0.007028463982364,-0.0200683562262203,-0.0130121110109887,-0.0376791571191086,-0.0120145967031585,-0.0080781739103934,-0.004932767670957,-0.0710041066108382,-0.0147174930268711,-0.0179985424292299,-0.0268875307445777,-0.0579639342144703,-0.0142385990246529,-0.0009504910097459,-0.003500300075279,-0.0495859582392329
2022-04-25,0.0250769030804558,0.0,0.04529932112734,0.0220276259080456,0.0067828406171366,-0.0167154933624963,0.0078436509820938,-0.0050435910368181,-0.0062366216537618,-0.0007528628600864,0.0099506413122572,-0.0059349536138841,-0.0183728093958027,-0.0020717924346159,0.0243176178660051,0.0287174172400912,0.0357342266890006,0.0123159303882196,0.0227357745542209,-0.0072165858827686,0.0,-0.0263525912585527,0.0160116448326055,0.002564516418285,0.0219089794387978,0.0,0.0120657028234048,0.0150727502154124,0.0240856182195101,0.012720848056537,0.0145563082440269,0.0230364949162531,0.0220039292730844,0.0012781818481684,-0.0201592818325805,-0.0183510034691826,-0.0066135984645879,0.0133620757976826,-0.017182015060582,0.0062213628147462,-0.0030307818268,0.0031853943768942,-0.0038903319591068,0.0094031071136548,0.000904314380888,-0.0007996412420372,0.0256037669910056,-0.0198207165436888,0.0082515154482256,-0.0302328162721647,0.0194615978386722,0.0021211860416847,-0.0068960874800858,-0.0147230033493938,0.0187983558994195,0.0089891042400584,0.0014435308765237,0.0186639396894099,-0.0087481810856092,0.0056864782109464,-0.0098388860015412,-0.0091371893665088,0.0106107897039426,0.0068966424933205,-0.0063908587178088,-0.0074060240331024,-0.0195452600260841,0.0034915235639434,0.0146512602613018,0.0650417779010503,-0.0051729952323053,-0.0063373998315586,0.0192628051699377,-0.0170293931509738,0.0009062581470125,0.0174499821323321,-0.0031958002033057,0.0251658850095535
2022-04-26,-0.0244634358701257,0.0,-0.0116507911516964,-0.0173954766396361,-0.0234702794331179,-0.0361181694931765,-0.022478573459523,-0.0380729958722572,-0.0429375526304125,-0.011380759774764,-0.0053039115262417,-0.0505575614559583,-0.0183699733794051,0.0223657546240831,-0.0184108527131782,0.0033152148446651,-0.0153189577717879,0.0183960739369359,-0.0103633260180444,-0.0163565834012798,0.0,-0.0629948292532545,-0.0616045845272207,-0.0166535489410417,-0.0374641769879913,-0.0197997354997165,-0.0344342727218333,-0.0359979080339541,-0.0306435576283431,-0.0293091416608513,0.0068581308231678,0.0100913106482531,-0.0317037825688344,-0.0121560520832474,-0.0389890047122661,-0.0356210985236318,-0.0207710434297876,0.0180660701995869,-0.0174823978843255,0.0104284162593475,-0.0425167127708622,-0.0304003645691689,-0.0340253231179611,-0.0263690818784505,-0.0297811020380155,-0.0216021845513287,-0.0296454384045625,-0.0477943168613694,-0.0059503840381388,-0.0379855497532011,-0.025459742373908,-0.01653953018439,-0.0015062849740542,-0.001663364176771,-0.011035301097597,0.0246954631717248,-0.0124925675229279,-0.0248682115525589,-0.0182005333832406,-0.0396237699124666,-0.0390248868778281,-0.045494296132614,-0.0025004684340089,-0.0121956001725421,0.0705666832329723,-0.0165277108150376,0.0004442677765565,-0.0202901593383282,0.009999180978766,-0.0366385624532047,-0.0649706883950923,-0.0567374101021289,-0.0410850820010896,-0.0136563695446506,-0.0297554078190117,0.0,-0.0394085229138,-0.0065877313669542
2022-04-27,-0.0047484944326502,0.0,-0.0303663878932696,0.016183919201723,0.0038942654451896,-0.0073443948454475,0.004421248587195,0.0,0.0060201350362596,0.0003839167530959,0.0213374990182133,-0.0004204664374346,0.0356614763863196,0.0227159139983212,0.0118460019743336,0.0178873749226475,0.0116793649345317,0.0166729187707399,0.0104718492053714,-0.0036924468111827,0.0134690086134099,0.0458144838673495,0.0236641221374045,0.0234660651592599,0.0155668881677226,0.0175398018580625,-0.0054841208365608,-0.0013980352388345,-0.0088254610122715,-0.0122214234363766,0.0066097186031552,0.0134517327802263,-0.0074117060159026,0.0045354120638625,0.0601013973337136,0.0507731561552819,0.0070705437138143,0.0095922892948412,-0.0071166552453266,-0.0015297711028304,-0.0063349233338849,-0.0145017624985785,-0.0080985697480032,0.0414021106099748,-0.0051158733526651,0.0028628274566153,-0.0128636380438397,-0.0154426239182574,-0.0142100962734023,0.024159726353361,-0.0037293501801547,0.0120764757854074,0.0030171145824691,0.0,0.0074389585458036,0.0110647660807141,-0.0136237296176232,-0.008949306416782,-0.0073031833778115,0.0461724844600943,0.0095891475240788,-0.0040492619299844,0.0055187066017203,0.0006484054518987,0.0238484666914973,-0.0119210603406529,0.0456042215262522,-0.0019732671410841,0.0063780052250987,-0.0412083734603883,0.0061765351533655,0.0120282557249871,0.0111374500431,0.0534616340022158,0.0,-0.0117865467333841,0.0550372659516451,0.0102473136619478
2022-04-28,0.0020460224453016,0.0,-0.0052161412876066,0.0119476131635654,-0.0026593819617768,0.0051757199341579,-0.0017623696839318,-0.0092409613611127,-0.0092431481941798,-0.007285891032397,-0.0097751042449928,0.0121659391095447,0.0214797687861272,0.0321107555374209,-0.0060975609756097,-0.0019614815494558,-0.0154227733934609,-0.0038259803365046,0.0103633260180444,-0.0102006857603873,0.009103028788068,0.0223792023566087,-0.005965697240865,0.0216483301636956,0.0202179029378348,0.0414077890589481,0.0013708019191227,-0.0072465282276095,0.065283909440817,0.0080058224163026,-0.015797069662532,-0.0128937079216996,0.0136930098979435,-0.0193461643801509,0.0290590431764792,0.0316482513607769,0.0302451213402021,0.0095011515010094,0.0035838325231878,-0.0053572260438826,-0.0053152825731419,-0.0085537145582376,-0.0081646920762536,0.0275202354672554,-0.0074822274881516,-0.0057037992262672,0.0325781688822317,0.0156848389879671,-0.0075858589498721,0.0327962883633803,0.0056149654426171,0.0098006872154579,0.0072343337569653,0.0066554377020076,-0.0036920145298636,0.0269638733414223,0.0157850276546285,-0.0058703025500785,-0.0153379018998356,0.0337990670894705,0.016759789564017,-0.005942529538109,0.0154538895616995,0.0026051653684919,0.0080718718201517,-0.0087794134553133,0.0023296534081735,0.0075105568279416,-0.0144268497757847,0.0148727708465494,0.0168820307360724,0.0230321571109586,0.0406781302978929,0.0247055948172296,0.0116139341642698,0.010999358409224,-0.0158104401284684,0.0035792189198862
2022-04-29,-0.0129200987036457,0.0,-0.0297268842509444,-0.0044270887098913,-0.0056689433831416,-0.0206131613600296,-0.0232330683730221,-0.0073230500360927,-0.013176356895286,-0.0177656480797636,0.0154632058539279,-0.0431010200359252,-0.0223635664003261,0.0273330927628903,-0.0130061349693252,-0.0436741449062154,-0.0429624879769156,-0.0082340874123881,-0.0439845541209122,-0.0163935261364157,-0.05271143405652,-0.0186304128902317,-0.0052513128282071,-0.0224421982916093,-0.0334695582137637,-0.0480192076830733,-0.0482079522120589,-0.0136516903596248,-0.0104479698092109,-0.0093862815884475,-0.007084393699704,-0.014979979180075,-0.0386724678741272,-0.0519389292303525,-0.0368467506428974,-0.0323676228990269,-0.0191350269505227,-0.0122357505012387,-0.010714942444191,-0.0315671152465107,-0.0149805891756108,-0.0383117386919077,-0.017691039309225,-0.0237958832917298,-0.0230814685711214,-0.0262438824318408,-0.0315503173164096,-0.0579156356830625,-0.0512282804074295,0.0111426683351376,-0.0391046830620691,0.040083836789674,0.0002986434122995,0.0006602391331875,-0.0074711613173151,0.0159806996748976,-0.0116547994099758,-0.0494996573661419,-0.0581144493875311,-0.0308829379619354,-0.0286070764269709,-0.0009460777023119,-0.0266247977923684,0.0021631317927615,-0.0373008650537128,-0.0066413546410128,-0.0196445252779546,-0.026872410991382,-0.0246159205465623,-0.0521079316571745,-0.0350142059307323,-0.0508360974100744,-0.0292578939529341,-0.0108086590208211,-0.0246103104247884,0.0152717411154534,-0.0330847338935573,-0.0343523521772191
2022-05-02,-0.0034417499229787,0.0,-0.030616369864471,-0.03483356441158,-0.0117323298677003,-0.0375950218054574,-0.0072214113573877,-0.0087166189851979,-0.0005555607868246,-0.018874131337637,0.005336505778382,-0.0004294807143857,-0.012027968789794,-0.0510482829905429,0.0298359025360517,-0.2505888856840689,-0.0040679588418283,-0.0215059323738112,-0.0196486799200589,-0.0352394615675448,-0.0395297399187177,-0.0008765178724131,-0.0316742081447963,-0.0153049420725739,0.002119276154028,-0.0235010890748594,-0.0318378687586826,-0.0016729973112543,-0.0274444719093188,-0.0255102040816327,-0.0050374064837905,-0.0036002297832405,0.0070204614348265,0.0020799671490168,-0.0203811495579276,-0.0255326095828911,-0.0098876475916538,-0.0276031174327981,-0.0397105538547899,0.0023858653598143,-0.0065068546081205,0.0118432941783914,-0.0042925879179667,0.0503028651673618,0.0106067086210057,0.0063180183051774,-0.0390750795731137,-0.0163919756055545,-0.0185339342270191,-0.0672177764181575,-0.005810844892812,-0.0206878554894579,-0.0179431104874644,-0.0099060909805764,0.0037938094664577,-0.0580518584097354,-0.0088441766624289,-0.0238886559563132,-0.0335934365982115,-0.0234304109233892,-0.022706345121335,-0.006297994814389,-0.0156806006334806,0.0067386154251118,0.0124028902048134,-0.0167143928128109,-0.041802626091572,0.0294280689027437,-0.009777803693189,-0.02062611053104,-0.0078222114422581,-0.037489362472614,-0.0097237272369846,-0.0044420219350304,-0.0146788277666934,-0.0182752712735579,-0.0385405086347687,-0.0210937826650499
2022-05-03,-0.0158990937516561,0.0,-0.0241648742373028,-0.0056293931673777,-0.0098898183151064,-0.0195318097148587,0.0206166180882618,0.0052315592363081,0.0066327491991708,0.0068135552628425,0.0151469046894545,-0.0190645849626819,0.0076690531150769,-0.0070658631811237,0.0004828585224527,-0.0343505941594367,-0.0082172032676598,0.0062124931004918,-0.0151713482543291,-0.0231968863239834,-0.0548717541491303,0.0444349345601082,-0.028816199376947,-0.0013012596916737,0.0126887659251198,0.0089222822258745,-0.0224184209193578,-0.0031079267093597,0.0253215113028197,0.0089753178758416,-0.0084409689151782,-0.0092333421353754,0.0158557616932322,0.0034653553548202,0.0080321980852073,0.0207736509691578,-0.0143038738588359,0.0059117114666276,-0.011278886783359,0.0138790607912513,-0.0021935283136278,0.0059161218306489,0.0050510575048419,-0.0580511264991717,0.0124058377567921,-0.0158995011255782,-0.0169514642557917,-0.0416662875858618,-0.0032854329557199,-0.047248496232195,0.0126637510274074,0.0024820875194915,0.006703401102033,0.0090010315583834,0.0223768672385864,0.027037360064039,-0.0064444568376306,-0.0151753255597112,0.008844284356128,-0.0019136533079655,0.0190398650950303,0.0095089471493965,0.0041117114253934,-0.0033467552162318,0.066916014231056,-0.0011311510242854,0.0033737266094442,0.003720717905761,0.013775513959531,-0.0087720938932011,-0.0138697903403786,-0.0174948503061598,0.009819206522897,-0.0050656228413538,-0.0086518612020564,-0.0069075135241603,-0.0183120659264504,0.0012671293824524
2022-05-04,0.0070278421024285,0.0,0.026652571916961,0.023166726345553,0.0156134958731912,0.0079647068494652,0.0291193836104015,0.0114552926716853,0.014385459174123,0.019903899903662,0.0052289758534556,0.0207589977803916,0.0072502107619407,0.0468307392765134,0.0043436293436294,0.0182678734534584,0.0289258200494211,0.0231500933706816,0.0068418529655291,0.0096013278081275,0.0241856110617662,0.0262915286645952,0.0425020048115476,0.0363198754953943,0.0320340615337828,0.042355131487084,0.0152998670327584,0.0309360138255765,0.02399501402306,0.0415122312824314,0.0059598203628132,0.0222812519433905,0.0368240184377313,0.0144793728860204,-0.0076015787453671,0.0,0.0290228874386129,0.0137094593188957,0.0380225606007806,-0.0152541387095579,-0.0032897301174011,-0.0019578002885178,-0.0012548176032983,0.0169484343883734,0.048071755305808,0.0314621207331582,0.0361920995778248,0.0760856408467252,0.036249107465986,0.0520715984478656,0.0298405763700311,0.0243803992025792,0.0471851242289951,0.0601652055116757,0.0182490318037789,0.0580721714245831,0.0189598288625973,0.0059679263849365,0.0150381927622889,0.0096087775684363,0.0428992750152914,0.0238638003174143,0.0066533467850948,0.0136418489952254,-0.0115529893422793,0.0062377606626915,0.0349619464489925,0.0136553508663477,0.0226532634857707,0.019473167786248,0.0287735849056602,0.0412705706654412,0.0176829911489149,-0.008362261822109,0.0256913588434246,0.0141002283157676,0.0186536528471565,0.0443005126090449
2022-05-05,-0.0425412444182998,0.0,-0.0426543399202559,-0.0161014417985825,-0.0388872567421262,-0.041892075574283,-0.0259842775996484,-0.0299799690517101,-0.032736365230068,-0.0230313985015013,-0.0141060897223511,-0.0428384770041513,-0.0039540065342122,-0.0267534329224865,-0.0362806343104276,-0.0330587947484302,-0.0562252778300998,-0.0099585346238741,-0.0033976800554016,-0.0415457727502844,-0.0338571880603312,-0.0591542735469274,-0.0584615384615384,-0.0400412111898857,-0.0364323952654584,-0.043164396814765,-0.0572327578875754,-0.0309352966868409,-0.0013763625297404,-0.0405693950177936,-0.020518017829373,-0.0368604924002119,-0.0421450615752547,-0.0367100127763097,0.0233488415049467,0.0362869475308136,-0.0505569972783087,-0.0628027007059596,-0.0183149008720842,-0.0428899722944094,-0.0252627956451008,-0.0201167454234999,-0.0230702170484993,-0.0591017040956627,0.0116860769879436,-0.0572937852792529,0.0083207406415577,-0.1070712551196627,-0.0349810747288638,-0.0019259369422962,-0.0719630260277304,-0.050017298710285,-0.0066471050487718,-0.001868935560126,-0.0072033654123205,-0.0285419003012511,-0.0142001113974258,-0.0439757411686327,-0.0314810819292705,-0.0095173276836778,-0.0265084781210146,-0.0193216681295141,-0.0218587467739188,-0.0311222112945804,-0.0167000803964869,-0.0180376795373996,-0.038111785086516,0.0269210077517689,-0.0126270425315143,-0.04166358184645,-0.1112494436021781,-0.0279769785230949,-0.0364946996466432,-0.0180912323647219,-0.052927636683391,-0.0321883727065158,-0.0269521069045,-0.0569701260858909
2022-05-06,-0.0145684390825141,0.0,-0.029085333760498,-0.011250321963425,-0.0331683735779474,-0.0288843491090682,0.0032584448027805,0.0199160297125633,0.0208712905287458,0.0,-0.002260029405587,-0.0099485195595451,-0.0173449932486078,-0.0085624459603386,-0.0152081775118424,-0.0058527863985966,0.0213052589561919,0.0155431758084121,-0.0085340166337321,-0.0257342291942362,0.0040756914119359,-0.0113865412496905,-0.0196078431372549,-0.0169537773088608,-0.0217134235850594,-0.0425060278447538,-0.0607071982680859,0.0002403763607017,-0.0138033729265504,0.0059347181008901,-0.00237440996055,-0.0135796620874784,-0.0201089884381087,-0.0169332933620398,0.005347261784564,-0.005986506604162,0.0013999766670556,0.0097990376140713,0.0037328558556655,0.0045664662059059,0.0033700832892011,0.0115170770452739,0.0214693936471068,0.0177128307317613,-0.0057783609954999,0.059901051548951,-0.0247372614485714,-0.027148125368961,-0.0131752692273833,-0.0335640473547358,-0.0312123213705324,0.0046687135493856,0.0378052763363212,0.0328060875512996,-0.0180520083584863,-0.0018824931905807,-0.0074506857735362,-0.0170510480615009,-0.0216695694438818,-0.0221212457054195,-0.0219715297172586,0.0309596633480446,-0.0020827055081197,0.0050086148174861,-0.0024528575272712,-0.0172165973317123,-0.0083289320798564,-0.0180092092788468,0.0031423024376213,-0.0126890318094906,-0.0472028498697072,-0.0247812721683613,-0.0108164143488636,-0.007095170354512,-0.00199347342263,-0.0037408651925654,-0.0358657955038087,-0.028271102255335
2022-05-09,0.0118270529666819,0.0,-0.021943056472141,0.0072413204943324,-0.03150912106136,-0.0025419271898555,0.0026649122660915,0.0148156677605695,0.0149223049681839,0.0139834681149471,0.0113173229142105,0.0360727968373979,-0.0363933382085818,-0.0870456431340193,0.0250632911392405,0.0147435571164384,-0.0291660559871024,0.0156002700264921,-0.0034386087870692,-0.0334444846039944,0.0008094133565283,-0.0450692134349179,-0.0625,0.0079569215965655,-0.002146593585228,-0.0711587669062994,-0.0493229616825122,0.0244781653391925,-0.0797727400415753,-0.0353982300884956,0.0060601558325785,0.0146035811475222,0.0147489506570948,0.0,-0.0234072993519789,-0.0206169141546108,-0.0075559623866189,-0.0275668027387904,-0.0037189734637942,0.0144524487630535,-0.0134830382419269,-0.0064421528328645,-0.0142925967560623,0.0411399978244315,-0.0220128814442626,-0.0144384400461762,0.0152110484341567,-0.0906967414982913,-0.0183665378134602,-0.0289401461654692,-0.0145559619921645,-0.0156377440565497,-0.0400716113962823,-0.0272274973716235,-0.0293787314535675,-0.0860360956250589,-0.0330353624131265,-0.004731976570808,0.006513758935718,-0.0226103316181969,-0.0071055590971929,0.0090993803660459,0.0041673936677089,0.0258485500890413,-0.0285573481350832,-0.0595837897042716,-0.0118047751686967,-0.027607507721549,0.0064835456285348,-0.02018779342723,-0.0825702214440697,-0.0172057611173074,-0.0182310719158443,-0.0409992162592515,-0.0295035092279698,0.0057314294609627,-0.0180459760885798,-0.0343982169390788
2022-05-10,0.0029222022014545,0.0,-0.0040966816878329,0.0238769666553773,0.015199373707819,-0.0144800179657672,-0.0114951120856484,0.002657009398816,0.0097957981181755,-0.0157565127311679,-0.0194004995836802,0.0299699956294778,-0.0251846774341619,0.0072197518403416,-0.0316127438873796,0.0038622303962547,0.0171598228663445,-0.0029548285473302,0.008637172809389,0.0124788149649277,0.0170322175681711,-0.0582087875042138,0.0568888888888889,-0.0184134677167666,0.0258249791144526,0.018933928024837,0.0125260116774754,-0.0063251901745919,-0.0076087703097693,0.0107033639143732,-0.0146288680874265,-0.0020555540529575,0.032872116526704,0.019378089913598,-0.0435704313955293,-0.0543842524808849,-0.0016903959350001,0.0215190437962715,-0.0111928040221858,-0.0130244745620891,-0.0068255512321661,-0.0029838950314116,-0.0051221896383186,-0.0045553326646605,-0.0264238590881974,0.0355809058192435,0.0333384426732066,0.010227843859943,0.0204065147369165,0.0410600022228926,0.006325708072965,0.0150269031690501,0.0125524536659284,0.0087057902440683,0.0075517661388551,0.0020635865879279,-0.0217365989985638,0.0021087027803217,-0.009056132942112,-0.002017648627651,0.016246203568105,-0.0201419883899431,0.0223009322685201,0.0170227099014133,-0.0037006381331269,0.0186349871884463,0.007809363151555,-0.0262056649370957,0.0182356858234546,-0.071154767609008,0.0399993107280864,0.0241781883135465,-0.0677831262210226,-0.0124195695584646,-0.0149429419269346,-0.0021622483630701,-0.0202583087685156,0.0054858813572362
2022-05-11,0.0160206285373845,0.0,-0.0040893362692669,-0.0032597092122871,-0.0163324793182965,-0.0242039352448135,0.0220560433558794,0.016550514433369,0.0172498677996391,-0.0076067001154161,0.0091364524072345,-0.0316630113473825,0.0410979545197704,0.0261974574559733,0.0410609538383064,0.0048300328109125,0.0042052144659376,-0.0115574229691878,0.0,0.0268898552451302,-0.0183374083129584,0.016147635524798,-0.0546677880571909,-0.0093887932969253,-0.018883674528926,-0.0097845678482534,-0.0053075802621864,-0.0132030453001037,-0.0061290719493064,-0.0189107413010589,-0.0264208369240346,-0.0292571211751633,-0.0128514218272421,-0.0359163101022554,0.0296133446260489,0.0389664011560892,0.0186426385263278,-0.011815363793141,-0.0415106657055647,-0.0049528144033198,0.0217927161723177,0.0244845465060785,0.033439448723995,-0.0015323901087367,0.0076151946931612,-0.0084912464756409,0.0,-0.0050635290475755,0.0208395179006115,-0.0006329403510912,0.004190630013205,-0.0097302145585375,0.0504507615820184,0.0348347689633936,-0.0112427466150871,0.0502659804961391,-0.0407425041992356,-0.0268815687778898,0.0032653738922288,0.0252018822982629,0.0262608049559045,0.0085905186127903,0.0020330518003295,-0.0182536144194637,0.0259899663400724,-0.0298758424019047,0.0095750967269265,0.0038730868365228,-0.0216545897098732,-0.0544235233427907,-0.0049997100416711,-0.0048852872876536,0.0318782340041696,0.0417001327409605,-0.0057530070910821,-0.0350375805549418,-0.0007636582149593,-0.0292922568352426
2022-05-12,0.037995327316872,0.0,0.0288157830798385,0.0103149390124328,0.0108178788603392,0.0540252408849539,0.0253699440973365,0.0052043713008145,0.0063634897019018,0.0242002060874124,-0.0754169261060532,0.0455147489647906,-0.0078939116171362,-0.0103554533655845,-0.0132288094071533,0.0038288773598977,0.0966597694354125,0.0167878619563925,0.0325314855972456,0.0120022739929459,0.0121873073063392,-0.0553368037887979,0.0587188612099645,0.0067590529773817,0.0256593828467077,0.0128282915836006,0.0177729634310244,0.0146612783336039,0.030068323029426,0.0223592906707785,0.0091949531371191,0.011037435145762,0.0173617143032323,0.0423695345557122,0.0099528029450028,0.0089250231818782,0.0216292875989445,0.0249570610423537,0.0236235156753601,0.018239501356472,0.0168226986612134,0.0199990525517939,0.0157572146619424,0.032124461263534,-0.0122870722994714,0.0305745682196432,0.0,0.0636134577507632,0.0032666434027373,0.0171841496821847,0.0135735787952224,0.0333192552525658,0.0038424920718636,0.0077449861405511,0.0190121041692139,0.025501884153074,0.0590181790606452,0.0184180319315454,-0.005861300932981,0.0285150848879116,0.025586516180353,-0.0039532004951483,0.0040513298930735,-0.0024392775586465,-0.0163775134389642,-0.0100596228508041,0.0426726558113419,-0.009949830496151,0.0126862363807944,0.044758137843244,-0.0154616643145287,0.0515618645544859,-0.0173781955989195,-0.0100396120748531,0.021043692289977,0.0187686627145147,0.0118770698216352,0.0603444878010328
2022-05-13,0.0041485718320799,0.0,0.0759965992820705,0.0283862876254181,0.0265052267834098,-0.0361326243594188,-0.0014191106906338,0.0142494578007477,0.0115777849025684,0.0153619862912952,-0.0016290053966492,0.0249360704143766,0.0049235632009239,0.0287156974783147,0.0392254220456802,0.0105181466926456,-0.0230008984725966,0.0377371111321691,0.0497604828328444,0.0264139911609428,0.0160540869835277,0.0394444628592263,0.0974789915966387,0.0067324281749305,0.0020839445225642,0.0477107402652974,0.0139543134201864,0.0136410714135351,0.0374234741784038,0.0256410256410255,0.0026664711058961,0.0075571735618589,0.0036561602282088,0.0217218734213755,0.0149727060046789,0.0221233854688089,0.0116736290910968,0.031968317258473,0.0038457273216945,-0.0032533662156359,0.0088299527079045,0.0105194714720293,0.011843624223893,0.0029535779031633,0.0602866980703473,0.007518475343037,0.0145182822813914,0.0478491393945725,0.0138259533724311,0.0262859800604637,0.024714258143375,0.031417583012838,0.0013646288209607,0.0130086562575844,0.0186573879656848,0.0363436418743128,0.0322878829303856,-0.0191494327464408,0.0176806386948649,-0.0133774104683195,0.0144648630177022,-0.0015274214239897,-0.0030278615240669,0.0046563654336402,0.0067769244659718,0.0634922858203361,0.019055892543258,0.0580498429069444,-0.0095799167669722,0.0,0.0388679580368129,0.0178915091299183,0.0343802603822631,-0.0011546631324776,-0.0030872681905648,-0.0136175421483968,0.0034090393195127,0.1211136718459593
2022-05-16,0.0103110001582249,0.0,0.0315833369913525,0.0150122246548929,0.0033940627967252,0.0157004227421273,0.0088318653702559,0.0217108435927533,0.0166572756726299,-0.0100883089189689,-0.0204276963465325,0.0111331660831288,0.0230031755632844,0.0179797495363143,0.0129001433349258,0.0160786940963086,0.0039084053706088,0.005967696018134,0.0189566790632225,-0.0105048000402097,-0.0031624363691937,0.0267785962562581,-0.0114854517611026,-0.0066874056964029,0.0346770041491262,0.0,0.0120517057051219,0.0044858322464882,-0.0303025914689335,0.0514705882352941,-0.0042099535120492,0.0208341898144974,0.0522107243650045,-0.0027369684983753,0.0143875884284634,0.017309205350118,-0.0056354388047509,0.0103225200106515,0.0191569445156809,-0.0012260654895702,0.0109486209098412,0.0047338909826271,0.0104900926902371,0.0413501766927981,-0.0148898623773037,0.0168832133834364,0.0302110938499498,0.0159799596201302,0.0160580185262837,0.0396324749464573,0.0271421247031002,0.0364763118820152,0.0281207413464159,0.0099187017840884,0.0146054181389871,-0.0011091967197356,0.0166542647782164,-0.0135571973280249,0.0270246322877902,0.0145304681915654,-0.0037430524160306,0.0256886922375823,-0.004549068679206,0.0006732088760001,0.0542408288581046,-0.0202956767969444,0.0212494952465938,-0.0046526962863024,0.0004953900216331,0.0142947281390746,-0.0128457170767446,0.0512293969712869,0.0379857656377138,0.0299450719227007,0.014982147276134,0.0040573162573802,-0.0113234864656984,-0.0064919993899243
2022-05-17,0.0027232783747337,0.0,0.0288291738473649,0.0384058634381903,0.0,0.0214499370277077,0.0285159452124568,0.0193703522287036,0.020489105961412,0.0113676939737172,0.0467044471120292,0.0126419492777003,0.0033170143323399,0.0032545729875248,0.0412735849056604,0.0297991412443914,0.0586268492648742,0.0330360956856041,0.0123895202020201,0.0084941867027881,0.0142584206057174,0.0173919795023098,0.010844306738962,0.0053821918835796,0.0053662724895602,0.0074331223197874,0.0510323633919138,0.0145676031062116,0.0282776541568972,0.0097902097902096,-0.0035608308605341,-0.008166278861643,0.0034620835275207,0.0123767197266142,0.0115802171290713,0.0173303660211183,0.0105228363841751,0.0321188630490953,-0.0789483362335446,0.0036827117144515,0.0086578752772983,0.0141347605324551,0.0087883115456441,0.0028474470491868,0.0201570440913878,0.005015840871013,0.0416725801873403,-0.1146071771168372,0.0386992693472898,-0.0041060543208486,-0.0058778587072784,-0.0081210183747828,0.000795297142895,-0.0130001581527756,-0.0035987926631066,-0.0199543984069053,0.0262996296962516,0.0192385759923752,0.0043866925930595,0.014333366359523,0.0121655800172173,0.0122251494380658,0.0152415870106064,0.0154475120966697,0.00748083505134,0.0012166186068709,0.0372457659179275,0.0247386015455088,0.0096677899446435,0.0080441031361275,0.0218200710018183,0.0472699109332646,-0.010974726376058,-0.0042442499677931,0.0183345639968235,0.0084922102437587,0.0270998876731707,0.0433781420619134
2022-05-18,-0.0346209912536443,0.0,-0.0297584581024071,-0.021596171700447,-0.011114405991255,-0.0294089315300735,-0.0142766497461929,-0.0183907041761314,-0.0185672340931076,-0.0154997482303779,-0.0286890346899949,-0.0386595046736941,-0.0367377967929565,-0.041927817070132,-0.0353340883352207,-0.0018114810419138,-0.0221520356509323,-0.0221433112623857,-0.0045794683919244,-0.0368413688893863,-0.014837036778642,-0.0582210859693974,-0.0352490421455938,0.0093637499766838,-0.0486694745831797,-0.0452020918636234,0.0226417163115382,-0.0083387335395601,-0.0578901887313102,0.0013850415512466,-0.0239003650216121,-0.0399178904152851,-0.0299327981194846,0.001355463830978,-0.0568888346579847,-0.0488868202621984,-0.0368481391737354,-0.0259319530330719,-0.024489221212083,0.0061098225451901,-0.0150288664202583,-0.0120808900917155,-0.0142533909276802,-0.0141384675223649,-0.0121234221598878,-0.0203579255689314,-0.0577856498118091,-0.0558374227943928,-0.0098877581427267,-0.0318048642733594,-0.0551194819035127,-0.0475646455639768,-0.022555245783308,-0.0163921292142034,-0.0289525806827448,-0.050529695024077,-0.0087030623900784,-0.0145577548040014,-0.0261985939317052,-0.0263731970175495,-0.0208564094449427,-0.0276896898445355,-0.0045076998478087,-0.0310875547854448,-0.0421974878190514,-0.0243430857848732,-0.0533612881820172,-0.0321247049316293,0.0063823031329381,-0.0239397357053178,-0.0086191242872879,-0.0770842577527979,-0.0397808790922133,-0.0253117445644082,-0.0210006430164311,-0.0062137967351236,-0.0178383370327764,0.0011386825826344
2022-05-19,-0.0056265616854518,0.0,-0.0054138158876314,0.0302892927336106,-0.0079422011201105,0.0225091555096814,-0.0058483204722616,-0.0018690756975657,-0.0076694277759524,-0.000393888265069,0.021335407990481,0.0280682263756373,0.0167813771374385,0.011363295355653,0.0002347969006808,0.0081508135168959,-0.0188487235078095,0.0176125761828493,0.0199878624145963,0.0016385631776503,0.0110947182059604,0.0720305333614248,0.0007942811755361,0.0330974072773639,0.0182194701459801,0.0048403532608696,0.0110791444041387,0.0058401660399072,-0.0076770697642152,0.0186721991701244,0.0043467491511905,0.0012875516312902,0.0179002393863891,-0.0054232492336712,0.0261758859575869,0.0261483753099309,0.023565371071339,0.0058086935066004,0.0209203578714705,0.0101248494140837,0.0076290897813613,-0.0009359804585543,-0.0032098098663296,-0.001440041031306,-0.011363571830154,0.0066636979547696,0.0062902176270696,0.002688298271976,-0.0061378228513059,0.0042584220504593,-0.0083289049875826,0.0040958427196395,0.0084145771370112,0.0169585403600229,0.0,-0.0123112539578991,-0.0287771538663204,0.0043756113847901,0.0,-0.0009586552073926,-0.008663916359539,-0.0087860949805107,-0.0020081752165265,0.0278245318746055,0.0018927313928944,0.0006192887812397,-0.0216135463119011,-0.0033375519638603,0.0017072803059783,0.0408999738379698,0.0120967906058571,-0.0082712323156779,0.051062629302238,0.0266127477898472,-0.0204309790659326,0.0084733515742416,-0.0340522929726163,0.0221790554572234
2022-05-20,-0.008487598524839,0.0,-0.0108865696590445,0.0020524789627738,0.0019707002801951,0.0194803303988273,0.0364176181677486,0.0193945338624104,0.0133923514599145,0.0027583043191869,0.0056189844604161,0.005294200444059,0.0221302302073429,0.0174518084801251,0.0119718309859153,0.0179699259788024,0.0114994363021421,0.0008259096693763,0.0030133200261026,0.0158193335808427,-0.0109729761279401,0.049737329453116,-0.0126984126984127,-0.0204994275901545,0.017893460771643,0.0211273557001605,0.0547710362135698,0.0127729471757322,-0.0185799395685912,0.007467752885268,0.0259766429768024,0.0107001562785984,0.0117204373326165,0.0218288463902498,0.0336403179497171,0.0246077543039724,0.0498371618813844,-0.0014463422362598,0.0655750158261236,0.0,0.0129728232433596,0.0094066570188133,0.0124865314164333,0.0158040300276569,0.0032167639354809,-0.0007793944947365,-0.0031254490587726,-0.0160836172479599,0.00695572378986,-0.0030277947198744,0.0115593661486641,0.0179336266425802,0.0140013302607446,0.0193188735462788,0.0111584378187052,0.0245266833399784,0.0135594071525873,-0.0027235720201088,0.0166577327841823,-0.007754705823282,0.0071003880760573,0.0091689371656948,-0.0025185156336209,0.0032751650376132,0.002453314562544,-0.0236903271947076,-0.0010848604798285,0.0118230619151022,-0.0065760002239829,0.0176776139410186,0.0048540760967918,0.0341419183394979,0.0128338950026343,0.0176585818582424,0.0323270942707145,0.001399563412642,0.018021287405592,-0.0133525035944239
2022-05-23,0.0042755690882736,0.0,0.0183295417614559,-0.0034119732715122,-0.0227382630132042,0.0049793400232305,0.0421625245706798,0.0098233030090972,0.0162677122025036,0.0043166902246907,0.0143744485933003,-0.0093221984851427,0.0161470719819163,0.0272573064454197,0.0187891440501044,0.030899861278373,0.0190370040124832,-0.0197639536211422,0.0300809429954647,0.0381301003363581,0.0237828267925641,0.0398199819981999,-0.0305466237942121,-0.0013148763650971,-0.0040551580232088,0.0527600761400315,0.0222520107238606,0.009174459981764,0.0118323057562781,-0.0249326145552559,-0.0031102694589713,-0.0114319677193178,0.0249150837776808,-0.0153559275427077,0.027544452021756,0.0248700643860058,0.0074838448367913,0.0125292374464514,0.0923073571813315,0.0172440897928649,0.0128066843904293,0.0251801546877947,0.0258630650134088,0.0113185530921819,0.0187863588475103,-0.0101347612296632,0.0094057443511477,0.008171776878066,0.0053675740205771,0.0376674168105048,0.0031135808341802,-0.0224264021868245,0.0368986331140219,0.0393355544380187,0.0184514980717886,0.0270803605473464,0.009909636502146,0.0202164924941079,0.0132279722893335,0.0048803526448362,0.0142850077112961,0.025137576740783,0.012624372848488,0.0371971435858198,-0.0192015778440949,0.0025568241848801,0.0075895536813404,0.0144105907165641,0.002205335785272,-0.0019346340660244,0.0055750328178527,0.0044013855249109,0.0361980291311687,0.0204275211985351,0.0242392415908903,0.0303657629123657,0.0223155122376741,0.0129693221992726
2022-05-24,0.0035583958170695,0.0,-0.0342333141848045,0.0198550078133765,0.0036468681573933,-0.0066125410915428,-0.0023540076614908,0.0194554888559723,0.0210159396257063,0.0101671951739401,0.0173246885597315,-0.0073628973799027,0.0057757257312345,0.033851271108251,0.0015938069216758,0.0222547540886641,-0.0149188432427702,0.0249224317770269,0.0131336961973584,0.0175919202587631,0.0193682268849435,0.0159966760153733,-0.0630182421227196,0.0078630728157114,-0.0162965598347615,-0.0393852442907116,0.0203252032520326,0.0188577413886845,-0.0561152654798035,0.0207325501036625,0.0285149691090282,0.0355614634169254,-0.0147004369399393,0.0149146921499323,0.0128742628054667,0.0133821792969814,0.0153620778398069,-0.0147550181720762,0.0070414747212144,0.0118252065014654,0.0094948101037979,0.0168258968659376,0.0151337316830275,0.0055959386177455,-0.0062946456170719,-0.0086625492492812,0.003106033559443,0.002702830300026,0.0076322039121843,-0.0257581819075091,-0.0269221649817861,-0.0139275222284036,-0.0277195583273693,-0.0283964617827171,-0.0036117907491552,0.0389773423147581,-0.0024530997982327,0.0101802173613978,0.0055988828581967,-0.0048566504778317,-0.014795325785316,0.0141805459665345,0.019953602251769,0.0094421972779916,0.0326274063896652,-0.0063722459532373,0.0247478266137581,0.000766782220962,0.0234776770492437,-0.0483564977110572,-0.0328906259328097,0.0220228525990078,-0.0008714431856932,0.0135066219800275,-0.0221881914836201,0.0065922873941022,-0.0184439931901626,-0.0161432565470568
2022-05-25,-0.0063679287949781,0.0,0.0205322523792736,0.0051441820026083,-0.0042608303643718,-0.0091456145872076,-0.0060821010361555,-0.0095420982419768,-0.0112694729864102,-0.0073535362878515,-0.0023230107601168,0.0173105893592004,0.0075396276840844,0.030974048708156,-0.0161400318254149,0.0083754032199736,0.0037750932670101,-0.0234950122176129,0.0014485312992775,0.0183040878769202,0.0167156751866093,0.0019084619841189,-0.0424778761061946,-0.0103962551709122,-0.0144869296148204,0.0046646753140471,0.0099601593625497,0.0073611062063227,0.0016491257147592,0.0101557210561951,0.0012980180921993,-0.0020728443779198,-0.0132004209102183,-0.0033363716098853,-0.006525780829653,-0.0033013653610588,0.0189180676995064,-0.0019290756854374,0.0,-0.0210408228831456,-0.0167159477570912,-0.019232996496511,-0.0179621486840799,-0.0222591933910849,-0.0221821287377906,0.0154946748803661,-0.0046446239812079,0.0,0.0,0.0222319878394052,0.038299663299663,-0.0220177765460446,0.0203472706002969,0.0142396937298658,0.0181828811973807,0.0102997082486075,-0.0024591322951695,0.019616187752508,-0.008037153000668,0.0019566390788052,0.0294905744002555,-0.0262167557768649,0.0053743793946419,0.0062359174228121,-0.0139375309057355,-0.0205120590543663,0.0020987289388116,-0.0180302571795878,-0.0069274149786029,0.0142364948319575,0.0141362096850528,0.0162119648867613,0.0157281001137656,0.0030947925361479,0.0055470081342319,0.0082783741273213,-0.0295232562513321,0.0
2022-05-26,0.012107419208011,0.0,0.0146144547103013,-0.0204794284661652,0.0227792709240259,0.041982675649663,-0.002926951546787,0.0042122059605718,0.0054475360375461,-0.0031216148532957,0.0403448484796025,0.0109392000794592,-0.0053451479205373,0.0339054527052671,-0.0108595194085027,-0.0257495337828145,0.0339807973098535,-0.0254622404443857,-0.0043209989563689,0.0609060794597924,-0.0074751384902891,0.0300010204428722,0.067467652495379,0.0,0.0245066057739358,0.0695230725369608,0.0239390468919002,-0.0234683265232988,0.0305040994796019,0.0355227882037532,-0.028767796058455,-0.0045588215241827,0.0186135521893537,0.0328369540834814,0.0044934903373872,0.0033123004751127,-0.0079218821756179,-0.0125837891187235,0.0104901588376034,-0.0254634860174095,0.0042462524177948,0.0091223771320605,0.0124514636713386,0.0056914862406853,0.0263871777519422,0.0266027776896304,0.026442350669551,0.0970366664704842,-0.0052984779245081,0.0199866098171181,0.0635227103023063,-0.0004250689471954,0.0031367951872416,0.0024934020745106,0.0571346540338788,0.0185626777510392,0.0128190115802513,0.0598033268591844,0.0692027813178903,-0.003894413144486,0.0168732202915717,-0.0029927067500854,-0.0043742832254384,-0.0059915029594393,0.0216774286940293,0.0373065373065373,-0.0102676420557897,0.0416096586513032,-0.0276712376143457,0.0661240011964277,0.0357954453227715,0.042783552341403,-0.016352588693193,-0.0005938969538453,0.0130362889116071,-0.0070655099117837,0.0158049998923364,0.022072472981564
2022-05-27,0.0,0.0,-0.0071913363545457,-0.0122730989370399,0.0142730458392612,0.0233599970442075,-0.0109435887576808,0.0071930768770769,0.0142952404767857,0.0140795700181106,0.0439970047424911,0.0100214362272239,0.0075234208862577,0.0161885523042013,0.0011679514132212,-0.0161967164838401,-0.010954683555137,-0.0080396499685144,-0.0014343244883323,0.0178838599914932,0.0060296326182951,0.0309699151282982,-0.0207792207792207,0.0275929083475423,-0.0218706467661692,-0.0103960396039604,-0.0123809671756792,-0.0092938285787222,0.0143951315071131,0.0155339805825243,-0.0258361924249506,-0.011661567964933,-0.0199839231301293,-0.0006515637530072,0.0124005765227137,0.0107406411520418,-0.0242017086002711,-0.0073560034983966,-0.0242223409941207,-0.0081704307694006,0.0,0.0085864532974466,0.0053797858657285,0.0,0.0013525012820583,-0.0057184660086135,0.0075768132097819,-0.0171998014994835,0.0015193307709699,0.0432319268159551,-0.0202304891625961,0.0123221165285449,-0.0417488008937916,-0.0476164966441926,-0.0236284627919608,0.0264470146876152,0.0009735972593236,0.0103027279649223,-0.004082288057609,0.0,0.0096774193548387,0.010202594373998,-0.0063510647002914,-0.0114220306373443,0.024167594373039,-0.0258671083398285,0.0345126479317496,0.0048764520244408,-0.0098988418746265,-0.0206809482775897,0.0098217818679016,-0.007645406371704,-0.0139960336663915,0.0174481164461171,0.0089131509614148,-0.0084663619450122,0.019836777954425,-0.0448523374716991
2022-05-30,-0.0084457636265514,0.0,0.0145082827936482,-0.033592993319481,-0.0008480390010362,0.0078797014197902,-0.0264505565980606,-0.0077354345668749,-0.0097218227390393,0.0262242193801127,0.0207127942746936,-0.0119028669461097,0.0099601252716785,0.0071488326108448,0.025664955669622,-0.0277183267230411,-0.0110760178254663,0.0043397124735267,-0.0246026923006094,-0.0037017191117839,0.0179582015061718,-0.00582982049278,-0.0256410256410257,-0.0064052240936339,-0.023061585725621,-0.0306691807442182,0.0069680382534291,-0.0109834362694968,-0.0070914688679768,-0.0095602294455067,0.0,-0.0164329009128877,-0.0232908591484815,-0.0129812595081666,-0.0122486857576731,-0.006532566766675,-0.0130395779166477,0.0004929854464401,-0.0035457108219038,-0.0024657549495995,-0.0021066253366838,-0.00538067164125,-0.0091714714662086,-0.0084791909762739,-0.0031515738171747,-0.0084301391724267,0.0,-0.0399991265970309,-0.0106462710961413,-0.0243131904522213,-0.0442447074239383,0.0193133798414721,-0.0216364355161853,-0.0199361977387964,-0.0173018080667594,-0.0160145637670494,0.0043769263035033,-0.0135968856063243,0.0046819382604272,0.0029294124274688,-0.0243075436397033,-0.0053461338990122,-0.0122892146305,-0.0205951911706739,-0.0001778691278483,-0.0362697261732116,0.0049119993469872,0.0014930048026728,0.0004993515614617,-0.0191941721745891,0.0021609584257979,-0.0049056664468498,-0.0283894064208176,0.0108496410676073,-0.0240395265938522,-0.0001945867810714,-0.0259359644819874,-0.0411627952409791
2022-05-31,0.0070935495868142,0.0,-0.0017955217574988,0.0033321626506539,-0.0262267924368434,-0.0023463246883507,0.0152433171301096,0.0125996905639087,0.0058920183897361,0.0101497765701839,-0.0048954925552597,0.0176711176344239,0.0063373718546133,-0.0113561042731169,0.0122838944494996,0.0383141172667518,-0.0112000700004374,-0.0288136701466837,-0.0163309230275454,0.0027878381178885,-0.0095539310103309,-0.0148791112485823,-0.0090744101633393,0.0115821796045896,-0.0236059769875567,-0.006312028582771,0.0193536293912743,0.0157299528589922,0.0119088423553044,0.0025740025740026,0.0155452611247755,0.0188493135242533,-0.0298224713395699,-0.0013211270229757,0.0044787273794906,0.0024546631160833,0.0049205532464251,-0.0207266379757716,0.0462637559962035,0.0020589449720451,0.0158933606767495,0.0090114392785016,0.0092563659625146,0.0056880589989016,0.0094902585121576,0.0282174415141269,0.0105277715352567,-0.0312514215530183,0.0253641707130078,0.0118927211387687,-0.006169533643238,-0.0078252635813705,0.0075748236422161,0.002336716789925,0.0105298913043478,-0.0095553027322636,0.0043578523051224,0.0167403480854246,0.0303000376512996,-0.0029208560354996,0.009123175964729,0.0017916228888645,-0.0010005002501251,-0.0175948284535667,-0.0117118007511366,-0.0221790633200397,0.0262723465455578,-0.0029836431304276,0.0087432675044882,-0.0195697982516533,0.0197705883946994,0.0119690308398525,0.0009112339295973,-0.0050776997416264,-0.0226300367308195,-0.0093141797961073,-0.0066534366131062,-0.0217603911980439
2022-06-01,-0.0049359141799447,0.0,-0.0071526822558459,0.0204075244030847,0.0087281870334365,-0.0211396563795982,0.0019136801658019,-0.0165877377364702,-0.018051018051018,-0.0059575414026896,-0.0056257355825813,-0.0197343253261572,0.0220467314373591,0.0004094760827777,0.0242696629213483,-0.0214522920002371,0.0075660369010221,0.0252193720684934,0.0045295765997463,0.0069379179357478,0.0170712573063875,0.0155617334423547,-0.0109890109890109,-0.011449568644158,-0.0021969115263202,-0.0045543526027725,-0.037987679671458,-0.037357220151497,0.0078536712171222,-0.0166880616174582,-0.0092271757412942,-0.0079894150623293,0.0006139785812062,0.0131778672885307,-0.0027422157741179,0.0057432031342752,0.0765681242603186,-0.0246982308701122,0.0204076628996638,-0.0004120565519776,-0.0080004749818169,-0.013064055782362,-0.013862357827588,-0.0085033350235986,0.0156646719982105,0.0127813549760888,-0.0267893800465307,-0.0026882982719759,-0.0112423559990385,0.0106326600433357,-0.0186342767227815,-0.0004153645318247,-0.0009040485059409,-0.0013333224268103,0.0104761904761905,0.00571835491732,0.0168796967560367,0.0242125229324516,0.0062244641209665,0.0068390513210521,-0.0022590931200345,-0.0193751883318397,0.0044875004814914,-0.0093966433244147,0.0145857292864644,-0.0281783033886741,0.0317523872487626,0.0052343867632542,-0.0047057148450708,-0.0299406294554507,0.0200933869865616,-0.0173938043556385,0.0273715043442119,0.0235461835266943,-0.0143991216958027,-0.0113616165395949,0.0331076320266716,0.0166833291677079
2022-06-02,0.0,0.0,0.0360850011722828,0.0076751236191332,0.0150804439064,0.0311975570166991,0.0008153466355627,0.001038662271666,-0.0040243984406506,0.0,0.022630254156376,0.0197279003108559,0.0397100414618745,-0.004305161740473,0.0059236507240019,0.0166654041360501,0.007465308273318,0.0500736054637691,0.0105086170659942,0.0147086849653785,-0.0379584564575005,0.0351681760212299,-0.0018518518518519,-0.0077214530697264,0.0066052457194158,0.0036521250551833,0.0084582424059,0.0026062808871347,0.0366019508534984,-0.0306788511749347,0.0043161238268631,0.0173808782455535,0.0159737660064578,0.0338134734974346,0.0405642329192712,0.0440453881453719,-0.000959766694102,0.0180844232468539,-0.0333331044993341,0.0061833961885768,0.0042195355518315,0.0,0.0042710739885076,-0.007159998426374,0.0026485179862452,0.0404594402015194,-0.0428194761821058,0.0242599023012182,0.0197155203456966,-0.0088613644509936,0.0147709676356566,0.029067811702317,-0.009327609315363,-0.0086576895354171,-0.0241725342351832,0.019537518368683,-0.0203923195448617,-0.0004756362900371,0.031477545382559,-0.0029095141111433,-0.0191666847225532,-0.0112458197316647,0.0243057552807337,0.012341849855904,0.0359376463108713,0.0042436014446967,0.005963259283326,0.004462363242609,0.0144342358903197,0.0,0.0148559987793666,-0.0070871837384894,0.0523983818146793,0.018813279245289,0.0146094854547791,0.0120883228220911,0.0045786860293934,0.0121620606532411
2022-06-03,-0.0028332201855623,0.0,-0.0731536720839333,-0.0316180154049259,-0.0166834179689217,-0.0170655141441896,-0.0138873173565066,-0.0060282806108885,-0.0059977223839048,-0.0314365901111434,-0.0159103710619517,-0.0386880803761915,-0.015475951533334,0.0008221564781032,0.0056706652126499,-0.0120855375903433,-0.0334321332054747,-0.0242546161422965,-0.0193049463016184,-0.0307968658951799,-0.01440928698873,-0.0069689012780467,-0.0213358070500926,-0.0116723067735572,-0.002187300913145,-0.0354686500319896,-0.0153846153846154,-0.0021261134065567,-0.0247913320817029,-0.0101010101010101,-0.0011318838848405,0.0075004910492009,-0.0199502975218066,-0.0201264582776738,-0.0062786469669422,-0.0078014585335518,0.0079107158128794,-0.0076120239789537,-0.0034478962861433,-0.0225220486870443,-0.0146914205679887,-0.0054324350047953,-0.0092726404020503,-0.0201687997781035,-0.0241800847923028,0.0057101794558933,-0.0111837514232195,-0.0552628252275443,-0.0148759600953474,-0.0575412372169651,-0.0218393541265341,-0.0056483867246086,0.0255130071697389,0.0174748618122631,0.0071018692119766,-0.0310113771201228,-0.0290382881929111,0.0070974404665478,0.0021818433690432,-0.0048708222037664,-0.0287794576349064,-0.009529229428004,-0.0319652082761375,0.0052339980085274,-0.0202950537347942,-0.0077444712864211,-0.012427751498799,-0.0220283659740861,0.0122616332156997,-0.0493791953669987,-0.0132780843768907,-0.0278143852267798,-0.0151931173347977,-0.0160180222414848,-0.030860287700926,-0.0139026533779613,-0.0155735770792713,-0.0558561597625151
2022-06-06,-0.0021241444418219,0.0,-0.0282105917343631,-0.0014290246335267,-0.031826112610203,-0.0307880213516693,-0.0124305799917384,-0.0048484221060441,0.0010098952764057,-0.0081099021616785,-0.0084287943295776,-0.0299813303071347,0.007693298139445,-0.0358025295658707,-0.0006506180871828,-0.0096087127040155,-0.042344983089064,-0.0313576567482254,-0.004550099292421,-0.004208570179274,-0.0192488370494283,-0.0350890384350288,-0.0265402843601896,-0.0223019738528582,-0.0336263221742182,-0.0377264624186394,-0.0184644507186858,-0.0078068105683241,0.0115510402894718,-0.0129251700680271,-0.0043024448291431,0.001237752821215,-0.0326914917261027,-0.0205398527674272,0.0079777776632532,0.0070793686969403,-0.0049948382899889,-0.0168781643162904,-0.017300908605024,-0.0180170485117953,0.004264456811033,0.0,-0.0035068082091463,-0.0191078938854739,0.0018065271344878,-0.0429236619623751,-0.0274677314513882,-0.0529241642312569,-0.0075458170901107,-0.0213391886418384,-0.0382479199858381,-0.0243510966937233,-0.0005893107073737,0.0006577558345377,-0.0210425363872277,-0.0269688173049911,-0.0249285042274406,0.0267721601705055,-0.0081554605877,-0.0244620381648394,-0.0248762668995761,-0.0037244858457312,-0.0019981307808824,-0.0164710962105049,-0.0334623396930069,-0.0525207452638171,-0.0108422133195249,0.0109784919821429,-0.008236773274544,-0.0952347986615899,-0.0027612195448262,-0.022741624497975,-0.0214219330855017,0.0010168239599537,-0.0233539326250662,-0.0295815911482778,0.0023170634269831,-0.0349861727442278
2022-06-07,-0.0227785459573539,0.0,0.0019413927780187,-0.0023870242051122,-0.0336402544218337,-0.0317566999915986,-0.0069867777941301,-0.0085217421457798,-0.0085288208015056,-0.0097416201117318,-0.0092121077935223,-0.0143925956675975,0.0129425544375232,0.0,-0.0236545138888888,-0.0114534626924774,0.0,0.0122466309358388,-0.0091417946582479,-0.0351930302531323,-0.0062735110633425,0.0059093211423821,0.0,-0.0161060753614503,-0.0226947386966768,-0.0137434836930764,-0.0043311269101904,-0.010724456542254,-0.0007566898259613,-0.0220537560303238,0.0006816366486297,0.0107410996495103,-0.0146736292428197,-0.0137582562190523,0.002310992039348,-0.0007779239331833,-0.0217482141791194,-0.018212259016339,-0.0176054997470943,0.0004268229376953,-0.0106158711037493,0.0027310537745224,0.0,-0.0150069056502648,-0.0004550306162574,-0.0111182371155715,-0.0066455333613413,-0.0323543955867525,-0.0007585129534146,0.0024251401353432,-0.0165771279349339,-0.0237101857174003,0.0035580511796515,0.0118805131992176,-0.0072033654123205,0.0092387643152729,-0.0122685273933212,-0.0224121724826695,-0.0202891818129028,-0.0200580353530099,0.0043128482759104,-0.0087202287219464,-0.0020021313010623,-0.0147584799927692,-0.0261954763316284,0.0014954846279053,-0.0548052771030118,0.0164753445892162,-0.0129511662370681,0.0071669047133238,-0.0297569137776188,-0.0045059792535409,-0.0271427893062348,0.0233775692247246,0.0135845521261646,-0.0177966018895761,-0.0011537557897562,0.0006590395793995
2022-06-08,0.0021875930890675,0.0,-0.0057900975654235,0.0081335800662736,0.0090010319654483,-0.0084068450228972,-0.0090094306507851,-0.0110606895225104,-0.0177174275526519,-0.0039314551673071,-0.0171669366874436,-0.0150383137177946,-0.0242456415134997,-0.0014942833178827,-0.0057790620137809,-0.0053616824589785,0.0241100018835938,-0.0190110961612838,-0.0061377274770811,-0.0165394402035623,0.0047377764192755,-0.0492498579765532,-0.0194741966893865,0.0,-0.0255427985532882,-0.0069456578717457,-0.0087327642810242,0.0084326111841268,-0.0076261722275766,0.0126849894291753,-0.0072738402815911,-0.0012275655672339,-0.0174784037309873,0.0033186219165897,-0.0490310601461952,-0.0312968887127368,-0.0244313493032067,-0.0164283181657015,-0.0107533430034066,-0.0081004104976707,-0.013925880830987,-0.0181549891349034,-0.0191730895620479,-0.0121591360944267,-0.0130445289975213,-0.0123680730430728,-0.0451382213849054,-0.0212775842044135,-0.0152179217234927,-0.0525648640426487,-0.0258404885010411,-0.005537312145036,-0.0038392201375443,-0.0048920932545252,-0.0143951706524263,0.0179416273628154,-0.012420913713465,-0.018719389441423,-0.0123106285118186,0.0020527582464253,-0.0278283569610374,-0.0113138881897366,-0.0065296877527908,-0.01252883204026,0.0039519574055346,0.0097267597267598,-0.0347898326823297,-0.0316809034611382,0.0019816845385913,0.0166375446326825,0.0017821751755289,-0.0211173136007617,-0.0432070443296855,-0.0344299648849005,-0.01447351046817,-0.0127077126614574,-0.0593463459300982,-0.0171311439016088
2022-06-09,-0.0109048012706787,0.0,-0.0116476360801577,0.021358035231509,-0.0161352946747055,0.0135727689031919,-0.0014247032524165,0.0012466402602915,-0.0005136017410228,-0.0063186959061222,0.0203738590963717,0.0126487552905618,-0.0285432646729294,-0.016455083413833,-0.0049183992845964,-0.0071719565655158,0.0,-0.0311349514401373,-0.0061756318222048,-0.0093921896528149,-0.0086469156603949,-0.0665421829910031,-0.0238331678252234,-0.0177402162326784,0.0095391161575282,0.0210267012712797,0.0131979863549049,-0.0007147091344033,-0.0184295921749384,-0.0020876826722338,-0.0153434595329857,-0.009410941452999,0.0118667472167082,-0.0006649389620132,-0.0435988349327084,-0.0460436910937385,-0.0313069637219276,-0.0075416852633867,0.0181158136072874,0.0008602500537657,-0.0141379842568296,-0.0203449900181691,-0.0171478000255846,0.020020338121266,-0.00683340166735,-0.0428889504519757,0.0070062411918665,-0.0652170964745133,0.0224088093599448,0.0165747968287703,0.0138333513455095,-0.0257073738363546,-0.011863668353497,-0.0144260603960315,0.0109540636042402,-0.0208608054648825,0.0041923777332337,-0.0152591503868373,0.0158666338612207,0.0194023876239137,0.0165222917154419,0.001907226175323,-0.0207274811746006,-0.0029330572808833,-0.0031861208464802,0.0074025050861583,-0.0072958349062539,-0.013695219123506,0.0009871072431657,0.0046579983061825,-0.0206464228203357,-0.0007691967640687,-0.0479742069767679,-0.0338279814252393,-0.0130633815921693,-0.0111786160480393,0.0045055102077267,0.0046905939662247
2022-06-10,-0.0014649950697281,0.0,-0.0196492367651834,-0.0473982641162455,-0.0208002797754738,-0.0242688179263108,-0.0167897653374111,-0.0130336880215462,-0.0149456521739129,-0.0222590336408867,-0.0064142865101028,-0.0340220927665863,-0.001729979096086,-0.0315076898181547,-0.0094360817793752,-0.0135426092926014,-0.0156796027220893,-0.0321297569922054,-0.0062337970750626,-0.0144819824602382,-0.0103157273532016,-0.0005091834879068,-0.0539165818921667,-0.0097279280675917,-0.0409226787002783,-0.0333462582396277,-0.0245975320748549,-0.0215239241193323,-0.0571199723587706,0.0020920502092049,-0.0130222963078934,-0.0020648994267187,-0.0182310546291951,0.0046406087386756,-0.0065115339962646,-0.0017002634642486,0.0056882996288769,-0.0065150711468831,-0.0142351427911799,-0.0146058737100081,-0.0198359269812443,-0.0235914579230968,-0.0219156347228935,-0.0060439902797683,-0.0197353332415944,-0.0452021311949913,-0.0173937382542286,-0.0365429465765697,-0.0136065411920981,-0.026976212500658,-0.0398204408437858,-0.00659511050346,-0.0125962353739188,-0.0139666860194128,-0.0289525806827448,-0.0044119162214274,-0.0224464767968272,0.0072606473947698,-0.0262164541034835,-0.0210426627861316,-0.0215463147059237,-0.0133251691159319,-0.001549882262163,-0.0222689578979594,-0.0095889139781619,-0.0654354931587954,-0.022043295618467,-0.003085640550927,-0.0044411494489355,-0.0069669997272703,-0.0465284710395991,-0.0169618998743563,-0.0009859713425285,0.000235880620985,-0.0402368202730221,-0.0014927274116717,-0.0212040523300008,-0.0493622697501536
2022-06-13,-0.0191387109819523,0.0,-0.0320641756785538,-0.0219518901147758,-0.0332246052120689,-0.0102930622597549,-0.0228648392967377,-0.0157109753151588,-0.0146507515473033,-0.0024411423574635,-0.0552818960200558,-0.0303173310018679,-0.0360092647622433,-0.042854822240787,-0.0440009072352007,-0.0146616898111537,-0.0836642219834632,-0.0153427999573646,-0.0203321650469969,-0.037485725366831,-0.0264397562342727,-0.0606237036497944,-0.1172043010752688,-0.0280419553050761,-0.011476271226922,-0.0649373802201721,-0.0816018766756032,-0.0004858689529739,-0.0580901459124525,-0.0292275574112734,-0.0110759641314186,-0.0264863098857417,-0.0179071737289057,-0.0277065466587416,-0.0531675868531879,-0.0551301919506542,-0.0254495091399937,-0.0278677298420325,-0.0505415497971164,0.0034890025696032,-0.0157490376475474,-0.0164385489052693,-0.0120334579557696,-0.0470996322300233,-0.0009358585917667,-0.0386180801553929,-0.0053104907625944,-0.0793101630852168,-0.0498084639812194,-0.0638264982764218,-0.03198588821592,-0.0340856359417843,-0.0151956473950319,-0.0128127513828648,-0.0634711140440339,-0.0394803466819433,-0.001601526788872,-0.0288435318148375,-0.0257696624101428,-0.0419635694398565,-0.0558229690584963,-0.0192930388858164,-0.004137214275721,-0.0229939826285838,-0.0237202910771728,-0.0747468085291028,-0.0068514812472132,0.0069630979617192,0.0029751618523679,-0.0234195545790473,-0.0590925887908027,-0.0399996399672369,-0.0484675542014868,-0.0316925377278177,-0.0292955090173273,-0.0119647740724111,-0.0075027136025287,-0.0631587245280044
2022-06-14,-0.0135002972366577,0.0,-0.0041316252689223,0.0336653916663427,0.0169019048958585,-0.0043308963763508,0.0003035747983688,-0.007662730768182,-0.0100948466929281,-0.0008157053720893,-0.009877150293771,0.0018391299224902,-0.0150846422439125,-0.0426618305600879,-0.0180308422301304,0.0074319009935954,-0.0217169657422512,0.0314884864959137,0.0063827624758612,-0.0331589109326468,-0.0057574050028172,-0.0168119310478404,-0.0669914738124239,0.0028790593730496,0.002488613986977,0.0217349857006674,0.00485312899106,0.0097780263271101,-0.0052874965737375,-0.0222222222222221,0.0038119680700496,-0.0046797581814198,0.0087795924234552,-0.0284873413852427,-0.0226925828762221,-0.0278337122442351,-0.0197832190867593,-0.0061846315487845,0.0,-0.003042262785726,-0.0034241573489556,-0.0034332580983564,-0.0067217835816588,0.0031796851015306,-0.0196831493038887,-0.0095065693430657,0.0071184568494691,-0.0486913285437988,-0.0072586591590299,-0.0351210329909844,-0.0232561103040497,0.0,0.0089497474817936,0.011273710915842,-0.0039715585164307,-0.0149836657264998,-0.0096245747475219,-0.0381185994394791,0.0029390337303933,-0.0085460613001342,0.0063394667419669,-0.0111492318222321,-0.0150588707519401,0.0007106528251934,-0.0173067387514195,-0.00340474225257,-0.0062305377264672,-0.0259358932471238,-0.0017300669290779,-0.0215779516285729,0.0129648539435673,-0.0024564726178308,-0.0259867642250757,-0.0019552570852161,0.0070996624219805,0.0023754563716453,0.0180520282792231,0.0089866462475702
2022-06-15,-0.0068425247361157,0.0,0.0290904627470234,0.0277459523892185,0.0145429397502021,0.0104453489764155,0.0158139077084598,0.0070806998259596,0.0069707572653601,0.0159070555193399,-0.0015327442115357,0.0302873798322764,0.0,-0.0056324188250429,-0.0227107997100748,0.0073930085083331,0.0399687337154768,0.009555792652709,0.0,0.0212317666126418,0.0091050219309052,-0.0104802805248021,0.1318537859007833,0.0086324580422387,0.0206909849005219,0.0339615599925358,0.0144709129203282,0.0169511743129429,0.0256802282686956,0.0395894428152492,0.0230262127222253,0.0384476694905333,0.0348017669432538,0.0398040361364555,-0.001970545529973,-0.0018374369425049,0.0371356605398001,0.0271510608135705,0.0418263828254392,-0.0021796759941091,0.0080280084676762,-0.0024721681712335,0.0042295448234892,0.0158917524646424,-0.0129058073146841,0.0423058329697798,-0.0106022138722453,0.0039371940185597,0.0146234650667027,0.0192692735518098,0.0350950436404911,0.0316198628641306,-0.0131499802957708,-0.0175693636816747,0.0320277831371793,-0.0148209493376668,0.0118776868204917,-0.0010299738926403,0.0011734101534126,0.0668090867313353,0.0479795745541411,0.0082886036053684,0.0,0.0121282165534142,0.0286852114089772,0.0153595663181276,0.0006723995734463,-0.0116361180868483,0.0002455472322555,0.0441076561275151,0.0144014750418948,0.0237511161238781,-0.0042711299395792,-0.0006109168945346,0.0058760168483329,0.0069034089445512,-0.0103065444084862,0.0200482024167925
2022-06-17,-0.0022998179718541,0.0,0.0444417938931298,0.0068069341771155,-0.0338577426200534,-0.0137831620311404,0.0023496923598662,-0.0159719127184087,-0.0154473520754004,-0.0016071771253118,-0.0207538270228549,-0.0440980132318855,-0.0426709411709644,-0.0950505943209052,-0.0763906056860321,-0.016496378072312,0.0128275792954852,0.0128264359717715,0.0031711406006988,-0.0223887364817375,-0.0205120691549761,-0.0512761298029065,0.1118800461361015,0.0014330639703832,-0.0056788665879574,-0.0031131564699514,0.0110786963291751,0.0,0.0,0.0253878702397742,0.0324832239431314,-0.0061737024627165,0.0045336101518971,-0.0449975361579625,-0.0788613065510939,-0.0851127920208849,-0.0093410934047621,0.0038538913190953,-0.0036511095201319,0.0144113826898097,-0.0182059027833868,-0.0118558431798921,-0.012635193353824,-0.0062615656065758,-0.0193728332617389,-0.0066969083360671,-0.0035719417814544,-0.0666655249626447,-0.0016066929695298,-0.0196101475797921,-0.0133225777990648,-0.0062179839972905,-0.0725179876275947,-0.060863315435674,-0.0077896179971334,-0.0878843751858681,-0.011738263403963,-0.0154545103682507,-0.0111250294559029,-0.0575723000977972,-0.0223101323073583,-0.0134791487671458,-0.0073762641870827,-0.034517864267338,0.0113503306996909,0.0084071001529406,-0.0179011081888381,-0.0203556716567868,-0.0094032176579832,-0.0281545622904049,-0.0374609295372698,-0.024797561557812,-0.0600174367916302,-0.0521622880614822,-0.0157749630399168,-0.0259251868793073,-0.0487540136338657,-0.0298409843437027
2022-06-20,0.0015400158906098,0.0,0.0077427311970399,0.0177187370681459,-0.0163907113068875,0.0087298647471643,0.0076206127101507,0.0201225655577843,0.0265152554150551,0.0140734244732227,0.0047116521434513,-0.0027933831088587,-0.0239975067525451,-0.0285719914554209,-0.023019271948608,0.0018654616213433,-0.0253302330183545,0.0129719065566571,0.0095034832682319,0.0038149793017079,-0.0041883250439399,-0.0099885844748858,-0.0186721991701244,0.0,-0.0163146083425357,0.0072414573432904,-0.0203745663102741,-0.0011939073025235,-0.0224460082504246,0.0096286107290233,-0.0089910504786229,-0.0020691720589169,-0.0115992154712444,-0.0077397979505376,0.0017121242285484,-0.0040424364368026,-0.0151888482205435,-0.0137135533482859,-0.0036626029753461,0.003876126899506,0.0312787942608923,0.0425151493086737,0.0434963823565803,-0.0141610549336335,-0.0024679018515435,0.0054779231724122,0.003584746286491,0.0840328810356056,-0.0112268606688504,0.012861130614971,-0.0257658210061061,0.0116191764336264,0.0086867191394861,0.0113535073424149,0.0,-0.0086814385887119,0.0010797897109537,-0.0329678329823932,-0.0082902724125821,0.027857734072912,-0.0097208104293933,0.0213308825138405,-0.0084985254168862,0.0012254552708825,-0.0201564537157757,-0.0025001838370468,-0.0432914085342713,-0.0016295627757721,0.0042452169478255,0.0096567352509462,-0.0495696026048859,-0.0139426290469868,0.0273552472112981,-0.0246736519014515,-0.0041490406865809,0.0037398886437651,0.055630884403109,0.0232503265495302
2022-06-21,0.0091965055237797,0.0,-0.0115135306649745,0.0080196493773025,-0.0143650247684761,-0.0051906033207952,-0.0410047728308403,-0.0071581312746911,-0.0071078016584871,0.0035717035782192,-0.0054740548974486,0.0107466416744768,0.0144382180759479,0.0196082407919782,0.0189041095890409,-0.0102248832244498,-0.0476117963555149,-0.0369200806061219,-0.0141210259683274,0.0016287773773218,-0.0084118817830184,-0.0065284113068694,-0.0063424947145878,0.0227968358707317,-0.0024865713078641,-0.0245338126263759,0.0048065629460978,-0.0050036279448216,0.030913668682069,0.0115803814713897,-0.0138319334774097,-0.0132728876601705,-0.0136770008748159,0.0177168766478428,0.0196557754988473,0.0152252566621977,-0.0026601380994404,-0.0044536062988403,0.0404405222968033,-0.0034321427122043,-0.0089825613861542,-0.0043148271740985,-0.0106220979579608,-0.0159678446704298,-0.0049480149182649,-0.0318389815150415,-0.0053579126721818,-0.0271330458663573,0.0162273563373362,-0.0077607195996212,0.0100701501343998,-0.0022055533622844,-0.0105963934819075,-0.019914892101702,0.0038939831679436,-0.0048194567476779,0.0275116794865744,0.0178537302887984,0.0,-0.0020792769404581,-0.0042080243960774,0.0019582720926945,-0.0208901249818841,-0.018942844130707,0.0133858477260027,-0.0033450055289347,-0.0176218837648478,-0.0077547694000498,-0.0097026962265702,0.0047694348092226,0.0357772867382182,0.0133091464578958,0.0055492693261429,0.006623707477896,0.0148960456583773,0.0311211353693507,0.0497910485563355,-0.0344577678218473
2022-06-22,0.0098696660617412,0.0,-0.0194203696060897,0.0109076042518398,0.0180728701773091,0.0139271319685541,-0.0036347266452139,-0.0051928377169767,-0.0042880338736733,-0.0110665171457239,0.0377054209211622,0.0554800024726462,-0.0269347800593751,-0.0667577835302007,-0.0104866899704221,0.0028218351659043,0.0227575547620315,-0.0080364709664221,0.0047744284847259,0.0027159810400305,0.01889793599697,-0.0459991807196012,-0.0361702127659574,-0.0097549600668466,0.0066554532363654,0.0377262886360496,-0.0063661049867822,-0.0055093283424804,0.0154276131917272,0.0013468013468012,-0.0114975672386108,-0.0117694225425454,0.0112274477566736,-0.0111424857693513,-0.0393918721372186,-0.0339918231484496,0.0183978839737652,0.0296119183373182,-0.1060064113993369,0.012478547950784,0.0045400392826093,-0.0110832255148008,-0.0074370781555541,0.0016070711128968,-0.0039780956110416,0.0155772897972552,-0.0215470981590026,-0.027885430938866,0.0023881275942458,-0.0092357501917014,0.0162138304363066,0.0243569182721727,-0.0046850992650675,-0.0029611866546765,-0.0038788788788788,-0.0642298455504879,-0.0125969373696019,0.0334937757447486,0.0023902568577607,0.0052270893302339,0.0152919659633663,-0.0175900028226116,0.0136741051919309,0.027722571192317,-0.06453256302521,-0.0352080771471101,-0.044606092317492,-0.0310498417139071,-0.002762730227519,-0.0238101281888564,-0.0112359550561799,0.0328452710724178,-0.0022026695397138,-0.008552670755672,0.0246631907902665,-0.0019133268033232,0.0193698758794207,0.031891845786421
2022-06-23,0.0022487026715354,0.0,-0.0514882970514649,-0.0146130244646834,0.0230487138986448,-0.0060118860201511,-0.0063923425760136,-0.024118159717444,-0.0264065948916618,0.0035988182984689,0.0287676208012026,-0.0135777523988012,-0.0284668616046227,-0.0344421270571041,0.0054347826086957,-0.0046736528882851,0.0044293903074517,-0.0227492340325242,-0.0205774574155357,-0.0210939162339194,-0.0101100208147486,-0.0200382874420768,-0.0198675496688741,-0.0084381561647599,0.0,0.0201970880681816,-0.0128318824317231,-0.0093969744878713,0.026160451900846,-0.0336247478143914,-0.0234928901075619,-0.0199907670355189,-0.0300459942239812,-0.0028102110377837,-0.0283594405216026,-0.026910616303676,0.0151879891251878,-0.0010833362145465,-0.035573283405918,-0.0186968512985519,-0.0214597089557023,-0.0229114123581337,-0.0228851421344636,0.0097383785711102,-0.0249748815846131,0.0161908108076975,-0.0165161997975026,0.0450795099644734,0.0031860381568249,0.0021498718676367,-0.0036790066681995,-0.0021630195753272,-0.0211935940137792,-0.0185213865986425,0.015638738851903,-0.0376108382503214,-0.007448603968159,0.0113184072754899,-0.0041698208427959,0.0135149707055821,0.0093149564193111,-0.0225455241975857,-0.0053958585395023,-0.0077070746993394,-0.0667329167438649,0.0112986228904923,-0.0225823734261989,-0.0316221863424827,-0.0118420337878211,-0.0073068622097407,0.0134668383072851,-0.0405491698595146,-0.0365082602488273,-0.0364972408874206,-0.0332348075611342,-0.0014898658612237,0.0046532464952726,0.0117789037766884
2022-06-24,0.0255144111837688,0.0,-0.0688771108098114,0.0095846033457187,-0.0267285590654853,0.001722414151513,-0.005818751368375,-0.0013348875686245,-0.0083006366597572,-0.0147301942221005,-0.0073561406533501,-0.0057740262824573,0.0244174735096527,0.0423778786149222,0.022972972972973,-0.000942369246267,-0.026562905317769,-0.0242314254879143,0.0161582106734643,0.016020350015568,-0.0102132772604385,0.051759078378033,-0.0416666666666667,0.0,-0.0107345923138876,0.018796501762172,-0.0064901730712819,-0.0026742544178682,0.0279611778687443,-0.0006958942240778,-0.0292998597581298,-0.0073800211265595,0.0020180633208721,0.0169451464518828,0.0395102290841506,0.0361610407605557,-0.0211512150828563,-0.0059763484280357,-0.0040979109516776,-0.0030330354947126,-0.0046022569074798,-0.0024924782008984,-0.0017040650406503,-0.0064222815651829,0.0143434097760482,-0.0293490829120095,-0.0093297587131366,-0.0313697451288484,0.0095277586678099,-0.0221905677215625,-0.0318357822396595,-0.0246963917978044,-0.0065260459153944,-0.0075465042884192,0.0153979345742378,0.0517830231147122,-0.0187445189018389,0.0096621250142892,-0.0053845520369443,0.0,-0.0121734756908924,-0.0030507629134117,0.0184496427522755,0.0150502147998521,-0.0173317210802096,-0.0257751497232961,0.0348800029234157,0.0486536452842032,-0.0056108331959027,-0.0049245599329421,-0.0041549821769601,0.0082909436653195,0.0298600388504259,0.0278239356365725,-0.010080448957083,-0.007251653774272,0.0212275461697026,0.0356360903238457
2022-06-27,0.0036557430695154,0.0,0.0201742077255036,0.0237272517853028,-0.0001435839594228,0.0,0.020641521899325,0.0086977803716323,0.0139595211212408,0.0068686210247401,0.044480468459229,0.0361790539699917,0.0357595803937313,0.0640545495247488,0.0277410832232496,0.0104571549382814,-0.0091136811810478,0.0356216015818091,0.0143232854541777,0.0108761014871523,0.0257966616084976,0.0309852798222469,-0.0470035252643948,0.0,-0.0058447555166715,0.0097373478539397,-0.0130651411699573,0.0046335027994079,-0.0199990365779247,0.0577994428969359,0.0132521768425417,-0.0017448744313579,-0.0026853319246346,-0.015974469454526,0.0151203669601902,0.0153971880165673,0.0221347515285608,0.0071033113966363,-0.053498404519046,0.002173044846947,0.0127352902461497,0.0110056281537067,0.0059744084228081,0.0145268769435806,0.0176741544674405,0.0017284671532846,-0.0150681965793461,-0.0161950477806949,0.0133679356248015,0.0036594997806056,-0.0078266742593794,0.0142457982303882,0.0674486803519063,0.0642823071671079,0.0,0.0529459654346258,0.002183152882103,-0.0020109768063748,0.0036112579533655,0.0061472260642387,0.0272298334375533,0.0180300113022617,0.0021279954968869,0.0105246930881774,0.0149559830053997,-0.0273325033071355,0.0012653124880457,0.0215251879303692,0.0023071196385267,-0.0024481415183742,0.011677101204538,0.0304016143785301,0.0312069257369478,0.0459669685264718,0.0,0.0032214214265564,-0.0184259091433374,-0.0196661565403972
2022-06-28,-0.0145790248355784,0.0,-0.0329847144006436,0.0057393974691586,-0.0116475424585104,-0.0284401403231385,0.0036182572614107,-0.009285354336587,-0.0143102988137636,0.0212685605356703,0.0078077364690976,-0.02672718103883,0.0107371400443023,-0.0060471489981122,0.0154241645244215,-0.0037661752398119,-0.009143717728055,-0.0078875928522419,0.001555706250748,0.008070743412134,0.0016765285996056,0.0058929503476841,-0.0505548705302095,-0.0014249243008965,-0.0201552282588766,-0.0365858816563041,-0.0480161549680266,0.0070377725108363,-0.0130668086675131,0.0105332455562869,0.0048434278041529,-0.0109533390637081,-0.0154932685941292,-0.0077580646626513,-0.0042548138766301,0.002030364002195,-0.0044733469465345,-0.0070532102478995,-0.0434779688790689,-0.0008673331848709,-0.0125751421608448,-0.0064307138572284,-0.0110294355752728,-0.006371239654946,0.0049602867045717,-0.0202686159980413,0.0172110607992261,-0.0205770561331307,0.0015476168542845,-0.0021859452464434,-0.035477843032568,0.0106281957633309,0.0145787545787545,0.0125052727784025,-0.0265529841656515,-0.0004374027993779,-0.0054459927704445,-0.0060612936161935,-0.0197745849621769,-0.0122310864635594,0.0033565121147229,-0.0023388990060776,-0.0154123312349729,-0.0030787579569251,-0.0008806374367419,-0.0353607072141443,-0.0025274269911569,0.0112522345390497,0.0061406089130753,-0.0148568412719355,-0.0197862007120722,0.0135534588317121,-0.0140466894133925,0.0179371628514635,0.0155654774095768,-0.0047092390053843,0.0084857081705367,-0.0272223250424469
2022-06-29,0.0066552594511302,0.0,-0.0568139122967097,0.0035113764385061,-0.0017453137363367,-0.0170265569535277,-0.0051101409009723,-0.0147226434821924,-0.0173096314000822,0.0011798059483349,-0.0450770403312617,-0.0137281026400197,-0.0022768088150245,-0.0071908903946982,-0.0362025316455696,-0.0207276487123978,-0.0092823797633264,-0.0162253507574436,-0.0140791779512506,-0.009072855197458,-0.0125529191690459,-0.0333930334934637,-0.0636363636363637,-0.0014071387518085,0.0162911957687796,0.017999824391957,0.0,0.0033755560550097,-0.0231592927699841,-0.0247557003257328,-0.0200057268301995,-0.005758231941194,-0.0013674677187948,-0.0014282444495307,-0.0111097861515223,-0.0070644931636881,-0.0237546004712113,-0.0049212484185847,-0.0363643171919576,-0.003906387471406,-0.0104317493747533,-0.009458948164964,-0.0102945606475357,-0.0096071216094131,-0.0044422233327782,-0.0113405803568772,-0.0281781446506903,0.0126056202350479,-0.0069719100090137,-0.0146253406591481,0.0340566272729787,-0.0162108860746423,-0.0137338435988159,-0.0088269756542116,-0.0077577577577577,-0.0083850121774952,-0.005475814013977,-0.0243767222684212,-0.0012236177651172,0.0206375639348161,0.0046426301842903,-0.0180908898976037,-0.0059414068750565,-0.0049940877790917,0.0286157579855472,-0.0310173954510585,-0.02356462889687,-0.0117336302955814,-0.0190695464678579,-0.0326797385620915,-0.021444649254306,-0.0118011412886449,-0.012070544304249,-0.0083076703989177,-0.0035332553543337,-0.0176417401311057,-0.0045900002080688,-0.0132517164364297
2022-06-30,-0.0154294032023289,0.0,-0.0602361644615165,0.0104998924567598,0.0136993267829554,0.0009105677596927,0.0090676374274838,-0.0230975143403441,-0.0227259771600129,0.0188370620514986,-0.0213849622327908,0.0017961854824184,-0.0399350788023746,-0.0208905342917644,-0.0218019437877593,-0.0009733564299264,0.0,-0.0016138398997462,0.0111090912763336,-0.0199265922664207,-0.0237299965102947,-0.064244649165339,-0.0319001386962551,-0.014230143293772,-0.0033753927729771,0.011773331033293,-0.0087009466944258,-0.0079286924842251,-0.031330727396329,-0.0133600534402138,-0.0076228321353669,0.0173747436273072,-0.0095966058320425,0.1609714951086009,-0.0341392500887646,-0.0294701621502372,0.0171113817188357,-0.0120781962604831,-0.042453047851968,0.000435745242133,-0.023427887333311,-0.0185946719113178,-0.0177595447627869,-0.0566444924021625,0.0019831309919993,0.0143473577150148,-0.0058034820892536,-0.0290469589482935,-0.0226186506613316,-0.0318991889584517,0.0289870588707628,-0.0222715512943634,-0.0110038949248835,-0.0053415996777527,-0.0313997477931904,-0.021364892573772,-0.0220238545875001,-0.0005181000768793,-0.022641974188279,-0.0515704213041199,0.0092423515483086,-0.017057951343627,-0.0092383278626568,0.0059698571148951,-0.0556393536913893,-0.0213330480368031,-0.0573430413778744,0.0171956126910399,0.0010357212047151,0.0129873726185201,-0.0004304240370998,-0.0199004065969208,-0.0399523316561137,-0.0283035632549097,-0.0112445052498644,0.0306613394136536,0.0161369888211637,-0.0246294681778553
2022-07-01,0.0268690028805249,0.0,0.0,-0.0075769964568003,0.0053212561347544,0.0209860334329221,-0.0068858157138268,0.0020844750645891,0.0075538099589742,0.0034641301408095,0.0369277336360198,0.0134447402198503,-0.0178333100301246,0.0125175080330974,0.0024167561761545,0.0096439659158464,-0.0373678154621665,0.0362660037594675,-0.0062725983339658,-0.0175799393553437,0.0138895981208191,-0.0233169251267627,0.0014326647564468,0.0014495963276892,0.0186090619111543,0.0572013128170156,0.0122842820629667,0.0062965156156142,0.0349670593808391,0.0250507786052809,-0.0074360266165914,0.0113805450757904,0.0055304343884223,-0.0263768894223934,-0.0031350788971736,-0.0104752704059404,-0.0123539884493464,0.0127866820154076,0.0640400335811335,0.0134963330939741,-0.0023836684657688,0.0029563258748903,0.0087237109790765,-0.0342916440649985,-0.0004948014918264,0.0212225669991157,0.0019457863660763,-0.0598271856075097,-0.0151627148840998,0.0229834375947308,0.0601776587028053,0.0132089548233349,0.0186623237221008,0.0214811423741945,-0.0080718656424944,0.005005761864202,0.0140748925030085,-0.0125021598693487,0.0012534985210044,0.0032071762103711,0.0332605667280807,0.0069406783909293,0.0325367504220734,0.0196795130154407,0.0006836416971716,0.0257663212208665,-0.0099070117315663,0.0152927852367883,0.017090327142804,0.0282113665564089,0.0124691512364969,-0.0138159918707523,-0.0115604037364428,-0.0190695225692039,0.0107746974733498,0.0166175328925668,0.0018884070730924,-0.0068844005156853
2022-07-04,-0.0058146555327468,0.0,-0.0307617778854305,-0.0133027834884366,-0.02143563887909,-0.0098318162027519,-0.0033257860383335,-0.0106155453773059,-0.0104593830507819,-0.0249508266287425,0.015990010297826,-0.0168047348942187,-0.0060502135369483,0.0193869188428879,-0.027591749263327,-0.0124141315014719,-0.0291422391712675,-0.0256257238070477,-0.0063322947029852,-0.0156584518768733,-0.0231176026189876,-0.0099473265375724,-0.0271816881258941,-0.0172895599203877,-0.0074720704164046,-0.008224811514736,-0.0242704194476521,-0.0163624894691609,-0.0143584875274412,-0.0310435931307794,-0.0172280249570699,-0.0207774703501038,0.0103238022248017,-0.024576999821553,-0.0053853593370579,-0.0021057467743788,-0.0082531726665473,0.0,-0.0462959872997106,-0.0180439163487058,-0.0084139743655385,-0.0061346654006522,-0.0096299610661074,-0.0106723325274132,0.0,-0.0030326973577188,-0.0291301145114845,-0.0318196029000898,-0.0121629683801313,-0.0227274768100715,-0.0084523283772509,0.0121415025374256,0.0237853000595904,0.0213827696762849,0.0081375508596928,0.0312219573434369,-0.0099932684233536,-0.012129866904485,-0.0025038584591334,0.0,-0.0073430447083384,-0.014129637843171,-0.0202163249389404,-0.0232523272771879,0.0079248259457311,-0.0280178615199343,0.018625327341502,-0.0015856365720976,-0.0160383779392714,0.0149682290697366,-0.0067957524260744,-0.0222337760552063,-0.0046807808912511,-0.005724917704308,-0.0313801091904676,-0.0218710694962964,-0.0003777908270744,-0.0431418705484253
2022-07-05,0.0299720646903292,0.0,0.0079345245532924,-0.0117166790372177,0.0053105623920741,0.0171489927395438,-0.0054421995140299,0.0035139670318824,0.0023402076934329,-0.0078749882375083,0.001428582829871,0.0062954553428666,0.0004101428989942,-0.0744221980847794,-0.0269972451790633,-0.0212484059555158,0.0350002931347834,-0.0202053278514557,-0.0079506372648189,-0.0176173128160512,-0.0131470406269333,-0.018085086023769,-0.0014705882352941,-0.0014729649557088,0.0234255085881351,0.0203260295133946,-0.0142023229223084,-0.0012223149957392,-0.0102850754611515,0.0095432856169053,-0.0104167365363848,-0.0097270889977753,0.0762915118860367,-0.0045236828100053,-0.0176006827609847,-0.0148480662983425,0.008052692411216,-0.0027453791945719,0.0194178397184674,-0.0052459132738756,0.0012048192771085,0.0056574618682085,0.0070735473604002,-0.0035793631202172,-0.0193129993007468,0.0026048647451659,0.0300041385018623,0.11737118078514,-0.0123029866157533,-0.0162727874154661,0.0012248382347481,0.0031088733735986,-0.0427033127719531,-0.0380899340978322,-0.0161437312849889,-0.0710835695607269,0.0302824256783753,0.0208208345475011,0.0112823645817423,-0.011697553925111,-0.0132774380401597,0.0045447868081824,-0.0139441674696607,-0.0138146602849447,-0.0314562293193007,-0.008946976009824,-0.020195448010131,-0.0291820669557182,-0.0046560232652408,0.0368556160938808,0.0389078183994842,-0.0109539508667445,0.0047027936378467,-0.0049567022493616,0.0036628198695434,-0.0030106034473961,0.0200099412970515,0.0152943091783943
2022-07-06,0.0099327836285953,0.0,0.0446290212607698,-0.0118529048870767,0.0335964092930183,-0.0141956628831672,-0.0063923425760136,-0.0035016623059823,-0.0081521474779902,0.0,0.0128548430800616,0.0165417278908177,0.0073014550849883,-0.0559840327230612,-0.0458663646659115,-0.0029611831195641,0.091820550583437,0.0016401052142969,-0.0128066561983807,-0.010405712071733,0.0115458962436654,0.0054572386372495,-0.0014727540500736,-0.0014751377819662,0.0081773058931355,0.0226702259054145,0.0072034674317806,0.0063689875981418,-0.0051872898365613,0.0162052667116812,-0.0033382135643308,0.0008956363422798,0.0240563006571175,0.0136327185244586,0.0206717794250639,0.0193753164310472,0.0676262337515472,0.0440294581799052,0.0190479693035687,0.0079133397147392,-0.0012033694344164,-0.0066417189165075,-0.0092133808286685,-0.0090177133655395,0.0106070166582534,0.0333509639695668,0.0349338154869529,0.0504178937421444,0.0207702549435375,0.0126002932907407,0.0425697550848924,0.0341020557236773,-0.0150819720753654,-0.0128426685380937,0.0287812624057164,-0.013228552098069,-0.0141518741027507,0.0222768259441064,-0.0012345030468584,0.0,0.0253744946367229,-0.0100949630293114,0.0101758286891804,0.002660138949811,0.0081178745928338,0.0080209762357834,-0.0150433419282945,0.0087926419109065,0.007016704838836,0.0544930904681304,0.0386827992731464,0.006813294232649,0.0140296576306875,0.0094222002265136,-0.0042576946791315,0.0172532039470989,0.0029601288763594,0.0943744153935237
2022-07-07,0.0,0.0,0.1030083664629442,0.0119950814465756,0.0249820191062861,0.0225077762480239,0.0147026626471529,0.0126443588984306,0.0205478780270114,0.0103205230803886,0.0211580678411531,-0.0022000529188674,0.0237612248853285,0.00630693534494,0.041246290801187,0.01781986660557,0.0486640726329443,0.0271255561047949,0.0064863971575532,0.0274686006550204,-0.0043900423509968,0.0529192835543148,0.1032448377581121,0.013234298377003,0.0194687131050765,0.0443353592021193,0.0214760490534779,0.0189817590134453,0.01653390629913,0.0066445182724252,0.0105616441616822,0.0352359576933796,0.0154448751556126,0.0300880142405062,0.0576059050064183,0.0454067890504117,-0.0017477476417177,0.0195047670232835,0.0280366861228869,0.0139622953140483,0.0108950086058521,0.0180126238056033,0.0141716000324385,0.0363740906477338,-0.0055007149056263,0.0372974401952899,0.0581701319989647,0.0240011528938071,0.0113911942879778,0.0225717184761553,0.0641808204240794,0.0406819511998224,0.0296320833552914,0.0292719339559766,0.0320277831371793,0.0157984321434565,0.0027605816545546,0.0256404640798066,0.0006180144641683,0.0655999801700417,0.0498691791561827,0.0021097533389038,-0.0089587393273233,0.018543345422729,0.0446421809920485,0.0547232557373811,-0.01894666912229,-0.0068925162106809,0.0113570169743066,0.1168663152850981,0.0178274264159961,0.0042331330038738,0.0230800985751635,0.0290662920394866,0.012233593011288,0.0036024250962241,0.0188166322002931,0.1050720803588143
2022-07-08,0.0056226198174893,0.0,-0.015950293184141,-0.0169974786760366,0.0012465595781181,0.0070415511360237,0.0096597510373444,0.0034603425251729,0.000576634759543,-0.0047173686001618,-0.0151949452920326,-0.0092517568025457,-0.0102291945376985,0.0313500053498303,-0.0173838700484469,0.0,0.016870330975115,-0.0044576791192926,0.0048437083102437,0.009096902577254,0.0008818799605747,-0.0302846201995655,-0.0427807486631016,-0.0057915839779676,0.0063579196053225,0.0246213534283368,-0.0105023734177214,0.0093119807709276,-0.0179834171070155,0.019141914191419,0.0068845078384462,-0.0116336738887077,-0.0006079996810492,-0.0105684227369093,-0.0051057766519563,-0.0040565727442165,-0.0024965219646772,0.0165452179213321,-0.0045449545621562,-0.0038744582448586,0.0060102497744027,0.0020177265857941,0.0004331340916512,-0.001760903126206,-0.0095492214967353,0.0012146319773558,-0.0691588023073318,0.0234385994839756,-0.0233377913641574,-0.0197822419874251,0.019735816274252,0.0069960583538171,0.009059335356268,0.0112410964817613,0.0193805695768678,0.025446049277825,-0.0044047709175,-0.002001879097179,-0.0024836721552755,-0.0050477442166108,-0.0026788292170395,0.000700234947252,0.0,0.005666782126775,0.0057269201493348,-0.0065973631359327,0.0245019325987334,-0.0285767138491894,-0.0025496540541334,0.1629842550087947,-0.0299745111848944,0.0050564133303685,-0.0293211386090188,-0.0230631515486908,0.0012069207813572,0.0031683803660682,-0.0123127372192289,-0.0222971927782729
2022-07-11,-0.014674621746664,0.0,-0.002323356566899,-0.0386811939435116,-0.0432916351979315,-0.0585730132319151,-0.0164469358232508,-0.015202144813786,-0.020132165360381,-0.0078877557035902,-0.0077146970455682,-0.0329214435473078,-0.0373612501354824,-0.0161117922600522,-0.0095707656612528,-0.0019508778950527,-0.0373163374525641,-0.0278024521267274,0.0112338895810779,-0.018035783858303,-0.0114543381362081,-0.0505002562982932,-0.047486033519553,-0.0160705556460811,-0.0165941678749798,-0.0182407339983979,-0.0531091966659339,-0.0099380071527005,-0.0523046232457213,-0.0136010362694299,0.0012632212140959,-0.0174384707287934,-0.0079088044041967,-0.0075359412649383,-0.0188172577725618,-0.0192646411272567,-0.0205363078968752,-0.0254321521175454,-0.0502298134455558,0.0004321697843236,-0.0202755305825406,-0.0126118928437495,-0.0161522373346477,-0.0245994732136384,-0.0101420521174703,-0.0286500362864355,-0.005715161601121,0.0038169688433666,-0.0172931521856077,-0.0675476698814694,-0.040859345988335,-0.0375971343559522,-0.0006449088432219,-0.0048665124181443,0.0,0.007355547270208,-0.0082954851821895,-0.0120246698297397,-0.0198990883701322,0.0202817230697291,-0.0324064299163066,-0.0199841636666636,0.0022634676324129,-0.0023421139645101,-0.0451159885152748,-0.0284921175299848,-0.0258857636480243,0.0014693401604755,0.0007650124498421,0.0432529142688506,-0.0353132860242192,-0.006714379160414,-0.0255460660569873,-0.034085303292049,-0.0265532758122445,0.0080008795470332,-0.0253035750627501,-0.042251186619453
2022-07-12,-0.0219817075934335,0.0,0.0371232876712328,0.0151487197245585,0.0062171539672062,-0.0213457613567025,0.0033427208076013,-0.0028013138556534,0.0041170012547053,0.0027808808499514,-0.0176625506615571,0.0138023996596809,-0.0111466550100338,-0.064563130062467,0.0020497803806736,0.006833066025127,0.0344670743417394,0.021368902590622,0.0206427114262053,-0.0160719299744851,0.0089131232632517,-0.0034990902365384,0.0146627565982404,-0.0089014014532056,0.0474279161205766,0.0076024476172817,0.0037363843620705,-0.0057358642904602,0.0349539302398582,-0.0091923834537098,0.0113780109674812,0.0039931712394394,0.0392862528273436,0.010762412214238,0.007845601800231,0.0020765518015488,0.0092043140508333,-0.0041793228831784,0.0432694687855834,0.0038878478485491,-0.0024184632393587,-0.0005119101680221,-0.0022138122930897,0.0198191502539328,0.0056352819882299,0.0045664391810518,-0.0172220142268813,0.1140694985823815,0.008380694542595,-0.0099976313607832,0.028024186660897,0.0076440895879295,-0.0195627741724975,-0.0150055337731752,-0.0304438195378407,0.0145945377863276,0.0122684846330258,0.0192743948327296,-0.0050740952316945,-0.0059578368469294,-0.0018514061013167,-0.0082299500659993,0.0095838979223126,0.0070704559891734,-0.0619295343175799,0.0361636745916222,-0.0274402840433858,-0.0012582573136205,0.0015362055722365,-0.0646912183306519,-0.0145554734224849,0.016880048035019,-0.0071485819178365,0.0030215880425896,0.0086769183792909,-0.0048040693293143,0.0003766540023582,0.0070011485030128
2022-07-13,0.0565555081839581,0.0,-0.0290846651697266,0.0069957835165694,0.0219827468069944,-0.0246707874227357,-0.0109026094633649,-0.019001552963985,-0.022794720606037,0.0035731215927943,0.0035960251079609,0.0072597116337385,-0.0175346943149548,-0.0554824958412892,-0.0096434833430741,0.007732514726624,-0.0291660559871024,-0.0128768423743047,-0.0171182046664424,-0.0215890268187823,0.004417190666736,0.0091295798386774,-0.014450867052023,-0.0044906740188398,-0.0069043336424271,-0.0033492822966507,-0.0260573303329196,0.0007232339979192,-0.0053345227475468,-0.0159045725646123,-0.0172495726382903,-0.011931867727277,0.0094502964704061,-0.007520372713863,0.006054632497888,-0.0010454587883877,0.0002540908628927,-0.0193924011176792,-0.0184311678451098,0.0025818606841929,-0.0097665720024936,-0.0025526009268667,-0.0040032025620496,-0.0176606340337666,-0.0295595361661753,0.017372385123022,0.011675070028011,-0.0341312188869346,-0.00748191213195,0.0,0.0130928908482688,0.0113791511312129,0.0042524238816126,0.0007142359417462,0.0117906683480453,-0.0292240692118194,-0.027551870648753,-0.0099542656206012,-0.0159483923263983,0.0219917012448132,0.0226186827254206,-0.015511843470106,0.0005592293819116,-0.0065545895839619,-0.007087965881201,-0.0056608289368255,0.0127688821960958,-0.0281513691385593,-0.0020439091873166,-0.0549506634909832,-0.0033777947500978,-0.0033142541499605,0.0023956773647548,-0.0034229270285391,0.0270429357057566,-0.0092360574887288,0.0052670781017238,-0.0340749304752678
2022-07-14,0.0185357380960735,0.0,0.0253577841867553,0.0094905954807216,0.0095590244196785,0.0,-0.0012294322717552,-0.022243284665645,-0.0227270456838591,0.0430790668563974,-0.0028713108853875,-0.0486498695041156,-0.0544019197469424,0.017832602815027,-0.0256712894659191,0.0115262386590042,0.0257648953301128,0.0202145367116699,0.0079128578907099,0.0220653972722602,-0.0114341887417218,-0.0640148728451276,0.0,-0.0015106374050606,-0.059511086611693,-0.0218619594519738,-0.0038220686676744,0.0043235887054169,0.0008968448996431,-0.0033670033670032,0.0254403196830033,0.0044763898626685,-0.0239938673821387,0.010728498335093,-0.0447132526908593,-0.0340877235605225,-0.007599869699442,-0.020843030186066,0.0,-0.0077256355379233,-0.0024657246782316,-0.0143526800503546,-0.0111586462477519,-0.0197833720757703,-0.0131301797279473,0.0056900944348365,-0.0500819563194967,0.0282698598851922,0.0150766262567998,0.0260788946376768,-0.0301443253881479,-0.007918002287532,-0.0319164604689525,-0.0269039951257725,-0.0116532685237115,-0.0384451227998551,0.0039726376614546,0.0366871080064596,-0.0019426272832734,-0.0420670365859159,-0.011967205888835,-0.0146593281822817,-0.0094876130059943,-0.0030642667844522,-0.0179781048024908,0.0180315001831405,0.0117314453890986,-0.0272375705306029,0.0122812178261508,-0.1444744474447445,-0.0156735379043256,-0.0066601053003735,-0.0359272103807037,-0.0666208190788131,0.0077780870818253,0.0014832990582307,-0.0123475889022329,0.0187141124140719
2022-07-15,-0.0168462393096142,0.0,0.0202197102372234,0.0103228042380432,0.0360676858505226,-0.0243249200925824,0.0205466747605558,0.0088068474786018,0.0061128943225725,0.0420640895736983,-0.040257958947951,0.0227278722427684,-0.0004469885945813,-0.0127128731164304,0.0533010296789824,-0.0075857466100176,0.0125098116169541,0.0099100242312177,0.0078507361313651,0.0052483668645662,0.0044486313916365,0.028997206496224,-0.0454545454545455,0.0286194578693002,-0.0016387363787514,0.0161211160191792,0.0038367329243709,-0.0002398666846216,-0.0035752047454346,0.0108108108108109,0.0039689426959339,-0.0004490608770354,-0.0419612001256676,0.0206024861190348,0.0594058715186693,0.0492018961013833,0.0173578905525373,0.0152867792837183,-0.0046967309012501,-0.0103752023895115,0.0308714478551268,0.0197628790615993,0.0180566846246055,0.0183409859225995,-0.0154392404053299,0.013339191945493,-0.0101434067855893,-0.0446755507533465,-0.0148526976848992,0.0024580527946991,0.0155462611185641,0.0121820880752101,0.0198466430342771,0.0170931761464772,-0.0039092055485497,-0.0028899921357476,-0.007906783187682,0.0106611463319963,-0.0038928168587856,-0.0061338858932397,-0.0018335526756039,0.0096725209587562,0.0011285407967498,0.0207819898651455,-0.0112786867207218,-0.0121199037809166,-0.0289851652852168,-0.023554800838366,0.0007591718125681,-0.0789535209950434,0.0008619611005296,-0.0050309746431183,0.0409980733734827,0.0061816274539188,-0.0011861432471077,-0.0019028396995621,0.0056842070551768,0.0402892890032073
2022-07-18,-0.006859215263725,0.0,0.00660632542655,-0.0036317404312894,0.009140498304585,0.023937281836359,0.0141269775703249,0.0079939483153417,0.0127814354222546,-0.0229072736161658,-0.0232173302577474,-0.0004642645276108,0.017534116153602,0.0226185720609353,-0.0235767682576193,-0.0095792667924218,-0.0041184165899509,0.0063304393612118,-0.0093554269404583,0.0110282092582649,-0.0106294289287203,0.0122732950029418,-0.0107526881720428,-0.0146470011439777,-0.0065896674015143,-0.0290555101434196,0.0229324120060461,0.0019151846785225,0.0125446255946333,-0.0086898395721926,-0.0165566910102648,0.001782400625061,-0.0588325715808243,-0.0428138408849347,-0.0067961356856393,-0.0061222984436084,-0.0067755570816264,0.0188136280325912,-0.0094329312275197,0.0008741568520904,0.0095741786273042,0.0081573461433881,0.0133040094738623,0.0306205871423261,-0.0043221632427029,-0.0011991242110671,0.0245936395759718,-0.0035972918204809,0.0184280926476583,-0.0089939910835433,-0.0174951710663617,-0.0070540960686734,0.0333266202719535,0.0228915662650601,-0.0196860362071149,0.0671511796698087,0.0085385621658515,-0.0124689556289525,0.029330939722433,-0.0071904948055486,-0.0018391554633867,0.0106776021819448,-0.02307377973171,-0.0173477830374219,0.0436191893828208,-0.0141520723420638,0.0179088416009998,-0.004096889266863,-0.0032848291707348,0.0047721792105597,0.0055886615456561,0.0126361992787602,0.0107291693629798,0.005264507908139,-0.0231816628979518,-0.0057244324612545,-0.0161979826297948,-0.0006791871122336
2022-07-19,-0.0006880127017728,0.0,-0.0393778099323032,0.0075167425809394,-0.0166497284593641,-0.0058471790119369,0.0269642784407968,0.0339127436464312,0.0366365040829839,0.0052092309573976,0.0467768708181459,0.0518772740174953,-0.001325536062378,0.0357235865059086,0.0170789163722024,0.0038753912654643,-0.0331808893646006,-0.0015756271293262,-0.0078431372549019,0.0028688974887991,0.0161154413313671,0.0235555646197458,0.0170807453416148,0.0148647247849071,0.0049690040282701,0.0081509260676566,-0.0149455374482815,-0.0040625131285972,0.0769907103145703,-0.0236008091706001,-0.0007528846759776,0.0080040946647492,0.003331845254298,-0.0249224771132698,0.0260908771441263,0.0184614813715302,0.0229866216848513,0.0058060683502023,0.0285707280595295,-0.0026201801078759,0.0189836104232992,0.0273144099449951,0.0336981855336881,0.0035095310208888,0.0206329611894136,-0.0119788400623864,-0.0180024831011175,0.0072205580955384,-0.0098724684100541,0.0123713961585103,0.0089033511852303,0.0,0.0111740715342694,0.0202814818635923,0.0040033576548073,0.0122196729933892,-0.0067744277688094,-0.0194244231267824,0.0069695058962422,0.0155232072545044,0.0016589614140352,0.0364456736014087,0.0213109670347106,0.0035335689045936,0.0094775990082514,0.0248894330740243,0.0064522949640042,0.0500449980569019,-0.0050654761037711,0.0947881666371928,0.0547241919145409,-0.0008306282222647,0.033062295921634,0.0021832578487195,-0.0182609999000766,0.0127897034792243,0.0321586141674548,-0.040114547537228
2022-07-20,-0.012428061999082,0.0,0.054655979342622,0.0033926895811073,0.0052821535554821,0.0323264382102272,0.0002855669694203,-0.0160470819028936,-0.0127547564209263,0.0122172446214259,0.0051250194129521,-0.0013198113994415,-0.0172548407245471,0.039425086220078,0.0075275043427909,0.0048007918831973,-0.0042773752012883,0.0170078965233857,0.0,0.0040049666455665,0.0132165440033171,0.0062764007332429,0.0717557251908396,0.0043920575257394,0.0082447255358473,-0.0179920288479787,0.0208726212926451,0.0021597634384109,-0.0016410070340653,0.018646408839779,0.0010057089750399,0.0220565122565732,0.0344558151648994,-0.0078618606966013,-0.0075022293446374,0.0020221894299612,-0.0318537767730208,-0.0099682398172396,-0.0185188716574735,0.0004378439145613,-0.0151254669884616,-0.0167389315406341,-0.012701325046677,0.0121924928737395,0.0143610941279672,0.0153571583561169,0.0264802978155511,0.1003592223891811,0.0074757137925931,0.0187505433890087,-0.0110309763253969,-0.0012554216986102,0.0085235181999243,-0.0003454900903331,0.0039873946877613,-0.0044705049699652,0.0335069838746309,-0.028730222523056,0.0069146066068468,0.0336384251154373,-0.0079078063325033,-0.0070309722869819,0.0095893119421535,-0.0049378301056338,0.0130001320480654,0.0448108592438489,0.0556551380620151,-0.0206743575633914,0.0050912657889632,0.0,0.0490472136729749,0.0591096289642916,0.0274303704897305,-0.0216310221915603,0.05517434414202,-0.0130478003067131,-0.0359801088202527,0.0120448379834046
2022-07-21,0.0181795430982087,0.0,0.0021678143330783,0.0042812546454586,0.0045813347554961,0.0445901639344261,0.0069230220220299,0.0120521562294395,0.0134978826850691,0.01023937405406,0.0051070197124456,-0.0022058679033939,0.0099019912319346,-0.0376126155576186,-0.0008620689655171,0.0067152661478342,-0.0086420377015211,-0.0037182775298927,0.0031660885698152,0.013112746583896,-0.0017392193974116,0.0020790844108271,-0.0014245014245013,0.0073016454125736,0.0089986073583849,0.0210660585211239,0.0,-0.0004798484689045,-0.0139921366504773,-0.0149152542372882,0.0115556911364367,0.0073386074152583,0.0397180084345691,0.0,0.001256567682121,-0.0030180720701066,0.0114768206739246,-0.0201372121948886,0.0283036510106884,0.0078777412410397,0.0118162439785829,0.0095071647611881,0.0081467861092388,-0.0223636879969708,-0.0319909327358373,-0.0119406972084947,0.0,-0.0195448774711147,0.009896919326892,0.0343928388552789,-0.0022194793282678,-0.0066941399163972,-0.010957197562236,-0.005141994925441,0.0,0.0260570636645474,-0.0049444776365397,-0.0035661590561384,0.0,0.018505467524496,0.0157524309028809,0.0021246919893997,-0.0061479709597548,-0.000469970281291,-0.0078407602213401,-0.0098276949767368,-0.0135260924550467,0.0142238775170246,0.0045592926541493,0.0129918080073843,0.0189346650020807,-0.0031396890986025,0.0066714923392448,0.0175090294377509,-0.0023471914086364,0.0019182588890294,-0.0253942068549704,-0.0140003616039493
2022-07-22,-0.0034322934040273,0.0,-0.0150909784959918,0.0015717134637174,-0.005767711687971,-0.0263447665503792,-0.0068754233150094,-0.0077026880608336,-0.0127378062344646,0.0094162569702476,-0.0413362892002978,-0.0070704434783036,-0.0044554738678947,-0.0334984137336024,-0.0198446937014669,0.0133246350811382,-0.0347675367047308,-0.0009286306224762,0.0031560960900591,-0.0157554288312978,0.0252626184985906,-0.0034579513120455,-0.0356633380884451,0.0130234624237772,-0.006488220929821,0.0206692913385828,0.0037155212225534,0.0093362699559085,-0.0091812287432774,-0.012388162422574,0.0094372402218521,-0.0124284285036565,0.0086269524155466,0.0085873400501637,-0.0012549907013643,0.0020242176672258,0.0068097436751792,0.0205510531122381,-0.0825690890239323,-0.000868463055112,-0.0105170611946983,-0.0089287145536444,-0.010631807147586,-0.0140882573648665,0.0238369181206599,-0.0161187412133664,0.0079375940878609,-0.0498326097285847,0.0024427125741537,-0.0123665031855891,-0.0301771588755346,0.0101088801326014,0.0107636925763443,0.0106845391921777,-0.0119146755492921,-0.0074462580141557,0.0176677225891495,0.0250743104428028,0.0050014885382554,-0.0375884466864578,0.0111298407487911,-0.0272098428648972,0.0061860023223898,0.0276168217836842,0.0143667967364313,-0.0379090302734665,-0.0148308669451928,0.0278257160507142,0.0151347079635753,-0.0512779625495467,-0.0182029814171941,-0.0173498293978694,-0.0154716393226514,0.009332975827077,-0.0259120794121436,-0.0031926609212241,0.0201358428313047,-0.0134816232161363
2022-07-25,0.0117152747804485,0.0,0.0196889049661517,0.0049307677218779,0.0280601700626113,0.0009301047424772,0.015289331567553,0.0105915168600669,0.0134899486657,0.0125539826612515,0.0219348958113547,0.0062282124137793,0.0134334255235084,0.028203416039924,-0.0123239436619718,0.0159499130882636,0.0,0.0168014824837485,0.0015630636046652,0.0114357627489605,-0.0033986405437824,0.0090218706005986,-0.0281065088757396,-0.0014350919854099,-0.0008074187534879,-0.038721163118463,-0.0037017672278574,0.0284548435818055,-0.0067383621637159,0.0097560975609756,0.0334538086099232,0.0104160226013421,-0.0006102257835398,-0.0176859852476292,0.0201571686209658,0.0070431506724661,-0.0077653837630198,-0.0063597120682571,-0.0550016347314792,0.003042262785726,0.0082650170162115,0.0135137320868243,0.0146167370824257,-0.0017923347000907,-0.0253972870779237,0.0114696167818022,0.0019687712152069,-0.0244766456459666,0.0065173667517599,0.0007796836711961,-0.0103681512860721,-0.0075070132600972,0.0432193609142339,0.0467128317767977,0.0040194489465152,0.0414649017390074,-0.0027126552147405,0.0109858479251618,0.0198866441534846,0.0102859660922605,0.014977691399892,0.0177983804046126,0.0111698630520236,0.0052753404747807,0.0162939648863762,0.0075121840174663,0.0184626156803424,-0.0164137348759668,0.0091918394749153,-0.0585636420390424,-0.0015433061694809,0.0264796360086208,0.0078634725873989,0.0184953970962369,-0.0169319084171519,-0.008757259707483,0.0300266154571795,-0.0259012922360776
2022-07-26,0.0095335939472562,0.0,-0.0257449827691059,-0.0044600361508926,-0.0194206045511859,0.0,0.0034054784462895,-0.0020921735030645,-0.0069403497240292,0.0063764373442269,-0.0192425218439785,-0.0344965232432645,-0.001325536062378,-0.0105754276827372,0.0032679738562093,-0.0110894602601269,-0.036072673497412,-0.0354950503642075,-0.0078431372549019,-0.0050852042196376,-0.0289869608826479,-0.0123801289105486,-0.0258751902587518,-0.0100201600830356,-0.0195957267293319,-0.0146230419013813,-0.0371762038708592,-0.0011521391654292,-0.0161132438436855,-0.0055210489993098,-0.0128515721966132,0.0081574822422956,-0.0103901823787311,0.0093368918791354,-0.0102942771987823,0.0,-0.0093389756311105,-0.0069328409354805,0.0158740104283015,-0.0077992341292613,-0.0023444514648665,-0.0049312576302833,-0.0055090006207324,-0.0411501377410468,0.0016278470366402,-0.0267215804744465,-0.0235788332542855,-0.0645152454295016,0.0064751657219712,-0.0297347430903358,-0.0151239239428623,-0.0109199811895156,0.0144091436638453,0.0100917872074581,-0.0160780009039839,0.0055065098145687,-0.0125121551507239,-0.0256819883373929,0.0048731056205302,0.0020316571205565,-0.023111868011221,-0.0017852624476369,0.0,-0.0093708165997321,0.0083668410555091,-0.0009345890375787,-0.028164766315134,-0.0134383767255656,-0.0051697599122449,-0.0454499081820036,-0.0297889360141987,-0.0273578049152527,-0.0211599313993091,-0.0018438412892042,-0.0055364369914765,-0.0006441915396177,-0.0105729681993246,-0.0465262913368842
2022-07-27,0.0107975714088588,0.0,0.0352424053266748,0.0161259131929523,0.0327853683129015,0.0139808449752376,0.0065153932977852,0.0056006693242778,0.0058305348712706,0.0137236962488562,0.0271733638721412,0.0196969155620434,-0.0008872295724263,0.0243824079096006,0.0198400947586614,0.0523364785415632,0.05144923565832,0.018715583122383,0.0031660885698152,0.044315154151487,0.0359983472781737,0.022285009351745,0.065625,0.0476843357461138,0.0283144651038764,0.0380594385058146,0.0443892122877014,0.0196211425832812,0.0284458594317749,0.0340041637751562,0.0180831999083266,0.0272532870162856,0.0191475157792522,0.0257535178336096,-0.0012445510588355,0.0009939639281453,0.0152888375854098,0.0542415030200711,0.0208337244070204,0.0165885727099981,0.0046999216679721,-0.0009943466581131,0.003406933499779,0.0578457276248622,0.0547422024188415,0.0490822205350365,0.0201235167580322,0.0344843452617487,0.0152724218242907,0.0298430420402624,0.0590954387734272,0.0301588016555811,0.006510103037602,0.0109662686141112,0.012271951699698,-0.0021053164514236,0.0154251912654854,0.0283828025650043,0.0545774534803804,0.0253843157918853,0.0464058476323636,-0.0046471673402712,0.0160267273519585,0.0124594594594593,0.0050681867013815,0.05219062891918,0.012336533424097,0.0292189677504983,0.0009888171186296,0.0049965264789184,0.0422635610979422,0.0361715867158671,0.0102410976482492,0.0022733805429984,0.044529617314347,-0.0321177891010293,0.0255743801652892,0.0720376590153664
2022-07-28,0.0080116719565885,0.0,-0.0319071426776876,0.0017630390881888,0.0322621007980177,0.0349284040614426,0.0185611978159656,0.0041795544418776,0.0075289836839762,0.0024326735549193,-0.0249870883647721,0.0224649360790478,0.0132847410185914,0.0378242937452997,0.0142276422764229,-0.0053280560207032,0.0044293903074517,0.0071661583032043,0.0079002914865815,0.004900089092529,0.0355949947654419,0.0102183814083847,0.035190615835777,0.0151841730495361,0.038862302270209,0.0420580136547092,0.0314385320334842,-0.0031707462805474,-0.0108937043642114,0.0241610738255033,0.0227394947473735,0.0153400026362078,0.0448504818523776,0.0263999867378403,0.0049973205580986,0.0069869468667065,0.0160593580401897,0.0163008488560192,-0.0051014779049791,0.0072968972223026,0.0105170611946985,0.0059559643926441,0.0063695505676222,0.0105727726853872,-0.0118196176119363,0.0297413793103447,0.0433757340770468,0.007407736879774,0.0300853672295138,0.0101730155194179,0.0446429583612022,0.0144338912235528,0.021172216202562,0.029985019255355,-0.0040842787682333,0.0042237442922372,0.013563276073703,0.0187276362870973,0.0092030892169763,0.0029604307706057,0.0006955779004964,0.0251458430601341,-0.0027231632264038,0.0179920450601958,-0.0041246447523956,0.0416296223926531,-0.0068001423975528,0.0021325525914215,0.0034609945206842,0.0074974078111291,0.0091836482444358,-0.0093125951513965,0.0180150471444624,0.0024106147268103,-0.0017820402741102,-0.0004439980971511,0.0394457449766105,-0.0224016882431719
2022-07-29,-0.0112575438240097,0.0,-0.0153894064827549,0.0079210324255722,-0.006527604644446,-0.0150937320761932,-0.0066286009324079,0.0034603425251729,0.0022956047333642,0.0041550028200205,-0.0128053138268802,-0.0101093671976737,-0.0174784236467017,0.0688004679198688,0.0503864872602346,0.0035812672176309,0.0,0.0154581011792358,0.0141010810163948,0.0108231961819447,-0.0180041399894095,-0.0080920178024391,-0.0127478753541075,0.0122272563553296,-0.0155897203154251,0.0162890031130094,0.0197130077516241,0.006589436920827,-0.004243882940271,-0.0032765399737876,0.0199166648833888,0.0130669507762279,-0.0208879516698962,0.014431191401045,0.013677508881708,0.0138769363166952,0.0518633567521729,-0.0095235560287463,-0.0205131861052141,-0.0285554569449406,-0.0023146248173744,0.0014841649178523,-0.0033738756430645,-0.0052310793300378,0.0364027365398234,-0.0261848286126226,0.0018906467315715,-0.0514728607495355,-0.0015333503705596,-0.0155009556012938,-0.0213675677435457,-0.032523011790849,0.0642112252470412,0.0575997563204386,0.0,0.018074343526202,-0.0139170463745424,0.0150000774797391,-0.0005673074021547,-0.0078971697167489,0.001216943401568,-0.0087636572742956,0.0076388509639016,-0.0006686770683098,0.0151905447382376,-0.018712013206273,-0.0002854174894545,0.0285411304928033,-0.0032011784869473,-0.0321942208734661,-0.0003796801704886,-0.0062637609525948,-0.0475699151779823,-0.0132965208170777,-0.0124478634143174,-0.0062398866244327,0.0039383050558379,-0.0206899414670597
2022-08-01,-0.0200919418215438,0.0,0.0133895624670532,0.015060485401565,-0.0015153409441809,-0.0198408238743755,-0.0080563177888695,-0.0020690459075631,-0.0022903470019454,-0.0017210817050045,0.0045736381289818,-0.0119831257016532,-0.02713714856572,-0.0476167312217635,-0.0553284273644044,-0.0071217250739622,0.0044098573281452,0.0033508552741425,-0.0015537417641853,0.0042886189280162,0.0175008578851905,-0.0394304916185925,-0.0071736011477762,-0.0080530376807251,0.0237549129217042,-0.0101510186636272,-0.0246114760931266,0.0024811630104248,0.0238294528620965,-0.009861932938856,-0.0065851787020274,-0.0016084345601329,-0.0071014872376961,-0.0197904725512673,-0.032296908470967,-0.0312820512820513,-0.0079812947926276,0.0045576450733897,0.0052350234389952,0.0206208807180527,-0.0104317493747533,-0.0050514305746998,-0.0056077060735074,-0.0122780779621768,-0.0080240722166499,0.0019793888835821,0.0207578682515239,0.0542660917327151,-0.0061611027825515,0.024406178543096,0.0218341095586604,-0.007979605474841,-0.0124478535863274,-0.0137596843408888,-0.0080718656424944,-0.0350975137710287,0.005428255426559,0.0390833727729347,0.0,0.0358257550241383,-0.0078118900258074,-0.0222676010581519,-0.0016259391492272,0.0033587425707499,-0.0498899212657187,-0.0060599688399077,-0.0321451928280001,-0.0169803320999868,0.0096379293194832,-0.0102249488752556,-0.006448846232387,0.0165494040405866,-0.0476154485677575,-0.0239444101998441,0.0204190632703369,0.0002234922256634,-0.0057028127956137,0.0143362186633659
2022-08-02,0.0054688728530742,0.0,-0.0154234290470246,0.0077421817375293,0.0077179421033655,-0.0064417273835954,0.0134463494509728,0.0150584524933565,0.017212232979868,0.0107107830485726,0.0015260833071921,0.0094354733754467,0.026522514064414,0.0166636872079066,-0.0011540680900172,0.0134394151166541,-0.0087809917355371,-0.0182132220876919,0.0046487806799826,0.0149318906166704,-0.0204760069377529,0.0162780822194812,-0.0173410404624277,-0.0027187252199524,-0.0301614464884825,-0.0324205678097225,-0.0072034674317807,-0.0063043762350361,0.0074829818473038,0.0059760956175298,-0.0205714009854236,0.0064573808438412,-0.0280424055889394,0.0063104036384309,0.0308402645883816,0.0272357204140121,0.0089922030338911,0.0045316169900861,0.0364596881243213,0.0163389385211836,0.0093611785441123,0.0109149149149148,0.0106549548788648,-0.0142134954941752,0.0047649140546006,0.0090723724280381,0.0536124096897576,-0.003676632910681,0.0209157300270415,-0.0023050291545191,-0.0138905468317616,-0.0088970723991157,0.0005450705184983,0.0044534324282887,-0.0326814542590891,0.0008571734704809,0.0134973713869224,-0.0068810821664878,0.0102595998816432,-0.01056784556855,0.0047236123192488,0.0068684970000758,0.0065007769717777,0.0040143837855508,0.0293574738826485,-0.0235414042139882,0.0008952336525533,0.0082161173542498,0.0102813110254922,-0.0206611570247933,0.0080157519803016,0.0069745925556901,0.0292701637436183,0.0318753570501169,0.0100012078753473,-0.0067245488593803,0.0179327270326734,-0.0208368158871318
2022-08-03,-0.0054391269593021,0.0,0.0537049266939637,0.0032015518953389,0.0610251397108028,0.0333406770948079,0.006919099756691,0.0122938243191408,0.0158445384499168,-0.0235897959704808,-0.0242870082706194,0.0298170710541845,-0.028952576936543,-0.0060695311420641,-0.0014442518775273,0.0026522384892848,0.0577384054194891,-0.0086501651129489,-0.0123328496921689,0.0105103175445753,0.0585313068712802,-0.0139281308448406,0.0720588235294117,-0.009484684411798,0.0685836341896612,0.0361844551878021,0.0381028510524914,-0.0231019682701618,0.0387847874868549,-0.0039603960396039,0.0011675441217695,0.0028100016710492,0.0503342548378988,0.009402212950035,-0.0405784026582125,-0.0432178842428873,0.0096178329846003,0.0245744476874238,0.0653245399106341,-0.0067713635375797,0.0081212420723169,0.0073591153218524,0.0071612700004499,0.0198191502539328,-0.0051259795967143,0.0660952720859926,0.0736744448702175,0.0811803807029911,0.0197214314029334,0.02080232313916,0.081259835587494,0.019232705669117,-0.0054724982201999,0.001475472987215,0.0675712347354138,0.0158184348570817,0.0303708290883424,0.0161654617364803,0.0135445307830246,0.0660232675328087,0.0311698263380271,0.0157977361763916,0.0306961065228383,0.0091036961787918,-0.0125209052697177,0.0660731344606504,0.0152019327975874,-0.0110736042863754,0.0,0.0553867791842475,0.0287781225914582,0.0361863029189342,0.0,-0.0388610059208527,0.0361325711369959,0.006545119547519,-0.0091631824701681,0.0851123763348158
2022-08-04,0.0034158614785175,0.0,0.0806758924989972,0.0278674180291276,0.0305325847864765,0.0663065880179092,0.0189458581892321,0.0242985165116234,0.018385975349036,-0.0122550814390175,-0.0163283012319972,0.0609314509139236,0.0142162309328115,-0.0018322945065915,-0.0153312120335551,0.0290974500052905,0.0504483200315304,0.0445892167555934,0.0265221447997934,0.0509599221445633,0.0552948283072349,0.0586181847532183,0.0919067215363511,0.0438256149538427,0.1141758373075794,0.1055162760650323,0.0751855946927815,-0.0032472035702921,0.0548013997273879,0.0397614314115308,0.0258744830641983,0.0263987616261989,0.0724718133266972,0.027336254317513,0.031613381718009,0.0400438327668506,-0.0102225158518898,0.0548214378541354,0.0518884077435524,0.0051131456210053,0.0230236282231446,0.019973735324416,0.0242798695371888,0.0618486578403982,0.0,0.0363182536517643,0.0098053948455931,0.1399305452052346,0.0267880019437205,0.0264167822158609,0.1272531118642688,0.0503112033195021,0.0154185159133772,0.0097397413380169,0.0078800203355362,-0.0172540985334227,0.0082720469438664,0.0113658422952984,0.028950379203378,0.0291430744093801,0.0493064579368842,0.0137884624309649,0.0099294862570153,0.0314915914869451,-0.011501210653753,0.1273002734461605,-0.0014683990399707,-0.0031699354902762,0.0133285967533529,0.1250033316452998,0.0158277772933035,-0.0029755814746607,0.0568755702334906,-0.0057769324865525,0.0326179795166168,0.0147983780849907,0.0245404914258433,0.0420147574770692
2022-08-05,-0.0054502555351436,0.0,0.0078643344314017,-0.0039337540919728,-0.017341396594427,0.0142819057775067,0.0186009974877536,0.0092206386933884,0.0120299379335524,0.0095687952426091,0.0316198909841416,0.0166386783461172,0.0149238571314562,0.0281520304592626,0.0355464159811986,0.0025704297758586,0.0159928712128318,-0.0038831006106853,0.0045640023980351,-0.0148423688862698,-0.014970719034829,0.0266854735718506,-0.0263819095477386,0.0039367195224666,-0.0140696756076871,-0.0023049702951011,0.003250330542089,0.0055824308949077,0.0060229127622273,-0.0031867431485022,0.0147690018926158,-0.0070152652513659,-0.0087190104770913,-0.0665104948984753,0.0207014751004583,0.0148043645195277,0.0035230187174215,-0.0143852628673932,0.0179375406936741,0.0101685399695228,0.0134968933186385,0.0167145952030345,0.0188002018980912,-0.0183020292374916,0.0103111032437934,-0.0276107136409848,0.0194203653409725,-0.0538914130683489,-0.0007227858230723,-0.0051508654499817,0.0124417638773519,-0.0099800117577895,0.0173544701093619,0.0192987752285664,-0.0117906683480455,0.0308331117078319,0.0271827609634784,-0.0022457029338094,-0.0091990256483738,-0.0221270307242209,0.0001604206934868,0.0191768028895673,-0.0481100546646287,-0.0074698765030466,0.0083125952756315,0.0007457304880846,-0.007349411438578,0.0129287448778265,0.008128432673206,0.3155725082328413,-0.0196393661397504,-0.008944834486356,-0.0179463797191319,0.0129609108031467,-0.0092549814453271,0.004194916809556,0.000691448584785,0.0073907430754249
2022-08-08,0.0137003090229446,0.0,0.0097364483830129,0.0033263732813737,-0.0116855341530528,0.0314846800841095,0.0314880428377071,0.0026117077819727,0.0032468118111799,0.035462890112772,0.0390807349332693,0.0089287308701939,0.0,0.0202365341164447,0.0164539007092197,0.018811257453448,0.0157411254212251,0.0098929117797041,0.0,0.0080376836517253,-0.0136784229582941,-0.0084473571839668,0.0245161290322581,0.0405259990151196,-0.0006823710912003,-0.0046205909150071,0.024307652883788,-0.0120267641289041,0.0276957746478874,-0.0172634271099745,0.0418709820438925,-0.0011789053390643,0.0170422319652134,0.0123056400850389,0.0081189351680073,0.0126526589941224,0.0049099429795267,0.0094151412271183,0.0220262518627389,-0.002517963171953,0.0133171531236211,0.0107981042654028,0.0124347070840522,0.0203211297802428,0.0086727989487516,0.0010894736327839,0.0079376665085215,0.034808235127469,0.0224828429473102,0.0539567399931666,-0.0193161752902776,0.0145176078250666,0.0482408305665857,0.0504678696593401,-0.0079116952721239,0.0240976389224096,0.0698931105273339,-0.0004520752176212,0.0049169896453982,0.0171954295283509,0.0201139195443216,0.005816826124062,-0.0179358771977573,0.0197922444657354,-0.0117781596867772,0.0118736642127761,0.0198445673496077,0.0165305702004927,0.010200498433446,-0.1216301392065406,0.0467365605521457,0.0150397349279076,0.003429533608191,0.0085293567105508,-0.0043999518637745,0.0059423415332078,0.0312176107430939,0.0306874896958977
2022-08-09,-0.0040588621368612,0.0,-0.0057900975654235,0.0008269737479296,-0.0244763427308281,-0.0160626854261844,0.0166811259936379,0.0156202871792998,0.0145453891655731,0.0101767378717498,-0.0597281419191336,-0.0209162994035292,0.0071341768532418,0.005249945690217,0.0220485626569912,0.0218000891560372,-0.0116342483184876,-0.0092012836912855,0.0090865338338628,-0.0034914277237374,-0.0046227056424201,0.0117959856201319,-0.1095717884130982,-0.0062750872026783,0.000682837039456,-0.0504086302713305,-0.0253212058397812,0.0037446394806115,-0.0036400315761776,-0.0117111255692907,-0.0103151569827314,0.0043248831549247,-0.0508099495441267,0.0083181657209214,0.0160946214021033,0.009609870536102,-0.0207165515441973,-0.0107241925896571,-0.0344833708393808,0.0071522380592305,0.0186167317293186,0.0278846803051784,0.0261467917620688,-0.0199164059109701,0.0005024938584086,-0.0232737459067196,0.0,-0.0581033527200367,-0.0191504412854544,-0.0182285172809336,-0.0241706678306417,-0.0015873833460542,0.0132210502112493,0.0163791367389407,0.0,0.016224782105199,0.0144640149305959,0.0008997478781347,-0.0217361271010823,-0.0186815503377937,-0.0252377181359906,0.0068013843920955,-0.01992628107419,-0.0175043884589709,0.0185937040305972,-0.0660278872532754,-0.0180058037995185,0.0100873081856893,0.0119739057949248,0.0076883649410557,-0.0042512738611301,0.0118501139107076,0.0204821952964984,0.020704830370934,-0.0049708773069629,0.0126865477951672,-0.0050436080916225,-0.0258912147276733
2022-08-10,0.0284931411823872,0.0,0.0563121933324162,-0.0072405869887793,0.047271870700718,0.0097949443658258,0.0085748775513037,0.0160280062636115,0.0159318069043736,-0.011413097984154,0.006274338219208,0.0710763821411946,0.0128328885355744,-0.0017408425678028,0.0062807209175315,0.0032931308667689,0.0353135920544418,0.0122766087567101,-0.0329854818093365,0.0505026875574861,0.0386900696626144,0.0187830785743365,-0.0056577086280056,0.0063147125747446,0.0264937993235625,0.0595910217570918,0.0454678791434439,0.0016334504383228,0.0372815704916589,0.0296247531270572,-0.0184603918533488,-0.0035213532976766,0.0808635643010351,0.0437797616616706,0.0051448287717488,0.011411752556026,0.0221055524705382,0.0193275417469895,0.0892850575558088,-0.0012531964978239,0.0053745381256298,0.0167279733753722,0.0185334550057403,0.0796532357670527,-0.0030320504473669,0.0413260717497752,0.0236254684360122,0.0681814153802526,0.0187945393663604,0.0307078814355743,0.042204827136334,0.0350295469468155,-0.0035174311406122,-0.0032230367875305,0.0439899672004631,-0.0099800878055801,-0.0050592158215475,0.0085567461290338,0.022219083933531,0.0217582552477597,0.033171439868282,0.0192549944998403,0.0225865286732269,0.0126575907798385,0.0301863298223994,0.0848366692660946,0.0112389353446664,-0.00101917740755,0.0011605454563645,0.0400813835198372,0.0750891691043373,0.0270940099134671,0.0155974173578699,0.0007152223149362,0.0294124346116175,0.0021579894304648,0.0371861503550252,0.0704379888935331
2022-08-11,-0.0019728189390618,0.0,-0.0533101801606252,-0.0212603227289995,-0.0281252457957711,-0.0177877921887594,0.0442845547469354,0.0050487603964606,0.0083642960559595,0.0285222984214583,0.0732659663280923,-0.000383972725278,0.0187811851768795,0.0075588107952084,-0.0366350067842605,-0.0024547278057538,-0.0113696926629951,-0.0233715960707971,-0.0062144886363636,-0.0333168006154219,-0.0178737767257345,0.0292445461646049,-0.0128022759601706,-0.0012620287111532,-0.0423518984171026,-0.0431463010494168,-0.0279531425364758,-0.0037245855425439,0.007751280092789,-0.0095907928388746,-0.0121665230787203,-0.0502565338659136,-0.0405691063925246,-0.0237027646704384,0.0078854141216713,0.0084579908442674,-0.0323232101502564,-0.0231266118138278,-0.0573770837729478,-0.0154698318496536,-0.0032044467393614,0.004888448617452,0.0015144246053535,-0.0062811629864665,0.002027514491131,-0.0260974708628624,0.0153867921191326,-0.0759880537580887,-0.023420052419117,-0.019402004271398,-0.1100331726857356,-0.0223074099751233,-0.0188846821714252,-0.0231709094764183,-0.0191585042814019,0.0225805930485212,-0.0147925574945105,-0.0089274223914815,0.0010879576329725,0.0026631158455392,-0.0147213940010128,0.0009965664152766,-0.0176701163490055,-0.0273470503454104,0.0006853497152683,-0.0043450132187442,0.0064330199211761,0.0087711289947094,-0.0231740099331462,-0.0403560250391236,-0.0132421632181867,-0.0306490532084577,0.0263464926901282,0.0348310636880304,-0.0253342872104258,-0.0064651424479564,-0.0179264591714306,-0.0409725757079204
2022-08-12,0.005288144756627,0.0,0.0504883752923372,-0.0012768717663224,0.0688352347349514,0.0781934834101123,0.0565421299467776,0.0182076161771056,0.0124466971707333,0.0095725635828314,0.0217798196358687,0.0034528608513961,0.0077179176755448,0.0040405125542366,0.0140845070422535,0.0188705776477866,0.0344564240790656,0.0369617265989254,0.007801798582574,0.0359414675008507,-0.0166927025217584,0.0308843513403809,0.0302593659942362,0.028940486846031,0.0082896550336517,0.0144986587891753,0.0431354861988091,0.0023360546176152,0.0272717064817673,0.0006455777921239,0.0246356973708719,0.0115747874481082,0.0373384652739683,0.0074702233051731,0.020325917666095,0.0167909818083633,0.0216268175940839,-0.0018957393634942,0.0043473491691456,0.0212299354720186,0.0128742286889615,0.0088506954117821,0.0121143912503969,0.0505452017898258,0.026825725883536,0.0165195199337839,0.0605970877168535,0.1776326894139364,0.0675871591301346,0.0261522223525272,0.0267047110003715,0.0157346384509144,0.0799695928694117,0.0715618110903848,-0.0116819495038311,0.0201111405133633,0.0070381231671554,0.0081084980522292,0.0521192117716737,0.0044234091204105,0.0092195018261223,0.0099340051648131,0.0123720046447799,-0.044249709387734,0.0374567280153415,0.054549684333812,0.0395241993417645,0.0145615801441225,0.0120988917306052,-0.0019161383696516,0.0244891053539095,0.0411702163567015,0.0171211822431531,0.0121645007286994,0.0597342454143714,-0.0019511341288881,0.0255551563061444,0.0064709859892246
2022-08-15,0.0138062586131559,0.0,0.0258643268727083,0.0379536772339306,-0.0037885933054015,0.0076285039656112,-0.0251745635910223,-0.0123339247846973,-0.0051259269384545,0.0055591378939756,0.0021331430157407,0.0103271454592108,-0.0195702330407242,-0.0350591452178565,-0.0486111111111111,-0.0088603052803002,0.0148521301081339,0.0172338556885534,-0.0015364614111805,0.0019002375296912,0.0439721301802005,-0.0455378083645763,0.0951048951048951,0.0525687384867299,0.0616911948116736,0.0627217350558939,0.0045831099427544,0.0097943072384321,0.0177007473800707,0.0064516129032257,0.020984932858602,0.0232923846133168,0.0587684545430902,0.0333747036453608,-0.0141775309595225,-0.0110036014804242,-0.0171722302250124,-0.0037936419970778,-0.0995673697372789,0.0062399514295672,0.0010679903730446,0.0087730478375394,0.0085992564038228,0.0090354595265171,-0.0251396310355667,0.0339464437174359,0.014287825787062,0.1284913986331739,-0.0081641231246766,0.0509632653061224,0.0847726316407513,0.0120094359854172,-0.003438844977943,0.0003165057762304,-0.0040035587188613,-0.0208722922353213,0.0200349446709375,-0.0035779711472406,0.0144447541440539,0.0176256561157943,0.0114980823764363,-0.0087471965493342,0.0160997685136909,0.0175623838864458,-0.0356662745757015,0.0620659226971558,-0.0139787987682971,-0.0259131485813554,0.016876798361175,0.2337070849416906,-0.0104778636683064,-0.0148313841814777,-0.0241888578434167,-0.0214883806997794,-0.0010425146023449,-0.019998246220347,-0.0181211722001877,0.022510059453719
2022-08-16,0.0051886909744958,0.0,-0.0432331226995169,-0.0049319455564451,-0.0174482021084521,-0.0060600338194523,0.0048860976452078,0.0174743668390151,0.0144093703843644,-0.0084529211157855,0.0191495086014528,-0.004921349998751,0.0221331049703754,-0.0062526180913191,0.0014598540145984,0.0032444023615907,-0.0255466643844408,0.0005755895720545,0.0061947601010099,-0.0037932669511616,-0.011087077033446,0.0043943823650745,-0.0038314176245211,0.0778155890455356,-0.0071047289677467,-0.0381078357268833,-0.0228626519298971,-0.0050792360828931,0.0153790385919216,0.0006410256410256,0.0044933659267214,-0.0027932838598102,-0.0015065913370997,-0.0017938393551416,-0.0235814385038981,-0.0220674609833865,0.003829383457967,-0.0047588463464096,0.0384623001138668,-0.0008268341191982,0.0042223257351505,0.0113008626559132,0.0100128906780043,-0.0104299004139175,0.0262901715681715,-0.0199082168856553,-0.0042259678437848,0.0272289736168649,-0.0185327052533782,-0.0098335443480421,-0.0150919227091489,-0.0072725469243845,0.011505965956575,0.0091441227653852,-0.0079116952721239,-0.0398744137860131,-0.0155304327966198,0.0103128321507568,0.0025428842341177,-0.0043374200166071,-0.0189980047930398,0.0060450512656826,0.0016419350204215,-0.003809123507546,0.0149733951520054,-0.0162302314920926,0.0,0.0212820025595177,-0.0124251591248711,-0.0807370128795152,-0.0208473890163271,-0.0157703793282163,-0.0032373428077228,0.0241566924852849,-0.0209006433166547,0.0042160113690195,0.0082393662574935,-0.1176109026938809
2022-08-17,0.0032241306803657,0.0,-0.0452089217016167,0.0239476335836286,0.0100169776982801,-0.0190509089338917,-0.009024604457569,0.0036863501688142,0.0015237450266654,-0.0088581423378047,0.0076556361321178,0.0026611324038896,-0.0123152373816497,0.0080896619699102,0.0046647230320699,0.0566836458521282,-0.0075092218513964,0.0212411472607385,0.0261950511744637,0.0128560867671927,0.027654733509931,0.0168756027000964,0.0012820512820512,-0.0161624969930238,-0.0052057698860411,0.020201689476786,0.004686564008598,0.0082172758831937,-0.0052690731191326,0.0044843049327354,0.0119371492073316,0.0140143216532684,0.0312187361619078,-0.0233695316838403,0.0114646065751802,0.0117717717717718,-0.0021437011196758,0.0133945811906746,-0.0046291219923817,0.0256418858471998,0.0010623653339716,0.0030122781568189,0.004041580134682,0.0165655478019588,0.0211821142239165,-0.0146114921418392,-0.0099024390243902,-0.0313267021464105,-0.0034958647490616,0.0284600359280498,-0.0054130297396067,-0.0019302388954491,0.0332777194394544,0.0234276039380447,0.0,0.0008236893043944,-0.0092796659320264,0.0403942754241304,0.0086249516357852,-0.0026000529822117,0.0111128263512338,0.0056763488342981,0.0125470428730474,0.0422979048824545,0.0169905144980411,0.0363014197306152,0.010490114582824,0.0218382997419843,0.0154567750463836,-0.0202776927371284,0.0162213913478659,-0.0021815446339016,0.0129797038235603,-0.0245890130350234,-0.0096075224856908,0.00088578601716,-0.005230951091669,-0.055590251088906
2022-08-18,0.0289403603366649,0.0,-0.0335149990683807,-0.0036291453495682,0.0070999556588688,-0.0015582494783825,-0.0231266216250931,0.0042735042735042,0.006077254669935,-0.0176126308712889,0.0174757281553399,-0.0056878880950792,-0.0060137101557219,0.0442929000996177,-0.004062681369704,-0.014553478780555,-0.0264147604088313,0.0202360518442545,-0.0059994650158583,-0.0009398449255871,-0.0065458045884807,-0.0276592381855539,-0.0384122919334186,-0.0109571037792074,-0.0182965119598104,-0.0243589332135176,0.0,-0.0091265565376607,0.011923197065059,0.0012755102040815,-0.005054380463068,-0.005130780787932,-0.0204925528615619,-0.0030641416454756,-0.0198326033113309,-0.0174522141754719,-0.0186383909692188,-0.0037757230534719,0.0046506504205223,-0.0225803286195578,0.0,-0.0021451654199334,-0.0029269924455718,-0.008901472715051,0.0004851410754749,0.0,-0.0100014780509435,0.002487677036514,-0.0035081286924929,-0.0218755958964188,-0.041707339534027,0.0077267866487678,0.0132115184218399,0.020146318150068,-0.0039873946877612,0.0123245956956503,-0.039345509893455,-0.0046960973654484,0.0040278539956204,-0.0392401825765326,0.004708114101632,0.0106190284061156,0.0032311158479825,0.0028083136203209,-0.0298983492300829,0.0210206834532373,-0.0474187294141936,-0.0070573162893039,-0.0033304258187296,0.0620737826958071,0.0335878952251802,0.00218631417586,-0.0192142972891636,-0.0074735320622412,-0.0102314610054549,-0.0116987850858819,0.0134734640001992,-0.0528346036133035
2022-08-19,-0.0212565403203258,0.0,-0.059185001325397,-0.0252927116320265,-0.0063788001291504,-0.0264610446866293,-0.0184146686214309,-0.013389729129283,-0.0125851683203254,-0.0059274913829974,0.0254983036471585,-0.0141184963213845,-0.0142787761049052,-0.0085382010893568,-0.0177738927738927,-0.0031189603465512,0.0038629340119977,-0.0030314552547828,-0.0090727356604644,-0.0197653181215441,-0.017570491909176,-0.0284460338101431,-0.0559254327563248,0.014400494437577,-0.0592562440031401,-0.0663157894736842,-0.0419297138047137,-0.0125220249459341,-0.0458107016426173,-0.0178343949044585,-0.0040238075278732,-0.0091307110465064,-0.0268883548743262,0.0036914399784535,-0.0202276702080649,-0.0217323758889732,0.0170445894273558,-0.0170626991277386,0.0185188716574737,0.008249113178502,-0.0042748456720924,-0.0119069909362625,-0.0119995526727801,-0.0388646826701742,-0.0024127021672923,-0.0188082144573283,-0.0144321688066089,-0.0620348873435177,-0.0119746458615557,-0.0486910953936852,-0.0728418908140418,-0.0084306828085416,-0.0407470202182203,-0.0505663867767006,-0.0200813585587912,-0.0271905042580435,0.0107252329386526,-0.0227171838746435,-0.0315629162266714,-0.0381090849519284,-0.0195305970489461,-0.0144488048519444,-0.0118137502101194,0.0023589368385199,-0.0219759731018065,-0.0486623362325223,-0.0170818601752889,-0.0132317916495442,-0.009543983875673,-0.0665628245067496,-0.0090079825433653,-0.0116516215312604,-0.0152359147449665,-0.0112231862405207,0.0168687440419448,-0.0093733772771107,-0.032100204312324,-0.0175258008789753
2022-08-22,-0.0153194476184257,0.0,-0.0455674803411798,-0.0122488000159335,-0.0045049702376556,-0.0167827480957513,0.01023401604758,-0.0111031239444669,-0.0137665807318919,0.002105721386739,-0.0235202894804857,-0.0170281603201295,-0.0153584098203727,-0.0172264291017073,-0.0269949569860576,-0.0015509887553314,-0.0115894789261622,0.0016561740811369,0.0061103351955307,-0.0177646188008883,-0.0029807892516247,-0.0331827561206847,-0.0183356840620592,-0.0174709072077011,-0.0042445783753155,-0.0075042277339346,-0.0145882525213698,-0.012200574631747,-0.0466403270880081,-0.0317769130998702,-0.0112644839098841,-0.0108180045327571,-0.0404291530401121,-0.0171659931809572,-0.0248632647486676,-0.0181567942406436,0.0160386418846392,-0.0004813379145778,-0.0318170222824472,-0.0065497231303693,-0.0085113409490068,-0.0110117627242357,-0.0112624084575593,0.0031219929434405,-0.0207828236423883,-0.0206379358106771,-0.0263414798357234,0.0105824995956469,0.0128307124600097,-0.0069102325543267,-0.0163244576652397,-0.0042534587815251,0.0158595358909576,0.0214265380357425,0.0040853979968371,-0.0229487372344514,0.0081997359202699,-0.005263429002243,-0.0046575087259795,-0.0075469689712065,-0.0122710558842561,-0.0136651583710407,-0.0097844428719175,-0.0045054115278126,0.0125121531197773,-0.0229501793773868,-0.0278700385887541,-0.024814556918096,-0.0009639296197498,0.0,-0.0227264017169356,0.0007357542749859,-0.0220989178241434,-0.0146357929931442,-0.0305118759017702,-0.0009039511759388,-0.0301508084464335,-0.0154150305658555
2022-08-23,0.0012930284217593,0.0,0.0341098169717137,0.0006301165463564,0.0043001006234335,0.0105657805044308,0.0205192463237731,0.0056138937301302,0.0072381872611355,-0.0021012966414611,0.0110111169931179,0.0188995474329269,0.0539280863535633,0.0607646495381462,0.0091463414634147,0.0046869768998996,0.0078321806439793,-0.0080011683583522,0.0075577920450382,0.0083101629290855,-0.0014838589124961,0.0928703276419011,0.0316091954022987,0.0233315246880085,0.0198959163192036,0.0227183983529162,0.0098632885058325,-0.002179388849073,0.0079130145986454,0.013395847287341,-0.0118212902401998,0.0020247499034247,-0.0026691474377923,0.0056131503505207,0.0596324597575355,0.0524225433110487,0.0011787666320079,-0.0135095673557211,-0.0046967309012501,-0.0082355627077683,0.0,0.0,0.0026616448392708,-0.0124064718296347,0.0172769702949917,0.0161834528740278,0.0150396736217954,0.0863885268765576,-0.0161861786579761,0.0271564176640528,0.0300823973194528,-0.025620620895304,0.0376348018725967,0.0317845685052831,0.0081375508596928,0.0721611126317229,0.0076606127294147,0.0066140990937977,0.0166307920132562,-0.0076043588313526,0.0208124117370154,0.0050681801301124,-0.007682264825122,0.0179009380293797,0.0427900788271327,0.041611453698837,0.0015417276564677,0.0160073470324877,-0.002894579029713,0.0487076797567398,0.0126238859180034,0.0103098881968681,0.0971825635118075,0.064110929853181,0.0165670728482825,-0.0049628455789451,-0.0051832266895037,0.0115387106624349
2022-08-24,0.0233189573106629,0.0,0.0769210806321853,-0.0027304648339303,0.0246707477913308,0.0024155690260243,-0.0166180511794398,-0.0037187995331905,-0.0056444429217487,0.0,0.0565055428391902,0.0088876987618427,-0.0245262286853777,0.0140460720277788,-0.0030211480362538,-0.0007864045318227,-0.0038629340119978,-0.004726901802427,-0.0014925658738208,0.0111486799921656,0.0112170313944783,-0.0178577712094021,0.1128133704735376,0.0054385699136494,0.0174281772439539,0.053486515566971,0.0048926738646606,0.0024277655736122,0.0228435122705978,0.0237937871777924,-0.0176310628314797,-0.0044489938804177,-0.0048120929989277,0.0235730028428147,-0.0081519233251977,-0.0068475606632399,0.0360072419902144,0.0009815224503784,-0.0518859790794877,-0.0033238259932176,-0.003224829674489,0.0066848809566051,0.0041616952771323,0.0439465561527336,-0.0111577256092118,0.0085145936058532,0.0059097024711753,0.0843358597085679,0.0,0.0094905175184827,0.0322214379967473,0.0023891105374325,0.0067171882474381,0.0059786066725091,0.024345788308814,0.0346474030403236,0.0208902077151336,-0.0122620773511668,0.0224939351932074,-0.0124504198774413,0.0093265264165118,0.0043731715057011,-0.0099576212503116,0.011239722794903,0.0333545987457417,0.0496147941778486,-0.0012314835129836,-0.0323170373450359,-0.0101604367912641,0.0547196831739185,0.0141071183385497,0.0342609553921693,-0.0360553563649765,-0.032189943277633,0.0119497042299574,-0.016098051769871,-0.0003458451591075,0.0260524341828425
2022-08-25,0.0012619317262578,0.0,0.0346772055811261,-0.0145307866780494,-0.0006606067358293,0.0248795125943439,0.0237562016502501,0.0068447047510815,0.0072269645887348,-0.0122800002024732,0.0347918436703482,-0.0088094034378159,0.0190727169060895,0.0035309980617432,0.0051515151515151,-0.0171144252060935,0.0389160089420137,-0.0053093418001045,-0.010540234951419,-0.0043124321403629,-0.0081425601166954,0.0006269817100477,0.0287859824780976,-0.0151275444861305,-0.0054838774004428,-0.0156167633104903,0.003239800120806,-0.016710174015428,0.0279079213675932,-0.0071013557133634,-0.0277133895922061,-0.0073042084881935,-0.0075245928923695,0.0151505695116243,0.0143862150184397,0.0147524071526823,-0.0027258911412558,0.021982183899101,0.0248754434724693,-0.0174970143536358,0.0096905995109133,0.0088469374087989,0.012444712276433,-0.0150315310658534,-0.0142324125895166,0.013588175281054,-0.0235507246376811,0.0399994177315305,0.0021489302064841,-0.0087326163619139,0.00097115279801,0.0135138299018071,-0.0101436009783473,-0.0106987290411123,-0.0040035587188613,0.015783609565777,0.0274444831996278,0.0031012082875647,0.0145001218052598,-0.0009740082079342,-0.0032895175183941,0.0117120041550347,-0.0145271168184424,0.0154993060928729,0.0169893299785668,0.0049090970646985,0.0040072562872468,-0.0123160704402632,-0.0134419095658195,-0.0408844039157838,0.0006491973559961,-0.0098666386303164,-0.0074738415545591,0.0194261071356443,0.0021443468554473,-0.0126702721620395,0.0055579998721433,0.0317475883957705
2022-08-26,-0.0094767967942087,0.0,0.0374743804732626,-0.0094037138133866,-0.0044003981999681,-0.0266267989281848,-0.0050204237031109,-0.0049401795481774,-0.003591831149728,0.0088812131337407,-0.0024905236941854,-0.0204786860997411,-0.0178628693854436,0.0035185739838263,-0.0195960205004521,-0.0245511176255037,-0.0112418759880555,-0.008423445433494,-0.0061009858418392,-0.022147022234054,-0.0171541458596279,-0.0595259407784023,-0.0255474452554745,0.0098676661822074,-0.0185875842155919,-0.007128991231006,-0.019394271118409,-0.0027059390034472,-0.0142530113915081,-0.0071521456436931,-0.0072453311206512,-0.0188141186598751,-0.0243601059135039,-0.0214952121854874,-0.0247225888448942,-0.0251957030058626,-0.014577823647036,-0.0310735897331762,-0.0436895145165159,-0.002545725589129,-0.0031891688604739,-0.0026343004080718,-0.0059577622173432,-0.0274780637306351,-0.0209029028417936,0.0072500413315568,-0.0120680387703083,-0.0213661854862038,-0.0107131354567491,-0.0264206096816678,-0.0048708530922986,-0.0176488253366906,0.0099797373434191,0.0108144296941441,0.0396860843488802,0.0064407898981695,-0.002263198691871,-0.0190075662102395,-0.0128103401474181,-0.0184475165961921,-0.0329922819375183,-0.0052919559702417,-0.0051030185170728,-0.0163028360645824,0.0096040959149661,-0.0262650764773262,-0.0021491412257516,-0.0416293294431689,-0.0032204678624143,-0.0278588531380534,-0.0465592311828889,-0.0014212318976712,-0.0667437190622957,-0.0150139942857476,-0.0139230859420799,-0.0142341264566439,-0.0048354344224591,-0.0184572312424931
2022-08-29,-0.0038335114148919,0.0,-0.0057020990010102,0.0066882969034607,0.0143648330338463,-0.0072375917232577,0.0206759237040254,0.0031062132991299,0.0036047789068935,-0.0063394018205461,0.0006241854722546,0.0173572690072942,-0.0095315506832566,0.0194167986968067,0.0092250922509224,-0.0056766007179229,-0.0189642920589803,0.0,-0.0045794683919244,0.0177220491610166,0.0235282294086118,-0.0339786419964595,0.0262172284644195,-0.0086805029540978,0.0210440290121565,0.0271700657340299,0.0033118127523397,-0.0037045899313774,-0.0096417019158995,0.0229207596594629,0.0218885705806466,0.0016679766757452,0.011100054278994,0.0048851364618103,-0.0041601403420837,0.0019989223201404,0.0064721476729723,-0.006905476703185,-0.0558366613001024,0.0199809158111354,-0.0064289271539168,-0.0048341331838722,-0.003372385977201,-0.009432536855965,-0.0076255915600974,-0.0097130029689348,0.0045807957596923,-0.0131010300136588,0.0151556690255478,-0.0048666215748058,0.02350846125531,-0.0087807172251616,0.0216184034101141,0.0249716570201083,0.0152807609696226,0.0252249466388108,0.0163319931269529,-0.0031563348024403,0.0029929670562105,-0.0019754023347692,-0.0032490425693704,-0.0023310424318536,0.0108290887300432,0.0088151763649999,0.0033070508820691,0.0131753764393267,0.0116883576177677,-0.0013248137366161,0.0119293764346488,0.04046887079086,0.0016956861888905,0.0071244529876077,-0.051902075332441,-0.0193463913094061,0.0287892749918254,0.0011798945960825,-0.0152719948291671,0.0
2022-08-30,-0.0140911956637436,0.0,-0.0344087963694655,-0.0132877215798251,0.0041390685472348,-0.0121567151160122,-0.0028276050502933,-0.000617579263254,-0.0030787124140525,0.0003527318828726,-0.019337679341381,-0.0007762816110828,-0.0362906902525759,-0.0158729290082497,-0.0249847653869591,-0.0285730277334677,-0.0231336864502693,-0.0070863105121639,-0.0153873260116287,-0.0251556150007716,-0.0088916527564123,-0.031725388192638,-0.0815085158150852,-0.0076715008328621,-0.0068734367183591,-0.0054478028289193,-0.0033008808530367,-0.0029721186960419,-0.0076488774434884,-0.0044814340588987,-0.0048363293682543,-0.0004197214327099,-0.0076856317159805,-0.0242913081197683,-0.0175279654725505,-0.0109114249037227,0.0059725598272186,-0.0134110633358833,-0.075268787439239,-0.0049988165146921,0.0053921047435332,-0.0026540884930831,-0.0045117299310203,-0.0269327987448791,-0.0158835873785798,-0.0050845061496688,0.0167196617631644,-0.002212490912121,-0.012794220658109,-0.0069957892642815,-0.0191388024883358,-0.0088585012194081,-0.056440594132137,-0.0594556833066511,0.003747582205029,-0.0132198938435903,-0.0124985353278912,0.0013563085239887,0.0019928720555051,-0.0089236790606653,0.0143423863289593,0.0016683047954064,-0.0281871047877145,-0.0039486192019888,0.000209189644547,-0.0458214949185881,-0.0133780784087532,-0.0039747729142323,-0.0002455988347699,-0.0129764661160451,-0.0192966459726605,-0.016276009941036,-0.0206755508642301,-0.028993871050769,0.0073895895635591,-0.0016555176438897,0.0007021721542948,-0.0180295974152882
2022-08-31,-0.0077982260904228,0.0,0.0019875137372271,0.0015185811294804,0.0023875825015811,-0.0278937046297413,-0.0151211989906455,-0.0179817919125454,-0.0251947294376007,0.0017732580422618,-0.0171746120508876,-0.0124173492865039,-0.006805097636775,0.0051075448196094,-0.0484375,0.0168097487900438,-0.0197886736490869,-0.0022818610923803,0.0249925439904563,-0.0084379947229551,0.0104684954427369,-0.0170845374252105,0.0105960264900661,0.0055132055132054,-0.0200679004261405,0.0132981356211847,-0.0345879770033676,0.00671042783279,-0.0315346043757429,-0.0032154340836013,-0.0212915482975696,0.0066635935025398,-0.0011090273019078,-0.019288844031112,-0.009342981557377,0.0,-0.0166664421846589,-0.0090640257108174,-0.0465124632926322,-0.000838265696242,-0.0203498912255257,-0.0190515853968432,-0.0253027620094175,0.0097635256180579,-0.0197790972355232,-0.0335881228869615,-0.0059798951799981,-0.0532151044427821,-0.0071981192562512,-0.0323956594323873,0.0019522153184488,-0.0207237267282937,0.0293555887726291,0.0246654535101076,-0.0187281705407684,0.0163753545881186,-0.0179906317627316,-0.0176033085736595,0.003972555168531,-0.0499960508648604,-0.0226569459421444,-0.0226287770217638,0.0040594907844475,0.026098127982381,0.0016505567802838,0.0798170456741609,-0.0181832354254211,-0.0188420462606091,0.0238255273995271,-0.0410517654885072,-0.0144979608769896,-0.0266177903271082,-0.0037319968203926,-0.0072334865073628,-0.0377381490165709,-0.0255765976941712,-0.0035198376984912,-0.0175537685018332
2022-09-01,0.0104793551681132,0.0,0.0414916456641465,0.0151809911207976,0.0162332760869816,0.0211022507792628,0.0153533602054878,0.0,0.0084393012716152,0.0180327701599738,-0.0174818460488039,0.0110001728907329,-0.017814483152819,-0.0160469818894001,-0.0006568144499178,0.0016432689719654,0.040329062455676,0.0194482892858687,0.0228701117318437,-0.015513488485958,0.0103709352361238,-0.0166671842810854,0.0222804718217561,-0.020844500941908,0.0692087055751455,0.0424645043636837,0.0034111933395004,0.0083962159344368,-0.0238764350913882,0.0245161290322581,0.0297933451792711,0.0111669787496428,0.0260233786162387,0.0266517466981401,0.001286352382984,-0.0050160478453794,0.0150915795067909,0.0228646361732898,-0.1463410805499132,-0.001677937950308,0.0036857120826587,0.00713108678914,0.0154157101215615,0.0516277831987936,-0.0122189510981424,0.0037772200674321,0.0195342887271596,0.0234202815547384,0.0,0.0196516533096384,0.0759484907227916,0.0116150604706641,0.0180256948085999,0.018659353537062,0.0305615219392452,-0.0040269637866662,0.0288957807096785,0.0225161793640122,0.0079189136780759,0.0200009501639031,0.0292665571319492,0.003064715699182,0.0034716948380237,-0.0030525976890882,0.0119298879245155,-0.0204364369141842,-0.0599481786753084,-0.005874665379161,0.0139166600015996,0.0530870057322283,0.0014019657589596,0.0073877419464283,0.0174586860682119,-0.0094576554025864,0.0130776911727448,0.0073148078709177,0.0031801917299707,0.0251768033946251
2022-09-02,0.0032387657900185,0.0,-0.0056912390768542,-0.0064073824523288,-0.0109688494325757,0.0446283932467486,0.0047217903295695,0.0067802318573402,0.0109429813079218,-0.0114598104897102,-0.0105396503673675,0.0101066672366987,0.0079011571949771,0.0130475119482711,0.0683535984226091,-0.0008202865345723,-0.0038629340119978,0.0033625211483485,-0.0074529214314161,0.0010162931248851,0.0329929809050428,-0.0110541442513184,-0.0115384615384614,0.0190514922104736,0.078603501822063,0.0703798575534173,0.0051089983674252,-0.0063686710536909,-0.0103852820615826,0.0044080604534004,0.0025261777010896,-0.0024571346581533,0.0841925607910758,0.0290467325409327,0.0308327953518399,0.0282209021522623,0.0009148637015008,0.0298082249597722,-0.1285719539553528,-0.0062971648562555,0.0152725708315408,0.0143612460703057,0.0137492233702281,0.0828131590046392,-0.0021496017302315,0.0048893827659359,-0.054563643454228,-0.0251727566616868,0.0123306898125425,0.0392564955117304,0.0814435548365153,0.0045134291430282,-0.0145366834569076,-0.0127019141820252,0.0073840290597273,0.0202199113284529,0.0073649891790021,0.0134838146239406,-0.0054024542429284,0.010316721006055,0.0035149726181691,0.0027173316593283,0.004605704153783,0.0077505472029852,-0.0117892435700105,0.0159566909152426,-0.0517555106835473,-0.0109084529067594,-0.0033130866924351,0.1642339562458827,0.0132906451273888,0.0051360203420085,0.0134774113800391,-0.0151832306376957,0.0118276168970159,0.0067863585602609,0.0644817957090975,-0.0102987253435875
2022-09-05,0.0045245879982827,0.0,-0.0019154497926806,-0.0012892246602893,0.0047371157512308,0.0166100449089718,-0.021157712480894,0.0081607141285116,0.0020716801325875,0.0077301297648013,0.0059917037947456,0.0177001637963509,0.0263083870012583,0.0348780738245162,-0.002460781298062,0.0,0.0233131073497878,0.0128605635812943,0.0045091520501356,-0.0066045989177745,-0.0149049651904348,0.0201198675708187,0.0012970168612191,-0.0077052954719876,-0.0018363672021252,0.0173062892164015,0.0338422732223728,0.0027121997816594,-0.015726367224206,0.0043887147335424,0.0123691834334871,0.0344396698969777,-0.0084632986578815,0.0288298735938767,0.0145419474435732,0.018634711650552,-0.002515597784764,0.0101283332052561,-0.0163916438067103,-0.006765636964149,0.0118344986228395,0.0106149186447841,0.0161958483242348,0.0396712563538279,0.0150862353796339,0.0101131954078452,0.092038953352822,0.0140851567665647,0.0229149832007824,0.0260996279622589,-0.0066895033447516,0.0008178109605911,-0.0021410478066824,-0.0026907876560114,-0.0183838742093751,0.0645034379455342,0.0004607629790824,0.004431650316276,0.0153020948238455,-0.0296198971947536,0.0108234155781326,0.0121839100588401,0.0,0.0220758411963681,0.0131657656234127,0.0144871547228124,-0.0003522096092497,0.0278032716082707,0.0033240997229917,0.0195503275759378,0.0041449203427059,0.0043810050343862,0.0072654784855281,0.0365546470054911,0.0095593954681922,0.0057792946530148,0.0228391013442565,-0.0032018131616106
2022-09-06,0.0006411099421357,0.0,-0.0286739969745546,-0.0277721839258512,-0.017682346402264,-0.0357986809155997,-0.0480442149322586,-0.0093433461404121,-0.0062021914409758,0.0041850054073084,-0.0205151700264711,-0.0245746534636994,-0.0278771529961627,-0.0230726531137622,-0.0200431699044094,-0.0206372347803931,-0.0266161390994204,-0.0008245657982631,-0.0164529995815422,-0.0373197210126609,-0.0353044639167613,-0.0365241529005396,-0.0712435233160622,-0.0077496596955822,-0.0404922659236237,-0.0523839577715301,-0.0458393405049719,-0.0063921541942398,-0.0068508321049696,-0.0168539325842695,-0.0135746474609033,-0.0122839339874335,-0.0346413519374769,-0.0256849572418352,-0.0131051000629637,-0.0173345226274425,-0.0164939870740337,-0.0186233339419388,-0.0083366943269287,-0.0119147614171142,-0.0170056835177982,-0.0026206290903768,-0.0092700142959256,-0.0013674509216243,-0.0074277567653779,-0.0348527070063693,-0.0328619993102429,-0.0740749164758627,-0.0252039348406356,-0.0522123402330951,-0.0850932740030806,-0.0040809067399852,-0.035206656526075,-0.0369054358430797,-0.022461760809346,-0.0277595057743298,-0.0178172112818292,-0.0044120974432462,-0.0175018536826495,-0.0242054254358877,-0.0275585199763372,-0.0060207872871423,-0.0143277371215382,-0.0271497416245716,-0.0119809507895396,-0.0648751214644011,0.0197266376430089,0.0055878218500344,-0.0061528752859509,-0.0780891738349421,-0.0312850439709614,-0.0254374405764707,-0.0252197122583166,-0.0237647782057179,-0.021573201993145,0.0076576780381867,-0.0197398847981165,-0.0361451218521894
2022-09-08,-0.0038524091932119,0.0,0.0216638385904557,0.0013277638067519,0.0064359539337621,0.0492354963786669,-0.004287989545473,-0.0037725870427502,-0.0057208237986269,-0.0076388645391385,-0.0216204978951197,0.0116269154351886,0.0069372825143383,-0.0400763096855656,-0.0399622404027689,0.02613056611409,0.0430082902029038,-0.0182337640631365,-0.0106364462666073,-0.0138068509085982,0.0537744241984909,-0.0174380192143143,0.0251046025104602,-0.0134067064710741,0.0338893129060482,0.0193751513683699,0.015439153849134,-0.0019774942323084,0.0344827586206895,0.0076190476190476,-0.0048163614632059,-0.012040772333939,0.0119614791203945,0.0149780958844942,-0.0190836591086787,-0.0097963657538234,0.0118812370998018,-0.0155710594315245,0.01680923144819,0.0129201674556176,0.0021605830531168,-0.0039552483909965,-0.0071077491939663,0.0095477481195249,-0.0224631407733878,-0.000386685640042,-0.0324842927491934,0.0725006345818446,0.0136486163715152,-0.018357301903534,0.0506472370833177,-0.012698305444682,-0.0100286084196458,-0.0093485411273277,0.003819380274749,-0.040737395331643,-0.015349588719154,0.005762092344987,0.0074210335990441,-0.0075586065873072,0.0053450353185757,-0.0063923205124299,0.0081378336475399,0.0501092185205962,-0.0312429531412076,0.0070000772325471,-0.023141749670368,-0.0222320611294625,-0.0066671958091911,0.1352216202515603,0.0205820865399628,-0.0052202786430698,-0.0036864882192658,0.0131922887553859,-0.0161392405063289,-0.0002357299208621,-0.002641379951247,0.0133302129651298
2022-09-09,0.0141911225087201,0.0,0.0616567697313039,0.0026546583817987,0.0097563308234918,-0.0038436061916049,0.0276228365187434,0.0094671833802268,0.0135997489277119,-0.0007016233241802,-0.0151925630810093,0.0076621893294108,0.0707369910252442,0.0270942651663543,0.0131104555883316,-0.0024648234482176,0.0149745301247146,-0.0098474732266835,0.0015442053206669,0.0166913840392577,0.0155925914344974,0.0887264790502331,0.073469387755102,0.0079163177271792,0.0346330089395834,0.0401520551199809,0.0337854594708024,0.0002487487508953,0.0088908712459114,0.0050409577819785,0.013137097324243,-0.0048714454923544,0.0195270287250886,0.0041338014255534,0.0380681528337498,0.0346264939377691,0.0041420632635655,-0.0113708547039955,0.0165270969498909,0.0042537047469046,0.0064677749943065,0.0061739221945487,0.007913664980613,0.0229654403567447,0.021335551872899,0.0319010114451647,0.009161591519385,0.0209799819822569,0.0205507119534118,0.0165431614493172,0.0683604703955274,0.0186691565393377,-0.0016874878052639,-0.0003092985235728,-0.003804848112918,0.0181488995048315,0.0307015279044817,0.0030881487583853,0.0181714137078943,0.0173908777610165,0.0191672394514581,0.021674009582286,0.0098049833575208,0.0287013356067065,0.0311914433025684,0.0050549419901828,0.0162662774577282,0.0256936000040703,-0.0052703422559595,-0.047123998772013,0.0173872811665147,0.0127406617229572,0.0383151008151008,0.0781272811455886,0.0065600993365098,0.0166284918710142,0.0079451259501359,0.0320741992997626
2022-09-12,-0.0006341772769402,0.0,0.0,0.0143358178557637,0.0182502819008758,0.0223894308587426,0.012578741859738,0.0131209900781823,0.0129012281969242,-0.0133048446000212,0.0112195911322077,0.0239536235763551,0.0072945483573503,0.0026922434433989,0.0,-0.0041228961933806,0.0221087699563016,-0.0008543059167399,0.0,0.0148347563585571,-0.0181446853929124,0.0077962051718203,0.0278833967046894,0.0033705399134633,-0.0089709900283659,-0.0047396071265418,0.0702712677615797,0.0037174402401114,-0.0007368327979014,0.0087774294670845,0.0129667518432985,0.005302487918382,-0.0040343784920792,-0.0011805481981503,0.002850227895377,0.0009528745047557,0.004357599019743,-0.0180011788382603,0.0325209718199019,-0.0063535310750633,0.0203647553966601,0.0078792316005995,0.0119631642682136,0.0422842197035746,0.017677547347054,0.0249517659172473,0.0362962834136244,0.0913233131433983,-0.0090294384431434,0.010620003523224,0.0016415298725105,-0.0105863778367509,-0.0059214731315138,-0.0066109336128405,0.0,-0.0167541510444563,-0.0032063771278432,0.0184624626315814,-0.0019262408158677,0.0074859863781566,0.0273435923842975,0.0096104797952736,0.0022808685890789,-0.0130055248618785,-0.0024717553977944,0.0081790369686922,-0.0090490858903067,0.0079812695625429,-0.0002409824049375,0.0329794244709673,0.0082003285999296,0.0051816552415415,0.0166688185926404,0.0086277938769747,0.0233569156683808,-0.0077088740405324,0.0417057769434252,-0.0007966273126807
2022-09-13,-0.0076393634677341,0.0,-0.0272378544028458,-0.0115256040511716,-0.0089609609307634,-0.0271877727762849,-0.0138874290519235,-0.0129510593568591,-0.0106990014265334,0.0067421252284491,-0.0228836613858217,-0.0207953793492202,-0.0230027190621284,-0.0029515725523188,-0.0391459074733095,-0.0305960415130721,-0.0144344734168642,-0.0176331087294374,-0.0184043093016902,-0.0360119873466894,-0.0284307679443092,-0.0478118469699404,-0.0258939580764486,-0.0022342702685811,-0.0199042978181658,-0.0013483275001433,-0.0503810476223318,-0.0237000837277651,-0.0352686998584238,-0.0136730888750776,-0.0103301904511476,-0.0048694723254624,-0.0212518459241171,-0.0388450290182292,-0.0377868159600143,-0.0296111964727102,-0.0031967897444182,-0.0315685309656031,-0.0157463076854468,-0.0110774441807414,-0.0157448884552268,-0.0078176346466497,-0.0099738964429032,-0.03168130489335,-0.0136846589808802,-0.0108993553043529,0.0058402980565905,-0.016737166193117,-0.0469482005408778,-0.0196057273293214,0.0090094586837705,-0.013997817388141,-0.0286359530261968,-0.029448219313913,-0.0191585042814019,-0.0199413127637475,-0.0018373113823954,-0.007769048222473,-0.0434982927291248,-0.0233320570498708,-0.0238459495550626,-0.0124740477818018,-0.0113926579063761,-0.0145203363075578,-0.0451732253173723,-0.0442929098315535,-0.0403781872204369,-0.0252920681475939,-0.0081953767094625,-0.0465429490905482,-0.0027099975264451,-0.0176704723111895,-0.0409824614876621,-0.0270850834493684,-0.0127371883782233,-0.024730931472392,-0.034991433037756,-0.0534255410634942
2022-09-14,-0.0134697524943225,0.0,0.0093408530137468,-0.0019785055160734,0.0074464158653937,-0.0077676222982659,0.0009992672040504,-0.0056270378291203,-0.0046348748583788,-0.0088123423643317,-0.0241292717545583,0.0026572335570638,-0.0169991678729013,0.0371556516024107,-0.0282828282828282,-0.0085412583730657,0.0402869046085125,-0.0069466492954818,0.0,0.011911272819385,-0.0124366601757913,-0.0391445181847917,-0.0316455696202531,-0.0011274663326026,-0.0159995700003584,0.027922208497314,-0.0193006028033989,0.0035397997759731,0.0007643331575366,-0.0252047889098927,0.0142949739852495,0.0093840435476872,-0.0067179716277383,-0.0085685682529422,-0.0371636460859767,-0.024611465845137,-0.0096184241454868,0.0557308214168057,-0.0560020100750895,0.0034484164661887,-0.0010664503725066,-0.0065753233622704,-0.0037329165659417,0.0170068027210883,0.0090707993560126,0.005877045502729,0.0188707578336169,-0.0489361207897792,0.0124942156409069,0.0014223667166188,-0.0113612004287245,0.0158641146348301,0.0122592327175452,0.0153378652730298,0.0038939831679436,0.0510510733064806,0.0244101668932565,-0.012613256923127,0.0171801074693327,0.0097640457697303,0.0067767448633155,-0.0049872952951748,-0.0097993231395356,-0.0065889623520323,0.0133962163539302,0.0117502213966349,0.013537731483429,0.0033852266789182,-0.0017012256250484,-0.0041930591488982,0.014615393032612,0.0007484386022262,-0.0317424583520936,-0.0183156176567995,-0.0048399079093509,-0.0009643366619115,0.000325394186762,-0.0269618048983609
2022-09-15,-0.0052021872455,0.0,0.0055439147895932,-0.014987153868113,-0.0014780235275159,-0.0172083621469227,-0.0101890057234127,-0.0043984133979727,-0.0036216887417218,0.0074696162074254,0.0079995524725891,-0.0007571975370278,0.0137505690871839,-0.0218056741473474,-0.0107415107415107,-0.0094556719280129,-0.0070187027785805,0.007871715295272,-0.0203201113430758,-0.0465494680548445,-0.0088893730595349,-0.0061493186335334,-0.0379084967320261,0.0067410798269267,0.0,0.0132465137076265,-0.1196748930812952,-0.0100761707934931,0.0357663843339723,-0.0187459599224305,-0.0053685440738758,-0.0105109696059273,0.0025967413441954,0.0197579747479565,0.0,0.0,-0.0113295668138901,-0.0089594550281899,0.0,-0.0068731315124953,-0.0010675889030899,0.0008843843000729,0.0026239609960896,-0.0012917839004795,-0.0026461889690241,-0.0211847168100384,-0.0028494227462538,-0.0290816812518776,-0.0159704735952537,-0.004988121507258,0.0098488891854027,-0.0045226957978635,-0.0023075842241221,-0.0019285843288011,0.015578078078078,-0.024989070807068,0.0130420535226651,-0.0030854181070771,-0.0124227851031811,0.0096817635854069,-0.0245761405525349,-0.0063474642550046,0.0069886243559751,-0.0421517279235186,-0.0059693638914873,-0.016132590394455,-0.0151624578705318,-0.0143908783970774,-0.0058427133452576,-0.0055993549543091,-0.0187619081856418,-0.0367062383412561,-0.0189285665440321,0.020149363128312,-0.0259359178092317,-0.0021761356172286,-0.0199203750715987,-0.0121183827891733
2022-09-16,-0.0019631102349049,0.0,-0.0735402648144128,-0.0181267341823783,0.0020084979763721,-0.0143342985755912,-0.011288988697564,-0.0101017255269985,-0.0114238238654065,0.0402385183751827,0.0230867417725733,0.0030269216997391,-0.008750324540906,0.0098186958729635,0.0063047285464097,-0.0113032211946566,-0.092220697684088,0.0057865749273944,0.0079759706127087,0.0044871947872162,0.0291495839699271,0.0131481542864086,-0.0203804347826087,-0.0368276807125728,-0.0156315434897397,-0.0104531538737346,0.0167616563965593,0.005342623831714,-0.0264496814535158,-0.0138339920948615,-0.0195699926778939,-0.0106181453400626,0.0010410847595347,0.0296825904239146,0.0083371349610912,-0.0050288497167964,-0.0156673380977345,-0.0175899242181662,0.0169516670230081,-0.0025894167090442,-0.0074961616039979,-0.002201994417874,-0.0033600108060648,-0.0193309472341329,-0.0275725730933305,-0.0156690519948119,-0.0742802713044621,0.0276485060096698,0.0,-0.0430109354156222,0.0203232226470564,-0.0177497811071115,-0.0054870947647808,-0.0090152969231663,0.0,0.0115528138966429,0.0013316225308375,-0.0061852168128441,-0.0110659427895554,-0.0063926172480504,-0.0072226395216122,-0.0097494368634819,-0.0046243360206104,-0.0405324737344793,-0.003434910215917,0.0104950237241061,0.001100008007721,-0.0050210080816022,-0.0046526655896608,0.0281694370617293,0.0136581291147495,-0.0093254446318457,-0.0167008211004698,-0.0014625552395105,-0.009978298150031,-0.0157469948483113,0.0156606251262663,-0.0552213678831973
2022-09-19,0.0130991939601414,0.0,0.1289770863595893,0.0063815424475059,0.0281796298836196,0.067854004978767,0.0197959877592655,0.0242375458366872,0.0257379976888327,0.0115380284999582,0.0098725250881475,0.0037732716215936,0.0291231895343404,0.0013129209909699,0.0348068221371389,0.0281217050760655,0.0976961480327942,-0.0040294733407651,-0.0063222325131879,0.0195556611619343,-0.0145251038651728,0.0404593389096696,0.0263522884882108,0.0428758508075599,0.0273202312138729,-0.0006689336083394,0.0439539982625243,0.0113951501610041,0.0173598224632467,0.0066800267201068,0.0233995637119319,0.0194046875424349,0.0165977559631009,-0.0017642960988611,0.0574118757868231,0.0588068383343973,0.0432397430003475,0.0352936702809587,0.0083324036968071,0.0160339432013969,0.0301807813637466,0.0282533524500294,0.0374800232661889,0.0144542612969085,-0.0005416755831372,0.0128863881483893,0.0,0.0224225674818916,0.0191829080201908,0.0329577639861846,0.0167376207973841,0.008403860724703,0.0119116349495105,0.0159186654667344,0.0344976282880551,0.0021411898438252,0.0017713408889008,0.0168956448259165,0.0066158089819843,0.007510067844574,0.0227924371085559,0.0353109081327946,0.0046458198527004,0.0227088906862438,0.0081801280727122,0.0155754543437336,0.0040289308387921,0.0121553566435002,0.0071346320094856,0.0410964905875308,-0.0010120030793807,0.021186517015872,0.0522860990997378,0.0323810500086736,0.0330494899249642,0.0088630931264503,0.003935595471934,0.1410112125380351
2022-09-20,0.0187461788859697,0.0,0.0,-0.0031691804667685,0.0059538524423645,0.0317711993692042,0.0151839478264348,0.0367359413202934,0.0322528335381675,0.0137535206496386,-0.0048880055862922,0.0251887814601305,-0.0124298371120404,0.0188970179034382,-0.0077362933064244,-0.0025638396061942,-0.0213635984311105,0.001157495877786,0.0015804830604635,0.0126025449799571,0.0206348690271049,-0.0388860356158351,-0.0391891891891892,0.0111154174095031,0.0018545359608928,-0.0105985385173201,-0.0438469616215252,-0.0015031015005024,0.0378347391696012,-0.0026542800265428,0.008070517516888,-0.0036454378743678,0.0025533967662521,0.0153226479356145,-0.0090470521120122,0.0,0.0070588488191811,0.0039510759204748,0.0165270969498909,0.0004268229376953,0.0282366104289961,0.0283382545931758,0.0332357199621158,-0.0012823481218943,0.0130942424141045,0.0037418946543645,0.0030868577916549,-0.0219308221424688,-0.0079620983482515,-0.0224770287344959,-0.0195905175844995,0.0108383915767968,-0.0017223839947467,-0.0057580095389099,-0.0111355922110403,0.0089031567683253,0.0132750021497978,0.0074321327700099,-0.0075838667551539,0.0180770615772416,0.0148582671567543,0.0259118344425075,0.002887496200663,-0.0058036257452243,0.0010654427734295,-0.0345073053149425,0.0043775603906259,-0.0024941385210062,0.0087940423077574,-0.0842089020438509,0.0010130282671065,-0.0023022775788156,-0.027336539886558,-0.0143345974206506,0.0113886766135193,0.0014642048042057,0.0173223276170124,0.0341473661138305
2022-09-21,-0.0133244665752958,0.0,-0.0175773548882478,0.0063585122062186,0.0122447787849626,-0.0234663787016655,-0.0071138611910298,-0.0066118069183925,-0.0059530207446235,-0.00463528737827,-0.0210514951959408,-0.0517052903329904,-0.0091245324547778,0.0131379121084069,-0.0125423728813559,-0.0042889456831468,-0.0036241152895029,-0.0008671182225713,0.0,-0.0075778934952097,-0.0011043270507035,-0.0442762576747332,0.0098452883263009,0.0,0.0086444714022553,0.0213959519648192,-0.0018442538024783,0.001253747142194,-0.0221587770707948,0.008649367930805,0.0020029070765568,0.0048753966273307,0.0208646164311965,-0.0034814831417022,0.0016582295114793,-0.0019094198043682,0.0167349726775956,0.0059059027668892,-0.0162583929139525,0.0021332041879986,-0.0050827558559074,-0.0041741442339646,-0.0104886631827375,-0.0051894783771733,-0.0236969328718991,0.0298285645660072,-0.0046160376357399,0.0650229978189402,-0.0043770314192849,-0.0267133285264583,0.0199819748134555,0.0127820827361719,-0.0020111177609196,0.0025760882197227,-0.0074671805371552,0.0070603791462491,-0.0248920619092577,-0.0060751539641422,0.0106942354673267,-0.0062606112054329,-0.0154188691819516,-0.0073551908049779,0.0023019028582562,-0.0164967630609572,-0.0014912019087385,-0.0205201953470037,-0.0188825756785077,-0.0161253846486136,0.0087140181006737,0.0301758470681943,0.0104417032011827,0.0015383935281376,-0.0127711444164334,-0.0143977713675752,0.0214498452148652,0.00146206404301,0.0016032719267433,0.0023579282024108
2022-09-22,0.0077179773803262,0.0,0.0339881706801858,0.0406333496660809,0.0166336557506296,0.0090081660428718,0.0182726340511394,0.0199589628800596,0.022956573814534,-0.0146276659520692,-0.0107520952801059,-0.0011612722098627,0.017967228786931,0.005341124555235,0.0240302094061104,0.0266853518218026,0.0875518849758227,0.0282904037509483,0.0206757030143638,0.0441679518547291,0.0146272496305983,0.0367424717870306,-0.0278551532033425,-0.0142896568642482,0.0342726308943668,0.0477741285568404,0.0183935726296995,0.0120191682770214,0.0,0.0408970976253297,0.015976949787545,0.0125417986039044,0.0448664813821573,0.0262023465906962,0.0227957069855191,0.0220674609833864,0.0020023303661402,0.0151664726909965,-0.0578533496732026,0.0110632960913141,0.021471024190879,0.015511740598844,0.020140230949833,0.0156496486447725,0.0209573546920662,0.030053011860857,0.0432828130274869,-0.0315781005792039,0.024923826934796,0.0282054061867591,0.0292783111238477,0.0134362437999482,0.0204650559709556,0.0247029655150208,0.0188690692877078,0.0357495181556155,0.0111944560788943,0.0074223958673294,0.0075556267008163,0.0420596784718514,0.0297380970694562,0.0135282038893587,0.0316270698344132,0.0091208859578173,0.0572246819874904,0.0540558669210589,0.0081400791455681,0.0196231872828938,0.0026406337521005,0.0376483183156393,-0.0023321696331483,0.0276926879651127,0.0077730385003929,0.0229362035855875,0.0186581634851552,0.0277271656100379,-0.005451426746019,0.0580342196613277
2022-09-23,-0.0191430878526627,0.0,-0.0069255755990929,-0.0032543293506168,-0.0106101516985701,0.0024532326187203,-0.0123638064671218,-0.0207488195783733,-0.0195142576044622,-0.0010123674309716,-0.0260855024803522,-0.01703475942661,-0.0206608431447019,-0.0553875612103962,-0.0388870264834058,-0.0075432118277561,0.0100727916584693,0.0131960295132438,-0.0031118687068898,-0.0469971570717838,-0.0100893689691662,-0.011556621944374,-0.0315186246418338,-0.0055685176543786,-0.0082863886161215,-0.0155937203666631,0.0054020996840282,0.0069272001781035,-0.0745631409833178,-0.0278833967046894,-0.0034936633435173,0.0775072925882776,-0.0047754229049193,0.0368936294564581,-0.0149948388436566,-0.015959280847221,0.0197554338574037,-0.0159020999779919,-0.0175419579787906,-0.0058893485299389,-0.0230202448542566,-0.0140325739749977,-0.0197426102204408,-0.0231215913302857,-0.0270073282887849,0.0042172198426326,-0.0311153498986663,0.0065220332224968,-0.0214553268837115,-0.0111238028292768,-0.0317092034029389,-0.0072278207197526,-0.0706200631075156,-0.0626190132037883,0.0073840290597273,-0.0483923450814505,-0.021253476350061,0.016470904025398,-0.0325008208615339,-0.016144825230559,-0.0076806005546166,-0.0139804963446056,0.0044593943877231,-0.023773705886705,-0.0262520842681379,-0.0140989471749074,-0.0146840956766544,-0.0369028832831384,0.0014365522745412,-0.0026796205542658,-0.0120287111531787,-0.0583768554150633,-0.0231114081251914,-0.0207098772548747,-0.0278271291596163,-0.0071027096557704,-0.0141885569846523,0.0170540182697831
2022-09-26,-0.0065111096327834,0.0,-0.0243777000617156,-0.030903538991544,-0.0216474113796775,-0.0485409132957698,-0.0461602220848078,-0.0217911714770796,-0.0159138215562208,-0.0216125621799649,-0.0081840553997595,-0.0586836153786164,-0.0065927247343519,-0.0682720692080618,-0.0366236484129752,-0.0479775313431971,-0.0332281562853025,-0.0393449150233657,-0.0312555920071576,-0.0295923837046704,-0.0291160408111426,-0.0397519124344428,-0.0532544378698224,-0.0224300819620848,-0.0340131327519714,-0.0368190088836561,-0.0484793187347932,-0.0245716229431522,-0.0150059453032104,-0.0345501955671446,-0.0197295681213051,-0.0096418844762407,-0.0258828861918865,-0.0191573310787007,-0.0468908896991343,-0.0372082158410224,-0.013496437762288,-0.0171420250057209,-0.0089275863337134,-0.0177841631083076,-0.0215149898337347,-0.0209384645126023,-0.0180213274557718,-0.0407248812040399,0.0016616046742845,-0.0248494471115453,-0.0535243452276322,-0.0626354373728156,-0.0277847700226548,-0.0419746943417685,-0.0471246006389776,-0.0327834461714503,-0.0079068045230568,-0.0160300891007461,-0.0109948572441922,-0.0320036758813031,-0.0294149976916481,-0.0213215441842676,-0.0258362572459205,-0.0400060176827291,-0.0410224467060099,-0.0251357648049279,-0.0294097212572603,-0.0504231400783123,-0.045426100807828,-0.0377164987270054,0.0059628861739859,-0.0018804704595185,-0.0236657900329402,-0.0256181841693128,-0.0361879946726858,-0.0349844918810435,-0.0459909357808625,-0.0083115863828117,-0.0448101063868362,-0.0235953473962881,-0.0001912425096682,-0.0364426832163881
2022-09-27,0.0111322223431233,0.0,0.0,-0.0287434793264014,-0.0114729431995269,0.0007866499319413,-0.0079794754374228,-0.0080445705657233,-0.0080897967438567,-0.0120807708587505,-0.0075096859286126,0.0217564401732415,-0.0053091817613992,-0.0011502110206265,-0.0123099203475741,-0.0313260340632602,-0.0309049883149326,-0.0265370897549163,-0.0145106007429757,-0.0146800117680259,-0.0359739679286625,-0.0178577640687871,0.0,0.0034401100835228,-0.007409005898432,-0.0118624291587954,-0.0358413773999019,-0.0158710785446206,0.0096252122616833,-0.0297096556380824,-0.0371199456767248,-0.0209655308285242,-0.0118171826488779,-0.0206449203008383,0.0258935890596332,0.0118884633381279,-0.0112520729900783,-0.0069742829929092,-0.03603666286308,-0.0043065519029832,-0.0094318767961093,-0.0068427861374004,-0.0093576509368493,-0.0178177914225982,0.0,0.0035887702801649,0.0371622249048193,-0.0368680287578674,-0.0375872721104225,-0.0156464477833425,-0.0301760268231349,-0.0062751399952678,0.0070511090567704,0.0071269912650069,0.0,-0.0014718652948882,-0.006993363383089,-0.0026145128725215,-0.0143227191252408,0.0128262310891444,-0.0121057392860577,-0.0052927244277615,-0.0125770406373704,-0.0081672829817233,-0.0130397210882325,-0.0114849153350822,-0.0448142533512748,0.020489632656933,-0.021794065130516,-0.022118674059219,0.0080726234896775,-0.0131776716925839,-0.0082612527823839,-0.0044122244338306,-0.0231790090650956,-0.0122068002722875,-0.0154015089794907,-0.0363084818924934
2022-09-28,0.0181369667971822,0.0,0.0624986821296784,-0.0141052444779644,0.0025908016041471,0.0078426523709009,0.0002572302558399,0.00374433538047,0.0005097359567745,-0.0429761730741119,-0.036279371091122,0.0167930953710877,0.0071143142571714,0.0284819072046846,-0.0150293255131964,-0.013861852433281,0.0390004573614402,0.0077030812324929,-0.0098300566477839,-0.0131803446510831,0.0077685931722322,0.0090912310943715,0.0124999999999999,-0.0091368615757497,0.0815185883035003,0.0306727768562511,-0.019559307799412,-0.0135624750852637,0.0198560417048616,-0.0076548364648573,-0.0297267576677583,-0.0019117092189662,0.0278950444891861,-0.0102613377146335,-0.0025240033991603,-0.0029286338180136,-0.0109351343523308,0.0215760249810827,-0.0186943320325093,-0.0077958562565842,0.0031689355054675,-0.0051691632674046,-0.0003612044526659,0.0167411356357987,0.0033244952070161,-0.0055919015825321,-0.0015578555312825,0.0358868545459294,-0.0117258525362722,0.0023838014566628,0.0751944684528953,0.0072374262739904,-0.0070017390312739,-0.0134833437068709,0.0854700854700853,0.0268569154346192,-0.001876129812216,-0.0061149669763796,-0.0064587846311709,0.0042133326985565,-0.0099677409102465,0.001332370588134,-0.0092647634513056,0.0546778606297944,-0.0068233830695562,0.0184566667923247,0.0062011840650522,0.0039221761751682,-0.0165184950820014,0.0113094879063875,0.0167069431112341,-0.0108534260616337,-0.0013858343626668,0.0094537982129798,0.0052074832311268,0.0071658003854464,0.0089868399277599,0.1138141130205532
2022-09-29,-0.0070003414800722,0.0,0.0,-0.0039852738926591,-0.0031016674080929,-0.0194540595013801,-0.0054421485018453,0.0105635644185682,0.0076421438760954,-0.0303060627926451,0.0047056390102646,-0.0177207563218797,-0.000439289484685,-0.0193030421386104,-0.0308894678079643,-0.011254915070761,-0.0272920084837328,-0.0117581653926338,0.0297619047619046,-0.0098737225601284,0.001548473967684,-0.0139235026384452,-0.0601851851851852,-0.0288381074991954,-0.0074796257674364,0.0200490998363338,-0.0299580722239755,-0.0064883165400434,-0.0693193897330081,0.0133239831697054,-0.0040683708038189,-0.0034485076068785,-0.0125975420971156,0.0,-0.0033759727379074,0.0009790786354735,-0.0082314605784385,-0.0181731877670033,-0.0380911284153542,-0.0061051861639375,0.0126505309367028,0.0147197662479068,0.0148968552908199,-0.0150886457940397,-0.0165741738323202,-0.0249744173923116,-0.0124822898545525,-0.0646655404553592,-0.0158074569143543,-0.0356907863816667,-0.0313504823151123,0.0025264713124846,0.000924453223241,0.0013715633765147,-0.0342492153515775,-0.0243637224925714,-0.0018796562914208,-0.0272525471534299,-0.0146310396070847,-0.0178493119836915,-0.0133666127614836,0.0003305033093252,-0.0111075338055376,0.0067267710227489,-0.0376891601865306,-0.0161086147035527,-0.0331408975512067,-0.0062062118702482,-0.0193448487976639,0.0014016043897056,-0.0219098770783892,-0.021092796684034,-0.0264277310163816,0.0013170821020551,-0.0322428497421345,-0.0093240633897144,-0.0059366754617413,-0.033826521322662
2022-09-30,-0.0044787240139847,0.0,0.0184762547381371,0.011772114010764,0.0203218365798001,0.0357120514768309,0.0046892252645114,0.0030703948389767,0.0030336737789462,0.0003802095497773,-0.0210761985640391,0.0172196063574534,0.0499308878256246,0.015688565165957,0.0076804915514592,0.0199162775720496,0.0315546961780557,0.0044610711071106,-0.0048203598929716,0.0193581380265175,0.0169508615474243,0.0564804157718001,0.0361247947454843,0.0106880095446411,0.0637647892791439,0.0684850915897847,0.0226337926707409,0.0057442952504485,-0.0251018265798868,-0.0207612456747403,0.0067289465302324,0.0342208528448533,0.0421942615804251,0.0178526434362447,0.0342823605963369,0.0392449592449593,0.0137434906318785,0.0185095655777332,0.0891091127831815,0.008338625343486,0.0124924942516952,0.0034092375396443,0.0046553779595093,0.0306396016851779,0.0196647213245781,0.0337825126981456,0.0379202004976115,0.1061723136808792,0.0064283534259117,0.0172728070260943,0.0307053941908712,0.0151206260469731,0.0125460365538843,0.0167170025818557,0.0248588859113974,0.0110202565262651,-0.0042414841187616,0.0271138685990526,0.0159429825838346,0.0160377472335189,0.0279332335524176,0.006633627255369,0.0135927071463455,0.0689655172413792,-0.0027609648845701,0.0368377888297832,0.0171384317876668,0.0293769782422468,0.0109014614591518,0.0083829660512209,0.0273022287993629,0.0112089434111593,0.0742772148368504,0.0527535832956489,0.0261822772269317,0.0029733858553457,0.06635700066357,0.053970568956476
2022-10-03,0.0489036566709983,0.0,-0.0065861262665626,0.0663250639807317,0.0424752429666279,0.0636028682123719,0.0763259485966683,0.0662241405994736,0.0690509796014384,0.0297319455529674,0.0279092183666314,0.0620682622305379,0.0218878064259144,0.0685205247886238,0.046875,0.1068716750595923,-0.0033899657015236,0.0571650994382622,0.0338649097961947,0.0615662282043438,0.187868372057155,0.0416680705774001,0.0697305863708399,0.0387749413867164,0.0915559998096053,0.0646961657823605,0.1066421251164588,0.054014218052073,0.0429164584876728,0.020494699646643,0.0525195435487091,0.0631938444484294,0.0828600374543333,0.0497717460155664,0.029050582553614,0.0170073643538852,0.0316395699835831,0.0643416392382283,0.0181797757016344,0.039617888380087,0.0709057771863337,0.0530900378344354,0.0608945446735396,0.0486436269044965,0.0325096123308128,0.0815048222888392,0.0395618624346032,0.0959817131271185,0.051079395765812,0.0787363095409203,0.0225442834138485,0.0674406337561277,0.0885753944647458,0.0798666307422875,0.0276495132127954,0.0512153504160315,0.0288683735528447,0.0580711527802568,0.0411291015904855,0.0715829730628532,0.0576185012265568,0.0537252611881449,0.0740529846769306,0.1693607467801017,0.0062341216794115,0.0605284355202715,0.0321314813730215,0.0204504427493199,0.028239984594427,0.0332383385260546,0.0545133468123768,0.0801365775390605,0.0265951309565017,0.0272074794421794,0.0765194101434154,0.0372905688124791,0.0448039825762289,-0.0159132428965678
2022-10-04,-0.0036853495593262,0.0,0.0431917147228431,-0.0255341869156922,-0.0154982904930026,0.04322500040564,-0.0537876927451563,-0.0047659752911195,-0.0005186762752756,-0.018275289341172,-0.0263756873108563,0.0064540099607164,0.030476807103547,0.0932989382465028,0.0127411721878414,-0.050387209949085,0.0204890151666734,-0.016809705446069,-0.0171520457387887,-0.009757193985465,-0.0433669683929367,0.0490581905614198,0.0192592592592593,-0.0090438460809999,-0.0179730368109305,-0.0328859218166004,0.0072895277207392,-0.0152758000289912,0.0403327055869429,-0.0256232686980608,-0.002495235704926,-0.0104876608989643,-0.0321714107507371,0.0070049867182677,0.0143130285721133,0.0204247304844784,-0.0050383846369052,0.0110759338580517,-0.0625022985546688,-0.0113061841486958,-0.0095899292236208,0.0056557814297557,0.0016803235128883,-0.0167440377050923,-0.00267019201822,-0.0046448401980145,-0.0029287012724702,0.036661589602766,-0.0205027409117138,0.0576666844321271,-0.0417322834645669,0.0011605924461752,-0.0197200984703781,-0.0251751217899537,-0.0572217410134257,0.0480313979566409,-0.0046037634648906,-0.0041552537767972,0.0083126434756759,-0.0176895026767009,0.0160978666492082,0.006257964037944,-0.02225288356318,-0.0017279185150004,-0.0231890445458837,-0.0142735931683819,-0.0083502477138306,0.0079285298958302,-0.0102345519305535,-0.0388715808728956,0.0058144171194192,-0.0086862794826274,0.0233211576285472,0.0241905132461468,-0.0026976986388553,-0.0204785453481634,-0.0101250744490768,0.0344582424874395
2022-10-05,-0.0073822228518362,0.0,0.0,-0.0127659003008164,0.0052470294376647,0.0172641729527955,0.0160639278762422,0.0156142383703499,0.0108585401907517,0.0264301328220248,-0.0111547924455612,0.0049027944269082,0.0211830176824341,0.0348553598289429,0.003235082674335,-0.0229784933317314,-0.0234108466334652,-0.023940254435925,-0.0079379506756347,-0.0202537539285297,0.0173343157404894,0.0294870345437168,0.0174418604651163,0.0091263836903718,0.0060981927443346,0.0046181517670507,-0.0018142900825602,-0.014010416892164,-0.0023739390715437,-0.0071073205401562,0.0,0.0134267186277319,-0.0031417293425802,0.0171220375637943,-0.0101932883843784,0.0009069212410501,0.019375925457763,0.0132327707386115,0.0,-0.0033899857987081,0.0029048359381391,0.0,0.0,-0.0078748671003548,0.0128420500032808,0.020009519869391,0.0572774232756001,0.0058941751050463,-0.0077505108709658,-0.010758377425044,-0.00164338537387,0.0003894345500898,0.0354127953278469,0.0376181365617063,-0.0178581682457652,0.0319800273435177,-0.0060058374494835,-0.0075160149963666,0.0082495727802316,-0.0129982962302683,0.0054822159345078,0.0009326558178426,-0.0066665276358505,0.0,-0.0101004241275735,-0.030834802648933,0.0095694201125089,0.0255613624252617,-0.0012614494053666,-0.0348678145537811,0.0057842522182161,-0.0039745991137101,-0.001263042284459,0.0154372161884845,-0.0026977439028812,-0.0255187901692636,0.0129345952450645,-0.0169988545246276
2022-10-06,-0.0055897370841393,0.0,0.0270570096269555,0.0338033610198957,0.0046289826923957,0.0067884718293709,0.0178130902686752,-0.0125259294718366,-0.0205503959179227,0.0076186489456333,0.013697902370348,0.0138812642145713,0.0011740478911086,-0.0009297878065656,0.0064493013256896,0.0,0.0684628975265015,-0.0183942057147905,0.0,0.0189972674349532,0.030799725547,0.0006988399257232,0.02,-0.0079074465734397,-0.0085916466832418,0.0126052453304943,0.0,-0.0177618723516367,0.019824594912934,-0.0028632784538297,-0.0102311891819144,-0.0181301795052138,0.0189244784014104,0.0468177601419295,0.0114862928646479,0.0036402944028486,0.0021586356815137,-0.0144137851853269,0.0666692819175018,0.0008503792231671,-0.0048409687376766,-0.0120531976762763,-0.0181190725217645,0.0145306596919501,-0.0058115804000077,0.0225652118923116,0.0208363270584854,0.0488260468131291,-0.0007885264759359,0.0514818871032101,0.0213991769547325,-0.013158669014435,0.0295508153009946,0.0341021213616179,0.0036248830682881,0.0099040633860056,-0.0051103958439211,0.0069665596155141,0.012779414312944,0.0152043440983136,0.0100002013954878,-0.0111814413777591,-0.0083838369700617,-0.012085998866305,0.0118704216181018,0.0701280655512261,-0.0182031427126388,-0.0038350522344126,0.0030313024074994,0.0173319570475589,-0.004791346786576,0.0055958168975323,-0.0012646395777203,-0.0183213580182165,-0.0092058667403523,-0.0127251508864579,0.0017820046428445,0.0497964637519032
2022-10-07,-0.0380484615568613,0.0,-0.0170441023012283,-0.00307374892103,-0.0009795063428295,-0.002019772509833,0.0022124332142361,-0.0242223479033693,-0.0238484752223634,0.0136784271366701,0.0071538380909124,-0.0255341323606044,0.0019565421879408,-0.0027895545610419,-0.0242079031683872,-0.0253481722876379,-0.003194407907099,-0.0032674960070185,-0.0016084371691506,-0.0871760193076752,0.0044560313586272,-0.0013967037790812,-0.022408963585434,-0.0045659194679988,-0.0137559542358545,0.0028432848302391,-0.0198913531838419,-0.0046492914301041,-0.0388784404922624,-0.0258435032304378,-0.0094206047277424,-0.0056839195686448,-0.0212262790563534,-0.0170900364182078,0.0015640862195152,-0.0009028129751647,-0.010128532107775,-0.0105085354547793,-0.0446425287779044,-0.011464624428778,-0.0067911946763592,-0.0032538311759721,0.0020480941917488,-0.0104017473503295,0.0,-0.012470944490649,0.004082207207207,-0.0111716737586634,-0.0164142938047181,-0.0110292039756809,-0.057211925866237,-0.0101966864209309,-0.0050502283559862,-0.0008945077225831,0.0108936269369686,0.0126555405221282,0.0023327752078781,-0.017208924732142,-0.0353361991530859,-0.0089859805191148,-0.0304485988423841,-0.0097359870024371,-0.0022583559168924,0.0038422918502427,-0.0103283182537741,0.0194167609282027,0.0127497435396413,-0.0079125811715499,0.0062926300325298,0.0127812944846594,0.0012845325747816,-0.0151067323481116,-0.0253936357630477,-0.0005306929282495,0.0043741514072876,0.0111220560580282,-0.0112659534233754,-0.01317951070789
2022-10-10,-0.0142730445017281,0.0,-0.0110444758995754,0.0107860114459485,-0.0083421571437763,0.0027010164952216,-0.0145105171595761,-0.0094558341337396,-0.0151402979246157,0.002484631147541,0.0418289203229751,-0.0037976270053476,-0.0241899647633889,0.0030312749441132,0.0175118569865013,0.0055831559025314,0.0032046448499472,0.0053715207836102,0.0016110284071211,-0.0750715271036631,-0.0132903819604234,-0.0237771739130435,-0.010028653295129,-0.0011507112034521,-0.0082678823989649,-0.0079100352616029,0.007376229371562,0.0127150235796094,0.014558179943326,0.0,0.0118288104943391,0.0128580098275288,-0.0018121279981142,0.0132937591723647,0.0093816480349806,0.0154092487198591,0.024818940864645,0.0036937476086293,0.0186895201066323,0.0081595437624497,-0.0019536086729218,-0.0118312089509617,-0.0105738862498394,-0.0052645861601084,0.0308178559791463,-0.0048587507180154,0.0203280527127436,0.0018833243553315,0.0,-0.0181325365140789,-0.0196581196581195,-0.0027712255953732,-0.0090804879635979,-0.011298794317775,0.014291476978044,-0.0171815499378885,0.0051303540284037,0.0085418103917793,-0.0460473442964588,-0.0030224868476371,0.0108291234617297,-0.0095158796241227,0.0113031914893615,0.0123707552080676,0.0604578882003732,-0.0368989153557266,0.0552987915036919,0.0400955056857235,0.0020021620569434,0.0042166332725261,0.0076904292676551,0.0032232966544403,-0.0038976995099632,-0.02012893063831,-0.019583342467355,0.004747059657078,0.0275862516086577,-0.0146828342819433
2022-10-11,-0.0138154298927896,0.0,0.0,-0.0080567235120523,-0.0118751954127412,-0.0330153960557565,-0.0239585422935473,-0.0095461004764689,-0.0024864525508856,-0.0279837493931572,0.0037876895925943,0.0011406955726753,-0.0043999179024064,-0.0127856823438334,0.2040157762638939,-0.0166251039068994,-0.0128152128978916,0.0091984083779035,-0.0063930287482693,0.0168819780568807,-0.0275824114321959,-0.0128842768840312,-0.0549927641099855,-0.0057281833018655,-0.0271041153043807,-0.0381604226705091,-0.0366317792578497,0.0010289115269135,-0.0287065640155578,0.0007369196757553,0.0016043506213909,0.010224632667025,-0.0203681017814709,-0.0232056685999312,0.0015529672767611,0.0026697475449251,-0.0101959534809623,0.0096622371231263,0.0091780388377946,-0.0046832876333555,-0.0127370974856639,-0.0024825792553576,-0.0068927574143854,0.0092572384693727,-0.0056707906865007,-0.0253801819318102,0.0,-0.0281967616819553,-0.023050130730676,-0.0340910980659537,-0.0305143853530951,0.0,-0.0097042257078628,-0.0075159827826641,-0.0247145048576785,0.0012703122612194,-0.0004676003650662,-0.0072003960217812,0.0422392005345264,-0.0171755507687398,0.0068862065011117,-0.0236952497691348,-0.013408032229636,-0.0118667137167918,-0.0107302058360057,-0.0358516034031414,-0.0390296805075977,-0.0128507165051243,-0.007239866095433,-0.0488832638475283,-0.0362575813943963,0.0024189378831522,0.0117672077691926,-0.0067571622100793,-0.0355218340774086,-0.0049773170674375,-0.0107950548427903,-0.0155865900528939
2022-10-13,0.0013386538428745,0.0,-0.0127686020452362,-0.0120739814388206,-0.0063092537313433,-0.0313647634891239,0.0069056704597614,-0.0132587266221051,-0.0144176224586972,0.0266075737741116,0.0664200827659415,0.0057137351658618,-0.0003994176233362,0.0054162526545482,0.1197141155449672,-0.015965166908563,-0.0162174508908176,0.0058835960004894,-0.0112700299168068,0.0236294254247186,-0.0244127041986013,-0.0072571197528432,0.0199081163859111,0.0080785323463146,-0.0058868477684558,0.0076901950013732,-0.0038003220611915,-0.0199722656648044,-0.0484398559740291,-0.0132547864506626,0.0009157239519228,-0.0359501633924403,0.0272625917165112,-0.011881806938922,0.0019294553806155,0.005340848930273,-0.0111610735554481,-0.0182295196235986,-0.027274344236206,-0.0214083561461486,-0.0059480592013404,-0.0070317283698636,-0.0059005529481859,-0.0104878092732415,0.0176243943998679,-0.0257115884720886,0.0292052151079356,-0.0483560342096927,-0.0113911942879777,0.0022037429196151,-0.0512589928057553,-0.0103303576822451,0.0313006927369741,0.0284850549263391,0.0072818361878133,0.0082545032512439,0.016244032488065,-0.0123747790218031,0.0405273573598683,-0.0051371848690771,0.0019766004309575,-0.0114777253235268,0.003395790354254,-0.0217635295077952,-0.0083611729194686,0.0224352855496399,0.002257102088468,0.0033590310957016,-0.0171082333372935,-0.0102853922382077,-0.0059426839115468,-0.0184574575865308,-0.0077629089890001,-0.0178261832708125,-0.0143812062903287,-0.0032481913479993,-0.0126859602965797,-0.0185779337750392
2022-10-14,-0.0119892029053381,0.0,-0.0452299650903263,-0.024445753239935,-0.0037285993059493,-0.0007129027292832,-0.0055859840108862,-0.0042679849807983,-0.0065622531802982,-0.0237875761765761,-0.0636985768722295,-0.0060603031401117,-0.02571472764301,-0.057845654490844,-0.0457446808510637,-0.0209893351486272,-0.0330082810927947,-0.0035106147722246,0.001616513305148,-0.0212133674728366,-0.0277176905529772,-0.0592123813402676,-0.051051051051051,-0.0080137926630694,0.0026902593786519,-0.0123392551847171,-0.0438812017759385,0.002350760606677,-0.0163913133832085,0.007462686567164,0.0139468660000647,-0.0123085350025203,-0.0040479595204047,-0.034499465046329,-0.0235394049405986,-0.0247967164872608,-0.006945680758099,-0.0236759325911389,-0.0373838521391417,-0.0069965224385513,-0.0039891002050733,0.0008288300235386,0.0003522441104257,-0.0145690298847225,0.0005123270896072,-0.0219338738722268,-0.0141956537862493,-0.1117871701161209,-0.0230448974805028,-0.0205459449244987,-0.0037914691943128,-0.0136499380188573,-0.0195330662313893,-0.0153236537836,0.0215719160256779,-0.0223563582693926,-0.0082195883550284,-0.0332614283091609,-0.023776486030377,-0.0227296569570234,-0.0200240170869656,-0.0016605522301601,-0.0152328736151933,-0.0265241199478488,-0.0047877393869694,-0.0250757250937054,-0.0382756954510941,0.0,-0.0056313592764556,-0.0489560265738689,-0.0106239712703876,-0.0130899878014451,-0.0377483724280126,-0.0325584082970166,-0.026273286081666,-0.0122885498444674,-0.0182236907980375,-0.0792475422233426
2022-10-17,0.006067344071843,0.0,0.01014985014985,0.0489747750405664,0.0040464930594501,0.0187189402599088,0.0084294648110896,0.0073528148568089,0.0071130733382389,0.0196354098360655,0.0294852947283614,0.0217154447014651,0.0082487729371454,0.0082013785514669,-0.0353957636566333,0.0458089829975332,-0.0034014966585296,0.0132042497711448,0.0113800951789777,0.0305917753259781,0.0465894726197095,-0.0069932398681273,0.0917721518987342,0.0115384615384614,0.0016113892365456,-0.0124934146157897,0.0379153329426085,0.0083436689592966,0.0657863462300276,0.0133333333333334,0.0101458189477594,0.0106294054766553,0.0,-0.0287000641186473,0.0209490216640053,0.018169112508735,0.0312552021574386,0.0152156347843652,0.0291280092777732,0.0198212041619765,0.0110139613594697,0.0058367563270174,0.0080251844688767,0.0026796769603223,0.0330968676624869,0.0192714783055678,-0.0170032200788468,0.0,0.0185266696010564,0.0157327019205471,-0.1141769743101807,0.0109872846458884,-0.0064574389191861,-0.0008949271445217,0.0070199275362319,0.0096612279920775,0.0197965540574547,0.0187672397012812,0.0383443915770758,0.0169129662098495,0.0263150509893868,0.0089741606065294,0.0160424738125986,0.0259610851583593,0.0180937786542398,0.0096470321189421,0.0433070159698545,0.0343183158998756,-0.0033464665460603,0.006237006237006,0.0402694955780256,0.0298264796767293,-0.0121811617599576,0.0120304808146201,0.0287777894084206,-0.0058367976196903,0.0228224572716357,-0.01446733513569
2022-10-18,-0.0013449265430248,0.0,0.0117291032081965,0.0210654333140623,0.0138035335892792,-0.0106000318319274,0.0514024398518175,0.0091324590275765,0.0075667232141356,0.0274633684557128,0.0308352628903825,0.0182721254726963,0.014315612678043,0.025888119056787,0.0072233458537995,0.0391483299034352,0.0205187921619016,-0.0040520191649554,0.0112520458265139,0.0148418491484185,0.0504966567464153,0.0297349564595279,0.0260869565217389,0.0136818492769301,0.0134170532464894,0.0048268678708431,0.015376596299192,0.0002549480040254,0.0312799418508606,0.0087719298245614,0.0330354911810575,0.0163231709499251,-0.0121932362881315,0.0245325258671411,0.0147065689341239,0.0169557621513696,0.0173816081278077,0.0192008277248014,0.0282987249544628,0.005186037411887,0.0198211769957177,0.0202870485637691,0.0245825143506619,0.0201083751105868,0.012814623177543,0.0130662619945993,-0.0239713445995591,-0.0114421621189484,0.0239942641628034,0.0103260118800938,0.0225563909774435,0.0032208090634697,0.0224889687774512,0.0245573957738434,0.0139982010344053,0.0280705565868042,0.0148991823820046,0.020178390016124,0.0199572947717805,0.0343072285623806,0.0193058920248128,0.0158121624154441,0.0112840357021806,0.0049919064278627,0.018666683116707,0.0242032936151079,0.0231883185566743,0.004651352287311,0.0059405514381443,0.0077520661157024,0.02096667555134,0.056318782775685,0.0273964461876745,0.0182538519092485,0.0611895090281529,0.0056176385402586,0.0282670509373028,0.0316859531395137
2022-10-19,-0.0006690799293176,0.0,-0.0562843346171139,0.0072306118857485,-0.0061626216439424,0.0178559938227913,0.003129799563764,0.0072415395665215,0.0045009376953533,0.0062491863038667,-0.0042732701473731,0.0032948132872006,-0.0100838922918702,0.0596021386971445,-0.0011474469305794,-0.0089727769906921,-0.0268345465276411,-0.0029084311515518,0.0047744284847259,0.0030519610955956,-0.0044242903659007,-0.0220371918321267,-0.0155367231638418,0.0123671861512626,-0.0270028667427021,-0.0137789801026471,0.0037859342915809,0.0,-0.0143686676544791,-0.0043478260869566,-0.0071314777589644,0.007492527035698,-0.0141774189941634,-0.0038099240116258,-0.015258350970829,-0.0157987575734335,0.015414996606992,-0.0165403405680036,-0.0183466303890865,0.0017197603955447,0.0097248057774372,0.0028405239475535,0.0003409356903691,-0.007877572406815,-0.0058428226980832,-0.0040729695115604,-0.016373388538628,-0.0300939614954991,0.0,0.0102204751324559,0.0231092436974791,-0.0140434539762406,0.0370958931320455,0.0353693598544857,0.0,0.0372331664506824,-0.0231310380600402,0.0051572292568839,0.012721525546689,-0.0040143336659712,0.0236757394756608,-0.0016228592515558,0.0016688312595136,0.0072740120332941,0.0057408270908902,-0.0062216612590118,0.0201036278139403,-0.0088586092073662,0.0025675955181194,-0.1169282750250125,-0.0022105891287836,0.0038107890780687,-0.0199994215640906,-0.0118127240126615,0.0021978832466718,0.0337755536754689,0.0026026026026026,-0.0561833679728718
2022-10-20,0.0100772532188841,0.0,-0.0070227046735167,0.0101337492846618,-0.0062997908812792,-0.0175427505768561,0.0468198164004451,0.0131709199510074,0.0114591544621001,0.0148292644087699,0.0121595598349382,0.0062026520854159,0.010186613000183,0.0111124404439346,-0.0117748420448019,0.0171857226304301,0.0,-0.0035014005602241,0.0237385736721298,0.006072429876355,-0.000637489952604,0.0396283592527224,-0.0315638450502151,-0.0122161072785055,-0.0348170441945191,-0.0109464725184577,-0.00941848324064,-0.0002548830221076,0.0,0.0050946142649199,0.0017417699967519,0.0,-0.0310763298173981,-0.002734795171575,0.0251841209211594,0.0285202213044495,-0.0057430507643377,0.0051363744640304,-0.0280390920858254,-0.0021460098716453,0.0202105035016189,0.0161901880379293,0.0155403515018948,-0.0264974231028392,0.0068556883603378,-0.0224884013650265,-0.0055486463216301,-0.023864862188824,-0.0024266490183101,-0.0260117073830954,0.0297741273100615,0.0126153831506086,0.026824363148822,0.0296444479706219,-0.0344846703997339,-0.0065824954159224,0.0013661882242317,0.007698425322093,0.0,-0.0212000455425253,-0.0242846586154548,0.017212629315233,0.0044544206116288,-0.0030020735972271,0.0004395445595823,0.0012562640639453,-0.0075262305819542,0.0077194099061212,0.0020488158840141,-0.1550520059435365,0.0003160126676906,-0.0015150459738089,0.0299251870324188,0.0127977840383404,-0.002737649301237,-0.0115446229569092,0.0002901607428114,-0.0317475883957705
2022-10-21,0.0179478899332052,0.0,0.0229695616798448,0.0236212774491124,0.007849075076127,0.0435702335757031,0.0247718543555077,0.0265955685092571,0.0211819912056179,-0.0088361921013661,0.012720156555773,0.0369984678732167,0.0286281637484395,0.0257971861833437,0.0034873583260681,0.024919905700296,0.0069138398091619,0.0146358198549145,0.016992821319697,0.0326060434832862,-0.0025423415427853,0.0605293784767824,0.0059259259259258,0.0078628937332267,0.0247981356266,0.0184287602705994,0.0399896745326651,0.0206731521860672,0.0145781360463508,0.000724112961622,0.0206384703547366,0.0116891842036792,0.0023957235943656,-0.004927671093816,0.0196546478969525,0.0130009849231003,0.0049517398789145,0.0325468181436661,0.0192336254270011,0.024505501531594,0.0264090818562039,0.0290707987026148,0.0332648767782008,0.0312967674348998,0.0034045039619841,0.0128951283004834,0.0404521404521405,0.0146705923491901,0.0291521642982133,0.0192893930050981,-0.0717846460618144,0.0124629191720222,0.0340884714748044,0.0342728508605363,-0.0071202985931667,0.019272122979669,0.0154605008782493,0.0207992279211144,0.0270524726891292,0.0113414293690676,0.0096308444848689,0.0175613905417066,0.0166282652749631,0.0370853252209186,0.0024134236912742,0.0218743106110743,0.0007222194550977,0.0018158195097963,0.0204427185017428,0.0412380198716257,-0.0088625439475517,0.0319078431030572,0.0317062337922833,0.0292961051237359,0.0142866630753222,-0.0067117246724878,0.0155799192152339,0.0286911284010864
2022-10-24,-0.008490140751006,0.0,-0.0086470612228251,-0.0198093269628719,0.006490352564713,-0.0390149909437744,-0.1002662572860946,-0.0466350496838302,-0.0424492681437684,-0.0161181801990778,-0.0055823939881911,-0.0206383101517863,-0.0152865200686667,-0.0144322435455234,-0.0228786562409498,-0.0086846257059022,-0.0136925795053003,-0.0043301375391293,0.0592740141948211,-0.0105213411600836,-0.0159324515955623,-0.0810361838793467,0.011782032400589,-0.0178454638886293,-0.019802059478244,-0.0108673521327496,-0.0201464443800936,-0.0010122832464931,0.0071763245364624,-0.0050651230101302,-0.0014899496868092,-0.0143524507414218,-0.0167144147230093,0.0071553562446424,-0.0044529866298657,-0.0111139365473501,-0.013757097488211,-0.0351215266985764,-0.0849058894960532,0.0008396734351152,-0.0386008485977439,-0.0325094647419125,-0.0453943892069554,-0.0316530319795389,0.0150157466278448,-0.0161730015512129,-0.01742869030558,-0.0168682242326827,0.0,-0.0043710911538658,-0.0268528464017185,-0.0150862269109685,-0.098894260254699,-0.0919932310181145,-0.0252154299924817,-0.0106344890030386,-0.0192557699316257,0.0112259278730819,-0.0098743535835633,-0.0152858769538662,-0.0058698663053713,-0.0380186014803273,0.0332655234558463,-0.004769221559276,-0.0216745219296928,-0.0544360415303348,-0.0018042455764876,0.0348140526106035,0.0082651240290392,0.0257557844958622,-0.0067072000438693,-0.0316648779292335,-0.0281627551728926,-0.0296764825990288,-0.0411722336609746,-0.0042564260209512,-0.0079545454545454,0.0015932546253614
2022-10-25,-0.017790837676498,0.0,0.04529932112734,-0.0187480949597005,-0.0098205964034121,-0.0135383332130282,-0.01716921272228,-0.0072418402395898,-0.0060405725120391,-0.0156832969618954,-0.0329806758069739,-0.0149995482063793,0.0019859768323988,-0.0204128935133126,-0.0091879075281565,-0.0236345787720133,0.0277653381101656,-0.0257816094472318,0.0100412604520392,-0.0336907066187375,-0.0136003164616571,-0.0092027564446686,-0.0262008733624453,-0.0147767630644342,-0.0100969668254189,-0.0152322140743599,-0.0093515156632609,-0.0179982979918059,0.0420036421181542,-0.0087272727272726,-0.0136435078133356,-0.0046188477026488,-0.019429159574047,-0.0010902977568003,-0.0055841152965473,-0.0069278475268491,-0.038934236269339,-0.0228658083315989,-0.0721675203694365,0.0062865986043638,-0.0057319698600646,-0.0043966811738057,-0.008094781049884,-0.0245204555672112,0.003816950303541,-0.0192377664785184,0.0095511433141997,0.0514702537522311,-0.016526840934995,-0.0248525875274927,0.0121412803532008,-0.0233790479602854,-0.0149533084445155,-0.0210222177941615,0.003678433699199,0.0089573308051427,-0.0105046561028503,-0.0143910665291927,-0.0223306833048203,-0.0289905856518793,-0.0289303890386327,-0.005627196146172,-0.0200580070163385,-0.0090628383526487,-0.0266286170180122,0.0194063926940639,-0.0303578032352292,0.0118648456351599,-0.0032292676531572,0.1023092121511486,-0.0334415618023663,-0.0410608625835617,0.0052584950415821,0.0,-0.0180820712052691,-0.0050226792372175,0.0037212470202159,0.0461398225185212
2022-10-26,0.0127468797147167,0.0,-0.0083248051641344,-0.0373672819859961,-0.0587124401999605,-0.0483678198300744,-0.0354333378543334,-0.0389276157687523,-0.0435876226007394,-0.0070853873464279,-0.0283003070053027,-0.0456838822126409,0.0139061494241885,-0.011324582590504,-0.0161531558480406,-0.0376734762274728,-0.0439294909883145,-0.0338964945323702,-0.018454920107006,0.0085651294524689,-0.0328272701231738,0.0162544091466987,-0.0762331838565023,-0.0403765690376569,-0.0487551267979896,-0.0167480991821912,-0.050927997613416,-0.0152280635924649,-0.0289011165126342,-0.033015407190022,-0.0146943088752623,-0.0207012848803544,-0.0505203833638807,-0.0415751225283081,-0.0026186727167037,-0.0034880887101687,0.001949426594443,-0.0310388899032315,-0.0444453343554597,-0.0154126951936726,-0.0259560992773432,-0.0180797965144146,-0.0214209284108884,-0.0125780124819969,0.0061818754410418,-0.0260314108235114,-0.0689285547839865,-0.0885770563894275,-0.0400022798734669,-0.0554741322567906,0.0010905125408942,-0.0301273448738619,-0.0181625125740471,-0.0244549275032626,-0.0036649524147307,-0.0136116529028508,-0.0156888462896633,-0.0212767843686557,-0.0199225947236776,-0.0031877014867921,-0.0366314025964006,-0.0525773239609891,-0.0129175796393055,-0.0186455424709641,0.0248288211038674,-0.0215775475923852,-0.0652262413383785,0.0147985360587983,-0.0211793861819995,-0.122593775089154,-0.0212903433085707,-0.0317252300215686,-0.0235820895522387,0.0222436703178308,-0.0356709555272207,0.0078286293931619,0.0835965356001628,0.0174950026481692
2022-10-27,0.0304630828741441,0.0,0.0554684554168567,0.0496252056475716,0.0249069495046401,0.053107325325086,0.0125988680704467,0.0196137544556562,0.0185420527755715,0.040659985182746,-0.0067210477941177,0.0368539175572264,-0.0329119811931536,0.001144481961969,-0.0030404378230465,0.0410004749089756,0.0671610871726879,0.0563269629181313,0.0028911846490986,-0.0012122775341758,0.0264779054614381,-0.0053314763837356,0.0323624595469256,0.0264459760862638,0.0536397470265206,0.0308779761904762,0.0656054244594626,0.0269988296878258,0.0101771371988117,0.0341426403641882,0.0256610717702807,0.0408155111727268,0.0579026140789498,0.0308220184564744,-0.0022520865751873,0.0043715512893018,0.0378385225343906,0.024642505705253,0.0813985511584745,0.0114257924247624,0.0256613315549627,0.0110450131472754,0.0184159172120812,0.0113185530921819,-0.007088663355146,0.0362498962265533,0.0087095805385923,0.0792818450885128,0.0383344218171741,0.0555545231546867,0.0533769063180828,0.036597930447507,0.0030373747147609,0.0076400522837314,0.0184514980717886,0.0083992956011129,0.0351635460799051,0.0340990407521808,0.0391690428554176,0.0224576731388852,0.0496998634702952,0.0179103141021335,0.0289121570395263,0.0225152318017338,0.0123351215670832,0.0564246729185891,0.0318975318150143,0.0060602464782764,0.0089110801502154,0.0878215904496415,0.0455458978782694,0.0556981061140091,0.0295235183648512,-0.0356311617592165,0.0495235958297606,0.0253046145101891,0.0223787768811465,0.1113592477541767
2022-10-28,0.013495753314386,0.0,-0.0175240673886882,0.0174404539910695,0.0244056757961468,0.02161250020282,0.0059572163552668,0.0074528219845202,0.0057273570110301,0.0047955465687123,0.0150367243074431,0.0047644576297829,-0.0332260894998538,-0.0029750915958987,-0.007624275693809,0.0161192214111922,0.0529564778506814,0.0061151970911494,0.0086485493940506,-0.0078958241871756,-0.0079442937657491,-0.0574291433759585,0.0250783699059562,0.0281009018428963,0.0107449856733523,0.0055163169562302,-0.009333979477887,0.0022967589198166,0.0178308866431722,0.0007336757153337,-0.0055585672105072,0.0007024601459428,0.01725842624374,0.0155026051504287,-0.0364946945164381,-0.0313351291299517,0.0172896945316429,0.0052921945239068,0.0,0.0125525379432842,0.0009617598851305,0.003643596989848,0.0078444870260301,-0.0097880850736509,0.0418841138080392,0.0204952025485871,0.0215859468042873,0.0379164575431916,0.0296954217969733,-0.0135295722824221,0.0124095139607032,0.01066904823639,-0.0151357262981953,-0.0118329861999245,0.0,0.0121974842130045,0.0149463921268764,0.0239086923578901,0.0133559047955933,0.0062671135870078,0.0072153637110075,0.0006906107726483,0.0159052588255599,0.0242577002570953,-0.0004375596326928,0.02271049869655,-0.0100446924396029,0.037463036134022,-0.002523535473198,0.082570422535211,0.0312087912087912,0.0077545605897382,-0.0417143907577878,-0.0487948801141464,-0.0017026930036878,0.0046484501316579,-0.0092711949818614,0.0289180654811369
2022-10-31,0.0145884832029825,0.0,0.1102158769042334,0.0289134306030607,0.0594076758231996,0.0606467290313359,-0.0463678089519273,0.0252574516387995,0.0274140188848299,0.0126204850399278,0.0133325736425276,0.0554340892770461,0.0062860100979542,0.0672496919888616,0.0359557467732023,0.0017659383418138,0.0345857453633715,0.0257741273100615,0.0028763357666889,0.0318216426214785,0.0240043432737426,-0.0024371279027932,0.0963302752293577,0.0045607678616832,0.0408530674421825,0.0401199753896637,0.0244799863881917,0.0241929087015149,0.0472205024726177,0.0395894428152492,0.0427939333062152,0.0507334213029735,0.0096957724219675,0.0141780254642951,0.0054681797848044,0.0107934014139827,0.0405495874015295,0.048801804914734,0.0107514975695635,0.0123969250709514,0.0326954827184886,0.0250020845760612,0.029115227386256,0.0367234381372225,-0.01233184484623,0.0699438915698815,0.042259678437849,0.0205463745357561,0.0101343847179031,0.0381114700265914,0.0398365679264556,0.0706786135076584,-0.0704303553469661,-0.0847410621290652,0.0434579983688687,0.0402733369841072,0.0370352303523033,0.0591780517225155,0.0423770651214512,0.0332750794637515,0.0526779015409477,0.0268976491481021,-0.0010454919693148,0.0094004390152671,0.0186165846896526,0.0402147789643734,0.0526941700735528,-0.0346586814190732,0.0166939570054183,0.0322003577817531,0.0453998024330504,0.0323344405965084,-0.016334902388998,-0.0047434204489693,0.0392899209153625,0.0048625999390738,0.0470511202848416,0.0542503046944977
2022-11-01,-0.0131245756280703,0.0,0.0496285187292067,-0.0054208761503113,-0.0148316832135009,0.005323330563105,0.0237683383152271,0.0042097109612455,0.0055427910174921,0.0003352671933762,0.0073095305032329,0.0027633444449934,0.0270714467055945,0.0118265937096846,-0.0222485909225749,0.0343003973826525,0.0060943012937026,0.0008487604893985,0.1098404400152481,0.0433024930782863,0.0071574642126788,0.0464185581162672,0.0334728033472804,0.0147433362334887,-0.0005400244184954,0.0181154955265816,0.0275695987045609,-0.0012434600027535,-0.0021823065301326,-0.004231311706629,-0.0030914320893304,-0.0009966340783142,0.0038426320855866,-0.0118274807258433,0.0186393944538434,0.0053313023610053,-0.0373943843854923,0.0009108527131782,0.0638282722054248,-0.0171453797974782,0.0018608308216485,-0.0052126028597352,0.0025557459707374,0.0108834107597781,0.0129396414794644,-0.0139150851781036,0.0135154028988209,0.0201351625296446,0.0294384431433989,0.0198217248166963,0.0137524557956778,0.0018947041466066,0.0033020409543236,0.0016833996592799,0.0104399285395266,0.0491660841189474,0.0111324235756509,-0.0079799370812653,-0.0130985356239026,0.0090469487831457,0.0005670993297606,-0.0073883507197862,0.0365716453642772,0.0029937784018878,0.0302496732104164,0.027120607460872,0.0663710966641799,-0.0062018536160655,-0.00771397466692,-0.0164207061954029,-0.0316650270536152,0.0439958237770854,0.0387327112897903,0.0303879362178023,0.041094176607817,-0.0113769612245249,-0.0216001502992565,0.0192142961606229
2022-11-03,0.014561849411536,0.0,-0.0013959599277386,0.0226052146890329,0.005536756139534,0.0171961809434439,0.0208482089204036,-0.0199374544113085,-0.0170954426051787,-0.0037012750455373,-0.0021769466927156,-0.0044804293934361,-0.0206791127301112,0.0176413561751342,-0.0218446601941747,0.0059508334055522,-0.0211477151965993,0.0157980916417321,-0.0154236179260712,0.0284237569895722,-0.0116281255875163,-0.0054476525064759,0.0040485829959513,0.0067033532355371,-0.0145258921090343,-0.006318388689842,0.0357799462593693,-0.0017447345634071,-0.0094724676692609,-0.0339943342776203,0.0095160015225603,-0.0090005810362909,-0.0181728880157171,0.0086983926883075,-0.0171546794632339,-0.0097247990105132,-0.0155378600586443,0.0227893198056035,0.0200029862888153,0.0112122981561748,-0.0018573745618165,0.0035603754120221,-0.0072228205558904,0.0094505698137681,0.021454852963413,0.0,-0.0026670345334988,0.0679831544470968,0.0049307558118836,0.0050403310772653,-0.0125968992248062,0.0321844883786848,0.0027014580010333,0.0030115824924878,0.0171832697939111,-0.0105043093564964,0.0551061443273392,0.0015306641698387,-0.0013766826794898,0.0219364854375485,0.0255032936474641,-0.0101472712767105,-0.0010033508130927,-0.004637686795718,-0.006123737739489,0.0112409681857053,-0.0438107649993602,0.019858047969121,-0.0107797278423478,0.0467562516685948,0.0068508944594642,0.0178616805882305,-0.0079862515163768,-0.0292038668767384,0.0163218277054013,0.0210543977597519,0.0200470727652781,-0.0225076870515886
2022-11-04,0.0268387837977994,0.0,0.0167255982238303,0.0177601480643474,-0.0166155504599306,0.0142989976790668,0.014729916897507,-0.0024380854613115,-0.0107071649768804,0.0064208509455765,0.0465428507496084,0.0179985683389685,0.0616933796520779,0.0716384185672747,0.0338089330024813,0.0025270654452516,-0.0092642854557957,0.0180516977942062,0.0221937970330745,0.0337218666055361,0.0235393701910728,0.0633824071900466,-0.0282258064516128,0.015330535639624,0.0065475812090776,0.0242648671035641,0.0051884216275259,0.0184574619587265,-0.0036775294091584,0.0417888563049853,0.0057375190503561,0.0110993930365135,0.0087662879058576,0.0231970394439933,0.0457724242778621,0.0491014972443832,-0.0010390659600043,-0.0151493639254883,-0.0588220447639143,0.0073956858499208,0.0027912462324728,0.0027579636199526,0.0036376846212031,-0.0160256998623221,0.0082185622176411,-0.0423387185020155,0.0267262975087216,-0.0082139206226796,0.009361438313701,0.0157580027004136,0.015701668302257,-0.0165065498436018,-0.0523040558328152,-0.0550912490700838,-0.0642042368278108,0.0247675233294528,0.0,0.0130070197259584,-0.0623273740467649,-0.0097530904967912,0.016303304240963,0.0167471202272448,-0.0464215779167456,-0.0058412127842464,0.0148761294083357,-0.0066671568987914,0.0549072893367057,0.0103872282326771,0.0015210303572308,-0.0574202543698564,0.0024760937463697,0.0042038462777438,0.0765020162757856,0.0759493163639861,0.0098347429334519,-0.0148631266397321,0.0149253731343284,0.0174267419751705
2022-11-07,-0.0054698729653082,0.0,-0.0904208857688202,-0.0537134060271193,-0.0357566146984972,-0.0192296587168678,-0.0348945928054214,-0.0263527999313952,-0.0329922900782997,0.0104103085791793,-0.0250160359204617,-0.0197188050523827,-0.0027277447931981,-0.0496991442998679,-0.0297029702970295,-0.0295035948554895,-0.0872265039997077,-0.0455565240263858,-0.0217119269335153,-0.0406450438975571,-0.0338605066067014,-0.033849485424748,-0.0733056708160443,-0.0204676132810712,-0.06127636731085,-0.0682396593963322,-0.0498311794155315,-0.0139576862613826,-0.01551301151061,-0.0344827586206896,-0.0262850191645213,-0.0372580198106463,-0.0434584110641447,-0.0421733347809566,-0.0144647969225262,-0.018721352461456,-0.0037416051388609,-0.0244359547322137,-0.0208363501794017,-0.0285388316605762,-0.0176417547665408,-0.0188713448099113,-0.0227336959485924,-0.0271445095332264,0.0063407127048089,-0.0311845845864147,-0.0234260395772835,-0.0600418618108171,-0.0324743127396526,-0.0493642668428006,-0.0550724637681159,-0.0283493010837128,-0.0340553798871124,-0.0406349521587096,0.0108544230322729,-0.0326686104667246,-0.0246957731574926,-0.0143487105821741,-0.0117306607167817,-0.0226663850506352,-0.0309959074098719,0.0588235294117647,-0.044441941958519,-0.0256440488121204,-0.059895923079574,-0.0542504626773596,-0.0499845433143889,0.0091776467109154,-0.0124028827561962,-0.0659871922070893,-0.0178957510421253,-0.0524082955074022,-0.0498742325480755,-0.0052588258516728,-0.0543563606308975,-0.0073049800407237,0.0024509803921568,-0.1064246404990758
2022-11-08,0.0232263810438981,0.0,-0.0075224071702945,0.0036886404128524,-0.0043810160021862,0.0019650847856806,0.0047520047520046,-0.0056633520350193,-0.0095959416793784,0.0089702223138474,0.0434758771929824,-0.003815526905188,0.0238577693017068,-0.0360944360774664,-0.0219542362399506,0.009562881851185,-0.017047500900396,0.0048579364307406,0.0091366679402626,0.0161691837170154,0.0072710485313638,0.0335121372691959,-0.0074626865671642,-0.0058077072790969,-0.0063577495584895,-0.0102874355439832,-0.0488298002695749,-0.0054661481274574,0.0014982006534864,0.0102040816326529,-0.0196683970189117,0.0145124630653836,-0.0085829493087555,0.001650691094061,0.0252126108441457,0.0320907519184687,0.0177366785416508,-0.0143786020393082,-0.0106371324657112,0.0067117140117667,0.0028334641427107,-0.0012041361119783,-0.0030340236836499,-0.0306824937196769,0.022501175313552,-0.015917271702261,0.015986879416318,0.019824694297154,0.0015961402426858,-0.080857383555814,0.0020449897750511,0.0042251497436174,0.0,0.0073637049194872,0.0106804478897502,0.027732553022969,-0.0012457115876292,-0.0068961305949643,0.0276999313787631,0.0100889465183464,0.0007019388092472,-0.0139698264698263,0.0016637550952498,0.0048201032591159,-0.0042279164681011,0.0212842289277652,0.0188689477943813,0.0085488173898533,0.0066637714383352,-0.0090580759796821,0.0084821759680671,-0.0022088880237645,0.0157562128156223,0.0303325857672911,0.0048798962839953,0.0078454549668565,-0.0024449877750611,-0.0431188921950806
2022-11-09,-0.0155297998075953,0.0,-0.0197280008600763,-0.0118405782197997,-0.0425658580145854,-0.0058763469689068,-0.026533226355869,-0.1601236558187326,-0.1738363450758457,0.029318127821335,-0.0211737508537802,-0.0184536189086396,-0.0053490680489687,-0.0168084610069232,-0.0553272209927284,-0.0223797690396141,-0.0278060497496235,-0.0042644267223067,-0.0258778211269691,-0.0159119012622197,0.0164136350615868,-0.0140019160516701,-0.0075187969924812,0.0046670425358641,0.0011679672292093,-0.0275463619715766,-0.0437144390767578,0.0089918032432714,0.0,-0.0036075036075035,0.0040537979637629,-0.0003397918681458,-0.0127244204287956,-0.0032959416066654,0.0466229490052849,0.026890410556323,-0.0041010289810852,-0.0263530093807318,-0.0215085314406564,-0.0012454773954305,-0.0414665853076168,-0.0509600051030171,-0.0480254452926208,0.0043128177735571,-0.0083658790514795,-0.0140222534360513,-0.0104851849616799,-0.0345587836515448,-0.0223465710508683,-0.0661904356946452,-0.0357142857142858,-0.0267599651248575,-0.0186131319868079,-0.0164545628018261,0.0,-0.0056114530371955,-0.0062363266024594,-0.0057880475997228,-0.0139557879821193,-0.0109791115365126,-0.0152810275682003,-0.0595603565741302,-0.0182432245383826,-0.0123336611605083,-0.0100685965321324,0.0104235193429094,0.0042746766354528,-0.0059522128107761,-0.002036818320049,-0.0164496764637093,0.0401854662396619,0.0022137780115014,-0.0180901001891683,-0.0121533991907424,-0.0064797634234025,-0.0012130759236049,-0.0049019607843138,-0.0185936633695189
2022-11-10,-0.0297347603536528,0.0,-0.0897857717335672,-0.0702470328799029,-0.0727791892725266,-0.1266375545851528,-0.019694033951242,-0.0316504424312096,-0.0293189971927466,-0.0416028067583786,-0.0418679549114332,-0.0666916404247099,0.0012997973301793,-0.0588617114616719,-0.0327978580990628,-0.0536939846588614,-0.0571189279731993,-0.0602708949903868,-0.0358597380650612,-0.0323265131937694,-0.0471587332901202,-0.0127059376234557,-0.1333333333333333,-0.0500077942322682,-0.117311398911169,-0.0943161021669364,-0.085498102786322,-0.0222727545243541,0.0074948317985341,-0.0463432295438088,-0.0365639164175183,-0.0282795457941131,-0.1067561205273069,-0.0181947204087425,0.0014064400148046,-0.0024612214526931,-0.0280003859793019,-0.0778162182139226,-0.054944806241902,-0.0300528718379877,-0.0245917520066426,-0.0118429100489981,-0.0188278815158529,-0.0773564463705309,0.007104104712265,-0.0838470963475824,-0.0756071902300691,-0.1096198889684025,-0.0808157519402819,-0.0942059781838788,-0.0603174603174602,-0.0816970643634859,-0.0123074237332519,-0.0289974032176222,-0.1059598886426906,-0.0171957707553491,-0.0656595561628583,-0.0539377172331049,-0.0434369071557434,-0.0534896960036432,-0.0754555308935115,-0.0349218818189752,0.0022487593052107,-0.0391802229289655,-0.013332011082118,-0.0888237116073855,-0.048582599796961,0.0228593930143059,-0.0150521936942363,-0.0371750158528854,-0.0545058956996262,-0.0235953249435082,-0.0421126237976995,0.0191376735357517,-0.0668106278360592,-0.0163244630943951,-0.0337451737451737,-0.1392125236414845
2022-11-11,0.0062586926286509,0.0,-0.0289179853803517,0.0015536764568715,0.0011515623733178,-0.0548477157360406,-0.0222948256534308,0.0116755249629694,0.0167716289249184,0.0143587915687257,0.1048739495798321,-0.0231835703952705,0.0781449945860812,0.000459001422191,0.1031141868512111,0.0120875995449374,-0.0568484633149758,0.0407289487597986,0.0068883319019157,0.0426247381509474,0.002711256149622,0.1680491418560132,0.0122377622377622,0.0061205736602014,-0.0473590959153378,-0.0250095176735877,0.0369497434386585,0.0460639560603206,0.0356881705988567,-0.0037965072133637,0.0236107798712137,0.0010493986138713,-0.0329141802985523,-0.0235768596952788,0.0900177406069824,0.0812198760615101,-0.0088949997890415,-0.0319662915094235,-0.0465066155780398,0.0176444922772622,-0.108863130116482,-0.0201130466130228,-0.0322216834385777,-0.046586105299116,0.04627694196464,-0.0242746527833059,-0.0415965693551045,-0.1306538728463233,0.0124334999193937,-0.0267214799588898,0.0022522522522521,-0.0243787740073141,0.0340178137447371,0.0333138650231312,-0.0395271987798678,0.0306177490943642,0.0183511084871168,-0.0443002392605149,0.0183680086463118,0.0362555935139294,-0.0095470990218411,0.0227052790565167,0.0,0.0212878459407157,0.0203844462591871,-0.0194937183053645,0.0607524093984752,0.033167568254069,0.0233118681872144,-0.0482629455832714,-0.0129878075724253,0.0543810836345355,0.1057759635296395,0.1039565274672122,-0.0093107977109979,0.0247643234576426,0.0193729555744783,0.0838263549375082
2022-11-14,-0.008706082342381,0.0,-0.022768632641244,0.0088765426185799,0.0163490244253956,-0.0087453118146745,0.0247720055216529,0.0076866764275256,0.0006699026993783,0.0200770220666794,-0.0184565459892507,0.0077814349856399,0.0154753888819145,-0.0013787496642271,-0.0228983688833124,-0.0045899489485271,-0.012007911094368,0.0023413642864635,0.0123072102496255,-0.0204440110209668,0.0087902147408165,-0.0311093828120658,0.0379965457685664,0.0425833809019,0.0448879059012767,-0.0071186135223619,0.004214414243773,-0.0026629820374324,-0.0610208565973847,-0.0045731707317072,0.0023715217680735,0.0024537097480243,-0.0029878636288431,0.0045967992656965,0.0025672697328587,0.0068325947939607,0.0168828989905818,0.0081189086622774,0.1463374816340368,0.0021094393121741,0.0124343257443082,0.0,-0.0029894103936901,-0.0162800071658903,-0.0172722490845455,0.0273261790669718,-0.0269498175810559,0.046244963255827,0.0087677394956311,0.0039254396033239,0.0157303370786514,0.0236752233173003,0.0276912933592174,0.0263050252489569,0.0246791054651316,0.0212223860572005,-0.0171427963554935,0.0231791401419112,0.0009976173925041,0.0061755624172916,0.0166345362510005,0.0024274956999279,-0.0028064005626867,0.0215585975521361,-0.0022470526672206,0.0179568272026828,-0.0105399662268617,-0.0087546097111248,0.013411847424855,-0.0223168912051554,0.048137255577213,-0.0171975831312426,-0.027336539886558,0.0122723757926692,0.0023515486289209,-0.0227154628461139,0.0167555628847251,-0.0250028522032172
2022-11-16,-0.0319729472005642,0.0,-0.0627235213204951,-0.0367287516022343,-0.0248076860745271,-0.0056077298175907,-0.0315929718151236,-0.0068695113352279,0.0032923978533565,-0.0306539985196702,-0.0926748631056926,-0.0525119876322461,0.0215612672653098,-0.0476396780697514,-0.0317817014446227,-0.0323248482567165,-0.024403031314046,-0.0241853290361677,-0.0405310130173851,-0.0377891460408656,-0.00736856468937,-0.0113716721136022,-0.0465890183028284,-0.0420016894534304,-0.0608072352912878,-0.0566916747337851,-0.0355071438675909,-0.0380866016776242,0.0993900333755324,-0.0375191424196018,-0.0303224003342714,-0.0440241935792784,-0.0353273071591728,-0.0194598975794865,-0.0201908443048678,-0.0203455046185876,-0.0514921899818017,-0.0316893576003695,-0.0851080145480039,-0.0312212987101889,-0.0178641631677438,-0.0130985270230873,-0.0142634503320231,-0.0347834004871497,-0.0085743254023396,-0.0432715470914933,-0.0769339605956634,-0.0801111054144285,0.0060870337302565,-0.0849587268195641,-0.0442477876106193,-0.0471119214951585,-0.0110964584001614,-0.0198553602226118,-0.0281526441531606,-0.0579239976793979,-0.0071542216401675,-0.0130050139275765,-0.0390379405948991,-0.0357876277717529,-0.0734041943669728,-0.0301048044180178,-0.0214070082383478,-0.0141805870904963,-0.0204726352810514,-0.0466301076614052,-0.0642768194345208,0.0148929821229961,-0.0481258564168386,-0.0165888832363804,-0.0731774632338445,-0.0612197100867397,0.0038368839515747,-0.0104424052738506,-0.0281366366720986,-0.0291799351427151,-0.0479600111670943,-0.00720985076239
2022-11-17,-0.0025909952567403,0.0,-0.0286739969745546,0.0004572436150171,0.0110346814165052,-0.0604891072385328,-0.0212753019511861,0.0146085908841531,0.0217022719565953,-0.0033280187483191,-0.0451573022741322,-0.0004079126080855,0.0,-0.0618679357525282,-0.0162466843501325,-0.0229018768841777,-0.0208608139137231,-0.002986591390261,-0.0253602408774822,0.0023435552231363,-0.0168790872135269,-0.0115024744819053,-0.0366492146596859,-0.0377688150095524,-0.0358961225221534,0.0121865178628697,-0.0238095238095238,-0.0037840102652734,-0.0340779822596292,0.0023866348448686,-0.0237311835628164,0.0025564174894217,-0.0453133379881202,0.0099268076408616,-0.0068689717745911,-0.0015468424238348,0.0073110384738206,-0.0194084973287546,-0.0581392564210022,-0.0060945449406442,0.0045472740373069,0.0013293476349569,0.0060949762273014,-0.0428763472559609,-0.0302592986736575,0.0062256507880291,-0.0133162170447577,0.0180188450366212,-0.0034516571876838,-0.0373586555881801,-0.0034722222222223,-0.0076382828845688,-0.0076948952989656,0.0003696639015806,-0.0082386552388546,-0.0129571023809916,-0.0112610648410585,-0.0225235598784415,-0.0166654714160411,0.0021178328706805,-0.0034666884747568,-0.0042795486690647,-0.0143937264399132,-0.0331595669206329,-0.0009196734529328,0.0118978187332323,-0.038327617352148,-0.0112626200913381,0.0005393743257822,-0.0738399946020108,-0.0257689198962011,0.0194058841349324,0.0063611651557173,0.0080066586153997,0.0120616610908148,-0.0114594555554886,0.0216998494695126,-0.0468099766992755
2022-11-18,0.0142916424599552,0.0,-0.0039283140791708,0.004792021871981,0.0156248501825204,0.0188868912988844,-0.003479287367391,0.004537888185587,0.004496643576759,0.0073480165173773,0.0255800879075949,0.0146773933164718,-0.0145548557441074,-0.0164843362836575,-0.0124705089315807,0.0097702579414447,-0.0382696337690848,0.009881311014972,-0.0375682683290121,-0.0029225947666898,-0.0013783046852371,-0.0355934523693113,0.0217391304347827,0.0050739885962529,-0.0065667137741602,0.0165388758633799,-0.011068262633345,0.0037983833870012,0.0223183966013034,0.0119047619047618,0.0109029578292298,0.0029175959009775,-0.0127828713763314,-0.011562930168533,-0.0174575353892445,-0.0184830930890476,-0.016717054952872,0.0084817030683099,-0.0864167710193936,0.0008709098341714,0.0090533798753567,0.0083939760051698,0.0079426534725621,-0.0071704901066947,-0.0164983994090125,-0.0004124754577102,-0.0202730256131424,-0.0707964316769186,-0.0173475813752116,-0.0144071646440392,-0.0243902439024389,0.0049795256736926,-0.0184087703474119,-0.0169391314630323,-0.0083070945266965,-0.0363124115201469,-0.0109372760449398,0.0086940855272581,0.0201288064089044,-0.0105787255381896,-0.0026500935739234,-0.0017949959349965,-0.0122711051307552,0.0018185298621744,-0.0078118103980933,0.0306988472622478,0.1026052867993358,-0.0063857848220303,-0.0026954177897574,0.077444266355821,0.0006804577624948,0.0007604097472293,-0.0417237975100093,-0.0273166182570598,0.0232435287902799,-0.0025753895048311,-0.0068254441185554,-0.043182985523237
2022-11-21,0.0031993584918013,0.0,0.0335806963502287,0.0361105815061961,0.0570143850932347,0.0134804386597351,0.0238477484919805,-0.0082959522929971,-0.0070451808192021,0.0099443232694294,-0.0173838653144958,0.0172758972727153,-0.0192018933959998,-0.0138836590010807,0.0058020477815698,0.0754345040575614,0.0221011673151749,0.0088986828603629,0.1967022048989264,-0.0164207401494269,0.0680902135320298,-0.011345892563827,0.0141843971631205,0.0088135478751245,0.0800915576567231,0.0524560528612392,0.0268915223336372,0.0133684238091498,0.0112724831266122,0.0078431372549019,0.0283166444501632,0.0079980552810279,0.0517506093043729,0.025730008054742,0.0090506197981676,0.0180488072689339,0.0187915628006216,0.0622557895740016,0.0675670034232278,0.0293365534877112,0.0013110714454958,-0.0052591617383793,0.0030051573471012,0.0361113868758065,-0.0312751736300102,0.0358891688766134,-0.0206925257170039,0.0730156969711672,0.0150002503379562,0.0607361559228287,0.026190476190476,0.061292584061187,-0.0036200601904384,0.0029921212485715,0.0167533608052423,-0.0002903204266548,0.0308615827081497,0.0137943036670313,0.029591948966124,0.0192477101862018,0.0232479263708629,0.0021551231074039,0.1490308441798824,0.0731717673534815,0.0111205017570392,0.0304205898183291,0.0021439270488698,-0.0286593257955311,0.0002702702702703,-0.0105709198277998,0.0294797856015593,0.0060873894095145,-0.0237376411166277,-0.011258809469118,0.0058196836720325,0.0064581502099814,0.0053448560576869,0.021233870807404
2022-11-22,-0.0006443561739926,0.0,-0.0439592693775259,-0.0015325650354355,-0.0486949687139547,-0.0033229432853143,-0.010413019318891,0.0015219404208219,-0.0038749704815269,-0.0062374788650345,-0.0207681774381689,-0.0343603645874063,0.0060213193405003,-0.0188564176103116,-0.005429250084832,-0.0027036935203005,-0.0043145018019389,-0.0085256324752122,-0.0034167292002618,0.0029800967580351,-0.0334853407994906,0.0351667059800835,-0.0314685314685314,-0.01248556461196,-0.0333330032382329,-0.0456362720999793,-0.0283819105390342,0.0042767620647328,-0.0048780487804876,-0.003112840466926,-0.0183588653439511,-0.0021664960089822,-0.0201819128410865,-0.0199546451977484,0.0348861667284328,0.0308737680827255,-0.0263488306275245,-0.026926096220702,-0.0253201681493792,-0.0131863455478111,-0.0079034548035968,-0.0079269488249629,-0.0164675801555521,-0.015689750161688,0.0079504208385305,-0.0163270075473903,-0.0475419457993482,-0.0118348546806462,-0.0208656018468278,-0.0286292475200815,-0.0174013921113687,-0.0263284676245773,0.0027790672484757,-0.0068958280240455,-0.0041193276194274,0.0284131994761098,-0.0035739195786993,-0.0369890180382448,-0.0161360103834505,-0.0042030735715468,-0.0162278250125033,-0.001789790886677,-0.0262508457102356,-0.0065877977368047,-0.0054990981479037,-0.0270600286270547,0.0110744745065349,0.0028610585916788,-0.0037791101017256,-0.0341929017267301,-0.0296246322087958,0.0249661446578006,0.0391909717133225,0.0027524789144963,-0.0225763302381284,-0.0043667592581361,-0.0149391429087663,-0.0121288815341185
2022-11-23,0.0038359831543208,0.0,-0.0480115246552048,-0.0072454419798593,-0.0350992258292961,0.0,0.0123378920972878,-0.0037937557118871,-0.0071227680736197,0.0241199851305367,-0.0164956106656076,0.0106357611722731,0.0082368315352978,-0.0400643987120258,-0.0064824292050493,-0.0108134601540841,0.0,0.0035595367557204,-0.0223329434947692,-0.020210768540235,0.0053285795944466,0.0020805262740746,-0.0722021660649819,0.01643984204193,-0.0295548839829943,-0.0132501706696456,-0.0337030175367357,-0.0125697964645035,-0.007697061632676,-0.0140515222482435,-0.0106845257703312,0.0090374215020108,-0.0109499697860016,-0.0162872547551294,0.0141596175064362,0.0062252331192864,-0.0175911465558928,-0.0081365464624463,-0.0129856235372785,-0.0034499035542165,-0.0068056416861453,-0.0093243548478174,-0.010272737163373,-0.0141633407962621,-0.0106748869799824,-0.019432730571319,0.0055461113472161,0.0119765959533226,-0.0115468321779783,0.0,-0.0188902007083825,-0.0100336665986533,0.0003703383658202,0.0047096472293084,0.0041363666688907,-0.005639156131488,0.023321938249498,-0.0066236660021108,-0.0066612377850163,0.003162638068175,-0.0202914326612718,0.0,-0.0306575525572223,0.0023797670018919,0.0085249175313759,-0.0202267402945113,-0.0035332818909149,-0.0065975720456064,-0.0051495570647891,-0.0154963794608108,-0.0094968732027285,-0.023621180296768,-0.0026091616834028,0.0098582209201789,-0.0284366222957759,0.0051595375300008,0.0010282776349614,0.0
2022-11-24,0.0203587166853667,0.0,0.0546252883828233,0.0349401839962024,0.0574796046166057,0.0558800879054828,0.0162525643948028,0.0175262680676304,0.0202300846537875,0.0229004081214776,0.0319471993540345,0.0428966358460243,0.0066770282174579,0.0547075758150279,0.0051510989010987,0.0401034327919112,0.0304343393148449,0.0174273441732903,0.022843097091356,0.0376163008271717,0.034461823122958,0.0290668934016176,0.0505836575875486,0.0236272989511947,0.0391533832999049,0.0842793798547125,0.053473407747866,0.0162955434815654,0.0225696410372551,0.0316706254948533,0.0265538996968495,0.0257857041888518,0.0416723725653369,0.0289727096258516,0.009877367943885,0.0069535606129531,0.0353523127077888,0.0459488979003752,0.0526326486369301,0.0151397311221177,0.033172699764653,0.0237547292146118,0.0357549915240997,0.0305356702048875,0.0042202413820304,0.0557366577828681,0.0478011876333974,0.0650884707067966,0.0395302848056104,0.0545877481116039,0.0288808664259927,0.0400880081206558,0.038784752643854,0.0345633197614148,0.0330875024915287,0.0351599107158071,0.0306700320274886,0.0333344351940612,0.0299279128614604,0.0136536569755727,0.0338452584689457,0.0236794921053113,0.0381737753263067,0.0250921336260416,0.0335858538388758,0.0516072102075815,0.0244579393544179,0.0043077652237828,0.0128060596682804,0.1326066123622422,0.0431511908655595,0.0574499275695463,0.016954425260538,0.0064254210604191,0.0542629945376671,0.0128235429582626,0.0210580380071905,0.0359662606913404
2022-11-25,-0.0168369217039314,0.0,-0.0896431679721495,-0.0314107951866505,-0.0423382591481609,-0.048181947557548,-0.0231328832365101,-0.012726967752757,-0.0185417641802475,-0.0318505240937545,-0.0185749034683357,-0.0434628568013694,-0.0121674572076716,-0.0534738949714737,-0.0105910488554833,-0.024533666800649,-0.0379953495275319,-0.0177107752444427,-0.0394270975183838,-0.018126305840215,-0.0096047250402913,0.0080702496012912,-0.0685185185185185,-0.0097247108649617,-0.0355854894909536,-0.039212274137881,-0.0286953703472863,-0.0180385386262335,-0.0131086271931342,-0.0468150422102838,-0.0363875851798367,-0.039802023403498,-0.0425030590471952,-0.0137899401498841,-0.0094405594405594,-0.0007615458089165,-0.009755400542977,-0.0397478268114532,-0.0249972647174291,-0.0119299983870596,-0.0221437094199866,-0.0210181995337022,-0.0352636253442294,-0.0400747359091671,-0.02710027100271,-0.0625736728456234,-0.0175463364459593,-0.0499992418383902,-0.0172877034712689,-0.0724621873182084,-0.0280701754385964,-0.0427737016541741,-0.0224043715846993,-0.0160834743208998,-0.0279760756318733,-0.0509471489513463,-0.0140297985306525,-0.0335478151191379,-0.0526083980281136,-0.038339666764104,-0.0478835536222184,-0.0276892830812538,0.0183784850078905,-0.0064538010562527,-0.0108335202575309,-0.0656403315851802,-0.0408297229880529,-0.0180530032014685,-0.0204430540904296,-0.0297620306716023,-0.0528579732609959,-0.0564697389792134,-0.0243610778942683,-0.0067527610665663,-0.0480055928846079,-0.0192490650710546,-0.0165995975855131,-0.0491182681149771
2022-11-28,0.0088746606151477,0.0,-0.0700222210738462,0.0086034022064076,-0.0105909724176269,0.00248572576651,0.0181240671998776,-0.0038014738675218,-0.0013114967320969,-0.0048870572866493,-0.0094632303239338,-0.0060824590449244,0.0003780398352424,-0.0172324629449456,-0.0103591160220994,0.0018008393742845,-0.0394445872975057,0.0026603622787457,-0.0054704960138763,0.0113172177503624,0.0051734517269921,-0.0420296208756646,-0.0576540755467196,-0.0159393351208197,-0.0101331423274628,-0.0193195882512754,-0.0159137577002053,0.0010183742568914,-0.0202607457693683,-0.0225442834138486,-0.0127384433458316,-0.010911120413004,-0.0202357314857843,0.018648683114915,-0.0034058060884746,0.0007621262029322,-0.01097177038514,0.0059926306838886,-0.0512828975596232,-0.0047398338434629,-0.0079234279918863,-0.0116233604663561,-0.0180881246019338,-0.0108798722363626,-0.0086449015842257,-0.0442221344357337,0.0089298544536364,-0.0292410728536861,0.0228703712942914,-0.0323651235414788,-0.0024067388688329,0.0008850061329372,0.0247405643181761,0.0209514110284567,-0.0082704777027922,0.0072150405846032,0.0146625270682771,-0.0053432696081444,0.0364914442546278,-0.0086204800233445,0.0015401535605457,-0.0097330980478659,0.0067021791767554,0.0013362073169542,-0.0082677551420657,-0.0144486692015207,-0.0007216982305949,0.0,-0.0096104571280031,-0.0858986657364612,0.0006955525551326,0.0098502895098329,-0.0433685830744235,0.0049443367138204,-0.0255150748643465,-0.0067110818263903,-0.0409207161125318,0.0053516054816444
2022-11-29,-0.0094232005141388,0.0,0.0188375194487662,0.0174980720906929,0.0216431358893718,0.038908619741417,0.0120580651466286,0.0159994030868935,0.011742999782939,0.0111301572010749,0.0206995503140803,0.0228533970295072,0.0410441237020366,0.0316176273847006,0.0188415910676902,0.02330789269229,0.0274119284719991,0.0058974687707289,0.0082508804293139,0.0170770502479835,0.0006363347120585,0.0846531895419633,0.0,0.008725595078898,0.0482473875752869,0.0671345461261427,0.0046426708398539,0.0015303549380032,-0.0363774319623197,0.0041186161449751,-0.0059918586621048,0.0084559949699325,0.0279837875129356,0.0137267753124241,0.0597861464236482,0.0360766192529105,0.0054326777689943,0.0286921772130062,0.0,-0.0030343502507146,0.0034183119289501,0.004524203409336,0.0086209946575779,0.0366819718451991,-0.0310067598226856,0.0021830120909762,0.0407137625132254,0.0120487474432584,0.0103210449814163,0.0288295344063953,0.0277442702050663,0.0212161952531155,0.0429503142416696,0.0418741822860571,0.0166121822669957,0.0108885317414761,0.0067984880820755,0.0053719735109412,-0.0071440151310455,0.0141285551344787,0.0319384555683301,0.0032762541185205,-0.0138282247150655,-0.0054838018428691,0.0087878132435188,0.0426440329218107,0.0249082698278293,-0.0296687743735426,-0.0019384931496576,0.0178878076702919,0.0117752882492436,0.0307606215832292,0.060441279442218,0.0386219998775376,0.0199534447533242,-0.000780059947914,0.0055985585585587,0.0168250335804189
2022-11-30,0.010153519264924,0.0,0.0207799290973547,0.0210665793618671,0.0201594177314883,0.0143381396308692,0.0008542120079924,0.0314844151620381,0.0045161013494667,0.0139218396816795,-0.0249597147461171,0.0043895458575855,0.0143357135891295,0.0306485916345338,-0.0363013698630136,0.0061334167001623,-0.004481500781657,0.0228586311420448,0.0245667143474934,0.0440107132961857,0.0160852894416909,0.0118504930061913,0.0611814345991561,-0.0049547608789315,0.0013907499898484,0.0123168339679242,0.0022846461394672,0.0053437169002101,0.0029564700638835,0.0123051681706316,0.0039401079726788,0.0043763938514662,-0.0246319365798414,0.0005666257436962,0.0177310890212674,0.0140776638552868,0.0006754154068584,-0.0042089377043681,0.0135120091286076,0.0021739896823624,0.0102359196408672,0.0144136790325006,0.010102427388803,-0.0194685096855835,-0.0150028817059699,0.0082773763330934,-0.0357191733953742,0.014881629310961,0.0051078046095762,-0.0067199538003176,0.0082159624413145,-0.0073572227876432,0.034376705475714,0.0504315368818337,0.0040687754298465,0.0218263994957896,0.0219535491911715,0.0258084650630552,0.0,0.0,-0.0052966779747808,0.0036263390627024,-0.0031153053194326,0.0075120221736875,0.0024565509045131,-0.0300317867538746,0.0095130100232863,-0.0030011374940711,-0.0405582583541521,-0.0153709171001452,0.0564866314482412,0.033475878658292,0.0129530767069401,0.0150397144700886,0.0103931500439204,-0.0101486959140895,0.0342099152277555,0.0017417511448587
2022-12-01,0.0100514615563709,0.0,0.0022440692455651,-0.0294734716033174,-0.046333171830326,-0.0251395412608691,-0.0011355034065102,-0.0247055473056814,-0.0115545208931794,0.023306694917206,-0.0487974260698338,-0.0071499121557246,0.015901078944557,-0.0229788638073109,-0.0127931769722814,-0.0182880816749277,-0.0178496649916247,-0.0237834675103747,-0.0146593288852091,-0.0310622010698087,-0.0031661297745052,-0.0130895510211482,0.0,0.0174030342898063,-0.0188048051092299,-0.0398632283801111,-0.0229238978397139,0.0179753448908654,0.0228784310240117,-0.0056726094003242,-0.0071570541101813,-0.0065339970791997,-0.0119550610116647,-0.0152248883725994,-0.028192327320331,-0.0175309278983771,-0.0013499190575876,-0.0248439534779291,-0.0666662089986681,-0.0104066508759174,-0.0142764847701738,-0.0005505675080467,-8.681761355744388e-05,-0.0180432840266058,0.0025416135894043,-0.0315357095534649,0.0194031061189732,-0.0909099640778378,-0.0287907316323393,-0.0259649308262529,-0.0256111757857975,-0.0396857784125688,-0.0375100988727734,-0.0401307750734784,-0.0081045751633986,0.0180289062630238,-0.009916281394477,-0.0086752497245768,-0.0179885482887747,0.0021526442453045,-0.0342759125496694,0.0014471379850675,-0.043776667232088,-0.0009915427238262,-0.0153754018015375,0.0092209094476172,-0.0505949276699535,0.0003767976827995,0.0176632509622574,-0.0245585645614202,-0.0460147018937207,-0.0133833322557702,-0.0447560400543673,0.0054847074927319,-0.0205724871421955,0.0134074396075263,-0.0176936936936936,-0.0165178658643795
2022-12-02,0.0155471302191383,0.0,0.0113018445463268,-0.0457687214986043,0.0217749037987793,0.0233741958314808,0.0224163936131482,-0.0024507503467551,-0.0007130432903706,0.0159115972362884,0.0109329513423594,0.0252093072392574,0.0135648827268568,0.0124522416038237,0.0089992800575953,0.0079880631207704,0.0,-0.0170207334398865,-0.0189139317253197,0.0080160198665821,0.0114305763300277,0.0125650987848227,-0.0079522862823061,-0.0036666011916454,0.0376175224713297,0.0752908357075023,0.0140770393149705,-0.0047251842991542,0.0086599520661516,0.0032599837000815,-0.0120922132251287,-0.0058479766401371,0.0410215118113661,0.0045783629956206,0.013689997808139,0.008177862251788,0.019827335850252,0.0254769004063872,0.0,-0.0021920859771669,0.0045879625929183,0.0035594728590193,0.0134694751709008,0.0238847466194869,0.0035443745972303,-0.0049075886191533,0.02595517015056,0.0451598361666085,0.0183087864370568,0.0011531052445938,0.016726403823178,0.0263412302135344,0.0129906467343514,0.0125026663639054,0.0122561939905112,-0.0002701883949991,-0.0054217506095683,0.0210083838238233,0.0068062275873916,0.0128277842808357,0.0143010934047973,0.0021675702044234,-0.0147098957480487,0.0089619336758524,0.0070133190998125,0.0084814710816396,0.0205820959849913,-0.0336654497248729,0.0014197768372452,0.0983898511832153,0.0258174806542033,0.0,0.0053575317604355,0.0071939525836095,0.0092662491185864,0.0238557745926504,0.0091374196807263,-0.0168052203450433
2022-12-05,-0.0189876885267713,0.0,-0.0424090669478123,-0.0225071357107222,-0.0336840293524646,-0.0433043987125719,-0.0230367861866488,-0.0261776820624334,-0.037083085572193,-0.0224191404519273,-0.0141423190843602,-0.0464481226251046,-0.0013746453155718,-0.0379883878043679,-0.0442383160899036,-0.0325662764096352,-0.0363481319618398,-0.0441947776993647,-0.0192785651911062,-0.0249859612470034,-0.023862557511137,0.0013787973621428,-0.0701402805611223,-0.0049122691726359,-0.0690822554788861,-0.0615185052300389,-0.0740876294049984,-0.0139914082610252,-0.0314709661672757,-0.0186839967506092,-0.032486119567094,-0.0271959194033819,-0.0729986516572073,-0.0188171056590756,-0.014469120230641,-0.0162354575447125,-0.044408201304753,-0.0322421303156855,-0.0571439079107056,-0.005711944614325,-0.0216734031380287,-0.0181705583470562,-0.0292424380882756,-0.0646260182670945,0.0221967783169461,-0.0779880680527492,-0.0472239454094294,-0.0493816760454223,-0.0556483729966003,-0.0659629534275533,-0.0540540540540539,-0.0309752146528031,-0.0135004875958987,-0.0111929648104605,-0.0121077984637416,-0.0182631199633098,-0.0260079079470298,0.0068541500626209,-0.0228680271509652,-0.0380197783867509,-0.0431462233453976,-0.0187312010653685,-0.0082957094978256,-0.0253353779089392,-0.0242647240095653,-0.0226531209618116,-0.0327698492545532,0.0219930493254012,-0.0144888557607706,-0.0958176931790418,-0.0801330339122771,-0.0349770642201834,0.0106579631448211,-0.0010369745762974,-0.0440647038516545,-0.0243174010366168,-0.0274185204345576,-0.0350738956066714
2022-12-06,0.0018748853128665,0.0,-0.01167047425064,0.0058149101547575,-0.0099602917124322,0.0024652684454906,0.0102279151417774,0.0145893719806764,0.0236456520518724,0.0059689992748368,-0.0261588820578444,-0.0004097493324688,0.0137445977393615,-0.035509965415615,-0.007465472191116,0.0154557116582432,0.0282617111885403,0.0199944476275422,-0.0140410958904109,-0.0052453940238428,0.0147947255213691,0.0116945820840088,-0.002155172413793,-0.0209348016311973,0.0095515172258884,0.0216151041053993,0.0670280648257948,0.0086142435414784,0.0066484335045471,-0.0049668874172186,0.0165426904099981,0.0007579240336468,0.023689521812175,-0.0319533266015932,0.0130497582023785,0.0247487928186895,-0.0240459897162486,0.0005452183193355,0.0454573822414305,0.0075123763115307,0.0069941444372154,0.0090312222254078,0.0230808152122752,0.0019265280270241,0.025169943046114,0.0505588837884798,-0.0088508179376576,0.0129876114350531,0.0407936556916717,0.006194600397499,0.0124223602484472,-0.0009132956621128,-0.0017085128509878,0.0007835105395912,-0.004085397996837,-0.038312450295032,-0.0008598541895744,0.0242672335806042,-0.0010648067291278,-0.0010899317554095,-0.0042609430715692,0.0201885008844753,0.0156129987291744,-0.0449130236884287,0.0094431986861636,-0.0132436302010285,0.003724028114272,0.0150446588371657,0.012109256212524,-0.0115207939276327,0.0161966934487021,-0.0036923860453271,0.0342516647137836,0.0145311624774819,0.0057609134917153,-0.0012943276550586,0.0029240943070729,-0.0027952553942147
2022-12-07,-0.0031136522902466,0.0,0.0188821121229842,0.0154916455471569,0.0046704351886093,0.0057504738131559,-0.0022531311896679,-0.005290501433726,-0.0112206732403945,-0.0112409160332855,0.0181965339935248,-0.0200634245662083,-0.0308468010535053,-0.0200309527726494,-0.0195562241444151,0.0143376813138307,0.0091975043029259,0.0168459943711563,0.0227856894755122,-0.0281021988694374,0.0171133146564435,-0.0190448049854947,0.0345572354211662,-0.0050252103674475,0.0087301082787702,0.0102478482397305,0.0047099915325996,0.004272478723313,-0.0066045237674501,-0.0016638935108153,0.0189097628580228,0.0045275460203946,0.0211036457759663,0.0060035696900859,-0.0022514697721007,0.0021899606299211,0.0139764052741153,-0.0120056579054156,-0.014491131457396,0.0061346056959963,-0.0034727830722015,0.0013354549070863,-0.0072631706068744,0.0038193072566836,-0.002404902300844,0.0198970586420135,0.0232176215794552,-0.0576914328904502,-0.0008696769347842,-0.0036909945500159,0.0134969325153373,0.0100554358691993,-0.015082395095789,-0.0113108032936619,0.0,-0.0568695712517782,-0.0090544938663106,-0.0108061560202257,-0.0042581271008639,0.0032981612131282,-0.0049923724650298,0.0021605504587156,0.0054932966655207,0.0157371818115887,0.0070708966898191,-0.0302036525691611,-0.0092755279587867,-0.0046914653114943,0.0082587325310858,0.0489314115308152,-0.0233775415949185,-0.0037145899893504,0.0012710869174761,-0.0355804613346956,-0.0076343709124485,-0.0025981524249423,-0.0119317579131752,0.0037374543316677
2022-12-08,-0.0187562407636697,0.0,-0.039360393603936,-0.0209484126225655,-0.0208602767916273,-0.0416318126246701,-0.0126784989483782,-0.0182642087459711,-0.0287083462750142,-0.0060010389042295,-0.0119142250610206,-0.0263259508508701,0.0122450274402816,0.0009015534698928,-0.0471806674338319,-0.0291403448224119,-0.0363481319618398,-0.0280139642692394,-0.0208856890579364,-0.0066233649768758,-0.0317752267393923,-0.0235767682576193,-0.1022964509394572,0.006321712455299,-0.0461716206280853,-0.0209431542954837,-0.0303924150645246,-0.0195134648454669,-0.0214202595631453,0.0016666666666667,-0.0173830250272036,-0.0086434910145596,-0.0399974111707979,-0.0483333333333332,-0.0016144057449328,-0.0094895528984261,-0.0063074038079856,-0.006630249191755,0.0294084242566496,-0.0200412371134022,-0.0278790825836778,-0.0325969751142134,-0.0350580438862756,-0.0305169246916818,-0.0164113024732853,-0.0412869573636374,-0.0157090121178075,-0.0340151211324509,-0.0279033422684694,-0.0704610575670746,-0.015738498789346,-0.0330309509695995,-0.021572365056488,-0.022491421585652,-0.0288474262273389,0.0153046208182083,-0.0139163754263336,-0.0111742069125616,-0.0614999461917949,-0.050384962368847,-0.0383441860062235,-0.0226208512800325,-0.031131836798884,-0.0198384365884009,-0.0262830868646701,-0.0532812225674221,-0.0168436548966265,0.0009427157806825,-0.0096046579152467,-0.0266530834656117,-0.0192236584501971,-0.0439630918684099,-0.0368975176277406,0.0122585944958435,-0.0346405003532106,-0.0323182559965513,-0.001610305958132,-0.0093088444481633
2022-12-09,-0.0120973322370295,0.0,-0.0409446578460662,-0.0076751236191331,-0.0315317669052884,0.0,-0.0014276424465755,-0.00697785290166,-0.01717679305619,0.0079442572600794,-0.0034451101204842,-0.0193140240304038,0.0390433211110763,-0.0159151687958331,0.0096618357487923,0.0081760714672105,-0.0094574415131907,-0.0018573638323803,-0.0142381464395963,0.0090920815063193,-0.0083659298908872,0.0518443733991438,-0.011627906976744,0.0062819994610616,-0.0090734908714514,-0.0131257275902212,-0.0144502390265102,-0.0224564579724777,-0.010565860530641,0.0141430948419301,-0.0004767925091281,0.0,-0.021528573675813,-0.0156730451064104,0.0174565285333163,0.0176860630848361,-0.0016474691512777,0.0005552241274415,0.0285682762678827,-0.0048933560968571,-0.0017674030846184,0.0124955085099984,-0.0095151762558831,-0.0059003437356213,0.0358211769141942,-0.0184618297724619,-0.040785960335093,-0.0140851567665647,-0.033181383422536,-0.0159575296187317,-0.007380073800738,0.0051449620422217,-0.0021323354716082,-0.0028210448524814,-0.0211881727755824,0.0144699971011692,0.0052949591135214,0.002555362423531,0.005129907359908,-0.0126887038001041,-0.0160239954603182,-0.0062473949674284,-0.0028158875338754,-0.0097713768379865,0.0283900197817625,-0.0131588495682252,-0.0468432574430823,0.0355935096047481,-0.0079850636876336,-0.0091276409307758,-0.0103538319893325,-0.0140342403263028,0.0330243420204308,0.0333021049399349,-0.0079691585532363,0.0126577445159319,-0.0026881720430105,-0.0582676999092041
2022-12-12,-0.0174122998574383,0.0,-0.0125793627247374,-0.0159355159650261,-0.0221242386456286,-0.0247079360816435,-0.0340204796550795,-0.0187347241620111,-0.0111903876545506,-0.0148173077797688,0.0250633945276514,-0.0468265583177678,-0.0329212935268362,0.0170878664785549,-0.0047846889952152,-0.0442127855281311,-0.0476270240089334,-0.0176983358281234,-0.0144262064354955,-0.0132212920953415,-0.0356900196285671,-0.0303857092072521,0.0023529411764704,-0.0199835980518502,-0.0419935548394266,-0.042643545961249,-0.0122092382317275,-0.0028715419067038,0.0175452026271873,-0.0221493027071369,0.0014341373940554,0.0018950413085758,-0.0127810569348429,-0.0127413602262944,-0.0066731662148146,-0.011581742010912,-0.0235496698244674,-0.0233477965701466,-0.013887399080371,-0.0035763045658293,-0.0073493794785282,-0.0142750573971738,-0.0094550611851554,-0.0138854855835987,0.0023718517507338,-0.0130152401774805,-0.0036974075648109,0.0,-0.017628424387215,-0.0189216554866472,-0.047087980173482,-0.0311909520101502,-0.0270831721239755,-0.032373459891257,-0.0259622746572005,0.0294201690677462,-0.0285228841456939,-0.0301628831717409,-0.011906691885076,-0.0350491003756673,-0.024427418026034,-0.0096090859822333,-0.0231781283395967,-0.0238445532692995,-0.0149355605333862,-0.0037094230784944,0.0147863353866082,-0.0018189142668798,-0.0023020329439579,-0.0460831757105307,-0.0254115288220552,-0.0245035335528762,-0.0140634101689274,-0.0298621060850713,-0.0221024792198913,-0.0023943290222842,-0.0277642602170905,-0.0239576676868573
2022-12-13,0.0026250020966469,0.0,0.0,-0.001190955591922,-0.027509310772909,-0.0052418323793788,-0.0473766185461561,-0.0294336769300908,-0.0297086716886229,-0.0076816545102021,-0.000843123448097,-0.040864255519023,-0.0003430710053019,0.0090024111938979,0.0148237179487178,-0.0207872197093638,-0.0150085009087178,-0.0385562328194097,-0.0161011049427893,-0.0298405009681326,0.0141310942790595,-0.033427741267266,-0.0023474178403755,-0.0445734779267356,-0.0326640451914489,-0.0029264085266302,-0.0049663792862921,-0.0240832600358079,0.0029941471194498,-0.0335570469798658,-0.0028672403196066,-0.0128627366395114,-0.0460049552745757,-0.034839009725025,-0.0095952171808615,-0.0146498934217171,-0.0086844953638417,-0.0387028529980657,-0.0140829749740748,-0.0251118575014247,-0.0332834138215349,-0.0304036678373572,-0.0377590542797877,-0.0260912780584775,-0.0373377820903484,-0.0268689000951226,0.0,0.0,-0.0292687107625719,-0.0371863510288331,-0.0208062418725617,-0.0331562824944495,-0.0135575799475071,-0.024678174801897,0.0,0.007220018274135,-0.044718202089983,-0.0346020439908434,-0.0522113246071389,-0.0060514165505559,-0.0399841423993768,-0.0350882201792954,-0.0179391691179665,-0.0080849185587097,-0.0305444970772021,-0.0327136144074398,-0.0346460257106644,-0.064309999021622,-0.0279531671421666,-0.0217598434321325,-0.0026868226367893,-0.0145822483446172,-0.0337187711006076,0.0042196137021797,-0.0212405824831887,-0.0088002771740841,-0.0077626953037192,-0.0112448599848384
2022-12-14,-0.0098117121563182,0.0,0.0228952586983954,-0.0028594140488731,-0.0152020185305136,0.0342465076273614,-0.0247931867541911,0.0237615141377571,0.0211348634409251,0.0161242300749919,0.0177205330069267,0.0248912619927752,0.0137587487130421,-0.0038659318218166,-0.0051322542439794,0.0192956592956592,0.0507707874531278,-0.005258316344289,-0.0044630708104282,-0.0018823466588346,0.0106146868667376,0.0345837995713769,-0.0235294117647058,0.0026633300563052,0.0296540559985611,0.0197726149283243,0.0074587107085775,-0.0048266301886273,0.0381176682367765,-0.001736111111111,-0.0047893930661669,0.0042145867561966,0.0203501841149071,0.0347628553727541,0.0051676312610016,0.0111413994898212,0.0143567404839557,0.0254594842709556,0.0,0.004141791044776,0.0191293450070495,0.0104498196477826,0.0043113315528422,0.0164994046606565,0.0127675376807407,0.0266064996451573,0.0389668557778439,-0.0607132273811936,0.0068094029356582,-0.028606840183566,0.0092961487383798,0.0089468421542182,-0.0980308245728285,-0.0793282843918241,0.0044304702015149,0.0369723919952,-0.0137081917316032,0.0090711891145731,0.0236135154196319,0.0,0.0153671725526514,-0.0030969218175183,-0.025932155873283,0.0192645813887861,0.0632541275998519,0.0069183029809747,-0.0505706488610466,0.0221955007765919,-0.0136367281475541,-0.0024481415183742,0.0065391835303338,0.0180917327293317,0.0550290431060835,0.0084722418915321,0.0056016090528019,0.0053829727737244,0.0354863361898405,0.0144744026114331
2022-12-15,-0.0085911233506225,0.0,0.0074609329103514,-0.0143495391744713,0.0103348669733946,-0.0212210719509047,0.0283178606878029,-0.0128024351485037,-0.0121337919582492,0.0222138795542574,0.0248742619724471,0.0065405147123045,0.0030519080837094,-0.018805709328138,-0.048015873015873,0.0066208137815773,-0.00481477285601,0.0092538208720209,-0.0119548776265193,-0.0050290575198452,0.0039434736942614,-0.0229787078028615,-0.0457831325301205,-0.0066495525368132,0.0127987143056784,0.0481398448860881,0.0123577054746861,-0.0064682517791141,-0.0266390185396586,-0.0165217391304347,-0.0132357631931819,-0.0083937971261913,-0.0051742886846791,0.0167974986695049,-0.028275852754881,-0.031609017721331,0.0098338448394095,0.0202101958475897,0.0285682762678827,-0.0059579106437268,0.0,0.0078819285601792,0.0055844698552596,-0.0203034359660865,-0.018420976049821,-0.0249386967183179,-0.039291359596001,-0.0114073649734118,-0.0057987218696218,-0.0382944239456533,0.0289473684210526,0.0206850854196076,0.0255244827372806,0.0265478016255096,0.0,-0.0113338131886384,0.0110273217704042,-0.0067446150326267,0.0135982411855712,-0.0097439632780396,0.0019901910294604,-0.003492386992095,0.0163370723542197,0.0052601876204572,0.0084638042508464,-0.0076285743154491,0.0223329596357186,-0.013903155274632,0.0090162968142146,-0.0222984562607203,-0.0015288765012091,-0.0315081064545731,-0.0419892094768941,0.0032221575801718,0.0013926014542871,-0.0058851417554284,0.0005396654074472,0.0071453927103251
2022-12-16,-0.0100033230800692,0.0,-0.0864190331797772,-0.0067904503110108,-0.017535912109774,-0.0147471018526657,0.0203432724441128,0.0056680345523385,-0.0014408010854033,0.003726363123337,0.0,-0.0371249476789888,-0.0158983406202858,-0.0006104468219005,-0.0596081700708628,0.0291347381864623,-0.0437133587569013,-0.0144128080830594,-0.0408543445782689,-0.0075884365401031,-0.0130869387405724,-0.0085558286582735,-0.0757575757575756,0.0347983704527916,-0.0442351696620557,-0.0164465127034136,-0.0195199736067962,0.0032528676596472,0.0022194345266814,-0.0141467727674624,0.016583029698185,0.009621065068782,-0.0408288288288287,-0.010165527168046,-0.0023164019791338,0.0030393196010574,0.0097380820514818,-0.0481061653303843,0.0,0.0009220953994917,0.0075149444918871,0.0034227718499337,0.0111006170507492,-0.0484798451377818,-0.0004980729321077,-0.0250749103750869,-0.0111540844889848,-0.0884614254101423,-0.015546098039648,-0.0015418541692813,-0.0421994884910486,-0.0231618165909283,0.0028094219564036,0.0004473986961524,0.0177148548662493,-0.011740954173037,0.0014171701350043,-0.0085995911355107,0.0005870575439983,0.0135315180281456,-0.0123209203463307,0.0140185060164408,0.0029734402480103,-0.0280063978306693,0.0159129333486847,-0.0653837669059376,-0.0019564933841537,-0.0065676583348101,-0.0196602166652566,-0.0379757085020243,-0.027163717122953,-0.016673366641781,-0.0238952583971884,-0.0170927286683145,-0.0097253203662395,-0.0080755926340421,0.0099769672585205,-0.0273327800075039
2022-12-19,0.025588060626404,0.0,0.0297440479989787,0.0173411759191997,0.0536192770151968,0.0642625615812375,0.0107399516662427,0.0201659264603106,0.0274988877800088,0.0006202422068128,-0.0056631283227539,0.0737622791346159,-0.0113434417966598,-0.0304402309780041,-0.0039893617021276,-0.0210036453889708,0.0406523421224926,0.0455165049153556,0.0394407907388179,0.0312089400609549,0.0132604778012277,-0.0201264169868095,0.0983606557377048,0.0026014568158168,0.0553777670837343,0.0410250382038321,0.0621933095925748,0.0027027027027028,0.002214519545542,0.032286995515695,0.0326312117385922,0.0122001170275014,0.0448961190216778,0.014120116001421,-0.0139213938110628,-0.0090903303838563,0.0197596538132907,0.0362676634381036,0.0694441464827408,0.0036849836914574,0.0322936090862857,0.0155872276684414,0.0299844939999875,0.0571428571428571,-0.0247024904191829,0.0483524625590856,0.0281997536573244,0.1012658810956228,0.0394789893378728,0.1211685909752025,0.0213618157543391,0.0365575987332555,0.022820272800214,0.0149731680827955,0.0130723523243621,0.0121637817942781,0.0123125050132348,0.0461203349629701,0.0274025901839809,0.023059332593901,0.0404415966539812,0.0257303986841075,0.0118733607257757,0.0180355916872814,-0.0317568252718476,0.0493772241992882,0.0141337283032749,-0.0162242240848585,0.0109395611846945,0.0605448475156413,0.0475820744366612,0.0305345740538858,-0.0612226829376263,-0.0036182156500346,0.0385953007040462,0.0002756516276267,0.0193699987298361,0.0364235701177102
2022-12-20,0.003616985565626,0.0,0.0236161904171574,0.0189689724276138,0.0398029134532988,0.0438313805115213,0.0257977238227822,0.0324077654884369,0.0359140590259086,0.00957880889206,0.0203406500067058,0.0271838141270914,0.0118204800723209,0.0270021887522813,0.0431686693368937,0.0317218868343078,0.0341455044612217,0.0168408024465123,0.0333746508056906,0.032123106831825,0.0163491625690725,0.038887547679977,0.0621890547263681,0.032243556478118,0.0180112399256753,0.0288504968383016,0.0,0.0207675961105029,0.03019576254277,0.0251954821894007,0.0113843936943374,0.0079115034747025,0.0170310177860875,-0.0306659497156637,0.0235314616159809,0.0259793655484317,0.012919652196476,0.0235190894578425,0.0519491808759611,0.0128438887648529,0.0096231217669759,0.0225400858669937,0.0106591373535351,0.0353190887222301,0.0076033138282989,0.0421959152155277,0.0585095204068764,0.0804592893146214,0.0123474082294505,0.0465093931677316,0.0196078431372548,0.0128729762276436,0.0242657200943956,0.0308263637007373,0.0385730057963014,0.0022366793010588,0.0336753694386118,0.0340462154933878,0.0402931063502369,-0.005929356336916,0.044287230114101,0.0277051277156274,0.0263905716488601,0.0270290522169176,0.0215678422916985,0.0549004680295177,0.0536326234500139,-0.0059373099673833,0.0084146683523103,0.101743340123277,0.0255260698633668,0.0271551764850339,0.0217384470292361,0.0044512366553211,0.0155359541181168,0.0238661343142974,0.0081331664410602,0.0160604522641403
2022-12-21,-0.0117065665476497,0.0,0.0384522223567882,0.0037695116024096,-0.021695814177993,-0.0047469483903205,0.0094691887167142,0.0061325399203733,0.008156072433153,0.0244972238540943,-0.023124780932352,0.0167649589287346,0.0123732546542552,0.0177294760840214,0.0055460750853242,-0.0018122341160751,0.0047010674188374,-0.0071848928174704,-0.011744275560807,0.0059815843562478,-0.0135127547678313,0.0056422078042794,0.0351288056206089,0.0149981566511379,-0.0053861572399585,0.0225813532349228,0.0023494627913729,-0.0044925897053454,0.0049998923982983,0.0067796610169492,-0.0105675123632504,0.0003728056699237,-0.0021801383504012,0.0053203113180588,-0.0006579219787348,-0.0044707149386997,0.0066042443276876,0.0201807336500339,0.2469186811510371,0.0190245843921257,0.0012036238838013,0.0089115485957882,0.0040559699930007,0.00401825984747,-0.0154782314732088,-0.0174181678900408,0.0034547115117342,-0.0744676732481609,-0.0084398514245574,-0.0156864545551933,-0.0307692307692307,0.0079977102219872,0.0263649998404442,0.0216765763221566,0.045511926117866,-0.0064129599888277,0.0153857104529748,0.0046403193184054,0.0109153525676215,-0.0059647233068533,-0.0157425332632074,0.0018204362545453,0.0142868385093613,-0.0129868776252567,0.0030755128870021,-0.010407013457769,-0.0168331408122126,-0.0026782933665525,0.0089450918897564,0.0270127500180084,0.0398989760126948,-0.0024000441387429,-0.0028460224912697,0.0057137406549692,0.0312756907459701,0.0007949374377975,-0.0007809120378434,-0.013830767352285
2022-12-22,0.0048734675229078,0.0,-0.0222170388943961,-0.0002364691773686,-0.0189909881180344,-0.0191142191142191,0.0090841422473377,0.0030422619110936,0.0033727379685135,0.0158403718219013,0.007346543357164,0.0021697921443124,-0.0050899463297997,-0.0057074504442925,-0.0199406024607551,0.0018770674667281,-0.0046790707915886,0.0132180350893897,0.0029709606710022,-0.0071352212993947,0.0163065131192015,-0.0007024743735499,-0.009049773755656,0.0086347801680728,0.0030960798000496,0.0060103571332741,0.0046615749275744,0.0119452843511795,-0.0021341898643825,-0.0159932659932661,0.0099842856545353,0.0044801913295602,-0.0094954648526077,0.0198560333079733,-0.0187331958307245,-0.0164536580456877,0.0108579820482779,-0.0148332282986719,-0.0594094737056747,0.0275504440518681,0.0047599707578589,0.0027885711050243,0.0020197927776022,-0.0099918322896814,0.0102337388403805,-0.001738185768604,-0.017214087851207,-0.003831593917972,0.0227014146791748,0.0092975527846015,0.0052910052910053,0.0042046633539016,0.011541140185056,0.0178175216835876,0.0474072191154042,-0.0103843094040687,0.0169374538277782,-0.0096609105040688,0.0016176235224178,-0.0036030178660924,0.0050434193382615,0.0163634256576659,0.0073214084189143,0.0241507122717721,0.0098655732974219,-0.0105164583816753,-0.009376195061717,-0.005578405481603,0.0236327750431502,0.0131628167960349,-0.0165438468598797,0.0120475264317383,-0.0042580764602424,-0.0056812792984693,0.0178757105226672,0.0058228259781847,0.0140617796219457,0.0040070686491902
2022-12-23,0.0138759082910235,0.0,0.0555522423664121,0.0140901385924503,0.0504090995516466,0.085743272886809,0.0246887560781008,0.0136592608303725,0.0174770509012129,-0.0117692996566403,0.0226892252894033,0.0692641509433962,0.0034089385359614,0.0833846317295945,0.028138528138528,0.0127616444246509,0.0235606437697029,0.0158473764897297,0.0118486408380744,0.03594523480355,0.0070563857490877,-0.0224857325206034,0.0753424657534247,0.0231945262882209,0.0385422629269223,0.0219507641426399,0.0627834429968279,0.0054123446187428,0.0057009606512112,0.0179640718562874,0.0177005809482115,0.0029761904761904,0.0294748891114611,0.0240109520764677,-0.0388478879979731,-0.0365017649767227,0.0103165237458369,0.0552153053367292,-0.0421061189095443,0.0229288859520369,0.0165890570430733,0.0134453188410912,0.0157273840811522,0.0282704947336578,-0.0212676851362916,0.0595661052537241,0.0280249647674653,0.0307706519867811,0.026836410197206,0.0618491589130567,0.0250000000000001,0.0641544317563893,0.0511643060883248,0.0471000132117849,0.0528455284552844,0.0065220787705768,0.0030648821770207,0.0131507933652359,0.0317866130992805,0.0348690202688923,0.0546652820481494,0.0132402909853823,0.0162238996176844,0.022343891775963,-0.0138947594015846,0.0759302841732343,0.0234553775743706,-0.0270032635392016,0.0060576964360292,-0.002169147340487,0.0146752134454297,0.0190447565440734,-0.0114344147996653,0.0066472664270043,0.0240570013024492,0.0121067784279218,-0.0112996856269995,0.0029933070998553
2022-12-26,-0.006843001287215,0.0,-0.0047741461623208,-0.0076413454543434,-0.028323934841666,0.0052361750667149,-0.0014177207751187,-0.0232049632256782,-0.0237841753465554,-0.0101228311286719,-0.0253552521593758,-0.0332004023221752,0.0013620266957232,0.0069712841930384,-0.0193684210526315,-0.0134954812882878,-0.0045928567569027,-0.008869769351304,-0.0131736313168276,-0.0300732458810722,-0.0070069420629699,0.0165401865975285,0.0021231422505307,-0.0095506247100416,-0.017075358528493,-0.0019574068274349,-0.004365842829658,-0.0086620724019343,-0.0063727791291482,-0.042016806722689,-0.0221361887156592,-0.0244705499776431,-0.0214732453092424,-0.0183804987391426,-0.0181197799462069,-0.0071017070645392,-0.0162849370821047,-0.0200839732363375,-0.0109878296490343,0.0004230311899753,-0.0128351941979196,-0.0128072985583953,-0.0198509568383647,0.0039314273488273,-0.0113796332471333,-0.0534745465749948,-0.0255571657984412,-0.0074630209754885,-0.0297328236472534,-0.0024807416111762,-0.0359435173299101,-0.0257744075054421,-0.0031521389514312,-0.0071639363797587,-0.0322710770471964,-0.0014082877309634,-0.016599177442035,-0.0054424063781807,-0.0339433963307725,-0.0108635682946693,-0.0273446298596408,-0.0180097048046886,-0.012113194286541,-0.0106705933374348,0.0158533714071829,-0.0345775113844237,0.0028130353969835,-0.0140918772879418,-0.0083179763729123,-0.0564048009990518,-0.045856801114341,-0.0381641864414353,0.0057833364679331,0.0091524507504328,-0.0323781972950281,-0.0234016932283154,-0.0080500894454383,0.0139270784432072
2022-12-27,0.0,0.0,-0.0745103604882203,-0.0263658595275803,-0.0253306612022186,-0.0350218991550193,-0.0332129379657351,0.0061264927970869,-0.0047333153444864,-0.0015011953159235,0.0138203973699255,-0.0196798656676918,0.0239339314677562,-0.003044754744003,0.0274796049806784,-0.0009222539887485,-0.0463033329714472,0.0027769189034669,-0.0103829386972486,0.0083506115538984,-0.0263214389053267,0.022628688448292,-0.0720338983050846,-0.019269285437395,-0.0362502886169476,-0.0143301691901363,-0.0549485940790288,-0.0052956118226776,-0.0042805400065855,0.0,0.0087773008833773,0.0022792616359015,-0.0409653670430605,0.0135541800210408,0.0496850562026778,0.046096872952847,0.0047626586453468,-0.0215782418916905,-0.0222198067494665,0.0009885601307413,-0.0106175584449063,-0.009269775874597,-0.0056679726695018,-0.0352176461185999,0.0230212397596256,-0.0159318809959979,-0.0402154470727736,-0.0526339551396498,-0.0204257919076363,-0.0706806282722514,-0.0559254327563248,-0.034135134851616,0.0066703430797392,0.0068202517703708,0.0359673673554457,0.003948201406317,0.0155462139700901,-0.0046330598727024,-0.0243209819997252,-0.0170652996719743,-0.0373036562611652,-0.0017968710607498,-0.0005579851157471,-0.0175649638608259,0.0019136026243695,-0.0387428138329182,0.0080211722694025,0.0285842551609485,-0.00665073099358,-0.0896524680162736,-0.0107189469884201,-0.0056683547832551,0.0086173312763935,0.0238773254686339,-0.0124654215563305,-0.0039947910441188,-0.0047149144503083,-0.0284526854219947
2022-12-28,0.0020653728123354,0.0,0.0675049838981751,0.0186912127734781,0.0275565488805826,0.0347481970684462,0.0179112200021305,0.0304672280358111,0.0305909198739311,0.0129488087530469,0.0200470555061109,0.0474155786729968,0.0016692482367623,0.0286098453723762,0.0033430839949855,0.0311240345856795,0.0485514258068189,0.0027692289791667,0.0374709828364621,0.0224674589700057,0.0243967905518756,0.0228197449504374,0.0433789954337899,0.0135048337423211,0.0470258060099939,0.0350462950680499,0.0558104175950924,0.0071871362442812,0.0171885783298826,0.05,0.0178615099487609,0.0345102832412478,0.0427152113545203,0.0222962480186028,-0.004395167210537,-0.0091121704346492,0.0124135033285626,0.0369364253221471,0.0681800895181814,0.0013243898958186,0.0202905158936945,0.0257268383688058,0.020362439408228,0.0446211619173846,0.0199524183263022,0.0225658522030731,0.0309699304799395,0.0674635323475765,0.0255941499085925,0.07358372456964,0.0578279266572638,0.0404678896093317,-0.0055829783266218,-0.0123489688155229,0.056618957291487,0.0469387352946972,0.0258101398490351,0.0063451776649745,0.0232665946859449,0.0210906044802334,0.0362657502863688,0.0208940830712007,0.0156113697110118,0.015222579640967,0.0152558558879178,0.0410592360214063,0.0310246542825802,0.0132641370468371,0.0104800500962936,0.0681940555675209,0.0425984962406014,0.0342040091584505,0.0199456169081977,-0.0022430491035319,0.0312219989386781,0.0122977223632849,0.0181537788658432,0.0535339437882242
2022-12-29,-0.002061115839717,0.0,-0.0608228466356375,-0.0091741307567527,-0.0054661120552972,-0.0141739283587596,0.0017267155030646,-0.0044318639655367,-0.0006576711863292,0.0023807787505845,0.0188669465609288,-0.0236544135945109,-0.0103240851949715,0.0194430478744205,-0.0104123281965847,-0.0026857253696602,-0.0185104766040603,0.0187160966553534,-0.007223524022622,-0.0098276169566368,0.0096479571784171,0.0201836821870995,-0.0175054704595186,0.0121223939290531,-0.0217050209205019,-0.0006407956118317,-0.0198132883106564,0.0013214536886476,0.0077458567440544,-0.0033416875522139,-0.0053987396186433,-0.0095323061590272,-0.0175532040811495,-0.0373862670402669,-0.0027162925223462,-0.0053653880878066,0.0075793339939096,-0.0164807244969399,-0.0851080145480039,0.0154554835325841,-0.0046764771602769,-0.0018257549461991,-0.0019956084839852,-0.0252431803764009,0.0015029277031657,-0.0172724389470346,0.0265055346806135,0.0185841318543953,0.0,-0.0304655840937581,0.0133333333333331,-0.0094990553137298,-0.0161397134233891,-0.0120986637508696,0.0107170057665106,-0.0010755492695675,-0.0127919337027978,-0.0029409274615784,0.0075811011520752,-0.0024346675487925,-0.0200760506709702,-0.0052942896340777,-0.0087816944959802,-0.0031378721751483,0.0068648013881504,-0.0072997993763748,0.0231493391820769,0.0022838272277971,-0.0008613566562212,-0.0023691307306499,-0.0100346925745582,-0.007084444042832,0.0,-0.0012355463676444,0.0019402733254598,0.0126724444527637,-0.0049094129625238,-0.0249329556591886
