date,ABEV3,ALOS3,ANIM3,AXIA3,AZZA3,B3SA3,BBAS3,BBDC3,BBDC4,BBSE3,BEEF3,BPAC11,BRAP4,BRAV3,BRKM5,CMIG4,COGN3,CPFE3,CPLE3,CSAN3,CSMG3,CSNA3,CVCB3,CXSE3,CYRE3,DIRR3,ECOR3,EGIE3,EMBJ3,ENEV3,ENGI11,EQTL3,EZTC3,FLRY3,GGBR4,GOAU4,HYPE3,IGTI11,IRBR3,ISAE4,ITSA4,ITUB3,ITUB4,JHSF3,KLBN11,LREN3,MDNE3,MGLU3,MOTV3,MOVI3,MRVE3,MULT3,PETR3,PETR4,POMO4,PRIO3,PSSA3,RADL3,RAIL3,RAPT4,RENT3,SANB11,SAPR11,SBSP3,SLCE3,SMFT3,SMTO3,SUZB3,TAEE11,TEND3,TOTS3,UGPA3,USIM5,VALE3,VBBR3,VIVT3,WEGE3,YDUQ3
2024-01-02,-0.0014538425984285,-0.0301292599052181,-0.0313997511318207,-0.0162616922156729,-0.0350226942151656,-0.0193581253183902,-0.011373215125317,-0.0111287758346582,-0.0198943738815415,0.0071331364149513,-0.0200868395133657,-0.0101035771972034,-0.0097429098754842,-0.0102744286978934,-0.0347666971637693,-0.0121902615340214,-0.0372585251133882,-0.002598925833576,-0.0242449757921718,-0.007229250660364,-0.013669356547428,-0.0127147766323023,-0.0628571428571429,-0.0077538391880165,-0.0390351154879963,-0.0232301852467333,0.0031859203638344,-0.0178711670360739,-0.0165259251290877,-0.023512123438648,-0.0121138368780595,-0.0201545831073567,-0.0657710678949164,-0.01053390865847,-0.0096812161198879,-0.0082967367069792,-0.0165048880588775,-0.018867436202702,-0.053723849372385,-0.0113197104010999,-0.0192822842470403,-0.0115326525100772,-0.012737295863384,-0.0376849128659847,-0.0220516476792929,-0.0120543244343628,-0.0375062524794314,-0.0509282425308444,-0.0133974925225099,-0.0664437267175427,-0.0454140694568121,-0.0193515870411177,0.0097477884497023,0.0145014891504751,0.0382984737139626,-0.0152008686210639,-0.0062603638460982,-0.0064637115894028,-0.0304984339139273,-0.0148467783222409,-0.0367914704692815,-0.0077404965725343,-0.0096290345225652,-0.0230920140425406,-0.0249754312243722,-0.0460987753779966,-0.0283152149666137,-0.0088079658605975,-0.0065140021821582,-0.0458509162275435,-0.0204815582339766,0.0026412406623874,-0.0172265959934523,-0.0019416823004374,0.0092271820628,-0.0153472316286782,-0.0092135315664726,-0.0468328557500532
2024-01-03,-0.0080288162124858,0.0,-0.0231515648489818,-0.0011988970147465,-0.0118824287880576,-0.0028189457601222,0.0009126120413374,0.0004806576722908,0.0011311411165342,-0.0044261546198228,-0.0122878296691629,-0.0185335212264015,0.0011812821899397,0.0130723351710326,-0.028436018957346,0.0114641883243362,0.003001116694584,0.0015651107210084,-0.0086420223093615,0.0041633901737527,0.0133616483253442,0.0087587658984438,-0.0060975609756097,0.0,-0.017285680915674,-0.0205770160640411,-0.0021250723114885,-0.0004478009773433,-0.0208871691801456,0.0015048908954102,0.0022980299933741,0.0054267664820637,-0.0080161418437125,-0.0112042978267865,-0.0110480590568975,-0.0064994345355697,-0.0088175388513784,0.0284277260457059,0.0128817356443815,-0.0049616700827997,-0.0019636226320095,-0.0021047518821339,-0.0110375461297215,-0.0168092142775686,0.0142656228994528,-0.0185964705709196,-0.006236279736571,-0.0243860873084769,-0.0014294129196936,0.0171145151907905,-0.0251865671641792,0.0064582959819916,0.0340448945837219,0.0312305595358752,0.0177526298391959,0.0337375964718853,0.0045505294172178,-0.0003408976732836,0.0058399354808102,0.0396519013445517,-0.0058765748289562,-0.0012487283171181,0.0060052846504923,-0.0021667409045953,0.0070902266092034,0.0205391192296304,0.0105335251534306,0.0056218260027631,0.0062952285697475,-0.0742060651723489,-0.0012112012396628,-0.0018816306337923,-0.0054727157360405,-0.0051916350041618,0.0095807989838878,-0.0131102847995732,0.0076580024821091,-0.0215269268312945
2024-01-04,0.0036820850442869,-0.0205853392443569,-0.0402932452851305,-0.0086367039914032,-0.0450191324420788,-0.0290199263010318,-0.0105817840922224,-0.0132448685453009,-0.0137362881773617,0.0071102473934234,-0.0179874159751185,-0.0118643131806648,-0.0094338633217266,-0.0201153242126154,0.0082926829268292,-0.0043603851444291,-0.0356273049892145,-0.0059803611023121,-0.0130696364567332,-0.0134735758076366,-0.0014657250493622,-0.0148086974229018,-0.0214723926380367,0.0015590835630763,-0.0360632157637148,-0.0196013896507589,-0.0296842279616198,-0.0029226770584073,-0.0190193358593145,-0.0007513148009015,-0.0068829388309944,-0.0102290621001869,-0.0461661650606068,-0.0124670390616178,-0.0051569367569976,-0.0093397701401651,-0.0083199575426514,-0.0182925786593707,-0.0110687504244151,0.0030671645515634,-0.0128138833886162,-0.0175884237851868,-0.0066353085015156,-0.0398301939315208,-0.0077130520337885,-0.0390749780667222,-0.0486254496929914,-0.0350015284510238,-0.0164617792564276,-0.0230273719698185,-0.0612440191387558,-0.0089147164075118,-0.0162182485566078,-0.0084692916161129,-0.0335485843108784,-0.0098122866894198,-0.0083656994286448,0.002397866329721,0.0008961376467424,-0.0320382110015313,-0.0208549138626312,-0.0093734945961748,-0.0382865955814427,-0.011712188847696,-0.0124516841524019,-0.0299924069855732,-0.0225853719487031,-0.0151481131931865,-0.0081722274191872,-0.1091588267847259,-0.0260929861445325,-0.0015081422737361,-0.0154261561072311,-0.0134377831446508,-0.03320372870878,-0.0100150796433262,-0.0132974973310043,-0.0196073228973201
2024-01-05,-0.0036685770316646,0.0003964770184929,0.0197679164965887,-0.0016922278597786,0.0326746945287494,0.0182258586273009,0.0119842344583513,0.0167804108220639,0.0217934493365445,-0.0088288895355069,0.0,0.0214133392161186,-0.0127000428805117,0.0127818199940197,-0.0270924044508951,0.0104997029689293,0.0277076268129012,0.0005226058914253,0.0088327993878001,0.0078781255606843,0.0083220108695651,-0.0025951656427628,-0.0031347962382444,0.0140478766824232,0.0109512127266748,0.0147525084859563,0.0109249640305315,-0.001576167772718,0.0104010476967753,0.0157894736842103,0.0086627165679142,-0.0014355583451927,0.0012158054711244,0.006315577078289,0.000431027149039,0.0047208339678539,0.0193868394002185,0.0099372498813365,-0.0254826273763514,0.0003799615515096,0.0209650837453527,0.0200502675949485,0.0233851150665611,0.0039380541663647,0.0118881262586822,0.0252598557917409,-0.0148413510747186,0.0207263265075234,0.0065493802479008,0.0262917355626535,0.0050968399592252,0.0046771900113435,0.0087415871535267,0.0023310899725532,0.022219586446843,-0.0073244291253771,0.0038681432507778,0.0078567873116823,0.0111587052509058,0.0118197690145001,0.0145904333602695,0.0132485485619255,0.010228461416355,-0.0035752017271211,0.0147963320193462,0.0174937883418719,0.0095954196107599,-0.0102553600098921,0.0053478562726785,-0.00342581511561,0.0056080964657614,0.0230254225782364,-0.0022333051759449,-0.0128282437072154,0.0182854322317203,-0.0180908982301639,-0.0107265346118849,0.0146355984953046
2024-01-08,0.0080937998438932,0.0114979948100968,0.0629574565416286,-0.004848495349314,0.0543846734440955,0.0221846838120771,0.0085632323957813,-0.0033023463170583,-0.0076980798940632,-0.004747336624408,0.0056337205908107,0.0321262472822565,-0.0048204270287081,0.0466557231204065,0.0198906016907012,0.0182109019318321,0.0089868707435232,-0.0067945745322359,0.0032784777577783,0.0171974797168996,0.0223176688563246,0.0005180810278728,0.0440251572327043,0.0007675459123499,0.0279758330831583,0.0159532430296458,0.0108068990471594,-0.0072253870743076,0.0145064337372029,0.0007401924500369,0.0229021823995241,-0.0022995730697901,0.0277946434594886,0.0057011475815238,0.00863383579272,0.0037478986965029,0.0283847547585358,0.0041004988724706,0.0307919180023001,-0.0034364416550988,-0.0068448582225891,-0.0052618797053348,-0.0106862323409906,0.0137892862299657,0.0122003229049256,0.0384594892872094,-0.0133910533910532,0.0609108643124736,0.0115675821687628,0.0556495111529184,0.0192697768762679,0.0089530284055896,-0.0185678095892477,-0.0074919266561863,0.0312512086637013,-0.0071614583333332,0.002450595115738,-0.01118521334693,0.0437088438290793,0.0186971913707763,0.0380167642368078,-0.0065394915682689,0.0231385979049154,0.0125773116668588,-0.0086367800100555,0.0371867071784519,-0.0183062761634711,0.0129520277194865,-0.0053194088387531,0.0309566588442358,0.0065046748309172,-0.0110690394528932,-0.0067265094055156,-0.0050903769527596,0.0,-0.0095075869500982,0.002502874325639,0.0105783131244698
2024-01-09,-0.0065644409284475,0.0070526664396628,0.0022594007208565,0.015100953530617,0.0007812403339182,-0.0154037417750688,-0.0149930058072993,-0.0264897370906017,-0.0268676102950988,-0.0035823374849119,-0.0084032393834722,-0.0034290242207966,-0.0133298131994245,0.0420147207606353,-0.0346172598732326,0.0212688821752267,-0.0118989631897572,0.0131562069761674,0.0087268533350419,-0.0046138181201077,0.0265790309863134,-0.0446699806683238,0.0240963855421687,0.0007669572374575,-0.0026283607425118,-0.0018452520939993,-0.0064076557764359,0.0097783150214778,-0.0041475912956131,-0.0162721893491123,0.0139911132918983,0.0072046783625732,-0.0023536030756247,-0.0079416768568238,-0.0522251323613719,-0.045836422041018,-0.0237382997201582,0.0040837534460695,-0.0104317978189169,0.0256988461835125,0.001965552433631,-0.0049438476562498,-0.0005993887922737,-0.0058394853656797,-0.0147317733804829,-0.0271991673873848,0.0033932018955127,0.0239245696972862,-0.0035735322992342,-0.018409327898379,-0.0069651741293532,0.0106427831212789,-0.0055517388032845,-0.008586094581037,-0.009226268611934,0.011584699453552,-0.0059386195222566,-0.0051420255484287,-0.00592075299833,-0.0114672880102425,-0.009394726794895,-0.0291328013216704,0.0212016082349189,0.0025949981789485,-0.0310478744468143,-0.0038545360597056,-0.0283369161618136,-0.012237189493361,0.0117633188802579,-0.0817409860845596,0.0012334258402713,0.0123126473030437,-0.025955678023492,-0.0126554476993573,-0.0144537963248578,0.0046020075106165,-0.0246810112362853,0.0042809936550503
2024-01-10,0.0102760034563968,-0.0011672124465607,-0.0022543073372336,0.0259106163776592,-0.0009378162480638,-0.0099550368020695,-0.0016525155676435,-0.0170087128173712,-0.0171781721108398,-0.0062867604097689,-0.0042299079372978,-0.0005291420060361,-0.0155522184300341,-0.0042085658391505,-0.040909090909091,0.0008283043426813,-0.0029929577464787,0.0010381542798543,-0.0064789877534428,-0.0108048206122731,0.0083169497257298,-0.0261015152610151,-0.0441176470588234,-0.0061403016878819,0.0057219893978488,0.0240688717716355,0.0010688251330026,-0.0020272196095197,0.0338116421004679,-0.0240601503759398,0.0016555883387436,0.0137334138448914,0.0064853281200065,-0.0057142091547928,-0.0298108284409654,-0.0196095357302142,-0.0093295538968264,-0.0065048647492783,-0.0232397493462278,0.0115941131454506,-0.00294254492411,0.0035474043632051,-0.0008996224120016,0.0019579284162267,0.0081556600891929,-0.0190315459552314,0.0008454317532506,0.0186924470066065,-0.008607235753133,-0.0375091744891257,-0.0470941883767536,-0.0031580424815197,-0.0098923259631612,-0.009187220371994,0.007968353711625,-0.0417026793431287,-0.0137036168164573,-0.0113738153028201,0.0131921736318227,0.011600312130451,0.0126981097833631,-0.0122610835941535,0.0069179067355116,0.0178303843068399,-0.012368251236825,-0.0123864263842176,-0.0129203539823009,-0.0057320118620258,-0.0031688180535235,0.0118134634750948,-0.0027685812544913,-0.0011060938729855,-0.0266593145775146,-0.0150016852039096,0.0079979879275653,0.0077644294803771,0.0042633251524122,-0.0175292899454936
2024-01-11,-0.0145318854555364,-0.011690401443099,0.0136639948356556,0.0105243506222101,-0.0104723888855496,0.0021541165400378,0.0067977360995565,-0.0013849336530221,-0.0049951629706802,0.002712491572461,-0.0099362083664049,-0.0071514007277453,0.0012480793445641,0.006339529084266,-0.021063717746182,0.0066734978061533,-0.0060038848666785,-0.0108977466748172,-0.0043602792624606,0.0,0.0110053776277043,-0.0022385752272586,-0.0092307692307691,0.0154502966870728,0.0039365063960647,-0.0140169548519546,-0.0172029079392501,-0.0137624013337569,-0.018816853786077,-0.0192604006163328,-0.0156115104695531,-0.0158047469224426,-0.0245975122333867,0.0074718374386892,-0.0130315458762981,-0.0039915473115754,-0.0151238650664142,-0.0036848267787037,-0.0041700343503736,-0.0040667471270399,-0.0049313271702252,-0.0014108898283502,0.0018008649224485,-0.0155851583537879,-0.003595414836136,-0.0024270166895798,0.0016894352043343,0.0,-0.007958466504476,-0.0549145127628832,-0.1177707676130388,0.014440037860121,0.0102503272794933,0.0084784296717057,-0.0276969298657403,0.0259301014656143,-0.0092640436997121,-0.0181246917414099,-0.0294012031795148,-0.0114672880102425,-0.0315864734442317,-0.0032686776084047,-0.003435189050287,0.0244776563313258,0.0034193618643145,-0.0050912571847296,-0.0026162648540271,0.0072524341570809,-0.0071598115394732,-0.0745128813689085,-0.0003088316192106,0.0077512306996843,0.0142858902203231,0.005260924759366,-0.0092597213212015,-0.0055336242422141,-0.0141557583763659,0.002412822735103
2024-01-12,0.0022123517298888,0.0078873530212173,0.0336995170620388,-0.0064799163952914,-0.0007914190876706,0.0107551913585994,0.0058398910800372,-0.0090058854631659,-0.0081520468929668,0.0018021328496371,0.0085958609222365,0.0226723846067034,-0.0049860943369048,0.0045491054866606,0.0182894029047875,0.000822132324155,0.0060401492272164,-0.0162645980734804,0.0,0.0156086736397615,0.0077087433230249,0.0016795993752634,0.0279503105590062,0.0091309823677581,-0.0034860678121753,-0.0022796216187109,0.0196889800302719,-0.0137263987026524,-0.0091329013573332,0.0015710919088767,-0.0016813367081244,0.0,0.0114121589277165,0.0005751238856974,0.0051835933387418,-0.0010018859028759,0.018542362468219,0.010270125470948,-0.0066502819141246,-0.0051985914627186,0.0049557656721335,0.0017699295598638,0.0012026382084489,0.0178169406182673,0.013531456836173,0.0310043500019248,0.0033731716537264,0.0366989017372882,0.0014586021462288,-0.0187491373910458,-0.0679380214541121,0.008335582372672,0.0053247645954133,0.0026255003017419,-0.0176322904596368,0.0127472527472527,-0.0111471229826108,-0.000706966221898,0.0155798243330274,-0.0232006242609024,-0.0001640660919266,-0.0058990563053156,0.0,0.0058788520996937,0.0022645713954969,0.002362818182205,0.0093729826023714,-0.0107087614305362,0.0034699964678641,-0.0184269848820135,0.0098695748713608,0.0219678014090998,-0.005864568535315,-0.0126690640992693,0.0271489414095511,0.0085405282926784,-0.0043061836675651,0.0101030586703245
2024-01-15,0.0,-0.0003910487088408,0.0195605298285244,0.0130443591472875,-0.0308290021115265,0.002126614153884,0.0195930702762525,0.0034986442753432,0.0037984824921062,0.0104967826775772,0.002840867274092,0.0033905693066575,-0.0041703321789289,0.0114951595553962,0.0005282620179609,0.0041333628883992,0.0060392018364823,0.0026689312143637,-0.0010916329544725,0.0015379393733692,0.0117062174633553,-0.0033473787116612,0.0120845921450152,0.0090483619344772,0.0004365250183402,-0.000917530224525,0.0075176269198078,0.0053364848200128,-0.0129029871108871,0.0039215686274509,0.0095337584720496,0.0220797278675091,-0.0124666325893111,-0.0034220252775382,-0.0014047366734849,0.0050144534245766,-0.0190582528009857,-0.0069111515021917,0.0079357176232677,0.0022377190272322,0.0068862011123864,0.005295315682281,0.0017954683390652,0.0,0.0084555073304397,0.0023597586474699,0.0151282422837271,0.0088451115179679,0.0058259108987748,-0.0152772518258046,0.0051150895140665,-0.0134323906825932,0.0100893120031406,0.0107408598914497,0.0096526235083647,0.021484375,0.0109086038159182,-0.0067507186368984,-0.007668159821541,-0.0197985554631331,0.0029498581358651,-0.0013195428172239,0.0134499508116083,0.0033768182867699,0.0045333468082495,-0.0039287473879139,0.0070555375647667,0.0052262509821374,0.0071865069665117,0.0019805317938561,-0.009467210502836,0.0053759110860549,0.0082686012995261,-0.0019530138986328,-0.0030348930976615,-0.0015726667069912,-0.0100963141265815,0.0147573205397808
2024-01-16,-0.0176597442733185,-0.0195647415507421,-0.0533007704315423,-0.0337991665958921,-0.0104414944250537,-0.0106181673318982,-0.0056944137133504,-0.0160289375054476,-0.0088264568348702,-0.0062326468668785,-0.0396594745339791,-0.0163759090471672,-0.0113165560544133,-0.0210062884164108,-0.0279831045406547,-0.0246980911569926,-0.0419153268272133,-0.011170166796301,-0.0098482900488557,-0.0613807491501372,-0.0053386572835721,-0.0364357640397821,-0.0179104477611939,0.0052384590199716,-0.0192411414996577,-0.00597842724146,-0.0617715202281231,-0.023076249096445,-0.0032702552017204,-0.0140625,-0.0198117567491404,-0.0112234672497039,-0.0186340762041696,-0.0211660083027623,-0.028195952615992,-0.0239933082883305,-0.0179828348640656,-0.0237544625746634,-0.0270598219148585,-0.0066981684626801,-0.0166343082607879,-0.013700364667747,-0.0140519163616474,-0.0214056368176954,-0.0278016055216457,-0.0170605238847335,-0.0496664477878969,-0.0438569608979209,-0.0296928083254434,-0.0252161779086503,-0.0127226463104326,-0.0233858746836473,-0.0109893313123068,-0.0124406204224677,0.0068538494489662,-0.0252814956447843,-0.019064182194617,-0.0082248988757305,-0.0223301894916221,-0.0209966475940815,-0.0147097152228049,-0.0174992713494608,-0.0112314389285768,-0.0142312670789587,0.0197115488261461,0.0011811409736526,-0.018441774558551,-0.0174543317498407,-0.0052842766074491,-0.0009883085204812,-0.0067814276384997,-0.0285102036729216,-0.0199144791830703,-0.0129983626829891,-0.0347643120644896,-0.0003937859708338,-0.0206859261547969,-0.0272161620369165
2024-01-17,0.0059895248137455,-0.0063841308746829,0.0135102789819421,0.0,-0.0268713367436727,-0.0178791281118123,0.0019691899449549,0.0014172963300882,0.00190416642983,0.0128426820027589,-0.0044170691447087,-0.023256529018949,-0.0199232026421005,-0.0397458179448185,-0.0293318848451927,0.0016908984395804,0.0093800381064046,0.0008040728035483,0.011049938972135,-0.0130823301102322,0.0053673115203132,-0.0290898079363953,-0.0303951367781155,0.0089204936127094,-0.0004448948318048,0.0055433778373579,0.0215662436998202,-0.0108633504859918,-0.0028109297220563,-0.0015847860538826,-0.0024540752138404,-0.0011332436565993,0.0006153485510007,-0.0151968811450418,-0.0058028061710367,-0.0112766693229487,-0.0124034932287052,-0.0020953448055299,-0.0159292634473134,0.0003724130592845,0.0029933636491012,-0.0035638174955709,0.0006059312993387,-0.0059545509782475,0.0040852339956751,0.0041913626097107,0.0243836494362219,-0.013762088151483,0.0044770612111024,-0.0010031786108795,0.0180412371134022,-0.0042859694029406,-0.0083311228349396,-0.0057736360391331,-0.0013730419648038,-0.0180906713164779,-0.0084340807780629,-0.0082968887612121,-0.0329368243431178,-0.015679711637487,0.010947911497624,0.0104183971331608,0.0020670189674876,0.0056390017580845,0.038675123326286,-0.0027555835704186,-0.0033825426401031,-0.0041569886256018,-0.0005302589159945,-0.009871813761603,0.0015514622288586,0.016508140690258,-0.0095539433190373,-0.0165677988345844,0.0063018786732649,0.0057229684976989,-0.0062500985944377,0.0033774380713811
2024-01-18,-0.0067013187851711,-0.0216848808192064,-0.0110997402188459,-0.0233219535432357,-0.0176170607324988,0.0087356901825979,-0.0116075394530628,-0.0113223235530867,-0.0057110978734671,0.0138615000959141,-0.0044520179922934,-0.0110923821434396,-0.0012982816521067,0.0761906916588426,-0.0089535534415221,-0.0193792782614474,-0.0155002178016552,-0.0217667529768272,-0.0196750786617864,-0.0160109292741063,-0.0017813908084648,0.0227679934171234,0.0219435736677116,0.0073710073710073,-0.0285477609356841,-0.0280505161511162,-0.0055535583681464,-0.0186255619781632,-0.0103326529746444,-0.026984126984127,-0.05340081158351,-0.0170456117695891,-0.0275369958221076,-0.0231470852205131,0.0121586758282459,0.0051856019708329,-0.0095712175479066,-0.0134516263073672,-0.0077099125557273,-0.0123648289310406,-0.0089278910873485,-0.0057204405254559,-0.0042389505825359,-0.0279951100244498,-0.0280282212390728,-0.0172841928885736,-0.0119065075222145,-0.0697655524016027,-0.0074285107876669,-0.0398402328808854,-0.0151898734177214,-0.0104103146609273,-0.0073839975959077,-0.0039597472175456,-0.0231220589089641,-0.0064372918978912,0.0151640286422192,-0.00363619731516,-0.0113560646370518,-0.0268281412117566,-0.0259255085689401,-0.0053198985343855,-0.0281590962147101,-0.011483163346729,0.0212771731755638,-0.0051377541650828,0.0199861116247344,-0.022201089132698,-0.0108972314262093,-0.0478528911564625,-0.0266509281417761,-0.0111863265612388,0.0277403414195867,-0.006478624631229,-0.0067125422698858,-0.0066718032377613,-0.0077847695365331,-0.023557151163721
2024-01-19,0.0007524975132984,0.0053361480048081,0.0247041341612268,0.016324717590805,0.0089664936290703,-0.0043300193834802,0.0104804382112029,-0.009295792289592,-0.0019114640292899,0.0049458304794842,0.008928433746087,0.0073881575329977,-0.0134272392694748,0.0057846809315753,-0.0033879164313947,-0.0094473887525923,0.0031341027248259,-0.0054947016970638,0.0011135419805325,0.0151502829059728,-0.0102488452783485,0.0152343876723439,-0.0030674846625766,0.008047000178031,0.02433405877337,0.0174976830398516,0.018997519352788,-0.0070565137049584,0.0123409747988816,0.0350734094616638,-0.0078015583631099,-0.0066468356370483,0.0257972556538148,-0.0085039100893123,0.0124921135646687,0.0061875945537064,-0.009357250847873,0.0119323400918562,-0.0018104687220864,0.0034148530401616,0.0049975012493754,0.0068314578787236,0.0024325690155806,0.024676141365866,0.0116276031459852,0.0139476655325228,0.0197963968776895,0.0149951962967815,0.0112261598309084,0.0373451785000822,0.024421593830334,0.002174849874946,-0.000771838539362,-0.0053018187162948,0.0027951234017247,-0.0033512064343163,0.0091084458609409,-0.0182473374954095,0.0289417286488689,0.0077587442660551,0.0122979668747045,0.0100276665997629,0.0028274061501989,0.0033022433239646,-0.0145823921766629,0.0218419719591664,0.0388143397533768,0.0052396542933836,0.0034947315769728,0.0282658688517269,0.0098711205765187,0.009487557066856,-0.0023433990213578,-0.0130435327682271,0.0216218971982733,0.0005893288151455,0.0102616775778985,0.0344673109597197
2024-01-22,0.0007432887936249,-0.0028580594359706,-0.0241085532278529,-0.0222983974633644,-0.0225591229928333,-0.0224821414553733,-0.006616598137115,-0.0050572553552721,-0.011509804295215,0.0023157736190082,-0.0044170691447087,0.0010858761411753,-0.0087785566623916,-0.013537239601477,-0.0220963172804531,-0.0086754241926655,-0.040726310372712,-0.0046947303223027,-0.0088984270721557,-0.0005550786838341,0.0036005157948206,-0.01154192736127,-0.0246153846153845,0.010879163575995,-0.0026899422252595,-0.0083615695704447,-0.0230228148510612,-0.0078394274348944,0.0196902259318156,0.0023640661938535,-0.0006038943823093,-0.0110587701841448,-0.0153337312731792,-0.0018389219320174,-0.0099638584247256,-0.0051271256521674,-0.0128038552494087,-0.0164232768621754,-0.018677109321993,-0.004159008277768,-0.0129416414846549,-0.0103578396799983,-0.0163928122837149,-0.0240818931657502,-0.0119537142266763,-0.0544248089261232,-0.0227881257275901,-0.0394053963934408,-0.0081411236539901,-0.0500022656214599,-0.0163111668757841,-0.0155606370537669,0.0023106452826544,0.004531445700052,0.0111097932234214,-0.0100874243443175,-0.0018077396190031,-0.0152432609356368,-0.0053578749452196,-0.0205188385697266,-0.0229664423030361,0.0034522394747609,-0.0052854579224931,0.0022381345952706,-0.0052855476676847,-0.0400320962551568,0.0017799804551166,-0.0025094205112535,-0.0115134383567034,-0.0061122570839213,-0.0412995558480012,-0.000361632792374,0.0117688581651778,-0.0044059098711978,0.0057332645785164,0.0037547584092296,-0.0029867386271137,-0.0076154463644427
2024-01-23,0.0007513731992954,0.0241584042584306,0.0292150931380352,0.0061326928920366,0.0054199523850952,0.0185503429002777,0.0178195072709839,0.0014522746251315,-0.0051761031750621,-0.0034675131957098,0.0562949999232411,0.0105801127167963,0.0248023727091186,-0.021269608085488,0.0318655851680182,0.010504375672915,0.0163230898919457,0.000554661183187,0.0179698434075366,0.0260001259640545,0.0161525369049868,0.0169266876580007,0.0157728706624606,0.0380516440127189,0.0112372848626798,-0.0018737944337283,0.0134605511939196,0.0162990172134191,0.0344811675518048,0.0180817610062891,0.0151310456633342,0.0035311274135207,-0.0006260807346013,0.018415901436426,0.0177365449613231,0.0154455325837263,0.0027785225084695,0.0205466193067991,0.1059994011487057,0.0087344676914509,0.0141188932234479,0.0032459932271102,0.0046301725673134,0.0143881272795876,0.0139596164503883,0.0063204947449371,0.0069094916162848,-0.005128434819609,0.0082079455536878,0.0084305168014116,0.0127551020408163,0.0191173288809241,0.0146025650820647,0.0124648015578376,0.0164815828575897,0.0038496376811594,-0.0083181721670129,0.016990733046857,0.0296246813913605,0.0261858514713089,0.0086872395513244,-0.0060186928952242,0.0184197540611492,0.0143110481875834,0.0143481649666203,0.0028358241613968,0.0248677064340931,0.0083231574089577,0.0048733234473539,0.0082034364861764,0.0180852925733621,0.0108488437790883,0.004643162161837,0.0206488653968832,0.0087658847203462,0.0011778715472832,0.0116809515035611,0.0172635836304613
2024-01-24,-0.0127119741100323,-0.0279864066025073,-0.0109314976667439,0.0009728106678126,-0.0346080851189364,-0.0072849979501087,0.0019462034508801,-0.0050665264837038,-0.0038950091561782,-0.0078224547805565,0.0,0.0034897819525174,0.0103715063186053,-0.0059570414683691,-0.0005614823133069,0.0043301870039749,-0.0193032725079174,0.0013881377321076,-0.0066148717882204,-0.0059321182628883,-0.0211943729815534,0.0229646819467845,-0.0186335403726708,0.0165948566042815,-0.0071084938493665,0.0037546242614985,-0.0033235315920827,0.0046178809271135,0.0102230151650311,0.0023166023166023,-0.0200716238778521,-0.0023447439977408,-0.0174517466662688,0.0114546161184325,0.0230799200984546,0.0182616460782854,-0.0083124711372529,-0.009647408609882,-0.0308310629050162,-0.0112943292406043,-0.0089546155119925,-0.0003577706223654,-0.0046088328757647,-0.0223175539960821,-0.0013767428429997,-0.0069096727457987,-0.0205763751269386,-0.0103097424815414,-0.0125817365561664,0.0114817486312952,0.0113350125944582,-0.0129864927656984,-0.0093439279201411,-0.0075964342420689,0.0202727395126081,0.0060906835100384,0.0040134509380811,-0.035265738074858,-0.018745945050546,-0.0102070600306034,-0.0099626572327043,-0.0077349490782518,-0.009392164539249,-0.0111376521714104,0.0015702048616215,-0.016150781355688,-0.0069310408648126,-0.0044147964535817,-0.0048496893425683,0.004062926607294,-0.0016146049274101,-0.004652453294516,0.0381949017588811,0.0101164507954762,0.0152097281049323,-0.0035380763379833,-0.0088832925645992,-0.0372474549316258
2024-01-25,0.0,0.0156300496518493,-0.0198628887209029,0.0014621494757731,0.0313444755005418,-0.0146769172120211,-0.001234204869725,-0.0021863299718509,0.0026068263834173,-0.0146017850425742,-0.0014097607766765,-0.0101641199773627,-0.0141165729936379,-0.0003520871143376,0.0275280898876404,0.0051683803927968,-0.003267722589574,0.0072011089707813,0.0122210761336485,0.0010834722760215,0.0018063058528785,0.0056122861209344,0.0158227848101264,-0.0231283732326743,0.0367027117571516,0.04353008049581,0.0044502844959029,-0.0026600121709909,-0.0004415166981616,-0.0061633281972265,0.0158182603864436,0.0240972668350114,0.019036920087442,-0.0065601945003352,0.0027624810343889,-0.0019878100472104,-0.0192467271460433,-0.0016926050974138,0.0091242914897506,-0.0015219123864756,-0.0020050383013726,-0.0032366488236026,-0.0021587202307268,0.0103736018464504,0.0009190939179732,0.0221477639816276,0.0262633380310046,0.0781228676704726,-0.0022485977151611,-0.0010404489127894,-0.0062266500622664,0.0142531310622477,0.04638366078953,0.0369588025947498,0.0423791120746537,0.0044843049327354,-0.0152578871443207,0.0003871654648404,-0.0026635029753391,-0.0034404182118762,-0.004605632768283,-0.010846413990496,-0.0101816417408181,0.0090366705471478,0.0120282594047913,0.0188776324893991,0.003837727639246,-0.0003864820774021,-0.0035231242349146,0.0789442448178001,-0.000324118465299,0.0046741997907315,0.0066890403533659,-0.0220315251288796,-0.0008559523681349,0.0005924939236936,-0.0065709017406235,-0.0440733777454166
2024-01-26,0.0,-0.002834909890364,-0.0067551394909709,-0.0065642725129055,0.0115278101506359,-0.0156370905339179,0.006891890210779,0.0036518674737293,0.010419597380548,-0.0002969029551483,0.0098385946528112,0.0010805927823263,0.0073734959283717,0.0141102311884764,0.0142154182613449,-0.0017184455509849,-0.0032784356076676,0.0203496166014263,-0.0087842631409222,0.0059610596442432,-0.0283687151461699,0.0133930778739184,-0.043613707165109,-0.0271587153631048,-0.013817824934322,-0.0089613607211258,0.0022091128992445,-0.0046089138927477,-0.01408176967384,-0.0023255813953488,-0.0037945359654433,0.0134871168997332,-0.0093456087556733,-0.0107948831550594,0.0027548707561728,0.0059753079187474,-0.0161436578487021,-0.000847737433408,-0.00659826814335,-0.0041938931504255,0.0070446115804656,0.0115523916572999,0.0148433827242178,0.0,0.0068868747001502,-0.0229069293265158,0.0102404143248093,0.0048311471864896,-0.0030048870690794,-0.0268574972791424,0.0125313283208019,0.0158574549645078,0.0219190196450003,0.0173115062691182,-0.0127140867740944,0.0198660714285714,-0.0106961181456098,0.0061519358844113,0.0084632202553072,-0.0146520803443327,-0.0363254894687193,0.0068538404591516,-0.0017750122550957,-0.0006489667007975,-0.0025840474620961,0.0072483326658192,-0.0194714407502131,0.020444666927134,0.0029929255097793,-0.0272029923291562,-0.0006450697756102,0.0128796956804966,0.052056960212627,0.0166762476002473,-0.0047090770963205,0.008869179600887,-0.0024078326317132,0.0128067393120852
2024-01-29,0.0037848988654043,-0.0125902932900119,-0.0294802795405253,0.0002449436629574,-0.0157140346423481,-0.0007533326782613,-0.0078990177707308,-0.0036385798622796,-0.0090255307300117,0.0106723956384731,-0.0194710672335519,-0.0102602616895021,-0.0086122202752002,-0.0222636766933176,0.0123989218328841,0.0008674790246283,-0.0297190619921058,-0.0134754009336872,-0.0088621102493363,-0.0172309030197282,-0.001849947431618,-0.0044033250593106,-0.03257328990228,0.0093027307173034,-0.0126946369406653,-0.0104076168862253,-0.0033125223195044,-0.0155948199752486,-0.0035707245389866,0.003885003885004,0.0132277585281341,-0.0036831171059645,-0.0113084974134819,-0.0048485020830075,-0.0219784183474105,-0.0099142511901468,0.0279910591172329,0.0084934981423263,-0.0130384668971893,-0.0003803986033937,-0.0079928384167785,-0.0025001543305142,-0.0051813915982533,-0.012300431770258,-0.0177834021579859,-0.0044383803523416,-0.0016894352043342,-0.0048079194201102,-0.001506971814659,-0.0042450334311413,-0.0148514851485148,-0.0014219484238429,0.0095314624799109,0.0152656621728786,-0.0218721377541674,-0.0203545633617859,0.0022361762673452,0.0053530359246407,0.0097162971769588,-0.0183735871721603,-0.0140481004641997,-0.0159980709022485,-0.0081740308189475,0.0071360540290925,-0.0181351944378354,-0.0083976954960172,0.0145409720773148,-0.0398806710657246,-0.0035250303710244,-0.0231420082451758,0.0178100107806327,-0.0134225789931279,-0.0210599675497913,-0.0047492296504132,-0.0094735417512519,-0.0042970674549622,0.0024136442831796,-0.0116345635775861
2024-01-30,-0.0158488265772629,-0.0098716103064312,-0.0070076698118413,-0.0161506617689931,-0.0203494543124297,-0.0158974695161925,-0.0051308235469931,-0.0043822409684752,-0.007150539197163,-0.0076287809978857,-0.0312049857424229,-0.020730366741394,-0.0047752613644266,-0.0135166312058035,-0.0564430244941428,-0.0128790238485394,-0.0169897104570472,-0.0210374447872504,-0.0100573769415595,0.0005445387303171,-0.0041787299193607,-0.0094030445036602,-0.0336700336700337,-0.0113400015534249,-0.0172954235350517,-0.0091554090371591,-0.0033235315920827,-0.0074255099163454,0.0246395122455678,-0.0085139318885448,-0.005144000712839,-0.0176163763409114,-0.0216183329953356,-0.0134090584369195,-0.0042104874945447,-0.0019997647335606,-0.0228484091181848,-0.0021077055234283,-0.0166988357528592,-0.0233626442327293,-0.004022173520691,-0.0082309620323669,-0.0064328645218035,-0.0166471814161541,-0.0074278471240564,-0.0082713919478885,-0.0160767951448662,-0.0434750505002557,-0.0075462310307653,-0.0202528893880656,-0.0402010050251256,-0.0095891383581313,-0.0044850050819853,-0.0061641606457072,0.0105251329687618,-0.0149687220732795,-0.0130188259074635,-0.0019010497620698,-0.0100614584728192,0.0222867049236561,-0.0173128551307805,0.01003129506952,-0.0071633066206682,0.0074795280159907,0.0031703508252334,-0.0145142309201063,-0.0118873048459525,0.0255923501262793,-0.009246798928757,-0.0414658275274159,-0.0079556132562563,-0.0039395110016579,-0.0225808963392252,-0.0056383723755484,0.0143407569340072,-0.0019620329415004,-0.0078198749840541,-0.0291704286695854
2024-01-31,0.0030703888864309,0.0199400611257825,0.0329517670593464,0.0149223657698236,0.1208803003730361,0.0069196949005763,0.0039138616629321,0.0029343530210081,0.0052405070702932,0.0124175591747264,0.0029281910455007,0.0033411115825201,-0.0052407239186639,-0.0126215754695968,0.005079006772009,0.0017423514885444,0.0103862382343395,0.0119985852008379,0.0124142870405985,0.0005499115606151,-0.0037280866534499,-0.0100550367942612,0.0139372822299652,0.0136261664295254,0.0090250675472831,0.0060032909607072,0.0077848987839193,0.0119712752525251,-0.0039361613431216,-0.0039032006245121,0.006163082025151,0.024876026848327,0.0032439267059116,0.0049383431207143,-0.0108145477889433,-0.0050241631305988,0.0163349938048398,0.0075966666962485,0.0332052560414719,0.0043139437795713,0.0111185896606178,0.0061360539972752,0.0107923034863435,0.002119355922566,-0.004209431017358,0.0301668075697469,0.0128995907716029,0.0606032201146891,-0.0022810828877005,0.0087025121416066,0.0314136125654449,-0.0007168887030288,-0.0002367926588124,0.0032256374318031,0.041662033433411,-0.0036289408029032,0.0056537133137788,-0.0361927350990469,0.0190027519940294,0.0200506026063063,-0.0067903990293938,-0.0188371556531354,0.0133521550458679,0.0088248888888888,0.0047304324487538,-0.0077753206545775,-0.0028293013861263,-0.0092143687448611,0.0126279266800253,0.025747161773425,0.0109045268178393,0.0125843840519697,0.0110050188348564,-0.0148298537496855,0.0175701377701389,0.0094328234665195,-0.0197037684662561,0.0163424306587276
2024-02-01,-0.0007674529383743,0.0048875570942308,-0.0114045941147991,0.0193596795478168,0.0041537558155291,0.0152824524697534,0.0228513002963437,0.0043886516782021,-0.0019513047530289,0.0017510939589158,-0.0145982088829723,0.0183237309935337,-0.0197445443476633,-0.0244717647943454,0.0022459292532286,0.017352123478094,-0.0136925795053003,0.0052425931568476,0.0145022467347017,0.015870677492648,-0.0009398605293385,-0.0090202643612103,0.0515463917525773,0.0084912159834653,0.0116282673509739,0.0179023995686167,0.0022018032645731,-0.0086246559105406,-0.0136085290100885,0.006269592476489,0.0096836047549506,0.0112899777010722,-0.0077685147880702,0.0092228987282487,-0.0033260115318374,-0.0060564777657667,0.0075635060831487,0.0054431594986656,-0.0100575257122501,0.0070250796729942,-0.0009985022466301,0.0060159391377152,-0.0022066810058001,-0.0253011115982771,-0.0089241421529823,0.0068493691162891,-0.0229138000019517,-0.0190485102754859,0.0076209937440854,-0.00755205787467,-0.0063451776649745,0.0010761045017038,0.018975583047782,0.027687195406576,0.0187524463580401,-0.0177555201456863,0.0041247610788235,-0.0071134716807597,-0.001734839607441,0.0102505289735246,0.0066518703949829,0.0167543639179186,0.0032027749445369,-0.0001268802954902,0.0062842259917188,0.0173217676583075,-0.0184465043642295,-0.0100726835689348,0.003522669924832,-0.0030078246256275,0.0158658159869948,0.0102934839852539,0.0043563420235039,-0.0045739213533554,-0.0113682092555332,0.0206411439114391,0.008967859976785,-0.0077808471454881
2024-02-02,0.0,-0.0077009930227843,-0.0322413886923871,-0.0228385178735605,-0.0007952872930363,-0.0090330778441163,-0.000345392264026,-0.0060353381336877,0.0012353244428882,-0.0064119821784055,0.001473771473311,-0.0002710636653574,-0.0161173779850589,0.0071144752207374,-0.0151260504201682,-0.0307064778417962,-0.069454056914872,-0.0224969020513323,-0.0109891528925619,-0.0328629594511683,-0.0112424798494809,-0.0256114473020675,-0.0098039215686275,0.0014004406264411,-0.0044177026720666,-0.0261517543394961,-0.02970199813442,-0.0131753860191455,-0.0013354116328199,-0.0155763239875388,-0.006264356312965,-0.0139549213751941,0.0123999208737206,-0.0091386142148288,0.0238418722882061,0.0152260063764488,-0.0185974975218623,-0.0124961674915684,0.0002475487568969,0.0023299439070589,-0.000999500249875,-0.0032108913434368,0.0015274401394058,0.0043395427603725,-0.0042652892782022,-0.0259884791723813,-0.0208543491505448,-0.0436861045011051,-0.0052943474322,-0.0043465412367325,-0.0293742017879949,-0.0225898278092963,-0.0146647306887713,-0.0129878379966521,0.00736989172197,-0.0162224797219002,0.0033558633076522,-0.0103481657041758,-0.0078226379622624,-0.0397588771065253,-0.0168861827698552,-0.0109841915355938,-0.0347896952242301,-0.0013958603575658,-0.005203044843079,-0.006892230576441,-0.01843085671978,0.0046952815930094,-0.0132339463959001,-0.0362564686178094,-0.01061843070154,-0.0288124348402993,-0.015175459242572,-0.0203126316830885,-0.0063894854670001,-0.0001924871431141,-0.0012251676074784,-0.0334555241056099
2024-02-05,0.0015272566762303,-0.006943836615609,-0.0119204925637493,0.0044288381554224,-0.0549365064501956,-0.0075865923624467,0.0107393135294213,0.0198003480172175,0.0202362678998193,0.0134944320202721,-0.0073886717253008,0.0084514029905851,-0.0045460063122116,0.0107800104853492,0.0,0.0008749635431857,-0.063437896486853,0.007856996283545,0.0044392797921373,0.0077970910852489,0.0180010336645757,0.0146011372972694,0.0132013201320131,0.0105141980046048,-0.0173184151249953,0.0078694469628286,-0.0226801254806718,0.0125940568804998,0.0115875528841422,0.0023734177215188,-0.0039372061182553,-0.0036790158249754,-0.0199814890991362,0.0030767013726267,-0.006054046120824,-0.0019957736557877,0.0006398113634811,-0.0063249311398626,0.0054498276517518,0.0100577013713798,0.0170341581046933,0.012163381007602,0.018937148257937,0.0021867425439983,0.0085671198006354,-0.045743850529856,-0.0434844698322027,-0.0101527343663407,-0.0030414438502673,-0.0272937510048106,-0.0223684210526315,0.0051364352894693,0.0,0.0043862472002675,-0.0085295239416108,-0.0094228504122498,0.0059526868458468,-0.0160935339157419,-0.007440648122045,0.0149747518718441,0.0033596206627537,0.0111061839877448,0.01029994015952,0.0064807624426403,-0.0010473858716317,0.016328781628466,-0.0025758098554817,0.0079861896052118,-0.0065716019620924,-0.015674260569264,0.0034720506510919,0.0195382388341303,0.0,-0.008624897378308,0.0141440275981026,0.0089691166068863,0.0205573053596064,-0.0091934709553529
2024-02-06,0.010700937874621,0.0106942444986337,0.0024185517143264,0.056331780882679,0.0025284666859746,0.0107090500998021,0.0215962743410522,0.0438519290178893,0.0620566194044773,0.0274955755544676,0.0119222275415811,0.0154139661001437,0.0210229801659644,0.0492818039328522,0.0108077360637088,0.0096716898398689,0.011958705096464,0.015596014804224,0.0099572332930364,0.0254306151645207,-0.0120981001886543,0.0356937908871801,0.0260586319218241,0.027737694404361,0.0262037176211233,0.0183685952792169,0.03016968018327,0.005722787241412,-0.038325677629281,0.0173638516179952,0.0379605445288333,0.0170456117695889,0.0177655120308088,0.0140936126196016,0.0182727625094594,0.0230414068933066,0.0137399644377391,0.0152791354767867,0.0409084565120851,0.0283414198797664,0.0394001690020053,0.044891412276905,0.0428665390550557,0.0064933357869554,0.0179325118242168,0.0392852926792248,-0.0046282472379814,0.0512787494681208,0.0022880418384794,0.008976021562794,0.0067294751009421,0.0109498220957846,0.0151188831327182,0.0092211965768149,-0.0012239902080783,0.0368608799048753,0.0162751492137012,0.0282097540699095,-0.0066164111207855,-0.0095439318832336,-0.0195379420727416,0.021625500867173,0.0029128379886,0.0133690589753661,0.014137838920796,-0.0208850648561356,0.0317457763475463,0.0378754516021169,0.0093691042312844,0.0350392720523324,0.0176153318385796,0.006030319104386,0.0143053864275228,0.0177073449546234,0.0122565694361767,0.0189112056878801,-0.0006025748117353,0.0365700026649222
2024-02-07,-0.0173902426261534,0.010174122845266,0.0408742548963949,0.001389548824823,0.008906188527628,0.0166513701324242,-0.0026847856895412,-0.1301673334193659,-0.159036706295838,0.0095759183793133,0.0029454406714992,0.0221037895027422,0.0031350957547819,0.0245353615898913,-0.0106921778277997,-0.0087132196308562,-0.0157411254212251,0.0,0.0054701074715233,0.0016127772135228,0.0188453362610667,0.0189002167060676,-0.019047619047619,-0.0040479513917399,0.0154159750024411,0.0135323734652414,0.0439103450008795,0.0168162926668908,-0.0064130854526397,0.0007757951900697,-0.0045735596302189,-0.0005592688995098,0.0122796164553047,-0.0030246362644679,0.0023020174373289,0.0009773625583902,0.0264731937209878,0.0200655956808848,0.0007094169616475,0.0,-0.0075837549901107,-0.0098098937139682,-0.0071842972366533,0.0193543331766181,0.0009271895738052,-0.0064095802941916,0.0437978101094944,0.0146348477666944,0.0235891260901921,-0.0022177419354838,-0.0106951871657754,0.0061371580668954,0.0095428371379939,0.0146673651126243,0.0221288515406163,0.00848623853211,0.0061829499708865,0.0039759608572071,0.0417393179218927,0.0070104107790762,0.0157522929294715,-0.0235210096823668,0.0127015974079032,0.0007475393496407,0.0087779950874835,0.0110753951539603,0.0150258097718447,-0.0001866210394594,0.0049152536705576,0.0235856277472827,0.0154554868429965,0.0211659299490576,0.0119269349011512,0.0019499319748064,0.0004200577579416,0.0001832001400461,0.0117333673615875,0.0005317097682679
2024-02-08,-0.0038431497852097,-0.0245748323789243,-0.0438778292882464,-0.0057877299022597,-0.0238208715669782,-0.0201025277276244,-0.0151415872614882,-0.0087137134661985,0.1656253998038295,-0.0373886055502115,-0.0234943242338476,-0.0273581109757643,-0.0111558243642251,0.0027399093505569,-0.0034129692832763,-0.0131708466774806,-0.0200262639527248,-0.0208406655826075,-0.0195980542754736,-0.006992305677975,-0.0147939677754024,-0.0147309398073739,0.0194174757281553,-0.0623263559692325,-0.0160474089745285,-0.0151295950915968,-0.0204960945492181,-0.0111883859396588,0.0106047777022055,-0.0162790697674419,-0.0191331820448181,-0.0430424314285369,-0.0357604831892116,-0.0230271337932602,-0.0197422357253086,-0.0185804747067185,-0.0147369002454423,-0.0262264134679205,-0.034066852299829,-0.0089386016308873,-0.0133638186531033,-0.0095674941433547,-0.0196890474328902,-0.0717452020396135,0.001389496034472,-0.0354637727313555,-0.028575534251637,-0.0048079194201102,0.001486806633445,-0.0501742776318449,-0.0945945945945946,-0.0222474551285881,-0.0034587904696422,-0.008056820137357,-0.0084269662921347,-0.0129633841255401,-0.0419530635270215,-0.0055418105738576,0.0038379684413709,-0.0487403021826313,-0.016256113712331,-0.0227087429859479,-0.0197121664210135,-0.0174157225657412,-0.0225210522880083,-0.0068978219020098,-0.0345424934510228,-0.0046546080423138,-0.0203767231540664,-0.0270587858264521,-0.0977164859043515,0.0055244114541275,0.0075064586590383,-0.0088334646790908,-0.0041778197659161,-0.0038953426843265,0.0050545022277017,0.0010511746877135
2024-02-09,0.0,-0.0103303143837705,-0.0072730384187559,0.0163016484781892,0.0273045512088183,0.0060788023361026,-0.016568739829904,-0.0095785440613026,-0.0073812550877609,-0.0135188641891509,-0.0150528251316731,0.0064290915685112,-0.0103846848473903,-0.0382152854117424,-0.0097031963470318,0.0133466331361777,-0.0203876525484566,0.0042040703044312,0.0122210761336485,0.003248647799448,0.0262738390291015,-0.0143992542805279,0.0095238095238097,0.0,0.0193938135261921,0.0058757942056175,-0.0033052367729092,-0.0083646016596864,0.0291959106496171,0.0110323089046493,0.0033159932539965,-0.004380890970813,0.0205239252139008,-0.0012435820982358,-0.0173294878023281,-0.0149673001799588,-0.0074804142783064,0.0016819145498887,-0.0252255342330323,-0.003009370388151,0.003866410558275,0.012074894158335,0.0126987160048686,-0.020454357247357,-0.0115630667851556,-0.0086860819505586,0.0367701443333827,0.0048311471864896,0.0133695510310622,-0.0258206911223091,0.0686567164179103,-0.0300923756473833,-0.0113363311564617,-0.0133772829069803,0.0121433013196987,-0.023963133640553,0.0060403267860247,0.0127441444976434,0.022926322017337,-0.0283596151466991,-0.0028473401245048,0.0045761256287573,0.0219380811513418,0.0103826444419417,0.005235741952718,0.0187927760851327,-0.027383798880459,-0.0140330721748794,0.000557036835759,0.0628252706471377,0.0330611684429562,0.0178643820437285,-0.0127660511082254,-0.0043786383666521,0.0289194345768284,-0.0003718520274108,-0.0127217282726684,-0.0136684226185268
2024-02-14,-0.0023165679155343,-0.0150237727356282,-0.0072975923691317,-0.0148934659866546,-0.023588263913544,-0.0286978063756552,0.0135508533981059,-0.0129049806576402,-0.0066805499244406,0.0042698776758409,-0.030534109606379,-0.0146369891552833,-0.0009064087355902,-0.010286728404078,-0.0144092219020173,-0.0079025080064883,-0.0208608139137231,-0.0083684093679066,0.0,-0.0151280430855615,-0.0192008979693646,0.0039324024988176,-0.0031446540880504,0.0043345613125016,-0.0237825594563987,-0.015272279405296,-0.0110457733890554,0.0022334132756596,0.0110810594400305,-0.0381917381137958,-0.0217786574365627,-0.0146672254181111,-0.0259488888658876,-0.011177048822223,-0.0114396570606088,-0.0091049520244779,-0.031396830663979,-0.0058812352803417,-0.0045226273670703,-0.0022604965958793,-0.0009628797511325,-0.0034074059526498,0.0,-0.0092712619061038,-0.0074869346680827,-0.0155089073735632,-0.0274861906606062,-0.0288422677003342,0.005860051033961,-0.0301218796489647,-0.0209497206703911,-0.0181618814751329,-0.0100584390758978,-0.007506657842827,-0.0119976107176379,0.0044853635505193,-0.02776553928556,-0.0051151211389284,-0.010792170746776,-0.0047111137229551,-0.0095241473493783,-0.0101649100952986,-0.0601071761788183,-0.0100251499592444,-0.0328120432622039,-0.0232570234823989,-0.0228985151552337,-0.0085388804356529,-0.0105336768744546,-0.0222830578512396,-0.0205719660951095,-0.0131621869713314,0.0086170378792946,-0.0030350350650591,-0.0281066073834268,0.0154641703797571,0.0047951800337473,-0.0047967162307628
2024-02-15,-0.005420852868944,-0.0025421548797772,0.0392162537624449,-0.0025581118196961,-0.0025529835470118,-0.0132240170371804,0.0001688802036212,-0.0016329363256891,0.0044805610441656,0.0024284686563869,0.0173308528346225,-0.0081057837638607,-0.0027399595703744,0.0218646575483985,0.0204678362573098,0.0141701253511088,0.0085320826264845,0.0146255208714087,0.0120735246694614,0.0191991005212888,0.0102536832918136,0.0313421920321292,-0.0094637223974762,-0.013674166156001,-0.0212560920217532,-0.005932067110976,0.0201069545380885,0.0116356487138515,-0.0048220547408805,-0.019448946515397,0.0091435596957309,0.0187583771522836,-0.0086604467302828,-0.0012592047128129,-0.0019307830116416,0.0,0.0340363652267086,-0.0202905121298593,0.0095905684945927,0.0015104120117972,0.0057952032028072,0.0106020297566264,0.0084580991837237,-0.0093580225844069,0.0207443821712733,-0.0089088984888702,-0.0173225045847524,0.0197974316845381,-0.010195344072856,0.0062199206326869,0.007132667617689,-0.0100169873728621,0.0283609034540044,0.0319577633109029,0.0,0.0474735605170388,0.0096498165113159,0.0031652256051837,0.0025203979482453,0.0047334133716467,0.0025001790638541,0.0081430545502401,0.002282301136484,0.0215200562983814,0.0080777552632482,0.0098509052183173,0.0034579188854282,0.0017224841735408,0.0056025195899491,-0.0049554642181671,0.0216721821465482,0.0075221783182914,0.0555598536677017,-0.0031947019469067,-0.0025140459801618,-0.0084415871955172,-0.0095445920303605,-0.0021454508715523
2024-02-16,-0.0070038071977587,-0.0029734062188691,0.0519118834767593,-0.0088638195004028,0.0025595179542372,0.003156242535913,-0.0083943410562878,0.0049068215041452,0.0037309986886093,-0.0106016593571415,0.0092877767083734,-0.0081691439105887,0.0183043727791143,0.0287625876941186,0.1031518624641834,0.0183401540517822,0.0210755454410527,-0.0060973138495483,0.0032500223040745,0.019377879799201,0.005538232685871,0.0330939575132958,0.003184713375796,0.008760251357972,-0.0031670377222413,0.0142176687337107,-0.0131363491947111,-0.0026944682103079,-0.0083689592516125,0.0214876033057851,-0.0029546844459366,-0.0093519719156203,0.0322539151686658,-0.0012534192539944,0.0246413213076073,0.0204308005935875,0.0413785325071724,-0.00301700866993,0.0127483311579821,-0.0067866034856638,0.0038330180102705,0.0060887623578964,-0.0011551665229487,0.0070919949465946,0.0081010950230941,-0.0048314675582709,0.0185556456084972,-0.0097092009518408,-0.0235517645632048,-0.0012307003803982,0.0339943342776203,0.0081733387505293,0.0181573237320871,0.0092208189485645,0.0048538658191115,0.018622391743325,-0.0015313261812773,-0.0055175375923546,-0.0192553252594697,0.0094124330306859,-0.0051799010906817,0.0203726971590816,0.0148138742513703,0.0092933217597377,0.0416663827583621,-0.008129009579049,-0.0084230990663251,0.0135666884378755,-0.006963279871993,0.0498014313929533,0.0065292693144778,0.0125629003399192,0.0232760245429606,0.0331246380529655,0.0193282150726261,-0.0253536108088795,0.005721912498164,0.0252290026324879
2024-02-19,0.0039244764350563,0.0080947429817666,-0.0336501548807286,0.0082366134006166,0.0037419389592598,-0.0031463120121091,0.0181430442203762,0.0024414310855214,0.0126051193345968,0.0033657886960158,0.0030674359096616,0.0129064485775025,-0.0044908384497314,-0.0047732194312146,-0.0098701298701299,0.0197282961680018,0.02480740345947,0.0,0.015143045886478,-0.0068648509791703,0.0059686036653712,-0.0062997347480105,0.0476190476190476,0.0209669614183272,-0.0081723812519659,-0.0045191932796937,-0.0277492291880782,0.0117774473916099,0.0075523851983949,-0.0016181229773462,-0.0033579244370786,0.0026529771767342,-0.0221391484942887,-0.0081869790859225,0.0023584467678137,-0.0009988836006815,-0.0207708605505952,0.0103844333612435,0.0162940555929789,0.0049371734569647,0.0076490025700648,0.0074037823249233,0.0109989900964295,-0.0023663578047041,-0.0055392250232946,0.0131927281682338,0.0100196833905688,0.0245109844531854,-0.006027887258636,0.0135963929651616,0.0027397260273973,-0.0030867770189451,0.0042885914684838,0.0049177894072671,0.0084575318446702,0.0107929515418503,-0.0045922099900398,-0.0134717048517241,-0.0081092404795264,0.0223947215214439,0.0134974695050105,0.0013793048303656,-0.0157195587345944,0.0054058850430354,-0.0164119940343807,-0.005736942364772,-0.0038581448087546,-0.0001889426767808,-0.0070121071364767,0.0170739601877325,0.0009711760366541,-0.0003353251900803,0.0049524706074963,-0.0028082143007125,-0.010714563408755,0.0037947107314084,0.0026954605776985,0.0088998361779504
2024-02-20,0.0031164994325447,0.0135237798159597,0.0232054794520548,0.0375711131749147,0.0232208675385114,0.0197051898863751,0.0064509449439722,0.022751489197609,0.0234426110343826,0.0103771419828642,-0.0107111167448347,0.0113829250389942,-0.0216701297919112,-0.000342075658672,0.0178384050367261,0.0100846580504763,0.0080847241265189,0.0114312381349366,0.0063823396906441,-0.0021243223906881,0.0141401115371997,-0.0486275749433644,0.0060606060606061,0.0007066650579983,0.0311257143944536,0.063627138559043,0.0342469242721412,0.0036371309635712,0.0039691319238563,0.0072933549432738,0.0101101277462549,0.0082403586530133,0.0412772916489678,0.0082545589877185,0.0065831727681437,0.0070138807199153,0.0058411820616952,0.005138852608159,0.0162729330548643,0.0132277734067665,0.0303637578186677,0.0297149233558913,0.0217667127188654,0.0235482395976223,0.0102135369483629,0.0109636368371253,0.069431630886606,-0.0334891738710265,0.029572490086968,0.0512108527774324,0.0396174863387979,0.0069710535708911,-0.0200047220821466,-0.0104891876419641,-0.0083866018920991,0.0050119851819567,0.0107675415294159,0.0289151656234081,0.0047327280407323,-0.0155170450231568,0.0281589710770429,0.0092785192696958,0.0064662112917168,-0.0053768185798953,0.042755391808043,0.0288546795285939,0.0182166057053074,0.015647410100994,0.0008476716708127,0.0391837059431936,0.0058315444296073,0.0238085367002733,0.0167289462698418,-0.0219284031046927,0.037081866197183,0.0013279000091293,0.0232915272161939,0.0119364311625496
2024-02-21,0.0038969901587528,-0.0004169789872373,0.024955150346748,-0.0193434275760416,-0.0053011741257745,-0.0100470143385366,0.0023580986444888,-0.0071538423376494,-0.0035778969423629,-0.0063410220591852,0.0201005829969889,0.0192976089902421,-0.0060023270560278,0.0089075938560532,-0.0015463917525772,-0.0199810829983447,0.0,-0.0184738883861776,-0.0222213932204232,-0.0117196763714779,-0.0386833387246098,-0.029442167829586,-0.0271084337349397,0.002118498105408,0.0173107444727418,0.0068457611515606,-0.0088292881155565,-0.0048319335762042,-0.0118603205944703,0.0048270313757039,-0.0153060980679814,-0.016633401968091,0.001917291316098,-0.006297108350128,0.0205590389830301,0.0049791925239104,0.0103912169475799,0.0012770247563571,-0.0205532215470416,-0.0373033906156935,-0.0128956209111804,-0.001947806265677,-0.0056056419090718,-0.0046068796068795,-0.0041353229343882,-0.0006783328467655,0.0033731716537264,-0.0297042545831892,0.0095716620547923,-0.034799064315189,-0.0039421813403416,-0.0126925015160962,0.0025222631362913,0.0014152498615855,0.004830419610472,0.0190806591500434,0.0015243368258752,0.0070287121664636,-0.0154196671955733,-0.0037018113811421,-0.0016648897791273,-0.0132834905753673,-0.0143565648655702,-0.0214870279235804,-0.0164991453863619,-0.0096184244146013,0.0270247848180027,0.0259886518766319,-0.0149616969495838,-0.0368066454848217,0.0,0.0180126784517857,0.0019327832078193,0.0075744386097928,0.0249084249084248,0.013033460145378,0.0688627664545034,0.0020484457417933
2024-02-22,0.0046510795871272,0.0091823305936979,0.0199064761357401,-0.0022927757069619,0.0006666490902311,-0.0124897538386135,-0.0084155015749461,-0.0023984649824111,0.0057469728154821,0.0139783143730141,0.0121210218084186,-0.0055208666509061,0.011141940518512,-0.003056040225042,0.0635002581311305,-0.0008444927011701,-0.0240127567770378,0.0,0.0043239943533721,-0.0215632219828787,0.008418133506608,-0.0011474796655192,0.0092879256965943,0.0395562277641234,0.0082843528529619,-0.0106061109818133,0.0211579078146355,-0.000484002934748,0.0120026761819802,-0.0048038430744595,0.0013952246918371,-0.0062334409171924,0.0382928045764074,0.0006314725940894,-0.0086987886621179,0.0039519948856536,0.0202660191335162,0.0200035800590709,0.0080510604080812,-0.0027085242896425,0.0028062717187518,0.0001731642252069,-0.0056729210191436,0.0392695857058706,0.0106205072527154,0.0264643461673956,0.0319374003767569,0.0765284523862572,0.0116688171698309,0.0084143452332325,0.0158311345646438,-0.0038973622513864,0.0006883170055838,-0.007529049271167,-0.0264310397919731,-0.0010638297872339,0.0117781354419972,0.0027097958918356,-0.004348025711662,0.0102274816398804,-0.0081571101263803,-0.0024134350557454,0.0042159308365226,0.0136789458631825,-0.0040659105499678,0.02548865276138,-0.0048184498566177,0.0085045376624071,0.0117496771295413,0.0531168650517654,0.0235102342620912,-0.0035366228506337,0.0289857969594899,0.0106761102987489,0.0137191590052008,0.0477445008529455,-0.0316674096933132,0.0174045870882382
2024-02-23,-0.0054041060522427,-0.0086854252167666,-0.0021771983299608,-0.008274604005007,-0.0019967329609611,-0.0158139296074757,-0.0123920226105648,-0.0016028209648982,-0.0128545863675827,-0.0092918575073173,-0.0269456897755301,-0.0230031323414251,-0.0004593871163351,-0.0402045476067719,-0.0189320388349515,-0.0136037994043306,-0.0327727054300817,0.0073068321847473,-0.0064580668853123,-0.0225916842525523,-0.0269133629046639,0.0160450887303562,-0.0214723926380367,0.0033892980846332,-0.0090858931762842,0.0,-0.0152689401773874,0.0004842373070257,-0.0017585536667386,-0.0185036202735318,0.0021880565550831,0.0032865397293209,0.0405666388902505,-0.0044323674187584,-0.0087751215903164,-0.0108396769805203,-0.0030566870445802,-0.0216952573158425,-0.0004835927451116,-0.0155416366051036,-0.0123963989711346,-0.000336909881286,0.0029264014033967,-0.0311192680359504,-0.009597515338204,0.0085884332387433,-0.0024433397927373,0.0189582287715959,-0.0086506697931603,-0.0166882696046661,0.0,0.0097793565252886,-0.0027454445188949,-0.006872615631132,-0.0148131227046688,-0.0244941427050054,0.0045042513735371,0.0119848791180294,-0.0034954554467773,-0.0239354060111488,-0.0059794536489024,-0.0134948861695501,-0.0152659092552498,-0.007301128543903,-0.0112317849748017,-0.0327436156558742,0.0,-0.008432820423515,-0.003114897395696,-0.0212374518831609,-0.009756177653723,-0.0148535511709011,0.0047013569825835,0.0023788645058342,-0.0042501872222059,-0.0154850498598302,0.014376896515643,-0.0160966243972137
2024-02-26,0.0116367542407018,0.0029238169462246,0.0217424786939111,0.0013892264521973,-0.028013961724058,0.0024084652772344,0.0095849607210083,-0.003210788248515,-0.0014448921715563,0.0006068099243763,0.0200076523291778,0.0,-0.0202100670400647,-0.0021304274741097,0.0331519049975259,0.0034410532615201,0.0084459459459458,-0.0136649283452116,-0.0065127897936554,0.011273917686396,-0.0042923276122006,-0.0315834187051798,-0.0094043887147334,0.0,-0.0004357641305597,-0.0034444519120908,0.0110702018829227,-0.006799088845269,0.0048390230118502,0.0229508196721313,0.0103264522555719,-0.0008922215672821,-0.0106271727763488,0.0038182170716065,-0.0121137221552636,-0.0059839939135906,-0.0083489088240309,0.0016144583716393,-0.0385091153951667,-0.0051300723064786,-0.0009646108398142,-0.0010110702834272,0.002917862566288,-0.0160454621427377,0.0156847624922886,0.0013113230253385,0.009787912912913,-0.0186055014192789,-0.0007271797412516,-0.0145411105618717,-0.0077922077922079,0.0027092928745597,0.0105452491378283,0.0188540114012725,0.0288231726893304,0.0013100436681223,-0.0018676386420458,0.0160428235689777,-0.0035077165135705,0.0169762626708664,-0.0206808871927735,-0.0042081335522268,-0.003490130015982,0.0008664970643079,0.0,-0.0106021865632164,0.0160148053750655,0.0153788003161281,-0.0039771185202196,-0.0036147714018565,0.001588438554952,0.0117989862375857,-0.0028037473533591,-0.0241906938272465,0.0058262194526381,-0.011029061835718,0.0248862377101359,0.0056216105829229
2024-02-27,0.0207052161217538,0.0274403825023015,0.0659498027786849,0.0212976625525753,0.0204151316031979,0.0216414544445215,0.0120850384269888,0.0088581091963277,0.0159347869070516,0.0042337227195887,0.0271486847657898,-0.0105543389583065,0.0145351746222355,0.0081846845692146,0.0114942528735633,0.009460943112352,0.0714356094196473,-0.0028296469831645,0.0076459268762025,0.0195094084858136,-0.0014369437038708,0.0093208968702427,0.0474683544303797,-0.0189571507427149,0.0401925463958101,0.0348839169799868,0.0230099958452476,0.0215115312172464,0.0267061532242471,0.0184294871794872,0.0141503676989678,0.0128085265519821,0.0280531352663904,0.0291443174895622,0.0212236252949447,0.0210627023844569,0.0234570981576889,0.0167230070070967,0.0405546664453257,0.0158683983333958,0.0184177176995956,0.0128292232650326,0.0122241248097412,0.0372855444199082,0.0154425497669192,0.0569346937760573,0.0234473016551584,0.0426560147360906,0.0225589764094362,0.07501846201006,0.0628272251308899,0.0169966933003951,-0.0024948000482483,-0.0014072919372998,0.0487153704795255,-0.0100305276929786,0.0314600444070791,0.000374345879831,0.0140802555993628,0.0426681590551636,0.0462661521514229,0.0207818559670107,0.0089466064446774,-0.007722462322695,0.014974614275272,0.0317374741016329,0.0296952581058786,0.0124742899901106,0.0082689667459676,0.0517288083122109,-0.0082474431601844,-0.0006480574659497,0.0159293408180876,0.0263108929239317,0.002316017421112,0.0321729471349916,0.010665769465245,0.0508362713298546
2024-02-28,0.0105153656105065,0.0,0.0079900065994154,-0.0047610431626504,-0.0013460741405468,-0.0081336016233243,0.0020433763836182,-0.0039910600255427,-0.0042728615787472,0.0102358549316665,0.0,-0.0046521316483819,-0.0143269301901215,0.0084669422388179,-0.0227272727272727,0.0093588452500839,-0.0078168107412175,-0.0005666139976689,0.0010821684108675,-0.0420982329835524,0.0,-0.0155809628498208,-0.0030211480362538,-0.0062060162246594,-0.010501009936377,-0.01415770609319,-0.0053513623278426,-0.0050242123875041,0.0208973492078436,0.0086546026750589,-0.0193802473913474,0.0058824091139142,-0.0383286557182684,-0.0203206548809273,-0.0046210384601389,-0.0078563088322209,0.0002932058601639,0.001268275497622,-0.0544665024777897,0.0027296660662325,0.0038160249345231,0.0050009946474089,0.0005756308444153,0.0089795027156855,0.0107316246473467,-0.0278631701119859,0.0244901294880408,-0.013636972671467,-0.0106748207177546,0.0011535520329732,-0.0332512315270935,-0.0098766056864282,-0.0538991738900899,-0.0516042507456768,0.0034880645374595,-0.0198237885462554,0.0595505805836769,0.0022570518097775,-0.0073774207877492,0.001786061318354,-0.0117438018823399,0.0006893124509064,0.0011556670647776,-0.0011307400763598,0.0030493541208453,-0.0243697043505298,0.0160177207431229,0.0098546224994382,-0.0093341371640021,-0.0379623412103428,-0.0134338423326277,-0.0100477614767803,0.0101444849502796,-0.0109658279309966,0.0050040206555121,-0.0131044235685369,-0.0013543619845385,-0.0174139902408647
2024-02-29,-0.0646832749982844,-0.0008093187270572,0.0138658311314798,-0.0093369946870572,-0.0028614073631265,0.01987588273058,-0.0151484135107472,-0.0136339958326655,-0.015041401613419,-0.0062578690368112,0.0,0.0,-0.0060980186130291,-0.0220431714793056,0.0193798449612403,0.0092720693875378,-0.0039855408286216,0.0039731558472686,-0.0064987091605092,-0.0296790432747984,-0.0086281225657217,-0.0140682312461453,0.0151515151515151,-0.0020872239920904,0.0208013459694451,-0.0012559699889276,-0.0118411413611306,0.0105824333888902,0.0204695890571748,0.000780031201248,0.0047428946817495,-0.000585433774782,0.0193309767585216,0.0,-0.0023212457961689,0.0009879987214134,-0.034077660310246,-0.0092669153091023,-0.0061426680797438,0.0046752433199293,-0.0227736916047837,-0.0278634493044495,-0.024714404799643,-0.006681454230686,-0.0013265935149797,0.0063728693239111,0.013100165746346,-0.0184340143789337,-0.0086320016441908,-0.0251417622536961,-0.0292993630573248,0.0130417745672617,-0.0091338720135668,-0.0071750489875898,0.0161935983394561,-0.017752808988764,-0.0212474703044313,-0.0011240194306016,-0.0069893614076527,-0.022207441894838,-0.0159676541011523,-0.0137927720107651,-0.0053897483210676,-0.0048984326413104,-0.0030400838286945,0.0016377841223469,-0.0084075966186341,-0.0179502644179495,0.0108525342398677,-0.030501214311667,-0.0048660318491597,-0.0386374760332829,0.0109590076429633,0.0037457968567153,-0.0088158598716904,-0.0222540656087488,-0.0059604366048305,0.0024639019246841
2024-03-01,-0.011125582419195,-0.0048598455263385,0.0234317343173431,0.0057464810335994,0.00202572537579,-0.0319605193584396,0.0010392849719393,0.0081350354955669,0.003635117216745,-0.0125983127058363,-0.0014760035302351,-0.0104406464364609,-0.0169778432223921,0.0110895450376955,0.0403992395437262,0.0091868879252394,0.0317792667038896,0.0002800503172373,-0.0119815668202765,-0.0123553016971033,0.0101547504798464,0.014861590328443,0.0238805970149253,0.0062663008501846,0.0174614608845988,0.0054935054190452,0.0130646670636704,-0.0242756283535724,0.0593512767425812,-0.0171473109898675,-0.0062940077597355,-0.0096542334241023,0.0331758480582067,0.0094315988033659,0.0432597477939604,0.0247191337416901,0.0401489346467405,0.0029743275578106,-0.0002573053498292,-0.0069779383447338,0.0022954067702418,0.0067476383265856,0.004353862698833,-0.0020696604122981,-0.003101142682192,0.0525277949227673,-0.0266314380451614,0.042255470299694,-0.0036279841166056,-0.0058698539176627,-0.0026246719160105,-0.0121170841637026,-0.0002453956848113,0.0009967006904536,0.0035178160360536,0.0146419583619308,0.0017492734872208,0.0011252842719882,-0.0202468837546401,0.0063581739853375,-0.0094321183944974,-0.0003492357422478,0.0139356887379789,0.0064393354212604,-0.0081424243014059,0.0343416488057095,-0.0455826633398023,0.0202312788115504,-0.0112999823545897,-0.0212730285218352,0.01531556039173,0.0017034666503337,0.0036165182367837,-0.0016417786550327,0.0286182514904833,-0.0089947175159441,0.0163547718615375,0.0098204845935017
2024-03-04,0.003218476093308,-0.0118019825005087,-0.0534297818640706,-0.0034287332750528,-0.0424599484779659,-0.0096584849877318,-0.004144837720419,-0.0155645551257251,-0.0095087448097352,-0.0003046029310416,-0.0132274729126347,0.0002761067769527,-0.0081554268156066,-0.0077842697284065,0.0114207400639561,-0.0124206566883473,-0.0077113866967304,-0.0141225175441415,-0.0055063225538971,-0.0113137516030384,-0.0363986153087944,-0.0228450932684509,-0.0262390670553936,0.0235121852699609,-0.0118489988955282,0.0142840686556848,-0.0193502723193935,-0.0119516223642369,0.0432759422987436,-0.0333068992862807,-0.0128653786827086,-0.0041372122095718,-0.0160598494617756,-0.0105844051564303,-0.0179116009810407,-0.0106661756165277,-0.0157904398507824,-0.0080555567850361,0.1010037491343558,-0.0425450381820364,-0.0029169278241165,-0.0067823714782935,-0.0076311783578183,-0.0158275344521762,0.0004408603215804,-0.0276605791052959,-0.0367437554490952,-0.0405423348726045,-0.0036411943117342,-0.0129712255203184,0.0250000000000001,-0.0038303740147427,-0.0038800916368763,-0.0024876275853908,0.0011631100269777,-0.0054114994363021,-0.0038465097752045,-0.0311227617864835,-0.0071887521635013,0.0009012307432336,-0.02533343383644,-0.0027989243031124,-0.0072550412962908,-0.0011303140458962,-0.010766896046469,-0.0268781829989405,-0.0070360598065083,0.0166991203551611,-0.0060015187516841,-0.0482068541601589,-0.0128372585269136,-0.0071423931029476,-0.0369008156728369,-0.0022431426169381,-0.0015033826108744,-0.0275987876522543,-0.0040243094234266,-0.028694629133926
2024-03-05,0.0216342153436512,-0.0049419032210619,0.028210927270563,0.0,0.0188283519719825,-0.0089472532282774,0.00693280511961,0.0106632282360645,0.0051266695702671,-0.0015196700145111,0.0178833413123715,-0.0130468488468382,0.0058022085826217,0.0074892342258003,-0.0474254742547425,-0.0008331680222177,0.0542628612979456,-0.007737358125157,0.0066441720189163,-0.0150601470469015,0.0039807003814322,-0.0059958566837533,0.0538922155688623,0.0135168467268511,-0.0024819016066445,0.0128336172629188,0.0098599302709645,0.0012342255430004,-0.0074078203984537,-0.003281378178835,0.0160410572936759,0.0008893112493058,0.0081609889854532,-0.0151021070648644,-0.011860840748842,-0.0137162819998853,-0.0291166096569089,0.0025656928932535,-0.0053837292808358,0.004484542793629,0.0009791832886052,-0.0013638430065161,-0.0008857431586407,0.0,-0.0093282565963747,0.0105111455738835,-0.0138006326456344,-0.0046950522555215,0.0131562038167447,0.0071731157037098,-0.0038510911424903,0.0015380408777085,-0.0060907996701868,-0.0029945741873634,0.0023235175473981,0.0047608252097031,0.0084214863014528,-0.0185741811175336,-0.0018102011281517,0.0126246283425721,-0.0068397336893848,-0.0073652521417484,-0.0134588348249494,-0.004896584963782,0.0036302320968062,0.007310166180054,-0.0007435336946717,0.0020524280747611,0.0,0.0347572918320893,-0.010402000332484,-0.0068473642074146,0.0037318844082643,-0.0131872568246507,-0.0549702895291305,-0.0081891527151637,0.0078093145471842,0.0205301729646236
2024-03-06,-0.0047057971801415,0.0099328938421971,-0.0117619819402639,0.0052769366986213,0.0217616337436181,0.0049203643012993,0.0148094758345511,-0.0056803799070481,0.0072851687685626,-0.0048672937694063,-0.0190408277829193,0.0039363401854808,-0.0110626283367556,-0.0449548338197944,-0.0412517780938833,0.0075444726810671,-0.0036641089749115,-0.0066388289387258,0.003313100984871,-0.004894201668967,-0.0024796076818736,0.0042217486857134,-0.0397727272727272,0.0213271680051918,0.0145089927024077,0.0163713837183223,-0.0162808445688121,-0.0138055058182853,-0.0014903743535782,0.0213991769547325,0.0057239801607136,0.0002983121307185,-0.0543411117155158,0.0025543645175547,-0.0133784509225582,-0.0208750689545046,0.0214203136202868,0.000854525871661,0.0207065322736965,-0.0137968114675792,0.0126444694032823,0.0123103186646433,0.0109526553540271,-0.0115070012477471,-0.0067272082085934,-0.0177419854901716,-0.0345728072665343,-0.0283031985292223,-0.0014428184109971,0.001182525498206,0.0064432989690721,0.0019195986759035,0.017157478187626,0.0220228654507004,0.0046523607913842,-0.0153429602888086,0.0170507798418686,0.0252370363634859,0.0131441695774916,0.0044552300325111,0.0100336669491332,-0.0070669637910444,-0.0070210806207747,0.0071950021058542,-0.0005204936124232,0.0104868587368696,0.0,-0.0047809913261216,-0.0045978468276264,0.0191941721745891,0.0249652878961892,0.0041351941060887,0.0009343183810286,0.0136674986394431,-0.0099601693429193,-0.0011542625568179,-0.0080157111309654,0.0230626000413776
2024-03-07,-0.0031550617373752,-0.0061470011415859,0.0099339299939082,-0.0109524469707471,-0.0074377226920312,0.0057225738396624,-0.0095000039239999,-0.0057230142566191,-0.0043376949274062,0.0061177083892334,-0.0089550853749071,-0.0033607767128402,0.0072932077136702,0.0044487855502224,0.0098911968348172,-0.0166443340952681,0.0036775840436116,0.0002881095761011,-0.001096420509513,-0.008608567847349,0.0327580372250422,-0.0480466697265404,-0.0266272189349111,0.0515651434880342,-0.0134858825861629,-0.0028212079182953,-0.0044208011624613,0.0212493275529255,-0.0119595423196786,-0.0120870265914585,-0.0111868796681687,-0.0017797189006146,-0.027503436710897,-0.0025478563636636,-0.0149659780767983,-0.0050853991222867,-0.015876107918574,0.0093695248090075,-0.0013839236966667,0.0160488719059554,-0.0076923076923077,-0.0087831887425284,-0.0105430151030186,-0.0023281907433378,0.0099327251593814,0.0118364673668593,0.020463365870869,-0.0097092009518408,0.0014449031438552,0.0556875377491443,-0.0179257362355953,-0.0030654734027606,-0.0057841400193118,-0.0110182505940737,0.0150301243430328,-0.0066452795600366,0.0561075601658771,0.0,-0.0102910686370355,0.0239386226992732,0.0358471784150509,0.0053358793454763,0.0212034233508935,-0.0008781405721851,-0.010336189848385,-0.0095800479649406,0.0029844798913551,0.0090920445063089,0.0222359765155266,0.0489690204188166,-0.0358969384580907,-0.0041181646957112,-0.0111628623118672,-0.0034453201222617,-0.0346090978558452,0.010577502983885,-0.0061941864713529,0.0388483848650951
2024-03-08,0.015022574907648,0.0,-0.0078643344314016,0.0036912438089897,0.0025555942864075,0.0113625438113467,-0.0097654315607655,0.0032876543968536,0.0058147908115504,-0.0033450422511601,0.0105498072631364,0.0016860548101627,-0.0077235248647256,0.0428017929043531,-0.0132223310479923,0.013546189299312,-0.0183636520389687,-0.0063932460124843,0.0032928719008264,0.0173602197463675,0.0148943395551954,0.0290196352456153,0.0243161094224924,-0.0074476361686218,0.0207149172666412,0.0161374448782183,-0.0088684939639818,-0.0031799519714927,0.0151294314127381,0.0203915171288744,0.0121060109606518,-0.0026695192937821,0.0150880218149735,-0.0198131793223818,0.0085462658962407,0.0,0.0045663035465639,0.0021102716038505,-0.0120019111777751,0.0186315466722879,0.0096869178534944,0.0068147125958761,0.0091768990299396,0.0116681193240923,-0.0147525546681548,-0.0006160948942109,0.0175463870001153,0.004902196890637,-0.0021642276164957,0.0224527678185471,0.0117340286831812,0.0042279867096013,-0.1037333182466794,-0.1057218606262893,-0.2004546459129227,0.0311418685121107,0.0074504978185478,-0.0015399996774869,0.0040704721365922,-0.012986311239193,-0.0003765159143646,0.0099121025497661,0.0103815865017953,0.0061523866656434,0.0093983960781178,-0.010474054395401,0.0293870833046177,0.0056109233628229,-0.0005674210367889,0.0116659648585537,0.0016618384304474,0.0090881257533068,0.0216337732103233,-0.0076668425315628,-0.0025004193575441,-0.0047576320347223,0.000541486408691,-0.0152348752625377
2024-03-11,-0.0031182042019373,-0.0049480163755779,-0.0039516449598989,-0.0080426751958639,-0.0062852971685427,0.009627433865406,-0.0100337659428058,0.0073704304862238,0.0057811744912386,0.0012194189602445,-0.0014980000926597,-0.0019652372682607,-0.0175148174836569,0.0293704103042313,0.0148883374689827,-0.0100304472182314,0.007465308273318,0.0108205976277373,-0.0120471072784605,0.0060938298395796,-0.0198885816764406,-0.017777717417138,-0.0267062314540059,-0.0062478596704842,-0.0020305767738014,-0.0127080416861099,0.0212526987058692,0.0078567293158582,-0.0078258788690053,-0.0119904076738609,-0.0098029384940813,-0.0074405480881656,0.0241474326686617,0.0019564087671566,-0.002356923076923,0.0040831532672678,-0.0072735549712251,-0.0101070938697992,-0.0504674785989596,-0.0079531184596065,0.0009522562521575,-0.0020324535422427,0.004981837052413,-0.0115335445500527,0.0031757269279395,-0.0178699628554482,0.0139498447395494,-0.0243860873084769,0.0101216343976673,-0.0131808007958219,0.0025773195876288,-0.0026792093355559,-0.0191998821705861,-0.0130100856494258,0.0128139314484283,0.0044742729306486,-0.0045009031417488,0.0154075988210118,-0.0004514973076502,0.0052555703571233,-0.0159926245160385,0.0,-0.0190274662132078,-0.0259426931316338,-0.0144843377787162,-0.0036618106597421,-0.0112002898527893,-0.0098053555756922,-0.000848152930628,0.0008892168270095,0.0026566082697756,-0.0155929547497062,-0.0469617733070424,-0.0310559471324404,0.0137894067507133,-0.0009560750602788,0.0065000170903166,-0.0075011964460351
2024-03-12,0.0031279578131337,0.0140890927926593,0.03777172637213,0.0138996245583038,0.0358973764179173,0.0190798202439548,0.0137281368206652,0.0138020490266617,0.0122077090080792,0.0033521813995929,0.0149251422915119,0.0241855124883623,-0.0009911261174946,0.010658513540771,0.0024449877750611,0.009293284337221,0.0371807165896609,-0.0162005368837238,-0.0011073620031527,0.0090853799996237,-0.012559819359012,0.0112344014656573,0.0335365853658538,0.0006279482938185,0.0199243607013825,-0.0020008507554393,0.0120487816799861,-0.0068239385305784,-0.0056302359498479,0.0153721682847898,0.0031681888761367,0.0,0.0199521687978554,-0.0143088141074533,0.0165189338564124,0.0071090399085769,0.025029687248685,0.00595563253614,-0.0046749337400989,0.0072156639643483,0.0124507973504892,0.0016979445933869,0.0040872583989386,0.009334495459274,0.0122140559941121,0.0376456005974987,0.0267246274283479,0.0100004367002928,0.0071572953288816,0.0211441532258063,0.0154241645244215,0.0084472568801863,0.0303307673330164,0.0328187616204564,-0.0028071817065323,0.0579064587973274,0.0064584014991522,0.0079686344369072,0.0049544494950455,0.0139688129685768,0.0248561795502342,0.0028048150002646,-0.0019409501577831,-0.0131887059694374,-0.0073452607333207,0.0196132132981121,-0.0135256772795705,0.0092197112310061,0.0008488729046698,0.0026558291196066,0.0331006180025632,0.0031679892631693,-0.0135233735469618,-0.0062309689784688,-0.0016483943705777,-0.0017209030963664,0.0121123619671834,0.0047223707244461
2024-03-13,-0.0070092198199168,0.0036776509734099,0.0191598615603862,-0.0084541556054726,0.0148503950526053,-0.0046785492297612,-0.011110446690187,0.0096158651779734,0.0106452180028129,-0.0018226996503003,0.0176467898995749,0.0269077961454908,-0.0009921094230553,0.0088444449112927,0.0160975609756097,-0.0317784871909875,0.0286614835049381,-0.0097054902204404,-0.0066645799097477,0.0036039170850523,-0.0141874514751552,0.0043207766459287,0.0088495575221239,0.0018826626666463,0.0163520413802249,-0.0040412970037571,0.0227360540932142,-0.0024533113881005,0.006420095581352,-0.0071713147410358,-0.0187520129211511,-0.0170922696989463,-0.0065237739559598,-0.0191438652965209,0.0148548196243816,0.0131303604586048,0.0136982642633218,0.0253679814221257,0.0037065983050459,-0.0250691920998626,0.0123094270478518,0.0077850975015378,0.0098818372780244,0.0046240842363296,0.013406307737511,0.0223666881068331,0.0007887579329104,0.0049453043929437,-0.0049745027449572,0.0130679434339446,0.021518987341772,0.0015222309139728,-0.009900543436769,-0.0119486909154805,0.0296170312591634,0.0298947368421051,-0.0154051328277099,0.0199455599826423,-0.0062737156861817,0.0163454566612657,0.0167921062117546,0.0006982276384479,-0.0073804254139578,-0.0032456760382556,-0.0042293137988952,0.0100208822535503,-0.0200054909117335,0.0054138188932104,0.0014158961168442,0.0097279565635428,-0.0003210025981148,0.0017540038735872,-0.0117532625435681,0.0064100196169543,0.0181674688598474,-0.0030693289942271,0.0108992892254176,0.0136362450768148
2024-03-14,0.003918481113464,-0.0024427836100852,-0.0282105917343631,0.0140593678776395,0.0105693628226155,-0.019595432795767,-0.0043901023147813,0.0,0.0063233337102399,0.0069953262833659,0.0144506506536485,-0.0058825359386179,-0.0019861893632939,-0.0114636152556666,0.0081613058089295,-0.041445835660858,-0.020876741430731,-0.0011919008647313,0.0067092945393432,-0.0083768790708039,-0.0034702353484079,-0.0374943840111094,-0.0175438596491228,0.0018867636274748,-0.0047086969523965,0.0178158186717387,-0.0232813477680838,-0.0051638460730254,0.1020624884674623,0.0192616372391651,-0.0142825650320874,0.0051868041890623,0.0161119940614977,0.0087489547010839,-0.0301896043481639,-0.0239130750992742,-0.037015446431512,-0.0061829392211907,-0.0120679028784917,0.0028533356507634,0.0,0.0023528973251516,-0.0005758270168635,0.0091778732843477,0.0052876511722763,-0.0236524187931124,0.0157627256832779,-0.0098473155174547,-0.006427764174044,0.0,0.0198265179677818,0.0038040151147327,-0.0067574908959634,-0.0043988429446116,0.0054682159945318,-0.0065412919051512,0.0048889572600827,-0.0055347984497923,0.0013521749066809,-0.0025365733360341,-0.010641819381651,-0.0010466106851648,-0.0043067148972192,-0.0042982430750528,0.0074310410231399,0.0075408246865498,0.0506618546762411,0.0011770637673851,-0.000283470228712,-0.0499075785582255,-0.0064087340743291,0.0056060906059158,-0.0208128280839896,-0.0127383859302073,0.0231162287859008,0.0219225919099814,-0.0060491901221454,-0.016237024533089
2024-03-15,-0.0132780457024385,0.0065300411042765,-0.0483521001301876,-0.0227273958135882,-0.0365239890535387,-0.0143920809124165,0.0102280043244293,-0.0055541804861146,-0.0153503085619457,0.0048305338194152,-0.0014170996693433,-0.0244744800275384,-0.0303364003635324,-0.0092091311888661,0.0338095238095239,0.0297207021533651,-0.1174580655929232,-0.0074304901321351,-0.0044474006834128,-0.0096464227068674,0.0049765066898821,-0.0255385659928992,0.0089285714285713,0.011901585099002,-0.0291670536304485,-0.0039866695736131,-0.0357544330420277,-0.0074163315757358,-0.0091916789677982,0.0118110236220472,-0.0253063273273049,0.0151746563531556,-0.0047016952327433,-0.0040041605730954,-0.0198157761692787,-0.0081663065345353,0.0402714173828879,-0.010787813669763,-0.0266770386458918,-0.0024408209246233,-0.003747708444527,-0.0067027991856238,-0.005471548730491,-0.0204967578854819,0.0214939702496468,-0.0672373982617233,-0.0333639533742987,-0.0248767028048753,0.0064693476148722,-0.0204270557998464,0.0012150668286754,-0.0178039670923131,-0.0021772500308766,0.0027596011884147,-0.012255457360828,-0.0164609053497942,-0.0025950071316022,0.001855200980106,-0.0063047984936952,0.0212183556878085,-0.020772173102162,0.0048933612721926,0.0216267145799553,0.0001308120521505,-0.000524471997902,-0.006696780181277,-0.0039604115691073,0.02185026838485,-0.0025415816591167,0.1004598514326142,-0.0003231768282214,-0.0073160091266731,-0.0101250183234559,-0.0114136666575351,0.0023775226911364,-0.0212624584717607,0.0055572716217382,-0.097596702135451
2024-03-18,0.0,-0.0068931560807484,0.0040560648970384,-0.0360462957575152,-0.0083511012991231,0.0024366173812038,-0.0219924246978897,0.0119768229062959,0.0063727813767313,-0.00029763138165,-0.0057060075685902,-0.0088216595801763,0.0333378942327426,0.015488850224838,0.0087517273146013,0.0131270187449961,0.0443477849747055,0.0077878966351419,-0.0178297721824112,-0.0036565837420721,-0.0069362954407221,0.029488398423608,-0.008849557522124,-0.0086648583484026,-0.0267964661527208,-0.0295350073485725,0.004487733945069,0.0062264537587288,0.0182124800838718,-0.0155642023346302,-0.0033499470993894,-0.003287228019089,-0.0235912974743102,0.0080405166660122,0.0312806642344949,0.0144087023153085,-0.0231682699578519,-0.0020978775960687,-0.0056341000211015,0.0044882003764297,-0.000931716804677,0.0027001478763828,0.004051359254676,-0.0092847124824684,0.024472880755721,0.0071467342138591,0.0016053733877068,0.0714261842163896,0.0,0.0043894553593633,-0.0570388349514563,0.0069415004089532,0.0084521586601029,0.0005525825965564,0.0,-0.000836820083682,0.0065062685539087,0.0025932482375228,-0.0004545672041723,0.0091479758590278,-0.0051141761877784,-0.0027843221246519,-0.0207871313672922,-0.0064016858014823,0.0021057163808588,0.0039645802259595,-0.0108379853078963,0.0041110557725712,-0.0008493525853252,-0.0226168791742561,-0.0296879998652994,-0.0038580306931231,0.0153375855467055,0.0190748207220206,-0.0011884279931976,-0.0065358650322786,0.0,-0.0381395726327262
2024-03-19,-0.0071257605379034,-0.0053078246668026,0.0040635831241782,0.0110955249965505,0.0037060384049181,-0.004042445679636,-0.0035695550965542,-0.003945025431149,-0.0056346381969157,-0.0111249293386094,0.0129047604888345,0.012516145356757,0.009427778844435,0.0196633330309099,0.0561643835616438,-0.0025886616619207,0.0038933405767576,0.0032697889851096,0.0124846609400841,0.0097824573836671,0.0079869832588872,0.0178221451433244,0.0089285714285713,0.0281067112563653,-0.0004220921895596,0.0123411042549421,-0.0067015262507643,-0.0017310524172071,0.0654739929618251,0.0118577075098813,0.0084030174122797,0.0020970008991783,0.0066402598278738,0.0013242041143801,0.0107347837490012,0.0192695064873511,-0.0002995432806384,-0.0088304871251322,0.0136530993357808,0.0073123858941097,-0.0056304862268748,0.0,0.0014444400832123,0.0,0.0238882660687591,0.0064509280354065,0.0120210022107589,-0.0619024595661057,0.0,-0.0131231971079444,-0.0115830115830115,0.0026834620487872,-0.011085082655931,-0.0074303113100601,0.0358651805685665,0.0303601340033501,0.0135681475833595,0.0254898164640284,-0.0013595346944638,0.0247103982452532,0.0137064306779433,-0.0139564287103676,0.0047179109773567,0.0180197310204111,0.0100029538924246,0.0023693546390257,0.0306812438062411,0.0294839445577408,0.011616529613823,0.0325589468587559,0.000999517593939,0.0,0.0241694360812174,0.0082100307269188,-0.0102903911543459,-0.0094820524356651,0.020000221394453,0.0249880966013535
2024-03-20,0.0,0.0209341190957867,0.0201642661587906,0.0133618385889897,0.0590605936987107,0.0357424027712172,0.010747027396077,0.0197933745530687,0.0127541622076805,-0.0009146411176913,0.0184206663731103,0.0247257616923592,0.0122911843218531,0.0093084059696997,0.1569390402075228,0.0302976491319135,0.0345885005636978,0.0136286611080085,0.0134504927016916,0.0193691096851813,0.0207881960854114,0.0200105282114508,0.0530973451327432,0.0164044711239907,0.0367317425885753,0.0146256067478316,0.0146367816669599,0.0096706866383673,0.003484032576976,0.0109374999999998,0.012290216531039,0.0134691695955686,0.0414169459071325,0.0172619001314673,0.0087742060067705,0.0139355101210456,0.045042588290745,0.0301104788894546,0.0165178956954552,0.0032242371054362,0.0132121922626025,0.0047090339713165,0.0020145960225446,0.018771765905037,0.013508581439273,0.0472361727503589,0.0332589996814272,0.040605395579792,0.0214258805801468,0.0265828660318891,0.0390625,0.0229159155974976,0.020780362911662,0.0174647392369104,0.0159828728568001,-0.0357650883966672,0.0073317603196911,0.0158509003447324,0.0036335571949706,0.0120572594401149,0.0272301844561939,0.0123867764790979,0.0219091717679065,0.0138287249556403,0.0072916528189514,0.0504352714697011,0.0042514576978029,-0.0125688289014235,0.006719074763855,0.0838206800145098,0.0189372007475028,0.008101228263331,0.0206491775930992,0.0066790602695128,0.0,0.0015640466385853,0.0018069690400546,0.0227854055802192
2024-03-21,0.0055759003330819,-0.0096493495304559,-0.0316204611220012,0.0011782924858605,-0.0074458669705211,-0.027456842674234,-0.0139979654120039,-0.0093171912832928,-0.0111904101995565,-0.0228221149078037,-0.004179577718527,-0.0008053447669605,-0.0004859369836919,0.0023056396624272,0.0026158445440955,0.0134438183626117,-0.1189521401795832,0.0058464534207214,0.0022098298431021,-0.0089073305670815,0.0082433439957672,-0.0012223029545779,-0.0504201680672268,-0.0047859070312101,-0.0088603710419863,-0.0007999498070708,-0.0033308981042362,0.0034348905614336,-0.0246203361695926,-0.0131375579598145,-0.0028792590606447,0.0035446824968117,-0.0201698904170035,0.0013229536277987,0.009152524122584,0.0039268516395323,0.0,0.0,-0.0015008637045845,0.0152754138576958,-0.0139771136334708,-0.0063638643985916,-0.0103460954735343,-0.0161191706964592,0.0020211113861943,-0.0191516560139454,-0.0191597882292833,-0.0292643698973751,-0.0027968589122985,-0.0312836054355263,-0.0150375939849624,-0.0067211768900977,-0.0203573302021489,-0.0272459075373269,0.0196552162618757,-0.0073761854583772,-0.0088593899698009,-0.0102846778000378,0.0045231146922419,0.0079396553148598,-0.0159033119487621,-0.0122352215248967,0.0015316941219638,0.0036987699110027,0.0165563569415942,0.013501569101274,0.0194062390654858,-0.0003230232253699,0.0033388185352125,0.0007673406747699,0.010759164174229,-0.0125789573562502,-0.0048136816193105,-0.0024265527641268,0.0107997987927566,0.0003893314622605,0.0154506972448738,-0.0274577440496722
2024-03-22,-0.0158571846863334,-0.022328548644338,-0.0102176060920066,-0.0108191263996771,-0.0320844900596744,-0.0322527420041162,-0.0041351987123932,-0.0188096355388706,-0.0127273045793769,0.0071630721186688,-0.0083797669874809,-0.0155607901010329,-0.0136063682211245,-0.0059165992916319,0.0175177040626166,0.0240453171810202,0.03374066195023,0.0075547958788588,-0.0077173504195904,-0.0161760510091423,0.0221305169750787,-0.0257881604264258,-0.0383480825958703,-0.0282250107798786,-0.0162466152884814,0.0,-0.0334078767548763,-0.014436015690648,0.079288215081422,-0.0015661707126076,-0.0016511188403467,-0.0164791764870753,-0.0313373740406448,-0.0144721668537737,-0.0199588611534289,-0.0156459671663097,-0.017080690315036,-0.0201732327465772,-0.0307971948641261,0.0047482802702867,-0.015219610650207,-0.0114909213306654,-0.0139838028196848,-0.0117225015535845,-0.0141102585757668,-0.0151102264559291,-0.0296917660583415,-0.0351774232482607,-0.0147246921761106,-0.0467630436976486,-0.0203562340966921,-0.0187971964918578,0.0079291623669754,0.009801129533947,-0.0025654273039853,-0.0087048832271763,-0.0118127455628694,-0.0257967356933084,-0.0148633484851365,-0.0126066607103336,-0.0182057596796477,-0.0088441748450625,-0.0080259009968476,0.0198093893399224,0.004582868122452,-0.0170221788388913,-0.0169622583151652,0.001773800473807,-0.0016638539611608,-0.0474407602267629,-0.0154855563522762,-0.0162769992273327,-0.0174250921326709,-0.0115157956123724,-0.0174125515683238,0.0081898855982038,0.0078625074677818,-0.0095883284859662
2024-03-25,-0.0145042071498302,-0.0024914726382915,0.0165071945073402,0.0049942352417939,0.012697885799217,-0.0083363992857078,0.0039700300031495,-0.0039954565382009,-0.0014373042560177,-0.0120615480020154,0.0169011617724326,0.006267351251308,-0.0004928795336702,0.0347104063159326,-0.0454212454212454,0.0072946076114313,-0.0122517348648003,0.0092320958263427,-0.0200250967269685,-0.013396966296385,0.0211729425080806,-0.0107125410007677,0.0122699386503066,-0.0154549625094947,-0.0020600740482172,-0.0048035414344694,-0.0241899204380406,-0.0034772017366363,0.0050975730857771,-0.011764705882353,-0.0132333136146806,-0.0053853975738185,-0.0115941186726332,0.0006664290253086,-0.0018508437670113,0.0,-0.0002917009442588,-0.0058786884382869,-0.0100740858970778,-0.0256099550252836,-0.0096637353733229,-0.000690470560416,0.0,-0.0047446194300739,-0.0118516560878143,0.0031999358408854,-0.0386438105111165,-0.0052085702588363,-0.0320244621532639,-0.0011777939522265,0.0116883116883117,-0.0061305061815583,0.0124791984041261,0.0152585641713089,-0.0193437762337684,0.0209895052473763,-0.0006471649340747,-0.0044139473024806,-0.0013707225252184,-0.0007969384282049,-0.0066223123696513,0.001426367903405,0.0057803964682037,0.0082239574680178,-0.0091174608097803,-0.0037686243707089,-0.0024633471592848,-0.0085290452698091,-0.0052753845996864,-0.0128447751736183,-0.0091741864449087,0.0003588359362229,-0.0177341106445431,-0.0021328168513879,0.0128894696325108,-0.0284296258589972,-0.0161845183279879,0.0037602511609029
2024-03-26,0.0147176753620452,0.001665130385656,-0.008119565998419,0.0037855512021873,0.0122145698291102,0.0,0.0053907688243499,0.012834748857077,0.0143493056357675,0.0053236981066937,-0.0872491890805752,0.0100214581823288,-0.0083765089551061,0.0022364007103861,0.0065234075211051,0.0024096996753246,-0.008236833179902,0.0045738219506306,-0.0158992690604492,-0.0117321541538599,0.0194427145526119,-0.0101865895382878,-0.018181818181818,-0.0219689562454168,0.0024771920569295,0.0056311812861806,-0.0271605263504524,-0.0014982454756929,-0.0065656913436463,0.0079365079365079,-0.0062857463558487,-0.0114347111205169,-0.0092704199127835,-0.0006659851934454,-0.0027814136125656,-0.0009861646895031,-0.0225822738330196,0.0,-0.0292265027087453,0.0072798584206246,0.013656435369566,0.0185798659750879,0.0198702043139629,0.0238074725022257,0.0177901153729098,-0.0121113766997897,-0.0075387770428353,-0.0680602236093012,0.0095575879007239,0.0304070168000423,-0.0064184852374838,0.0100251270263214,-0.0109840850649801,-0.0092895563740786,-0.0183957453008888,-0.0079714705265366,0.0071122590633849,0.0040617981878727,0.0105313524015737,0.0103850787188966,0.0272378199102565,0.0028528130641449,0.001912878626143,0.0142058718519129,0.001532472105747,-0.0045345545310822,0.0412994895741578,0.0219084212581033,0.0027901633066171,-0.0065146297244078,-0.0578704342784572,-0.0143841594892009,-0.0040155225367312,-0.0126608866121333,-0.0019900696524379,0.0069682760066016,-0.0066599242554655,-0.0342982184905928
2024-03-27,0.0032262563339686,0.0033247246712382,-0.0368009272674588,-0.0131980579198175,0.0210743478395336,0.0145597683467559,0.0007184733877458,0.0142524149102187,0.015556567744648,0.0183684220795692,0.0182089786932935,-0.0050943273133663,0.014414725032821,0.0216774955699941,0.0453678993518871,0.0175864773906222,-0.0083540964385168,-0.0008551314822432,0.0115342911358091,0.0131193544424113,0.0197780642268676,0.0064357035442694,-0.0648148148148149,0.0224624324408762,0.0359106067279477,0.0192301659503717,0.0024236023667356,0.0022467917077986,-0.0045024953588735,0.0094488188976378,0.0080121375797748,-0.0006060146958564,0.0112266194522201,0.0106783627543667,0.0213897244249992,0.0149086897192463,0.0020997551403749,-0.0025374886364639,0.0123653294653038,0.0092311198905941,0.0086650998266979,0.0074292617200204,0.005526164778757,0.0418793828892005,0.0223541138093512,0.0541942479809669,0.0371362048894061,0.0224667414944708,0.0152930161092836,-0.0669658355942446,0.0051679586563306,-0.0145027653578013,0.0121917370238811,0.007996562497724,0.0174045348276246,-0.0044406851342778,0.0128417380507166,0.006255085631428,0.0181218164861181,0.0094889610656578,-0.0001856048343584,0.0095993063727006,-0.0015299382058385,0.014365695639517,0.0040825096691017,0.0075961210947279,0.0135603362933849,0.0131815950282918,0.0036212117079024,0.0081901369097512,0.0189561133923565,0.0262685408343172,0.0110846034441445,0.0091594572873823,0.010355970840953,-0.0039543172298966,-0.0059301380991064,-0.021637398093643
2024-03-28,0.0032066134084631,-0.0091176267542432,0.0403379462494986,-0.0040607490331887,0.0126038517114264,-0.0024973465692701,0.0116103993074785,-0.0054630973132469,-0.0069604968086941,-0.0058092749135888,0.0059611137707904,-0.0180582917323587,0.0088174545074253,0.0293307124549537,-0.0371991247264771,-0.0031705376237129,-0.0083752093802345,-0.0088269583078887,-0.0136806420924281,-0.0012317628888349,0.005539709494996,0.0038310649085784,-0.0429042904290428,-0.0194558176484967,-0.0063776566667219,0.0070637119113572,-0.0133178453725215,0.0024899633203188,0.0048255944199901,-0.0054602184087363,0.0012555551310946,-0.0088320881626949,0.0049298667762192,-0.0092467643991904,0.0104649433322427,0.0078240098408022,-0.0140716839159714,-0.0122905670561481,-0.008233096995234,-0.0127272556178716,0.0019064206364149,0.0036849314436722,0.0017355139310171,0.0892765797054624,0.0043739530431545,0.039164510904192,0.036610917798481,-0.0109895383434109,-0.008607235753133,0.0340669487204221,0.0012853470437017,-0.0089105632318853,0.0246243348409691,0.0221628963852984,-0.007896848555588,0.0352591333899745,-0.0085596383498066,0.0007319942820134,-0.0093435553425971,0.0078277089493274,0.014093475858258,0.0042244305402201,-0.0030645650067651,0.0169319584876697,0.0055898164179781,-0.02034798475123,0.0377896912025714,0.0028213083197174,0.0072094966942317,0.0422462023452792,-0.0223924593959176,0.012088830047126,-0.002988058071363,0.0037964405198291,-0.0138003193462329,0.0041659048763287,-0.0090790226362671,0.0272263830322865
2024-04-01,-0.0128039317123642,-0.0100325959839756,-0.0040966816878329,-0.0189464721446001,-0.0298734364305308,-0.0183478035390158,-0.0095345470177672,-0.0133459971800093,-0.009119887434532,0.0049181717968285,0.014814473664011,-0.0252541236110667,0.0082544495629806,0.0033325220451949,-0.0037878787878786,0.0103526124755217,0.0,-0.0054562936410141,-0.0196440700991712,-0.0283974363070552,-0.0128602425574011,0.00127685090473,-0.0586206896551724,-0.0172866435554862,-0.0196447823235857,-0.0042940753984627,-0.0245311430527036,-0.0201178222919147,-0.0276184335795803,-0.0047058823529412,-0.0133690111611911,-0.0178182531528566,0.0104343086297182,-0.0080019811481372,0.0045041332045876,0.0058330967925064,-0.0188251989461962,-0.0184457713136453,0.0243667082060501,0.0028213181083824,-0.0266625948460147,-0.0314941092138878,-0.0341506812967269,-0.0493338935712696,-0.0075184984182032,-0.0082438891063948,0.023551280431683,-0.0111055849386192,-0.0122994482341903,0.0011727860331844,-0.0205391527599486,-0.0101579009029726,0.0073141068421962,0.007761115960827,-0.0026471074835933,-0.0071809601969634,-0.0009016269766792,-0.0208255145104587,-0.0094364226948335,-0.0069910288531479,-0.0371248613751163,-0.0129742672959688,-0.0088323564795588,-0.0094439923345497,0.0111239367773472,-0.006922155887782,-0.0212673306269226,0.0142235195171422,0.0008264295544702,-0.0381905205078774,-0.0088069278714446,-0.0119444357928178,0.007988590680322,0.0064110666249244,0.0075975844609035,0.0077683707663027,-0.0054978736973474,-0.0071806685619056
2024-04-02,-0.0048660889745653,0.0004222612087729,-0.0040893362692669,-0.0036638464562916,0.0043293497994931,-0.0033974878628617,0.0016050707131918,0.006152930084851,0.0056011851020747,-0.0003030047330105,0.0029196417765944,-0.0008459405279979,0.008193297561289,0.0072524615451599,-0.0098859315589354,-0.0007900941940423,-0.004272655007949,0.0106861774271513,0.0094229809877499,-0.0184216930068596,-0.0093016045267808,-0.0248069552474354,-0.0146520146520147,-0.0058662185087121,-0.0237230104698688,-0.0031308511617912,-0.0138370428583457,0.0276298268974699,0.0111138996557695,-0.0015760441292356,0.0129159662998978,0.0087576167907921,-0.0145747037857625,-0.0013418211321226,0.0076256235016909,0.0144911176644888,-0.0095949233063559,0.002624001168251,-0.0028771672955705,0.004818864857929,-0.0039218998889799,-0.001722223803695,0.0011958436353645,0.021709175051348,0.0007957783735002,0.0380017429258809,-0.003834896678186,-0.022472874921032,0.0,-0.0364202707559602,0.001310615989515,-0.0031606172190076,0.0272312690437273,0.0257623314454049,0.0079808312597915,0.013639181649101,0.0110171426887575,-0.007833888706372,0.0213169295579118,-0.0133072884873642,0.0033204230333898,0.0,0.0034858105481405,-0.0221687768745072,-0.0089989540549503,0.0166536189595045,-0.0006602081090778,0.0052388966122778,-0.0052274849090498,0.0397069495801223,-0.0099573363012428,-0.0024863271707094,0.0148663057742781,0.0117608643568718,0.007540296421977,-0.006693307982501,0.0047377251732421,-0.0239132581274221
2024-04-03,0.0146696507494687,0.005909161713054,-0.0452645901161378,0.003189153953411,-0.061801567522664,-0.0025590875025134,0.0039163103287576,0.0229619766237607,0.0197259462003798,-0.007040281150846,-0.0160188243811936,-0.0002802314592605,-0.004302377461916,0.0377920081018161,0.0026881720430107,0.0039412396990325,-0.0552839038020157,0.0234356135886624,0.0128493767503157,0.0077655981989708,0.0154973342126147,0.0006502185456778,0.0037174721189592,0.0059008340908728,-0.0016780277077793,-0.022015580256797,-0.0012807377049179,0.0044414782551001,0.0106853059423417,-0.0023677979479084,0.0045991112287542,0.0015504032055089,-0.0511451948737499,-0.0033668718557634,0.0089000058169974,0.0047706473059054,-0.0134400525444215,-0.0061036111894986,-0.0269976273830764,0.0131954199123143,0.0,-0.0044959626635489,-0.0074650956339278,0.0042495801313042,-0.0159428916647418,-0.0257392776928652,-0.0015398638901917,-0.028736894282111,0.0,-0.0402558470443586,-0.0353403141361255,-0.0083157797527693,-0.0078280769646312,-0.0051762276446112,-0.002633118782914,0.0069317023445465,0.0060879417947585,-0.003386142438732,-0.009768078444607,-0.0023756495916851,-0.0112503139776226,-0.0046167746939683,-0.0177645200308199,0.0175489711153422,-0.0010103935386298,-0.0076221458131731,0.0115325510922172,-0.0096581084600243,0.0074707775707265,-0.0327394801568836,-0.0007157150030351,0.0067705020994877,-0.006839351019336,-0.0143702580535508,-0.0283554811516536,0.0122859060693327,-0.0073344319391676,-0.0404567266657815
2024-04-04,0.0016033067042315,0.002098017373582,-0.0064639267082325,0.0048894483490098,-0.0292752127933969,0.0222203896127697,0.0067392579079388,0.0023237202665047,0.006223020045305,0.0067810886835029,-0.0073886717253008,0.0090206147138898,-0.0071952117274268,0.0060692970920925,0.0038299502106473,0.0165029904747839,0.0135206506813141,-0.0086568694618494,0.015004066142586,-0.0044944716668771,-0.0184968107998041,-0.0117324284321865,0.0259259259259259,0.0227989789608866,-0.0180414919418158,-0.0164819595743341,0.0102162947764383,0.0063840782719859,-0.0157084254281842,0.0087025316455695,0.0,0.0024761349510302,-0.0175243393602224,0.0033782459770654,0.0176429889298892,0.0180091637712656,0.0019016456139977,0.0105282439951457,0.0078119148345932,0.0122346856371979,-0.0127691021649323,-0.0107607476189339,-0.0132414522096191,0.0042062587102496,0.0093171486997072,0.0217276021565566,0.032378149845333,0.047339418722585,0.0080575701716962,0.0203388366703609,0.0013568521031206,-0.0023945935399186,-0.0045801325202607,-0.014056093780608,-0.0079385450278672,0.0133630289532293,0.0035053666874285,0.0012617572837807,0.0053771584368371,0.0087397264804616,0.0300859279595675,0.0246250901524507,0.0078618694947194,0.0104210365102512,-0.0171682943798799,0.0034565175896494,0.0042345808723307,-0.0111454825190359,-0.0013754603083855,0.0008075323872032,0.0150895284522358,0.0,0.0009866848406554,-0.0111368154287907,0.0137784438463419,0.012919675553578,0.0055400817570845,-0.0077222112406931
2024-04-05,-0.0192458940550541,-0.002512349894571,-0.0108603775518045,-0.0007307185979483,-0.0078919868572641,0.0033435222617625,0.0042268162164129,-0.0046366662177501,-0.0027439620092937,0.0091839593495623,-0.0134202276342408,-0.0108964204652921,-0.0130504026668214,-0.0117785177343137,-0.0186951545211752,-0.0054116877928305,-0.004481500781657,-0.0152131627726035,-0.0102287446419271,-0.0148399463037046,-0.0028259675013737,-0.0138515488018702,-0.0144404332129963,-0.003821053773775,0.0012793555838539,0.009411463418538,-0.0113682844609939,0.0043899274909073,-0.0061390701141565,0.0039215686274509,-0.0106128818952696,-0.0151309544500447,-0.0026425066062665,-0.0107724275849139,-0.0143002832861188,-0.0121019281499006,-0.0126465057754026,-0.0017402022985173,0.1320511655945233,0.0042887183649376,-0.0059639951404482,0.0010520676991085,-0.0018293210499643,-0.0126163861623476,-0.0096336614622235,-0.0264413719525381,0.0276365946632781,-0.0338997686969929,-0.005086559345854,-0.0124566204892361,-0.005420054200542,0.002609259983642,-0.0020453490684877,0.005807164493337,-0.0066714716046645,0.0079920079920081,-0.006351130934338,-0.0147230199770087,0.0013418079096045,0.0,-0.0043050390590352,-0.0219458816580973,-0.011313830527341,-0.002253825572353,-0.0066857626029902,-0.0099451260611925,-0.0210836240505301,-0.016749746466218,-0.0043981060529524,0.0144895191333755,0.0003546374386309,-0.0120374620886645,-0.0255370607483284,-0.01093307313403,0.0155974235590485,-0.0054144915783961,-0.0028856966463078,-0.0035923451838669
2024-04-08,-0.0049058917873485,0.0088203693061144,0.0372892767434032,0.0092567336208047,0.0003537672211686,0.010836936711575,0.0156116579935232,0.0054314210607699,0.0068830394411789,0.0066741203851594,-0.0030211007451004,0.0259889267690724,0.0391723885618715,0.0130799730680033,-0.0283825816485225,0.0139862693543675,0.0223513400335009,0.0157316738779853,-0.0011467735189757,0.0347097465239409,0.0094465874202944,0.026084572986428,-0.021978021978022,0.0070334321437186,0.0162199572909951,0.0121461983667645,0.0242962920691081,0.0179788497687773,0.0033968802010853,0.0109374999999998,0.0119865819932398,0.0087795806027943,0.0211960635881907,0.0034035362030435,0.0180254747781303,0.0207289544678741,-0.0025595498056174,0.0121754131105864,-0.0259735838779955,0.0077647879951143,0.011011937829463,0.0098154067174793,0.0149709620298097,0.0191919450052389,0.010942164136978,0.0123950419832068,0.0167091357199549,0.0409375019951603,0.012416228580601,0.0100852820593402,0.0217983651226159,0.0152690031256235,0.0143434658836114,0.0139107893523893,0.0107348837209302,-0.0156590683845392,0.0003195862810325,0.0111100419383032,0.0155864306368573,0.0378281789194994,0.0135380296745963,0.0056995375846866,0.0114432980622916,0.0040422721268162,0.0031080287443168,0.0135242375387389,0.0271703808547205,-0.0033428467279577,-0.0002773643620619,0.0500059228673446,0.00566110895696,0.0243642847781797,0.0584609929817609,0.0545960958640883,0.0098425099390535,0.0011677778249608,0.0055282674133512,0.0114156620484215
2024-04-09,0.0156150746622423,0.0045772031505422,0.0042189879421823,0.0036198548607837,0.0035344231637581,0.0214326748862079,0.0084631492115867,0.0108041601784032,0.0061591566693175,0.0072343045812226,-0.0060605109042094,0.0002737499963596,-0.0018797583347478,0.0192263385182516,-0.0052020808323328,0.0199157273021932,0.0261635348932465,0.0250645143578762,0.0057404505916041,0.0094936086851122,0.0173182116955024,-0.0156456445615681,-0.0262172284644194,0.006984308483926,0.0239416041398659,0.0255988469552412,0.0262131595074934,0.0219586429822971,0.0018471327742515,0.0162287480680063,0.0170419609262122,0.0164744590375713,0.0051993246025863,0.0108449285399483,-0.0064761280997336,-0.0055422206639876,0.0064206782447036,0.0124595222504284,0.0072719193573351,0.0227275833944657,0.010879785090665,0.0083355214474971,0.0105329082213618,0.0020811393611153,0.0140266237827213,0.0081695044175296,0.0207321582645136,0.0224667414944708,0.0180352301374639,0.0449447736497474,-0.0133333333333333,0.0189957161384985,0.0050530355873867,0.0025874415091244,0.0079702542014099,0.0036246476037054,-0.0051081163503289,0.0174316474017091,0.0206157407407407,0.021261471875148,0.0263456880104611,0.0014147529117587,0.0093658689300124,0.0054469383996,0.0123738603023406,0.0129605208934311,0.0222580769893243,-0.0049535572406377,0.0099472861502647,0.0476163615265601,-0.0119635145853529,0.0,0.0142858550330544,-0.0066684449186449,0.0144237604734052,0.0062095730918498,0.0157046762164732,0.0041576069051854
2024-04-10,-0.021041429398256,-0.0289998717910786,-0.023144235071844,-0.0209188599192696,-0.0501757005624409,-0.0347062386432465,-0.0135320072674075,-0.0221381159778619,-0.0210719270807057,-0.01047159691853,-0.0152436616381012,-0.0366084088123374,-0.0160552770149404,-0.0047876425497384,-0.0060337892196298,-0.0127707156308852,-0.0084821874064464,-0.0189569440352804,-0.0262822148507272,-0.024455146094835,0.0004599438211474,-0.0496706714195602,-0.0538461538461538,-0.0025242256611706,-0.0307664320716746,-0.024959902237837,-0.031637666603328,-0.0308279539298896,0.0089103202473923,-0.0243346007604563,-0.0343288483738705,-0.0214069403763095,-0.0316388925875471,-0.0140841780725932,-0.0065240246639955,-0.0055731080586328,-0.0188217673489766,-0.0305484185345974,-0.0175689909416473,-0.0022632397296585,-0.0195806054163748,-0.0203161767142808,-0.0211480727284435,-0.0229700988364819,-0.0039515418502202,-0.0532119409481663,-0.0343106474101981,-0.0274678472022268,-0.0276365278740352,-0.029869936524693,-0.045945945945946,-0.029903706465423,0.0301494930010688,0.0222075247848794,0.0,0.0070224719101121,-0.0054591168345879,-0.0175032445894279,-0.0244950170784703,-0.0096669914775803,-0.0312732361418606,-0.0392491047080855,-0.0135307446432725,-0.0136548024077466,-0.001013678157185,-0.0195724252964749,-0.0123068776155123,-0.0085081948330882,-0.0043785888012649,-0.0129841159955387,-0.0124614412606385,-0.0311276353232172,-0.0272270735995493,-0.0151888776266623,-0.0196026310829293,-0.009062972908034,-0.0103088040271724,-0.0354853314610796
2024-04-11,0.0082675363313879,-0.0051190119494395,-0.023718030283751,-0.0461696916851249,0.0,0.0016762430642081,0.002431780581634,-0.0054653311290477,-0.0006957567428276,0.0093733180712114,0.0061918511389156,-0.0079994197625256,-0.0004801075440897,0.0257452613984154,-0.0068798057466613,-0.0022771982116244,-0.0171598228663446,-0.0117613871612061,-0.0281639633675383,-0.035346949637416,0.0110335768820293,-0.0020915981044409,-0.040650406504065,0.0132761060857793,0.0110033197649184,-0.0067992041484544,-0.012558341626137,-0.0154219788934301,-0.0066985909122857,-0.010132501948558,0.0029628637237271,-0.0056243806586241,0.0186685564393298,0.0068070724060869,0.0008752009243953,0.0037362277735355,-0.0208074376140319,-0.0039388788360658,-0.0075957477939283,0.0022683736029185,0.0,-0.0035182679296347,-0.001825425213069,-0.023484518657003,0.0003980486769303,0.0195463949122673,-0.0290106372336522,-0.0225998457979953,-0.0109315437101579,-0.0012276785714285,0.0070821529745044,0.0132084056703376,-0.0090239975708271,-0.0073272900699711,0.003962746530314,-0.0077704722056186,0.0006457743972465,-0.0011384822880717,0.0008835031364362,-0.0022490160554757,-0.0057847337362306,0.0066256588255912,-0.0086202002646321,-0.0170676537117006,-0.0418176259764926,-0.0084441936313766,-0.0188487435331472,-0.0089057980794364,0.005494782816438,-0.0453252491875589,-0.0093783988228076,0.0028890516147876,-0.0086873165178839,0.0042206246063567,-0.0023514332897882,-0.0389273393199732,-0.0041648321898049,-0.0355595164395582
2024-04-12,-0.0065541211519363,-0.0205814042520608,-0.0794515548836118,0.0046352252578363,-0.0239124829952648,-0.0225421939040322,-0.0129884074685331,-0.0149118003676615,-0.0125151496918488,-0.0122828164486852,-0.0138539042821158,-0.0120974129632112,-0.0096003586524914,-0.0333717536707509,-0.0313773431132844,-0.019836527890636,-0.0436741590292356,-0.0048157935930607,0.0,-0.0086622481844452,-0.0404750691546085,0.0020959820565373,-0.0508474576271185,-0.0155920263561419,-0.0489702384405638,-0.0491348171049103,-0.0279910860030375,-0.0009758250949687,-0.0263659046089571,-0.0133858267716535,-0.0116032346232096,-0.0056561932424986,-0.057595863314955,-0.0054041334954311,-0.0244841972909641,-0.0223203369107458,-0.0023235356343511,-0.0219697039205073,-0.0091333138448632,-0.0113028330593386,-0.0109899587260519,-0.0052911849150305,-0.0103671119129112,-0.0809598741148701,-0.011109981299156,-0.0377496035652821,-0.0694563686939799,-0.0404642151696631,-0.0191655263434896,-0.0382165605095541,-0.0618846694796062,-0.0264691904901007,-0.0081231008860404,-0.0091586844554345,-0.0577514233224802,0.0212851405622489,-0.0116127707476981,0.0003812504219569,-0.0184860831711135,-0.0090319954918288,-0.0268387678802231,-0.0109686652030455,-0.0130427313532109,-0.0184505331353758,-0.0154368338877197,-0.0360019919735186,-0.0553580299481938,-0.0001620309720479,-0.0248641340722298,-0.0735096040032325,-0.0032747649349416,-0.0309578623554149,-0.0097405213747532,-0.003717202002394,-0.0251460138947909,-0.0062763358238022,-0.0067992464809231,-0.0521281548467192
2024-04-15,-0.0041316806610689,-0.0218946907589917,-0.0935296616168765,-0.0135819696909552,-0.0322828642908528,-0.0196380015930127,-0.0092993645971416,-0.0095689030503359,-0.0147715501858413,0.0012127617512431,-0.057713759154178,-0.0192425704867076,0.0121183903363273,-0.0105554070762932,-0.0197728228859906,0.0093387301277674,-0.0411178927079987,0.0008558633579451,-0.0096647838551274,-0.0322594110239946,0.0104257167680277,0.0027862247811925,-0.0937500000000002,-0.012045033929673,-0.0603004959464158,-0.0449056102982647,0.0013142715284979,0.0142059219120047,-0.0107055622790082,-0.0223463687150837,-0.0053356411995706,-0.0047408765490797,-0.0402701571142108,-0.027175370250619,0.0349589304336617,0.0361554601414537,-0.0222961334270864,-0.0309953891544281,-0.0288992873304908,0.0148567051189616,-0.0171788770819578,-0.0152461470202487,-0.0169434386315394,-0.0285934423422652,-0.0192507153075821,-0.0124494290757433,-0.0521654088166368,-0.0783102815539726,-0.0232878747853652,-0.0179505054025793,-0.0389805097451274,-0.0178601818263245,0.0146415711210294,0.0095010426733126,-0.0097486583529594,-0.0149429807314195,-0.0081580411797439,-0.0060698930920727,-0.0282537488639806,-0.0060735779613628,-0.0244925882678028,-0.0036967703708793,-0.0028027956547741,-0.0024751454147932,-0.0216222179320997,-0.0281130076924411,-0.0282662018864168,-0.0024515466121417,0.0036445499907342,-0.0570240360893775,-0.0175329600591547,-0.0003746829605718,0.0049232521946109,0.005840354682072,-0.0024177729118196,-0.0053004320520243,-0.0089526158337986,-0.0456108233613145
2024-04-16,-0.0107639951055369,-0.0116373246941471,-0.0449831313257529,-0.0051974183163334,0.0086345399350244,-0.0130647541136698,-0.0113388183714886,-0.0104531013539923,-0.0071475270793207,-0.005452715915779,-0.0066224029371901,-0.0101056153137487,-0.0215506500974348,-0.0109589041095889,-0.0163090128755364,-0.0115593670733181,-0.0285873813512004,-0.0074003540706569,-0.0012180966165575,-0.018748562226823,-0.0206362854686155,-0.0152855064767137,-0.0246305418719211,-0.0121840803009726,-0.0056217704032613,-0.004429005644811,-0.007846111216439,-0.0301923135720183,0.0108214115745663,-0.0081632653061224,-0.0085833433494112,-0.0050830855944873,0.029664665296704,-0.0195525291828794,-0.0290173390771738,-0.0275449583607129,0.0013622630309211,-0.0083452331969891,-0.0115444461175526,-0.013138439815822,-0.0143863918675691,-0.0104419380712368,-0.0075233172028671,0.0073734614141769,0.0,0.0138717535035273,0.0101623642097885,-0.0065362275406374,-0.0169209314119089,-0.0130582667849747,0.0234009360374414,-0.005781981012485,0.0048904408056857,0.0045781732316261,0.0309374817240775,-0.0059880239520958,-0.0164540248587062,-0.0374046411311258,-0.0133807447818992,-0.0175692319917358,-0.0100832196858074,-0.0085371371932168,-0.0108443656739798,-0.0076850971148145,0.0,-0.0049580132213685,0.0081602201829189,0.0049134146762985,-0.0005607681155456,0.0122682762744803,-0.016356110070103,0.0011162323246052,-0.0166408551213143,-0.0088709015728725,-0.0226256529073429,-0.0024583557227296,0.0300214259410116,-0.0091308178748821
2024-04-17,-0.0025125142536865,-0.0113214871042871,-0.0332330236818003,-0.0057473410379443,-0.0108949382099476,-0.0079482982125792,0.0021514399838744,-0.0032510938259601,-0.0050366178132535,0.0042646772475458,0.0066665515276076,-0.0168187607797298,0.0107677841480455,-0.0349846790094927,-0.0209424083769633,0.0046802634633951,-0.024485573054374,0.0060212349818384,0.0060979109274563,0.0191067870120735,0.016761114215021,0.0105830031029927,-0.0505050505050505,-0.001303760360944,-0.0108370653749233,-0.007135380321005,0.0013229263130043,0.008965305253866,0.005668765858483,-0.008230452674897,-0.0106079334164398,-0.0060624693422134,-0.0442742304133079,-0.0113933260574791,0.0040168603193666,0.0018892642901469,-0.0380686740944534,-0.0037391206720653,0.0127189196267978,-0.010649785384553,-0.004166720251032,0.0007254897055513,0.0006356058731689,-0.0048699405109062,-0.0036832076727415,-0.0261236524750777,0.0016766882516188,0.0,-0.0078237170393679,-0.0092602304568679,0.0121951219512195,-0.00582019318088,0.0014612546591301,0.0073458606392937,-0.0068073519400954,-0.0214859437751003,-0.006020110134169,-0.0126885334329164,-0.0121600805734936,-0.013224517527541,-0.0013984303427078,-0.0007476180541066,0.0024342679776121,0.0176146585076162,0.0005567300916138,-0.0128742649369304,-0.0109085331952992,-0.0088019358067493,-0.002791728819126,-0.0173163369855173,0.0238101811498459,-0.0055667100044435,-0.0129285942212478,0.01090438639724,0.0061967467079782,0.00452033702771,-0.0141872401511353,-0.004257294847178
2024-04-18,0.0041948421848057,-0.008244814273562,-0.0458451752605223,-0.0039371680557337,-0.0039326380037858,-0.0088990204400865,-0.0014284776040982,-0.0081593253061016,-0.0043376769727486,-0.009705895770921,0.0099336044057849,-0.0064129072276856,-0.0014535728821443,-0.0057410137274294,-0.0013368983957219,0.0139632188381821,-0.0251001649776101,-0.0111094138395523,0.0060752128463656,-0.0020775822406255,-0.0122458591726194,-0.0076801113732163,-0.0425531914893616,0.005206025697829,-0.0209480061774838,0.0103319217725923,-0.013167745629101,-0.0029605789923876,-0.003443671154541,0.0141078838174273,-0.0032790990069468,-0.0025683711522219,-0.0154339710685953,-0.000727607259346,0.0006213127700096,0.0047073721301547,0.0035316704722323,-0.0084470467184398,0.014351087019629,-0.0026876952672005,-0.0010460386130302,0.0014549272536372,0.0012618780667685,0.0122197802197803,-0.0049229980875342,-0.0159632836466451,-0.0016738816738817,-0.0131584617815637,0.0270530228850203,-0.0093467838291566,-0.0331325301204818,-0.0012548151223675,-0.0024297698809381,0.0017591784304809,-0.0082438504302794,0.0104658321362611,-0.0026935099418828,0.0019752297780597,-0.0009495964215209,-0.0267871048123343,0.0182004312087944,-0.006363857811494,-0.0048567134132856,0.0163336905403836,0.0066277407222194,-0.0138834571763787,-0.0120948984338655,-0.0009855208252002,-0.0025216484376071,0.0229097979541803,0.0247318786982249,-0.0089574222483336,0.0020126599438956,0.0037022365774879,-0.0082148890989971,-0.0036822207723725,0.0099432091370921,-0.000711265657723
2024-04-19,-0.0008393227533646,0.0027711187842265,0.0180135456189496,-0.0031672118167164,0.0167841662516776,0.003599268597825,-0.0078801979709619,-0.0073966315616932,-0.0094407416057344,0.0094939017133555,-0.0032786328270987,0.0027670567425466,0.0276451483508664,-0.0003034094463558,-0.0049085229808121,0.0038385873998367,0.0154115798380272,0.006337972129774,0.0229208896196861,0.003479451067968,0.0267083707042381,0.0330782061074652,0.0666666666666666,0.0058166076347894,0.0160505311977565,-0.0111132367519435,-0.0013239319290729,-0.0121321095454669,-0.0285904360136078,0.0040916530278232,0.0140468281054153,0.0028955510955008,0.0141829685889309,0.012261158491166,0.0239724238784144,0.0300161657122504,-0.0017596208351703,-0.0024608268971345,0.001769156320571,-0.0266028271773826,-0.0010471339555808,-0.0039939890464851,-0.0056755525467604,0.0338139077065602,0.0156742838751207,0.0155792146903692,0.028503700277521,0.0266678312007802,0.0132798987555369,0.0121219523366056,0.0233644859813084,0.0079540677989589,0.0406800971747913,0.0170638851981563,-0.0124781632143748,-0.0089358245329002,-0.0003375980664838,0.0220915454854311,0.0071087320843441,-0.0202474501183348,-0.0125711225043293,0.027514019673509,0.0435472824336766,0.0207790463398254,0.0307164847467114,0.0179156924864767,0.0075616072830011,0.0075706393273784,0.0028100611884804,0.0353168044077134,0.0122479361212612,0.0007514590830528,0.0392356846991237,0.0163633327767573,-0.0225201994155063,-0.0004081559424814,-0.0012949350628153,0.0
2024-04-22,0.0,0.0009211536352671,0.008847399770107,-0.0029093499509855,0.0293266918358336,0.0080453377315792,-0.0115474972136018,-0.0033130354009701,-0.0043980956699162,-0.0006046638981427,0.0115044398616057,0.0214592831341318,-0.0018887049150397,0.0136794710938257,0.0103139013452915,-0.0099182639453181,0.0152371882626034,0.0014279933205263,0.0176819466770135,0.0097058105644014,0.0009288593275722,0.0068127291657236,0.109375,0.0032162392694206,0.0143572731796317,0.0085297221245164,0.009339390779772,0.0070189074297315,0.0142291001976624,0.0138549307253463,0.0149354431480654,0.0028906654436928,-0.0007360328995021,-0.0021414161457816,0.0208156233352601,0.0136596395557624,0.0229272236133841,0.0004805001164096,0.0282461225210626,-0.0003935052888983,-0.0010482315944766,-0.0003659129528172,-0.000633740697286,-0.0186782413889666,-0.0215256746295818,-0.0038390638775346,-0.0114115464612963,-0.0064937826993151,-0.0063197861764044,-0.0266234255977072,-0.0030441400304415,-0.0016634970098298,0.0243458199259303,0.0239316907579889,-0.011216733733792,-0.0163934426229507,-0.0030394086968534,0.0031434152426912,-0.0075304496413597,-0.0338786352265596,-0.0145216675783889,-0.0021430336494627,0.0152081504211687,-0.0201192152321803,0.0021315592967212,0.012576222965198,0.0196559526730459,-0.0107819545761682,0.0025175093806377,-0.011645645965267,0.0281138816468717,0.0015059612705141,0.0232334561768947,-0.0004741849246532,-0.0055798931986058,0.001844182300337,-0.0072648524965269,0.0035588595832178
2024-04-23,-0.007531283794222,0.0046015294607446,-0.011704588613058,-0.0129990832358611,-0.0141506213300559,-0.0159717664069708,0.0076667057896413,0.002485269599975,0.0066308406958739,-0.0133601220714086,-0.0097560153669878,-0.0171070675775197,-0.0075691154857794,0.0410772436144764,0.0013315579227695,-0.0084727351727134,0.0050419182740224,-0.0022852471504082,-0.0184504357298475,-0.0096125133309633,-0.0027895158394785,-0.0243613665145486,-0.0234741784037557,0.001287051482059,0.0051933101792802,0.0133577469700933,-0.014550928248871,-0.0034849928725004,-0.0092452437717011,0.0008038585209002,-0.0089587120228511,0.0051202993192565,-0.0058926003437349,0.0506839894273711,-0.0402660345200884,-0.0296410014170996,0.0031033273065816,0.0023914442739021,-0.0078475449585774,-0.0182255298010141,0.0073453207586278,0.0134935916721825,0.0149066353594473,-0.0119282024940787,-0.0091328003553186,-0.0019229067269552,-0.0032980780166042,-0.0588260478657362,-0.0055723143958438,-0.0150472648380598,-0.0167938931297708,-0.0049896259846133,-0.0068545519203413,-0.0019280757740142,0.0156102547971059,0.0245833333333334,-0.0094809169120619,-0.0168459807731642,0.0,-0.0222447635826525,0.0141292483370496,0.0138037923069369,0.0053816151695615,0.0037398614169845,0.0047756462363843,0.0173817726276228,-0.0094609150007256,-0.0071007752478301,-0.0089362692102418,-0.0117828650399791,-0.0166129638192117,-0.0217973549932312,-0.1390737550892576,-0.0086850628126154,-0.0129481057500092,-0.0114746902908533,-0.0073152728958986,0.0063911107608651
2024-04-24,0.0151768688952016,-0.0105350404606624,-0.0059041363890441,-0.0118282738343081,-0.0001926240152368,-0.0135242256679943,-0.0036232336216112,-0.0024791083473643,0.0,-0.0123068734910484,-0.0065680886181489,0.0,0.0066734884548649,-0.0325453699119135,-0.000886524822695,-0.0046620897847891,-0.0050166248614594,0.0,-0.0166053964070195,-0.0090166405834972,0.0013958898797983,-0.0090093549824114,-0.0384615384615385,0.0204806606162115,-0.0023489911050669,0.0008776307411677,-0.0120851803043009,-0.0057456502582382,0.0077229679970025,0.0040160642570281,-0.0150635398925716,-0.0044565768113244,0.0059275289025839,-0.01290948377837,-0.0249603757650082,-0.0259353913972387,-0.0073365513212709,0.0209826478244334,0.0076626791883158,-0.0016134190641214,-0.002083360125516,-0.0017959716800498,-0.0043737994216114,0.0072490974729242,-0.0121492272493813,0.001926611421017,-0.0165449566408032,-0.0069447603451151,-0.0160016852749104,-0.0041693544580626,0.0062111801242235,-0.0037644453671027,-0.0043744610252232,-0.0045872290777406,-0.0097758333655967,-0.0152501016673444,0.013333488780594,-0.0127490305077975,-0.0208608608608609,0.0148699561363594,-0.0143302653548413,0.0011034180691027,-0.0030575309798577,-0.0079401711116907,-0.0021101740050832,-0.0008135623034807,0.0049510868098265,0.007318280256789,-0.0033830433581882,0.0034053759535053,-0.0105608063680743,-0.016134251965151,-0.037366709865175,0.0124238815868804,-0.0166146328220443,-0.0070453804052339,0.0063160455197537,0.0091773291779555
2024-04-25,-0.0016579139034766,-0.0490752579137643,0.035705499912142,0.0092472246981605,-0.0130165320564301,-0.0100543877701013,-0.0043628560215763,-0.0016672016899833,-0.0007329122857815,-0.0034245104355805,-0.0066115136255417,-0.0045797039663854,-0.0094640410634577,0.0163742009034464,-0.0066548358473823,-0.0156171654294413,0.0750425045435891,-0.0091712367668829,-0.0108622051687168,0.0048970603149767,-0.0125454967861843,-0.0147025770199573,0.0049999999999998,0.0043971479609754,-0.0127052869125109,0.0166947491489286,-0.0230866012824204,-0.0138151959206221,0.026828040911961,0.0127999999999999,-0.0043681714068332,-0.0124774961916632,-0.0198992178274545,0.0089479024359067,-0.0070835731108988,-0.0104532518914417,-0.0566367912658007,-0.050444845453094,0.0117754652963573,0.0189954818197028,-0.0052192739410028,-0.0054075219572155,-0.0056524006801538,0.0095481133157473,-0.0139955002646903,-0.0051250693936005,-0.0159821324979696,-0.0279733093096762,-0.0024320065766938,-0.0153411065819824,-0.0246913580246913,-0.0318917892650579,0.0226487362922247,0.0240121950438418,-0.0183371454264658,0.0198224241172826,0.010120688927836,0.0068614393849992,-0.0024229164962786,-0.0517216642754662,-0.0157519080318164,-0.0242652688615349,-0.0122676325861127,0.0015778188340322,-0.0042427845638309,-0.006513797808195,-0.0352082142267891,-0.0108994104283105,-0.0087668860408728,0.0186705280781935,-0.0053349074465951,0.0273313914989201,-0.0308222817935971,-0.0210813889002616,0.012892361206968,-0.0043849842806754,0.0115090286819279,0.0573410512267413
2024-04-26,-0.0008351331893449,0.0443057414909215,0.063214685623155,0.016173268503234,0.0091152744452096,0.0360130272522989,0.0062102424971799,0.0158181893618787,0.0160996767387742,0.0031228204907178,0.0199665499939651,0.0460109860516726,0.0066862132704443,0.0354410837964231,0.0187583742742294,-0.0015902201461015,0.0092708730981077,0.0104119681250938,0.0170712227958584,0.0278550728816735,0.0150632443393794,0.0028475237555849,0.0447761194029852,0.0199817587595956,0.0258432755955448,0.05051324979284,0.0389318188871301,0.0135009329749204,0.0326604381986346,0.0134281200631911,0.0175546880636137,0.0123091054425108,0.048873301602071,-0.0034128071328459,0.0219460460669793,0.0220953396369349,0.0515664885540043,0.0457421767529067,0.0269174299098089,0.0047623963064449,0.0178515908384289,0.0170333640644855,0.0167337609170306,0.0260728790934134,-0.0068837574961532,0.0128908082229448,0.0384672070744289,0.0287783345638481,0.0179239776121966,0.0368242863790253,0.0553797468354428,0.0403133998526752,0.0022742059328639,-0.0050632357172343,0.0,-0.0028345818991698,0.0120239035354148,0.0268526890362332,0.0116520972750286,0.0,0.0361091619412468,0.0342893359432261,0.0065992042899152,0.0144270903460348,-0.0037180774554237,0.0368847738448587,0.0266420091868997,-0.0053406608891706,0.0057064182353783,0.0883366797562144,0.0042885776030994,0.0072208553806747,-0.0008407559492621,0.0083571284632846,0.0355573725810847,0.0064987442482904,0.0142239553349334,0.0297648750990695
2024-04-29,0.0074936592114365,0.0023307953561675,-0.0243186315184783,0.0089502992914347,-0.0026907544979939,-0.0071376018804284,0.0,0.0155718705645695,0.0129750924564451,0.0062340097259925,0.0065252303271068,-0.0046899717733178,0.0185071451636391,-0.0243271025588012,-0.0188513809732573,0.007951321487233,0.0369049548819366,0.0998195751646144,0.0023978125219099,-0.0054214416967078,-0.0009105809506465,0.006369126990352,-0.0095238095238094,-0.0078763627150724,0.0076568396378295,-0.0065840309079201,0.0053618101710104,0.0221169790163073,0.003010700683151,-0.0163678877630554,-0.01056642219999,-0.0080000831177466,0.0207902099492756,0.000683309761795,-0.001613676492943,0.0018803958439135,0.0535883636250102,0.0079999220470445,0.0158195222533459,-0.001975315560163,-0.0030927835051546,-0.0092658379188859,-0.0077636104353661,0.0231129072438898,0.0021672917541548,-0.0012694813490036,0.0065852966221968,0.0139866546548379,-0.000801146905043,0.0,0.0314842578710645,-0.0045841188100601,0.0180587963531524,0.0178696599263838,0.0014338345116,0.0062944162436548,-0.0079194474769187,0.0042965867816773,-0.0004811783297541,0.0090872985853696,0.0009907015906136,0.0247737514120995,0.0011556670647776,0.0007300093573925,0.0245573413238899,-0.0047424547971426,0.0255942419734722,-0.0114133822571048,-0.001417641295057,0.0206773822254511,-0.0046270487233806,-0.0022628219606662,0.0012195121951221,0.0184893309754268,0.0042427081743194,-0.0014571020062473,0.0035690379929851,0.0035061714318291
2024-04-30,0.0041385360643857,-0.0288401913451741,-0.0637184351694361,0.0061112746909905,0.000579702564639,-0.0314117986719275,-0.0047174922278064,-0.0024130788875706,-0.0042666995099893,-0.0027871480643295,-0.008095262088309,-0.0159125898316494,-0.0171326975917246,-0.0274139006533373,-0.0491510277033064,0.0105057837364046,-0.0355914538822303,-0.0145192250775851,-0.0191366141622135,-0.0122629734361006,-0.0568388957014549,-0.020404981995604,-0.0336538461538462,0.001276832254285,-0.0365489694839431,-0.0351639091896095,-0.0346138990403184,0.00565275070708,0.0015038455047373,-0.0190174326465926,-0.0170008359761679,-0.0132245485045576,-0.0330013147046371,-0.0095756844311757,-0.0182769000128835,-0.0075074663670986,-0.018617435046414,-0.0237996268620646,-0.0125523613471527,-0.0122637095264832,-0.0103540286235909,-0.0172657671915802,-0.0187725357083978,-0.0225366592716845,-0.00432039302572,-0.0229516584192055,-0.0523377136089335,-0.0620717695423674,-0.012018398953454,-0.0355164195734933,-0.0261627906976743,-0.0418581663148462,-0.0062871585719619,-0.0030850281945018,-0.0545270149342771,-0.0314769975786924,-0.0033276863504356,-0.0058328090434924,-0.032163253723326,-0.036930833169342,-0.0300687776144751,0.0273721291603277,-0.0092432467225952,-0.0187011333417334,-0.0052111721149117,-0.0393181252307401,-0.0090122416912495,-0.0074716566083228,0.0005671656332422,-0.0742677991586288,-0.0146700270699149,-0.022314822189896,-0.0365408038976858,-0.0095460931729792,-0.0097128090617939,-0.0075469461088767,0.004828945929145,-0.049511419156914
2024-05-02,0.0148145334371616,-0.0024742456116347,0.0798979877026271,0.0137361183323627,0.0121340297350158,0.0250183812570792,0.0105725507273077,0.002418915922514,-0.0114325093209407,0.0068316380749962,-0.0081782624155506,0.0230546090216992,0.0140475377278532,0.0056403898558909,0.0366541353383458,0.0634666601510005,0.027665207759226,0.0128539557233569,0.0317179611512024,-0.0034482758620689,0.000509522805538,0.0071846854014829,0.1243781094527363,0.0153324531925107,0.0142879885377695,0.0227238373557716,0.0027545241905699,0.0144257551374102,-0.0188917141868406,0.0096930533117931,0.0141901031050299,0.0019883318179083,0.0029034934095308,0.0055235774182686,0.020263539348966,0.0245838279546144,0.0091456049762961,0.0334604149131059,0.0298962974454943,0.0292374667809889,0.0156870839568605,0.0152993694042806,0.0145997036118004,0.0046500041517896,0.0056403980205397,0.019571585200216,0.0431470570731418,0.0735329533595567,0.0162223114444606,0.0226561622514962,0.0522388059701492,0.0235933876807228,0.0038412513981982,0.0038070397710201,0.0075928068145967,-0.0120833333333333,-0.0030049171371334,0.0023476286908805,0.0230430912613226,0.0056143696726733,-0.0106070103831343,0.0249125960651401,0.0217644587471466,-0.0065552499442464,-0.0076706177920915,0.0119890789009191,-0.0069940731423779,0.0094085245238886,0.0283943705074123,0.0202595293223208,0.0076242156000849,0.0189565127906079,0.0088495575221239,0.0099539494340863,-0.0063940378772642,0.0490077605576206,-0.0176989270722428,0.0377006066764293
2024-05-03,0.0032378207407686,0.0355197659067398,0.0410856976480864,0.0148521693196441,0.001521434581541,0.0298359892985926,0.0184088733835781,0.0094813891290796,-0.0029671468916454,0.0129558318641551,0.0280148866429936,0.0336540247390513,0.0009917231657801,0.0084924718189085,0.0448776065276519,0.0125101954071844,0.0313896629686103,0.0238313085616497,0.0520029858173674,0.0200735025467986,-0.0107179442151783,0.016399788287897,0.0575221238938055,0.0339622920299063,0.0592505395330584,0.0356521167931158,0.0206252014179824,0.0277166555439032,0.046761563871585,0.0207999999999999,0.0376036522873379,0.0466895706734553,0.0600960433803592,0.0185446514705764,0.0552859598451804,0.0534980532690261,0.0157802804468898,0.026824383887164,0.0171445114732182,0.015174597622324,0.0113295737438399,0.0097402114592473,0.0125808328061243,0.0092569633854036,0.0069075323850709,0.0492657090121178,0.0777517876160049,0.0753383683541464,0.0175605245460659,0.0554169608535342,0.0198581560283688,0.0499328859060401,-0.0343669920244162,-0.0330903682125092,0.0587400325637705,-0.0141290594685786,0.0023442019058057,0.0234009360374414,0.0228925590226776,0.0418581698903715,0.0282416438604138,-0.0006760541615963,0.0019033004671353,0.0063536118310509,0.0104838601074646,0.0400317922903696,0.0070433347407208,0.0027123917144209,0.0091099072777811,0.0818084052399379,0.0154978413586652,0.0110082940931413,0.0025062656641603,0.0010955050981698,0.033465091253902,0.0138936948380454,-0.0020596431573627,0.0686946504427965
2024-05-06,0.0064733975076487,-0.0028589089785195,0.0,0.0059041595424353,-0.0167211001289213,0.0105419702189342,0.0056673474535586,-0.0136154022370296,-0.0007260666905701,0.0127901251531494,-0.0368666655595596,-0.0048124722990862,0.0034582455790534,0.0117312434754981,-0.1453362255965293,-0.0085547663890717,0.0,-0.0087669940670743,-0.0191054346683485,-0.0346023920387108,0.0247686445291235,-0.0020985053978223,-0.0083682008368201,0.018856330339471,-0.0100882879545594,-0.0040593038928089,-0.0444765212684379,0.0152471492766044,0.0029183990998671,-0.0047021943573668,-0.0128533715086163,-0.0126537441723958,0.0061446762395016,0.0040468716977293,-0.0010194244684034,-0.0008695874574797,-0.0076037086951079,-0.0135120633424626,-0.0339332119229051,0.0137961989046462,0.0010172812217421,0.0024986991055737,0.006210164374371,-0.0229301449512734,-0.0057088259882958,-0.0274418924810131,0.0069081124001941,0.0,-0.0196118927046072,-0.0406885991645233,-0.0083449235048679,-0.0077245017427229,0.0050003876269479,0.0067692425533545,-0.0611790220820188,0.0094117647058822,-0.0046774389503098,0.0034308730815766,-0.0095264780050434,0.0008915718597632,-0.0200464213408447,0.0,0.0280933341795179,-0.0129987765062155,0.0152927614262581,-0.0412421031179947,-0.0010481581003564,0.0052389256814349,0.0040346362125354,-0.037446968392379,-0.0095841557758611,-0.0165199475557221,0.0049999999999998,0.0029686754827333,-0.0257371134020617,0.0041732007931674,-0.0036131688357414,0.0105031967715638
2024-05-07,0.0120479694537634,0.0071677644323906,0.0,0.0056137859661367,0.0007735709696732,0.0060822264860938,-0.0031716878314796,0.0032514086071451,0.0,-0.0138307895232712,0.0016725003017399,0.0048357441840172,0.0014778845138816,-0.0053504883928197,0.0177664974619289,-0.010551130641765,-0.0043331973898858,0.0033516568370877,-0.0137441393168117,0.0302192605956554,-0.0196373924591488,-0.0133652146145039,-0.0210970464135021,-0.0185073496409335,0.0064863786049296,0.0060978522186312,0.023981494594722,-0.0081103208309879,-0.0200859532720383,0.0015748031496063,0.0076850906123382,0.0096110809305631,0.0101893539561837,0.0020191782957823,-0.0167988464311462,-0.0087674388839112,0.0036658714050898,-0.0059357426299831,-0.0876954289916379,-0.0139885783794178,0.0152688037136941,0.0199593565604876,0.020678360233538,-0.0117620763836504,-0.0759813578052178,-0.0012503833722603,-0.0373527968596664,0.0254789471854246,0.0280008426374551,0.0369285603595226,0.0014025245441795,-0.0139282565945615,0.0241595485549663,0.0122016167379932,0.0409097591196421,-0.0004238186056366,-0.0110733902960025,-0.00645749871088,-0.0028844210951706,-0.0026723330023846,0.015343557644122,-0.0033786918200092,-0.0011070186629353,0.0048899420603503,0.0059199558956724,0.0049198040934896,0.0378152543019574,-0.1227303366800298,-0.0061878379280422,-0.0533951370252907,-0.0010731338874743,0.0164165460501257,-0.003731343283582,0.0062330903005596,-0.0051109218177105,-0.0162190300417736,0.0069915812880056,-0.0036669111274084
2024-05-08,-0.0341294115492389,0.0018959690050284,-0.0052515459432584,0.0048225643357606,0.0036683465364695,0.007767439707448,0.0031817794426203,-0.0064716776037684,0.0021797827393499,-0.0054876184653011,0.0099666058456984,-0.0201003821228782,-0.0059028143775694,-0.0047839121035081,-0.0169576059850373,0.0077606347297078,0.004352055706313,0.0097301839541406,-0.0057997392154731,0.0068212631341091,0.0128394654541814,0.0021392991624367,0.021551724137931,0.0097318385457976,-0.0018404223676381,0.0157614887960499,-0.0041338189418037,0.0448112077764635,-0.0023792202835982,-0.0141509433962265,-0.0097439442083108,-0.0025381054227469,-0.0181473109566254,0.0006691096950881,0.007248379690999,0.0026470398347213,0.0102846200198889,-0.0169952801461633,0.0140232311456989,-0.0141870348280821,0.0110106028026988,0.0062892779812857,0.0063489341548159,0.0142768291303856,0.0146477672164562,0.0577549959843151,-0.0142538570063258,0.0248458998162326,-0.0093362186265347,0.023747253896851,0.0420168067226891,-0.0045707945939006,0.0106374965961171,0.0152521617668706,-0.0189044688792494,-0.0133559465762137,0.0006788630586638,0.003058103975535,-0.0033740481992411,-0.0161048723984257,0.0110817511960608,-0.0081340232577984,0.0070243814012507,0.0003748432473693,-0.002140042278884,0.0004054060008902,-0.0114705460641687,0.0026832365453985,0.0087719887428383,0.0435122504381293,0.0096835533063326,0.0067620177794431,0.0062421972534332,-0.0091360331153727,0.0017123925101443,-0.0562943591941331,0.0048833423765599,-0.0135037473233404
2024-05-09,-0.0098601564351741,-0.0250946190554551,-0.0370486067724603,-0.0373830662688985,-0.0428998459704299,-0.039419773274294,-0.0436916180867116,-0.0260654625024058,-0.0253665347917151,0.0,0.0263153409575103,-0.0404508392112759,0.0034616752013074,-0.0666652567209092,-0.0218163368848299,-0.0115455682691976,-0.0565354812398042,-0.0165578329385107,-0.0350560815333961,-0.0149037045349342,-0.0197768202408573,-0.0128005167470146,-0.0421940928270042,-0.0234936135583625,-0.0170599519490436,-0.0194896242288278,-0.0110641318437134,0.0038971023897527,0.012211376962756,0.0031897926634769,0.0023518687329078,-0.0159086128395296,-0.0424385900136828,-0.0120592465886559,-0.005140956285071,-0.0061687057308434,-0.0019723144139957,-0.0186927649029059,-0.006537910820307,-0.0159462630259252,-0.0158532262598852,-0.031598131688303,-0.0300473064533143,-0.01641720322212,0.0097830710336026,-0.0646880606236554,-0.0088366466911052,0.0121217735372154,0.0,-0.067005342909696,-0.0134408602150538,-0.0217015847867839,0.0176199457671426,0.0096924752212579,-0.0059430780620218,0.0051568543188655,-0.0244147814657349,-0.002666687894033,-0.0101614961138249,-0.0554504879340344,-0.0125559815332895,-0.0201635452799863,-0.0095446158629634,-0.0116021610131964,-0.0085719890153,-0.0411584627243695,-0.0040984673517281,0.0072618521857146,-0.0235603140043544,-0.0270274720299006,0.0131459437015508,-0.063431338894656,-0.0074441687344913,0.0081259635255885,0.008547326173399,-0.0300370713623725,-0.0048596112311015,0.0031067276254561
2024-05-10,-0.0008330540527602,0.0296283793287761,-0.0247193927204306,-0.0062972058468752,-0.0387945437146109,-0.0240811759417768,0.0176870978522507,-0.0008321198252548,-0.0059418852398794,0.0156353268471127,0.0160253748941328,0.0093351084159298,-0.0088760706604841,-0.0279913374789991,-0.0114107883817428,-0.0145947263924205,-0.0460906683957421,-0.0070421355139794,-0.01088757061347,-0.017884477099753,0.0139706231313181,-0.0028805566416379,-0.0088105726872246,-0.0080220297836878,-0.0192318623642874,0.0243418021195798,0.0139965983740852,-0.0175900846305449,-0.0144172286325039,-0.0087440381558028,0.014938171197834,-0.0106668689257628,-0.0020299848034658,-0.0203362085248378,-0.0108529226335225,-0.0150833862461288,-0.011846273428563,0.0090509119965276,-0.0179705174049479,-0.0023703883790189,0.0110785433951015,0.0114741499078718,0.0114651653058492,0.0,-0.0069223820302271,-0.0418792330895285,0.0032419742505263,-0.0778413362533912,-0.0062883194466278,-0.0455782951558393,-0.0435967302452316,0.0089588776687146,-0.0076447904724615,-0.0021600251748336,0.0029789610873207,0.0047028644719966,-0.0083406098009078,-0.0198700604203082,0.025415459830324,-0.0221448021784398,-0.0514618437559752,-0.0059308808914679,0.0129740848747201,-0.0104700854700854,-0.0010815872953063,-0.0161474818656658,-0.0304990309172861,-0.0189757347641547,-0.0054585562272204,-0.0301558560235561,-0.0182335786188146,-0.0247028067758289,-0.005,-0.0034104786038307,0.0122964842372337,-0.0092251980240589,0.0017978474421165,-0.0316337571003516
2024-05-13,0.0016674972208379,0.0080163496374336,-0.0112759446514103,0.001848843072441,-0.0127558138984926,0.0265079131755598,0.0076028399454624,-0.0025088486362691,0.0044807420478376,0.0141839410093336,-0.0236670916282566,0.0164085993682689,0.0014925934752343,0.0049655310220801,-0.0015739769150051,0.0039589961117001,-0.0193157358105812,0.0184959392469148,0.0110074146173886,0.0049005038239877,0.0204068498680691,0.0216705878587089,-0.0177777777777777,-0.0174156975045293,-0.0148242597529719,0.0063286230591446,0.0137880093561491,0.0211627724018566,0.0229861986944632,-0.0056134723336006,-0.0176624799668204,-0.0016343570425455,-0.0093523790043068,0.0013817480719793,0.0088834509446849,0.0117094478140171,0.0109901934229517,-0.0047219384388274,-0.0296372770967305,0.0043583807443927,0.0079721894654087,0.0074425129196762,0.012249134661908,0.0023804126048514,0.0065055857071312,0.0019852971715745,-0.0008078744544525,0.0259680415148377,0.0047460844803037,0.0057869801144281,-0.0028490028490028,0.0008445394227269,0.0002242413404522,0.0009614089233445,0.0104160221108429,-0.0127659574468085,-0.0150724337418521,0.0350856477428656,-0.0066709069328353,-0.0177116180023751,-0.0148952855769681,0.0021078665579943,0.0208531269496285,0.0007662248103594,-0.0027068959825702,-0.0129572387773969,-0.0102499114062524,-0.0193407373847452,0.0109770311964347,-0.0196384638202089,0.0025008945077225,-0.0012270327540772,0.0025125628140703,0.0059114877520156,-0.0104727287854442,0.0064275967153195,0.0028239681602979,-0.1185178977947235
2024-05-14,0.0082853370582269,0.0,0.0626745164003363,0.0079067715517777,-0.0080508393377281,0.0213747016706444,0.006464601459589,0.0058756614032706,-0.0007449919982341,0.0119039625161343,0.0,0.0181958169179805,-0.0089422137614909,-0.0253644440467788,0.024697845507094,0.0157265920240359,0.0098769710622075,0.0299657427850661,0.0242244906627402,0.0041840702346687,0.0315003067467076,-0.0169734471684811,0.009049773755656,-0.011389995836555,0.0014576687758196,-0.015336714089739,0.0048117789921069,0.007287435215016,0.0764520531096806,0.0080645161290322,0.017125224457458,0.0186565861763248,-0.0065270257869136,0.013132561049963,0.0,-0.0017816039637437,0.0019744930727589,-0.0128038269052261,-0.0382471514296184,0.0213007204449586,0.0158060860133808,0.0154809389126597,0.0108916351751608,-0.0023747596969354,-0.0101548100796644,0.004625945085555,-0.0363744505264723,0.0,0.0055109431585576,0.0071880297300821,0.0071428571428571,-0.0008438267777471,-0.0274109053346122,-0.0180198092488025,0.0235772025802238,-0.0105603448275862,0.0167270079488683,0.0195857066431694,-0.0095945870999945,0.0330706855939799,0.0151205098898468,0.0031491393954934,0.0136207674763235,0.0068768227408453,-0.0032570917877593,0.0214436754639508,-0.0100019069783733,-0.0165693772436397,0.0121599717872378,0.0025006451842557,0.0110419183939027,0.0126798043402376,-0.0100250626566416,-0.0006200489820404,0.0156598964765233,-0.0019787274817937,0.0135614807728996,0.0094510021389526
2024-05-15,0.0123353702508823,0.0355671444369756,0.0938331011776625,-0.0015689489891222,0.02648082277457,0.0034863397171671,-0.0128502565952354,-0.0050113091656117,-0.0096829122371024,0.007059829753035,0.0161549536277496,0.0219076251341596,-0.0009983319011271,-0.0054061957042844,-0.0128205128205127,0.0145240681256211,0.014641958361931,0.0002935936262029,0.0260014929086835,-0.0020833183669657,0.0116339179011144,-0.0078563859031257,-0.0358744394618834,0.0217639803868483,0.0058156611643072,0.011192511192511,0.002779582156291,-0.0061048320649698,0.0563836241019182,0.0095999999999998,0.0073640570471003,0.0138158368141336,0.0095026960869213,-0.0211499022084266,0.0279612592437994,0.0214174048983846,-0.0019706021324992,0.0148902509402797,0.0110454501504386,0.0305148553753935,-0.0009717590037671,-0.0051943229050118,-0.0026915507130993,0.0,0.0079250683505085,-0.0197389051179218,0.0276885687006336,0.0189882601695676,-0.0007829627309738,0.0014402925897756,0.0425531914893617,0.0169141182728469,-0.0677843947957365,-0.0604341690885812,0.0071794667251658,0.0237421041167502,0.093805204105992,-0.0003703775149983,-0.0072694692472942,-0.0194009221239116,0.0187229732553535,-0.0205928635902514,-0.0063642059717137,0.0026614313661783,0.0010892450336403,0.0081371223208166,-0.0119034047354165,0.0136383931877863,0.0002881187853447,0.0349749671554877,0.0045818088216367,0.0149428786305196,0.0037974683544304,-0.0029392816878724,-0.0087491915664209,0.0119151060694071,0.0002518531086628,-0.0086405123093947
2024-05-16,0.0056894871025794,-0.003617251830874,-0.0244848344524195,0.0065480747857442,0.0126894656732781,0.0078146830349659,0.0010837565243388,0.0,0.0052698595633546,0.0061354184970421,0.0938071467404735,0.0047978087619682,0.0020049839980771,-0.0010187442097381,0.0051948051948051,-0.0143161395396512,-0.0048478015783539,0.0017610447257112,0.0034490656535035,0.0090417605517201,-0.0124616754030264,0.0160540327826721,-0.0744186046511627,0.0012585930254809,0.008196083012109,0.033190395838816,-0.0027718774950663,0.006597058257691,-0.0076973591027901,0.0063391442155309,-0.0102353312238647,-0.0082400776013871,0.0101338213427883,0.0223025772945686,0.0250386856747768,0.0150885158920464,-0.0026351041379942,-0.0123041025113113,0.0180298265648819,-0.0299881182500132,0.0048635211893413,-0.0027901945957328,-0.0030027352851786,-0.0023804126048514,0.0092520967347935,0.0060442798215336,0.0048986486486486,-0.0124229499081162,-0.00470145745181,0.0270999644484664,0.0027210884353741,-0.001248032742506,-0.0182416866987179,-0.0283861470828111,0.0085737480941727,0.0080851063829787,-0.0108796473117341,0.0218063365740508,0.0268447771909132,-0.0039610683567223,0.0156640258308016,-0.0003547805661808,-0.0056950679759506,0.0065635255508673,0.003808209544408,-0.0165747125380718,-0.0069384491133983,0.0164235252855902,-0.0002880357968207,0.0241354466858789,0.0231486395964728,0.002787554802798,0.005044136191677,0.0072946074238324,0.0046246033071655,0.0141800568340852,-0.0005035793892906,-0.0486534412058072
2024-05-17,0.0,-0.0072555138753164,0.0,-0.0059840568286031,0.0084210086161435,-0.015517416659735,0.0003608610892196,0.0075496094849789,0.0052329881656805,-0.0081282472966482,-0.0014459355654964,-0.0160024468391529,0.0090138426869834,0.0714258826428124,-0.0082687338501291,0.0058119381600536,-0.0145009629545712,0.003226919896931,-0.0045918983874648,-0.0124066292351266,-0.0063039002948866,0.0082756331215023,0.0100502512562812,-0.0056381719679204,-0.0143407933780034,-0.0130054988687613,0.0166925993625088,-0.0151405110313409,0.023014278818455,0.0039370078740157,-0.0124536137580822,-0.0175781183438807,-0.0215023325331762,-0.0075014836795251,-0.0254227761093355,-0.0113712038398231,0.0016522113505816,-0.0023971769890861,0.0040228551219565,0.0119794142381806,-0.0058079782021559,0.0020973013442884,0.000300771438094,-0.0119304624474491,-0.0224542896618493,-0.0173461190882618,-0.0040623073905978,0.0,-0.0015745551881594,-0.0194464985289258,-0.0122116689280867,0.002499184549159,-0.018325575463878,-0.016617530641771,-0.0226558818910005,0.0156184043900378,0.0135845781572929,-0.0018092608470665,-0.0142625284027065,-0.0139033787482828,-0.0047305645314579,-0.0124788381912007,0.0282754714572897,-0.0148017753911066,-0.0027098300738264,0.0043256272393061,-0.0062497746475487,0.0015568677792041,-0.0042849293773954,-0.0282816608880626,-0.0157701733359568,-0.0142860912937533,-0.001254705144291,0.0195641081711495,-0.0087857847976308,-0.0010758824575026,0.0010103179717269,-0.0152692717347889
2024-05-20,-0.0226198797707255,-0.012791269971475,0.0100278882098141,-0.0353398214032252,0.0065192952710921,0.0008730590863859,0.0083092500528658,-0.0024942301522412,-0.0074407225502639,-0.0137559150434687,0.0174668537037874,-0.0174034016151033,-0.002483562817874,-0.0212685768674283,0.0323084940072952,0.0105802479063517,0.0049430969076904,-0.0032165403787834,-0.011532702968828,-0.0083725835813563,0.0141603722346959,0.0052287889121453,0.0149253731343284,0.0107045168921415,-0.0063082418551194,0.0077573512668316,-0.0123176131467117,0.0139971913878635,-0.0171895056748708,-0.003921568627451,-0.0019230869318564,-0.0055294423727344,0.0307694087968801,0.0192303092635557,-0.013809241315668,-0.0132686001880989,0.0178026935482686,-0.0086416190722572,-0.0681447928935463,0.0519301034717925,-0.0048802769497066,-0.0052298850574711,-0.003006810018366,0.0024149034038638,0.0135922129773393,-0.0027163963043383,0.0032631016343638,-0.0125792209397338,-0.0118194872135393,-0.0141681241275292,0.0357142857142855,-0.0240863368696011,0.0033710930395698,0.0016343157734024,0.0188421517817685,-0.012884455527847,-0.0041470140047892,0.0072463768115942,-0.0207306384854273,-0.0231603205363222,-0.0099167082449049,0.0054156545878154,0.004526747374913,-0.0095456599575902,0.0135793387279559,-0.0120512188428782,0.0188672399404956,-0.0077742892708245,0.0157835058830655,-0.0024218083410182,0.0111483895357078,-0.0076481664926417,0.0238693467336683,-0.0004521926877045,0.002107150158036,-0.0191619682694289,0.0052981535934726,-0.0286798320108837
2024-05-21,-0.0066083075866804,-0.0083306529430685,0.0024967688873223,0.0189937593761295,0.0115374228130165,-0.0017445950382217,-0.0007196285894046,0.0,0.0052540378253658,0.0068251134419401,-0.0071603291082944,-0.0095821624360804,0.0054749332095775,-0.0240020624477862,0.0146390711761736,0.0200068205069909,0.0,0.0234634001460942,0.0245080647362243,0.0119619141976701,0.0096286562945131,0.0089058722607813,0.0049019607843137,-0.0062318056144764,0.0078072118133367,-0.0038412870571221,0.0235433935582867,0.0099554250280986,0.0159466003128405,0.0039370078740157,0.0012853973129198,0.0006557811644303,0.0213188737707126,0.0033714281244379,-0.0171161536833428,-0.0125582833148716,-0.0233241413164315,0.0048427486738897,-0.0140509413067552,0.0072559904856361,-0.0009784263039644,-0.0056040210295222,-0.005135143947051,0.0024090856946197,-0.0097101213256248,-0.0394822227535094,-0.0211411748212533,-0.0127394735927123,-0.0023938515812018,-0.0617838541666666,0.0092838196286473,-0.0012772411590963,-0.0074931218643793,-0.0019053227789999,0.0199132492113565,-0.0347368421052631,0.001923658448613,-0.0039558953359505,0.018215492221814,0.0154631436721213,-0.0271281661784031,0.0082584525878539,0.003116215130827,-0.010662492454128,-0.0080358310448542,0.0135023162969378,0.0094409426698163,-0.0372187614965215,0.0098873799271281,-0.001624218129039,0.019631597489341,-0.0012185690132738,0.0171779141104293,-0.0028735272502293,-0.0075792050465265,-0.0065837216408218,-0.0022609291417428,0.1021514263095166
2024-05-22,-0.0041564674826014,-0.0135307536786567,-0.0372117553986346,-0.0348874804986077,0.013403715662029,-0.0306777288145148,-0.014337094557336,-0.0200244858998568,-0.022390398584123,-0.0168011969190418,-0.0864540404945349,-0.0293191931407662,-0.0069295876552295,-0.04619546136948,-0.009452736318408,-0.0242839630001114,-0.0195035460992908,-0.0045843137254902,-0.0227763126348596,-0.0215533687037023,-0.0152622081259911,-0.0198651949417185,-0.0243902439024389,-0.0181649566484625,-0.040676860878354,-0.0108122003961952,-0.0243540374496604,-0.0047029720026736,-0.0205057978231485,-0.011764705882353,-0.0267321473210564,-0.0209224419508556,-0.0675020610057708,-0.0288765884462461,-0.0205819850961946,-0.0199835644313424,-0.0019882479027311,-0.0221792720444283,-0.0285053629139745,-0.0363937067616932,-0.0078350764766338,-0.0151493144317916,-0.0154726596424532,-0.0144197756923781,-0.0191481489094907,-0.0708761511929737,-0.0315659820686889,-0.0516084044149239,-0.0151890207964975,-0.0229685656789953,-0.0394218134034166,-0.0238613549488214,0.0093727069643061,0.0136334449785675,-0.0097622269476126,-0.0357688113413304,-0.040308358029854,-0.0176968453449603,-0.0091861516731192,0.0071069527751963,-0.0175892972212032,0.0014221852752887,-0.0120873833124819,-0.0263723632958005,-0.0081075202193644,-0.0146091529013916,-0.0208611802520433,-0.0168858434549646,-0.0081145349886022,-0.0243509865005191,0.0118250568512348,-0.0056860900140014,-0.0144752714113388,-0.0078832786979319,-0.0199491914911559,0.0178972207403989,-0.0120724080373554,0.0108612428861225
2024-05-23,-0.0008386188814558,-0.0037866540992859,-0.0154599957393711,-0.0027581451473883,0.0059233161639775,0.0045267729052769,-0.020361386427969,-0.0093592512598992,-0.0167931733534485,-0.0041931714428492,0.0110326566637246,-0.0172124077564451,-0.0039820118581046,-0.0268280627215076,-0.0301356102461075,-0.0066932416534363,-0.0050166248614594,0.000575185852004,-0.0198179042634392,-0.0106609180602867,-0.0038760766108209,-0.0165218214223749,0.0249999999999999,-0.0025562602137962,-0.0227166133077755,-0.0171828660531384,0.0041578162425996,-0.0103573493216836,-0.0186109850204266,0.0,-0.0105467056928667,-0.0100154165494701,-0.0141806351227102,-0.0124512306728962,-0.0059247944547626,-0.007413717373654,0.0,0.0004954262453329,0.0170648990288269,0.0041138974533647,-0.0088962550422267,-0.0096600545682471,-0.0089335125306349,-0.007315373896888,-0.0123859123345665,0.0221299476650178,-0.0094353574491997,-0.0340151211324509,-0.0024280560162781,0.0391867897727271,-0.0478796169630642,-0.003053773384968,-0.0085134842605546,-0.0099505894679893,0.0042166910688141,0.0058810223931236,0.0066648984540771,-0.0198548610044539,0.0,0.0080634168335622,-0.0021847336062987,0.0010702107053623,-0.0003506926179204,0.0054654365790738,0.0032695157528193,-0.0261677925432869,0.0044076495338141,0.0368366348740525,-0.0138156350132766,-0.0141468433469923,-0.0090142827773885,-0.0249164621612076,-0.0171358629130967,-0.005959438941508,-0.0277175754381624,-0.0036921449851511,-0.0063625986135951,-0.0143286612267208
2024-05-24,-0.0075249626163717,0.0113976412603413,-0.0078822911192854,0.0016601164364573,0.0001953194360595,0.0026922445986239,0.0051950819322805,0.0008656805745554,0.0069816061530199,-0.0159566239421048,0.0218406970916793,-0.013522210881479,0.0004981649871989,-0.0186197804097864,-0.0056965302951837,0.0,-0.0199917922260655,0.0071896274072063,-0.0059515532441527,0.0050272183716573,-0.0053461626370685,0.0244332715886035,-0.0048780487804876,-0.0051181072773321,0.0113649800034776,-0.0007932804479702,-0.0207180041105961,-0.0040960526085663,-0.0076357869697369,0.015079365079365,0.0381965475469414,0.0168600343818108,-0.0151379273236,-0.0042027395033126,0.0146325279816541,0.0224072733124145,-0.0097573800601364,0.0054214653271258,-0.0073601406550768,0.0052116144550711,-0.0069841504051544,-0.0086721270786794,-0.009639606354751,-0.0024564276523569,0.0139842332544641,-0.0052325146023662,0.0155867423111375,-0.0704257838328233,-0.0105843232032361,-0.0271498624566437,-0.0143678160919539,-0.0021886384060142,-0.0033824957474403,-0.0054334104594016,-0.0028382029898329,-0.0229368113334831,0.0082806695297708,-0.0225056704887784,-0.0082970104097225,-0.00299569369032,-0.0065634947322646,-0.003552715551057,-0.0164376620086144,0.0033194178697746,-0.007060865187815,-0.0210475360635106,-0.0157277575390404,-0.023153159603907,0.0094355755399302,-0.0151865480292574,-0.0208894452219042,-0.0012583873139698,-0.0124533001245329,0.0004618660479358,-0.0008905212038077,0.0,-0.0176791388314172,-0.0094430800918956
2024-05-27,-0.0050546780072903,0.0028172997432884,0.0158586739780657,0.0,0.0001975003994389,-0.0035896448849966,0.0121849879591628,0.0,-0.0030761318832022,0.0051993466307773,-0.0106790279711428,0.0040496635714804,0.0070023509242977,0.0142307085255781,-0.0026041666666667,0.0009659058241822,-0.0101698971045703,-0.0048552988041579,-0.0035811207788937,0.0057198247794945,0.0073309345260113,-0.0044773549164801,0.0343137254901959,0.0038602163534176,0.0025514239146131,-0.0087485795233424,0.009881120166677,0.0045694978118393,0.0124726669347814,-0.0015637216575449,0.000427138950384,0.0092876191015129,0.0015419170764281,0.0063347973028131,-0.0112205503576695,-0.0063873040855138,0.0084175650762665,0.0029398324447829,-0.0139377078517179,-0.0155581656265338,0.0010029841875207,-0.0007310856622084,-0.003455029505528,0.0073874296435272,0.0,0.0007527782221261,-0.0017052804892391,-0.003788066762609,0.0057602189749408,0.0015455407636375,-0.0058309037900874,0.0078973489892264,0.0101819275690238,0.0109261873795929,0.0142703967248269,0.0050632911392405,-0.0049275979080107,-0.0053702249082252,-0.0004912302473732,0.0120292123109024,-0.0101317045237641,-0.0149754217064067,0.0003527155131417,-0.0071369750205875,0.001094011620538,-0.0118922821314132,0.0052035246286668,0.0012245496330662,-0.0065172547808149,0.0068516302312195,-0.0082596844800528,0.0054536832121401,0.0100882723833544,0.0033806073097453,0.0115926303202091,0.0006539695477658,0.000260195557503,-0.0396199555335178
2024-05-28,-0.0186312344291924,-0.0121703853955374,-0.0052139242447477,-0.0093906497261604,0.000392704134043,-0.0027043472381854,-0.0032797459977045,-0.002584117289026,-0.0007737941707506,-0.0136940318433922,-0.0030863703964307,0.0003084890273077,-0.0168865633527777,0.0079112320676328,0.0083550913838119,-0.0173235763765235,-0.0206696482533542,-0.0068863651541281,0.0024006738733679,-0.0135082440018541,-0.015523284927391,-0.0037426679876082,-0.0331753554502368,-0.044202969440201,-0.0132391274523253,0.0020101449502958,-0.0139712686397355,-0.004321451672115,-0.0256876341596868,0.0007830853563037,-0.0100491000067688,-0.0164314148748282,-0.0099888474033845,0.0132793614225221,-0.0021581857316074,-0.011959133028855,-0.0016687185724668,-0.0078216363166926,-0.0138343042432012,0.0109114706222788,0.0,-0.0025506496890611,-0.0053557830971656,-0.0024444185775811,-0.0066550168991387,-0.0104933570280105,0.0076868704718149,-0.0653975159404889,0.0024545266639106,0.0294251744818152,0.0219941348973606,0.0039201368204615,0.0175691859524194,0.0213444418454256,-0.0379802794702751,-0.0116784978245936,-0.0069290476029696,-0.0034732295393741,-0.0083705386012198,-0.0218034493778543,-0.0084562302028055,0.0112190637113607,-0.0131528383587476,-0.0058641211821369,0.0032784482011847,0.0185160163541462,0.0166335660448047,0.0016343246944523,-0.0054165203871808,-0.018718300019054,-0.0111022193575486,0.0,-0.0124843945068663,-0.0215937846997683,-0.0123408819762923,-0.0130613713966385,-0.0031297490450569,-0.0015322607508077
2024-05-29,-0.0060329722841669,0.0047381655667682,-0.0600585786958531,-0.0156164743779376,-0.0158860762301007,-0.0171610641409298,0.0,-0.0103204256640293,-0.0100671140939596,0.0058630611676619,-0.0216714789862045,-0.0096159839897639,-0.0196977220927715,-0.0092782098512758,0.0005178663904712,-0.0107784571141323,0.0,-0.0173412233790068,-0.008389238245963,-0.0028788568104354,-0.0044365321577934,-0.0060060297065648,-0.0294117647058823,0.0053616558934912,-0.0051651025373652,0.0084005955646109,-0.0127384615384614,-0.0034237075065226,-0.0139910740079756,-0.0273865414710484,-0.011016320669868,-0.0173721582305765,-0.010848802468531,-0.0248336815812858,-0.012453850402628,-0.0037139956180195,-0.0602039982467741,0.0088680708629276,-0.0094527456928769,-0.0134007407179062,-0.010019792182088,-0.0051193681925968,-0.0069713532979205,-0.0049008168028004,-0.0090960803109626,0.0121250130657468,-0.0338935164888692,-0.0170825523447424,-0.0122339922850245,-0.0165406105205778,0.0100430416068866,-0.0069387286335013,0.0022870557100052,-0.0013236200503177,-0.0307086771493076,-0.0169138090824837,0.006644957538759,-0.0011604305318573,-0.0193657103803753,-0.0111394486131016,-0.0125682280795009,-0.0082318683883967,0.0068447231399817,0.0008050351288055,-0.0228608622304284,0.0118166140119002,-0.0127277482346788,0.0040737707208746,-0.0091741885599986,-0.0104114655570964,-0.0035079367985499,-0.0154353385092737,-0.0176991150442478,-0.0101733637454269,-0.0236547700184517,-0.0147841400390597,-0.0130774428531402,-0.037489574645538
2024-05-31,0.0034654754512131,-0.0108469352626487,-0.0333256797979467,-0.0144484254321671,-0.0155430606104995,-0.0165443168941222,-0.0073207118993086,-0.0043486256395833,-0.0093775653097686,-0.0092008735639255,-0.0189870304481135,-0.0106468261592584,-0.0108130926094297,0.0158489116331663,-0.0217391304347827,-0.0148548198395159,-0.0210441866205874,0.0029385244581843,-0.016906302081862,-0.015894386476682,-0.0024750929579064,-0.0113382825836674,-0.0252525252525253,-0.0086691622159223,-0.0083014807102378,-0.0202359304331608,-0.0114847597082841,-0.0068744626573269,-0.0114595683973307,0.0,-0.0017470384109129,-0.0061203105114883,0.0133197989651159,-0.0063624198540336,-0.0071238070566901,0.0,-0.0338049879451405,-0.0112329432233135,-0.0283276688563675,-0.0516975101993447,-0.0141946769961264,-0.0095541562094439,-0.0102031147710436,-0.0072115384615384,-0.0183591569883329,-0.0179696375090365,-0.0350926728919186,0.025657942303521,-0.0057839666704356,-0.0091801915715448,-0.0170454545454545,-0.0087364231262225,0.0311618327054843,0.0275495750708214,-0.0165931483695427,-0.0193259486212585,0.001981453891793,-0.0282955856457586,-0.0020269515393659,-0.0245867570419158,-0.0288623138169368,0.0014453074994942,-0.0228985414789356,-0.0111151736745886,-0.0072457365026067,0.0107851135326224,-0.0003652418221954,-0.0117692146291958,-0.0081021660061886,-0.0026255793093138,0.0112663842108937,-0.0182228922735875,-0.0257400257400256,-0.0006321999248093,-0.0155389836664737,-0.0304503258360202,-0.0047703735864916,-0.0373554005459034
2024-06-03,-0.0008583862338804,0.0090599725991071,0.0086186420549014,0.0189698867024448,0.0291481052472541,-0.0009318077069516,0.0011049349527756,0.0017492204561011,0.0063076413126132,-0.0037176308058877,0.0080560244689207,0.030707158641934,-0.0213570561008437,-0.0003532043483379,-0.0142857142857142,0.0221203905856386,0.0107798020550966,0.0087977716592948,0.0282594641189568,-0.000737250133009,0.0019861255754927,-0.029819221471767,0.0103626943005181,-0.0201758474408904,0.0057568049380281,0.0101207189200336,0.0058012138409395,0.0154584127186865,0.0138000952876913,0.0281576830249397,0.025159293355496,0.0140269594878061,0.0193383664394437,0.0348744980749209,-0.0287174682613569,-0.0252098586638774,0.0537722380623177,0.0158055457516841,-0.0053869571033766,0.0191007851185207,0.0075797906051158,0.0095647430112624,0.0141113504340448,0.032480954349495,-0.0024582929483812,-0.0076195757129607,0.0190937023179984,0.0234035616414216,-0.0066399552087341,0.0277782633777949,0.0028901734104047,0.0083710484227716,-0.0110551650272686,-0.0054120759200365,-0.0092016181433272,-0.0105743811583753,-0.0069176289049771,0.004386677497969,0.0060932052498587,-0.0115598094488877,-0.0018711957535753,0.0039626741659208,-0.0003672584969334,-0.0041928566146565,-0.0218821676765601,0.022219232968057,-0.0014735464287578,-0.0326495063576626,-0.0034992543133525,0.000880619806451,-0.0149707670337895,-0.0064724764278436,0.0013210039630118,-0.0210442389430716,-0.0069639809989392,0.0138547014557985,-0.0055930444898723,-0.0099105262210381
2024-06-04,0.0121176400071927,0.0099202873160477,-0.0142304457527333,0.0087447755784686,-0.0011789016640307,0.0018753823473369,0.0029474699121254,0.0023752196264723,0.00934887280689,0.0127408630756467,-0.031999734717225,-0.0089074849511582,-0.0074532744763924,-0.0312178791685701,-0.0016103059581319,0.0078632960120179,0.0,0.007268864433888,0.0095568099256693,-0.0191065846219374,0.0099052638753207,-0.0149663918413297,-0.0051282051282051,0.0048051728169116,0.0062422934648582,-0.0088100884149692,0.0,0.0015897417979804,0.0258665442602883,0.0054773082942096,-0.0113108121802352,0.0047237012519787,-0.0030320825493461,-0.0027463973494071,-0.0113675213675212,-0.0076622554818829,-0.0069875233887936,0.0,-0.0117868976150641,-0.0011731559743199,0.0051200120766867,0.0069894400872667,0.0034969835834854,0.0048618658125034,-0.0029637349574167,-0.0107512379337586,0.0080296986042884,-0.0812274523647572,0.0041744092858588,-0.0285242890189141,-0.0057636887608069,0.0069902762846441,-0.0057138589087649,-0.0111470432946144,-0.0402369367463507,-0.0068010687393733,0.0006637702148202,0.0,0.0015101017861589,-0.0106227754073353,0.0044537758211988,-0.0236904145822551,0.0150223089452135,0.0152231867699368,0.0304076047011387,-0.0121723110471947,-0.0173427372010358,-0.0044568968799483,0.0052690294344803,0.0026301749393937,-0.0084844863012435,-0.0017382009379542,-0.0131926121372031,-0.0101824077207351,-0.0205682240386401,0.0257402489297604,0.0123176606568855,-0.0141827207185912
2024-06-05,-0.0102650150520654,0.0028080751132988,-0.0086683502832571,0.0095094946618279,0.003543106308778,0.0027927927927926,0.0022009436229557,-0.0069681133075817,-0.0054517881481196,0.0058306795280074,-0.0082558278951064,0.0068176827089798,-0.0160864069860967,-0.0333216673727643,0.0037634408602149,0.0048791280450881,-0.0372333790694773,-0.0121221457264399,-0.0023665854738706,-0.0052418948364234,-0.0053933367826691,-0.0024034421325085,-0.0154639175257732,0.0095643871009156,0.0191328928404825,0.0315450915774129,-0.0346221964484428,-0.0063523625137354,-0.0286634297570187,-0.0233463035019454,0.0079868593955323,0.0093994048833938,0.0007573207674185,-0.0062124232453505,-0.0080524645234594,-0.0164132137460665,0.0109107825583849,0.001455252252116,0.0145068500881366,-0.0250212710861201,0.0050814152867997,-0.0051154230003458,-0.0019027420865169,-0.0722905282331511,-0.0202851683080992,0.0007790740704674,-0.0221270448441441,0.0463503547029773,-0.0024994957157767,0.0015407511161691,0.0,-0.0095461051986538,-0.0017496744791666,0.0013114775980938,-0.0032181273144067,-0.0183418928833455,-0.0046433094132545,-0.0091332155389094,-0.0030209402478122,-0.0182671359141946,0.0042020773041975,-0.0139710398559564,0.0018017365845026,0.0447287383057939,-0.0239465228290183,-0.0079214798180675,0.0108888243261491,-0.0055431948509477,-0.0113569623710989,0.0,-0.0017821067552634,0.0013071264922221,-0.0254010695187166,-0.0142061641811512,-0.0028628499285769,0.0079944352933789,-0.0068756302661076,-0.0101537354864292
2024-06-06,0.0216105709299425,0.015866065540095,0.032050399339025,0.0121887509550522,0.0035328161337853,0.0316633226524523,0.0131934890804523,0.0149165913028319,0.0211256731455924,0.0051888956867542,0.0199996545828224,0.0249309012302674,0.0109018966689793,0.0102286585365853,-0.0412426352437066,0.013592908047975,0.0496858197836367,0.0005837571570226,0.0035652354858848,0.0172662431305297,-0.0226855071726237,0.0168393564147923,0.0157068062827225,-0.0020266887085622,0.02333731853117,0.0337290921099113,0.0014936519790889,0.0047956074202017,0.0084699985467466,0.0207171314741034,0.0044975869468293,-0.0049876196354711,0.031939556281606,0.0062512587102749,0.0017430929940112,-0.0009865685735627,0.01183713402915,0.0116552695092517,0.0142994106810379,0.0092247859802225,0.0060768320777038,0.0161561068067366,0.0126977055023389,0.0285617867222973,0.0136367425189631,0.0380086799135899,0.0226277296324424,0.0418431776454255,0.0058467706483322,0.0138978724892051,0.0594202898550724,0.0245302991488107,-0.0002508395285472,0.0047124693806135,0.029122993233382,0.0007473841554559,0.0033321216527322,0.007216529368428,0.0353528653226704,0.0251735518379423,0.015805998490574,0.0294558098854449,-0.0010799006009707,-0.0088428039320022,0.0017121619176212,0.0173026476695616,0.0211747085492228,0.0366636880860544,0.0014713297920105,0.0210142086297353,0.0342857355835171,-0.0039114433804119,0.0041152263374486,0.0139132172624996,0.0071806455447898,0.0035270325962983,0.0071917693263066,0.0042764506391383
2024-06-07,-0.0220026942074538,-0.0192900208066155,-0.0254177924547183,-0.0221678134445595,-0.012710515142938,-0.0297820050120463,-0.016999613833882,-0.0077834796985377,-0.0076554481272504,-0.007893425442317,-0.0032679185221559,-0.0186197498943865,-0.0145557835795538,-0.0153724857026452,-0.0150837988826815,-0.0249119678053688,-0.0525796099728462,-0.0265694305694305,-0.0236515440546294,-0.025287356321839,-0.0050450992530707,-0.0189298229626623,-0.0206185567010309,-0.014916458276922,-0.0297481157078863,-0.0045466026774437,-0.0104561813053204,-0.0120436043464589,0.0403683643838299,-0.0085870413739267,-0.0162018771543669,-0.0143783066896737,-0.0066348504248631,-0.0055239330403246,-0.0179412605491132,-0.0176770170562758,-0.0120426211714708,-0.0215956421037982,-0.0087716185394399,-0.0063583815028902,-0.0241481316450682,-0.0133692492385233,-0.0141036921723238,-0.0227279506069735,-0.0034866700656218,-0.0156929653517322,-0.0265524538129729,-0.0755972388181591,-0.011616828230029,-0.0273974964653953,-0.0601915184678522,-0.0218057953784168,-0.033799698289786,-0.0375196122984452,-0.0094329487096843,-0.0062235499128703,-0.0066421109836362,0.0075596376028592,-0.034145716409113,-0.0021424923958173,-0.0217391304347824,-0.0119524719319986,-0.0191136045782629,-0.0397061420548864,-0.0176551513298686,-0.0143920501953981,0.0276448739649026,0.0062040100206872,-0.0091184991033245,-0.0300176466823323,-0.0158845129602202,-0.0331602058186319,-0.0191256830601094,-0.0130691293752983,-0.0114083027420059,-0.0120767871639367,0.0010581481574056,-0.031486858828659
2024-06-10,-0.0086437497504692,-0.0103040760515692,-0.0116028339665263,0.006997067235845,-0.0413930424031749,-0.0241939505150937,0.0011024985743552,0.0008764241893075,-0.0069525795975123,-0.0021395541445234,-0.024598240070669,-0.0330458142508051,0.0032823964252222,0.0022834461646916,0.0198525241066365,-0.0029429351968014,-0.0056018759770714,-0.0146961629878367,-0.0060455040987668,0.0015723270440251,-0.0010118102681296,-0.0072282645409713,-0.0157894736842104,-0.0227094500092972,-0.0117521588055182,-0.0224935444870665,-0.0346816074441768,0.0,0.0164072810903341,-0.0188976377952754,-0.0065009418978317,-0.0101751073396055,-0.0140848371220998,-0.0020769435119666,-0.0070747403924645,-0.0030015797788309,0.0031334259176876,-0.020106373791611,0.0015817326155869,-0.0035991808434664,-0.0082443367748153,-0.0062246401222804,-0.0079508105278515,-0.010346406226156,-0.0020024976206587,-0.0311339263605021,-0.0481784169052944,-0.0187384337831176,-0.015113996144118,-0.0407027247425056,-0.0101892285298399,-0.0144207581749784,0.0183982965021163,0.0151572591484641,-0.0206507592190889,0.0220440881763526,-0.0040119141693513,-0.0086908459447531,-0.0100985443874275,-0.021393051430097,-0.0208194816076109,-0.0102640464755352,-0.0165442984037497,0.0114458894839051,-0.0011528967414752,-0.0292044117506385,0.0619452641323845,0.0213773734263005,-0.0047473861532251,-0.0194464868125858,0.001402442373533,0.0157957654543907,-0.0181058495821726,0.0109258374517344,0.0240410734007938,-0.0139983855453135,-0.0010570296634151,-0.0175771334425318
2024-06-11,-0.0052455649302268,0.0052029364518055,0.0146824572338806,0.0066699863717372,0.0239652332387061,0.0057232209469886,0.0110255025401271,0.0043458519815788,0.0054475529170301,0.0049030909454204,0.0521090947089764,0.0199360680155979,0.0016358287740907,0.0345750272357181,0.017797552836485,0.0088666243326513,0.0167692912354251,0.0051745472271176,0.0133895504529655,0.0070643642072212,-0.0126953636601763,-0.0048652694610777,0.0320855614973261,0.0098524205022996,0.0098240581506263,0.0089632004886242,0.0234369696558278,0.0025321559044146,-0.0056362219828085,0.0264847512038521,-0.0021802750173943,0.0023972577709887,-0.002258194870332,0.0062518654759888,0.0237398747044466,0.0150530819204564,0.0076394164581028,0.0105083076285026,0.0318706457315169,0.0012056427879778,0.0145539185594434,0.0103162677271324,0.011219480547566,0.0052427064701165,0.0190398491805809,0.0164554846700546,0.0200601695287452,0.0798631513106769,0.0034122031158803,0.0146914789422136,0.0073529411764705,0.0075360900415952,-0.0007649646203862,0.0042674398077104,0.0129795339771419,0.0428921568627451,0.0097345132743362,-0.001194181382421,0.0204031306958294,-0.0010913307414226,-0.0074057308156241,0.0033353393400519,0.0175725105610038,0.0066618181818181,0.0191474295425577,0.0200520268805548,0.0340024118792317,-0.0154962713822215,0.007753049462847,0.0144198879094046,0.0196213223732804,0.0097742324642391,0.0113475177304964,-0.001473960673722,0.0140848354825922,0.0232124911145428,-0.0002666200081653,0.0277295684561533
2024-06-12,-0.0113966457829374,-0.0131827255571431,-0.0404750528974132,-0.0173943322789341,-0.009280048921625,-0.0142164683406669,-0.0189892700190726,-0.0199345561009214,-0.0185625029808746,-0.009456255735699,-0.0175798708823042,-0.0167568614195089,-0.0114321004597544,-0.0326842785885831,-0.0224043715846994,-0.0263660947407684,-0.0714469784821543,-0.0109009669945246,-0.0072107275385133,-0.0405300077942322,-0.0071928024809272,-0.0309155868576703,-0.0155440414507772,-0.0006962932623386,-0.0296956659634026,-0.0069464412730603,-0.03817262250228,-0.0027550541662697,0.0298871796463082,-0.0320562939796714,-0.0225130876118135,-0.0075209076127771,-0.0331872111307001,-0.0131235068704004,0.0069599213118018,0.0009791956404507,-0.0110258942034643,-0.0203055581206842,-0.027217589560135,-0.0120229460010429,-0.009227278457078,-0.0029145466928409,-0.0015868331344445,-0.0130077310099397,0.0083575404488729,-0.0154154134792994,-0.0093646060945287,-0.0795822545965159,-0.0093516488433487,0.0080316165221825,0.0102189781021897,-0.0008791102044779,-0.0189250398724083,-0.0219496776679861,-0.0015961866445096,0.0032902467685076,-0.0166180603826043,-0.0131641983794704,-0.019995166696437,0.0207920792079205,-0.0127556979343944,-0.0018458679169569,-0.0213099585673812,-0.0322722806611952,-0.0034115227481171,-0.0147409704311202,0.0006428609066797,0.0016348397727616,-0.0109484365077436,0.0080077329113081,-0.0034356127440432,-0.0395962354318037,-0.0112201963534361,-0.0137759802923177,-0.0314864212293328,-0.0191596397087006,0.0071450994118906,-0.0121814697455552
2024-06-13,-0.0159713335039672,-0.0114520060355166,-0.015044814340589,-0.0002815138157044,0.0,-0.0307706580900543,0.006781276190233,-0.0026468391688266,0.0007872561692698,0.0012314367663011,-0.0032520051223293,0.0059978972313545,0.0044077632163483,-0.0174634459366549,0.0268306316377864,0.0170477672692446,-0.0176923610629293,-0.0036750994204488,0.004842066514703,0.0121852152721364,0.0134624749100322,-0.0008378976706443,0.0157894736842105,0.0048856463644559,0.0015774775991075,-0.0070102715718248,-0.0174646138992811,0.0032225201451725,-0.0132595492104781,0.0040387722132471,-0.0038009355311235,0.0006905696832562,0.0101402134003598,-0.0027944533350663,-0.0023059993075821,-0.0029630679804351,-0.0031383870006539,-0.0116304643807207,0.0018872871946107,0.0105473286179065,-0.0103437746507544,-0.0069510712886601,-0.0104743218465651,0.0,-0.0029236942620487,-0.0140950210688641,-0.0245781404496213,-0.020090200902009,-0.0111472448057814,-0.0494317873854992,-0.0447976878612715,-0.0110106995804754,-0.0130605689166912,-0.0100476980506013,-0.022448040997788,-0.0194424923869758,0.0023663820093502,0.0088946113092851,-0.0107162002787605,-0.0107138477318081,-0.0204778926079595,-0.0014811178631277,-0.0082577903090186,0.0179023359636876,0.0034232010764607,-0.0113387911172117,-0.0019308543503904,-0.004691954557591,-0.002094633947806,-0.0105858904933813,0.0203464730141136,-0.0054988575780654,0.0156028368794327,0.0114744715626247,-0.0133791572436799,-0.011229917790554,0.0091934936655091,-0.0044082902748697
2024-06-14,0.0135254642875721,0.004830674784884,-0.0030693677102515,0.0030908982488222,0.0236258737634877,0.0287695563851397,-0.0024804249259463,0.0088645648654899,0.0102359910653588,-0.0015383666324807,0.00490237511622,0.0006270694952255,-0.0126123884753869,0.0007736207003794,0.0021774632553075,-0.0128187018857264,0.0060036728351462,0.0058379178653746,0.0036210953461175,0.0168539325842695,0.0020449897750511,0.0109194590586489,0.0414507772020724,0.0055552836376095,0.0031641752924733,-0.0097915835354062,0.0129320933497105,0.0126124347252731,-0.0534989999949109,0.0056315366049879,0.0184048409049912,0.0251296677642083,0.0270293346343843,-0.0035110014092882,-0.0190421306365758,-0.0108779114410033,0.004545772160154,0.0005139263442881,0.0018805009499438,0.0136472420604769,0.0,-0.0003692052477721,-0.0009654390149923,-0.013148079074972,-0.0044010911262597,0.0158806065315719,0.0058147954239118,0.0196166196360807,0.0052070962673342,0.0117461463896755,0.0363086232980331,0.0004423821788797,-0.0105353319057815,-0.0219962082726692,0.0049287570570839,0.0035833731485905,-0.0010117694851855,0.0296453437771975,0.0195999804921398,0.0108298773891093,0.005972733050177,0.0029666296544299,-0.0030286030041379,0.0071142012658877,0.0039882160028903,-0.0032130585044402,-0.0077489113535798,0.004099664022257,0.0,0.0106991505292561,0.0337941736615645,0.0018430874011448,0.0027932960893854,-0.0034534590008691,0.0038744532749357,0.0197606979478515,0.0091097432982025,-0.0070806362926021
2024-06-17,0.0,-0.0081682162908064,-0.0398797450014488,-0.0154101728277633,0.0017887558134563,0.0183194111322471,0.0,0.0035146699266503,0.0109109436283934,-0.0021547146933778,-0.0097400958869543,-0.0072117536663891,-0.0099948206111678,-0.0142873235935065,-0.0510592069527431,0.0059977344541823,-0.0299796391209716,-0.0116080687786438,-0.0144040432402077,-0.0149960536700868,0.0112157183790422,-0.0099719702063377,0.0049751243781095,-0.0172633389309386,-0.0178572691461751,-0.0110818350898946,-0.0111732811336118,-0.0072461749528179,0.0093770246765223,-0.0143999999999999,-0.0224815896257809,-0.0177997873048951,-0.0240614719540148,-0.0154913918545525,-0.0064684850858465,-0.0090136714538319,-0.0013911806873205,-0.0127833086210548,-0.0175377490534517,0.0007916951645694,0.0073150350324613,0.0221099018967967,0.0244063095857167,-0.0026772496771552,-0.0009835445432192,-0.0289306449082065,-0.0231247162016989,-0.0393373160536713,-0.0129412192373404,-0.0315229847269448,-0.0116788321167883,-0.0138011339628759,0.0005460259961644,0.0037484872176585,-0.0473069377563759,-0.0069031183051654,-0.0084361153204305,-0.024512652543716,-0.025292573262896,-0.0332229617489994,-0.0252326884376143,0.0144005273432548,-0.0098707452772313,-0.0090666122912675,-0.0017024457085911,-0.0082823871182765,0.0133394778354809,-0.0093939602868173,-0.0036003473772664,-0.022046104091456,-0.0055574129543329,-0.0082760870008358,-0.0111420612813371,-0.0039590939157956,-0.0255781758469624,-0.0133658234102954,0.0,-0.0392114953025871
2024-06-18,0.0008828209208027,-0.0029059819470078,-0.0159580488172935,-0.0031296017388912,-0.0031758295563272,0.0047411167512689,-0.0139876136334754,-0.0073092736409319,-0.0155003375840394,0.0018497807738893,0.0311385179900112,0.0085265984449727,0.0033652418590839,-0.0050915654199162,0.0068689181453922,0.0039706997913901,0.0123769542559353,-0.0015442022608813,-0.0036607600706513,0.0008012820512819,-0.0105882216876387,0.0906781679146933,-0.0544554455445545,0.0014033465688176,0.0053501735386034,0.0039965519943578,-0.0209698328720087,0.0004559723610599,-0.0233552885652572,0.0,0.0,-0.0010244183418275,-0.0092485549132946,0.002864710913303,0.0053280095624419,0.00808019264804,0.004179356301734,0.0025908403334298,-0.0149818143620582,-0.0130596578276031,0.0072619138780407,-0.0018067607502263,-0.0006260787167077,0.0080217281455281,0.004917154866036,-0.0048274051182614,0.0295901592880223,-0.0036457919415083,-0.0008746731484551,-0.0051209434950441,0.0,0.0049669946444139,0.0335589452807836,0.031312797203046,0.017105817381944,-0.0112655800575263,-0.0044261140730308,-0.0227374034035284,0.0119357248403755,0.0011070493674827,-0.0063460968864829,0.00436963168462,0.0057515960037943,-0.0297342583338232,-0.0045475972603499,0.0023223851848881,-0.0093123159050996,-0.0043282699100415,0.0018066783583221,-0.0180344731453621,-0.0223538815683396,-0.0046350537501798,0.0183098591549297,0.004636975915935,0.0128726328931749,0.0006775899402444,0.0023212036673394,-0.0139140282932058
2024-06-19,-0.0044409800925119,0.000973359214561,0.0097377702806318,0.0005720284802885,-0.0055810411334221,-0.0060929400709327,0.0072863501228712,0.0054675344597112,0.0048392237923673,0.0037004561835858,0.0286166164187218,0.0097062943547185,0.0061512661884697,0.0153528663833226,0.0090960773166572,0.008901691793679,0.0,0.0043304534264394,0.0,0.0224179343474779,0.0050965241938782,-0.0184780850719715,-0.0104712041884816,0.0014013799470773,0.0026572695302147,0.0111614111770215,0.0098953207479646,0.0031903518151699,0.0111401394085499,0.0048701298701299,-0.001803760717551,-0.0092401677243715,0.0101087023275809,0.0085530237795588,0.0147229951935239,0.0150235282266768,0.0204745407390565,0.0118827878807334,0.002912634301101,0.0180464322132372,0.0103011796307794,0.0043341565255337,0.0078435854455563,0.0079578920985023,0.0034235514501645,0.021848995331845,0.0134118812971426,0.0118747320458239,0.0174903471345504,0.0154809023377333,0.0132939438700148,0.0116794400214157,-0.0063361032321209,0.0008345777278104,0.0101000805245599,0.0014545454545455,0.0020519038403246,0.011023628760332,0.0020529344569693,0.0376556506514,0.0219665735037615,0.0010866184185969,0.0011428911321844,0.0001363367821489,0.0085656982088637,-0.0060202074794697,0.029167078631054,0.0089016947079152,0.0021028160828446,-0.008262601936425,-0.0104218936966842,0.0093132750307172,0.0152143845089902,0.0031335981389508,0.0014694630994742,-0.0004514207486714,0.0244472547843332,0.0432642513613013
2024-06-20,0.0071393250092719,0.0014558086201856,-0.0192877211633379,-0.0159773740743481,-0.0012008691573751,-0.0133788784514659,0.0045679433592082,0.0027134528414971,-0.0024031529366529,0.004298716542554,0.0170094176436672,-0.0130239422761561,0.0127735564970761,-0.0112430121285651,0.0112676056338028,0.0049030506570555,-0.0122256380925145,0.0021601096930703,-0.0171129569531216,-0.0070477682067344,0.0086236472852665,0.0196086508753863,0.0105820105820106,0.0056141390693043,-0.013794039489099,-0.0145735237360092,-0.003260214748928,-0.0009086302399132,-0.0231109265137805,-0.0064620355411955,-0.0042906414508968,-0.005182530415597,-0.0084632408375691,0.0014202563029004,0.0098661248504188,0.0108598568086766,-0.0210833591383881,-0.0045947232062601,0.0106497511181407,0.0035453063126018,-0.0010158523126317,-0.000715950387107,-0.0068501493088951,0.0,0.0024355177889361,-0.0095041363351972,0.0066171916595134,-0.0369994482106257,0.0249422632794458,0.0118656759403259,-0.042274052478134,-0.0137643450053411,0.0201922671911298,0.0158644287392879,0.0616800291545189,-0.008714596949891,0.0064805119255382,0.000805319323869,0.0030704042071527,0.0875091583224172,-0.0094982037449896,-0.00108543896063,-0.0072357057677699,-0.0008254824149525,0.0016985900321764,0.0027942242629288,0.0352643280632409,-0.0119020554159007,0.0038980393810941,-0.0166727540151822,0.0020354104685342,-0.0064601597904924,0.0367847411444142,0.009037081386217,0.0029285506402794,0.0078985219111575,0.0243650243069935,-0.0108122984980735
2024-06-21,0.0,0.0092048471377976,0.0163763066202091,0.0057995878430796,-0.00521531610623,0.0067801500288515,0.0083343593836904,0.0063251244375857,-0.0008094045095393,0.0058092749135889,-0.0197644020284103,0.0204200990931415,-0.0142581541844433,0.0043124025961214,0.0,0.025362150076855,0.0741169658367111,0.0036920563954248,0.0198981818181818,0.0165615141955837,0.0382065355256786,-0.026924164680215,-0.0052356020942407,-0.0104534180303043,0.0209768428982231,0.0103868026507496,0.0261848046361148,0.0036413243087254,0.041815752274936,0.0105691056910568,0.0206423918988349,0.0163209691871357,0.0015452159623263,0.0035251102621698,0.0195394708419993,0.0097754589697198,0.009030834455276,0.011282209273296,0.0098964001433499,0.0388513121428339,-0.002623815203063,0.0203673233423757,0.0069819762672012,0.0131791620042271,0.0014609711979964,0.001594208710997,0.0,0.0149898192012933,0.0092251411605652,-0.0050283675831579,0.009132420091324,-0.0004521312273624,-0.002343861654995,0.0060275496670769,-0.0172702308418432,0.0092796092796092,0.00847715599123,0.040743330917915,0.0229548622279402,-0.0039299749910682,0.0522352159119734,-0.001812413163843,0.0280038643708429,0.0387160344108841,-0.0135587846035072,0.0171855466690766,-0.0019818780780421,0.0145390879050566,0.003284187233685,0.0,0.0115294375771903,0.0027903193422671,-0.0091984231274638,-0.0092817168671797,0.0189890636052014,-0.0038038554827145,0.0073568415794162,-0.0118546047140187
2024-06-24,0.00354947269361,0.0225630815263031,0.0258256199291508,0.0086475209307383,0.0123005213012921,0.0115448385974248,0.0075159793510573,0.0080781027258196,0.0032209535565499,0.0221885262764878,-0.0031007502851726,0.012316249503377,0.0044543586074343,0.0121077360654966,0.0022284122562674,0.008154087264633,0.0229784366576819,0.0018371404363837,0.0073162383410823,0.0240496508921643,0.0387441067531473,0.004749923187431,0.036842105263158,0.0028126137454089,0.0279242016842493,0.0217849722454801,0.0829248012195333,0.0079323588660491,-0.0102980225464681,0.0056315366049879,0.0046685340802987,0.0163976829757004,0.030244404172993,0.0105545207986146,0.0061986597819572,0.0057918275507653,0.0099363826826321,0.0314363001286865,0.0107500626707166,-0.0007552060058986,0.0206681267779371,0.0053412750296601,0.0144298811088667,0.0311694686464598,-0.0014588398749566,0.017558436358176,0.019710282593208,0.1228048952599849,-0.0066454781854955,0.0303036082081014,0.0542986425339366,0.0382894749922955,0.019055986909753,0.0092585724400686,0.0399283952234374,0.0181466247278005,0.021175220941384,0.0147266581658469,0.0104757313098069,0.0443431030948966,0.0115100179272547,0.0167028145488994,0.0242511944711267,0.0411476689798093,-0.0011460116697529,-0.0015893229089545,0.0240954253227776,0.0159657531139914,0.00714362988529,0.0273053988395206,0.012405584962164,0.0222296378057857,0.0198938992042441,0.0011492084850865,0.0052565380416724,0.0161828911150549,-0.0051124352318362,0.0249087416912201
2024-06-25,0.0053002813226239,-0.0009409128486271,-0.009468642085329,-0.0045747164383238,0.0145411703220459,-0.0180707044134609,0.0029839643261631,-0.0053458176208434,-0.0080361434201673,-0.0059485206968267,-0.0031103948428686,-0.0045615976529325,-0.006648416112632,-0.0065597950549237,0.0011117287381881,0.0,-0.005599104143337,-0.0018337715405356,-0.0096841330294064,-0.0015151515151514,0.005591908305534,-0.0110169841728997,-0.0253807106598985,-0.004215336896984,0.0025674826936483,0.0170412297606943,0.0117893591835427,-0.0076451753445688,0.0072027590047876,0.0087999999999999,-0.0130542535423737,-0.0181511231545102,0.0067626993748366,0.0048826230356333,-0.0005594960925514,0.0,0.0051294087362727,-0.0039313540764883,-0.0071957044800828,-0.0075622397824793,0.0020224940805049,-0.002480636584332,0.0030924890189729,0.0050279662025465,0.0034089327953248,-0.0070536847386595,0.0221027226150654,-0.0296013646974322,-0.0033493750771237,-0.0098102730217491,-0.0014306151645206,-0.0095461051986538,-0.0035862336112559,-0.0008084560493891,-0.0337979679234193,-0.0014258555133078,0.0023048457886052,0.007260454855529,0.0039466655602864,0.026406429391504,0.0011861161407671,-0.0050020842017506,-0.0040070641252054,-0.004107035225186,-0.0028683162983329,0.0055072177180146,-0.0060345274845003,0.0014116156408714,0.0005890587534129,-0.0128305353059589,0.0023187103685402,-0.0163121814027069,-0.0195058517555266,-0.0041040442219018,-0.0289958568916063,0.003098432981953,0.0171273088850805,-0.0288069073783359
2024-06-26,0.0061544389017318,-0.0131579663674321,-0.0158569500674763,-0.0051676700813222,-0.0092280295847609,-0.0096962327920205,-0.0066918618459705,-0.0017879261134148,0.0024323119561215,-0.0143566323967214,-0.0077921658017685,-0.0088612258352238,0.0150520247469065,0.0135930296163162,-0.0088839533592448,-0.0171112512954534,0.0,-0.0033722851845948,0.0048894162723205,0.0159332321699545,-0.0210630402653877,-0.0023900653507379,-0.0104166666666666,0.0,-0.024542031240319,0.0167706126346571,-0.0320311141325829,0.0038502949569847,0.0071539087298422,0.0134813639968278,0.0,-0.0037637764805952,-0.0254052203477872,-0.0020835344466969,0.0207430415101608,0.0115445694952702,-0.0108881507091798,0.0138191597051096,0.0236317802672687,-0.0099044700793078,-0.0050583370255501,-0.0078032574736953,-0.0018489475856376,-0.0200408513661525,0.0101760542722895,-0.0307137478698528,-0.0027030945772401,-0.0271180481666866,-0.0184746272352618,0.0297037106271613,-0.0343839541547278,0.0074485105395698,0.0051416299593998,0.0016182203588168,-0.0079303002650675,0.0237981913374583,0.0039383452976904,0.0015168737351134,0.0127852796231053,-0.0137861144572554,0.0040247339188486,-0.0129212975512784,-0.0084091501989174,-0.0175233644859813,-0.0005753134405849,-0.0082204981464547,0.0094085100691285,0.0223332278944563,0.0032483048558349,-0.0157788974569643,-0.0003309705712001,-0.0087508360264875,0.03315649867374,0.0123648207198507,0.0176265005318341,0.0182981519585976,0.0091419131076189,-0.012971793421159
2024-06-27,0.000876706807074,0.0114302106203867,0.0677255932655316,0.0291498278700792,0.0267541589068849,0.0176157824091898,-0.0003775373657121,0.0017911285188663,0.004040794625163,-0.0051621100362526,0.0566028513238288,-0.0077046978115137,0.0032968326857412,0.0524903727174956,0.0330532212885152,-0.0290075985925984,0.0621356650768414,0.0187576280459578,0.0219095448789996,0.0283793876026885,0.0014445530574562,0.0287076129205201,0.0578947368421052,0.0084663623636227,0.0220119128274616,0.0048718927009656,0.0375990200081666,0.0022561923803177,0.0052606711381051,0.029733959311424,0.0233149732240824,0.0628847619606003,0.0107322391133184,0.0361147611024676,0.0027421656621888,0.010457195123616,0.0086015527725635,0.0219111350926117,-0.0049253121107529,0.0134670174129125,-0.0010143367845522,0.004647722129484,0.001852372525346,0.0178830352827452,0.0244763921080002,0.0387705454248097,0.0298146321200478,0.0635841448569689,0.0188223633824391,0.0112192288141745,0.032640949554896,0.011581937167751,0.020205548884141,0.0167168483667026,0.0528678741157662,0.0037192003719199,0.0117761235098574,0.0049194071402582,0.0237838995802242,0.0372833378572259,0.0201874313619159,0.0127284378016709,0.0114319774731261,-0.0280646963597552,0.0097789384270863,0.0220997213987566,-0.0102225166847115,0.1218272846768984,0.0055953663049181,0.0396170054411779,0.0208201131190508,0.0250936117391955,0.0269576379974325,0.0026065095311942,0.0264536359563984,-0.0048561981291154,-0.0059601289650751,0.0366223132036849
2024-06-28,-0.0043696260647188,-0.0056505186914356,-0.0483393385894188,0.005328344345906,-0.0088792074194203,-0.0153885480572596,0.0003776799540069,0.0017879261134148,-0.0032157746261902,0.0045770877944324,-0.0059522891640579,-0.0397656514410201,0.0136962659726489,0.0003625895486309,-0.0314533622559654,-0.0149429900144002,-0.0585006860421603,-0.0120751692713174,-0.0131005582703365,-0.0167029774872912,0.0057753001529234,0.0007817398597753,-0.0248756218905471,0.0006982379759312,-0.0333321824396645,-0.0085866993779024,-0.0434775764635508,-0.0024762247788714,-0.054161568314419,-0.0349544072948329,-0.0006588142410565,-0.0077570960190583,-0.0182044798120827,0.0073679869912626,0.0065749622145507,0.0018779469581313,-0.0211449453727264,-0.0195365316857969,-0.0225793813841934,-0.0030357327297793,-0.0020307334167091,0.0,-0.0009244737928189,-0.0075379867046534,0.004215560468556,-0.0087380073800736,-0.028074138313535,-0.013099304350936,-0.0226754160991916,-0.0427812286811962,-0.0402298850574712,-0.0212765957446807,0.0122812864013108,0.0090155161432239,-0.033489339573583,0.0134321445113478,0.0006468186445474,-0.0324020147961592,-0.0175418493423674,-0.0188688061905385,-0.0198360441169007,-0.0140064999363153,0.0051088007933475,0.0116001415010909,-0.0056937473060718,-0.0270249296731011,-0.0057697582383136,0.0001758493988728,0.0020492577018793,-0.0244954820734092,-0.0148920428247583,-0.0208516518025373,-0.0112499999999999,0.0107217382281847,-0.0206221560161533,-0.0111229440302924,0.0117499817429558,-0.0570706372558701
2024-07-01,0.0035090203058005,-0.0018923811090999,0.0,0.0184089825576616,-0.0050629733461651,0.0224622254530348,-0.0131047414498274,-0.0071496919719172,-0.0088863989799959,-0.0033419991854352,0.0015047391526923,0.009382988115566,0.0178288080304547,0.0116462555146721,-0.0134378499440088,0.0313458588957056,0.0112612612612612,0.0021409694577325,0.0024122559530526,0.0036927621861153,-0.0469076028058295,0.0,-0.0051020408163264,-0.0048924642915777,-0.0127296625425035,0.0135366033289143,0.0075701472887352,0.0036141943054739,0.0152159127187929,0.0007874015748032,-0.0004377196939165,0.0436612035148553,0.0046385586289396,0.0226219531032778,-0.0032660072331252,0.0037623388532284,0.0083614555411997,0.0106901810385178,-0.0060123179196401,0.009139433796536,-0.0071220299025993,-0.0072081847775539,-0.0047051339248831,0.0078942646970876,0.0167863246108763,-0.0015982211104161,0.0370089850802017,0.007465593940547,-0.0146050131209846,-0.0082709728239465,-0.0164670658682634,0.0017736339142064,0.0121353065539111,0.015244100842086,-0.0377918863660818,0.0306215722120659,-0.0019832743860112,-0.0031152647975077,-0.0057911044173651,0.042121105321814,-0.0054749647765456,-0.003637833468068,-0.0197530964040063,0.0424225204353718,0.0722051697978647,0.0092568591481896,0.0406358277090825,0.0112246219902651,0.004090133665842,-0.0065156594005989,-0.0177475830706919,0.006481077613855,-0.0050568900126422,0.0147865662391781,-0.0236409007189115,0.0121335407442864,-0.0037309625086803,0.0172987915977298
2024-07-02,0.000876706807074,-0.0147061248042207,0.0031863847653319,0.0183506379461748,-0.0054805193655346,-0.0019094436206301,0.0034132013958847,0.003367769042514,-0.0017152491496846,0.0003055312615767,0.0239157372986369,0.003525746424249,-0.0042486568222722,0.0082731365538006,0.0,-0.0117692164699321,-0.0725795886283243,-0.0048778248823312,0.0048129019547136,-0.0088300220750551,0.0070316963755368,0.0061920764204754,-0.0769230769230768,0.0028129743285156,0.0128937962172408,0.0185586187853334,0.0120375663536138,-0.0024768915702662,-0.0038146438571927,-0.003147128245476,-0.0142534812619323,-0.0165460943560173,0.001530947000073,-0.0195158793096937,0.0087339828133976,0.0121582588835895,-0.0082921213372957,-0.0028833081853085,-0.020057372346529,0.0113197104010998,0.0081978480648829,0.0057430322429543,0.0130283020042583,0.0025514745149231,-0.0045828033836027,-0.0240812917594654,0.0156579855726421,0.0024730883027419,-0.005225168968557,-0.0150346079655053,-0.0106544901065449,0.0,0.0026915892312557,-0.0031056000153837,0.0196381041848396,0.014190687361419,-0.0062155687300589,-0.0109375,0.0043660772122393,-0.0184543668022485,-0.0016770155699387,0.0021915058238013,-0.0064681665552888,-0.0038438690288988,0.0235148353439842,-0.0362383621860569,-0.0478573998447254,-0.0008656741002388,0.0008733743637332,0.0028050350878945,-0.020742701124945,-0.0105792860129092,0.0127064803049554,-0.0033271137288403,0.0175438596491228,-0.0089378605882909,0.0014290211205325,-0.0179413278435409
2024-07-03,-0.0069873743984213,0.0226282705575913,0.0854601845969882,0.0045747365484358,0.0108255843456352,-0.0019130965706727,0.0098319961366735,0.0071878001662042,0.0032704304276942,0.0042646772475458,-0.0219048771632579,0.0312993010442108,0.0207896575821104,0.0003553456184808,0.0346197502837684,0.0277807169141419,0.0601779912417008,0.0137869150100424,0.010784162686797,0.0319227913882702,0.0099711258665047,0.0123160278182112,0.0388888888888889,0.0049027269362071,0.0137940394890991,0.0134834346374455,0.0728026855169297,0.017592836632496,0.0257095094441135,0.011049723756906,0.0153507762069742,0.0165062643236528,-0.0015286067841026,-0.002657505334268,-0.0075775184789178,-0.0092381205203078,0.0062710916558998,0.0091593751248553,0.017219402690469,-0.0037295317120535,0.0142419772673749,0.0103434390479377,0.0061251413494156,0.0227272727272727,-0.0110635622439458,0.0222099965360556,0.0394231337549499,0.0336945600688962,0.0482058951138681,0.035597027820978,0.0292307692307693,0.0265719178413521,-0.0207428129278017,-0.0173992438466088,0.0064272709325026,0.0076519457804984,-0.0105351641189713,0.0126382306477093,0.0222331689629431,0.0393906095766674,0.0107926504575621,0.005834018420141,0.0245090305169191,0.0359701126039218,-0.0140994928514998,0.0499774506990284,0.0089428361187162,-0.0045152970570886,0.0049391216612355,0.0308188496685182,0.0129852071322373,0.0167368328841663,0.0025094102885823,0.0198639148904176,0.0354635377420551,0.0004389941308393,0.0019034741521679,0.0721121091743792
2024-07-04,0.0061544389017318,0.028721651958592,0.0758055632057286,0.0227568947615905,0.0099302023471388,0.0143859219836464,0.0052393796641594,0.0026681525454603,0.0040674139810057,0.0057634696391368,0.0119401138332095,0.015579242526484,0.0052199212733186,-0.003921765619786,0.0010970927043334,0.0009608565349683,0.0455029980013323,0.0075524764760623,0.0201327402973492,0.0172661870503596,0.0059291725300212,0.0106484107266962,0.0,0.0208986501420256,0.0371549968644084,0.0352240571018287,0.0373986430580837,0.0055413745744286,0.0002676179593059,0.0085870413739266,0.0135820123041132,0.0149893931976596,0.0515297319627712,0.0006642157619944,-0.0054513303353943,-0.0037377418144795,-0.0017323915051493,0.0324893846564982,-0.0035158228472573,0.0078635507808173,0.0030186004448462,0.0063576515104224,0.0015189089916969,0.0370370370370369,-0.0004665661754904,0.0643550541192417,0.0552333295424389,0.0476880619293922,0.0150419642621246,0.1227543244896822,0.0298953662182359,0.0258841269467287,-0.0134538823886948,-0.0137418366946302,0.0478421970357454,0.0067259709264482,0.0026646407413088,-0.017779823464479,0.0094589425259947,0.0301480074541284,0.0344001694482611,0.0,0.0246724457250773,0.0130162127019815,0.0090084850364797,0.0317307692307693,-0.0021386895844831,-0.0059287119312108,0.0008683234912032,0.0742704289549414,0.0006722629920981,0.0,0.0200250312891114,-0.00498536642904,0.022362888693804,0.0142896662246854,-0.0052239865142464,0.0493220057289782
2024-07-05,-0.0113568801330176,0.0160170084618158,-0.021696,-0.0068069192364894,0.0175438214005405,-0.0056787914727669,-0.0044692784055817,0.0071175137861752,0.0113678212160563,0.000302398016269,0.0117992296875955,0.005867098447267,-0.0067513145745886,0.023987060891617,0.0032876712328766,0.0,0.0163130057987637,-0.0077955345010898,0.0046452243833532,-0.0028288543140029,0.0157087169279255,-0.0203136362199247,0.1016042780748662,-0.0197892778677613,0.0085738355345399,-0.015081664014796,-0.0320335271683174,-0.0026469641253326,-0.0450548068716606,0.0170278637770897,0.0060538264131078,0.0024640724456985,-0.0021954404169023,0.001999042929254,-0.0131584370014069,-0.0084313857325354,0.0041618834442271,0.0120356035296769,-0.0192286746868656,0.0026021978021977,-0.0050077370146089,-0.0077203128205861,0.0006098949354325,0.0142857142857142,-0.0256372114018395,0.0090737983537938,0.0218781434114097,0.0387001648401712,0.0,-0.0247861554212489,0.0130624092888245,0.0164027045400261,0.0174263684335367,0.0053610053211958,-0.0076131045241809,0.0032327586206897,-0.0079652128473582,0.0059675372608214,0.0070228106006544,-0.0175594228611684,0.0032106310478261,-0.0170395847768092,-0.0043782456168104,0.0046529040539096,-0.0131230906191357,0.0127447594627709,-0.0006156561017445,-0.0394735624311641,0.0037583410431853,0.0210795990831049,-0.0057297418978141,0.0105163929025751,-0.0196319018404907,-0.0040712524750733,0.0288504993898857,0.0058497681723708,0.00716125463379,0.0008571535050123
2024-07-08,-0.0061870591592938,-0.0090067994552086,0.0138688996467355,-0.0015813543103556,0.006440595894388,0.0161632702571568,-0.0164609225997108,0.0017721089157241,0.0,0.000600834366214,0.0043806646525679,-0.0055282456798556,-0.0067972046413501,-0.0139868503906538,0.0131075914800655,0.0163988755056796,-0.0160511630823249,0.0114852173337416,0.0092474920909606,-0.0092198581560283,0.0101471997212787,-0.0038403821018831,-0.0291262135922329,-0.0076648724702649,-0.013007396230482,-0.0182812327405279,0.0137827715355804,0.0079551710310799,0.0228926363093853,-0.0289193302891933,0.016759761920335,0.0052171465415946,-0.0109897745301263,-0.0013249012101278,-0.0111085921559737,-0.0056551574493477,-0.0075972211070454,-0.0077767568745205,-0.0098061980286648,-0.0007409290987846,-0.0040165560481006,0.0028274804168129,-0.0018245060830415,-0.0140845070422535,-0.0014371976225697,-0.0187268002969562,-0.0175865705747935,-0.0584393317117908,0.0255429171330157,0.0254161234062006,-0.0243553008595989,0.0008270102449847,0.0233377740099309,0.0245172445652892,0.0046112892745604,-0.0257787325456497,-0.0103656770047518,-0.0055363863845294,-0.0046475941003411,-0.0170145712717552,-0.0022870899789347,-0.0210281951713658,-0.0010963954014951,0.0125499068405641,0.0117011058615856,-0.0147518393086535,0.0113422982401814,-0.0279451157233431,-0.0066242158643555,-0.014860463068932,0.0135596458148345,0.02217307132898,-0.0150187734668335,-0.00786148023471,-0.0040741696545739,0.0021551925648193,0.0540395454952133,0.0102491063449507
2024-07-09,0.0,0.0059081550443111,0.043715318105562,0.0176869435878608,0.0156258981165895,-0.0065455051876609,-0.0034222930642094,0.0008791907208305,0.0,0.0018089738699578,-0.0188750187998194,-0.0126560237836512,0.0057882893348113,-0.0017731571830704,-0.0059299191374663,-0.0028445823635893,0.0217294335053845,-0.0026873583717144,0.0194775619557938,0.0078740157480314,-0.0100452683768055,0.0038551874949381,0.0749999999999999,0.0042123832526852,0.0157108440313125,0.0163431786216596,0.0149697059258162,0.0035095999865144,0.0589512952686677,0.036833855799373,0.0122584147944966,0.0216784696784697,0.0237225422696829,0.027906115743276,0.0061777552547117,0.0018957733800686,0.0118317434387953,0.0124439140811456,0.0102329691243692,0.0140924786002289,0.00604913074483,0.0066987297827347,0.0069979034785971,0.0118861607142857,-0.0004797553774779,0.0106863876227043,0.0093398581128834,0.0480998077362853,0.0144584225175758,0.0145645496879025,0.0132158590308371,0.0053733823409884,-0.0080062014036002,-0.0002576638903383,-0.0045901228901082,0.0013230429988972,-0.0064214184149096,0.0015918154157374,0.0172876845500831,0.006060878962536,0.0178744252775584,0.0075364968224267,-0.0058697675158475,0.0139584401246009,0.0036756451623249,0.0079272889335615,-0.0112150933071006,-0.0073293696187023,0.0055094077981401,-0.0008400207324267,0.0,0.0172614287046077,0.0190597204574332,-0.0012690783529348,0.0081761595756997,0.0051548074994285,0.0017990361127617,0.0185947938263073
2024-07-10,0.0133331965825991,-0.0103963272592121,-0.0052548607461901,-0.0083014575708376,-0.0037080279118708,0.0103535631677496,0.0156477858318899,0.0176212852425703,0.0168552784139366,0.002103517171184,-0.0133057407833219,-0.0084420843620592,-0.0068043373525782,-0.0124305739222427,0.0119305856832971,-0.0047582536532564,-0.0159660720967942,0.0026945997268488,0.001130032586986,-0.0035511363636364,0.0028960891908369,-0.0099882206767464,-0.0186046511627907,-0.0006977507798391,0.0254527129178565,0.0254490603636765,0.0120699445277581,0.0002183728868223,0.0237105589194586,0.0136054421768707,-0.0083529277189593,0.0050799437828052,0.0318540546723091,-0.0025887879219912,-0.0016728624535317,-0.0028450857609583,0.0048167172453708,-0.0100138137826661,0.0114345883682751,0.006584896272741,0.01404199154303,0.0014051366078573,0.0105755081580181,0.0,-0.0019146680450869,0.0045287820944681,0.0585962082199551,-0.0029576713590742,0.0118755733466766,-0.0086100260416667,0.0231884057971012,-0.0008219104252376,-0.0029348429083576,-0.009368496337008,-0.0137919470120941,0.0013212948689715,0.0013583993081729,-0.0019866069580908,0.0266419552878489,0.0129080769471772,0.0186865797787088,0.0362751726675967,-0.0047963453368643,0.0098450968954566,0.0015722466509868,0.0048026944009331,-0.0079656337916811,-0.0071917589352761,0.0057631530024169,0.0369114911276475,0.0093644200900491,0.0008730254431446,-0.0124688279301745,-0.0134877182181797,0.0126159331525066,0.0147585720385392,-0.0112220185040918,-0.0124476448079027
2024-07-11,0.0114067671379844,0.0,0.005282620179609,0.0099403088155494,0.012981165738138,0.0298207189082584,-0.0048843339200148,0.0034632304764281,0.0,0.0069029598085981,0.0239874469837026,0.0028357909090011,0.0100139544155757,0.0017986652962551,0.032690246516613,0.0229420161783699,0.0269996197236659,0.0074730650610688,0.0179551122194514,0.0192444761225945,-0.0072247432529256,0.0162907063924113,0.0189573459715639,-0.0021029284922167,0.0301678100817099,0.024803983751906,0.0066175624352631,0.0039332126386784,0.0196367752433122,-0.0074571215510812,0.0103176291754356,0.0089226544738518,0.0245635426481183,0.0123154932968208,0.0134233428027459,0.0133103984928533,-0.0143770936595274,0.0068957963263693,0.0009678867805291,-0.0152628117787129,0.004953299186502,0.00804322699404,0.005980478438275,0.0094303204103016,0.0033610603194065,0.0308319982115576,0.0087412294656463,0.0178148808558924,0.0133021247136004,0.0043341925103839,0.028328611898017,0.0106981197380309,0.0083398644323327,0.0068294015492984,0.0186606023251367,-0.0024191774796569,0.0044174067224065,0.0107407376688866,0.03400372334424,0.0331315452255756,0.0298327001198974,0.0324822536886311,-0.0100127420281931,-0.0090431233112336,0.0020930380958459,0.0052197930808481,-0.0067975931140747,0.0106756841027455,0.0088859015291549,0.0784836330702547,-0.0112658328521091,0.0065202933891068,0.0101010101010101,-0.0025742254016876,0.0231299717558364,0.0326643737880063,0.0206588258817312,-0.0083999743512234
2024-07-12,0.0095468737490993,0.0091354876932763,0.0157027603474388,0.0126908047380633,0.0074209614641704,0.0416313803987991,0.0132185804835527,-0.0025910494786808,-0.0023652914679884,0.0122205908175578,-0.0014716815099148,0.0226418812401472,0.0041777140338294,-0.0089771795399782,0.0067462376751425,-0.0018717258641502,-0.0052456183658355,0.0023710440307747,0.0033007555635782,-0.0013986013986014,0.0029087409853634,0.0190847346179443,-0.027906976744186,0.0091126861432839,-0.0420374386993772,-0.0113907215001514,-0.0210512776539187,0.0141422319767676,-0.0061725641788085,0.0060105184072125,0.0106258277641613,0.0067789472360939,-0.0198634657203752,-0.0025639310636969,0.0082792053859284,0.0065610433001912,0.0236180208998146,0.0031972605720069,0.0154878283811714,-0.0424345062983945,0.0049168925239249,-0.0048600953144907,-0.0056466845610895,0.0046437937062937,0.0028705059464242,-0.0116747691251151,-0.0173309649894586,0.011666056156333,0.0030826040277189,-0.011540662035145,-0.0413223140495867,0.0052924407046506,-0.0055950113620855,-0.0046964734458677,-0.0015230862317179,0.0050705467372134,0.0382121986851717,0.0137735508435632,-0.0142762963468139,0.0098713474303702,0.0021467239126378,-0.0069911890220735,0.004494664869342,-0.0139961139896372,-0.0026108330467784,-0.0064873675631621,0.009642614740094,-0.013393230338085,0.0019887139649692,-0.0442679591151207,-0.0187665028765279,-0.0194389516372288,0.0075,0.0146764280618494,-0.0108680735165264,0.0095929846317375,0.0204622309288928,0.0135612009237875
2024-07-15,0.0,0.0122136604287883,0.0180163729876137,-0.0089504004919857,-0.0082857949848158,-0.0043422827472792,0.0044726006230739,-0.0051851697909305,-0.0023803451500467,0.0023585079761123,0.0,-0.0107619775575353,0.0114327270821321,0.0144935989035024,0.0067010309278352,0.0037504715829652,0.0211551585085922,-0.0177569677061352,-0.0098825404168915,0.0021008403361344,-0.014517878852308,0.0082384508250252,0.0047846889952154,0.0020883298255918,0.0142953893551471,0.0017982257505928,0.0013430853005154,-0.0055786671241327,0.0168948485173374,-0.0104555638536221,-0.0179377488564528,-0.0122960030966323,0.0384347922070755,0.0012815354582977,0.018062339463831,0.027960328189204,-0.0193433768653211,-0.0009099181073701,0.0111221274381803,-0.0038516938336433,0.000978566996038,0.0017449027975342,0.0038831457079442,-0.0208820490510631,0.0152725477529711,0.0140252710881927,-0.0198412028042909,0.0331698716182708,-0.0115465388763207,-0.0291885098149464,0.0258620689655171,-0.0004025853945558,0.0141885441527447,0.0091744012461867,0.0137495820795721,0.0203992103531476,0.0016306817348987,0.0046583159641417,0.0166785821360209,0.0024394789002015,-0.0055685455606045,-0.00246494898925,-0.0018633866749663,-0.0178009577046618,-0.0078466174630335,0.0021750135938349,0.0261844602000842,0.0363292306264613,-0.0042521219052431,0.0211968300989966,0.0112699549843355,-0.0132178379777245,0.0136476426799005,0.0011129158394993,-0.003516635982817,-0.0105108003298881,0.0137305628433783,0.0326017608778868
2024-07-16,0.0051545369838028,-0.0040186431900569,-0.0328839197632357,0.0064517502768077,-0.0087292215837748,0.0017444881597505,0.003338474778509,0.0069565580705472,0.003171897931165,0.0049931326015473,0.0073388640714739,-0.0037302409235673,-0.0010299461707379,-0.0100034494653329,-0.0020481310803892,0.0139951359717001,-0.041433778857837,0.0081359147234079,0.0144201440716462,0.0013976240391333,0.0098248564442429,-0.0267454383692071,-0.0095238095238094,-0.0020839777926117,0.0145848744116627,0.0043079950537834,0.0013412838419033,0.0021564021922315,-0.0061077124888131,0.0022641509433962,0.0008410514933137,-0.0017793425597881,0.0026892864355794,0.0064143586385487,0.0215004099165156,0.0108851331996562,0.0034623943376064,-0.0036429872495447,0.0091130916551782,0.0208887200911509,0.0029328310164762,0.0055711229339037,0.0059555583883741,0.0023882254929186,0.004231435739596,-0.0014516536228225,0.034487810342896,-0.0488507279611754,0.0077930813843793,0.0225538293813027,-0.0084033613445377,0.008103634464567,-0.0050653613997106,-0.002598346448337,0.0015253328935975,-0.0230008598452278,-0.0039036061711367,-0.0112070771362734,-0.0151119902368649,-0.008120257549896,-0.0124884776725638,0.015524752795061,0.0089658132810663,-0.0014645988403587,0.0205664129112801,-0.0117308088083968,-0.0243158642054989,-0.0007377890079171,0.0002837949731564,0.0007702897600629,-0.0354596431126665,0.0062496288818953,-0.0036719706242349,-0.0104783222666225,0.0070580927084225,0.0022477389608086,0.0036566780590299,-0.0242905688688821
2024-07-17,0.0102562079643397,0.0049343815644433,-0.0209576210936293,-0.0107686123511117,0.0097414377061797,0.00087072511023,0.0099862430179171,0.0120846861612191,0.0118640868334118,0.0075990459057118,0.0043591716065582,0.0134159296649438,0.002574277970146,-0.0039670441347271,-0.0164186762442276,0.0285197217800843,-0.0216123716567372,0.0071744696864339,0.0,-0.0020935101186322,0.0024268387549166,0.0061103225961653,-0.0576923076923077,0.0250028551384333,-0.0086264186490654,0.0139674049753089,-0.0026789744187062,0.0017214097021298,-0.0056543169673916,-0.0150602409638553,-0.0027279275413403,-0.0092038525104005,-0.0147673062652391,-0.0063734768721165,0.0010569151641892,0.0017903603905304,-0.0075879310673868,-0.00869083365697,0.007164343760222,-0.0125053786574871,0.0107341543435881,0.0141919084939632,0.0109495843910012,0.0,0.0088959630768596,-0.0051017183309706,-0.002174220904176,-0.0124714646161241,0.0,-0.0102951955753981,-0.0127118644067796,0.0076345931802317,0.0072730713056641,0.00521023088158,0.0346381822672265,0.0158415841584158,0.0071840452492011,0.0007822239604975,-0.0030678520429315,0.011466541721685,-0.0159184559746622,0.0100789618072951,-0.001111771127665,0.0202330721318064,0.0015511207793434,0.0022007875506417,-0.0067704112851212,0.0001850704631436,-0.0008544811863937,-0.0061493866989831,0.0129535572039316,0.0297263406358339,0.0503685503685504,-0.0093064211269423,0.0210205579248514,0.0165083802589498,0.0079246351028989,-0.0124476448079027
2024-07-18,-0.0126901075730656,-0.0317116203504886,-0.0508003662425409,-0.0251446658478611,-0.0244893805272974,-0.0278482184173993,-0.0043939903668632,-0.0187663988192849,-0.0187487757329278,-0.0026108806085751,-0.0449193524164238,-0.0246309378728001,-0.0292468389224848,-0.0115877810856802,-0.0396452790818988,-0.0223654363910029,-0.0497505992096909,-0.0112779817407973,-0.0196913864578535,-0.0293706293706293,-0.0130994343798671,-0.0409742645593732,-0.0459183673469386,0.0094865938193886,-0.0405982349725353,-0.0112941975244164,-0.0456940977240543,-0.00988440108659,0.0148339461422808,-0.0191131498470947,-0.0115690583396081,-0.0170800060075606,-0.0258777451391801,-0.0134612236393671,-0.0178751898462599,-0.016110161101611,-0.0211955831958369,-0.0129140449196635,-0.0290648801487632,-0.0276287480595878,-0.0096557564067885,-0.0068272533184813,-0.0046849415949171,-0.0307513297872339,-0.0064944348003674,-0.0359042311811366,-0.0399475714214154,-0.0586918434884172,-0.029368432191318,-0.0579532065308869,-0.0329041487839771,-0.0275228958077361,0.0012034259482114,-0.0018154117552722,-0.037854826838535,-0.0151613601905999,0.0025927519637087,0.0019540314110551,-0.0039598196133515,-0.0388693769950561,-0.0367826644922886,-0.0048179681872395,-0.0148267202410848,-0.0141862129179222,-0.0036073809658715,-0.0219312123086804,-0.0024775389779485,-0.0053543638357422,-0.0205117240872449,-0.0525478887744592,-0.0307631260934653,-0.0275740210124164,-0.0175438596491228,-0.0093919286496922,-0.0107235673699396,-0.00962580341951,0.0074389042658928,-0.0327754724413056
2024-07-19,0.0051412865080777,0.0004648826572051,-0.0197245875465674,-0.0138242926450123,-0.0055143575560537,0.0,-0.0029422551520371,-0.0034782790352737,-0.0055800070344211,-0.0081448128771167,-0.0060853840710747,0.0022121049282797,0.0005330028715531,-0.0054968349880367,-0.0048886474741988,-0.0347710122300286,-0.0290408344127072,-0.0132057259041712,-0.0022318806531187,0.0108069164265127,-0.000980131570204,0.0,0.0,-0.0248338497197322,0.0070549608585344,0.0142757154365251,0.0,-0.010203366409997,0.0114487300784029,-0.0210444271239282,-0.0146843524970137,-0.0094507695208619,-0.0048932973976052,0.0143011231209033,0.0058867152244022,0.0063640165176939,0.0071003080598515,0.0018683084548218,-0.0449056826529541,-0.0311772092219935,0.0097498990570743,0.0089350387169433,0.0076468967688614,-0.0194935116903904,0.0046714083088372,-0.0083595353303335,-0.0083132603459221,-0.0078930134767173,-0.0119418004947796,-0.0410063072882234,-0.0029585798816567,0.0102553303972652,0.0026443548008818,0.0041547641617047,-0.0030185246443931,-0.0039586540576204,-0.0200445920338114,0.0042864224015342,-0.003970923193253,-0.0117950155981633,-0.0013797243710931,0.0065697616928706,-0.014670554887126,0.0351135379902776,0.0020661157024792,0.0026894050958674,-0.011800877304259,-0.0051971550765278,-0.0139631174518505,0.0106089724079758,0.0007145861169315,0.0287978941785431,0.0154761904761904,-0.0008179587385259,0.0013003558868742,-0.0072851261275908,-0.0023204884307392,-0.0182405364195132
2024-07-22,0.0068167063406188,0.0248943818064317,0.0316243086423941,0.0202215054105159,0.0218007976998158,0.0107386639502671,0.0011035018619012,0.0069808393778036,0.0112130771436764,0.01026645739218,-0.0061068219212758,0.0125986013249912,-0.0015848388192285,0.0022094040540339,0.0251091703056769,0.0246447627071046,0.0119356877062417,0.0112554112554112,0.0212568348899877,0.0014255167498218,0.0482287665386258,0.0031663453227843,0.0,0.0137598732345403,0.0345157422501245,0.0165486172595177,0.0056295797702274,0.0065789917383241,-0.0703270779553518,0.0230891719745223,0.0133910491408373,0.0203126487181928,0.03654164215387,0.000639533586668,0.0053207601085869,0.0063237719286854,0.0215018942423617,0.0251896226870862,0.0313423867323638,0.0044808911673444,0.0028931986310229,-0.0006808676198813,-0.0005819562322044,0.0223880597014924,0.0223123628495578,0.0383147582069149,0.0312694557220649,-0.01909046692607,0.0177302857724854,0.0312453420778058,0.0103857566765577,0.0397889041642645,-0.0153447600334496,-0.0199038726152153,-0.0075898967276346,-0.0132479576065357,0.0029692754225649,0.0128043822138432,0.0048763221260206,0.0085306375809171,-0.0105968960771183,-0.0006130003222181,0.0187095385532394,0.0247357552286047,-0.0180837983542987,-0.0049165486887597,-0.0128843081018448,-0.0059703549142733,0.0053094529015209,0.0080711083576412,0.0160369534251465,-0.0060289273951024,0.003516998827667,-0.0011456926215072,0.0082283971713239,0.0110123091767766,-0.0025365234994269,0.0132737813877661
2024-07-23,-0.002540178789507,-0.014393513017739,-0.0390093082919448,-0.0155936553820851,-0.0153475138075244,-0.0097391894055702,-0.0058953695752692,-0.0130009368169041,-0.0071277993628465,-0.0084193215060179,-0.0291776766101046,0.0015527950310558,-0.013759295694801,-0.0191195182576788,-0.0319488817891374,-0.0120260033545642,-0.0295566502463053,-0.0135339831401475,-0.010951569724994,-0.0256227758007118,0.0366185117813782,-0.0504684820518768,-0.0160427807486631,-0.0217233542007257,-0.0256286707731575,-0.0155875760486711,-0.0238069884539907,-0.0084957839337221,0.0847156213276205,-0.0155642023346302,-0.0274947709331354,-0.0123682754538786,-0.0325440935522215,-0.0096017360414389,-0.0449956226621035,-0.0503109757671165,-0.0100071042801378,-0.0250230909879174,-0.0407373744435899,-0.0028396281622041,-0.011551135763958,-0.0034112924905215,-0.0014615997874036,-0.012174954379562,-0.0122786564527992,-0.0273008210360781,-0.0147950377103402,-0.0121659671678265,-0.0261362688683178,-0.0239209380476612,-0.0220264317180616,-0.0136653274304577,-0.0141229013119212,-0.0129194663741257,-0.0137704781009695,-0.0199149697918997,-0.0065796777512157,-0.0003834692785186,-0.0132324178014258,-0.0142000492385608,0.0100121787748206,-0.0135886446742421,-0.0112470947714011,0.018852644266988,-0.0157904538069826,-0.0112366619081032,-0.0200578361082117,-0.0031902443081567,-0.006747132210761,0.0112073748452903,-0.0133276718486333,-0.0108295273907802,-0.0315420560747664,-0.0134308289061197,-0.0158896537338337,-0.0201736298086394,-0.0025451966914665,-0.0375574786507867
2024-07-24,0.0008521475096723,-0.0114101411727384,-0.0144778724715063,0.0013416787438849,-0.0172975480422427,-0.0134208398725448,-0.0040739879399989,-0.0017506670463294,0.0007997791086271,0.0011705133379811,-0.0079194608863893,-0.0071421621095649,-0.0075132547067734,-0.0131154712029051,-0.0220022002200219,-0.0037393755131931,-0.0366054193179381,0.0054870314116901,-0.0099720265230004,-0.0087655222790357,-0.0154001540525512,-0.0041529616025546,-0.0217391304347825,0.009717048039064,-0.0178626321487282,0.0,-0.00143364707349,-0.0257091210109303,-0.0217347535545479,-0.0031620553359684,-0.0201600529418199,-0.0177148235845892,-0.0406455469216976,-0.0025887879219912,-0.0049883624717991,-0.0094566502262257,-0.0240476245592105,-0.014935184200605,-0.0279737754531855,-0.0016258911133986,-0.0019457099468489,0.0020556418532402,-0.00146373918829,-0.017231923798528,-0.0004609812314784,-0.0235176899650335,-0.0015017218017209,-0.0418773080922161,0.0008135233267108,-0.0228782970846829,-0.009009009009009,-0.0435487637184444,0.0101264450214155,0.0080145538741418,-0.020149585778757,0.0502283105022831,-0.0066232566456072,0.0030689310689311,-0.0120712249240263,-0.0286664823354174,-0.0018443271767809,0.0035356394046415,0.0015163968110463,0.0063158154179838,-0.0133687397238824,-0.031817269715108,-0.0259897186600731,-0.0015058625334248,-0.0014756773047064,0.0079177499409122,-0.0106659246892969,-0.0026314256306683,-0.0217129071170084,0.0061430417483316,-0.0034920752677347,0.0107055569704523,-0.0085019232397788,-0.0344827586206897
2024-07-25,0.0050889589164433,-0.0101566009883832,0.0088212822115718,0.0085796628808707,-0.0251438866056619,-0.0117812656665767,0.000742238809082,-0.0123184195235328,-0.0159352316078886,-0.002924694611305,-0.0143456847254818,0.0028159995818468,-0.0037816586150272,-0.0155709673105213,0.0084364454443193,-0.0009467060199365,-0.0063079777365491,-0.0203136477003457,-0.0044737461737696,-0.0014738393515106,0.0036784134122207,-0.0025056728081932,0.011111111111111,-0.0096235356805504,-0.0111179908688225,-0.0038642691717193,-0.018679775280899,-0.0038320686928656,-0.0078109686777214,0.0103092783505154,-0.0136439394764648,0.0043535637550069,-0.0160724587515864,-0.0162049924015587,0.0206098604272733,0.0181474013415086,-8.696992817069926e-05,-0.0142097309179407,-0.01386811013079,-0.0061094301077341,-0.0087727640150254,-0.0058061821219715,-0.0043937351059827,-0.0100446428571427,-0.0138155427389845,0.0240840921779643,0.0105278625327376,-0.0059967069565542,0.0016257240889527,-0.0133739983708727,0.0030303030303031,-0.0169720643618295,-0.0041566775205449,-0.0013256854844001,-0.0253211088526574,-0.0039130434782608,0.0033337083286457,-0.0045853285421763,0.0067844798486209,-0.0322029696151621,-0.0055432050139969,-0.0242889089255287,0.003028201666742,-0.027798868451346,-0.0113808449996363,-0.0028207176148253,0.0133416038608542,-0.0105609142711617,-0.0026643076442733,-0.0055022360685392,-0.008984719227524,-0.024154213113956,0.0209617755856965,-0.0004938300521937,-0.003945675178406,-0.0061095024424747,-0.0150053831474892,-0.0093947217441192
2024-07-26,0.0025315962688166,0.0107254975063892,0.0174882952354724,0.0199366463947663,0.0087292596788166,0.004585276384851,0.0085544161704715,0.0089101391607568,0.0080918037858428,0.0146626919217351,0.0226533418290353,0.0162198260416328,0.007598867351545,-0.0092613437876024,0.0139431121026212,0.0141137123745818,0.0063480209111277,0.0151646080075906,0.0168585094081781,0.0110701107011068,-0.0004542451271887,0.0058495454745068,0.0219780219780219,0.0013939724955369,0.0045962775656243,-0.0007053199409622,0.035128731135601,0.0086022328903989,0.0216517350033089,0.0094191522762949,0.0090699253974477,0.0114557369472276,0.0014892643971997,0.0092224397406093,0.0,-0.0037587907202327,0.0577095663381288,0.0100891950544528,0.0270726293797951,0.0114746945898778,0.0127959129829946,0.0068671250974516,0.0073578331988268,0.0126683676496766,-0.0098104713548625,0.0113828627288792,0.027533765000727,0.0249974117890656,0.0121645979446614,0.0762628880824836,0.0166163141993958,0.0176882074018203,0.0029463724286611,-0.001061299056331,0.0259789240155297,0.0366652116979484,0.0036552685575892,0.0364674006571497,0.0148328296184361,0.0147823446810124,0.0202044635357412,0.0180381524633008,0.010190348009998,0.0009195344384542,0.0043813295161139,-0.0065901532971045,0.0032906026756491,-0.0129579730544941,0.0041532312765446,0.0150064421595128,0.0199448310308423,0.0306033880719116,-0.2355072463768115,0.0148573727368772,0.0219900486888187,-0.0018458965497302,0.0211098712779334,0.0436441861186667
2024-07-29,-0.0050504069462521,-0.0027691945813598,-0.0114697523345513,-0.0046908983669405,-0.0212423481745717,-0.0091286951792719,0.0014749262536875,0.0,0.0040182210501078,0.0023148819011737,-0.0189870304481135,-0.0085943535642044,-0.0059259963208591,0.0280359185720329,-0.0159515951595159,0.0148407097157179,-0.0126159554730982,0.002436826117435,-0.0011112977631901,-0.018978102189781,0.0128382565585623,-0.0091424280263008,-0.0161290322580645,0.0138551961055664,-0.0055957754292721,-0.0088357928032728,-0.0070669206661341,0.0042661585934102,-0.0101154392783595,-0.004665629860031,-0.0006731040219333,-0.0091848225214197,-0.0044494403072455,-0.0006516435055389,-0.010914547650031,-0.0047060732686925,-0.0020333712098558,-0.0009510434375539,-0.0047909469082704,0.0048646757441996,0.0038838170343267,0.0071587537091988,0.0073001828953744,0.0024902586939326,0.0320792613621618,0.0135038429725184,-0.0043452925996836,-0.0580311642043211,-0.0056040849052622,-0.0236196592632237,-0.0267459138187222,-0.0103444068348103,-0.02521241722744,-0.0201926840580092,-0.0205639406651386,-0.0067368421052631,0.0019848289062587,0.0111090088385545,-0.0061982028934254,-0.0200366512706396,-0.0302757910918304,0.0113405071238059,-0.0078440742210594,-0.0027623614099999,-0.0065466557444739,0.0165897817966567,-0.0099734441180308,0.019115585833727,-0.0002944426546949,-0.0132248135334478,-0.0159970320905211,-0.0100434166009205,-0.0442338072669826,0.0017895731386996,-0.0060230579164294,-0.0011274107874941,-0.009376913484788,-0.0081854307260854
2024-07-30,-0.0152281290876787,0.0023158571888066,-0.0029092651538488,-0.0052377028182361,-0.0215031507807772,-0.0083013172338091,-0.0077309274225153,-0.0079514853374609,-0.0080042791372954,0.0083598682950278,0.0177332820778526,-0.0077408590607499,-0.0151662068777143,0.0151524390243902,-0.0044717719396312,-0.0063910914684346,-0.0320931980458474,-0.0057775557775557,-0.0033117294730986,-0.0044642857142855,0.0013562709686629,-0.0167791740839311,-0.0218579234972677,-0.016403841212744,-0.0173914840273855,-0.0124751091242367,-0.0270608986260676,-0.010730071006812,0.0425795833852209,-0.0078125000000001,-0.0071983024163188,-0.0012353365550911,-0.0260632292058713,-0.0091441222855757,-0.0049663379480371,-0.0056794249921873,0.0027154371666566,-0.0047597439109804,-0.0017215666965402,-0.0032242371054365,-0.0077493778087071,-0.0027068832173241,-0.0037671870635339,-0.0024840727102695,0.0077692849240673,-0.0355335069508125,0.0210855461173165,-0.0107128583543723,-0.0193429015201025,-0.004841862929601,-0.0061068702290076,-0.006269692680031,-0.0072831070506479,-0.0062373691596001,0.0032233138315489,-0.002967359050445,-0.0013193592745381,0.0091577049981668,-0.0111439394294114,-0.0195113108356946,-0.0131440009672608,0.008058106937959,0.0361427096215933,0.0091240069912861,-0.0109874639672856,-0.0307707752930253,-0.0440609137055838,0.0121242046301868,0.0008870531816103,-0.0094671969193774,-0.005783485021,-0.009260345771728,0.0462809917355371,-0.0220838367520989,0.0038943020212531,-0.0198969463094734,-0.0133390181508101,-0.0110006494479691
2024-07-31,-0.0051545369838029,0.0083060565218322,0.0465124261979954,0.0415916847657464,-0.0008208123052869,0.0083708059494986,-0.0148422851298595,-0.0008870174838626,0.0024264366045292,0.0057205941389,-0.0031695460815871,0.0174729693620183,0.0187002073178341,0.0097005736252515,-0.0145985401459852,-0.0009266729171663,0.0066780555986953,-0.0064223870848894,-0.0033357128950614,-0.000747384155456,-0.0067823536600267,0.0119476561799767,0.0167597765363127,0.0020816156602803,0.0145800183652153,0.003605528476998,0.0380548001844696,-0.0006774691143568,0.0224040170782033,-0.0055118110236219,-0.0049807499255368,0.0095881735964062,0.0084049850256016,-0.0006580860409237,0.0127517897771267,0.0114237302031947,-0.0247201335738858,0.008613469325047,0.0099923708816067,-0.0064741178834945,-0.0077980124578004,-0.0115400949057404,-0.013972996444441,0.0200099610347757,0.0018113320525934,0.0176559513962177,0.0028494227462541,-0.0008966577329339,0.0172577937027229,0.058348327396908,0.0337941628264208,0.0079911036362048,0.0270662170542157,0.020738183390536,-0.0225347153451729,0.0214710884353741,0.0122360121318123,0.0018164341883188,-0.0017993361396664,0.0123192495572466,0.0425763627403734,-0.004173350957635,-0.007267899911761,0.0101857699354086,-0.0022232615518094,0.0197218841442887,0.0225185947025594,0.008238133611427,-0.002364532701868,0.0406074135691911,0.0083578557776902,-0.0111333734713818,-0.0173775671406003,0.0234134077114964,-0.001293065087766,0.025799403718792,0.104665811561299,0.0139012365634849
2024-08-01,0.0138100077718659,0.0077867656809442,-0.0194181126381737,0.0149089230127641,0.0357634302702851,0.0018425591971145,-0.0067817639338452,0.0106857491255656,0.012871249087486,-0.0034142586283091,0.0270350417634557,0.0049065450492575,-0.0183569289409202,-0.0081276026174896,-0.0205128205128204,-0.0009166202900448,-0.0394939833384757,0.0113897808004448,0.0133614627285512,-0.0224382946896035,-0.069183840869476,-0.0354109279647131,-0.021978021978022,0.0145654794877643,0.0061558231599891,-0.0075577140576142,0.0521937618726637,0.0047489752851646,-0.0408596633092271,-0.0071258907363421,0.0273150586213586,0.007968166537621,-0.0106102701666987,0.0131933596741093,-0.0049282811590282,-0.0028236756420821,-0.0222214562292464,0.0037933321868166,-0.0129641535883301,-0.0089581135946598,-0.0186897972875833,-0.0169191541823886,-0.0145383166201276,-0.0121208639705882,-0.0022613165444691,0.0022609638058934,0.0056826532111888,-0.0243991439588942,0.0113071739722296,-0.0336895427104295,-0.0222882615156018,0.0133572822261529,-0.0184707903780068,-0.0152368092718168,0.0082175743521624,-0.0012486992715919,0.0081727039775296,0.0025346196559565,0.0338600344387574,-0.0234062596124268,-0.0015955877168472,0.0178031959099913,0.0179357250278757,0.0157528565592541,-0.0089128618302616,-0.024998349357265,0.0055065798344746,-0.0011146481218472,0.0097685733024719,-0.0038256046331415,-0.0046820704905456,0.0144077693159927,-0.0144694533762057,-0.022392184711053,0.0112228209590505,0.043086043405528,0.0430320955560477,-0.021931048226385
2024-08-02,0.0110763847938042,0.0009105598627316,0.0028098344204716,-0.0450705878899942,-0.0007931218341775,-0.0009195852083739,-0.0079625412148611,-0.0002434171535009,0.0062779758743647,-0.0042770804277081,0.0015399422521655,-0.0009146885597002,-0.0104490961913148,-0.0074520005697705,-0.0366492146596859,-0.0156732964164399,0.0273851590106006,0.0100449543998235,-0.006592643997224,-0.0053557765876052,0.027384132404373,-0.0078692438363711,0.0393258426966292,-0.0229958890030832,0.0178463524500109,-0.0126831753522732,0.0294832782493486,-0.0074288858055341,-0.0659197623153239,0.0015948963317384,0.0121868634407584,0.0048617323324646,0.065131085235663,0.0012998889048436,-0.0462290411995203,-0.0386814437459354,0.0031962772770539,0.013231385257016,-0.0096781886588288,0.0090390867606537,-0.014027933779362,-0.0076907364390799,-0.0125845650710186,0.0025004361225795,-0.0149764869155426,0.0353667176255638,-0.0162371929140889,0.0712978781476501,0.0143776553232659,0.0491364762486086,0.0212765957446807,0.0214138542238377,-0.0303652583740111,-0.0301284787218668,0.1078558349336786,-0.0412585955407377,-0.0029173017875766,0.0263823213579246,0.0222714696692316,0.0230124905262949,0.0301632140615191,-0.0312065849609335,0.024811816115791,-0.0035648342809088,-0.0033655263175933,0.0004792390517318,-0.0263527962016599,-0.0148694073025225,0.0164098369669809,0.0153611843505887,0.0,0.0137603620888988,-0.0309951060358889,-0.0139409419215766,-0.0046964175561002,-0.0102776584295092,-0.0571534025741056,0.0046658992043522
2024-08-05,-0.0016816524908869,-0.0113479801857325,-0.0282531105106909,-0.017208947792251,-0.0230388004348957,0.0,0.0015290519877677,0.0829619435769861,0.0758929412873432,-0.0085980878771988,0.0231917483503107,-0.0290161126192655,-0.0077846912749796,-0.00901105043318,-0.0271739130434782,0.0056257073744481,0.0,-0.0271251319957762,-0.0044242635929677,-0.0153846153846153,-0.0009542342805985,0.0,-0.0594594594594595,0.0035667324128862,-0.0255479623020825,-0.0212924865224535,-0.0442665610680546,-0.0052116014780728,-0.0132496388437887,-0.0119426751592357,-0.0359018237454752,-0.0133083036589771,-0.0424436641325469,-0.0091025050758164,-0.0063453113478209,-0.0166871027299762,0.0283156263055761,-0.0153920479250205,0.0006972849019848,-0.0069208651803904,-0.0020307334167091,-0.0049307304182981,0.0,-0.0024941995359628,-0.0128931550726253,0.0152606464391826,-0.0387706933830689,-0.0025854910545783,-0.0047273873306018,-0.028696589606256,-0.0148809523809523,-0.0004007998379182,-0.0082819655780805,-0.0008420133474708,0.0368660807869063,-0.0291241034557704,-0.0035768361457944,0.0588053904635343,-0.0307583897738341,-0.0140568624621156,-0.0252886871210504,0.0028321143391265,-0.0136822165419024,-0.0077300358370332,-0.0124071526822557,-0.007252828498982,-0.0224948723007456,0.0005653721502456,-0.0051900364824063,-0.0166448928243093,-0.0231728651152597,-0.0306461162174492,-0.021885521885522,-0.0051686171758962,-0.0137286661423802,-0.0235625835457345,-0.0155638338174012,-0.0009227617956336
2024-08-06,0.0134953554945373,0.0211161227181824,0.005835507345874,-0.0039811730856437,0.0038620758714704,0.0027612948710415,0.0171745033891419,0.0342319798244412,0.0330667554286414,0.0086726561367918,0.0,0.0154114033214514,0.006722926450337,0.0238643292682927,-0.0068280571073866,0.0009268556422337,-0.0266552020636285,0.017349569228682,0.0211151392299795,0.015625,0.0228698372496096,-0.0070524211461572,-0.0172413793103448,-0.0021291579999017,-0.0056561712497577,0.0168856575971583,0.0490544259966261,0.0050111261016592,-0.0085198342674575,0.0265914585012088,0.0090822880177388,-0.0021477185802174,-0.0225363144403303,-0.0065582511330312,-0.0011599264132705,0.0,0.012047918288307,0.0132627426350806,-0.000348399517269,-0.0073813265048786,0.0213909051429987,0.0230102374629566,0.0221534914681862,0.0075013083677384,-0.0157775838168096,0.0200416795991662,-0.0134448298361895,-0.0208037690866775,0.0205743141895269,-0.0202247982805398,-0.0377643504531721,0.0306580599678352,0.0208778233596109,0.0173677219777284,0.0540619350323672,-0.0317886724871279,0.0032630079868452,-0.0232815349517727,0.0242419471354216,-0.0019029217167282,0.0136574870015524,0.002115099660628,0.0167181516318997,0.0116237504160143,0.0102788378506364,0.0029265222635967,-0.0089909975780285,-0.0214978671250756,0.0055094077981401,-0.0115386507897454,0.0100065756391907,-0.0009061462750378,-0.0068846815834767,0.0050853970452262,0.0226222600081322,0.0008187520633873,0.0022512266298944,-0.0437650975377058
2024-08-07,0.0416378449004688,0.0148402421110751,0.0404409255340931,0.0074603902261352,0.0190365859740919,0.0229571908444652,-0.0131342731373843,-0.0023628596272351,0.00212823687022,0.004870094887837,0.0483376119216079,0.0393430741953437,-0.0044543586074341,0.0125808636874586,0.043125,0.0046520344382832,0.0547703180212013,0.0018253955023588,-0.0043520309477755,0.0146153846153844,0.0153708143383992,0.0035512555226218,0.0994152046783625,-0.0049895776913355,0.0444693546478029,0.0431573202346842,0.012977303824073,0.0004567722589305,-0.0070301984920354,0.0078492935635792,0.0069757629226967,0.0190500214578919,0.0561039276391672,0.0112249279273752,-0.004070700322784,-0.0059768665166477,0.0102049238757699,0.0224447597418004,0.0139588026688799,0.0004104087475691,0.004980624157242,0.0051917026809689,0.0026724377556288,0.0074454576936398,-0.0072301600964022,0.0245598782873288,0.0439126272735184,0.0787610020965574,0.0085243278110276,0.1682490020498435,0.0596546310832024,0.0050873615404016,-0.0015338140531035,-0.0013771522264528,-0.0135000553280956,0.0420809248554914,-0.0006512107764408,0.00442652221603,-0.0025815727248478,-0.0028549360083691,0.0900304521567065,-0.0077469463358017,0.011197341769271,0.024984769099549,0.0084716554538437,0.0514778170560794,0.0039925451995312,0.005973936718564,0.0103770555527389,0.0428022666367988,0.0151732748155042,0.0800186404497758,-0.0069324090121315,-0.0019195272069087,0.0250961761896155,0.0155303680050669,-0.0132722409225296,0.051605918440996
2024-08-08,-0.0119901864935161,0.0026587690617829,-0.0166628398989734,0.0211526594318982,0.0198734134973692,0.0188527954638744,-0.0041793232137758,0.0094832976485967,0.0113546945993281,0.0305085957325137,0.0504389894284178,0.0253365127196203,0.0072715998928989,0.018633152233846,0.0275614140203712,-0.0092609864486751,-0.0064717527029084,0.0003078382268517,0.0,0.0083396512509477,-0.0059622528429199,0.0079597276788616,-0.0159574468085105,-0.0050063507249722,0.0222712546828962,-0.0017788706787175,-0.0076866305543564,0.0176770317085241,0.0999197252233876,0.0163551401869159,0.0245807076544659,0.0081398040274669,-0.0036327684914815,0.0163320393060777,0.0145940558059642,0.0110451032414349,-0.0016824012657004,0.016003447916568,-0.0017221584385763,-0.0016507291534396,0.0,0.0013754321617207,-0.0035524330403995,0.0049269550272128,0.0063107229744996,-0.0068476877386508,0.007252659308413,0.0287134476736377,0.0061529991822988,-0.0162995798125316,0.0177777777777778,-0.0015567644819504,0.0163858160280008,0.0159922172347288,-0.0082071415217797,0.0286221433325937,0.0029286972056568,-0.020338707511362,0.0276095588635252,0.0744898859658582,-0.0016479280664074,0.0039057179711097,-0.0114184540823599,0.0082738452576958,0.0078468363169081,0.0434172833611841,0.0419215076892456,0.0268200937460207,0.003422377598983,-0.0417933009785982,0.040833110129433,-0.0594381422970746,0.0174520069808026,-0.0061187886913133,0.0004130670226429,0.0158948772586315,0.0283520978174398,-0.009255521014171
2024-08-09,0.0072814174492634,0.0194425247638792,0.0451983054805029,0.0321079216835293,0.0504681214934514,0.0590252403170497,0.0137456897658141,0.0195579747548213,0.0245626657519808,0.0005549274085583,0.0301776830135038,0.0034884250474382,0.0027701218573807,0.0573885554885948,0.0040816326530612,0.0149516563112601,-0.0065139091118092,0.0057722698161857,0.0152986886838271,0.0233082706766916,0.032760386076706,0.0254413770225943,0.0324324324324323,0.0,0.0542401617162793,0.0226817091866817,0.0142153492092449,0.0173734066671689,0.0312364653548977,0.0084291187739462,0.015923177837146,0.0364832459597699,0.0431521864543671,0.0186359499261425,0.0074762890419846,0.0109101799823154,-0.0080950875169732,0.0296987241342339,0.01482333397227,0.0103414538694843,0.0267862539133798,0.0189072391319582,0.0270422803907697,0.022062596203181,0.0067515351518443,0.0655143836026075,0.0748679919884793,0.0334926563411426,0.0106938532471818,0.0359087495306045,0.0451237263464336,0.0257394445698802,-0.0085646263727825,-0.009225910495901,-0.0206782153022563,0.0317083692838653,0.0116805799407939,0.0152271079317323,-0.0100748556481388,-0.0062144108628996,0.0078399886650766,0.0137904065695964,-0.0017492467993716,0.0505090401042249,0.0211191666271051,0.0088559689612111,0.013529150304709,0.0167910080510227,0.0062546259560309,0.0272590649053032,0.0374769393591227,0.0258134212032121,0.020583190394511,0.0036954811151079,0.0265462217455449,0.0053461344974889,0.0002018116802713,-0.0345867419187236
2024-08-12,-0.0048191877815053,-0.0008687224758089,0.0675623922895256,-0.0110389898422368,-0.0079760945585632,0.0149777942919828,0.0214678488683695,0.0099780005338783,0.0068508251202363,0.0135500509556789,0.0013246312419796,0.0156418293376578,0.005531914893617,0.017637382514146,-0.0394889663182346,0.0128981569384882,-0.0263807466831225,-0.001513347226357,0.0032225984717833,-0.0095518001469506,-0.0008907901358833,-0.0008626499528239,-0.0104712041884816,0.0201427399099793,-0.0055111243064706,-0.0024343993439934,-0.0101973047015524,0.0015316203870454,0.0057800785682298,-0.0060790273556231,0.0021461022496169,-0.0046179358042315,-0.0028204844596837,-0.0157755968946828,0.0120756799852812,0.0059534726239012,0.0227807177763859,-0.0017474602973399,0.0230959726332136,0.0004067126962146,0.0048266525398787,0.0060708324927094,0.0014473124105103,0.0,-0.0081429423510801,0.017472396179968,-0.0294674756683503,-0.0007665869191628,0.0015126665923601,0.0106635250049087,0.0,0.0083645168390931,0.0279453548864867,0.022733592409476,0.0295646148515995,0.0160986828350409,0.0102648660155362,-0.0149987207914036,-0.0262945650769319,-0.0071623371256989,0.0075728109843249,0.0101115856178535,0.004557531710766,-0.001745220284959,-0.0152427887329555,-0.0039497307001795,-0.0058207386466602,-0.0020172687497581,-0.0002816304081322,-0.0250161655350792,-0.0040525008471824,0.001731127108008,0.0184873949579831,-0.0050838271498768,-0.0109089660517293,-0.0023620110594702,0.0177054017869342,0.0232366721539825
2024-08-13,0.0145275744538189,0.0121475599336584,-0.0227795880541687,0.0093860635345901,0.016266748722586,0.0360595151969458,0.0129066375812862,0.0114014381670206,0.0122459572121389,0.0130987191983447,-0.0066419545535971,0.0154039095128302,0.0011030712556279,-0.0089978603671583,0.0012091898428052,0.0090925740387619,-0.0404848676913325,0.0121044218616708,0.0043039086517346,0.0170623145400594,0.0272814736831499,0.0436643912617256,0.0370370370370369,0.003526477016958,-0.0161647448097422,0.0013871406920289,0.0180186476928023,0.0008738732077195,0.0091959008337678,-0.0022935779816513,0.0135715683077926,0.014492977597547,-0.020509123176751,0.0160284553450509,-0.0051083478766725,-0.0039408176144729,0.0355734993747778,0.0218950958250569,0.0587664146982702,0.0053189944728919,0.0230800773241168,0.0254858351259708,0.0283131878323235,0.0,-0.0004863126519726,-0.0012688155094964,0.0041413780792574,0.026252560762791,0.0113199147826639,-0.0237472538968511,-0.0181058495821726,0.0109352411313341,-0.005190561738145,-0.0061605183058243,-0.0396709665358011,0.0109053497942386,0.0425386780188854,0.0380623586324824,0.0047913673015493,-0.0090082591123072,-0.0227546497621052,0.0117404552787239,-0.0038406235810504,0.0097757040867951,0.0116073596460464,0.015420445490077,0.0120486759216051,0.0027565577364023,0.0,0.0171108808290156,-0.0071172255097637,0.0359500184814489,0.0313531353135314,-0.0044022312679029,0.0334945076743782,0.007502369728682,0.0108733589282357,-0.0406843635913619
2024-08-14,-0.0007985900754529,0.0137198528206885,-0.035027073327419,0.0090469856711625,0.0149044066456023,0.004753331538565,0.0167434841130642,0.0060104168543981,0.0087328547622098,0.008618448814246,0.0160639227599981,-0.0168541798072551,-0.0071447381186677,-0.0050457023543226,-0.0006038647342994,0.0783733865715781,-0.0211378086037486,0.0095660890734641,0.0181538769084685,-0.0145878920495988,0.0100127979444835,-0.0401916514425563,-0.0255102040816326,0.0126474660534561,0.0154883900292699,0.0052073980966063,-0.0113832971740862,0.0115754266486671,0.000909839063643,0.0321839080459769,0.0436283062859967,0.0131434229568132,0.0086630580028537,0.0018968800351546,-0.0062857456100278,-0.0029708267627844,0.0160514723587483,0.0081390291744698,0.0197554942748461,0.0057000630665762,0.0206813627254509,0.0238747066770959,0.0247265238941645,0.0119924141008478,0.0087003379686305,0.0312083264288363,0.006186446704117,-0.0413863354445457,0.0089529948121365,-0.0040413936684832,0.0326241134751774,0.0186516084873376,0.0181375252246738,0.0175151798225128,-0.0113884130197788,0.0095664563403214,0.0006097665416302,0.0,0.0134356568669871,0.0054596869779466,-0.168397832651575,0.0252573686582167,0.0063054336884889,0.0137616977214145,-0.0054604004293649,0.013014130561719,0.0163287213310807,0.0029346957647136,0.0014151771954302,0.0084033613445377,0.0126336317451793,-0.0133777559474714,-0.0256,-0.0092007631969471,-0.0023704528332668,0.0117583029566625,0.0080208222670774,-0.0118252867632039
2024-08-15,0.0374167470488262,-0.0152240999265246,0.0917448643165104,0.0087192660550456,-0.0221175897550383,0.0007870785152683,0.0078788486611172,0.0126924696124184,0.0099995234540053,-0.0037385617414936,-0.0065943067786196,0.0339997612795417,0.0177146805703876,-0.0128465892084569,0.0217522658610271,-0.0384325993980674,0.0,-0.0130297516038955,-0.0094366249033636,0.013323464100666,-0.0474169947713623,-0.0153887592027294,0.0261780104712041,-0.018046615759805,0.0235817048800681,0.0020670647680294,0.0217509062877621,-0.0092851712793751,0.019799560568064,-0.0007423904974016,0.0068305505621024,-0.0197420452939355,0.02290307732034,0.0056213861212435,0.0,0.0069478768022821,-0.0107445188316598,-0.0140248626567122,0.306579397347722,-0.0084968477891442,0.0128911377635165,0.0159692681656393,0.0159044486250004,0.0189604806261367,-0.0019190373693628,0.0339750849377122,0.0218531605810756,0.0431731123546399,-0.0044328796578346,-0.0081463264678758,0.0370879120879119,-0.0270971818930831,0.0102493899172668,0.0153611593822748,-0.0086446251698402,-0.0137096774193548,0.0051730099660038,-0.0233324297837737,0.0201020155944542,-0.005430040655689,-0.0200017168855697,-0.0003343288067466,-0.0038274983485891,-0.0082426785135721,-0.0247234698665951,0.0149865582100976,-0.0023427919274692,-0.0204750441713152,0.0008439349210342,0.0326058842547687,-0.0188814848410843,0.0063545291871556,0.0147783251231525,0.0041061443406529,0.0229816502729611,-0.0133646913611136,0.0225049756587933,0.0079742387484904
2024-08-16,-0.0015319495607821,-0.0012882880194188,-0.0196004413729019,-0.0039523275949882,-0.0526511315147188,-0.0173104758080033,0.0078132773972194,-0.0162217622813068,-0.0125348956080681,-0.0005375242305845,-0.0119293037574558,-0.003315883340933,-0.0059804264482987,-0.0352753496352904,0.0141927853341217,0.0095648950847353,-0.0431885280472373,0.0027019480306167,0.0010529967047396,-0.0189919649379108,0.0393702793888304,-0.0182280743347983,-0.0255102040816326,0.0070679434564524,-0.0343265154694351,0.0017190006876004,-0.0237891331239888,0.0065374150571646,-0.0082574293348145,0.0029717682020802,0.0030835094697294,0.0028775301097634,-0.0216988069497646,0.0063968364735984,-0.0103463704956818,-0.0098450319051959,-0.0102200426980066,0.0012947468993043,0.0557797311347161,0.0069378059731759,-0.0054607886575099,-0.0050286466232872,-0.0083673852462566,-0.00697787634554,0.0076805154987398,-0.0364406027056629,-0.0180430790037884,-0.0534210677641685,-0.0007434071523593,0.0,-0.0344370860927152,-0.0071531052287554,0.0038649164565314,0.0041721159279888,-0.0174400127125377,0.0057236304170074,-0.0087805343251454,0.0017079419299743,-0.0272525419845981,-0.0081755312695405,0.08673499182434,0.0069931909392895,-0.0031449996400302,0.0006090808416392,-0.0028182180613409,-0.0312206114187841,-0.0204631928975668,0.0154897099568549,-0.002433773903727,-0.0249620364137326,0.0144336422277377,0.0212766950418159,-0.0161812297734627,-0.0026667045498363,0.0081294696802283,0.0249359695020414,0.0104379333446975,-0.0297019016987933
2024-08-19,0.0,0.0068780723467625,-0.0028729674495749,0.0295000248365897,0.0254390826857817,0.0240179133958826,0.0267888879234761,0.056219880601309,0.0447555566173718,0.0042050278822591,0.0348986007177232,0.0066538300059357,0.0224373348420348,-0.0110038465247346,0.0011661807580176,0.019784814644842,0.1052631578947367,-0.006585144111456,0.0116450307522861,0.0379746835443037,0.0073992713507471,0.061894545218126,0.1204188481675394,0.028073352954494,0.0196439030841997,0.007220124826806,0.0346176876053081,0.0101768718353325,-0.0103495777065172,0.022962962962963,0.027663834358824,0.0189347592012529,0.0515067202189962,0.0082630301629491,0.0249719746564185,0.0238516776907498,0.0413058411905193,0.0073170079189555,0.0298687674886775,0.0190493999415044,0.0091438626972724,0.010108123427315,0.0059881329401914,0.0117115154156224,0.0138103169978287,0.0539400921658987,0.002723324333842,0.1065105703474849,0.010407611887701,0.0547187354718734,0.0233196159122084,0.0193324527661264,-0.007700072775078,-0.0015596510240635,0.0281001091658916,-0.0266260162601627,0.0033605244892209,-0.0095410628019323,0.0172416916513435,0.0219905338138568,0.038733425581364,0.0168671191930651,0.0168275170004676,-0.0121576005755078,0.0090368920260284,0.0187254676677344,0.011642203531831,0.0115787289576816,0.0190038949200297,0.0278569421587122,0.0128717001370597,-0.0020837998272639,0.069078947368421,0.0160491139106566,0.0084556834505531,-0.0015339826643463,-0.0274181398742967,0.0826566705968721
2024-08-20,-0.0053833532881024,-0.0021319324904532,0.0257826887661141,-0.0031305611452802,-0.0026705122042407,0.0085969652878818,0.0044617958728387,-0.0021280761340517,0.00383410447363,0.0,0.0168541591064876,0.0038543071882828,0.0074971826518837,0.0068180504997978,0.0314502038439137,0.0042202110105507,-0.0339794209140942,0.0015087930480093,0.0,-0.0050215208034433,0.0,-0.0099885420402165,-0.0467289719626168,0.0068266901563531,0.0169738597618225,-0.0003407499021921,-0.0284929810630021,-0.0027879938308221,0.0131869285341037,-0.0072411296162201,-0.0175485281189858,0.0152025505700956,0.0095278740997599,-0.0012608172388102,0.0056679134464903,-0.0019367244456126,-0.014564633337663,0.0051258670373108,-0.0067090009829465,0.0039805021266985,0.0027149920536817,0.0100112227720248,0.0073058204121509,0.0323857212082054,0.0309983671683851,-0.0023538328122837,0.0040660875808729,-0.0086195402389001,-0.0044177827380952,-0.009080089919337,0.0080428954423592,0.0055812819887888,-0.003637417492725,-0.0039003871399952,0.0057613654239419,-0.0012528711630821,0.0054793769948355,-0.0271774604244821,0.0021192383208155,0.0224288739526745,-0.0289264642357365,0.0104074540270167,-0.0103436158918612,0.021331779758337,0.0061619177090237,0.002992192678795,-0.0006775869301011,0.0150807617251149,0.0059334825378649,0.0168547662748466,0.0040145492803227,-0.0141957641671436,-0.0076923076923076,0.0038592794943481,-0.0045739391837207,0.005947120189647,0.0254863401204126,-0.0292192781482127
2024-08-21,0.0,-0.0012838752212082,-0.0223258238257948,0.0024143723486034,-0.009376104535961,0.0046575274711686,-0.0044419766796224,-0.0014245864860484,-0.0044573025346636,0.0005556448157668,0.0076529600697885,0.0082320209281869,0.0138178164768922,-0.0160401721664275,-0.0050818746470919,0.0067219693876534,-0.0211378086037486,0.0105250592729189,-0.0010520135049174,0.0043258832011536,-0.0004331996417583,0.0370000618434653,0.1274509803921568,0.0061007999000124,0.0022533466145135,-0.0061482136093927,-0.0229697154415229,0.0116061573440671,0.0105469172282079,0.0014587892049597,-0.0111631326420058,-0.0116481254768369,-0.0208945443784481,0.0132552935100707,0.0383101705812016,0.0369661940205414,0.0018869429789418,-0.0178578506282176,0.0252781947801032,-0.0095087683122288,-0.0045127347172386,-0.0049581002647406,-0.0040305488299912,0.0067276852069153,0.0091126625058588,-0.0035427319211102,-0.0033811618760396,0.0036233603898672,-0.0022186930730065,0.0078584879083076,0.0066489361702128,-0.0125750341339668,-0.0087616718409602,-0.006007676115769,-0.0128839273495081,-0.0204892326991427,0.0063554992438796,0.000707818444569,-0.0063442699424662,-0.0149127388649747,0.0169890628579343,0.0,-0.0034864263563256,-0.0013053899441094,0.0016702311844383,-0.0098034716038957,0.0013560927309124,0.0105604079127519,0.0033696383297976,0.002880339188743,0.0343077946564911,0.0038137266287308,0.0294573643410851,0.0192321887786961,-0.0019141779256258,0.0028615533677651,0.0060263831277007,-0.0145625416715173
2024-08-22,0.0046367300353105,-0.0111428769965357,-0.0714391493646892,-0.0144570237276967,-0.0293611389821125,-0.0324105223427474,-0.0225820720426178,-0.0007090381001195,-0.0070400512558445,-0.003328672077292,-0.0189805341308567,-0.0174152258181859,0.0,-0.0202895803563617,-0.0272417707150964,0.0016717445495191,-0.0431885280472373,0.0017841067857158,-0.0020939972080036,-0.0172290021536253,0.006052814826718,-0.0162212358468865,-0.0652173913043477,-0.0067392874057625,-0.0279004938944944,-0.0357074806600358,-0.0378594521014121,0.001813073731665,0.0215422811283287,-0.0174799708667152,-0.0250410870458415,-0.0207643308290471,-0.0467935363392016,-0.0062294710612753,-0.0081420312834549,-0.0140749057663004,-0.0317025630017899,-0.012985615381856,-0.0046771108280478,0.0007996101309184,-0.0054398301711555,-0.0108919560261068,-0.0091685542394645,-0.0311860543424767,-0.0027086226116206,-0.0213026426712605,-0.0142412590957657,-0.0483761626990383,-0.037037037037037,-0.0532564400570815,-0.0528401585204756,-0.0194770926317597,0.0024373446716772,0.0028723573824138,-0.0289760348583878,0.0002134471718249,0.0039124107354384,-0.0141353039992927,-0.0051060328985902,-0.0365115641283481,-0.0402754350490838,-0.0032215535369897,0.0027973830443714,-0.0200128512821076,-0.0116721231469996,-0.0232449269047861,-0.0158999713384924,-0.0008857875941148,0.0041995139779678,-0.0488557686416273,-0.0154568055935105,-0.004641455649341,-0.0346385542168674,0.0013721341285579,-0.0345073176181431,-0.0117901838531794,0.0144106980517892,-0.0462985834416246
2024-08-23,0.0061596904178649,0.033795280807513,0.0615291378265445,0.0239604827832662,0.0441798293492547,0.0159509514602624,0.007496635368378,0.0121134923959411,0.0090256867203342,0.0289302940692728,0.0258059340277312,0.0066464592709138,-0.0099628046484279,0.0251449237615435,0.0204200700116685,0.0008394149771384,0.0752005642246318,0.0032691033142362,0.0136456786639016,0.0204528853177503,0.0111760776759179,0.0098984178119561,0.0465116279069768,0.0264599895254398,0.0449034043799987,0.0327616187164085,0.0447873375187903,-0.0045652422024032,0.0006523185670808,0.01704966641957,0.0242117752709778,0.0117480987634703,0.0693044640228297,0.0031342603145658,0.0,0.0038096012798092,0.0058351568198395,0.0241232055242595,0.0234910471030347,0.0059946483108139,0.0,-0.0053498575937187,-0.00762258381566,0.0252920888698768,0.0022600476521976,0.0731561168160948,0.0213302951903981,0.0333822055449251,0.0461587075237801,0.0397805852097028,0.0529986052998605,0.0194801401869157,-0.0098033358822405,-0.0061985883696187,0.0373059742590817,0.004054630815194,0.0230761969618307,-0.0014311818273539,0.0098375390423117,0.0425158450036053,0.008583070201054,0.0103335446681678,0.0115060705483904,-0.006769820498882,0.0061861750646392,0.0268826133791422,0.0089376078519889,-0.005850633039243,-0.0033442776584921,0.0589182616817913,0.0291140868717503,0.0025430860139568,0.0265210608424337,-0.0167870770000625,0.0107226714108701,0.0232858722984701,-0.0071945357760963,0.0650773631224521
2024-08-26,0.0,0.0029374350608364,-0.014483173076923,0.0,0.0022850388627291,0.004707649931138,0.0038981481843143,-0.0049326823994457,-0.0031973446813693,-0.0094636297799322,-0.0213897469987878,-0.0016520804721213,0.0079410096426546,0.0198424796747966,0.0142938822184104,-0.0011939297061551,0.0140209904886847,0.0017791791459129,-0.0124208563853613,0.0050107372942016,-0.0046766326330353,-0.0024524936543871,-0.08,0.0152002071370913,-0.0017719283592061,-0.0120664804398015,0.0038931911472219,-0.0150655987420764,0.0052129663544555,-0.0014577259475219,-0.0104824626929643,-0.0164254738291678,0.0013555588503164,0.0012497869681304,0.0076604434072344,0.006631371383809,-0.0090254375862018,0.0,0.0139778108161527,-0.0143051835142629,-0.000922714336535,-0.0006320215661237,0.002197229803093,-0.0067276852069154,-0.0040647821599596,-0.00281275300818,-0.0188629550155318,-0.0198231705850762,0.0022072661653205,-0.0211020280065159,-0.0066225165562913,0.0018743682192274,0.0896163522392023,0.0726504234867895,0.0028708510303601,0.004250797024442,-0.0041025336852615,-0.0046664271708054,-0.0292251139276559,0.006206940488,-0.000470825080365,-0.0003173664356143,-0.0175784753363229,-0.0041302029554648,0.0044713756978005,-0.0077219541950868,0.0357765292977843,-0.0160484652361645,-0.0095126153251646,-0.012128724164677,0.0044502919167832,0.0038026340196624,0.0030395136778114,0.0113241457188526,0.0047129534667398,-0.01466730361278,0.0050161802874209,-0.0058151214303083
2024-08-27,-0.0038284433937297,-0.0096143139998159,0.0058845051527534,-0.0114606728923564,0.0230090341697675,-0.0117139795129975,-0.0112949727060854,-0.0099057804940158,-0.012165970413704,0.0,0.0012919896640828,-0.007163187719263,0.0267867191896455,-0.0201610750675298,0.0028184892897407,-0.0182563595949618,-0.013827120562788,-0.027194536819024,-0.010480895350405,-0.0056980056980056,-0.0098204237883172,0.0057250924095246,0.0096618357487923,0.0058585252419174,0.0044406724959209,0.012213858727228,0.05304275738032,-0.0086441433351294,-0.012534296342085,0.0051094890510949,-0.0091406139779861,0.0043200191591468,0.0047168813588003,0.0018723404255318,-0.0081406726766368,-0.0141279701608683,-0.0260136237924937,-0.0094219935234883,0.006790858508596,-0.0056401552353798,0.0,-0.0022156255377732,0.0010943762238531,-0.0045155023496363,-0.0027209146988331,0.0367249235334876,-0.0006869107963427,0.0089957474648347,0.0043970820067384,0.0229156806766308,0.0333333333333334,-0.012340333405499,-0.0137454666260625,-0.0133944328817809,-0.014332771263872,0.0103703703703703,-0.0032359889619026,-0.0018046401810655,-0.0030531271632048,-0.0158648323519569,0.0146620103413737,-0.0031999249623007,-0.003507090256223,-0.0020793318942317,0.0050011196536536,0.0082151589242054,-0.0348682468681632,0.007973460041875,-0.0189218449774204,0.0079439000546528,-0.0072795027801609,-0.0075810773353045,-0.0212121212121211,0.0301459429281374,0.0003940690238006,-0.0039484118016837,-0.0014776412596071,-0.0058597696504343
2024-08-28,-0.0061366534429017,0.0,-0.0117001606498742,0.0154599550152321,-0.0156123525482697,0.0039509410805405,0.006072077886303,0.0128683247172995,0.0162123297202851,-0.0062771496602895,-0.0192617226471566,0.0091598981975871,-0.0127860417432346,-0.0075838472770065,0.0084317032040472,0.0230334986968816,-0.0209904886848147,0.0039466023455043,0.0052897599167514,-0.0214899713467049,0.0103500864530918,-0.0309155868576703,-0.0191387559808612,0.0155342267564564,0.0026478638581457,0.0293115983622238,-0.0417778608027326,-0.0069313275203225,0.0192608439715689,-0.0108932461873638,0.0039842329289982,-0.0045888107612351,-0.0040210526315789,0.0037376826367652,-0.0114939844839965,-0.0133641807294502,0.0090120615044655,-0.0121044665167975,0.0014289833173037,0.0044590843054617,0.0182710389567035,0.0234774172685134,0.0215967007173307,0.0068039768981249,-0.0013641691372737,-0.0376046448825275,-0.0061864467041172,-0.0215350948289835,-0.0065705954313588,-0.0316259216142801,0.0,-0.0102239170175278,0.0226782130275513,0.0143442243756206,0.0232738557020946,-0.0079597821533305,-0.0005908752921182,0.0115630449602825,-0.01312818720657,0.004475897247369,-0.0093221559953683,0.0109045373443306,0.0116194736882286,0.0015613290032474,-0.010512882839086,-0.0111506820207956,-0.0405604906097609,0.008270812189963,0.0138188831558749,-0.011463002986032,-0.0194454981774999,-0.0025463297008179,-0.0340557275541795,-0.0071904691933812,0.0089888280352721,0.0011549820977776,0.0,-0.0107937526743689
2024-08-29,-0.006949703746603,-0.0261607871698742,-0.035516025149517,-0.0176021981719283,-0.0422974646886982,-0.0126016294199901,0.0042557019756939,-0.0049431202600215,-0.002556241108313,0.0038444330289824,-0.0157065932426383,-0.0220025162146479,-0.0010384826397052,-0.0178235505098193,-0.0111482720178374,0.0043278972321127,0.0,-0.005447187138839,-0.0042144696792321,-0.0161054172767204,0.0051196261951804,0.0016757953412889,-0.0341463414634145,0.0031870988588129,-0.0211507076941337,-0.0194307099396507,-0.0217927116260288,-0.0060810605369576,-0.0049391761574847,-0.0212922173274595,-0.0116937821423508,-0.0129607277663628,-0.0485214229850556,-0.0105506657639358,0.0227001618065643,0.0183867141162514,-0.0360657293446046,-0.0236352180160741,-0.0067333274490272,-0.0064584496856697,-0.0125558676006163,-0.0024813582171292,-0.0109726899553004,-0.0135159913036645,-0.0141140267387327,-0.034542265871624,-0.0096832665521847,-0.0220007786420152,-0.0279432151735995,-0.0476241850715903,-0.0438709677419354,-0.0214237361792456,-0.0117807226534623,-0.0068198471843425,0.002838202989833,-0.0133023648648649,-0.0029494801873317,-0.0064303294101001,-0.0226171394490626,-0.0222797643011382,-0.0176482311371568,-0.0022196763568665,-0.0059165792512206,-0.0099655909346,-0.0083863879847421,-0.0269017867569775,-0.0092360593816542,-0.0103421352172563,-0.0025561319382474,-0.0384033003198343,-0.0084538787593352,-0.0148922864396654,-0.001602564102564,-0.0011782592900844,-0.0085230479774224,-0.0034609489592432,-0.0085191661895107,-0.0079376236874262
2024-08-30,0.0,-0.0116950845509437,0.0061373103952684,0.0108938244544525,-0.0339110243936892,0.0111682100335808,-0.0063603965023661,0.0028411024157877,0.0006406980557864,0.0049257993694185,-0.0039824167344183,0.0,0.0098529575217882,-0.0233339792222504,0.0169109357384442,0.0025855483517129,-0.0214405360134002,0.0374311727906571,-0.0074003489796676,-0.0059523809523809,0.0072218396082033,-0.0058642763430161,-0.005050505050505,0.0387532208948231,-0.0175638561667504,-0.0116139468462889,0.0262071518050335,0.0231100506116566,0.0105727520990659,-0.0150037509377344,-0.00042293623481,-0.0020412036878577,-0.0021215857464984,0.0006272452528937,-0.0092041898118743,-0.0028443336809741,-0.0202543820122609,-0.0098565850623756,-0.005960164015589,0.0036561929470548,-0.0045373055045261,-0.0114958548194323,-0.0070344303522643,0.0048325854332067,-0.0027711777505439,-0.0023469402583814,-0.0048889745195318,-0.0566373330397147,0.0022707173076463,0.020002265628793,0.0080971659919026,0.0023485505173215,0.003738556572749,0.001019439767335,0.0605966619497162,0.0023539482131393,0.0085847918929182,-0.0093462847206607,-0.0086192923408433,0.0036497374996491,-0.0091019001587349,-0.0015895227843559,0.0034997153159992,-0.0069167301272837,-0.0039499580230942,-0.016940609458707,-0.0060945278354742,-0.0090091974038911,0.0091103034910813,0.0097934458628916,-0.0173776153786128,0.0090676091168793,0.0,0.0047205212779468,0.0050809343985425,0.0001901863826549,0.0113940548007209,-0.0149994004600108
2024-09-02,0.0007805840922343,-0.0078923712156994,-0.0121681415929203,0.0035940248278509,-0.02040876939667,-0.0197163727241468,0.0106698234500925,-0.0084906780667379,-0.0025611512984884,-0.0005453583760147,-0.0333840619811842,-0.007313161929265,-0.0159203915678252,0.019721329863946,0.0027716186252773,0.0051577610628112,-0.0072749058541596,-0.0255178034454655,0.0117193831116211,-0.0187125748502994,-0.0004226061026221,-0.0092734471183227,-0.0253807106598985,-0.0073360488224267,-0.0100775098121497,0.0235008310957678,-0.0127620025246569,-0.0168305647840532,-0.0260503391301553,0.0167555217060166,-0.0002115575927769,-0.0026315543319312,-0.0269713700520947,-0.0112833371324366,0.0010898198009183,-0.0057320601458823,-0.0136661230105663,-0.0108690555456565,0.0194308044978832,0.0012158869512353,-0.0060810209889718,-0.0038494567609022,-0.0074924110185087,0.0183125016515603,-0.0078751611398417,-0.004114986562566,0.0280742515549747,-0.0156221942898185,0.0098095328945275,-0.0252106173348776,-0.0227576974564925,-0.0113105305086117,-0.004192286193404,-0.0093980421000481,0.0435362710873101,-0.0027754056362083,0.0214328888654011,-0.0137885379232078,-0.0169364378660665,0.0181636782380858,-0.0028995210810124,0.0,0.0010477660266594,-0.0039033446532251,-0.0135895097551539,-0.0081645807595209,-0.0140708931559604,0.0016363597996467,-0.0005650653234998,-0.0089505927281406,-0.0236892533448425,-0.0316767999248808,-0.0112359550561798,-0.0140988586455825,-0.0124422375259016,0.0075274684391972,-0.0332415102201439,-0.0182711568043734
2024-09-03,-0.0054418963260475,0.0075097903708822,0.0061430171172611,-0.0047739343745779,-0.0122909431841239,-0.0225254512789802,0.0091492976100902,0.0147998597007519,0.0108440640403499,0.0046315014413862,-0.0138119570040219,0.0028343866127009,-0.038619183273354,-0.052807824268252,0.0237700386954118,-0.0059865109137203,-0.0073282179498231,0.0096322999279019,0.008428939358464,0.0007627765064834,0.0139186448085355,-0.0357423830639394,-0.0052083333333333,0.0092431545992148,-0.0185211737349683,0.0179017589446333,-0.002585395326617,0.0058560354673677,0.0177587963360243,0.0112359550561798,0.0086681394862597,0.0032230937323176,0.0014528731424385,0.0228242074927953,-0.0338407800902342,-0.0249183732018196,-0.0035539916773117,0.0132734133530538,0.0535275080906147,0.0008080131959551,0.0156367093562999,0.0164180512785321,0.0162141322905766,-0.002257629229811,0.0051367352407338,0.0171203323143529,0.0006826902704866,-0.0242247354979935,0.0007478548374399,-0.0100585937499999,-0.0095890410958903,0.0094664816745804,-0.0105234492015017,-0.0120527306967984,0.0221735703651808,-0.0515949475487048,-0.0014357408940397,-0.0036784871789954,-0.002328402598419,0.005348230230322,-0.0133355161477394,0.0019119015873814,0.0230040544268068,0.003600287096849,0.0028716109737563,-0.021490288752677,-0.0164649717317089,-0.0090762489178981,0.0079023898880601,-0.0210893910809617,0.0030767707346055,0.0030933633295837,-0.0324675324675325,-0.0372830449665655,0.0125989972421769,0.018955012616161,0.0085961257572491,0.0186112050501632
2024-09-04,0.0148465317528281,0.0223716033575189,0.0460139281966485,0.0237410783690199,0.010757943900959,0.0329170204013757,0.0108073622272697,0.0056312856697269,0.0076205452318673,0.0146418872492883,0.0378218339090301,0.0022599203422333,0.021713988516838,-0.0321974110927211,0.0140388768898489,0.0283920924502845,0.0296161195066875,0.0247446574962357,0.0198575146945609,0.0213414634146342,0.0149738332732067,0.0061747853659439,0.0157068062827225,-0.026863529891744,0.0183943089430893,0.0238828683987679,0.0103683876875397,0.0118689676719287,0.0579483299102798,0.0259259259259259,0.0295545588044314,0.0426661680845097,0.0254969156956819,0.0359588076186183,0.0305069835263493,0.0363712784588441,0.0082029422058285,0.019873870164867,-0.0627404193924932,0.0185788538342472,0.0081495104787285,0.0077683913817694,0.0070310834588884,0.0135244089573201,0.0185758046748856,0.0145097390691621,0.03546783350585,0.0308176923652134,0.0141907571288102,0.0420900332116667,0.0165975103734439,0.0136760016902923,-0.0037800918904952,0.0002593701368098,0.0063741197032265,-0.0130925507900676,0.0028788487195761,0.0081233204746176,0.0111984937927787,-0.0062124814399838,0.0302234346218204,0.0098533299376948,-0.0078378647912918,0.0092914076107644,0.0074378260596283,0.0350490566037735,-0.0007446397755835,0.0144725576109456,0.0156840873408621,0.0292361692007414,0.0211222914037103,0.0092563054049088,0.0201342281879195,0.0077813002601165,0.014386927154381,0.0244327676108795,0.0111738917113779,0.0253759918548932
2024-09-05,-0.0015455401396315,-0.0017195537112044,-0.0029184653736245,-0.0072617029383665,-0.0087651878137724,0.0031859546848784,0.0089694112279234,0.0062955294196545,0.0088233970078479,-0.0125602618467939,-0.0283464787156682,0.0028170589551272,0.0010649698593436,-0.0174403892149579,-0.0228966986155484,-0.0033464529500123,0.0143399409531841,0.010767460289017,0.0040978695870976,0.0014925373134329,0.0188519860595011,0.0113984003538389,-0.0154639175257732,-0.0056453478286012,0.0055570801317232,-0.0003236362328743,0.0231034146205433,-0.0068625498007968,0.0138468266326625,0.0101083032490976,-0.01669391576874,-0.017937729003413,0.0007129171679365,0.0053850808782034,0.0087706475661453,0.0028524692109068,0.0113150145289311,-0.0101836730949191,0.0613961080838771,-0.0047604977182442,0.0089903105644342,0.0064733049445833,0.0064438121822494,0.0022068823936975,-0.0022765432098764,0.0314677137005039,0.0032942815815579,0.0215993688849394,0.0022105189678041,0.0014041841532297,0.0598639455782312,0.0,-0.005931271671412,-0.0062263932843676,0.0037968433419031,-0.0045745654162853,0.00487902535737,0.0223443419283881,0.0055372381691234,-0.001778234048599,0.0133540067479771,-0.0056653500795635,0.0236956238482586,-0.0020914644251044,-0.0028422482877187,0.0117394855042873,-0.0007451946771809,-0.0018061236737469,-0.011858359889796,0.0097129152291179,-0.0063392317652135,0.0183428240286207,0.0,0.007194590340867,0.0157137738649739,0.0111900260589647,0.0112382413247977,-0.0089040948043257
2024-09-06,0.0015479325314924,-0.0090208046039956,-0.0411915360692725,-0.0148660525554591,-0.0033678603834507,-0.0285909758940486,-0.0164114197856529,-0.0146032222055614,-0.0193592051049399,-0.0064955422749093,-0.0277773779882271,-0.0165818835070581,-0.0148669534788805,-0.0557422538663165,0.0299727520435966,-0.005875956273728,-0.014137214137214,-0.0025922759631408,-0.015310262529833,-0.0394932935916542,-0.0024148351523883,0.0060768396789387,-0.0052356020942407,0.0,-0.0073684928703007,0.0048681055155874,-0.0351195181116955,0.0022297773899904,-0.039364682643662,-0.0092923516797712,-0.0041419563651434,-0.0068472306755934,-0.023420455051427,-0.0041659621952456,-0.0124967396029561,-0.0085195869617965,-0.0097922757109908,-0.0143204063473232,-0.0348231450399927,-0.0099576810337513,-0.009797977610809,-0.0085741743041023,-0.0141419470755367,-0.0044296504928946,-0.0073154193002341,-0.0171983756707915,-0.0098503947706104,-0.0406522105749004,-0.0088225734053586,-0.0347717855398528,-0.0333761232349165,0.0003873961504612,-0.0183764101342497,-0.0195821387254162,-0.0025103466992333,-0.0243566176470588,-0.0134252773100602,-0.0168393056587986,-0.0087182108379704,-0.0214686464101081,-0.0110607072818568,-0.0104486302470877,0.0073787184522511,-0.0066024932572109,-0.0108243767467081,-0.009820737900649,-0.0115492668760555,-0.0164620285418174,-0.0005557054568348,-0.0236896513628257,-0.0141006084318718,-0.0128673617675693,-0.0148026315789473,-0.0125428432830478,-0.0222645727584246,-0.002899677381739,-0.020558917764329,-0.0399655882128739
2024-09-09,0.0092377111794068,-0.0047725023485735,-0.0276019970108435,-0.0002399780914118,-0.0177451546079702,0.0057212913771966,0.0125129784796691,0.0028235930644437,0.0031777331159228,-0.0019065087551484,0.0,0.017148025216104,-0.0043059828711532,-0.0402262949048453,-0.0417989417989417,0.0008443838876202,-0.0144242935470264,-0.0051940767775394,0.0010422094841064,-0.0100853374709077,0.0060494309356635,-0.0112109247654579,-0.0473684210526315,-0.0063098362204953,-0.0023181849424204,0.008388420876787,-0.0052117907939153,-0.010003335557038,0.0043894250944187,-0.0151515151515151,-0.0024945192414876,-0.0045993565190745,-0.0029065791273422,-0.0059762714857146,0.0181605808568461,0.0219578518014955,-0.0031782260357473,-0.0104379225713021,-0.0378835258057524,0.0,0.010791484895201,0.0021610325959247,0.0097415981428043,-0.0133737976441541,-0.0036846645160326,-0.0084595271054435,0.003316130114273,-0.0237317617016551,-0.0192701094679637,0.001436406372421,0.0265604249667994,-0.0019278122698095,0.0133700808329431,0.0109181157352333,-0.0152020133315193,-0.0117757889778614,-0.0063675389054997,0.0003647430271391,-0.0138879430278149,0.0009102425749543,-0.0111844148203028,0.0009602333439224,0.0093246067817289,0.0004208026377985,-0.0138243665881856,0.0094668756398996,-0.0226139579815495,-0.0045972505763542,-0.0041877850377478,-0.014403491755577,-0.0051104743577543,0.0334500583625145,-0.025041736227045,0.0,0.0054023914836194,-0.014010384993217,-0.0081326669695591,0.0
2024-09-10,0.0099100526306525,0.0,0.0063115209784492,-0.0026347447432182,0.0234416378571498,0.0113861343339067,-0.014761138965093,0.0028156428348633,0.0031752271799445,-0.0005466982390388,0.007150153217569,-0.008149215450936,-0.0064937279591822,-0.0227804006050327,-0.0276090557702927,-0.0050620290299694,-0.0219103046901746,-0.0063845500242201,0.0062104281926806,-0.0211598746081503,0.0176373928980939,-0.0191775803645022,-0.005524861878453,-0.0146018508358022,-0.0009331863617004,0.0076796554213161,-0.0065311222171738,-0.0008995926563588,0.0116588537096922,0.0102564102564102,-0.0027093608292481,-0.0040418779186638,-0.005109914606125,-0.0096195232597067,-0.0005419023076966,-0.0065455996807024,0.0028367020798574,0.0050459456634324,0.0041683561059016,-0.0052312159364068,-0.000886985115957,0.0018507120216726,0.0,0.0203326208226892,0.016639809430393,0.0062542305956678,-0.0303999635291613,-0.0164900775223184,-0.0136060379281245,-0.0115073673229886,0.0,0.0239375498171787,-0.0213527798525544,-0.0165951939912202,-0.0077010740062851,0.0057197330791229,0.0055331381875038,-0.0112915171195806,0.014083534350505,-0.013697474264499,0.0108288431236431,-0.0019150179239907,0.0557598214541188,0.0154018127236372,0.0058438689262958,0.0120506830482893,-0.0053993563248435,0.0199555892611011,-0.0058869093725794,-0.0030753333661368,0.0044494670204511,-0.0390934739714914,-0.0119863013698631,-0.0119974954045505,-0.0076755663468125,0.00332107697782,0.0083885499877518,0.0104130037772662
2024-09-11,-0.0151026597413461,0.001307374297728,0.0282074613284804,0.0040857237507114,0.013236605200078,-0.0249179374957257,0.0003494972616313,-0.0154341484738182,-0.0113871011500142,-0.0060070846033446,-0.0014257577093805,-0.0195448412980189,0.0196085162477428,0.0503517823639774,0.0261215218625781,-0.0025438917689684,0.0672033601680084,-0.0052547452547452,-0.0072067953222003,0.0384307445956766,-0.0200865032715981,0.0302252184955553,0.0388888888888889,-0.0257759894282808,0.0023320106068869,0.0107917048310197,0.0,-0.0058441865013793,0.0246906187212583,0.0079767947788254,-0.0050151025805119,-0.0057953365313287,0.0036654027346891,0.0072847179586232,0.0043260329124583,0.0084635678223721,0.033199951686492,0.0018248175182482,-0.0460589564897858,0.0012106074091087,0.0,-0.0021565685483703,0.0018765219882539,0.0044198048132439,-0.0027270892506411,0.0265851966561792,0.0156726301024205,-0.0052997745186841,-0.0130269498050799,0.0116413283646077,0.0129366106080206,0.0128216217106753,0.0044132554969062,-0.001070829570378,0.0077608408157583,0.0078199052132701,-0.0037651707040379,-0.0058965435114973,0.0,0.007404872577257,0.0085708134505904,-0.0089683506111992,-0.0078155172063336,-0.0157924005810785,-0.0011619833071178,0.0057374907976917,0.0,-0.0014488459884359,-0.0045127525842812,-0.0007732616009805,0.0013649012298218,0.003938858930319,0.024263431542461,0.0283925107187688,-0.0030949138214436,0.0049651259014067,0.0115340937145114,0.0803237648326729
2024-09-12,-0.0099721275936822,-0.0082675458495912,-0.0579013906447535,-0.0119619653492148,-0.0138948218862597,-0.0066012676537885,-0.0102854510202906,-0.0064207102056845,-0.0044822881013545,-0.0082412846591436,-0.0085226018222764,-0.0158938518826986,0.0,-0.0505995043204501,-0.0049806308799114,-0.0051007593175801,-0.0209904886848147,-0.0076325145118204,-0.0031023910224557,-0.010023130300694,0.0040154461128942,-0.0051843056927664,-0.0267379679144385,-0.0066144924443902,0.0,0.0166478850331679,-0.0105327845423884,-0.0074592691340937,0.0230921145436593,0.0035971223021582,0.0002102244145625,-0.0145774588775139,0.0065713402557556,0.0006026695521754,0.0016195820100046,-0.0074629838656131,-0.030085452035991,-0.0022792264786659,0.0189220966820824,-0.0016153776303652,-0.0026741441656019,-0.0030826837777954,-0.0109663859538755,-0.0088007121963628,-0.0113972348501675,0.0126753353127879,-0.0268418575583861,-0.0088638741426746,-0.0069837998740627,-0.0345384013561089,-0.0012771392081736,0.0014883736061748,-0.0117169713369239,-0.0112654500368089,-0.0115688779915046,-0.0058782036209734,0.0095973874687502,-0.0011128843411761,-0.0231449502368976,-0.0018305340630307,-0.0025966797086098,-0.009691215558448,0.0173247972684591,-0.0035919995848732,-0.0005816675415325,-0.0201791710152866,0.0011621126633323,-0.0132442091279572,-0.0084989531220444,-0.0077221348656858,-0.0006797593722263,-0.0056628929976056,0.0,0.0090298239808506,-0.003104522049644,-0.0007332470689722,-0.0035515898196871,-0.0076274004489153
2024-09-13,-0.013942513942514,0.0021959476632473,0.025865539452496,0.0053256160419199,0.0166144399895469,0.0066451339616646,0.0067303887720822,0.0007218417276078,0.0,0.0024935988715295,-0.0100210813860268,0.0246627764711655,0.0058717770879488,0.0317914996895636,0.0778642936596216,0.0059813955294893,0.05,0.0056226850446294,0.0176632912315677,0.0155763239875388,0.0184188219168199,0.032097010777963,0.1428571428571428,-0.000667387752284,0.0348299779224596,0.0336647240315393,0.0625117353939481,0.0050102186587923,0.0192342162229237,0.0086021505376345,0.0144874229651925,0.005915348989816,0.0688898240505897,0.004216145922453,0.0107510851428604,0.0112786481677213,0.0250272161741835,0.0196376122706698,0.0104579703009468,-0.0004068913025787,0.0,0.0003109021624505,0.0010806083210455,0.0088788524211553,0.0055321443550158,0.0304660222968145,0.0213744331335425,0.0384897324875628,0.0265834355878744,0.0745192713521178,0.026854219948849,0.0230476871101872,-0.002963971604565,-0.0046110789990171,0.0403186360142546,0.0243614001892147,0.0057626800027226,-0.0092766316310702,0.0028433989323559,0.0257784583971414,0.0461548464349668,0.0039136853809307,0.0052626456205593,0.0014871136108507,0.0011640121511513,0.0349190283400808,0.0147166793133857,-0.0018389984054254,0.0045720676271296,0.0568152591449502,0.0279278612488589,-0.0008795032488754,0.0439932318104907,0.0067102891099686,-0.0159584522616865,0.0045792899942316,0.0058156623153704,0.0480324195271104
2024-09-16,0.0102149952867811,0.0161951328376226,0.0031721115798424,0.0115600372464852,-0.0128251445086704,0.0024721878862794,0.005275102978179,-0.0050148987145028,-0.0077185190857229,0.0058017018325375,-0.0159260981059641,0.0111772134473697,0.0005355505124549,-0.0380602015836762,-0.0067079463364292,-0.0025482133549545,-0.0135598628060941,0.0076441889672493,-0.0102133454380389,0.0069018404907976,0.0267278820909464,0.0008386003319091,-0.0192307692307692,0.0133259641365757,0.0098754986099358,-0.0032833642876094,-0.0162717670568084,0.003400574016894,-0.0529554317871732,-0.0071073205401562,0.0002071787434609,0.0017657371717469,-0.0020323473079378,-0.0047982224766734,-0.0170187660260047,-0.0157833461222978,-0.0006865500669481,0.0129833985054481,-0.0048594585423363,0.0020257068423876,0.0,0.0021630385020854,-0.0002707630101626,-0.0066132519394633,-0.0041262810836576,0.0221739642338536,0.0135063806004906,0.0077552211273306,0.0007540691657907,0.0,0.0124533001245332,0.0029093304967691,0.009910257278167,0.0138973186311337,-0.0025020150456743,-0.0131609328099746,0.0008604160288738,0.0112377538549244,-0.0023636083759129,-0.0008939021131109,-0.009275851710672,-0.0045475549557346,0.0058527562709296,0.020840676007511,-0.0011626588021779,-0.0056258004424263,0.0091595154268715,-0.0233932562433193,-0.000284862971088,0.0670047653066832,0.0026503917299547,0.0118428584484988,-0.019448946515397,0.0,-0.0213652844142435,0.0173196359517207,-0.0115640718936168,0.0027476644851875
2024-09-17,0.0077789242295096,-0.009907612140693,0.0,0.0042854737314774,-0.012154268421423,0.0082203041512536,-0.0062976733489208,-0.0072064141401065,-0.0064821316953088,-0.0120867754896369,0.0220661068865148,-0.0008523307398409,-0.0015924099585838,0.0150700901361993,-0.0187012987012986,-0.00170314889005,0.0275733807714078,-0.0070029521857759,0.0,0.0205635948210205,-0.0068907229653394,0.0092345143280503,0.0245098039215685,-0.010522089570329,-0.0031120207787233,-0.0017968256080923,0.0038139457756405,-0.0027112394431113,-0.0160636014137275,0.0114531138153184,0.0008285433172803,-0.0091011552550013,0.0108754758020663,-0.0018080086565261,0.0021641773817493,0.0113182691919939,0.0075686262601724,-0.0154728869595479,-0.0110363550519358,-0.0040384440759131,-0.0044616202954873,-0.0095638835569935,-0.0024303047811642,0.0022276277045192,-0.0073643430178349,-0.0149802907750588,-0.0073295141229091,0.0162596310996965,0.000761516941748,0.0180369852467516,-0.0024600246002461,-0.0159450057582485,-0.0061320369787477,-0.004568943480357,-0.0062623099843441,0.0145063172671968,-0.0062978537069114,0.0011120592789377,-0.0075804709548008,0.0,0.0114171602427715,0.0009762962635484,-0.0101038935174427,-0.0032148153179157,0.007558981347415,-0.0034798165953999,-0.0136145702738534,0.0050924055696071,-0.0142242805160436,0.0062098091440174,-0.0092535598506298,0.0013025847274317,0.0066115702479339,-0.0047850810030528,0.0080869147046411,-0.0025072568383223,0.0060388901371364,0.0164607413312076
2024-09-18,0.0015402147397658,0.0069618785477347,-0.0031620811057504,-0.0092441741861746,0.0133653455682765,-0.0105992662046473,-0.0049335189992555,-0.0116139576125319,-0.0058719814830637,-0.0102883834553666,-0.0374092352651745,-0.0014158390327272,-0.013825131851415,-0.0324799013977982,0.0476442562202221,-0.0008530272774859,-0.0336008813345923,-0.0079374019390915,0.0010379077710327,-0.0223880597014926,0.0008944543828266,-0.0108104801356335,-0.0095693779904306,-0.011958444024223,-0.0040102296877063,-0.0009222529639877,-0.0114121307232729,-0.0110987263310995,-0.0194263553029989,-0.0084925690021232,-0.0035159300953266,-0.001184822892674,-0.0006750413990231,0.0030188057878739,-0.005401638919442,-0.007469927560311,-0.0109286117912978,0.0179625400575806,-0.0100875477136143,0.0008109638473277,-0.0044816155624373,-0.0034274978419457,-0.0056905595354881,0.0088396096264879,-0.0102067469008055,-0.0036704757326334,0.0355756841626095,-0.0303080429348625,-0.0083623023565032,-0.031345011189135,-0.0197287299630085,-0.0044158100477775,-0.0172750519043318,-0.0240287877359564,0.0050481950161778,-0.003920664206642,0.0311056100263749,0.012577767320947,-0.0143188155756615,0.0017894037780401,0.0119679545160873,-0.0084799723223125,-0.0061865833294213,-0.0012491908650078,-0.0051917129835091,0.0109129874890727,0.0256923576707543,-0.0129466689897678,-0.0063492590869824,-0.0006800333435704,-0.0116732591932956,-0.0311691394658754,0.0279146141215107,-0.0116801455166979,-0.0112298840503518,0.0026944736345755,0.0007503301060651,-0.0269772183664667
2024-09-19,-0.0023112138317258,-0.0103731219993291,-0.0599430982046502,-0.014119744231241,-0.0307721510978001,-0.0107215807975875,-0.012032500155058,-0.0102816232475504,-0.0137744060129227,-0.0064623313216247,0.0,-0.0142021943992097,0.0080865464330854,-0.0940083093270024,-0.0348660939868619,-0.0085375555426198,-0.0208452080449474,-0.0082969379189528,-0.0144312496232442,-0.0083969465648854,-0.0191354971932291,0.013455371104966,-0.0289855072463768,-0.0087403240428647,-0.0228261786794931,-0.0109660342104679,-0.0423043181596646,-0.0045807245311029,0.000843885426162,0.0014275517487507,-0.0192982889921867,-0.0100876860006072,-0.0275898464298908,-0.0042136080386886,0.0016269765449039,0.0028256531812034,-0.023477522291077,-0.0317593036803508,-0.0069394362266257,-0.0044590843054616,0.0036036233392116,-0.0071885323165501,-0.0027232183489578,-0.0482425040518638,-0.0023394839940727,-0.0073679955139992,-0.0246308354815156,-0.0312458537879793,-0.0138043004151789,-0.0337454591804218,-0.0339622641509435,-0.0184929348748152,-0.0030138367932776,0.0033206878520111,-0.0100456774932999,0.0189858763602686,-0.0055872241740146,0.0014588920039004,-0.0082327140989046,0.0188380443789706,-0.0113795102418146,-0.0072347296720429,-0.0133847986206944,-0.0114500778878188,-0.0087098144738705,-0.0090657194926916,0.0104676804427781,-0.0005716773012015,-0.0011636110730299,-0.0253978707057402,0.0053991758049869,-0.0116191316279524,-0.0047923322683705,0.011990726325455,-0.0064836284688888,-0.0109293603233893,-0.0018753976410709,-0.0258815232722143
2024-09-20,-0.0146745667572504,-0.0240141646642214,-0.0738189661170249,-0.0308239851458945,-0.035637086361724,-0.0333286071282986,-0.014690187707954,-0.0170622683930364,-0.0186329499001804,-0.0098998750998177,-0.0239312267657992,-0.0397571183987626,-0.0235325046512254,-0.0375862160794652,-0.0209424083769634,-0.0034444292228505,-0.0637837837837838,-0.002686556178466,-0.016734354357293,-0.0331023864511161,-0.0091551195693996,-0.0763477229932352,-0.0696517412935321,-0.0162824691821243,-0.0503889118487037,-0.0175760165527167,-0.0160668847691748,0.0057513921061627,0.0160033980541491,-0.0021382751247326,-0.0372407881301448,-0.021576089908896,-0.0685111417438214,-0.0054404198465417,-0.0216770523833196,-0.0225014689386251,-0.034299978547887,-0.032348027973612,-0.0126628099656674,-0.0048884329562257,-0.0109685023901513,-0.0072106440396714,-0.010929919285065,-0.0368783758614267,-0.0126862369080984,-0.0434785464673269,-0.0465107397109597,-0.0725780416939767,-0.0295512437240464,-0.0495003792500742,-0.0364583333333332,-0.007535723692875,0.0,-0.0002755314769814,-0.0075936866838063,0.004317200636219,-0.0008405804429163,-0.0160510591036511,-0.0273452530590255,-0.0228907605552342,-0.0295640942847917,-0.0215370579481464,0.0034711060345948,-0.0032608695652175,-0.0046860490035002,-0.041394161748285,0.002958104618953,-0.004375331160386,-0.0029057213922021,-0.0633812333888914,-0.0281986619703632,-0.0348110209282609,-0.0561797752808989,-0.0151116371952831,0.0114265893662355,0.0014477340826877,-0.0138938193685803,-0.0578750866161276
2024-09-23,-0.0007776612290664,-0.0076090562282301,-0.04345703125,-0.0095170903208475,0.0123180066541805,-0.0344868680386855,-0.0036396941701177,-0.0241481253785859,-0.0257596305983403,0.0034294616606866,0.0030627628342458,-0.0162034280700654,0.0010976342185742,-0.0154013879511671,0.0026737967914438,-0.0034563343217927,-0.0227393853259902,-0.0012013415664181,-0.0159616820104504,-0.0246815286624204,-0.0136587020662134,-0.0044925156199859,0.0,-0.007588640083912,-0.0260539136083143,-0.0207062324729582,-0.0299246342544703,-0.0057185027545609,0.0219682394417464,-0.0107142857142857,-0.0037369325204784,-0.0045952310189524,-0.0185739754599797,-0.0212798287115377,-0.0171763843917656,-0.0067077419090423,-0.0076901018211485,-0.0051789972642021,0.0055267742266045,-0.0024538036376307,-0.0063782125555884,-0.0015982079393456,-0.0058464638859053,-0.0167417189269829,-0.009510708563244,-0.018287699925146,-0.0111514335840803,-0.0318875129216683,-0.009613031185382,0.0030705710915273,-0.0135135135135135,-0.0083518215181737,0.0125946167591011,0.0102041155160332,0.0050954758350916,0.0085972850678732,0.0070275980289831,-0.0044493237105271,-0.0060236833082786,0.018922893371438,-0.0067451022146507,-0.0216748316684881,-0.0185496321086191,-0.0109859041156751,0.0023540557222214,-0.0290911938450394,-0.0081137249693343,-0.0131816605787916,0.0002920903935834,-0.0406005514941643,-0.0120885876869406,-0.0112396490434996,-0.0476190476190476,0.0031379462668985,-0.0403545043014755,-0.0063290403345516,0.0342732351730268,-0.0533728525166035
2024-09-24,0.0007782664567157,0.0031599289668859,-0.0719754977029096,0.0025273071363642,-0.0086288884485832,0.0044624630897336,-0.0007274006218875,-0.0046415534844076,-0.0013920536934995,0.0082541012887802,0.0183362865460068,-0.0027423963001539,0.0432159210018203,0.0871539780232133,0.0250666666666665,-0.0102571681939106,0.0232684966369749,-0.0029967036260114,0.0010746298848249,0.0383673469387755,-0.0118159232123381,0.093858434934299,-0.0053475935828877,0.0041716376680465,0.0128785706187182,0.0057623077282715,0.0210373981262854,0.003220917668097,0.0141956702696872,0.0122743682310468,0.0046341444181297,0.0024640724456985,0.0090828138913625,-0.0006210128154463,0.0417165152671985,0.0347554601969521,-0.0035207398030828,0.0085197331333304,0.0125373107287312,-0.0004075473895135,0.0009106760103505,-0.0028865570148944,-0.0002784491496162,-0.0024163412098564,0.0110428554337818,0.0536396323292807,-0.0105723660226031,0.0169646651194719,-0.0072776234383787,-0.016793206620432,0.0095890410958905,0.006126349155902,0.0074633703693851,0.004095639425953,-0.0203297828758705,0.0439659039928219,0.0027920503511262,-0.0111710802205482,0.0116162446999887,-0.0070709546242591,0.0086641689847941,0.0055387595990843,-0.0051217767530366,-0.009719442969739,0.0129097392275636,0.0163827824517714,0.0092946685623589,0.0263293900872061,-0.0040847150432973,0.0078371084578943,0.0143350242052782,0.0189474231088944,0.0767857142857144,0.0488440596268857,0.0278181938850003,0.0063693522216674,0.0196975087257098,0.0212795565502765
2024-09-25,-0.0062665026946866,-0.014385754822586,-0.0448929508335449,-0.012357937232262,-0.0417312054682269,-0.032677020218729,-0.0029237193229449,0.0015543993223936,0.0062729739372868,-0.0019759412123421,-0.0180061211490359,0.0045864234201431,0.0078660523654343,-0.0647499495918229,0.0442247658688865,0.0008760664615874,-0.0530289571860009,-0.0009058306673088,-0.0151170720618322,-0.0172955974842767,-0.0103039906210787,0.0049489504064899,-0.010752688172043,0.0076149012853634,0.0,0.0051017443549603,-0.0041178050308836,-0.013761089049628,0.0030000682289763,-0.0078459343794579,-0.0041732077446363,-0.0046050973550965,0.0075067655018234,-0.0136707716642187,-0.0113633740391052,-0.0139961454110454,-0.0283471256668109,-0.0112620604175274,-0.0010870100067547,-0.0008202808369777,0.00825520110957,0.009961271338627,0.0126005481405557,-0.0121954654274045,-0.0142508771749308,-0.0227788769236898,0.0071235568656351,-0.0186423245050142,0.008146482161865,-0.0217414248021107,-0.0149253731343284,-0.0220701923556501,0.000739341164873,0.0073394615545778,0.0181555241928457,-0.0371723248818219,-0.0008362225291503,-0.0131860537259044,-0.0099825842460865,-0.0115824115549867,-0.0278549015752739,0.0010332825755927,-0.0354157432000865,-0.0119769298292122,-0.001152228466405,-0.0230274414890715,0.0011043083634774,-0.0160344573641867,-0.0023388817179658,-0.0256580310880828,-0.013098006763023,-0.0288231605031433,0.001658374792703,0.0044746283278391,-0.0078528570293253,0.0039803578833952,0.0052351873993414,-0.0562519871008766
2024-09-26,0.012621138359343,0.0031959514426684,0.0256501129668187,0.0145563562153474,-0.0121098516054352,0.0055601156973108,0.0065946496692645,0.0209471766848814,0.0256198824140576,0.0033930589074622,0.0045880268320466,0.0097413952068774,0.0645163405980076,-0.0653852744932199,0.0209267563527653,0.0105831683857684,0.071944470499953,0.0063259578571694,0.0131563762261972,0.0368000000000001,-0.0095783667727845,0.0894962440383271,0.0108695652173913,0.00686888190746,0.0205373016395602,-0.0133197669040791,0.0027565543071159,0.0013956588032923,-0.0005982189481349,0.0043134435657801,0.0052942026510425,0.003699149031316,0.0052085766338114,-0.0163802978235967,0.0388600582579812,0.0378393680407647,0.0080628210625437,0.0066464128051597,-0.0106535426723867,-0.0008258119674726,0.0163642166195292,0.0140018937689858,0.0127224783343786,0.0172787408759123,0.0192793469864931,-0.0038793132732298,0.0084878048780487,-0.020000873400585,0.0129341541710306,0.0031826518502535,0.0,-0.0007777768333007,-0.0209706358327274,-0.021591477800815,0.0063831607769315,-0.0484266904708771,0.0111464269369896,0.0026740415033525,0.0176496457884054,-0.0180165182246145,0.0077016630454092,-0.0058479305233257,-0.0050078881475155,-0.0027249418639317,0.0226182219643034,0.0103712954220096,-0.0198712151922417,0.0398776604997956,0.004107705663972,-0.0015995915936357,-0.0192101953187121,0.0167529426588404,0.0562913907284767,0.0600574252765357,0.0037497434254332,-0.007929154892605,0.0066468555476759,0.0286955266260795
2024-09-27,0.0062274222246185,-0.0059134207796448,0.0041465100207327,-0.0060404317306608,0.010606264531163,-0.0110587435012875,-0.0083686343584244,0.0060805767445248,0.0087795465508924,-0.0028168534930004,-0.0136854704085167,0.0280354410292256,-0.0078183722506316,0.0452714572156929,-0.0087847730600292,-0.0122144467082017,-0.0074378718935946,0.0101725733662043,-0.0162255888420599,0.0146604938271603,-0.0466777548331635,-0.0015119611164764,0.021505376344086,0.0054544740047943,-0.0081425133396564,-0.0154096746976656,-0.0178832880150595,-0.0032508370992637,-0.0371037680323832,0.0028632784538296,-0.0065809419267158,-0.003377570442491,-0.0022190208425307,-0.0012810061721206,0.0010507743139063,-0.0091181857148423,0.0167556296914093,-0.0037749670361869,0.0010976476392654,-0.0045214110691921,-0.0026852613798777,0.0012549384150593,0.0038205811629052,-0.0048489265093335,-0.0037839609212588,-0.0094393670713409,-0.0042081841927058,0.0204090726794705,-0.0111718224613316,-0.0126722948145758,0.0110192837465565,-0.0054529291416953,-0.0040336225044393,-0.0038628890291294,0.0189770099306216,0.022045028142589,0.0044081814856375,-0.0217003932898638,-0.0054514214308029,0.0,-0.0102871338954688,-0.007955002322486,-0.0137537275438213,-0.013907074910465,0.0584229539509197,0.0046676614965659,-0.0048835969998487,0.0025813303869466,-0.0023381385725579,-0.0087948049291812,0.0071233522871747,0.0047091627294555,-0.0219435736677116,-0.0045149132451073,-0.0199156092889634,0.0098097202225766,-0.0003578237606158,-0.0053684838419162
2024-09-30,0.0123866934583611,-0.000911094160522,-0.0249053682037164,-0.0035459934452848,-0.0163286729721684,-0.001867009934458,-0.0025719647801573,-0.0113276514123373,-0.0160673297628156,0.0036743007058614,-0.0231043126985901,-0.0243398202767517,-0.0039430952366166,-0.0084369323743939,-0.0187099950763169,0.0070645675567955,-0.0375562020629465,0.0050350670936878,0.0109997555609875,-0.0053231939163498,0.0163194495493772,-0.0271693027312007,-0.0210526315789473,-0.0128899624010192,-0.0086972360092891,-0.0130562597445876,-0.0308197818580098,-0.0109518649281643,-0.0062143439282802,-0.0028551034975017,-0.0110417729977742,0.0018473594593351,0.004447911693816,-0.0102684818097015,0.0052651963783529,0.0046010460497856,-0.0176032942604729,-0.0023627798448014,-0.0173441636391996,0.0033063421209429,-0.0071763581882139,-0.0150446063081844,-0.0176809492371686,0.0024221940571749,-0.008542395879913,0.0128962516180561,-0.0035216398698207,-0.0300013101008777,-0.0234036946043134,-0.0112192288141746,-0.0136239782016348,0.0043067132550111,-0.0063259930967299,-0.0027675245992925,-0.0124157265870101,-0.0057365764111978,0.0116480043456255,-0.0081700870962114,-0.0034919089276644,-0.0110101247939721,-0.008941685848953,-0.0101120191380781,0.0027212590063347,0.0035530871233941,-0.0246501896168432,-0.0041808779843767,-0.010942108334066,0.0011039904695937,0.0029269937615916,0.0024245550683517,0.0098977657760508,-0.0060901339829474,0.0,-0.0070350288412988,-0.0093179238993807,0.0039574430370965,-0.028054475796303,-0.0086312323612417
2024-10-01,0.0397487694289091,0.0004559625050368,0.004278971282368,-0.0017793061305184,-0.0097214442530123,0.0,-0.0036785295551517,0.0053901202481834,0.0129357827890099,0.007042971644561,0.0141871792357228,-0.010820737392287,0.0004987344613043,0.018718042366691,0.0055193176116408,0.0017611730599889,0.0,-0.0020612152699344,0.0025832230479487,0.0175840978593273,0.0047738220955633,0.0124115787071747,-0.0053763440860215,-0.0054957237884066,0.0043834897302972,0.006946119338189,-0.010108144590416,0.0049480979864775,-0.0175106434167722,-0.0028632784538297,-0.0053577366621885,0.0012336767504428,0.0243899611661739,-0.0187913730514627,0.0015690522589328,-0.0045799733813512,0.0144869450498068,-0.0014249563914208,0.0011180973020725,-0.0016452892642443,-0.0162607849355364,-0.016628319986975,-0.0164126482794079,0.0566435334775645,0.0004769384697533,-0.0105160119367272,0.0197908796217309,0.002059697460832,-0.0016539285154686,-0.0178276355891748,0.0455801104972375,-0.0027296574514111,0.0267389225760381,0.0266586865589797,0.0075363298411625,0.0214631894761134,-0.0035633874146525,0.031779790997771,-0.0069977829846701,0.0120659771822562,0.0024387748612635,0.0059900708712432,-0.0145879912920686,-0.0040903131476078,0.0109874639672855,-0.0023352517552052,0.0026708365658134,0.0082659524160224,-0.0005816729316988,0.0402257444764648,0.0035036358827387,0.0089559030363199,0.0,0.0048801699075355,-0.005126571874743,-0.004479193054372,0.0273949479894963,-0.0163214955044719
2024-10-02,0.0088234295992126,0.0160097086349615,0.0042168145480101,0.00076520507496,0.0136503400521672,0.0214812408320781,0.0025881173064168,0.0321855401727606,0.0360487153446937,-0.0081143296902108,0.0046736502820305,-0.0139761605544765,0.002467504953703,-0.0228275970242896,0.0119760479041917,-0.001758076782522,-0.0078776220573416,0.0026556076976245,0.0033127292573646,0.0165289256198346,0.012530534479366,0.0191578591494876,0.0108108108108109,0.0,0.0451266840021429,0.0114850299401199,0.0335674758590069,-0.0018745362017605,-0.01697524620708,0.0236898779612346,0.0044906135745446,-0.0006160783337046,0.0396858626894045,0.0046227158455594,0.0125494787311142,0.0211700551863356,0.0041317552552304,0.0014269897896419,0.0071423154614582,0.0070064408548151,0.0036794130724766,0.0064744941529131,0.0061981696730279,0.0115935863004228,0.0181823834519065,0.0268545362113739,0.053360738669407,0.0133773629409981,0.0240042550223213,0.0033087204411628,0.0422721268163803,0.0023485505173215,0.011655355127325,0.0137957987298484,0.0249723275081341,-0.0031631269769544,0.0236704326260677,0.0,0.0095654290158402,-0.0045825374271922,0.0167871594504314,0.0189063179106248,0.0079188264314156,0.0008857288456405,0.0070685436545563,0.0168330338221154,0.0449004428790764,0.003825179677724,0.007303739339602,0.0641892449003149,0.0275629499649776,0.0042075808204014,0.0112179487179486,0.0054840913073486,0.0047244338424361,0.0093572527383554,-0.00948435361703,0.0199204148076692
2024-10-03,-0.0233205503414404,-0.0013509354837026,-0.02108301985828,-0.0236582418537987,-0.0422878269769362,-0.0201139178288148,-0.0092084671108888,-0.0097178987469025,-0.0105201410918408,-0.0095861322661656,-0.0108437600256656,-0.0049307379370718,-0.0221901766512102,0.0113966646984298,-0.0226824457593688,-0.0140300190958652,-0.0314837041824392,-0.0041240355078249,-0.018710150794454,-0.0325203252032519,-0.0098160032609415,-0.0285678179621042,-0.0053475935828877,-0.0048413039670027,-0.0162473040977714,-0.0230407653417633,-0.02118618065783,-0.0155036574537357,-0.0248216734213793,-0.0105189340813464,-0.0138562718001971,-0.0061514650717452,-0.0360812399320823,-0.0039440954351577,-0.0268471156969734,-0.0315396267104822,-0.0089795081967212,0.0047416652335208,-0.0314652684131144,-0.0143269389059428,-0.0302023457487458,-0.0221946130336534,-0.0246362452269363,-0.0298083747338537,-0.0056387342364806,-0.0212482688949696,0.0125017962350912,-0.0121810644853804,-0.0226326410708355,-0.0361827396035177,-0.024081115335868,-0.0101432667197757,0.0134844618450029,0.0122716729952518,-0.0377485069131965,0.0111060743427018,-0.0053777430826611,-0.0243355201871048,-0.0139606544318789,-0.0202578791144385,-0.0308687690742622,-0.0230227823557925,-0.0105853212435809,-0.0154259252524517,-0.0307621399176954,-0.0055197746545808,0.0050985186527878,-0.0045363414760248,-0.0084130440591018,-0.0225309335461427,-0.0451616303583977,-0.0176835336446451,-0.0316957210776543,-0.0191669882504833,-0.0188088740884633,-0.0249619935981176,-0.0135503704722932,0.0162682367406776
2024-10-04,-0.008955095363155,0.0144312127859604,0.0387846291331546,-0.0057338709925092,0.0244192050986793,0.0027932960893854,-0.0014899792787034,0.0030187805551351,0.0013260737296993,-0.0011407170712433,-0.0015568240788792,0.0065044700037519,-0.0055431244914564,0.0118293892588918,0.0171543895055499,-0.0071148307593501,0.0244041944709247,0.0059181897302,0.0089726566025087,0.0122230710466004,-0.0163706075793041,-0.0216758541067044,-0.010752688172043,0.0006961225175632,0.0023575613537867,-0.0016603444305746,-0.017303261602119,0.0004795922749853,0.0168216368943165,-0.0007087172218285,0.0027189320833986,0.0055692660974226,0.0021567055475886,0.0,0.0175054456986052,0.0102326197892503,0.0120839174720543,0.0198307902973395,0.0201332953252399,0.0020778582831879,0.0018957562468595,0.0019745434421694,0.0020088113771772,0.0189113766290063,0.0075643584625619,0.0083529854061996,0.0253372574211572,-0.0061712464795843,0.0090954235383289,0.0051227527546877,-0.0025974025974027,0.016156243006421,0.0004828793405249,-0.0026372077967414,0.016443341042035,0.0044832997085855,0.0137876906144469,-0.0059481728870578,0.0091040508508808,-0.0037629169360207,0.0345672169877337,0.0077360302931674,-0.0379707520057477,-0.006759543700019,-0.001671161593174,0.0194189739454218,0.0086948847524874,0.0164083268892658,0.0023408791601127,-0.0081801536156753,-0.0046219461484395,0.0033146300914381,0.0163666121112928,-0.0073085870004696,0.0060965070785474,-0.0012771141920293,-0.0018324257189261,0.0853789059773377
2024-10-07,-0.0082801164255614,0.0100554517230193,-0.0166035788024777,-0.0002594658709713,-0.0151680971275769,-0.0185962572089921,0.0048394659056161,0.0007546432756844,0.0092935934189204,-0.0185268632637688,-0.0219432172557172,-0.0036923610865632,0.0060854001534134,0.0239423680200772,-0.0054563492063491,0.0026783368033798,0.0,-0.0002937661219248,0.0055580399923336,-0.0150943396226415,0.0004379753857832,0.0094990359683531,-0.0108695652173913,-0.0104105864950225,0.004710372328623,-0.0026585413227153,0.0117386242204819,0.002622183746038,-0.001741060408461,-0.0092198581560283,-0.0097152997121493,-0.0089211890543999,-0.0021520641788354,-0.0059395693812198,0.0125111905648942,0.0046052717897582,0.0205204898439512,0.0064785287841371,-0.017717549195528,0.0020686477318405,0.0037615410919866,0.0019706523035865,0.0065876903216008,0.0324673598000373,0.0028140683097304,-0.0226414582726058,0.0107747002170968,-0.0165400291285153,0.0098336311913456,0.0101740551976152,0.0065104166666667,0.0019397738342297,0.0169242216610499,0.0140068411423117,0.0024926808866583,0.0160678419995536,-0.0079999288104221,-0.0106391675045572,-0.0010059461423809,0.0,-0.0114557826810427,0.0020954204035654,0.0078923313301049,0.0155449085466006,-0.0189647311798689,-0.0113386103610091,0.0028720437920106,0.0007172759411644,0.0084646092636897,0.0262373428596545,0.0007135172704453,-0.0066073592311437,0.0112721417069243,0.0088034600154882,0.0043312353911908,-0.0142819598567489,-0.020182200688756,-0.0019721963192815
2024-10-08,-0.0068335932435036,-0.00176881983525,0.0253258682529962,0.0144164519338314,0.0227371636435298,0.0142114731161302,-0.0003692252761074,0.0052607766077306,0.0013198416190058,-0.0037781212433453,-0.0144311407077735,0.0071024468284124,-0.0241943682016875,-0.0261015613887277,-0.0334164588528679,-0.002671182477043,0.1270240089335568,0.0011754097832736,0.0143583227445995,-0.0191570881226054,-0.0008755672946429,-0.0470235694116291,0.0109890109890109,0.0042096587833195,0.0224886420999494,0.0143384008666334,0.0014503034602348,-0.006896896218303,0.001525264240541,0.0064423765211165,0.0041058828327873,0.0183174921621791,0.0280710470748974,0.005975058656668,-0.017507921950255,-0.0155809215337999,0.0073152274447154,-0.0068989832575778,0.0045657054861347,-0.0053761862831425,0.0,0.0072100437894402,0.0059787631315892,0.0134954156794067,-0.0037432504989313,0.0169444502243769,-0.0087786947277378,0.0063025210084033,-0.0154147359061608,0.0201812504759728,0.0206985769728329,-0.0038720367928037,-0.0216344795633552,-0.0200673409125854,0.0124324143915626,-0.0311882275422799,0.0037646031617881,-0.0067669452488855,-0.0140499789118515,0.0,0.0347656153776676,-0.0010455193991015,0.0096135291802064,0.0092769473960463,0.0045501838107788,0.0229372978045587,0.0128966673494315,-0.0016131869046289,-0.002895595296407,0.0116891207849856,0.0103552481860766,-0.0028513047195087,-0.0414012738853504,-0.0303042373065475,0.0038823376959957,0.0053880682541704,0.0170402150638471,0.0532041712757618
2024-10-09,0.0,-0.0256754617548982,-0.0494006228403225,-0.0131790548360765,-0.0114731196608645,-0.0018623992432154,-0.0203838925847604,-0.0231833665742979,-0.0197098634107236,-0.0131187796614939,-0.0357720563456224,-0.005825721569582,-0.0113618606104802,-0.0089318315872258,-0.0366357069143445,-0.0107537749388529,-0.0634134258112459,-0.0340790298975538,-0.007628711010898,-0.028125,-0.0227846991981538,-0.0016499796992026,-0.0163043478260869,-0.0216520227865212,-0.0050418404877687,-0.0144717105657888,-0.024635194484235,-0.0181972996859932,0.0010903123887018,-0.0128022759601706,-0.0118177509985782,-0.0106699090359368,-0.0224060100827043,-0.0131990430693774,0.0015762907977037,0.0055854063018243,-0.0243183082915972,-0.0226925992381429,-0.0240915356657235,-0.0112236315973264,-0.0178173972291617,-0.0162651815658356,-0.0183883910157861,-0.0243952022768855,-0.0150241759582677,-0.0199972718592279,0.0025304122099658,-0.0344752843469432,-0.0131986836049772,-0.0313153180053746,-0.0114068441064638,-0.01165277612751,-0.0077761799984985,-0.0101062501200838,-0.0159554302856483,-0.0092949444570391,-0.0117846822961661,0.0007985991240364,-0.0208646365264818,-0.0113217049383553,-0.0321956922523494,-0.0094116536102267,-0.0232717264578276,-0.0151723137022502,-0.0079267534834904,-0.0044855607433766,-0.0396054435015764,-0.0236989358115147,-0.0075457322167342,-0.0137170832339061,-0.0035358170589462,-0.0138215844637862,0.0448504983388704,-0.0026176544173385,-0.0184691801687372,-0.0044369681377399,-0.0057072055631327,-0.0645477071797852
2024-10-10,0.002293537516981,0.0072693539342036,-0.0302921509671049,-0.0013086540924761,0.0,0.0065453683867591,-0.0087052359860615,0.0084201396731322,0.0053626892077847,-0.0002958790817053,-0.021913499344692,-0.0132628045500085,0.0041754753390104,-0.007328893297435,0.0117836100696304,0.007243711559288,-0.0074936083928415,-0.0069930069930069,0.0021963873215433,0.0032154340836012,-0.0022419178860207,-0.0247040703308875,0.0,0.0035692844160437,0.0032252662395257,-0.0070011810688063,0.0519996126658273,-0.0017089137968259,0.0167450225464131,0.0050432276657059,0.0006905793467448,-0.0123294513525592,0.0100329187591987,-0.0127144083962215,0.0020928324673659,0.0074146392949494,-0.0074431072834084,0.0161112965617453,0.0065204931497651,0.0534025736299921,0.0047750633013838,0.0009924917774504,0.0054739367269449,-0.0227391123150656,-0.0252622233234225,0.0260773342241522,-0.0176681776971894,-0.0032492467655225,0.0083595118045107,-0.0680268177089352,-0.0025641025641025,0.0196517049796913,0.0166549774315305,0.0115519238110026,0.0274367263529922,0.0270022883295193,-0.0016247957701048,-0.0148204793589706,0.0015618770922873,0.0171721327534186,-0.0086801807095555,0.0066849114835101,-0.0166094623841074,-0.0031438431025799,-0.0176784197998303,-0.0157629255989911,-0.0231967807594226,-0.0045964032029305,0.0070205802332785,-0.0146414941192081,-0.0056729781300454,0.0106280910252263,-0.0095389507154212,0.0047585886722378,-0.003940093741616,-0.0016697875791656,0.0033326957741417,0.0069982667843944
2024-10-11,-0.0175494182464662,-0.0022530022686121,0.0312384302110328,-0.0002626918809667,0.0108807181977912,-0.0055808387932049,0.0049655587507524,-0.0136625484908483,-0.0133352104304027,0.0005919333040933,-0.0448267852995302,0.0050016323865491,0.0119693322752225,-0.0102151519996347,0.0005293806246691,-0.0089971294389727,0.0075501865340203,-0.0039822266934943,-0.01423263429687,-0.030448717948718,-0.0152842897873382,0.0025285459529955,0.0055248618784531,0.010669769805043,-0.017447000562607,-0.0235304215611742,0.0056608983799706,-0.0083062689237041,-0.0295188456072711,-0.0014336917562723,-0.0027576726010029,-0.0065511046047378,0.0014126807563961,0.0033869602032177,-0.0375978792367925,-0.0376908771837921,-0.0022492663205203,-0.0111937774771727,0.0057849191826775,-0.013571006964939,-0.0047523704317407,-0.0033079898626117,-0.0074500700937241,-0.0162584290626082,-0.0146689685120264,0.0337029877573167,-0.012839728586301,0.0260550023707917,0.003316083879469,0.0073178294573641,-0.0539845758354755,-0.0131083066998479,-0.0016888797288632,-0.0007962980137321,-0.015781150654559,-0.0138146167557933,-0.0157460106583735,-0.0085426096934363,-0.0072683057159526,0.0065679863632424,0.0111878472078628,-0.0006983791291172,0.0044055668535814,-0.0064307097187489,-0.006971899842707,0.0022865027349332,-0.004143563704298,0.0012923120105099,-0.0072625380764974,-0.0037147632135473,-0.001424490910567,-0.0033463410540449,0.0032102728731941,0.0143665204738288,0.0048323721401863,-0.0210028314397333,-0.0001848556970215,0.0248324835731064
2024-10-14,0.0031085390762173,0.0090375739876404,0.0606291791949018,0.0207179246216242,0.005742016347606,0.0177734818073322,0.0072160574955495,0.0138517993714462,0.0148630223856933,0.0032501434410892,0.0017956679510682,0.0146183632630785,0.0,-0.0091725653761616,-0.0042328042328041,0.0081678607983624,0.015075376884422,0.0046126004797777,0.0088928639877339,0.0115702479338843,0.0013690989300745,-0.0025221685339562,0.0164835164835164,0.0133707400530287,0.0126160138430078,0.0237458403968104,0.007017222705292,0.0039402676129223,0.0189565282788488,0.0071787508973437,0.0142878326870901,0.0266953792981032,0.0070867628600308,-0.000675105485232,0.0016260915356438,0.0066820903647251,0.019157750105929,0.0056626912196529,0.0121926375136212,0.005260865194518,0.0085904891838455,0.0049739924877099,0.0063538724173037,0.0307242136064374,0.0009942815375354,0.0106886958347549,0.0052056843679881,0.037038748584764,0.0173345046228245,0.0344148248476268,0.013586956521739,0.0101591500618678,-0.0016888695183424,0.0023939983613272,0.0345198853754287,-0.018752824220515,0.0096539665010124,0.0127179583187957,-0.0015653664055892,0.0186377596417874,0.0211629536525315,0.0115451282638481,0.0179095015452888,0.0216798303802805,0.0035104242476133,0.0150692744132079,0.0015111976943211,0.0090403486880397,0.0078983620582222,0.0126804681040513,0.0096419649060564,0.0062415139618352,0.0031999999999998,-0.0032197926328646,0.0013139706616631,0.0098724754408443,0.0160603819516667,0.0164672081797345
2024-10-15,-0.0030989060058047,0.0076180434962376,-0.0081662012355081,-0.0056512916805475,-0.0002369971134282,-0.003672872108461,-0.0018870963079806,0.0022755982404429,0.0086544244573412,-0.0011793332504483,-0.0072071399230742,0.0147151108435894,-0.0128517543973349,-0.0046287401093429,-0.0106269925611052,-0.0017969908018437,0.0,0.0030623444739554,-0.0066108585250946,-0.0098039215686275,0.0068361353048409,-0.0135210667802294,-0.0054054054054054,-0.0034726111795676,0.0152302243211335,0.0053847852218924,0.0013936648841894,0.010062369756191,-0.0116811423683999,0.0178189593727726,-0.0004548420371507,-0.0003066263920511,0.0077317597749959,0.0175722774101427,-0.0064995840266223,-0.0085303700098687,0.0003713510720744,0.0014040576781064,0.0,-0.0092571428571429,0.0047343925533622,0.0059348103035765,0.0114750606653024,0.0091738296138579,0.0094175002281891,0.0021164295962554,-0.0077680883359624,-0.0102045363397352,0.0016244036728623,-0.0070031345474745,0.002680965147453,0.010052755848972,-0.0113595565321039,-0.0082216886550274,0.0154991593947642,-0.0029933225880728,0.0092882078954326,0.0068820348639346,0.0,0.0338602571688879,0.0037673381659926,0.0010382878399319,-0.0089762553522771,0.0121117239789076,0.0099042987358333,0.0238400844719774,0.013608273830489,0.0005479018638308,0.007258339404228,0.0058879407123624,-0.0038909651277283,-0.0157371184703247,-0.0239234449760764,-0.0122703117053504,0.016156377779994,-0.000753236500149,0.0270714430584171,-0.0228718097930002
2024-10-16,0.0046583294513919,0.0017798340189367,0.0452625741222645,-0.0149882433206223,-0.0159411681666724,0.0129170314171773,0.0109550956916024,0.0022793703574588,-0.003298873272157,0.0032434393259903,-0.0036297299330473,0.0036254291195476,0.0140563962840167,-0.0005849389908633,-0.0010741138560687,0.0054108481402752,0.0296161195066875,0.0030488186871704,0.0011091421359272,-0.0049504950495048,-0.0040738319167127,0.022268389858709,0.0108695652173913,-0.0041832605344295,0.0181844890164706,0.0180564875251632,0.0139323803040618,0.008504077072527,0.0674096591957407,0.0021008403361344,0.0072753669509819,0.0042842972186329,0.0,0.0126140127196323,-0.0043614033251339,-0.0124488682847013,-0.0140011943381914,0.0014069405834435,-0.016590722395018,0.0052822317068483,-0.0028295321003569,-0.0045892206267815,-0.0059563427153251,0.0477182746405502,-0.0024574075945595,-0.0084413607240264,-0.003262043313936,0.0103097424815414,0.005676192427191,0.0370207579965236,0.0026737967914438,-0.0030610836738022,-0.0029342552511547,-0.0050801459012752,0.028160131182694,-0.0122401847575056,0.007306191749151,0.0293679506277932,0.0078501053465431,0.0327422051021148,0.0124379565150314,0.0034547701953933,-0.0010880067872769,0.0098803920980845,0.0063503685607473,0.0232849688477203,-0.0130504485721506,-0.0047510243432151,0.0089345551301531,0.0183018676490098,0.0156246555005989,0.0242248731369059,0.0081699346405228,0.019125688157259,-0.0073040585564412,0.0216386173536229,0.0116748393002479,0.0321915113100998
2024-10-17,-0.0061793344509041,-0.0026624477110629,-0.0236307240225287,0.0002628299675635,-0.0087046430176095,-0.0236801167681346,-0.0014936855975969,0.0045305365296803,0.0066195837120945,-0.0014711356103439,-0.0072859057362352,-0.0009054411353225,-0.020543067281297,0.0221060763909211,-0.017741935483871,-0.004481401677238,-0.0144242935470264,-0.0048674464018787,-0.0144028729338053,-0.0140961857379767,0.004090495909504,-0.0226190999868032,-0.010752688172043,0.007700184643171,-0.0223261517745504,-0.0085445503025946,-0.0343448810909199,-0.0055408570437196,-0.0137375865801311,-0.0125786163522012,-0.0133162309043043,-0.0039606083546417,-0.0188472736028719,-0.0222912615572591,-0.0038373254367368,-0.0019329807944551,-0.0306425607490403,-0.0074850662028671,-0.0284270748551872,-0.01212976022567,0.0,0.0016490969864082,0.0019973444397789,-0.0347056483691329,0.0108349640878526,-0.0042598787371942,-0.0150545077002942,-0.023472661646094,-0.014505054277251,-0.005086117211883,-0.0186666666666666,0.0,-0.0046590909090908,-0.0075232249233925,0.0080050299805241,-0.0016366612111292,-0.0059113418267779,-0.0097694649495109,0.0103925592768874,-0.0085682114078607,-0.011588925495636,-0.0051643137757778,0.0141476975585588,0.0064116644799725,-0.0154819121175869,0.0008599048556887,-0.0238014267252932,0.0100995619583812,-0.0094276027845462,-0.0007204500513511,-0.0080430991439508,-0.0137221536258651,-0.0162074554294975,-0.0253439138911008,-0.0199139335092128,0.0036813011209619,-0.0169599124367219,-0.0359166683838528
2024-10-18,0.0015521959535238,-0.0040043328935411,-0.0120804246958994,-0.0094408447917696,-0.0148781406829363,-0.0065308049413801,-0.0011229646266143,0.0037643382222378,0.0078958945979115,-0.0050021300766827,0.0312018709714221,-0.0018062299198524,-0.0047196314192604,-0.0352850230480716,-0.0071154898741104,-0.0054059546794023,-0.0145498117083191,-0.0033640448874048,0.0,-0.0067283431455004,0.0018105919629836,0.0,0.0108695652173913,0.0020803661444415,-0.0109568489528892,-0.0076149494754144,-0.0071071009208331,0.0026641079599765,-0.002493271297127,0.0205237084217975,-0.003886352796893,-0.0064228443186044,-0.0092365356298245,0.0006705732639391,0.0115445953235302,0.0019367244456127,-0.0104104222426735,0.0018841584255075,-0.0092761106470743,0.0008179345458769,0.0028375610704927,0.002628900199159,0.0048437210952925,-0.0089883589162459,0.0087670712601477,-0.0165678066192488,-0.0026581930398117,-0.0177624148670386,-0.0024545266639106,-0.0324929321095232,-0.0190217391304348,-0.0042240110067576,-0.0054215297964584,-0.0027093290905653,0.005659430101474,-0.0121779859484778,-0.0024321098628218,-0.0071066862619075,-0.0133702839362115,-0.0224752000851804,-0.009377716228393,0.0053317396704866,-0.0110889246457165,-0.0161983919586132,-0.0069922119265534,-0.0390366254174577,-0.0023238276351057,0.0138154184903735,0.0063437790466074,0.0179858874060439,0.0059927853138461,-0.0023933638070791,0.0082372322899506,-0.0034576665915408,-0.001327316166711,0.0056884297260748,-0.0177869573447051,0.0039221134527422
2024-10-21,-0.0038789551008707,0.0067007200696873,0.0163324024710163,0.0108540292228664,0.0123782889357608,0.0187806906383654,-0.0026218288795066,-0.0022465947284626,-0.0026113459535624,0.0038462773529903,0.0,-0.0114717147675865,0.0010559942617669,0.0129813085776355,-0.0016538037486218,0.007243711559288,0.0222338023276011,0.0030689270090764,0.0078687253698559,-0.0067739204064352,0.011752598021989,0.0008551316902802,0.021505376344086,-0.0097015282901354,-0.0064654100561992,0.0023385544810112,0.0257842649072574,0.001449947801879,0.0416820924711616,-0.0117891816920943,0.0050506294134866,0.0033848446943955,0.0050216177265356,0.0026804955870818,-0.003257498913201,0.000980297402902,0.0190903196082112,0.0108208446202715,0.0194478645918321,0.0036801152877115,0.0009469805013291,-0.0062327848011863,-0.0051021558299081,0.0158787910288729,0.0009621669673438,0.0027155238559104,0.00666319465719,0.0287224157955865,0.0090134424616019,0.0353454487230806,-0.0083102493074791,0.0038543843094964,-0.0183282364333667,-0.0157476453723106,-0.0045081161218099,-0.0061640587956377,-0.0035229519263224,0.0071575527436598,-0.0020806298833204,-0.037133857981828,0.0063888076461764,-0.0052374125317138,-0.0108486404893063,0.0115243708664862,0.0134889512250973,-0.0401801593939568,0.0120282466612167,0.0089655811736037,-0.0054428321199666,0.0212017329063853,0.0101629406176806,0.0038438419437503,0.0245098039215685,-0.0036317445000838,0.0035406698564592,-0.0065670404928407,-0.0032609537628496,0.0253888161466484
2024-10-22,-0.0007824092809929,-0.0202294825123265,-0.0120732722731057,0.0083819061967449,-0.0161392327088449,-0.022117487002575,-0.0120205361109738,-0.0052656773575874,-0.0065416183595279,0.0114875119513488,-0.0142346129734115,-0.0128230476822206,0.0042128867894484,0.0058244462674323,-0.0171176145775814,-0.0053962489983466,-0.0145284621920136,0.0009166056293816,-0.011153274191067,-0.0034100596760444,-0.0035726513538859,-0.0162606013184757,-0.0105263157894737,0.0007014827894824,-0.0055751614356509,0.000656183925924,-0.0363161966596381,-0.0103738344819598,-0.0070016846611502,-0.0196491228070174,-0.0079952088636021,-0.0082846896840562,-0.0421455938697317,0.0106933189540596,-0.009269435867018,-0.0116279069767442,0.0745415196306202,-0.0195447118420227,0.0007057419749136,-0.0020332645942143,0.0009346859683119,0.00363342394684,0.0017069228561501,-0.0267843438219492,0.0019329324675187,-0.0157167001583646,-0.0092667265174455,-0.0382622243798901,-0.0170529900488571,-0.0187705393388749,-0.0391061452513966,-0.024971989912172,-0.0047942864338784,-0.0038628890291294,0.001124534609832,-0.0073950381679389,0.0141386036805735,-0.003160346655641,-0.0130584833504336,0.0009144214634515,0.0007065460828017,-0.0105299748858537,0.0054857940131913,-0.0116123984137429,0.0040528422851251,-0.0069761967958572,-0.0057518621501492,0.0232807566245902,-0.0103714415540909,-0.0131475073595054,0.0006927270834753,-0.0268196214998187,-0.0191387559808611,0.0013259639247018,-0.0202737781168218,-0.0154283218502968,0.016534392788025,-0.0123852830031976
2024-10-23,-0.005454152716276,0.0,0.0081331647703328,-0.0119494101834816,0.0042241292950879,0.0009440618509573,0.0011408965614876,-0.0030210672655329,-0.0039492700419657,-0.000583313713846,0.0036100407766264,-0.0018575051283293,-0.0199190026624737,-0.0133174875039323,-0.00561797752809,0.0,0.0441417363565825,0.0024462248686982,-0.0067544792179843,0.0034217279726262,-0.001344547858434,-0.0026147137071338,0.0053191489361701,0.0055998710821045,-0.0046688689633475,0.005003157332297,0.0289955452012531,-0.0024395953270959,-0.0096716922529401,-0.0100214745884037,-0.0131281420825009,-0.0111385321948451,0.0067134502923975,-0.0013225227120732,-0.0115572668736683,-0.0137045565557183,-0.0281035006661627,0.0033232064025801,0.1228530644195791,-0.0040844703224123,0.0037694164806632,0.0069041823412261,0.0062581053774466,0.0091738296138579,-0.0067417839396418,-0.0110124117790216,0.0006681001382276,-0.0161297896318557,-0.0041348212886713,0.0017336826966645,0.0101744186046512,0.0023670574463323,-0.0141990762917907,-0.0124605294307902,-0.02937203054084,-0.0098534006248497,0.014209882802016,-0.024147348103735,0.0052925054342689,-0.0009135860607487,-0.0042309547090685,0.0124143920105788,-0.0080024598694377,-0.0102135060573348,-0.0086425743479391,0.0004690194970899,-0.0092513207423919,-0.0005204019555385,-0.0014545503294522,0.0049044162174689,-0.0062409882282049,-0.0034434927163112,0.019512195121951,-0.0175471737319432,-0.001800593709277,0.0011190063223855,0.0044677320106658,0.0405020445490955
2024-10-24,0.0062713797035347,0.0054557426394508,0.0443506249216236,0.0068355622761246,0.0269811184819415,0.0150609586593066,0.0011395963998734,0.0045498020076337,0.0019785847299813,0.0011673083346517,-0.0018078464262416,0.0105378988931323,0.0058848113894356,-0.0011749563081575,-0.0169491525423729,0.0144612717352505,0.0421930476426388,0.0070079131018774,-0.007949042590683,0.0076726342710997,0.0107708648106872,0.0200742472157295,0.0476190476190476,-0.002788349825728,0.0164303370147234,0.0172184630256162,0.0197035291957961,0.0083083094093618,0.0075282846659439,-0.012292118582791,0.0121348964474006,0.0087616276741984,0.0088877012802937,0.0026485481892808,-0.0022268408551069,0.0009904772685467,0.0153719737053068,0.0037825707762109,-0.0731510959066724,0.0081975955012605,0.0084294839068332,0.0058766647619883,0.0090440438190291,0.0204469681183578,-0.0096957416428693,0.0484363785501897,0.015356043804247,0.0360696814222645,0.0082952370130153,0.0468857553051311,0.0172661870503596,-0.0129751917082429,0.0033434185996761,0.0067292433399734,-0.0174684098586263,0.0184466019417475,0.0150663785118863,0.0141988427143608,0.0052646422863591,0.003667112879202,0.0266708763555509,0.0031542420461634,0.0054998768091176,0.0063258542023911,0.0104629222409804,0.0205969381839812,0.0019450121975341,-0.0026070312843754,0.0043700073840369,0.0118664117310081,-0.0013931899719196,0.0088876131261543,0.0159489633173843,0.0058971243106882,-0.0008992123766291,0.0018642565728017,0.0012456236100435,0.0222460195587166
2024-10-25,-0.0062322946175638,-0.0090487624868765,-0.0154498879282741,-0.009137352660573,-0.0231369681532787,-0.0064944591700002,0.0003780482738564,-0.0113096403338612,-0.0145196886978743,-0.0017489209719504,-0.010810709884611,-0.0012266362623143,0.0302973442075846,0.0005852136029651,-0.0040229885057471,-0.0062328471042393,-0.0337505942006021,-0.0099872001458105,-0.0045787063838744,-0.0059221658206429,0.0013320111888941,0.0094082760479847,0.0505050505050506,0.0104614445149731,-0.0230933810998743,0.0,-0.0483370088662856,-0.0111488882020326,0.0008065823605707,-0.0204978038067349,-0.0076101409936591,-0.013957703527793,-0.0146823431868169,-0.0072642677573073,0.0039041809254574,0.0,-0.0555158597003729,-0.0075366337020296,-0.0649010416302807,-0.006909617206245,-0.0102153319982899,-0.0094124021726306,-0.0112055842275275,-0.0200372667636623,0.0200690170634354,-0.0191157966110535,0.0190691416996704,-0.0369214469153431,-0.0074034260350925,-0.02156638049257,-0.0127298444130127,-0.0003958518209183,0.0099968322042984,0.0069626345321185,0.0130357967116048,-0.0073879885605339,-0.0015613277368857,-0.0223984331885196,0.0062822847272268,0.0,-0.0314952216393152,-0.0024447216942814,-0.0123939832270202,0.006502851018479,-0.0092032938104164,-0.0183488504185909,-0.0081556608429572,0.0278736678026416,-0.0029006623401794,0.0006911358155403,0.0083816449565556,-0.0161531028559157,0.042386185243328,0.0340035668478126,-0.0117273910214704,-0.0063234901521702,-0.0142169286761828,-0.0317336390409741
2024-10-28,0.0109771768836763,0.0109618642512101,0.039230831774941,0.0110665577507833,0.0074024151760558,0.0168049853805487,-0.0018978326501966,0.0167760167760167,0.0180810938236679,0.0023324620315285,0.0236886313444948,0.0217987320949293,0.0175488805921608,-0.013505210671834,0.0351990767455281,0.0125539943147905,0.0140209904886847,0.0067280897748098,0.0022998836840435,0.0272340425531916,0.005764370279498,0.022032902467685,0.0288461538461539,0.001383598788158,0.0028331497622064,-0.0055354279265902,0.0377394183021992,0.002941836220623,-0.01251017540165,0.0037369207772794,-0.0034854298512255,-0.0034583157230932,0.0067084287784582,0.0079826437971985,0.0161191835476433,0.0119022376772259,-0.0870212161235851,0.0113957171383323,0.0679561602079925,0.0016365344204827,0.011264179681284,0.0095018372865505,0.0121812009973265,0.0204469681183578,-0.006719151921428,0.0021668472372697,0.0193501494463439,0.0372367775957525,0.0157557337246065,0.0339074170074686,0.0143266475644698,-0.0015927378118567,-0.0020296393695754,-0.0016586785860598,0.0,-0.0168067226890755,0.007041313682256,-0.000819181582421,0.03017663169749,0.0073262137563754,0.0059334165715885,0.0108548273981141,0.0029532994517587,0.0047080359653266,-0.0011619833071178,0.0084125786163522,-0.006655304962245,0.0084747581322985,0.0049501632179747,-0.0027552864763192,0.0138568791555404,0.0412940399735908,-0.0015060240963855,0.0186286834029651,0.0191686279673246,0.0080478943949442,0.0142414080411668,0.0140443990813983
2024-10-29,0.006982052544421,-0.0049701428267555,-0.049055275202441,-0.0083403988645996,-0.0164096686809752,-0.0055090817551606,-0.0056960023965649,-0.0134985616286789,-0.0144719475768171,0.003492306396361,0.0302393332595787,-0.0096155354918076,-0.0010163641012529,0.0142889652776947,-0.0033444816053512,0.0070833416588407,-0.0207002506670977,-0.0115416905646575,0.0057365158908084,0.0016570008285003,0.0092583067585638,-0.0248765319187854,-0.0327102803738319,-0.0020725306313674,0.000945947661795,0.0196490641312008,-0.0153883546765103,0.0007333018013557,0.0241131115941435,-0.0171258376768429,-0.007225822940946,0.0113635216145895,0.0044347442476027,-0.0237657769811688,0.0109451575262544,0.0039254033666271,0.0071051860533255,-0.0117390183768641,-0.0058879631378528,-0.0073572063884914,-0.0064966448987849,-0.0094124021726306,-0.0106322990399027,-0.0378538428159378,-0.0067593726130311,-0.0005438567401757,-0.0158250873108265,-0.0253398047059636,-0.0040841945968254,-0.016397704692752,-0.0169491525423729,-0.0007976393362594,-0.0025444754361416,-0.0022152458288989,0.0,-0.010989010989011,-0.0031085515417436,-0.0180197784272413,0.0050519255159384,-0.0190774567120759,-0.0054249402801814,-0.051266930305343,-0.005155050513111,0.0038166575368565,-0.0005816675415325,-0.005099240602329,0.0007889595752141,0.0010089922667571,-0.0002901441049053,0.0186550944174703,-0.0023934017061384,0.0076451878284837,-0.0301659125188537,-0.0034989846048306,-0.0058243751715821,-0.036202856926914,0.0120869115326345,-0.0212378335396724
2024-10-30,-0.0038490599582202,0.0045413544811332,0.0357069398165288,0.0044670377839526,0.0134443146688818,-0.0046147106070193,0.0076409666283083,0.0030417227456258,0.0033363093839575,0.0,0.0293696531481548,-0.0094046966446653,0.0005054997088578,-0.0005904303056067,-0.0111856823266218,0.0008829102308463,0.0281562216167121,0.0058361259560439,-0.0011407591949125,-0.0049627791563275,0.0004368274677111,0.0016971710837776,0.0434782608695654,-0.0020688777134126,0.0301465784616554,0.0067475750902017,-0.0056776104665515,0.0073276446385455,-0.0207501116297136,0.0007575757575759,0.0096289994907068,0.0084268821534478,0.0184234858992142,0.0074438828030174,-0.0032491516424664,0.0048840898338573,0.000413666448469,0.0071251076393159,-0.0173111025624185,0.0057657657657659,-0.0028057155140229,-0.0042612696466145,-0.0028310022872999,0.0208255955855043,0.0111877798261785,0.0064900161255001,0.0173659113591837,0.0400861100268503,-0.0024605661892306,0.031661820790696,0.0301724137931034,0.0167725218544434,-0.0086678320724936,-0.0044436716965864,-0.0058448292115765,0.0175308641975309,0.0067566786502823,0.0258558784596352,-0.0060297262335331,0.0055607836427411,0.0113878122974384,0.0204472973247475,0.0014799306959285,0.0067323490856463,0.0093049995741418,0.0279488465396187,0.018903418215187,0.0139362761249817,0.0078228206188868,0.0217128722180832,0.0102734386074334,-0.0128030452734818,0.021772939346812,-0.0030322953109604,0.0049542744830499,0.0148335864755992,-0.0516326205295549,0.0235908721629765
2024-10-31,-0.0224340097446057,-0.0004515633434373,-0.0229971799658418,-0.0065412288628253,0.0132687134519009,-0.0148374918085699,-0.0015157744361526,-0.0341178470153593,-0.0439068939677782,-0.0066665034434274,-0.0268451708250021,-0.0039824834702945,-0.0035495011511894,-0.0029361722239289,-0.0067873303167421,-0.0008821313880189,-0.0342916800513974,0.0009196670805167,-0.0057103100632728,-0.0174563591022443,0.0065495509918929,-0.0008471477871608,-0.050925925925926,-0.003460593882563,-0.00594768988277,-0.0022341168256923,0.018573113207547,0.0053320918458275,-0.0122255937970294,-0.0098410295230886,0.0037222941305268,-0.0058812075287377,0.0108609301586579,-0.0053758111374606,-0.006513696131733,-0.0019386017142778,-0.0829853459048052,-0.0028289026886789,0.0046355529245518,-0.005732712289502,-0.0056272194048307,-0.0062553438445556,-0.0065241506383137,0.006808908755425,0.0033650390157,-0.0026900330320231,0.0139084686151118,-0.0145794477550836,0.006577694691108,-0.0306901158428344,-0.0348675034867503,0.005105346026625,0.0046300540937014,0.001672555315233,-0.0047096753800929,-0.0055811696190245,-0.015483715402766,-0.0105674635135762,0.0060663043882434,-0.0147372998317356,-0.0143098381799566,-0.0268335602640358,-0.0025870527222122,-0.0066873276613798,-0.0195987426425603,-0.0099671664072829,-0.0212586530864551,-0.0102679234404619,0.0069014825774802,-0.0033200954261968,0.0115264677304505,0.0033607956341263,0.0060882800608828,-0.0065616414333313,0.0,-0.0007605274074555,0.0020363254179391,-0.0221228713517858
2024-11-01,-0.0079052105013328,-0.0253197422329769,-0.0901699325148386,-0.0329183869866203,-0.030069003708067,-0.0188336444144394,-0.0091167711989885,-0.017272516786293,-0.0180917158555601,0.0002922524920687,-0.0068964285076199,-0.0255223621753902,0.0066172459163698,-0.0223794372255895,-0.0182232346241457,-0.0008729898911737,-0.0354261954261954,-0.0106833947969612,-0.0218105963587394,-0.027072758037225,0.0104159135493635,-0.0101922424718418,-0.0536585365853657,0.0097217110211398,-0.0202353669866831,-0.0201404114381675,-0.0589077614441312,-0.0086792930663337,-0.0002070063364638,-0.0321100917431192,-0.0289692993356196,-0.0221036661277418,0.0651390463787315,-0.0391297014673637,-0.005466582744714,-0.0097395840559401,0.0280508592155075,-0.0350034787891854,-0.0380727906899387,-0.0078207937667396,-0.0094241673987699,-0.0047165815928492,-0.0054958364875095,-0.0224568286827907,0.00766794725366,-0.0247648136027978,-0.0442635170001719,-0.0634275822273514,-0.0326563601657752,-0.0549975455952874,-0.0245664739884392,-0.0214914695726037,-0.0194569929272188,-0.0136464529281197,-0.0165459857723577,-0.0275744265495362,-0.0039332656893272,-0.0016450943372101,-0.0226141133609651,-0.0280349621499228,-0.0299848376113571,-0.0147072059172469,-0.0299969083630786,-0.0292130566051165,0.0170496930051069,-0.0361553244961315,0.0521323049639457,0.0036805722274788,-0.01142363097234,-0.0093258139667026,0.0371988667297802,-0.0186692146959689,-0.0438729198184568,-0.0004836052310271,-0.0085127475700955,-0.0047497914080466,0.0109032435944649,-0.0443015215805534
2024-11-04,0.0103605012789607,0.032466529214016,0.1077301161751562,0.0299557661318798,0.0357505688353778,0.0422253028018659,0.0057504071456153,-0.0018188672132694,0.0013386435632862,0.0105004153701018,0.0295043626877753,0.0444950515280444,0.0172026830574612,0.0234978241633028,-0.0104408352668213,0.0228863625080673,0.1102681265626348,0.0148050270391211,0.0152515150288159,0.0504347826086957,-0.0047273317050832,0.0248954050349852,0.0927835051546392,0.0371415213205168,0.0305152892535858,0.0110924649789931,0.0730195215125124,0.0153244819456508,0.0068077775960346,0.018167456556082,0.0300695860384299,0.0235572499906639,0.0383038377620608,0.0217658416710548,0.0016525051274538,0.0088406304728545,-0.0198049866729645,0.0323533891850722,0.0167912383229509,0.0207466232134443,0.0152267308600453,0.0126535786111969,0.0135034329471586,0.0626336774840907,0.0485272827503773,0.0392022614342753,0.0534900113984042,0.1038396135741923,0.0388163976391948,0.1269853954807904,0.068148148148148,0.0247596447453368,0.0010424131865267,0.0022605515065812,0.0625020182775213,0.0258469259723965,-0.0105262233514722,0.0362132925793272,0.0519253208868144,0.0307684714476086,0.0402347443956165,0.0011210622687809,0.0030547874894448,0.0233832730472187,0.0005783078149133,0.0275367727883921,0.0022540429659547,-0.0003324111415773,0.0095338172845746,0.0497637637207033,0.0720504453419637,0.0326827806845784,0.0379746835443037,0.0103169974741017,0.0226003130026517,0.0190898383825164,0.0272397140612008,0.0660818524849229
2024-11-05,0.0007922920005827,0.0053922959828685,0.0077850832963577,-0.0134857164228412,-0.0024129722251495,0.0101262135922328,0.0003797774754397,-0.0024075455309344,-0.0127540852929454,0.0135682610679737,-0.021913499344692,0.0021140448303715,-0.0104429149899081,0.0188309419616157,0.0246189917936694,-0.0025820229081732,0.0,-0.0009110347524398,-0.0115526249318673,-0.0008278145695364,0.0,0.029305415035411,0.009433962264151,-0.0179171760391196,0.0100239249125821,-0.0048379692300448,0.0,0.0009561294728708,0.0055340195161075,-0.0147401086113266,-0.0030119400924838,0.0,0.0025886485224402,-0.0013743343068201,-0.0010998525729528,0.01170735772019,0.0013473377785644,-0.0004770757714364,0.0132101872455376,0.002846550721014,0.0365428905301612,0.0328818747180226,0.0300455132634362,0.006560147106329,0.0027221446962399,-0.0063796477495107,0.008050681567427,0.0204507652292338,-0.0081200640021903,0.0265915013561663,0.0055478502080443,-0.0054571769112888,-0.0049556041095253,-0.0030999759192242,-0.0135703973862167,-0.013454011741683,0.0132977543214003,0.0305808003823115,0.0004930054846858,-0.0121238819405872,-0.0016523799083436,0.0014889284277497,0.0041844457466386,-0.0016418792651545,0.0017339207048456,-0.0064683374879962,0.0093608075679749,0.0088373353225987,-0.0077276290738044,-0.0006419887993442,0.0373745501269311,0.0004714366383977,0.0152439024390245,-0.0087767696025143,0.0084013965129687,-0.0069302878055826,-0.0032028073302512,-0.0083292997741207
2024-11-06,-0.0141953683061102,-0.010721617737631,0.0308997758565481,-0.0139354439217643,-0.0079850483490884,-0.0291706313735666,0.0019065100853132,-0.0136472904166113,-0.0086125689678373,-0.0142424096617428,0.01724107126905,0.0033155120624186,-0.0120607089467149,-0.000575410779362,-0.005720823798627,-0.0138096813749343,0.0132784593881036,-0.009430937639226,-0.0070206584893479,0.0049710024855011,0.0051811484799249,-0.0301035932852404,0.0373831775700934,-0.0082312210681915,-0.0126333179466,-0.0139457311158951,0.0194451568133475,-0.029198731645306,0.0301601780119273,-0.0031496062992125,-0.0127819590512108,-0.0090183019456181,0.0661084222676737,-0.0075692413555823,0.0961029377313404,0.0915180716276131,-0.0094186743142242,-0.0161545085496371,-0.0107099187225778,-0.00607969774121,-0.0018059629613415,0.0025480052758697,-0.0046774117106639,-0.0021724640185646,-0.0049786837849757,0.0,0.0221090837193538,-0.0250511415225405,0.0017598040061421,-0.0091350221899876,-0.0082758620689654,-0.009013944649415,-0.0010465138009007,0.0002823830406868,-0.019503327581957,0.0138854450781056,0.009450487851875,-0.0169573507837077,0.0112360127296993,0.0311566947148009,0.0075605000696326,0.0085599986747944,-0.0053053341004356,0.0012020380824804,0.0322964234701417,0.0172076182272546,0.0048256213773454,-0.0165292715296464,-0.0020183242597264,0.0153834588521519,-0.0122027477978533,0.0203036485464844,-0.0060060060060059,-0.0112683404457001,0.0210419257604179,-0.0020770278297483,0.0014286645618544,0.0167883508572126
2024-11-07,0.0039968615867447,-0.0054215023527762,-0.0861546824041,-0.0209310521594258,-0.0153668885600232,0.0056332171709172,-0.0041846753441426,-0.0089618115524852,-0.010859237138591,0.0054912871577097,-0.0559400028101728,-0.0063109797238986,0.0284809314970122,-0.017917791011445,-0.0586881472957422,-0.0052499136527359,-0.071882902904437,-0.0064480332237643,-0.0047135310849247,-0.0065952184666117,-0.008158419240709,0.0310379470187003,-0.0675675675675677,-0.0186700345944758,-0.0068526857114735,-0.010196370092247,-0.0504010180828079,-0.0036990456462231,-0.0098907491120758,-0.0134281200631911,-0.0096488816833932,-0.0053383939299616,-0.0264505038417337,0.0006933610677759,0.0270527322564959,0.0238316816741284,-0.0258030933967877,-0.0096527993118002,-0.0376542267396632,-0.0089727200366627,-0.013585675281527,-0.0206397819837598,-0.0146549261210048,-0.0152156164180212,-0.0350153161228047,-0.033153451241449,-0.0120209745279694,-0.0359727567519047,-0.0008352995883781,0.0092192401533635,-0.0166898470097357,-0.0158163882314323,0.0070838399900226,0.0031087377980341,0.0105269773434308,-0.0239667400342382,-0.0026000769321984,0.0043144989122259,-0.0289885233669527,-0.01923474663909,-0.0140665743425895,-0.0033218498885189,-0.0091469082706393,-0.0142159995699363,-0.0240200121326962,-0.0489230239027151,-0.0572382803486857,-0.0102512904993359,0.0063566087442454,0.0410359611514568,-0.0844109796664952,-0.0365562147595146,0.0045317220543807,0.034842435198793,-0.0377844413363129,0.0081269866979813,-0.0057065055651448,-0.0486234036382546
2024-11-08,-0.0175235363342158,-0.0131712100821049,-0.0409567914347622,-0.0105501870171179,-0.0029699346115235,-0.0373509751223209,-0.007635151804045,-0.0106790852584087,-0.0109870317002881,-0.0146570825228075,-0.032315677847854,-0.0172340828701363,-0.0425295811877362,-0.0429677090797117,-0.0372860635696821,-0.0070335208277531,-0.0422756172074973,0.0006176809043525,-0.0082877439372908,-0.0315352697095436,0.0064948488301097,-0.0439331259188348,-0.0144927536231883,-0.0056436205504528,-0.0110374729018272,0.012628313114297,-0.0330050489309979,-0.0034640231677435,0.0747251469258361,-0.0152121697357885,-0.019491443816947,-0.0085199741574243,-0.0083702417419468,-0.0575169677023131,-0.0019509302035208,-0.0094827480315927,-0.0264865277459734,-0.0199937377532675,-0.0024478324594671,0.0028816900722854,-0.0183637172076478,-0.0132938472341557,-0.0157129952827558,0.0022108330821022,-0.0245070020005715,-0.0613898093323918,-0.0115518820757025,0.0234528673021638,-0.0314748898982151,-0.027439603515861,-0.0198019801980199,-0.0084346337824198,0.0182382771623705,0.0188692680148105,0.0277846881024939,-0.0235529942370332,0.0057327611204547,-0.0066362723503499,-0.0323369820907694,-0.0224013649783366,-0.0273482889795346,-0.0122152185555967,-0.0011549607021493,-0.0085435387216199,-0.0068721322466425,-0.0168290385033491,-0.006267966996727,-0.0083203738076639,0.0031598814052877,-0.0109132756636538,-0.0086758233722027,-0.0139278113740279,-0.0601503759398496,-0.0460989342449225,0.00178613572486,-0.0251202994834552,-0.0121912437051504,-0.0134971775761842
2024-11-11,0.0145982669236961,0.0009197540979275,0.0341558499091836,0.0056124591963964,0.0044695627504915,-0.0145424051215445,0.0007668614719527,-0.0041592045643599,-0.0036943569997658,-0.0026217070303977,0.0055754220017689,0.033845036521918,-0.0185956870507343,-0.0110695170621538,0.0,0.0194916778228464,0.0881972583843435,-0.001851898830513,0.003581573422255,-0.003427592116538,0.0421279888422923,-0.0391485481333143,0.0196078431372548,0.0113432643840791,0.0144174161384873,0.0065585542457065,0.0029651593773165,-0.0216052487453753,0.034579132368635,0.0016260162601626,-0.0007279113565725,-0.0019073347542185,0.0049189359357784,0.026465944311242,-0.0004899891055613,-0.0008680663202668,0.0009565626470127,0.0049780214683616,0.0370196458595253,0.0065622466958215,-0.0037369207772794,0.0016399167222882,0.0011405436843336,-0.0220344931314548,0.0043527848405895,-0.0135570168775456,-0.0153867921191327,-0.0208342810353455,0.0094058392731608,0.0078480113636363,0.0245310245310246,-0.0064837927310708,0.0015354537798006,0.0019335150371559,0.0180173365807907,0.008724659994868,-0.0002594878862405,0.0003912984996148,0.0138834867539652,0.0257876003804407,0.0408287713949135,-0.0116197109669885,0.0227210111956186,0.0301050560115383,0.0069196852387081,-0.0136894701648526,-0.0023668787256424,-0.0039385442562294,0.0111598390768996,0.079700103277424,-0.0278681268568133,-0.0014637377665712,-0.0256,-0.0326557500470543,0.0040103014954302,0.0192288676104619,0.0072607173225109,0.0586486515285518
2024-11-12,0.0055892715500542,-0.0068970980433578,-0.0082248115147361,-0.0159047556403341,-0.0081600443029211,0.0147570075030354,-0.002303031834047,-0.0066628668016274,-0.0052052052052052,-0.0134534843924761,0.0221397981033952,0.0089302643644217,-0.0231609256408896,-0.0205223180208475,-0.0285714285714285,-0.0130334656279091,-0.0540326414197432,0.0061886849997456,-0.0095031038914867,-0.0232158211521926,-0.0136124886562595,-0.018599328228365,0.0192307692307691,-0.0112160379008282,-0.0055010187071679,0.0022829149970871,0.0103634435553841,-0.0017745080119416,-0.0273136142479467,-0.0032467532467532,-0.0257151446476886,0.0019109796320855,-0.0090848572659278,-0.0050134696302565,-0.0376537833707959,-0.0505281187553526,-0.0123973200064755,-0.0059430106810105,0.0278958464182599,-0.0175282936073565,-0.0065811907522335,-0.0049205214428822,-0.011958293095123,0.0,0.0004636044464354,-0.0011953915090533,-0.0275039517172007,-0.0180836236933796,0.0059329654248285,0.01553856453261,-0.0183098591549295,0.0008152064967057,0.0097086199673344,0.0187597568671737,0.0453532261420037,-0.0027982701602645,0.0165942315290399,-0.009424160565205,0.0121695207851579,-0.0028006920481375,0.0678899082568809,-0.0087222918486449,-0.0003795902873865,0.0379049913083717,-0.0028633884361011,0.0009929161306165,-0.0422739121884271,0.0208008358061684,-0.0159831338021284,-0.0141967199220239,-0.0006657123639686,-0.0034132614301458,-0.0147783251231526,-0.0226773032396148,-0.0048795315649697,-0.0141485598787266,-0.0012615603866277,-0.03416170949462
2024-11-13,0.0119235425762189,0.0111141245101009,-0.016672425708362,0.0068042670374035,0.0269316560721153,-0.0077518587075462,0.0,0.0041946972694895,0.0067199244008504,-0.0059261537581184,0.0017956679510682,0.0017683956276881,-0.0023363692550105,-0.0082531652038378,-0.0032679738562092,0.0114382167502358,0.0071189279731993,-0.0024627742204371,0.0023882162923287,0.0061619718309859,-0.0133821534115198,-0.0397144428221999,0.0235849056603771,0.006383098455676,0.0083002750203313,-0.0032504893528678,-0.0175723168423896,-0.0025444224885748,0.0472935392008542,-0.021986970684039,0.0244000854477701,-0.0006346469733787,0.0091681485872356,0.0021594562096634,0.0055926774943504,0.0110068237078093,-0.0019352894209465,0.0014959248942536,-0.068537338035274,0.0020761347573423,-0.0066133479788098,-0.0079117643145724,-0.0051886468283967,0.0022556583702868,0.0073361344975346,-0.0083704127935151,-0.0281636030498255,0.0032527826076671,0.0008413156072808,0.0,-0.0057388809182209,0.0126320849616763,0.0103759516049501,-0.0013562947071904,-0.0137605549711425,0.0038265306122449,-0.0112226631981185,0.0194266205988813,0.0060116020761609,0.0,-0.0061596317188614,-0.0053551968396675,-0.0282473418589838,-0.010986498382321,-0.0126280843553232,0.0029704607147236,0.0123773406848823,0.0062314318611493,-0.0002914090621595,-0.0218873208298021,-0.010006143820628,0.006849903371269,0.0149999999999999,-0.0027911884450372,-0.0049034581437596,-0.0036371091747821,-0.0129929782948363,-0.0028658670029285
2024-11-14,-0.0070698281487926,0.0050384192616981,-0.0169551084951243,0.004789882493527,0.0225825744189207,0.0039062097397577,-0.0223534177898939,0.0050145807061789,0.0037112685237494,-0.0038747836848941,0.0288285596922961,0.005594134615976,0.0,0.065937109510866,-0.0163934426229508,0.0522249599968587,-0.0424948024948024,-0.0021565549140752,0.0227648322591307,-0.0113735783027121,0.0445104835823144,0.0,0.0599078341013823,-0.0084514917921476,-0.0306373756280168,-0.0212089834684185,0.0014892032762472,0.0048455875322688,-0.0224027899483966,-0.0008326394671107,0.0165289974281146,0.0404462329988284,0.0055997180561537,-0.0107740150346482,0.0121255234184274,0.0036333074734937,-0.003385376656265,0.00198815348957,-0.0123443292363552,0.0020669354009219,-0.0085578373895717,-0.006978002083119,-0.0028976162788466,0.0,-0.0043675570625207,-0.0054274586461711,0.0117302721605594,-0.0280836614869484,0.0025218251709675,-0.0612552910970787,-0.0707070707070706,0.0321928405654405,0.0145247539778661,0.0105745310184066,0.0107238605898123,0.0088945362134689,-0.0049003715445637,-0.0108899585624772,0.0014913033467984,-0.0168034201142593,-0.0099591496707885,-0.0123087984798034,0.007752426572545,0.0191538550456595,-0.0127895924071106,-0.0227149465624501,0.0101847496320974,0.0133886868950854,-0.0111430208716332,-0.0418157845168581,0.010780167559784,-0.0622267482778478,0.0016420361247946,-0.0055980019684842,-0.0049330059023738,-0.0088358272836518,-0.0063970032881436,-0.018216592462532
2024-11-18,-0.0173987658378061,-0.0132131849270266,0.0215370866845396,-0.0050478521851451,-0.007361287972841,-0.0262925547205453,0.0134027427061886,0.0091556958426868,0.0140454789491002,0.0035900806865216,-0.0245181663097528,0.0002935950406905,0.0090814402320056,0.0792792357288312,-0.0233333333333333,-0.0413576273242091,0.0147646343581728,-0.0030916803769227,-0.0093718440719046,-0.0221238938053097,-0.0004058020677869,0.0921027949728006,0.0043478260869567,0.0014179026319818,-0.0226435467479675,-0.0259973978282811,-0.0163730402456764,-0.0081182300507722,0.0043315285297793,-0.0316666666666667,-0.0208018143535653,-0.0168355773153814,-0.0208625389408099,-0.0167000833353961,-0.0044939273410751,-0.0018036356140735,0.0053425050767088,-0.0213379528724761,0.0012485744369188,-0.0053717453039997,-0.0115244313297241,-0.011380108219067,-0.0034833951748241,-0.0089767525127234,0.0019467675870985,-0.0115246312936919,-0.0013675676081842,0.0255592216992575,-0.004192469277061,-0.0016262265998927,-0.0465838509316771,-0.0077971962457628,0.025671109442463,0.0249530756830274,0.0159293802230398,0.0125944584382871,0.0049245034410976,0.0102266423000358,0.0029833901971336,0.0,-0.0308521665961237,-0.0120722079227656,0.0003835970563095,-0.0036351469370627,0.0017604242263113,-0.0131394248033166,-0.004434400352018,0.0028072021900009,0.010675679749706,0.0036891422580433,-0.0056637290240242,-0.0430281149614804,0.0163934426229508,0.0124897357701132,-0.018460589266772,-0.0001951494969709,-0.0064401079557887,-0.01269973067629
2024-11-19,0.0007989446498577,0.0053984684894894,0.0042428483947161,0.0036623225699343,-0.0148317567784718,0.0020033107345824,0.0054435329295408,0.0032929565698853,0.0072841235141412,0.0199843090964053,0.0053952484604937,-0.0008774692197861,0.0039331565774116,0.0211465139325126,-0.0054607508532423,0.0310547521264379,0.0,0.0074413474184378,0.0212725468607701,-0.0045248868778281,0.0166446392082744,0.0025854743350992,0.0259740259740259,0.0113512948199159,0.0077270511779041,0.0225839877155094,0.0211808008938987,0.0033229857756256,-0.0219194334159121,0.0120481927710844,0.0246626202433672,0.0311337009531333,0.0085208347833003,0.0228910911028505,-0.0005081164923915,0.0018327073734205,-0.0101417625939224,0.023326417522389,-0.0097370207339148,-0.0020738119809328,0.0097078250240933,0.010832642727695,0.0090382736124896,0.0,0.0019481663402451,0.0159520384415505,0.028005808835148,0.0162520847379439,0.0109550832814377,0.0915131883387321,0.017915309446254,0.0168972132688403,-0.0127545184168383,-0.0104707421240918,0.0020915509762911,-0.0106965174129353,0.0038703754178084,0.0035008944038183,0.0119032735304536,0.015199227851927,0.0124559999581574,-0.0003947506930067,0.0034593855631088,0.0223002623895089,0.0011763355712401,0.0153597635941624,0.0243090271668935,-0.0052702730880707,0.0088029802860969,0.0134749596861065,0.0204458967714631,-0.0054124063522995,0.0016129032258063,0.0022605143661638,0.0,0.010469529971677,0.0024072689475829,0.0039570439695513
2024-11-21,-0.003211792663003,-0.0276755103117252,-0.0462563700509603,-0.0143113293061353,-0.0332689955144759,-0.0199614870623888,-0.0228212427770151,-0.0073969366613093,-0.0036199632069313,-0.0210534858038041,-0.0017949334764344,-0.0275436824872242,-0.0039177474632081,-0.0190747198280589,-0.0150995195607412,-0.0301194015762896,-0.0364601163984937,-0.0009222450560928,-0.0335666941730774,-0.0463636363636363,-0.005989804022486,-0.0163114044579096,0.0126582278481011,0.0,-0.0225132848372284,0.0160664143572211,-0.0281434042416245,-0.0265111387321923,0.0332482279962762,0.0017006802721089,-0.0228791948976868,-0.0187221301051208,-0.0232367845101247,-0.0274402999155051,0.0040777010756141,-0.0082449789366554,-0.0219496690722804,-0.0208134437908698,-0.0267278736878182,0.0016644670750685,-0.0182628736381413,-0.0154058911767489,-0.0173366151302064,-0.0113548387096774,0.0126281169522903,-0.0531392012810344,-0.0232537713269361,-0.0255828299405239,-0.0125108450459829,-0.003001577099832,-0.0031999999999999,-0.0185494694725112,0.0017061583917501,0.0029113565201326,-0.0031237743038045,-0.0160925320593412,-0.0120750855973524,-0.0159022686485486,-0.024499482622819,-0.0299337366753097,-0.0079736742184534,-0.0015752384796973,-0.0068949189431667,-0.0132508588004075,-0.0170296604098008,-0.0115980431017163,-0.0371838160750043,0.0064581044231988,-0.0154186324629072,-0.0205427829705546,-0.0170821336179788,-0.0185178547961245,-0.0257648953301127,-0.0010406568404391,-0.0137570922083577,-0.0303105028461047,-0.0073894901174724,-0.0137896963904072
2024-11-22,0.0234024324374662,0.0175542331414808,0.0705119422751974,0.0039838631725914,0.0258737050493234,0.0203680639065453,0.0134610799210976,0.0049745420495113,0.0021866757423636,0.0140383631160478,0.0089537297938604,0.0033166660897638,0.0151861671625277,0.0744456679093841,0.0599303135888502,0.0094886817058217,0.0530289571860012,0.0157052835676201,0.00119814906627,0.0610104861773117,0.0132569755348541,0.0183784774737614,0.0541666666666666,0.0280477910177068,0.0333172794627012,0.0388580491673276,0.0533470205473782,0.0104736724246983,0.0115557331744278,0.0161290322580647,0.0236590263791893,0.0073856552267208,0.0158563541487932,0.0081733526772158,0.0040558113754582,0.0138472130210567,0.0064830795447097,0.0283376404170443,0.0215021061926601,0.0128855589313983,0.0058688924984884,0.0034038970961647,0.0029410618986405,0.0298355520751762,0.0306965580635276,0.0299711093538359,0.0,0.0306262616610326,0.0177388462281888,0.0480507552047897,0.0240770465489565,0.0126000369830436,0.0523236815698839,0.0398307803224955,0.0,0.0324559161768462,0.0026007539004075,0.0256208957909112,0.0125547522296691,0.0241058081633056,0.0151564070384471,0.0363359892415937,0.0088750590764417,0.0127065806771953,0.0059765457023535,0.0178593991199398,0.0431405821694295,-0.0014805018085379,0.0130005772843608,0.0123382089866357,-0.0033409189948192,0.0166457706961402,0.0214876033057851,0.0097182942383406,0.0153466841098923,0.0089005679410019,0.0052115391710079,0.0139825109714795
2024-11-25,-0.0110378088175076,0.0009329402545061,0.0452625741222645,0.0150331451265131,0.0205667012962806,0.0119747877053235,0.0058561834281558,-0.0148303439708052,-0.0145007513562617,0.0035329786137503,0.0177301706873427,-0.0057081384882213,0.0005515756456093,-0.0134423705183427,0.0144641683103221,0.005986753945377,0.035934204976803,0.0051541471795359,0.0227375892378163,0.0098831985624436,0.0063435284996233,0.0126012601260125,0.0869565217391306,0.0143221912720519,0.0,-0.0120402498265094,0.0072462629088794,0.0217682896010635,0.0036897375206796,-0.001670843776107,-0.0045253493376636,0.0048887571613289,-0.0035470153405929,0.0235599247019451,0.0262748615925219,0.0172840138887109,0.0044606276352705,0.0118107627295758,0.0081168534396081,-0.0020531289588257,-0.0068129847474009,0.0023709972323167,-0.0002951857534033,0.0,-0.0102412414346655,0.0037171895310565,0.0,0.0626311092567482,0.0024948850539983,-0.0186312219030462,0.0250783699059562,0.0023315170999154,-0.009714127116292,-0.0060873921038002,0.0031335628469049,-0.0136138613861385,0.0012955610442972,-0.0284413471965299,0.0089279664771275,0.0235383961023896,-0.0151583936719477,0.0076205096454364,0.0007627923173547,-0.0036716569257254,0.0005941038812371,0.0090185876816129,-0.0122088051888464,-0.013180880336101,-0.0008762249855884,-0.0036576492294898,-0.0016760590750096,0.0158284493028657,0.011326860841424,-0.0001706447822905,-0.0013765685999197,0.0007855822550832,-0.034439196824385,0.0315315799082835
2024-11-26,0.0055759003330819,0.0121062667106959,0.0236307240225288,0.018439842442925,0.0187152848655443,0.0039408969439851,0.0159650249426934,0.0075267969735184,0.0066247986285201,0.0017602703095169,-0.0052354130560369,0.0214463934793374,-0.003872184695904,0.0932905865727362,-0.0213869086195722,0.0229324389075227,0.0208452080449474,0.0165928335803611,0.0526280395954379,-0.0204626334519573,0.0015802629102228,-0.0133333333333334,0.0327272727272727,0.0067281506739593,0.0232341354718017,0.0298411360470152,0.0201154806491885,-0.0172445283248606,0.024163986855747,0.0092050209205021,0.0191476255119151,0.0097267058198178,0.0263533118624801,0.010070213583345,-0.0177249758201745,-0.0035769162951206,0.0029605458641499,0.025779116749121,0.0251570534823777,0.018501585572265,0.0235342985995727,0.0142014310602855,0.0190606436172486,0.0311763364002737,0.0004705552552011,0.0499697061496515,0.0217691051061852,0.0629424018672222,0.0140709229629885,-0.004382410822074,0.0122324159021407,0.0131896719741715,-0.0051364161079784,-0.0012784069083143,-0.0010365887824284,0.0,0.0085500133999196,0.0174067903716894,0.0216342428531579,0.0248387370966065,0.0126363051568729,0.0049156594054073,0.0263666980112096,0.0125933879121371,0.0041562579196987,0.0273220828541627,0.0111646918730841,-0.0100155005988866,0.0052553666393018,0.009174431569956,0.019145408473616,-0.0016088634823349,-0.0015999999999999,-0.0127220722558775,0.0114688383941421,0.0164590915387423,0.0120812377717227,0.0095472102780871
2024-11-27,-0.0047580704194423,-0.0317533824140779,-0.0769108089789084,-0.0288065710543762,-0.0720673690427227,-0.0412532366649402,-0.0175308610968089,-0.0323659404701374,-0.0270265644255784,-0.0152347617027294,-0.0105077855613227,-0.052337395235654,0.0138953713211271,-0.0263678280665199,-0.0231788079470198,-0.0141180217906561,-0.0543989790220946,-0.0237418369667631,-0.0277774228582381,-0.0236148955495004,0.0086536948654742,0.008108108108108,-0.0528169014084506,-0.0260507831147279,-0.0676579600903519,-0.0620111858857764,-0.0605638758432897,-0.0180659449581068,-0.0307744573376731,-0.0240464344941957,-0.0201982325846908,-0.0279970340220779,-0.0360813725299705,-0.0320458352552742,0.009025042650435,0.0071795131076675,-0.0167251102887707,-0.0426745116914115,0.0012281224887926,-0.0242206601466993,-0.03448395811834,-0.0253409819742643,-0.0244610076440648,-0.0151168792861882,0.0004703339370952,-0.0517029962925027,-0.0486025038320216,-0.0939892056065175,-0.0514266304347825,-0.0689156866653378,-0.06797583081571,-0.0486218850755444,-0.0032857577186019,-0.0035755056324983,-0.014891886586084,-0.0070263488080301,-0.0200352016092164,-0.0314955231104299,-0.0259847297365626,-0.0224397076847936,-0.0573960007715553,-0.0334958287265052,0.0364857447289399,-0.0186054474364355,0.0088621925453744,-0.0696281949152101,-0.0141984949595342,0.0074194799602869,-0.0124859381508217,-0.0551535201075157,-0.0520769028755018,-0.0290652374093924,0.0192307692307691,0.0121885549985196,-0.0290229556097056,-0.019467433140063,-0.0164833318508416,-0.0510900728090258
2024-11-28,-0.0119520447190348,-0.0556053762914893,-0.1166637871458188,-0.0381350994083116,-0.0949254155419804,-0.0624952736936489,-0.0293432180822734,-0.0368843347682855,-0.042044155158765,-0.0053566748405025,-0.037158630302808,-0.0358811759875388,-0.0109692099275295,-0.0551446730305298,-0.0264406779661017,-0.0336956934889201,-0.0719527625474483,0.0112485752082069,-0.0160071493343495,-0.1004651162790697,-0.0210629853022739,-0.0259159964253797,-0.1338289962825278,-0.021947329521142,-0.0810137934265388,-0.071091827954383,-0.1978993649242794,-0.0131382831907259,-0.0005293112757465,-0.0237892948173321,-0.0270863083338093,-0.0393314641806274,-0.0748740173352147,-0.0228152458344829,0.0059594009288732,0.0080193770236689,-0.0170095976860373,-0.0430890304839884,-0.0333331650732436,-0.0165511706209379,-0.0297589739278723,-0.0263403724650151,-0.0359857588938521,-0.0416791454527304,0.0197297351364327,-0.1016125351791283,-0.1497564059079276,-0.067419420598428,-0.0568019050347347,-0.1417179555793417,-0.1410048622366289,-0.0430585835853434,-0.0167236153904275,-0.010258563986326,-0.0698912486477253,-0.0025271670457417,-0.0162520555613867,-0.0152541737634875,-0.0405178813378946,-0.0367371179697957,-0.061371102404313,-0.0303755123971956,0.0319694090526774,-0.0320415065247853,0.0263601795465591,-0.0452235715484917,-0.0023976751870271,0.0299626989565597,-0.0123482211653426,-0.1058386673231577,-0.0427658563965285,-0.0526603764408345,-0.0471698113207548,-0.0103220892316935,-0.0490407990253597,-0.0300799380038242,0.0192637760618692,-0.0638068947528582
2024-11-29,0.0266125730449993,-0.0090583671919061,0.0093882939709548,0.0093985613104674,0.028884821734094,0.0120186213730957,0.0118471762547296,-0.0088974692575648,-0.0101919015701038,0.0029923584766042,0.0753566870487838,-0.0200633401270182,0.0227269704908439,0.0359552682489501,0.0445682451253481,0.0374864785131281,0.0,-0.0195359743304949,0.0139436111816009,0.0537745604963804,0.011154242817243,0.0238532110091742,0.0300429184549355,0.0189318612087754,-0.0048647625151113,0.0353960363745482,0.0280366242361491,0.0119826752651053,0.0259446745048586,0.0052219321148825,-0.0093613498661407,-0.0132175551132515,-0.014783584447277,-0.0075288320043803,0.0024692382711182,0.0132717471147023,-0.0066150613857633,-0.0087978426253063,0.0392997480450647,0.0164067398509111,-0.003069648847025,0.0021078998983858,-0.0024486056326038,-0.0043752278764518,0.0230312363595344,0.0386162169484638,0.0131735223986146,0.0044447143117372,0.0063876840137053,-0.0367067822327533,-0.0037735849056602,0.0004225843790766,0.0208388475735918,0.0080310759582533,-0.0069327538183709,0.0169749176589815,0.0082602742162076,-0.0199731041832298,0.0015474013396381,-0.006664644111919,-0.0364112029998692,0.0012066068428016,0.0529058403580133,-0.01032480103248,-0.0062745480375497,-0.0081648682074215,0.0184419268267825,0.0141399834353335,0.0148834143749705,0.0050246644487781,-0.0025446727257693,0.0497349607895987,0.0132013201320131,0.0217283069019211,0.013259968591704,0.0036518854324074,0.0194675747459829,-0.0149057939889252
2024-12-02,0.0408509172648827,-0.0121901642390875,-0.0233493193818727,0.0043623044765064,0.0046347431821371,0.0118758895530883,-0.0080731572942559,-0.0134766038534829,-0.0213729128014842,0.0029834309816172,0.0273501851097373,-0.0089194866293927,-0.0037903414558031,-0.0276626432855081,0.0213333333333334,-0.0210043411499308,-0.0309943646609707,-0.0122639411599347,-0.0126058722025369,-0.0196270853778213,-0.0074854558905285,0.0017921146953405,0.0083333333333333,-0.0158321232844629,-0.0065204982216823,-0.0207157258064515,-0.0381926616375053,-0.0168432190842438,-0.0089462980418967,-0.0060606060606061,-0.0191485389682546,-0.016007329580291,-0.0331844217882655,0.0045515671873384,0.0088694320251698,0.0052342511703342,0.0081962614725221,-0.0214136584416004,-0.0226902177326362,-0.008690287930047,-0.0129992674720335,-0.0123613999839645,-0.0141912568528084,-0.011587758304996,0.0072054191655519,-0.0046465371070822,-0.0170648769574944,0.0188245819782131,-0.0235683567224986,-0.0285683460999027,-0.0170454545454544,-0.0134527089072544,0.0025816524248296,0.006428768196014,0.004654101619689,-0.0034877927254608,0.0013198700706966,0.0008284968391982,-0.0303329875966981,-0.0019211822660099,-0.0255453423793849,-0.0092261134271864,0.0330563111249682,-0.015055481475825,0.032166508987701,-0.0010932772314676,-0.0074800178453044,-0.0048071151391155,0.0055731534373302,-0.0342586673971935,-0.0214832930749259,-0.0100320340392234,0.004885993485342,0.0023821126057828,-0.0082387489220873,0.000605711862867,-0.0016691681624062,-0.0281061079227405
2024-12-03,0.0452823616493229,-0.0071962325606005,0.0239075442686373,0.0121695958150793,-0.0032557758131087,0.0096097582931991,0.0122061087397662,0.0015667421421443,-0.0033271403655115,0.0419272543299711,0.0083280169663948,0.0020011066990091,-0.0125172127991437,0.0905329231922302,0.0019582245430809,-0.0068741165307979,0.0319857424256635,0.0046555488535287,0.0058030949839913,-0.0050050050050051,0.0083402063219735,0.0214669051878353,0.037190082644628,0.0454603144384686,0.0043755294464291,-0.0045936486695147,0.0151322273324572,0.0123127090771091,-0.0265568276044679,-0.0017421602787456,0.0088729777495808,-0.0082984907650967,-0.0253222467489391,0.0211444066865753,0.0190396077184271,0.0138853238482881,0.0111789353023987,-0.003200256462694,-0.0164745196324144,0.0004148639838796,-0.041675052832847,0.0056826321570124,0.0112089044625374,-0.0444861989573134,0.0125133272408803,0.0273541792927225,-0.0008193512558832,0.011961836046898,0.0018544811799137,-0.0294084982563693,0.0115606936416183,-0.0123563084655837,0.0011707094610564,0.008937248582219,-0.0011658050957954,0.0202500000000001,0.030352225555875,0.0,-0.0053037098113059,-0.0028823848773504,0.0136554589330104,0.0238860031265346,0.009602342305464,0.0170330522323081,0.0411786672098313,0.0137312090681591,-0.0059484551240311,0.0209337175400801,-0.0072919343890657,-0.0147821290678434,0.0044633917155751,-0.0050699354679346,-0.0145867098865477,-0.0076387328690181,-0.0029374787032794,0.0351143453840265,0.0139278248453484,-0.0011155301193132
2024-12-04,0.0057733161161328,-0.0025937879371096,-0.0093009736956836,0.0031475078012987,-0.0449100975352617,0.0116247965939233,0.0120632369397746,0.0127500455358768,0.0113842788530125,-0.0011433215557438,-0.001658686730506,0.0216139429555843,-0.0275459153663646,-0.007593438429194,0.0019543973941369,-0.0120983465917954,-0.0232684966369751,-0.0086506507014383,-0.0080774587174216,-0.022132796780684,-0.0334654279515711,-0.0201401050788091,0.0199203187250998,-0.0066921098355805,0.0021782337970941,0.0166625731976886,-0.0260714791367487,0.0018526085283465,0.0016052053750221,-0.006108202443281,-0.009549562498877,-0.0016743003816263,-0.0008331475375211,-0.0214460990285387,-0.0023958847156647,-0.0111273191961325,-0.0140709435291269,-0.0160581998846648,0.0119284086394715,0.0129393759873617,0.0065237651444549,0.0102421652421653,0.0061558782522197,-0.002464964271866,0.0264895992478551,0.0168842971253646,0.026468524778366,-0.007516769079225,-0.0092745239816822,-0.0080783577819988,-0.0419047619047618,-0.0133732299790306,-0.0095852590880811,-0.0063280721327065,0.0440912232204562,-0.0269541778975741,0.0220273354360591,0.0203675998223655,0.0277185023383459,-0.0029006167522993,-0.0231681692687336,0.0003959995248006,-0.0126790616807144,-0.0175042514513575,0.0032083469188131,-0.0168016714132313,0.0167604139813801,0.0260246000535868,0.0005875070119127,0.0067501639554041,0.0127019058609729,0.0073612473155653,-0.0016447368421051,-0.0194956008525055,-0.0019562322495493,-0.0046784798282328,0.0073258813413585,0.0022214129643116
2024-12-05,0.0351782519382413,0.0176575014694793,0.0,0.0402276044364031,0.0088339448077843,0.0219467856552637,0.0123164801762303,0.0152872845762408,0.0136634631660115,0.0114290639544907,0.0033057568127707,0.0091147382700014,0.0085019334932683,0.0167314314295059,-0.0110533159947984,0.0218779296393152,0.0159128978224454,0.0059197843628981,-0.0011499478512021,0.0102880658436212,0.021993637231698,0.0142984807864163,-0.08984375,0.0195317572470687,0.0228254028657992,0.0289263554063676,0.0363224788170792,0.010556576279777,0.0033821448479911,0.0122914837576819,0.0109114656556403,0.0187771770225426,0.0310400714050829,-0.003022912301192,0.0014430014430015,0.0138492673054884,0.0091758993106911,0.0353624723862764,0.0077767446665633,0.0135977502790218,0.0226786645800729,0.0188806948772541,0.0214218570201456,0.0196573840131049,-0.0008563839531049,0.0191517717152711,0.0257771307852083,-0.0054114727949429,0.0159103957650126,0.0448043558508675,0.0,0.0362933846602062,0.014868991898054,0.0099360095218814,-0.0033389227193834,0.0239234449760763,-0.0050124894063069,0.0090804991105419,0.0228236345602581,0.01741461477363,0.0204066957223163,0.0177865351882231,0.0317810545658294,0.0222984869736488,0.0101207732608779,0.030319398360568,0.0047091585444418,0.000768817788562,0.0108674738762646,0.0007467547943247,0.0350420231695312,0.0258410351201479,0.014827018121911,0.0081969334153424,0.015225939001783,0.0170392069634117,-0.0012728003884792,-0.0099923694633188
2024-12-06,-0.013866773354671,-0.0122461362535808,-0.0707544863331867,0.0002747963274278,-0.039829991240248,0.0153303793783756,-0.0294318584369358,-0.0150571023674559,-0.0229973560925832,0.0005658480050449,-0.0263589183283255,-0.0125800148237988,-0.0179791635780421,-0.0009412944454166,-0.0506245890861276,-0.0154125463535228,-0.0625629751763303,-0.0077420120751645,0.0011512717536814,-0.0427698574338085,-0.0135498354979122,-0.0167400881057268,-0.1158798283261802,0.0092453847998081,-0.0148749686974565,0.0098241538252412,-0.0627241939039296,-0.0075741546177657,0.0170335667747514,0.0008673026886383,-0.0195775835770811,-0.0207371735246525,-0.0154685560023236,-0.0075801950177444,-0.0182281695249996,-0.011952574493158,-0.0409105741417739,-0.0099824191854041,-0.0303646163032976,-0.002846550721014,-0.021117331259006,-0.0078930129997139,-0.0203735952493345,-0.0264942137508508,-0.006027326937797,-0.0206764459281707,-0.0369152489572697,-0.070731910141725,-0.0147320829900956,-0.0194982996952701,-0.0019880715705766,-0.0202556964825604,-0.0206972971927389,-0.015387652821019,-0.0680057261765965,-0.0236104279390062,-0.0125943525746274,-0.0226749298605585,-0.0263690710883303,-0.0294708901770206,-0.0589203150995947,-0.0104836932331346,-0.0432484577010385,-0.0266170795359671,-0.0205728479591245,-0.0139070520391055,-0.0144542626423086,0.0050696509752756,-0.0084272428345464,-0.0148921982662815,-0.0253039547030681,-0.0323134767619254,-0.0292207792207791,-0.0171273107061979,-0.0232261966376097,-0.0050054882930169,0.0121972296980321,-0.0695881964325038
2024-12-09,-0.0007059281738367,-0.0005197812193595,-0.0203115133656073,-0.0142596273492671,-0.0225904408083682,0.0070504040178809,-0.0024289035173478,-0.0008992520338965,-0.0064947396407002,0.0067761156402559,0.0338406508626736,-0.0078407020464982,0.0497714889587308,0.0089436206276156,0.0186980609418283,0.0112989917219192,-0.0416259527066641,-0.0028116053497414,-0.004639905864734,-0.0042553191489362,-0.0056559816494817,0.0439068100358424,0.0097087378640776,0.0314165664484136,-0.0080908734366602,-0.0070486306566484,-0.0137905967372946,-0.0010541817851601,-0.0153528852534214,-0.006065857885615,-0.0153622763989554,-0.0057134459534538,-0.0132241157891083,0.0022914279762524,0.0332228300473145,0.0293788336091909,-0.0021048139690448,-0.0015943789893836,0.0005127622289828,0.0134536283808872,0.0032307231348436,-0.0062260825897527,0.0048956287582759,0.0148523159543521,0.0125566038605908,-0.0153477594941681,-0.0203960609545715,-0.0093706454623321,-0.003742951584678,-0.0457176316915522,-0.0239043824701193,0.0025872490956388,0.0263605658125301,0.0258761903880502,0.021535684312204,0.0050377833753147,-0.0051019973837366,0.0024850575205124,-0.0036501343490227,0.0039214109035334,-0.0393432375147733,-0.0090269498342656,-0.0373980701636871,0.0001079641559003,0.0059263347393594,-0.0097682380365374,0.0035679206158651,0.0186460001322297,0.0032234791069571,-0.0145048994326972,0.0131643137519794,-0.0062254056134166,0.0234113712374581,0.0531591359229932,0.0049533539326176,-0.011421651370059,0.0026982652668712,0.0265351742274817
2024-12-10,0.0042223214648207,0.011890269126668,0.0466215490385648,0.0136298210122853,0.0379660674270887,0.0160053983952428,0.0064855871002587,0.0162011054871979,0.019611591100237,0.0114983757444504,0.0130931786574401,0.015475191548482,0.001634211231607,0.0167901605342069,0.0339904826648538,0.0025798192186834,0.0434339314845024,0.0097055345114238,0.011673988097637,0.0267094017094016,-0.0117826041812444,0.0051502145922748,0.0528846153846154,0.014589241244296,0.0130480625604076,0.0425673510635675,-0.0099726835190563,0.0007904825896209,-0.0104535254643542,0.0069747166521361,0.0062395439618316,0.016225842384741,0.0234494079024503,0.0160033253663098,-0.0052001589351347,-0.0008394220992645,0.0026351222500244,0.0132930247413256,0.0328395903174589,0.004025331994728,0.0161275661918427,0.0123383429095469,0.0135354040070274,0.009756635338864,-0.0098369166731183,0.0064932475012164,0.0199860583713977,0.0307394502516453,0.0168821663820444,0.0083307766738252,0.0489795918367346,-0.0055881124754258,0.008561177780527,0.0037468387927119,0.0222442684193393,0.0037593984962405,-0.0002566932772031,0.011984186344695,0.0235244361934681,0.0253595609150274,0.0292958357481045,0.0102946490740984,-0.0006775489574902,0.0085642317380354,0.014454227191974,0.0301365822000649,0.0055294373525622,-0.0306080773030065,-0.0026292176345618,0.0310803296918951,0.0433059491973657,0.0404344486012828,0.0,-0.0010032615537203,0.017742996107797,0.007245130408152,0.0202686138708356,0.0423092688425474
2024-12-11,-0.0329330907620779,0.0209372408395922,0.0247357076875704,0.0087821445900049,0.0023601444005818,0.0226336380900986,0.0213480471708318,0.0230285095031677,0.0176221364028346,0.0246723181608334,0.0080858472561691,0.0191338625342039,-0.0043529619066887,-0.0142191905999197,0.0019723865877712,0.0137268558825236,0.0583349618917332,0.0124046732898484,0.0138630689966536,0.0135275754422476,0.0028779870536264,-0.0111016225448334,0.0045662100456622,0.0287660057461072,0.0354308512945054,0.0123173672514067,0.0322559453422677,0.0065834682674459,0.0195160957027213,0.0277056277056275,0.0323004735309151,0.0272793705524692,0.0237369687249398,0.0300109099587466,-0.0019022132575776,-0.008401273207038,0.0094753404840262,0.017835696391016,0.0178838165783388,0.0088098002511669,0.0116417261958008,0.0166804553500863,0.0096969263248292,0.0313890329448371,0.0095023019855486,0.0271131365167427,0.0163302009801717,0.0561899038461539,0.0230699102730194,0.0185835322754295,0.0389105058365759,0.0198735491176749,0.0071119179826031,0.0099522758116556,0.0114639250295698,0.0484394506866419,0.0315471452657885,0.0289932806541119,0.0143011231613801,0.0047569742908495,0.0290448233965421,0.0023511450381679,-0.0229863152262348,0.0074033109747393,0.0105526117553134,0.0319181228272138,0.031026679866559,-0.0078940363609048,0.0046868539864719,0.0354171788385131,0.0736763254496268,0.0125881682024193,0.0016339869281045,-0.0155585339962271,0.016950533778828,0.0157479987005089,0.0293596525337305,0.0541101866758428
2024-12-12,-0.0507265764786541,-0.0325151163256317,-0.106270032051282,-0.029108748977923,-0.057387800841433,-0.0105843193765094,-0.013245313718179,-0.0311678787508403,-0.0346431597951439,-0.0108229701625568,-0.0961522493647972,-0.02163568575587,-0.0229480473512407,-0.0232680081274169,-0.0544619422572179,-0.0270724189592815,-0.0786630966669743,-0.0159289067739772,-0.0302284157585918,-0.0492813141683778,-0.0504343310572897,-0.0345423143350605,-0.0636363636363637,-0.0425527513446422,-0.0539174624448539,-0.0697821060744062,-0.1113303209656547,-0.0258909199339288,-0.0298549815290036,-0.029486099410278,-0.0215249712930789,-0.0391832534497285,-0.070343098856337,-0.0305929082709255,-0.0190483812877666,-0.015250414672856,-0.0265890937326932,-0.0314423769988522,-0.0178133480751834,-0.0166765316572244,-0.0317694911828608,-0.0235895803973268,-0.024917113583922,-0.0655781088734221,-0.0025650721910637,-0.0446232908423099,-0.0682793463161712,-0.0901256519677572,-0.0315639392546595,-0.0872242647058824,-0.0224719101123596,-0.0381213220326437,-0.025461622160029,-0.0178870711774914,-0.0373751911486912,-0.022386282448202,-0.0109408403649526,-0.021428805962798,-0.0246701302549017,-0.0293497175855264,-0.0474171583622379,-0.0355848191166678,-0.0176490888493769,-0.0303695702218836,-0.0073077805244782,-0.0360869372169435,-0.0510479494886328,-0.0171597311724416,-0.0087439753483103,-0.0647733278187542,-0.0238401486620088,-0.0545938511518716,-0.0277324632952691,-0.0275981109936678,-0.0309548613098576,-0.0476555612506406,-0.0128097988100731,-0.0759321006365566
2024-12-13,-0.0015237591932003,-0.0144802426578843,0.0324442452090103,-0.0053238745388672,-0.0330951072017592,-0.0058359572918696,-0.0136807481900704,-0.0116171492251727,-0.0130530614581643,0.0021882776967305,0.0159479670016717,-0.018537702044989,-0.0206962250353882,-0.0404931265218474,-0.1103400416377515,-0.0069539801482992,-0.0427898587032768,-0.0040424263077184,-0.00840041056669,-0.0377969762419005,-0.0198598298962396,-0.0438282647584973,-0.0485436893203884,-0.005711240268205,-0.0109568220051353,-0.0292485752303481,-0.0065885273686471,-0.0048332917133213,0.0036189427672921,-0.0026041666666666,-0.0202122730653401,-0.0080901089343411,-0.0249410178631614,-0.0135213575989346,-0.0291274017868068,-0.0275438362638293,-0.0133908147105402,-0.0212892627586738,-0.0186353042308076,-0.0230217270833731,-0.0032616211561795,-0.0122543427956849,-0.0129303730505504,-0.0200515449318869,-0.0098664376678663,-0.0014618820317736,-0.0060301602978044,-0.0214703544953553,-0.0102378830731084,-0.0644446682106534,-0.03639846743295,-0.0092442956635498,-0.0048465356296747,-0.0062582116374949,-0.0105904156738151,0.0109622411693057,-0.0284040545263895,-0.0429866246125584,-0.0185895384348333,-0.0019530467529346,-0.0450378730622595,-0.0166281609299135,-0.0014090369289867,-0.0034516765285995,0.0084141480915735,-0.0080207745546252,0.0094723058347363,-0.0092061322856061,-0.0085255200999015,-0.0287946538253648,-0.037294094932271,-0.0360186363835884,-0.0167785234899328,-0.0149884819051228,-0.0127762879655991,-0.0068330656654596,-0.0024222864795983,-0.0335726271432356
2024-12-16,-0.0183483001358479,-0.0146870012839127,-0.0523744911804613,-0.0135203785174732,-0.0151736979758926,-0.0097905705148043,-0.0142797436611868,-0.0189867358769533,-0.0165224537148935,-0.0120076010815403,0.0558459173523828,-0.0430738245278904,-0.0085699019016824,0.0521330802277948,-0.0171606864274571,-0.0026272383379261,-0.0445979899497488,-0.0121893324095102,-0.0157309798153142,-0.0246913580246914,-0.0026429001424228,-0.0074836295603367,-0.0408163265306122,-0.0146896911398273,-0.0127417995180795,-0.0272978844462835,-0.0331851495854861,-0.0124090368223799,0.0037887221706318,-0.0147954743255004,-0.0208874522845845,-0.0112105511069241,-0.0079255345415042,-0.0089906891419472,0.0065023740493297,0.0070778816199374,-0.0233462341044069,-0.0119632316496192,-0.0088610927899016,0.000410747903474,-0.0152619798688464,-0.0248127495298114,-0.0109151011324213,-0.0102309181815555,0.012562049048735,-0.0292804451921833,-0.0303528265293449,-0.0536686682022128,-0.0150508381692388,-0.0474921967495426,0.0298210735586479,-0.0204475945434243,-0.0097402778630555,-0.0042004419278265,-0.0166380708023107,-0.008433734939759,-0.0103491842390788,-0.0127095988149394,-0.0268234175675975,-0.0068440225190419,-0.047158429388984,-0.0123711150981751,-0.0123436018232433,-0.0045876323296741,-0.0036532586558044,-0.0115450920298815,0.0056730121293799,0.0232283364745058,-0.0023749786452907,0.0048064760941057,-0.0438793713121589,-0.0272882800252391,-0.0051194539249147,-0.0005365784518193,-0.0467885242468663,-0.0044523250067197,-0.0095371643627415,-0.0239425587467362
2024-12-17,0.0202458618644525,0.001065578761493,0.011053837342497,0.0039986132755307,0.0134409572126523,0.0,0.0107589569641721,0.0073730320510041,0.0075595226392466,0.023203720062001,-0.0396690817532501,0.0117712153101741,0.0069165659008463,0.0084941314999811,0.0380952380952381,0.0079024767035382,0.0186280955511723,0.0177172769428604,0.0221401192798926,0.0149597238204834,-0.0158994214377199,-0.0047125353440149,-0.0053191489361701,0.0304643161702002,0.0224423639290005,0.0025524786961088,-0.0091464930158571,0.0221259610183106,0.0197665737337742,0.0141342756183746,0.0269347966306878,0.0295533829737335,0.0177695925935144,-0.0109321108928183,0.0124197672598236,0.0140686480734488,-0.0122291210129048,0.005506783719074,0.0102186286784433,0.0045456989378704,0.0011032392700012,0.0127220436474368,0.0053605995929915,0.0051683359126346,0.0229808599142546,0.0082908375829082,0.0107299097465809,-0.0373673991952503,0.0229212411449692,0.0149439249696319,0.0,0.0063535172318092,0.0154897186147184,0.0094893340373773,-0.0072672557305673,0.0041312272174969,-0.0002617260542469,0.0240329554231735,0.0221615143890816,-0.0009801246880272,0.0153014138580236,0.027556439360501,0.0032135169038733,0.0178643755753296,0.0052380769869557,-0.0027893265684822,0.0161064044525038,0.0049707027539576,0.0089181384729031,0.0725662974152399,0.007529255906381,0.0225634303904129,-0.0085763293310462,0.005014130732063,0.0052223582211343,0.0010146360156595,0.013832436076133,0.0404863173100071
2024-12-18,-0.0259567534240543,-0.0340439767646969,-0.1147680280972073,-0.0196251311638634,-0.0617916920349067,-0.0256925849907795,-0.0278433223218499,-0.0411697593318121,-0.0416995951022,-0.0045902344309932,-0.0860577523320312,-0.0547578964675438,-0.0160163594691407,-0.066448529931028,-0.0451070336391437,-0.0287485630631071,-0.0917598967297761,-0.0149242936699383,-0.0216605520733209,-0.0532879818594105,-0.0484738781595782,-0.1013257575757575,-0.1711229946524064,-0.0257897440287647,-0.0614667169220082,-0.0392637874106586,-0.0692820950183114,-0.0259210700410166,-0.0276648458043831,-0.0505226480836237,-0.036355198019802,-0.0487327422667203,-0.0200880303215552,-0.0410777502140844,-0.0372918921705067,-0.0389970105545726,-0.0545876958914408,-0.0322928123547221,-0.0434891283688256,-0.0275594957157246,-0.037614849434383,-0.0265610905081687,-0.0285443923311116,-0.0385486869625842,-0.0139268074341627,-0.0575917095705206,-0.0566381688616801,-0.1004063020665868,-0.05322662108085,-0.0933533734134935,0.0154440154440154,-0.0238944154437112,-0.0222751393236971,-0.0258480982040273,-0.0475023380308944,-0.0338818973862535,-0.0065390466605194,-0.0645417186849771,-0.0401949181266078,-0.0266005866289066,-0.0274655952878724,-0.0426655573742325,-0.0202922265875251,-0.0296935385654252,-0.0281255163122909,-0.0493001289623535,-0.0202115952900059,-0.0088484374280848,-0.0380063632369972,-0.0728598590061576,-0.0544476342837106,-0.0435294425406127,-0.0397923875432526,-0.0231676342525398,-0.0597388649178568,-0.0119762302498782,-0.0146815836938561,-0.0660342190171352
2024-12-19,0.0015734076029949,0.0055035010830688,0.0432584629167467,0.0104432749617866,0.0224129817690545,0.0121798641929102,0.0063151743976985,0.0057249980355398,0.000865395383879,0.0124759856912357,0.0414308574997073,0.0329505363820961,-0.0075596964963177,0.017544921352961,0.0080064051240993,0.0134543210625877,0.0606419519128271,0.009786434602345,0.0295155465150069,-0.007185628742515,0.0179226496174405,-0.0252897787144362,0.0516129032258063,0.0154953609115608,0.0286553483684013,0.0143819356263457,0.0644943941354032,0.0052110345508877,0.0143169182251532,0.0192660550458714,0.0239845882164071,0.0129831742551511,0.0249541467553371,0.0222426809059104,-0.0127426047383214,-0.0081133584733172,0.0267904284513045,-0.002267268146933,-0.008988213517707,-0.0143804258087112,0.0092021577473337,0.0092178551816115,0.0054886880510922,0.0,-0.0042817654604252,0.0325417843175082,0.0093829763048847,0.0610215752534442,0.0108539537937544,0.0379443728126724,0.0475285171102661,0.003233976428802,-0.0091630096001544,-0.0040193549788789,-0.0076686078006499,-0.0060120240480961,-0.0005270354548462,0.0165756097108884,0.0192892166794989,0.0182148794679966,0.0875389279986242,0.0076419523346211,0.001453579982352,-0.0080777451906347,-0.0128612527788675,0.0412462448511876,-0.0080932490356666,-0.0147701472536913,0.0119423225949297,0.0473184522553693,0.0331197200236403,0.0099759319530674,-0.0054054054054054,-0.0189749209120343,0.0138132554124053,0.0102721480809619,-0.0103413656454529,0.0467132790134332
2024-12-20,0.0090283671295208,0.032314224521236,0.035453597497393,0.0114859674237117,0.0455321549733866,0.0290531831723961,0.0079549768854545,0.022769636020671,0.0226130653266329,-0.021428178911879,0.0018176707579873,0.0178276610621186,1.4054023667053883e-05,0.0206918768895276,-0.0317712470214456,0.021241128734416,0.0380792853154663,0.0159359482659069,0.0047715053763439,0.0277442702050663,0.0227038714991762,0.0054054054054055,0.0122699386503066,-0.0381400849480432,0.022169316624691,0.042901461343783,0.0046585816644302,0.0133900054051399,-0.0180451882785169,0.0117011701170117,0.0215790793929511,0.0086577848038147,0.0130497766199615,0.0201466191145214,-0.0061986496380054,0.0054531490015359,0.0463741802784356,0.0357186896296599,0.0026670841710889,0.0158797041339011,0.0159398496240601,0.0062138054335572,0.0115618866303313,0.0347463516330786,0.0047311028050949,0.0322805289216892,0.0446052887519323,0.0238408770747839,0.0175573913572979,0.0287193138124814,0.0054446460980037,0.0313051612027217,-0.0072480791157916,-0.0083422666533704,-0.0244801173680888,0.0148689516129032,-0.0115862464955631,0.0026438625920792,0.0081046850418298,0.016174624718092,0.0347134371046695,0.023169154042298,0.0036306421477039,-0.0065398782229572,-0.0005431434759858,0.0277328320563459,0.0252878437692161,-0.0177926058845214,0.0178593405992313,0.0176064849881549,0.0021835612238412,0.0160516143008984,-0.0163043478260869,0.0158080068659127,0.0223437704703262,0.0099672262608301,-0.0162940843862833,0.048257725180802
2024-12-23,-0.0008142302392584,-0.0165431140122056,-0.0742846987737693,-0.0136239690850995,-0.0535463875802769,-0.0009753192887355,-0.0066425602439004,-0.0157694280444816,-0.0178555441713335,-0.0010966868166353,-0.0180502038831319,-0.0281936836653586,-0.0071182629470873,-0.0767389351525893,-0.0311730926989334,-0.0381288424509583,-0.0182874354561102,-0.0372194647570693,-0.0321048759280315,0.0023474178403755,-0.0453108482255222,-0.0473118279569894,-0.0606060606060605,-0.011897978768068,-0.0367116762901884,-0.0257544326588125,-0.006955469872231,-0.0325922693367598,0.0107350172647711,-0.0427046263345196,-0.0407026353429382,-0.0408630343155743,-0.0394861750321441,-0.0229092546326131,-0.0254512911182415,-0.0397856033407175,0.0332407115295942,-0.0426961323461045,0.024208372256115,-0.022817564427387,-0.0134560525324292,-0.0174302668617309,-0.019366013915549,-0.0232429117878938,-0.003426652039061,-0.0595639654463183,-0.0266866596103335,-0.0438345920885365,-0.0258816723849039,-0.0380667605876772,-0.0505415162454874,-0.035850473487619,0.0075520592852524,0.0002702541331598,-0.0356743144935646,-0.0253290290538863,-0.0103912886264886,-0.0057147793195001,-0.0246650666486382,-0.0239711582879753,-0.0237513040127045,-0.0308767814849258,-0.0141016194522395,0.0205495863599676,-0.0260718001736353,-0.0534132873366286,-0.0409731643559114,0.0271723762075897,-0.0309237838055701,-0.0526736718743814,0.0050888496737391,-0.0127596913687183,-0.0349907918968691,0.0042099203366279,-0.0133272677178976,-0.0324244084940386,-0.0220020287023817,-0.0322252885097843
2024-12-26,-0.006546014632268,-0.0103198346852543,-0.0061432136686504,0.0060411175897943,-0.0173857268246573,0.0068236237141476,0.011705558802143,0.0113097086086839,0.0077886037231349,-0.0005489454295333,-0.0404404061184449,-0.0035825049407479,-0.0011960621952341,0.0663875755360494,-0.0016934801016089,0.004349151508993,-0.0187376725838264,0.006069192290202,0.0122866422500171,-0.0210772833723653,-0.012581136731541,0.0045146726862304,-0.0774193548387097,-0.032777680827333,-0.0132789115646257,-0.007338663238386,-0.0140083745717548,-0.0011235673472116,0.0124203741107011,-0.0027881040892192,-0.0013406241101168,-0.0039400742200026,-0.0178774723831208,-0.0169771770360867,-0.0026653526552735,-0.0047069118680473,-0.0257358769751095,-0.00399751265879,0.1129866586782784,0.0008693739995806,0.0113754160074199,0.0051744217473133,0.0064752539148749,-0.0052913216346297,0.0030080637854488,-0.0039629078820749,0.0036551106098898,-0.0644727375105577,0.0039316466842089,-0.0211017126460829,0.015209125475285,-0.0159112288971384,0.014913574589354,0.0063649644209169,-0.001360075438851,0.0165605095541401,-0.011848142513148,-0.0035345383380811,-0.0126444085027727,0.0092086715848176,-0.0106450679780155,0.0097661512571676,-0.0135678791492744,0.0018103070107693,-0.0117109086331376,-0.0075639912436252,-0.0124427461162243,0.0114290099974638,0.0076700459232301,-0.0230283779830317,-0.0122939410024462,-0.0221574304669731,0.0095419847328244,0.0029178867488761,-0.0064679104622997,0.0079072360352323,0.0077422898816279,-0.0202200878796127
2024-12-27,-0.0057688840814854,-0.0032909088642624,-0.018672332753847,0.0011463482066393,0.0107534270106848,0.0029089647147682,-0.0037214880661048,-0.0074554863608454,-0.0077284101986875,-0.0052079197437729,-0.0076626831301861,-0.0086244679349563,-0.0065755909528938,0.1063748988972401,-0.0203562340966919,-0.0009004633845283,0.0094919039642658,0.0019079988178229,0.0024302331931627,-0.0239234449760764,-0.0097883725028435,-0.0247191011235955,-0.020979020979021,0.0062207300140417,0.0017570538225768,-0.0059224283305227,0.0165752966308907,-0.0177045917364634,0.0016006395420422,-0.0177073625349488,-0.0094129859478024,-0.0064701102371863,-0.0072735147253641,0.0065809428395482,-0.0197740747394897,-0.0236591799216688,-0.0077023215448036,0.0011475799738374,0.0116697387045532,-0.0043226561342374,-0.0078759271746459,-0.0091907271429549,-0.0099731265583009,-0.0053194686542045,-0.0064226481906378,-0.0152559789911906,-0.0100224728119105,-0.003059586705009,0.0029371870315031,-0.018869652835028,0.0018726591760298,0.0076062823780937,-0.0112007269607622,-0.0030749443544333,0.0123299860175416,0.0002506265664159,-0.0035431113913001,-0.0239576737057534,-0.006125278621198,0.0030483453296086,-0.0009218587148326,-0.0058891546862784,0.0241640706545174,-0.0030466745608842,-0.0022583932358368,-0.0046888189228655,-0.0092367355673277,-0.0056499318708944,0.0009114735603876,0.0,-0.0102559669884888,-0.0025123547113553,0.0,-0.0049079376175839,-0.0126866891074871,-0.0109514243488879,-0.0179290917477005,0.0097101506793138
2024-12-30,-0.0273345421577515,-0.0033017747039034,0.0,-0.0002088006088895,0.0150993277437871,-0.0038673695780494,0.0024873089706878,-0.000938936019795,0.0008608989811007,-0.002757285686727,-0.0173841722013282,-0.0137798225632417,-0.0018116975748929,0.0420892155857588,0.0025974025974024,0.0063393047018196,0.0283185840707964,0.0012666848861067,-0.0024243414780311,0.0,0.0286577145014292,0.0207373271889401,-0.0142857142857143,-0.0206127699384112,-0.0099260657542866,-0.0104226040224736,-0.0116464541610754,0.0157334843112131,-0.0024853108331047,-0.0009487666034155,-0.0097708807700268,-0.0086842795635869,-0.0073396378940885,-0.0138885084235035,-0.0109055501460565,-0.0067812798471823,0.019708951325875,-0.0097521574124115,-0.0207613278698258,-0.001734516362442,0.0,-0.0018551960290908,-0.001623535728439,-0.0132036136205697,-0.0004318535152876,-0.0081876560827683,-0.0064351368606665,-0.0015428734340673,-0.0058571704578963,0.0154047241153953,-0.0074766355140186,-0.0051923940098748,0.0146753695242063,0.0148616234429113,0.0,0.0060135304434978,-0.0005475002053125,0.0,-0.0005592051046595,0.0010062509528891,-0.009230536169861,0.0080431353158627,0.0087119736515919,0.0023816888339003,-0.0101788721119607,-0.0011761792744829,-0.0139908843261541,0.0030840592789704,-0.0003024023807315,0.0113791923340176,-0.0103584447144593,0.0018890119014669,0.0056710775047259,-0.0034713038878603,-0.0033497954373932,-0.0082720793833296,-0.0169522445470441,0.0276449394038649
