date,ABEV3,ALOS3,ANIM3,AXIA3,AZZA3,B3SA3,BBAS3,BBDC3,BBDC4,BBSE3,BEEF3,BPAC11,BRAP4,BRAV3,BRKM5,CMIG4,COGN3,CPFE3,CPLE3,CSAN3,CSMG3,CSNA3,CVCB3,CXSE3,CYRE3,DIRR3,ECOR3,EGIE3,EMBJ3,ENEV3,ENGI11,EQTL3,EZTC3,FLRY3,GGBR4,GOAU4,HYPE3,IGTI11,IRBR3,ISAE4,ITSA4,ITUB3,ITUB4,JHSF3,KLBN11,LREN3,MDNE3,MGLU3,MOTV3,MOVI3,MRVE3,MULT3,PETR3,PETR4,POMO4,PRIO3,PSSA3,RADL3,RAIL3,RAPT4,RENT3,SANB11,SAPR11,SBSP3,SLCE3,SMFT3,SMTO3,SUZB3,TAEE11,TEND3,TOTS3,UGPA3,USIM5,VALE3,VBBR3,VIVT3,WEGE3,YDUQ3
2015-01-05,-0.02186334656562,0.0,-0.0625944044908356,-0.0194406463642012,-0.0294546971118757,-0.0294934919319456,-0.0207423580786025,-0.0123262539258061,0.0020557851239668,-0.0314993025799522,-0.0400831353919239,0.0,-0.019037317468902,0.0,-0.0603082923902036,-0.0257803220593102,-0.0635136698072081,-0.0045396092527462,-0.0409182595331859,-0.0593640406731842,0.0475791355851702,-0.0376680048874148,-0.0131632076233544,0.0,0.0258404363425206,-0.0481877747366675,-0.0704204626025071,0.0,-0.0221311029113039,0.0,0.0,-0.0261696144281496,-0.0565899801730153,-0.0418816778365415,-0.0428103862099061,-0.0526978501142564,-0.0111121504068842,0.0,0.0,0.0012315854293971,0.0032679738562091,-0.0112963369159903,0.0050263649281863,-0.0358339402767661,-0.0202980413767767,-0.0278020147537082,0.0,0.0188070662961492,-0.0285368937299415,0.0,-0.017993346316131,0.003163720157147,-0.0811067945770237,-0.0800980102234801,0.0064763581488933,0.0,-0.0019307565927542,-0.0112031956656488,0.0,-0.0452716002232733,-0.0489725847879645,-0.001583582451321,0.0,0.0,0.0,0.0,-0.0496220950766405,-0.0055796927615037,0.0064411336395204,0.0,-0.0307256063598156,-0.0246770156356984,-0.0605541426850488,-0.0150287013529908,0.0,-0.0198325970704488,-0.0058111782163833,0.0
2015-01-06,0.0287368690750704,0.0,-0.1414966149998197,0.0090256826306316,-0.0195699271275356,0.0097448262005226,0.0139737823395993,0.0266665827104835,0.0328972463633645,0.0389684398118406,-0.0208858056058798,0.0,0.0396405336861835,0.0,-0.0213929355418079,-0.0088141826394579,-0.0872964602610627,0.021089494163424,-0.0152228342513771,-0.0393868071900189,0.007307446127587,0.0680185736051657,-0.0133224222585924,0.0,0.0279793793591427,-0.0285813872429417,-0.0080878437693381,0.0,-0.0181090052468143,0.0,0.0,0.0392114746664757,0.0250786643497862,-0.0143473305472994,0.1112428193671923,0.1043912765224241,-0.0162407067592366,0.0,0.0,-0.0056535932251502,0.007600434310532,0.0097932018065129,0.0161721917760198,0.0046079468197612,0.0314294419574847,0.011514298535471,0.0,-0.0131995518971312,0.0146875849148349,0.0,0.0183230391042985,0.0495467083400018,-0.0253666954270923,-0.0325143513203215,0.0128693696507777,0.0,-0.0126042342537187,0.0169951939820296,0.0,0.0203397132131208,0.0299293106061651,0.0,0.0,0.0106979331593135,0.0117829635590298,0.0,-0.0510609833141327,0.0087202809074096,0.0095905912033689,0.0,-0.0547585961906154,-0.0062721178467646,0.0488986407545664,0.0400703897313801,0.0,-0.0248120122399601,-0.0152182535540572,0.0
2015-01-07,0.024825909801851,0.0,-0.047777124128078,0.0357044146837859,0.0101842044389253,0.042980797930554,0.0440164540405285,0.0441587753299641,0.0397444854775925,-0.0117476938419346,0.0606092515983451,0.0,0.0416821339555602,0.0,-0.0006219666381174,0.0072793999032101,0.0007910651275593,0.0312476183217742,0.0508491813281808,0.0147224631396356,0.0290442149854381,0.1081145341530518,-0.0087914275287794,0.0,0.0263132018328777,0.0294223179045567,0.0743416757344939,0.0,-0.0075420834296633,0.0,0.0,-0.0046849164063936,0.0302148714894396,-0.0072780863847635,0.0753261672273735,0.0689147926092672,0.0634873323397915,0.0,0.0,0.0286427976686094,0.0377656375300721,0.0226134990505781,0.0361763048652874,0.0,0.0076236138883838,0.0170193887942247,0.0,0.0347482724580454,0.075123326286117,0.0,0.0414840960727036,0.0300396462336076,0.0483799575070822,0.0407746712868468,0.0285573305372233,0.0,0.0016306265743455,0.0262539095495741,0.0,0.0398081968696282,0.0189047803807713,0.0559179115347889,0.0,0.0017782293915915,0.0319831846844287,0.0,0.00362900593956,0.0132684966208735,-0.0058062619432603,0.0,-0.0149331270034267,0.0264744202206201,0.0593333152218209,0.0366953302281143,0.0,0.0342973899929459,-0.001632255055751,0.0
2015-01-08,0.0040244578160997,0.0,-0.007766647544239,-0.0189713731198446,-0.0048388943457852,-0.0103023943527615,0.0034135270086246,0.0022085428316338,0.0051453365587683,-0.0046217342603712,-0.0052904799727675,0.0,0.00066181336863,0.0,0.0024996174054991,-0.0152743578964227,0.0710875828141739,0.0281427832384892,-0.0004838865769865,0.0121797474305007,-0.0122468932513442,-0.0243992153016184,-0.0354441395006359,0.0,0.0079713338570908,0.0077553154409202,-0.0028359599724506,0.0,-0.0287186068794556,0.0,0.0,-0.0072219658514074,-0.0041914037311276,-0.0133382057372555,-0.0191911484166348,-0.0157009111949789,0.0011934037320988,0.0,0.0,0.0064756354217256,0.0103837144720002,0.0142103001657356,0.0156477155445071,0.0926385442514474,-0.0006878121934443,0.0011896618386224,0.0,-0.0090631558862812,0.0115364446775039,0.0,0.0053173876628815,-0.0097879566334304,0.0674688621490395,0.0588342606950651,0.0092348284960421,0.0,-0.0065361859289765,0.0077636642715723,0.0,0.0383131761361987,-0.0271022637743578,-0.0156647558321327,0.0,0.0088331008833102,0.0028074424749533,0.0,0.0090267029122173,-0.0191875661075028,0.0095549641457826,0.0,0.022901962544463,-0.0031703588372342,-0.0500089759700459,0.0106275740906078,0.0,0.0406622610004467,0.0128458288213686,0.0
2015-01-09,-0.0006099627245,0.0,0.0035282781113334,-0.0210692912606953,-0.0109419657995445,-0.0218313253012049,-0.0433020284819861,-0.0350243810952738,-0.0434159758566681,-0.0285079937955573,-0.0127618314297527,0.0,-0.011039886039886,0.0,-0.0218196621209038,-0.0350681032730229,-0.016225821486833,-0.067367270949841,-0.0332106893880711,-0.0310118431885833,-0.009403245552343,-0.0374827196179464,-0.0106006454075435,0.0,-0.0535140581335665,-0.0489407695633375,-0.0256639445279595,0.0,-0.0086929370452158,0.0,0.0,-0.0527343296069908,-0.0486217329656465,-0.0033796296296297,-0.0547905239817948,-0.0596110663898658,-0.0160917464330865,0.0,0.0,-0.0855718192054044,-0.0349657034965703,-0.0121500983507338,-0.0437286246571749,-0.0084646617576216,0.0020648568140275,-0.0355286219291209,0.0,-0.0234427649947047,-0.0145800933125971,0.0,-0.0435928236524975,0.0056810686740949,0.0299015148518766,0.0239920744314265,0.0030897207367794,0.0,-0.0131583774595528,-0.0134651891748708,0.0,-0.0307541899441341,0.0043864384818872,-0.03030208657739,0.0,-0.0233347297863426,-0.0098259867157051,0.0,-0.0041764956108124,-0.0192509937434269,-0.0231395881006865,0.0,-0.0102896007020623,-0.0147307659658754,-0.0400075587830359,-0.0214591051581646,0.0,-0.0159435028248586,-0.0058488113705923,0.0
2015-01-12,0.0188235066168065,0.0,-0.1152408668547707,0.0,-0.0106466997679643,-0.0361629797507021,-0.0173066010970304,-0.0168602108741071,-0.0177612268125635,0.0238867959969528,-0.030172164769773,0.0,0.0,0.0,0.0191123226101792,-0.0329716633308754,-0.0839576362362184,-0.0073374130994404,-0.0434651977966951,-0.0623965141612199,-0.0770444386011044,-0.0074424677656274,-0.0392796394690234,0.0,-0.0222342733188719,-0.0109100827347941,-0.0175692205048371,0.0,0.0048250959769562,0.0,0.0,-0.004220030423475,-0.025054568498134,-0.0101732707762345,-0.0238080539951026,-0.0223238421337177,-0.0054608197654142,0.0,0.0,0.0002512878502325,-0.0170637475853187,-0.0327936648950019,-0.0241667333203833,-0.0384508606329817,0.0,0.0136446237718297,0.0,0.0,-0.0096402972315381,0.0,-0.0248561704886152,-0.0104584765252673,-0.0559545297438456,-0.0521600134606486,-0.0305058642340954,0.0,-0.0249947333853797,0.0253289179271458,0.0,-0.0211245280843829,0.0090570702930781,-0.0109355429232104,0.0,-0.0137262471582378,0.0241157556270095,0.0,-0.0404644479826026,-0.0060158848439686,0.0053784599239143,0.0,0.0458646449868103,-0.0101032727941091,-0.0394533337082758,0.0129791963965013,0.0,0.0015731033770052,-0.0055669190055457,0.0
2015-01-13,-0.0035753339989541,0.0,0.0423762772991385,-0.0089930783610368,0.0074505872597432,0.0043960537749834,-0.0058704648253296,-0.0101747059404961,0.0031611152333228,-0.0243283460393819,0.0200008935618867,0.0,0.0048870826688616,0.0,-0.0106275458638325,0.0139869281045752,0.0638313920286186,0.031259220150007,0.013715841273165,0.0580211915605539,-0.0534472934472933,-0.05419804650245,0.0327084892401481,0.0,0.0,-0.0012868829855685,-0.0019807583474814,0.0,-0.0126612756678176,0.0,0.0,0.0,0.0231827537644893,-0.0061479256617231,-0.0349915682967958,-0.031957788991037,-0.0085268957116358,0.0,0.0,-0.0005275719130762,0.0032502708559045,-0.0091217179235424,-0.0011709327650406,0.0399884509888841,-0.0082424078640678,-0.0033728350045577,0.0,-0.0106472125006162,0.0227218400573689,0.0,0.0141678957974116,0.0147930824223891,0.0068342689773004,0.0101184928771136,0.0062931508523247,0.0,-0.0208566344687342,-0.0007637918994413,0.0,-0.0302361184714126,-0.006072631873327,-0.0157972496874644,0.0,-0.056234506154047,0.0283657229470037,0.0,0.0093758009901925,-0.0121045895044797,0.0171301819266327,0.0,-0.0207609156422212,0.0048972107947522,-0.0365360969611804,-0.0057404070993214,0.0,0.0265975741178088,0.0055980830806421,0.0
2015-01-14,-0.0029964977239976,0.0,0.0160980297933683,0.0217435635992861,0.0008230857114777,0.0076848694590054,0.0072797676669893,0.0117459822125134,0.0105781506474558,-0.0280165884946045,0.0,0.0,-0.0749462475683424,0.0,-0.0600544824170382,0.0051781186884962,-0.0099968601553717,0.0319831350700194,0.0134269778971287,0.0112885160213471,-0.0551709607512641,-0.0355714732779304,-0.0086427826578765,0.0,-0.0038002506111214,-0.0412333179935572,0.0248653246385028,0.0,-0.0539310643114483,0.0,0.0,0.0104223131128959,-0.0054232103993884,0.0006847051045943,-0.0439711664482308,-0.0452944256676345,-0.0055380262288368,0.0,0.0,0.0109591795696761,0.0053995680345573,0.0026210644078632,0.0067876485897164,-0.0043031649083842,-0.0283729009843659,-0.0087705925993679,0.0,-0.0094165711723381,0.0196849882487373,0.0,-0.0195620557569797,0.0041712021596203,-0.0373737373737375,-0.0289090988972364,-0.0031572556162721,0.0,0.0066330040628772,-0.0049356832427001,0.0,-0.0067093718692128,0.0159442620754337,0.0144506763444407,0.0,-0.0122119815668202,-0.0033689529925777,0.0,0.0216647510090615,-0.0058118012882208,0.0142210493521726,0.0,-0.007456629257259,0.0002078677960817,-0.0308113035551503,-0.0804152329179077,0.0,0.011178612109977,0.0140649052147692,0.0
2015-01-15,0.0006030150753768,0.0,-0.0529360762985733,-0.0106279470099543,-0.0102678352236461,0.0076262626262626,-0.006323761196325,-0.0072544677281054,-0.0101866891255089,0.0246004707298461,0.0511899547379179,0.0,0.0007747648035418,0.0,0.0067294603258245,0.0197293888805762,-0.013207971844819,-0.0256515014445384,0.0154912352221769,0.0518166221469367,0.0574687012200949,-0.0061292183443899,0.0167052950615083,0.0,0.0161662817551964,-0.035710857252568,0.027194511301076,0.0,0.0079421434546622,0.0,0.0,0.0015118632495305,-0.0440835541256623,0.0061817238043555,0.0252930289944479,0.0197701378674179,0.050681367226985,0.0,0.0,0.0041272998508203,-0.0021482277121376,0.0055791118054004,-0.0087912343824594,-0.0042520563223198,-0.0064035149220594,0.01116533721574,0.0,0.003872849813902,0.0068509722522889,0.0,-0.0227937489553736,0.0331963161454809,0.0882266526757606,0.0686784599375649,0.0,0.0,-0.0201160541586072,-0.0057283321993724,0.0,-0.0134482547832996,0.0123442136498517,0.0347990113178091,0.0,0.0168882668532772,0.00338034120319,0.0,0.0087777821383252,0.0029228878877014,0.0155575230833167,0.0,-0.028578593859037,0.0060904152450889,0.0,0.0115925623126427,0.0,0.0173280174936774,0.0,0.0
2015-01-16,0.0131913753850274,0.0,0.0739384456614011,0.0053710568121643,0.0207487148322924,0.028169014084507,0.0117995241503374,0.0026284556735496,0.0097242762504812,0.0377402030712428,0.0103616867603755,0.0,0.0539703605397035,0.0,0.0187012703778419,0.0420492181276987,0.0543269779063377,0.036195639151791,0.0413488558811723,-0.0170544876427229,0.0434704021690013,0.063919320902561,0.0121346029073945,0.0,0.0131087662337663,0.0222000995520159,0.0444249932669,0.0,-0.0102004873458948,0.0,0.0,0.0019234983321565,0.0207258373856986,-0.0246218782975728,0.0515666087266568,0.0513641697633484,0.0205952306719283,0.0,0.0,0.0274847719506761,0.0183242796705633,0.0150275822712573,0.0153654582618705,0.0,0.0007173938609903,-0.0002636301876843,0.0,0.0068139686357031,0.0327823238519231,0.0,0.0247792529878347,0.0200768830471202,-0.0021599105179928,0.0107108081791627,-0.0093799488366426,0.0,0.0176996973285958,0.0261357114476181,0.0,0.0045541855133528,0.0204009848751318,0.0053586020491547,0.0,0.0159654998394274,-0.0538506079907352,0.0,-0.0008947791581295,-0.0252269310018378,0.0143050316703436,0.0,0.064394832250171,0.0222001629580324,0.0366817155756207,0.0448959714854111,0.0,0.0197468409396845,0.0,0.0
2015-01-19,-0.0153894086879349,0.0,-0.0323780591763666,-0.0392274893403561,-0.0028491759259819,-0.0579144932481839,-0.0044735886210257,-0.0262466378273857,-0.0209666740233943,-0.0181838397315381,-0.0564048280223254,0.0,-0.0042497376705141,0.0,-0.0773710126311283,-0.0637672996459606,-0.0179265042824973,-0.0730276184007052,-0.0668851195065537,-0.0512949776293402,-0.0387435764189617,-0.0717062193126022,0.0127167830350491,0.0,-0.0092336658254216,-0.0246396571873781,-0.013576760917495,0.0,0.0,0.0,0.0,-0.0623572296476306,-0.0279178587014498,0.0385863685539127,-0.0447783334746121,-0.0460876642250902,-0.0086496582904923,0.0,0.0,-0.0274966261808368,-0.0455025934757491,-0.0289386556721639,-0.0361084758312699,-0.0086804340217012,-0.0050181570318834,-0.0134791119405255,0.0,0.0,-0.0299415863530045,0.0,-0.0284361178335974,-0.0381868448335445,-0.0379189053380233,-0.0264723129764598,-0.044269552385637,0.0,-0.0052110945884786,-0.021361270059803,0.0,-0.0316730917501927,-0.0388882505394052,-0.0281351110555356,0.0,-0.0502596522917137,0.0,0.0,-0.0111233694594068,0.0003332571602681,-0.0040169800729722,0.0,-0.0692200615851857,-0.014218594756016,-0.0330248593721647,-0.0105111805245673,0.0,-0.0072603395965293,0.0051569972967353,0.0
2015-01-20,0.0144217400059452,0.0,0.0288162742271342,-0.0259750430741919,0.0191604727671499,0.0179042690815005,-0.0045128953584391,-0.0080830453350645,-0.0031764898762194,-0.0212075976733411,-0.0260930374859773,0.0,0.0128563148743348,0.0,-0.065388899201782,0.0086373598040478,-0.0022829678582156,-0.0268163392578734,-0.0269572402396197,0.0447248975976972,0.0281715521383949,0.0501010101010102,-0.0243956683147144,0.0,-0.0111998382694835,-0.0103844233649526,0.0110056727576921,0.0,-0.0056207984166216,0.0,0.0,0.0166131038772547,-0.0302784671214256,-0.0547222222222223,0.0223405435385468,0.0009506862004242,-0.0023243528790281,0.0,0.0,0.0218560277536861,0.0199598228082826,-0.0145708358127342,0.0033248112539459,0.0043782218769861,-0.0180005669469904,-0.0027347123411605,0.0,-0.0380691714356805,0.0012245310172442,0.0,0.0322102686336402,0.0360243983814259,0.0011249497790277,0.0141123827553568,-0.023224395265054,0.0,-0.0003509592887225,0.0160903875321478,0.0,-0.0397159054716861,0.0202308683465946,0.0156488733776156,0.0,-0.0013313046785851,-0.0071213975742739,0.0,0.0501522549482857,-0.0182468898428502,-0.0005107522147272,0.0,0.040628115653041,0.0130171854180189,-0.0243948207918933,0.004158941724708,0.0,0.0241493571252398,0.0083371260705862,0.0
2015-01-21,0.0130351353139681,0.0,0.0168771115851094,0.0304735868778645,0.0,0.0471760459559755,0.0253482001620433,0.0461921475274145,0.0243827223946877,0.0502235077570338,0.0212123025370991,0.0,0.0133694012381002,0.0,-0.0022841253289637,0.0051124744376278,0.0396419180666787,0.0433995514258251,0.0318437533170574,0.0042810215110733,-0.0552374832038323,0.0397355626289832,0.0071369702070949,0.0,0.0377420212222201,0.0646756129553021,0.0299425970936546,0.0,0.0414505485885734,0.0,0.0,0.0351051625239007,0.0069957948071655,-0.0350426094622391,-0.0076602578013107,0.005796113194681,0.0437008012990223,0.0,0.0,-0.0304580837597304,0.0401989748251394,0.0366229823902861,0.0295130996530685,0.0172959291288758,-0.0168631224440702,0.0034226098430958,0.0,-0.0099327470253492,0.0234393715878,0.0,0.0085086022176454,0.037133372968688,0.064130347539931,0.0536699193890537,-0.0135678060989263,0.0,0.0213380144333916,-0.0105570578691184,0.0,-0.0194686743391595,0.0509999479193792,0.013095803642122,0.0,0.0258522186250238,0.0379917068250588,0.0,0.0014498368933495,0.0253437009171821,-0.0050572687224669,0.0,0.0504409363091997,0.0290668915120853,0.0200038468936332,0.0156387225548901,0.0,0.0311920841840742,-0.0085964588334256,0.0
2015-01-22,0.0070168890547726,0.0,-0.0688377505243978,-0.0018466500208074,0.0520010760080102,0.0398077576581388,0.0083722155328116,-0.0023060693783426,0.0110482268649525,-0.0058988482724086,-0.0163917616382972,0.0,-0.0125256673511293,0.0,-0.0182899517244812,0.0051076636147846,-0.0689145879990731,-0.0314759937969261,0.0183108733669377,0.0523139257602296,0.0026899174473609,0.0191421362489485,0.0134763380575966,0.0,0.0118210296116791,0.0027482941622443,-0.0088120104438642,0.0,0.0049756864517283,0.0,0.0,-0.0100241367420325,0.0470595747397994,0.0207587869559702,-0.0087909204224889,-0.0499031476997577,0.0429955693847869,0.0,0.0,0.0041519721867888,0.0104624347615001,-0.0016216131114504,0.0049734478310887,-0.0255027990877048,-0.0141672172061954,-0.010232806624612,0.0,-0.0056954749712613,-0.0253049156092153,0.0,0.0154709352696067,-0.0076193660878496,0.0369965303967414,0.0437688745721764,-0.0034052213393871,0.0,0.0123239884908206,-0.0209458425344906,0.0,0.0397104586659451,0.0032333593488682,0.0,0.0,-0.0135981807212141,0.0138199093068451,0.0,0.0361185647425896,-0.0247172737244222,0.0005136106831022,0.0,-0.0002798420447126,0.0086469184087047,-0.0024514425796718,-0.0077038725716588,0.0,-0.0092299256732057,0.010285170315798,0.0
2015-01-23,-0.0069679954040879,0.0,0.0265221895193779,-0.0370273861948562,0.0380261841985634,-0.0070498155842945,-0.0026120864973786,-0.0095468181371103,-0.0086844325343655,-0.0032943452111101,-0.0155628695250717,0.0,-0.0479309627781243,0.0,-0.0582368000811133,-0.0346863468634685,-0.0007879485345193,-0.0388877439401386,-0.011011213253864,0.0051538122167407,-0.1495220474868948,-0.0619264540833167,0.0035046728971961,0.0,-0.0116829254045212,0.0140818448161799,-0.0319900711734758,0.0,0.0328539978453323,0.0,0.0,0.0039059584525438,-0.0393218685205513,0.0036297640653357,-0.0110971385708297,-0.0191900914906089,-0.0149895016740574,0.0,0.0,-0.019901860662067,-0.0072310575121318,0.0019396347809632,-0.009608602647858,-0.0087234042553191,0.0015140233308512,-0.000830409599535,0.0,0.0272741604918809,0.0043227665706051,0.0,-0.0166368733241243,0.0103655210038189,-0.0295668618394733,-0.0243808348121287,-0.0276028406806913,0.0,-0.0162361345171918,0.0108979655642154,0.0,-0.0334114125837725,-0.0265985033711195,-0.0098941807211968,0.0,-0.1164957184529971,0.0061235356762514,0.0,-0.00947975764584,-0.0155416804017761,-0.0061070594066416,0.0,-0.007433441154516,0.0076142406879895,-0.0196597353497164,-0.0634364199914836,0.0,0.0018652318729182,0.013027714619308,0.0
2015-01-26,-0.0046748157133527,0.0,-0.0080410059266379,0.0096060179673125,-0.0567781208259433,-0.0121779198796311,-0.0114110406494939,0.0110973876451567,0.0161093311974369,-0.0042957931550327,-0.0124050709509545,0.0,-0.0621382548869716,0.0,0.0131885286715922,-0.0140235910878113,0.0275791942060863,0.0090555207336786,-0.005311542390194,-0.0055064541228576,-0.1397338747688626,0.0040115419804349,-0.0272033143874546,0.0,0.0009062789368954,-0.0207828518173345,-0.0202129886440944,0.0,0.0008707325037187,0.0,0.0,-0.0225019825535288,-0.0239316456339029,-0.0086947905571106,0.0011154738532928,-0.0102894559060436,-0.0005431919936791,0.0,0.0,-0.0028972247636475,-0.0010405323653963,-0.000314777216425,0.0117566021435076,-0.0264720612434713,-0.0007558672647518,0.002898460387708,0.0,-0.0209740126867199,-0.0276875833773818,0.0,-0.0183023817885105,-0.0302058188286113,0.0020986358866736,-0.0090154211150651,-0.0070965963896927,0.0,0.0202881505439576,0.0011487397000022,0.0,-0.0024906600249066,0.0074465925813163,0.0384093205354887,0.0,-0.0184790712535946,-0.0176237099761841,0.0,-0.004499464928495,0.0260884980155406,-0.011256166847739,0.0,-0.0262171111041477,-0.0092604536171128,-0.0025067489394523,-0.0458145215009992,0.0,-0.0235072680217274,-0.0150641997775754,0.0
2015-01-27,-0.0041155349726725,0.0,0.0038431727167032,-0.0038058481412989,-0.0097095830624942,0.0113284782712168,0.0208526501031278,0.0109755872982744,0.0016750583807112,-0.0172674577957343,-0.0057136729879599,0.0,-0.0323707498835584,0.0,-0.0048746795595521,0.0186760600824138,0.0076639571868533,0.0323171230077645,-0.014684740193058,-0.0239332357012458,0.0584144645340749,-0.0478059722416935,-0.0179152807841894,0.0,-0.0027163750172235,-0.0071380984105834,-0.0018693835040257,0.0,0.0013049624823286,0.0,0.0,0.0186593651759456,-0.0250517032816951,0.0459543205557497,-0.019053349378259,-0.0093725387240746,-0.0190302870600637,0.0,0.0,0.0124381913646327,0.0,-0.0009761166301934,-0.0037733236403918,-0.0090394649812596,0.012847062908446,-0.0139014056786517,0.0,-0.0414358867175252,0.028476015428823,0.0,-0.0071754729288975,-0.000974355615236,0.0104712041884815,0.0262548878780624,-0.0071473180209562,0.0,-0.002368124295201,-0.0119155321167723,0.0,0.0024968789013732,0.0,-0.0236708880003648,0.0,0.0392273886387064,0.0103437129619652,0.0,-0.019801617356038,0.0200598917341729,0.0036206430694407,0.0,-0.0147915348228555,0.0017196764621316,-0.0226174366905085,-0.0296196977084349,0.0,-0.0135765092867095,0.0143297064257852,0.0
2015-01-28,0.0094417772757224,0.0,-0.0642312518096708,0.0,-0.02353030809173,-0.018308467077705,-0.0430406495023076,-0.0297094629466589,-0.0238936050915316,-0.0202669200892487,-0.0206905051687746,0.0,-0.0220216606498194,0.0,-0.0261612386545648,0.0287945020769448,-0.0487003226646893,-0.002897770458576,-0.0140698280354352,-0.0268014962798536,-0.0373511726993986,-0.0418507067137809,-0.0291909327121224,0.0,-0.0072831343136285,-0.034221625766871,0.0103276210351699,0.0,-0.0065208340875357,0.0,0.0,-0.0152065704330511,-0.0642518844640117,-0.0411400721504169,0.0,-0.016802268571277,0.0144131892853847,0.0,0.0,0.0002517496601379,-0.0208565476478852,-0.0087621148845639,-0.0204091088099704,-0.0045238801542568,0.0014936885536931,0.0050212721256366,0.0,-0.0148814390842192,0.0141584233179792,0.0,-0.0028824551735832,-0.0007868014064074,-0.1047742413027387,-0.1120917573872473,-0.0107632093933464,0.0,-0.0239760867107924,0.0077715000334976,0.0,0.0,-0.0323238682868475,0.0174244783556525,0.0,-0.0341443040618146,-0.0197824464114322,0.0,-0.0473324111115265,-0.0055702967688515,-0.0051511235551726,0.0,0.0285247686445289,-0.0074301125347947,-0.0462816455696201,-0.0026264402599033,0.0,0.0227053088792839,0.0141272668393781,0.0
2015-01-29,0.0327324610894033,0.0,0.0136489436680247,0.0076407759154133,0.0016084889806502,0.0103557388052546,-0.0208999167102484,0.0,-0.0105310893882898,0.0172384707842185,0.0117358336217474,0.0,-0.048418850744432,0.0,0.0394599780701754,0.0508825705527955,0.0279983988876482,0.0255840175324366,0.0280126849894293,0.0096937697993664,0.0226680455015513,-0.0392992969920479,-0.0075310100413467,0.0,0.0109949101320183,-0.0177667493796526,0.0037207208400089,0.0,0.010940909070205,0.0,0.0,0.0292653339735651,0.0119477038452215,0.0218263361156099,0.0182875576455621,0.0384646486428204,-0.0005461586839231,0.0,0.0,0.0313349441256418,-0.0064075604265108,-0.0072020222897025,-0.0068462375254221,0.0045444386500781,0.0201224953850291,0.0,0.0,0.0226870296591412,-0.0018242060980603,0.0,0.0159418441525316,-0.0227613868451488,-0.0185208152465996,-0.0310023207952008,0.0145541896283736,0.0,-0.018349804406012,0.0019278923925809,0.0,0.0172663323348256,0.0141578180303976,-0.0037190651831219,0.0,0.0143243243243242,-0.0083229070336724,0.0,0.0315005952147351,0.0286887572620782,0.0103555900340974,0.0,-0.0394199216682543,0.0168865464148142,-0.0431010645651874,-0.0475034634364158,0.0,-0.0136966386641883,0.0222927393924878,0.0
2015-01-30,-0.0022665089441317,0.0,-0.0695134566791596,-0.0265666301764878,-0.0601435727810936,-0.0676188668501471,-0.0413072722956397,-0.0135480156693909,-0.0299129194887202,-0.0033892683533545,0.0011506406269436,0.0,0.0175858278916403,0.0,0.0056567201571751,-0.0387431606050852,-0.0428006393966718,-0.0453545989470425,-0.0268380462724935,-0.0579807149281514,-0.0076042551470291,-0.0545425463851567,-0.0439294747805386,0.0,-0.0190564219552006,-0.0211196443007275,-0.0398132024695266,0.0,0.0277050620649259,0.0,0.0,-0.0395560684558156,-0.0265438099666088,-0.0142400819292384,0.0224433339282528,0.0123293360328091,-0.0032787428174004,0.0,0.0,-0.006833101495961,-0.0203675115781087,-0.0072542676872818,-0.0140845070422535,-0.0182438445565114,0.0,-0.0208313735327625,0.0,0.0029758684125094,-0.0711248694614351,0.0,-0.0142689764833877,-0.0323311678501283,-0.0507560759866896,-0.0651633602964434,-0.0394150417827298,0.0,-0.0444249272474635,-0.0038483655504932,0.0,-0.0291159343568025,-0.0256877437897762,-0.069512719675556,0.0,-0.0141220357047695,0.0034558420186505,0.0,0.0002916893888473,0.0352563512941739,0.0061603842651287,0.0,0.0203645339739491,0.0001877914120305,-0.0563482029980134,0.0310246177517068,0.0,-0.0182034490745615,-0.0308845635749565,0.0
2015-02-02,-0.0136118452014626,0.0,-0.0134869140482613,0.0058697679521642,0.0324201291704655,0.0219858516972875,-0.0222657862154354,0.0253747533891153,0.0103834201243069,0.0204047673523724,-0.0046283353524058,0.0,0.0310057818158713,0.0,0.0329233754654638,0.0478592056250783,-0.0065085906974254,0.0896660232599633,0.0734361792054099,0.0203832404467438,-0.0041165681679233,0.0480883099306379,0.014259035910205,0.0,-0.0064755412991178,0.015381439042015,-0.0019371857225291,0.0,0.0,0.0,0.0,0.0739850700480619,-0.0218256552762219,0.0353723996339079,0.0362208160593495,0.0416655983179916,-0.0126181655064709,0.0,0.0,-0.0112047571074035,0.0098617324115493,0.0134531318052038,0.013223040695568,0.0092914337513219,0.0350650128827372,0.0175918018787359,0.0,0.0088471705238173,0.0235561801512413,0.0,0.0130322197223755,0.0190909879434471,0.0658945686900958,0.0586841978053849,0.0260983036102653,0.0,-0.0110704144203465,0.0019316163410303,0.0,-0.0200040894220283,0.0083098480259173,0.004011820838355,0.0,-0.0022162162162162,-0.0048652490023505,0.0,-0.0017623044349215,0.0173343639772192,0.0091751260026973,0.0,0.0128086053091993,0.0258513400424864,0.0388133971291868,0.0607300665710657,0.0,0.0117100790323099,0.0178078604379443,0.0
2015-02-03,0.006321796895071,0.0,-0.0791457286432161,0.0368128272251309,0.0351258552972852,0.037597729196753,0.0321858973006057,0.0165679887649485,0.0370127913380509,0.0089995515512251,-0.0337660716514792,0.0,0.0592839095334936,0.0,0.0163368410363167,-0.0200307550975575,-0.0343724072537631,-0.0103454948719095,0.0248055911014861,0.0223697094984223,-0.0501759842841941,0.036681328437109,0.0703120504804464,0.0,0.0018766269144621,-0.0151484343228954,0.0289902952715259,0.0,0.0214823713030591,0.0,0.0,0.0074506069983339,0.0223126433380187,0.0111570346656473,0.0275426405559067,0.0390390390390389,0.0027763054945608,0.0,0.0,0.0105613677592506,0.0324927010973521,0.016394225412641,0.0279125201120316,0.0092058977621436,0.0077572333306317,0.0045946626384691,0.0,-0.0350783380567885,0.0377247466492318,0.0,-0.0028704324505531,0.0164948804589286,0.1423754215061821,0.1547417926122094,0.0108803165182986,0.0,0.0111943404078236,0.018547654397589,0.0,0.0357130437806447,-0.00568144713642,0.0400072351761107,0.0,0.0150604041389024,-0.0161502966381015,0.0,-0.0147075633453991,0.0179560182354892,0.0136287698936077,0.0,0.0441245468116868,0.0023897798997023,0.020118648439515,0.0572420918423424,0.0,0.0238698394191532,0.0079762493814943,0.0
2015-02-04,-0.0097103312453842,0.0,0.0371358638953536,-0.0186997001735836,0.0099809091993796,0.0155500095987712,0.0695415695415695,0.0114596963150048,0.0252006533131594,-0.0039596359559188,0.0301175634648924,0.0,-0.0252487055675141,0.0,-0.0283141408338122,-0.011453026288975,-0.0186460158228907,-0.0302930028277479,-0.0416866775525884,-0.0062575825298512,0.0323164426059978,-0.0154924094978591,-0.024818564644745,0.0,-0.0102316213494461,-0.0615257561680602,-0.0018728846436837,0.0,0.0189704455908736,0.0,0.0,-0.0277154266001937,0.0181783972327154,-0.0117191191758813,-0.0113324316570352,-0.0234767364730408,-0.0232731787940566,0.0,0.0,0.0152953327103722,0.036735489847159,0.0329172995912743,0.036789685438334,-0.0091219222782557,0.0014016383083834,-0.0023494768498213,0.0,-0.0227209753394291,-0.0049269153225807,0.0,0.001428841587695,-0.0202295924775389,0.0112240807550745,0.0020166073546856,-0.0359239586245457,0.0,0.0180803050880009,-0.0371595161430684,0.0,0.0344816008595219,-0.0145803231314857,0.026926178316758,0.0,0.0467524150077387,0.0142936906756001,0.0,0.0017917681787127,0.0283978791674532,-0.005968077723803,0.0,-0.0070467125554035,0.0018363173490254,-0.0140870507495034,-0.0153342343278926,0.0,0.0077642162800086,-0.0063815582783538,0.0
2015-02-05,0.015578389128273,0.0,0.0434664861205145,-0.0266677387365655,0.0343841741832207,-0.0173440453686201,0.0219855851033323,-0.0042479452219642,-0.016019313094982,-0.0049793625199021,-0.0128548809355845,0.0,0.0121754700089524,0.0,-0.0157457036722836,-0.018182567823864,-0.0112227958065177,-0.0068093686986194,-0.0496141124586548,0.035404484996466,-0.0247099090074297,-0.011228847066266,0.0254502021315692,0.0,0.0272272190794025,0.0574194258057418,0.0404497996274006,0.0,-0.0157825570522377,0.0,0.02678889422258,-0.0247144592952612,0.0416637052410127,0.0279238787415128,0.0,-0.0096067538390626,-0.0011338355423083,0.0,0.0,-0.0298876186785507,0.0,-0.0015615761306265,-0.0084433012748825,0.0092058977621436,0.0146851301584387,0.0152918642258297,0.0,-0.0124184859654097,0.0080537932606465,0.0,0.0300467907425667,0.0243220838710229,-0.0242531262387835,-0.0219801902055956,0.01486153400029,0.0,0.0257360371892474,0.0039316702819955,0.0,0.0404725585018337,0.0150759797387363,-0.0074980754426482,0.0,-0.0035180747463418,-0.00919299790818,0.0,0.0309974779968087,0.0008759635599158,-0.0110304384250208,0.0,0.0297856584522977,0.0168454488648197,0.0057153324784759,-0.0048672332787838,0.0,0.0161278724562647,0.0039720965160168,0.0
2015-02-06,0.0142061937917028,0.0,-0.1176448778317451,0.0078477805925762,-0.040505042429503,-0.0186601260039435,-0.0390594309444974,0.00142000821792,0.0042115718897441,-0.0170002853764931,-0.0047483682446917,0.0,-0.012795565776284,0.0,0.0311985791521927,-0.0337000797883508,-0.1047965132993709,0.0074338992050726,0.0064332419320818,-0.0410202308551569,-0.0117264401266796,0.0409069097888676,0.0474509452558014,0.0,-0.0073098256735341,-0.0419223967543951,-0.0506382923907303,0.0,0.0148031172566085,0.0,0.0434782608695651,-0.0046844242892383,-0.0405704148471615,-0.0434459019443669,0.0187584205617163,0.0193998775260257,-0.0005675612923199,0.0,0.0,-0.0196984071503469,0.0121326122736891,-0.0006377551020407,-0.0022782383127503,-0.0045238801542568,0.0137828884140067,-0.0137007484381767,0.0,-0.0502411575562701,-0.0215061867973117,0.0,-0.0222240329184575,-0.0235526743924111,-0.0651868813709557,-0.0693592640413169,-0.0625044646046145,0.0,-0.0233300492610837,0.0106009453072248,0.0,-0.0526233701416182,0.0085750679570852,0.0037851170438856,0.0,-0.0050143266475644,-0.0262792377354298,0.0,-0.0101216848673946,0.0290398673034768,-0.0086121699844698,0.0,0.0055131636770404,0.0118909230572268,0.0056828530836763,-0.0014641288433382,0.0,-0.0220791168353267,-0.0015156286906542,0.0
2015-02-09,0.0173682187519554,0.0,-0.0310950500042019,-0.0233053741701045,0.0195154177156426,-0.0042636608674345,0.0255796297377797,-0.0011343957230869,0.0103364029317796,0.0183103848706038,0.0119036221477579,0.0,0.0412734440329711,0.0,-0.030254676240771,0.0052150105386672,0.0438943555224418,0.0255321127939602,-0.0009430996541968,0.0257339459436138,-0.0131214273341416,0.0873189658484114,0.0209056849092432,0.0,0.010137494761629,-0.0225841476655809,0.0142880403810143,0.0,-0.0068866341101355,0.0,0.0625072262689327,0.0199774690199023,0.0005973800617293,0.0219801595020423,0.0470803662258392,0.0295312011918207,-0.0124934392235481,0.0,0.0,-0.0065962052718706,-0.0069925196301631,0.0015650165618257,0.0062625052281746,-0.0046189376443417,0.0190381655550846,0.029172284761636,0.0,-0.0016323075992986,0.0,0.0,0.0284166666666667,0.0261714344304315,0.0188060527043578,0.0175157164535009,-0.0391648887534289,0.0,0.0075992952158066,0.0178392463419523,0.0,-0.0169240393796714,-0.0050908806832976,0.016536078013198,0.0,0.0028797696184303,0.0167750770284149,0.0,-0.0102125728118617,0.0141101760127007,-0.003079606949587,0.0,0.0158925662521356,0.009787597989848,0.0875502589922847,0.0572910025925452,0.0,-0.0242213102043769,0.0,0.0
2015-02-10,-0.0099196935350659,0.0,-0.0550568132535345,-0.0099585990824662,-0.0101576182136602,-0.0116645339108178,-0.0334073610082948,-0.0150478135061827,-0.0209018640350876,-0.0239680697252937,-0.0294089819603885,0.0,-0.0427350427350426,0.0,0.0024029043800768,-0.0277339443591795,-0.0373847876647429,-0.0354173594945128,-0.0141598489616111,0.0173704576043067,-0.0335688270656896,-0.0039923685698134,-0.0102387934645999,0.0,-0.0136905114680256,-0.0066651855143301,-0.0328691254966488,0.0,0.0199921016760582,0.0,0.0,-0.0307292050168126,-0.0059560192753272,-0.0201275218880853,-0.0478975594590393,-0.0545675208887644,0.00287534090216,0.0,0.0,0.0478644311131621,-0.0131009474792374,-0.0106194153253333,-0.0127279059056135,-0.0322580645161291,-0.0026704899911348,-0.0368459538511537,0.0,0.0181664042630496,-0.021966030323649,0.0,-0.0221011263268778,-0.0157370169610071,-0.0402140613487416,-0.0387745536665389,-0.0571768437747818,0.0,0.0053928504685372,-0.0087523521946523,0.0,-0.0294738252336136,-0.0373104052975279,-0.0421575930796479,0.0,0.016408573479643,-0.0057239057239056,0.0,-0.0058977886477121,0.0036182397622985,0.0076960162848418,0.0,-0.007010442332512,-0.0146293057219177,0.0077937649880095,-0.0551111468424648,0.0,0.0253098845216652,0.0143710450056182,0.0
2015-02-11,-0.0077827572436437,0.0,0.0388278220162012,0.0020061030741409,-0.0094715734843122,-0.0376475275135701,0.0110559079394381,-0.0121743290319414,-0.0269575738183563,0.0023784686000416,-0.0303000763594417,0.0,0.047878715244487,0.0,-0.0103832825242971,0.0071368224465293,-0.0679578139980824,-0.0068796915892244,-0.0161719331843812,0.006449212451941,-0.062885942608064,0.0201482742719307,0.0034369497494244,0.0,-0.006469574970957,-0.0350033549541489,-0.038827565219797,0.0,0.019196422995741,0.0,0.0,0.0340837152768986,-0.0407121407121406,-0.000704122760161,0.0328578134247639,0.0430532240545078,-0.008609979235267,0.0,0.0,0.00127223350378,-0.0142467701789734,-0.0006746707146909,-0.0170451959401027,-0.0333333333333332,0.0033470507544581,-0.0112088236534648,0.0,-0.0601284643749255,-0.0057756425402325,0.0,-0.0296646158307957,-0.0078928000406059,0.0022626262626261,0.0123232412784255,-0.047607031709984,0.0,0.0007036830505324,-0.0069312613129662,0.0,-0.0506263588363185,-0.0425899241456186,0.0069519395593931,0.0,0.0133185349611542,-0.0108364375211649,0.0,0.0136466729027049,0.0330038519084454,0.0050855867030514,0.0,-0.0225484693626365,-0.0055439139014913,0.0206226452508428,0.0343103888368927,0.0,0.0791080709658087,0.0054221082089551,0.0
2015-02-12,0.014578563251288,0.0,0.1010625372771651,0.0200490652229083,0.0007978375031258,0.0335316946959896,0.0528493182612748,0.0437344393187759,0.0396555444801827,0.025195653983848,-0.0162517173206447,0.0,0.0302510436324128,0.0,0.0258158792011691,0.0442835382679531,0.1447969386495495,0.0514107176671085,0.0422839839948092,0.0520435407681247,0.0405542904210476,-0.0513926075315553,0.0,0.0,0.0204826320988649,0.010314057248812,0.0060586872364616,0.0,0.0105999705896768,0.0,0.0,0.026813918750153,0.021212527764113,0.0141895667808633,-0.029816830998439,-0.0140821736249171,0.0329862936866827,0.0,0.0,0.0139523518631643,0.0127693343593688,0.0133030549460666,0.0262889820109739,0.0246419713577086,0.0066608334244777,0.0202616957972976,0.0,0.0224640890970067,0.0096775897124448,0.0,0.0160116137571786,0.0403918960401104,0.0587761025558333,0.052064631956912,0.0136889516912477,0.0,0.0157089596794524,0.0069796390148482,0.0,-0.0133406034169392,0.0194664129832879,0.0391065855427004,0.0,0.0318629891466692,-0.0065616797900261,0.0,0.0450787550881097,-0.0005392953720754,0.0258281765131078,0.0,-0.0047245363607972,0.0237415738382382,-0.0757399132180558,0.022745501285347,0.0,0.0498108871546894,-0.0152894558809315,0.0
2015-02-13,-0.0077399107882719,0.0,0.0153880105930501,-0.0019627356665007,0.0545369092380181,0.0108145997096078,0.064475067795672,0.0143420559524587,0.0266476890839362,0.0492949882751829,0.0292254240752094,0.0,0.0180395204262877,0.0,-0.0015785015785017,0.0144170806468661,-0.0263939807825941,0.0109860423232777,0.0333056650757419,-0.0024988286740589,0.0907059042652262,0.0104468311278913,0.0240606070831996,0.0,0.0182145044350936,0.0427850424409268,0.0321279395777307,0.0,-0.0058284527115239,0.0,0.0,0.0115663455117809,0.0379090882550432,0.0034738027359191,0.0358655804480652,0.0475790383368941,0.025213791231166,0.0,0.0,0.0274966261808367,0.0346669832601209,0.0317231980617807,0.0331727895146463,-0.0240493480128054,-0.0066167602864003,0.0762493075371317,0.0,0.0304493130337915,0.0454004576659039,0.0,0.0315185644344517,0.0274478948964453,0.0437480962534266,0.0515691334387746,0.0447813207875937,0.0,0.0,0.0073065206834135,0.0,0.0702575249603947,0.0333286908077994,0.0457503450995859,0.0,0.0302036089935346,-0.0036758371144679,0.0,0.0084067156957614,-0.0169198868410301,-0.0123397380813253,0.0,0.0217813765182186,0.0173957354968925,-0.016396314332761,0.0417043695079528,0.0,0.0206955681020093,-0.0134068781407036,0.0
2015-02-18,0.0161513859275053,0.0,0.0282152101321848,0.0472536908290168,-0.0335956672590336,0.032047154391005,-0.0264115628574399,0.0108082431180285,0.0109273308429931,0.0153727083635661,0.0259299708763569,0.0,0.0288424840521235,0.0,-0.0039332125091582,0.0359472357096712,0.0233685687213123,0.0010836970398739,-0.0147605181243096,0.006106153123532,0.0449965846994535,0.0391424218239859,-0.0167729392186907,0.0,0.020604955278322,0.0410295897041028,0.0213986750561299,0.0,0.0078141198951069,0.0,0.0,0.0051630242591413,-0.0017720771275473,0.0034856515303443,0.0207624702620867,0.0145282889158779,0.0087385389427692,0.0,0.0,-0.0012195980017356,0.0152380952380952,0.0,0.0059171597633136,0.0148011840947275,0.0086623646505523,0.0105858130681377,0.0,0.004924924924925,0.0134589165322025,0.0,0.0111222016255527,0.0019064788372873,0.0173640243680006,0.0130219671482287,0.0043362241494329,0.0,0.0094833779635556,0.0366401507680844,0.0,0.047986230636833,0.0029382825873061,0.0056426696064637,0.0,0.0228081678531284,0.0420245575603852,0.0,0.0197200331066247,0.0073784245769756,0.0184972506438365,0.0,0.0068250257548141,0.0006923779499719,0.0416384683882455,0.0102306727149887,0.0,0.0138955909423981,0.0,0.0
2015-02-19,-0.0005508052247809,0.0,0.0594361920867043,0.0093892988441905,-0.0027320490367774,0.0051833365329236,0.0166969276229129,-0.0013692192549359,-0.0021618429949619,0.0437620290794062,0.0264681688414327,0.0,-0.0380498145204027,0.0,-0.0197695275702322,-0.0048479240424846,0.0922296241071642,0.0070586490694743,0.004382388911537,-0.0142973856209148,0.0672032028760518,0.0019898760691219,0.0,0.0,0.0043723741991901,0.0125739644970415,-0.0076121468696572,0.0,0.0038767664298651,0.0,0.0,-0.009170653907496,-0.002944615861476,0.0,-0.0145231812315812,-0.0187924920380366,0.0059639048400328,0.0,0.0,0.0150992133380298,-0.0020117995433892,0.0087033096059292,-0.0002713262426743,-0.0048880479344055,-0.0066036303701937,0.0343558400123007,0.0,0.0326918479560123,-0.0072448563988003,0.0,0.0192195338155005,0.0076193660878496,-0.0311592384094087,-0.0365710713448463,0.0768847558950514,0.0,0.0013974974443911,0.0169538103794524,0.0,0.0289383786624621,0.0029162355028153,0.0,0.0,0.0025184303310592,-0.0042597919893782,0.0,-0.0138923198174354,0.008951157812804,0.0225692368146792,0.0,-0.0067787605395459,-0.002242537551463,0.0053344275748872,-0.0268558326167956,0.0,-0.0170719454261816,0.0083364835558386,0.0
2015-02-20,-0.0021956873551152,0.0,0.0062395704853805,-0.0204905146211088,-0.0050927226749086,-0.0010026737967914,-0.0119055956299459,-0.004944081336238,0.0024433076277008,0.0,0.0082023884349464,0.0,0.0246253856324372,0.0,0.0249996708837429,-0.0137858543389056,-0.0300995243966885,-0.0231773939420711,-0.0135971588026383,0.0072622501134724,-0.0480802358075259,0.0435858128353423,-0.003418516966904,0.0,0.0,-0.0435145570280706,0.0211110655345447,0.0,0.0139000514370217,0.0,0.0,-0.0203811101905551,0.0236688898937371,-0.0444423296535971,0.0039286202920079,0.0109343707557376,-0.0204685754360786,0.0,0.0,-0.0131858980290553,0.0020158550396376,0.0006111046443952,0.0053194376594476,0.0097448898748218,0.0119742831257572,-0.0030938466827087,0.0,0.0126743445801262,0.009125267293252,0.0,-0.0161688837935601,-0.0143649551984069,-0.0103626943005181,-0.0082326222726905,-0.0277563608326908,0.0,0.0073007791805037,0.0007275448479431,0.0,-0.0164086193136471,0.0014605777992175,-0.0168330256173553,0.0,-0.0088608751256051,0.0256125340296682,0.0,0.0013837528331148,0.0053770491803277,-0.0086379736683819,0.0,-0.0177609160789286,-0.0140117051099196,0.0795918367346939,0.0235325302624214,0.0,-0.0054876080484917,-0.0051894238358326,0.0
2015-02-23,0.0098891850189366,0.0,0.1248828322157329,-0.0380129474078433,0.0358256551464444,-0.0062132581369783,-0.0037564675030122,0.0104861216530236,0.0097208469799681,0.0088272613581383,0.0372182912003991,0.0,-0.0379052637238561,0.0,-0.0094400205497044,0.0115189899362562,0.0586278916660991,-0.0066177246483862,0.0008229606007612,-0.0233929586019082,-0.0133510274661197,-0.039862451173505,-0.0205478300348067,0.0,-0.0061136032403988,-0.0325114553785729,-0.0178626424391745,0.0,-0.0007649411233139,0.0,0.0,-0.0298666151169533,-0.0364286404483524,0.0305248481226969,-0.0156724554162448,-0.0234538664723564,0.0126460034799404,0.0,0.0,-0.0090018284964131,0.0069847871787336,0.0138432456012795,0.0097510933534905,-0.0193016869360532,0.0026318627979722,-0.0006150978564771,0.0,0.0031432163675848,0.0048170506344706,0.0,-0.0315030237277238,0.0174523007856342,-0.0167539267015706,-0.0186056021263545,0.0081681205392547,0.0,0.0403699617723272,-0.0043413235843959,0.0,-0.0238226607380481,-0.0005753508971459,0.0014231011868957,0.0,0.0313824884792628,0.0110509209100757,0.0,-0.0124127415243132,0.0026703089271189,0.0019381478048368,0.0,0.0,0.0087738987734498,-0.0466918714555766,-0.0442084868017187,0.0,-0.0073571840738603,0.0055338477100979,0.0
2015-02-24,0.0087072018890201,0.0,-0.008477020703801,0.0059230833402852,-0.0117806771901324,0.0322223825325831,-0.0096222253841775,0.0158433003986826,0.010975644253345,0.020938523625966,-0.0280240420736289,0.0,0.0272717111881077,0.0,-0.007935170178282,0.0040728657980586,0.0285000482506461,0.0311086831163314,-0.0048309178743961,0.0128994723854996,0.0682698186264521,0.0158211342536249,0.0035022060464555,0.0,-0.0026280708436489,0.0200721695985566,0.0191418871937503,0.0,-0.0243897601878516,0.0,0.0,0.0619707083789977,0.0120050426909632,-0.0021019569944431,0.0049644969243853,0.0018420929907196,0.0037982176329374,0.0,0.0,0.0193736102568955,0.008934183352788,0.0009179312125298,0.010480386704881,0.0148011840947275,0.0058953891171975,0.0215603260160024,0.0,0.0280293966843274,0.0071970672257573,0.0,-0.0056633129343429,0.0047117407439507,0.0383766925300472,0.0389999999999999,0.0426335247384566,0.0,0.0122686526676614,0.003254542799324,0.0,-0.0073145592978022,-0.0046590087557234,0.0135368747985582,0.0,0.014297841919485,-0.0198778396913845,0.0,0.0125687542217505,-0.0400015305731996,0.0048275862068964,0.0,0.0166903659778738,0.014606408227848,0.0051556613127106,0.0194185474725783,0.0,0.0120440342973404,-0.0061346062805744,0.0
2015-02-25,-0.0129437583372779,0.0,0.0333414141414141,0.0118040581633216,-0.0230777631526005,-0.0030284675953966,-0.0211375105507964,0.0158692239437581,0.0055588199632521,0.0101038749246642,0.0149957486279663,0.0,0.0125666412795124,0.0,0.0200096715590814,0.0080925088795609,0.0110820362590047,0.0048419379525519,-0.0022722577979755,-0.0054664289958408,-0.0066386875238457,0.0058191278154309,0.0076642772826032,0.0,0.0035324219048347,0.0049745743975238,-0.0112640633570119,0.0,0.0042973593803996,0.0,0.0,0.0165118679050566,0.0165906967526401,0.0,0.0089155678016137,0.0129174909810312,0.007035332274075,0.0,0.0,-0.0014387487526977,0.0039380590041382,0.0006018399105838,0.0024659215985096,0.0048092084515924,0.0162991165964363,0.0128621766198675,0.0,-0.0212247159878082,-0.0083386083653893,0.0,-0.0113702745556204,0.0133239226757635,-0.0451998095307865,-0.0486846326596085,-0.0315352697095434,0.0,0.0537419606314559,0.0163031046601092,0.0,-0.0171819003918678,-0.0026363220617113,0.0014165534387557,0.0,0.0177525219153342,0.0139944240966489,0.0,0.0055154504085959,0.0180560095023236,0.0192343103938932,0.0,0.0013688574999504,0.0042837509868709,0.0410337344643914,0.0045382055876039,0.0,-0.0112186103283014,-0.0143098144288974,0.0
2015-02-26,0.0,0.0,-0.0798273327285807,0.0291248872981613,0.0094491709911626,0.0090662678755022,-0.0060543793343851,-0.0124410700888006,0.0021054974817509,0.0018162993120875,0.0204554108597974,0.0,-0.0400795143179498,0.0,0.0439623801957871,0.0481852941765257,-0.0986657593005031,0.0268172298138464,0.0134575569358177,0.0267056996056875,0.0704025195882624,-0.0038456302749796,-0.0083020661788425,0.0,0.0096466693304413,0.008249917500825,0.0151943606326698,0.0,0.0151686894284719,0.0,0.0,0.0090216889709275,0.0151641741164676,-0.0035348521899134,0.0009948695940542,0.0145680147058822,0.006978049236725,0.0,0.0,0.0125490925146987,0.0058949981162599,0.0054562639628801,0.0048985969320425,-0.0047861906630051,0.0192473638793593,0.0026316975350368,0.0,0.0185709432680329,-0.0114039502596271,0.0,0.0230231920146877,-0.0075920565882954,-0.0107415506195572,-0.0117190793356378,0.0081794811871931,0.0,-0.0049821981782032,0.0089210811695621,0.0,0.0050095419847329,0.0328658125421441,0.0077222863741339,0.0,0.0307306094182826,-0.0103509623160277,0.0,0.0277103152507434,0.0171954771823221,0.0047137272936308,0.0,-0.0098363578730484,0.0155333304217437,-0.007390562819784,-0.0401987397469694,0.0,-0.0323948008568421,-0.0097454896907216,0.0
2015-02-27,0.0021884890706331,0.0,-0.2799911615732399,0.0094246953566781,-0.0093607199477757,0.004029270100037,0.0308623744831659,0.0007994103639867,-0.0123472787856349,-0.0199605868184804,0.0011045105824054,0.0,0.0045334975093749,0.0,-0.0375943540963487,-0.0053666921313978,-0.0973059543556598,-0.0302818508586751,0.0421859039836567,0.0074677528852682,0.0419462485198607,0.0,-0.0034924330616995,0.0,0.0069538670284938,-0.087824569059568,-0.0140340121548139,0.0,-0.0459745821851983,0.0,0.0,-0.0085751526377169,0.0166659808238345,-0.0205797312729306,-0.0029426667186343,0.001789192372152,0.0186730202317972,0.0,0.0,0.0,-0.0165678908986758,-0.0135595151618738,-0.0105688921573777,-0.009697256385998,0.0069175571730937,0.0044225911709978,0.0,-0.0759866592551417,0.0121439392058011,0.0,-0.0436074095465984,0.0177255464661982,0.0304416954279287,0.0323750213274187,-0.0968165662185133,0.0,-0.0212484171149087,0.0102009775091769,0.0,-0.0398087552134549,-0.0056928721584602,-0.0153262192938479,0.0,-0.0105400184765264,-0.0375878411505148,0.0,0.0144095541107576,-0.011269860820298,-0.0173769473460513,0.0,-0.0532618373533149,0.0013427372726666,0.0248186330660558,0.0,0.0,0.0404210012851422,-0.025396502643351,0.0
2015-03-02,-0.0044109202902332,0.0,0.0424447014942988,-0.044868760191468,0.0240171332415479,-0.0358872641727016,-0.0021128778112018,-0.0214195478158405,-0.0135606245197084,0.0080253092157003,-0.0055611879770992,0.0,-0.0392801426342768,0.0,-0.0195378258429832,-0.0331227558132837,-0.0067419432510867,-0.0134735603441935,-0.0106831324120355,-0.0098960338852522,0.0015152558716164,0.0077551159851048,-0.0084009070918087,0.0,-0.0051840622836075,0.0248774070087309,-0.0028521607483203,0.0,0.0265047650894498,0.0,0.0,-0.0198588430667036,0.0254189265765401,-0.0028776978417265,-0.0314680530852372,-0.0394275766961319,-0.0057640314920676,0.0,0.0,-0.0095246838493493,-0.0084459081031431,-0.0035231095773712,-0.0045233013729175,-0.0049359127458005,0.0187541655985645,0.0154556600649728,0.0,-0.0016242555495399,-0.0371969771322013,0.0,0.0397075317056336,-0.0276845509018742,-0.0211124491946409,-0.0177663925959592,0.0178800581743518,0.0,-0.002231506979394,-0.017545972857946,0.0,0.0051912278843098,-0.0034274008220508,-0.0276092806749581,0.0,-0.0247846199550143,-0.0166977981547516,0.0,-0.0260460465010566,0.0132902522578635,0.0033438695724505,0.0,0.0193057536852117,-0.0075493307246308,0.0048435171385992,-0.0324685269703188,0.0,-0.0114956001154069,0.0143331038367653,0.0
2015-03-03,0.0193647048542842,0.0,-0.021558459204239,0.0098028417226565,0.0303716301624876,0.0217214487345103,-0.0016867037502243,0.0021535255296978,0.0021755859356444,0.0027483731404152,0.0,0.0,0.021226004755553,0.0,-0.0302809573361082,-0.0239107121579219,-0.0261556323921559,0.0092889412396188,-0.0128789379829602,-0.0107144246101192,0.0118973935767829,0.0076954369787782,-0.004937715483636,0.0,-0.0008653773797877,-0.0103862761115649,-0.0199815638217113,0.0,0.0015636388808579,0.0,0.0,0.004047535004118,0.0192758085313544,0.0159725332139124,0.0131979900308758,0.0261244086704792,0.0121132376395536,0.0,0.0,0.0047965520437482,0.0020108450067779,0.0104328170054917,0.0077117532238968,0.0,0.0177848903919319,-0.0033930869159044,0.0,-0.0329597493371897,-0.0180682976554535,0.0,0.0042319261487397,0.0075417871750216,0.0247972011841144,0.021242586127119,-0.035047907211296,0.0,-0.0131215798239353,-0.0064162818259838,0.0,-0.0232223159078134,-0.008024772697325,0.0036351668736067,0.0,0.004264763479699,-0.0139880267096477,0.0,-0.0124262011994493,0.0115177453187549,-0.0071462917212448,0.0,-0.0055565922332111,0.0164011674592374,0.0337411939191694,0.0111860364495941,0.0,-0.0286034824010141,0.0131638487802872,0.0
2015-03-04,-0.0108528859589716,0.0,-0.0618186867868633,-0.0213241710296683,-0.033954162716779,-0.0020135799578552,-0.0503630742684592,-0.0087400064697998,-0.0207227362354012,-0.0320589899561464,-0.002233916550473,0.0,-0.0230563916179226,0.0,0.0065725936259255,-0.0252899287894201,-0.0248797935199863,-0.0346126573302605,-0.0327177840224809,-0.0230958230958232,-0.1049680576321869,0.0,0.0134763380575966,0.0,-0.0008661269064206,-0.0158018867924527,-0.0339723905165021,0.0,0.0019555627833229,0.0,0.0,0.0014765509644454,-0.0108046006686717,0.0078607111372319,0.0450933136813591,0.0427303378517855,-0.0010400334071337,0.0,0.0,-0.0026289693978736,-0.0080046900719293,0.0036424648301378,-0.0087429611753249,0.0,0.0301421069807459,-0.0204455213519512,0.0,-0.0494111782665586,-0.0361656847732994,0.0,-0.0563325001549299,0.0013140398904967,-0.0378526410564225,-0.0406129005684158,-0.0409372005922828,0.0,-0.0016273491085744,0.0010694307337941,0.0,-0.0553897061468187,-0.0289050357992056,0.0188552690415859,0.0,-0.0247432508558305,0.0306497752349816,0.0,-0.0150518070438675,0.034934597329201,-0.0023881095524382,0.0,-0.0117590642787148,-0.0207962759716914,0.0349414155906264,-0.0192442157773348,0.0,-0.0375865015351968,0.0107799748264243,0.0
2015-03-05,0.0049313168956102,0.0,0.0534833234655613,0.0098913346336027,0.0119717618808481,-0.0162349849849851,0.0044668206079419,-0.0077214902184744,-0.0016553406516813,0.0003196989349456,-0.0246581517655898,0.0,-0.0409812242050805,0.0,0.0457210628714586,0.0301417329409063,-0.0020422421669263,0.0056006977918561,-0.0085079892093795,-0.0044265593561366,-0.0443828543224876,-0.0248612279226241,-0.0034874931280922,0.0,0.0217473239861298,-0.0357057272945123,-0.0060282367765399,0.0,-0.044837408600667,0.0,0.0,0.0069506201731803,0.0147592326764973,-0.0212843501712952,0.01820052981647,0.0278914258061677,0.0026027905069132,0.0,0.0,-0.0129482762607228,-0.0040232759012591,-0.0030291339820253,-0.0088200747463961,-0.0098407872629809,0.0187195806813926,-0.0103187714974406,0.0,-0.0143550078657577,0.0190912150790978,0.0,-0.016417845103104,-0.0241137964973675,0.0065504737396187,0.0075991756826379,0.0142584688039233,0.0,-0.0029219289560745,0.0053825293779274,0.0,-0.0167536077371206,0.0119143697421515,0.0163704191353961,0.0,0.00435439438372,0.0246403081454626,0.0,0.0180527067064903,-0.0145766817130903,-0.0134589952625675,0.0,0.0148737315133231,0.0065366108180184,0.0022527075812275,-0.0436489779414112,0.0,0.0099514136861207,-0.01536483962321,0.0
2015-03-06,-0.0054590613519154,0.0,0.0136286998875982,-0.0117533452890052,0.0114479650914067,0.0,-0.0239683436970039,-0.0127735297226823,-0.0121108105225392,-0.0365801320391185,-0.0632269793094948,0.0,0.0106679597526972,0.0,0.0296662546353523,0.0048833863548862,0.0214739619796435,0.0005478201323898,0.0335914608622855,-0.0100242522231206,-0.025228446563369,-0.0293935003104947,-0.0063270407723473,0.0,-0.0093695820576191,0.0166500994035785,-0.0192171946353199,0.0,0.0297965980730343,0.0,0.0,-0.0036256304181095,-0.0398528825503786,0.0,-0.0028076217571968,-0.0067836507596832,-0.0025960335753676,0.0,0.0,-0.0012181123942937,-0.0212246388388068,-0.0248799713364386,-0.0267064552270965,0.0198771816418874,0.0149360623451031,0.0030284786455767,0.0,-0.0309237214869987,-0.0277832824699774,0.0,0.0455354758301433,-0.0068918042759603,-0.0130156885531669,-0.0043035493629894,0.0046561604584527,0.0,-0.0068297408573504,-0.0249908046916507,0.0,0.005653874453007,-0.0038255650481237,-0.0217059619425972,0.0,0.0018138382587151,-0.0042567306097628,0.0,-0.0136440757847111,0.0347835154440296,-0.0292535591264655,0.0,-0.0029311491767836,-0.002054324400862,-0.0067429328876466,0.00461752433936,0.0,0.0098436986804226,-0.0047935704960836,0.0
2015-03-09,0.0032951500593993,0.0,-0.0836760153398327,-0.0039643764482537,0.0113240319870067,-0.0041018792330439,-0.0390941735202132,-0.0126651556523237,-0.0287096837517912,-0.0212782090287848,-0.0785297261738343,0.0,-0.0203310543360921,0.0,0.0492815682974221,-0.0566422003548959,-0.0220242253298362,-0.0172620948730818,-0.0330059734737269,-0.0104932222766616,-0.0123497045037701,0.0464562451126751,-0.0332072590998993,0.0,-0.0317817911003537,0.032754827670496,-0.0649501343947828,0.0,0.0107050039189802,0.0,0.0,-0.0105899092626716,-0.0353325654281964,-0.020282515329808,0.0415384037840678,0.0333096330769395,-0.0104190492716129,0.0,0.0,-0.0046204001219598,-0.0258353347168139,-0.0230162112905831,-0.0260003320604349,-0.0341467279353508,0.0203706454727772,-0.0114771094417868,0.0,-0.0356162503431238,-0.0637858404674548,0.0,-0.0203286644812465,-0.0441524945595228,-0.0330075748655754,-0.0357326258130779,-0.0232620320855615,0.0,-0.0226419235271164,-0.0032903699046421,0.0,-0.0649620701605762,0.0029446487454711,-0.0071506341405996,0.0,-0.0061382203576948,-0.0134910059960026,0.0,-0.01161096112956,-0.0275896321142452,-0.0030065199531541,0.0,-0.004409649104518,-0.0154102918047451,0.0271548347790768,-0.0025473474360393,0.0,-0.0146264002219308,-0.0063948840927258,0.0
2015-03-10,-0.0317283342408449,0.0,0.0133118192819683,-0.0139585727499509,-0.0294763843194112,-0.0134578544061303,0.0061479115182931,-0.0210881484605652,-0.0332871853431288,0.000329259553369,0.011993574870605,0.0,-0.0257116620752985,0.0,-0.0065107391812039,0.0103028878011242,-0.0480997304582209,-0.0118856010895133,0.0127735315673751,-0.0007633587786259,-0.0172499174645096,-0.0057742603851772,0.0160792477209101,0.0,-0.0319404649731746,0.0053254437869822,0.0264683244058372,0.0,-0.0266688434929898,0.0,0.0,0.0125421411226631,0.0,0.0318011352118385,-0.0018201805763303,-0.0281073416876914,-0.0110468174644924,0.0,0.0,-0.0117342130065973,-0.0243902439024391,-0.0318475170369925,-0.039297240783672,0.0100894102206545,-0.0177437260004731,-0.0144255538382277,0.0,0.0291752650679568,0.0376219228982814,0.0,0.0148186776177128,0.0308621154883972,-0.0534946018345645,-0.0403852127990057,-0.0381421662560452,0.0,0.0201349817238238,-0.0169056730728794,0.0,0.0271806276254016,-0.0297253416317142,-0.0266745702430351,0.0,0.0074202434906247,-0.0043333896111203,0.0,-0.0092456068260377,-0.0033531710783443,0.0020162350754773,0.0,-0.0168371674188245,-0.0139124317934238,0.0,-0.0225183211192537,0.0,0.0014853215284249,-0.0144810941271117,0.0
2015-03-11,0.0231634383647239,0.0,0.0296078821656051,-0.0100912476193183,0.0073027510284757,0.0230593718141658,0.0159947283292398,0.0203791469194312,0.0299802431452076,0.0163897924411402,0.00657825120807,0.0,-0.0119384228715048,0.0,-0.197813156676283,0.0059240452766318,0.0236440090045446,0.0074552061145221,-0.0126124263413626,0.0091053620465386,0.0090702947845804,0.0097024358580164,-0.0036029671494171,0.0,0.0274919550276111,-0.0088287227781048,-0.0107428151684877,0.0,0.0153100376985042,0.0,0.0,0.0054716058581105,0.0116211262912362,-0.0143421989734523,-0.0108868346934353,0.0093540151466391,0.0085106382978723,0.0,0.0,-0.0081541175909589,0.0337095191364082,0.0263067934613709,0.0338900849322199,-0.0049537112229982,0.0107273872605329,0.0195933836158614,0.0,-0.0094724469335544,0.0054694494180842,0.0,0.0146022909752703,0.0023476098550534,0.0180531732418525,0.0280719604125236,0.0247604591594725,0.0,0.0296063492839933,0.00934679385721,0.0,0.0088204634752624,0.0215442109519892,0.0036997563946408,0.0,-0.012878754465664,0.0209699299118244,0.0,0.0228844675945694,0.0131978639810461,0.0,0.0,0.0096171255125405,0.0068809725504184,0.0198277079508544,-0.0125636132315521,0.0,0.0155678987214158,0.0146938775510203,0.0
2015-03-12,-0.0027568157033807,0.0,0.022376878836209,0.0020388237996784,-0.0160282919316659,-0.0061687387301889,0.0134237421383647,-0.0228252936102447,-0.0178623986359622,-0.0226976159407176,0.0196057818659658,0.0,-0.0043243243243242,0.0,-0.0616554929035504,0.0253233778525607,0.0556838771247976,0.0404048255705491,0.0440791540152862,-0.0093914965012072,0.039658759883479,0.0705464388428356,0.0108302609188881,0.0,0.0214012295557359,0.0301662707838479,0.0097766227337416,0.0,-0.0079340167353648,0.0,0.0,0.0181085587254541,0.0488601583837717,0.0276317428678209,-0.0036688874691978,-0.0143048440920779,0.0068645313898478,0.0,0.0,0.0087259615384613,0.0042008828974224,0.0061015306817666,0.0041302930105375,0.0301150738594628,-0.0094953531428152,0.0159392824118578,0.0,0.0477453580901854,0.0027268047691257,0.0,0.0,0.0056635030480092,-0.0224506128638219,-0.0329734592892486,0.1208109609331606,0.0,-0.0015915623441099,0.0,0.0,0.0495588585962958,-0.0059379180430806,-0.0088588201386465,0.0,0.0565658370939634,0.0339921386259203,0.0,0.0135355920479884,0.0168523676880223,0.0261233202687569,0.0,0.0029747463026645,0.0243444034440345,0.0043204918713823,0.0,0.0,0.0221443775234568,0.0193287538420281,0.0
2015-03-13,0.0016621613346281,0.0,-0.0068781317954053,0.0183407364951999,-0.0519811019970435,-0.0051566080977843,-0.0242034016639838,-0.0113829268443242,-0.0123280734930918,-0.0023585365378243,-0.0128191909818882,0.0,-0.011240978476081,0.0,0.0579783291011466,-0.032923752282098,0.0059611932867793,-0.0202471497093675,-0.0465302847974328,-0.0295776102447589,-0.0092462874754832,0.0280341340075853,-0.0214284461746191,0.0,0.0087445346658339,0.0137191607101683,-0.0322630063116611,0.0,-0.0068026361255781,0.0,0.0,-0.0039121139062001,-0.0301356956857408,0.0120502376103193,0.0018320386926571,0.0025660930693922,-0.0094368824159688,0.0,0.0,-0.0234968901174844,-0.0073266999125521,-0.0028742551014265,-0.0050020509548335,-0.0048328315639359,0.0372258721199223,-0.0132921202508832,0.0,-0.0401065956029312,-0.0468123482483523,0.0,-0.002891088273155,-0.0207736564069689,-0.0156842468114443,-0.0235381681164814,0.0042950359296274,0.0,-0.014406376397811,-0.0170371469136063,0.0,0.0138967776136924,-0.0086648448979032,0.0014845651142503,0.0,0.0099801243286674,0.0438507254912459,0.0,-0.0111780486656938,0.0452209142222765,-0.0181089606957113,0.0,-0.0201830037862851,-0.0063257091806838,0.045170007997132,0.0010583714883924,0.0,0.0111871655756534,-0.0047355000607114,0.0
2015-03-16,-0.0033188062777841,0.0,-0.0402694147606921,-0.0060222316026453,0.0008193814281696,0.0321558840468418,0.0,0.0070869730819902,0.0148569754546024,0.0138329881598999,-0.0337696699624008,0.0,0.0034881467605452,0.0,0.0063954441777605,-0.0187298489733582,0.0128675991768902,0.0134059297218156,0.0068363483382416,0.0093863737947768,-0.0204023917259211,0.0163863866941311,-0.0153212077770809,0.0,0.0060606060606058,0.0440122824974411,0.0299984169700806,0.0,0.0048330238465505,0.0,0.0,0.0178563273507785,-0.0073531395882241,-0.0237895594259841,-0.0128739667910174,-0.0196158561503884,0.0058170280274987,0.0,0.0,-0.0060765795446224,0.0031665912716363,0.0073497230648496,0.0,-0.0245203407372024,-0.0337130775338335,0.0030321573068599,0.0,-0.0360216546363132,0.0555159313547111,0.0,0.0144338624338624,0.0380615382065583,0.0122570478024861,0.0192463436710972,-0.0429311621021465,0.0,0.0207848012649518,-0.0203505292431069,0.0,-0.0355915745443681,0.0087405806737588,0.0096735741793509,0.0,-0.0098815056734916,-0.0157468198604842,0.0,0.0011066422332752,-0.0326845619068638,-0.0025007380650539,0.0,0.0099934521956612,0.0160043696617864,0.0061739795783752,0.0010572525224665,0.0,-0.0110633975158147,-0.025396502643351,0.0
2015-03-17,0.0105328648165512,0.0,-0.0059020458772472,0.0261600747430708,0.0147184613128696,0.0793266995257138,0.0505415879956274,0.0439896334507217,0.0392276129404729,0.0502505299672384,0.021510412913454,0.0,0.0340521403282909,0.0,0.0072583990045624,0.0268909016233975,0.0195319531953195,0.0247866720845184,0.0476339705421495,0.0255355937921728,0.0714315173011095,0.0393526920750151,0.0007279344858961,0.0,0.0197881308515797,-0.0372549019607842,0.0248059632675017,0.0,-0.0004004672117471,0.0,0.0,0.0214240847092603,0.0261780816332077,0.0315107489938155,0.0431456094849944,0.0437462977995219,0.0068428767166937,0.0,0.0,-0.0002455313297977,0.0241847439122797,0.0212440822196919,0.0286744918408246,-0.00505998530972,0.0033698321546613,0.0187571135898019,0.0,-0.0137518899848801,0.0269737295731917,0.0,0.038408578819995,0.0131799530598886,0.055786196159834,0.0508530030380929,0.0090229440577467,0.0,0.0194038145463575,-0.0080760513170344,0.0,-0.0255973357084769,0.0188127377339575,0.0272442446533169,0.0,0.0170423309510718,0.0613372244515086,0.0,-0.0093544591173289,0.0315501272700049,0.0334964048817005,0.0,0.0048038090379627,0.0152432062114638,0.0429264455224858,0.0518539777293076,0.0,0.0035765312316153,-0.0006676263795872,0.0
2015-03-18,0.0131719287900728,0.0,0.0686007932746275,0.0431507794178507,0.0193399606216244,0.0418318111321729,0.0708123652048886,0.0502782347386612,0.0394333501979109,0.0354878664158906,0.0118337977496385,0.0,-0.0194223107569722,0.0,0.0477366981381803,0.0194295337332914,0.0536392185549068,0.0166681352248363,0.0042875660584307,0.05701655186594,0.0166673082104775,-0.0189458979657169,0.0259319876341155,0.0,0.033760675945061,0.0286263860601945,-0.0368331858606159,0.0,0.013254098087003,0.0,0.0,0.0267949309261821,0.026066570418151,0.029168252759802,0.0080981725834237,0.0117288491854965,0.0135848280336416,0.0,0.0,0.0285377474335675,0.0390007647208769,0.0205087580318634,0.0301795633926682,0.0100894102206545,-0.0241168947082692,0.0166242123609063,0.0,-0.0059862753686669,0.0485826697640692,0.0,0.0260382134892414,0.0331791643357468,0.0436225116736299,0.0427434061290752,0.0132856412876853,0.0,0.0077947385514776,0.0050359393025114,0.0,0.0116842858278356,0.0293289124310918,0.0308240875804859,0.0,0.0225779625779625,-0.0031424923892763,0.0,0.0530692071414857,-0.0185446301441822,0.0183952967336555,0.0,0.0220849551531561,0.0210219498022454,-0.0058835361560896,-0.0145917688017723,0.0,0.017549083465153,0.0202091901709848,0.0
2015-03-19,0.0016261554262237,0.0,-0.0228540747484649,0.001877859768838,-0.0086949844352691,-0.013397841458876,-0.044504514054522,-0.0181850052869962,-0.0167974193055794,0.0006113606762181,0.0182141425409163,0.0,-0.0283773489080751,0.0,0.0128993318735612,-0.0182332534897167,-0.0636446338368725,-0.023790607982204,-0.0086378077839555,-0.0221560846560845,-0.0240421020748143,-0.0245624443785227,0.0216605218377763,0.0,0.0220433436532507,0.013089869101309,-0.004375379536926,0.0,0.0134761120263591,0.0,0.0,-0.0046843917777158,0.0119018420746899,-0.0101021776318831,-0.0080331189993835,0.001662061371616,-0.0041293283791801,0.0,0.0,-0.0091690544412605,0.0009813542688912,-0.0085245241791731,-0.0061378863194293,-0.0199772616534026,0.0057515698957173,-0.0072970240450129,0.0,0.022032902467685,-0.0294279604041541,0.0,0.0039945955472007,-0.002554755658593,-0.0439970171513794,-0.039924927486777,-0.0263069423432508,0.0,0.0046498779982504,0.0177471690616513,0.0,-0.0317017598994342,-0.0056960284932368,-0.0007003902174068,0.0,0.0101654942463305,0.0270909270022658,0.0,-0.0237446876388619,0.0309165815697736,0.0023653957489042,0.0,0.0102140077821013,-0.0008169559669913,0.0138094997217865,-0.0224609591316867,0.0,-0.0303046929295146,0.0,0.0
2015-03-20,0.0081175766897376,0.0,0.0101055951072674,0.0412618796198522,0.0119591707831558,0.0344104949914079,0.0422321659701934,0.0122557347969569,0.0154341959657535,0.0091736620267064,0.0446951282139067,0.0,0.0664488729173473,0.0,0.0280198993944265,0.0556946051109474,0.0194183445190156,0.0509159243585568,0.0595893840761141,0.0197338319839264,0.0358071148698451,0.0575694909068791,-0.0106006454075435,0.0,0.0543006006473836,-0.0047774158523344,0.0482937662256421,0.0,0.0023448421600182,0.0,0.0,0.012099200550159,0.0256413527408181,0.0218117278905209,0.0036051075316558,0.0181901146993548,0.0196740842928695,0.0,0.0,0.0367505301715826,-0.0039438502673797,0.0036827072247755,0.0084156047492713,0.025522041763341,0.00742490718866,0.0201656113005357,0.0,0.0020120724346077,0.0464435091237744,0.0,0.0492071850681645,0.0226770545824317,0.0540684785286147,0.0505598009596588,0.0044885627967197,0.0,0.0246540188800294,0.0068319344134297,0.0,-0.0119274615603066,0.007164116206179,0.0062650188808788,0.0,0.0694360584470474,0.0263763667753693,0.0,0.0526942333951891,-0.0130887727567715,0.0331859137265255,0.0,-0.0028887818969667,0.0188053503840077,-0.0116754814888734,0.0574426140354851,0.0,-0.0238018898172421,0.0,0.0
2015-03-23,0.008577725038142,0.0,0.0162720843877863,0.0324518926045178,-0.0149739736674753,-0.016612641815235,0.0008338360004258,-0.0024237458821922,-0.0024472315692872,-0.0054576723290749,-0.0220059316062855,0.0,-0.0033696850876118,0.0,0.0297229898227404,0.0391887314964238,0.0323786115569821,0.0015487940526308,-0.0155954631379962,-0.0007217962973801,0.0626966292134831,0.0067864845434939,-0.0071369702070949,0.0,0.0015268930189795,-0.0081824132664193,-0.0115172310905564,0.0,-0.0257491414925662,0.0,0.0,0.0079838624057755,0.0156220848518016,0.0079990858187635,-0.0089715458663646,-0.0129965369729068,-0.0015220349145584,0.0,0.0,-0.0156667673926687,-0.0009842739860858,-0.0061249548573493,-0.0064045888771483,-0.0050096961861667,-0.0073701842546063,-0.0073963469685395,0.0,0.0097532989099253,0.0234393715878,0.0,-0.0012640345007064,-0.0109076772404099,0.0065433300876338,0.0,0.0179599553149438,0.0,0.0180456171735239,-0.016586963077851,0.0,0.0090330527612398,0.0019874996731086,-0.0055294953802416,0.0,0.0156955736224029,0.000607419867302,0.0,-0.0130934167054701,-0.0330451515550048,-0.0114679998083343,0.0,0.0144960292591718,-0.0056177242355657,-0.0157259693053311,0.0064179488278404,0.0,-0.0209432176046678,-0.0159616919393456,0.0
2015-03-24,-0.0143539061449509,0.0,-0.0123112010984663,0.034894285784446,-0.0100008966733419,-0.026699629171817,-0.0022512541435485,-0.0024239313314512,-0.0095254523152406,-0.0006087554920332,-0.0187481151358778,0.0,-0.0349787914182085,0.0,-0.0280665008508967,0.0076878834355826,0.0018463182955565,0.0030927979981163,-0.0041286605856939,0.0053880993284398,0.0020441249030802,-0.0135100397018079,-0.0215824796891558,0.0,0.0325240569826723,0.016389836101639,-0.0158924205378973,0.0,-0.0352437390240452,0.0,0.0,0.0062564513071137,0.0256444798236483,-0.0271397800702868,-0.0153736273547004,-0.0370263353421943,-0.0147431307788838,0.0,0.0,-0.0017238529293692,-0.0019928793748181,-0.0055377102077004,-0.0061637294904069,0.0099886308267012,-0.0050999362507969,0.0004635298233339,0.0,-0.0193892045454544,0.0030060367130713,0.0,0.0177561048243002,-0.0009070294784581,0.0021669310838525,0.0042713355324368,0.0241431706905284,0.0,0.0254025084016078,0.0299220187505477,0.0,0.0358494404883009,0.0120579407542738,0.0007003902174067,0.0,-0.0319436724105985,-0.0047630165771656,0.0,0.0059876203421818,-0.0017466623715952,0.0023105136449566,0.0,-0.0014278770202941,0.0,-0.0300053855820275,-0.0392522170529431,0.0,0.0143463246176616,-0.0016220600162205,0.0
2015-03-25,-0.0053971556222502,0.0,0.0093543826578699,0.0185554290053151,-0.0060563244209357,-0.0082126830920329,-0.0229541982020395,0.0005374192441827,0.0005514812593121,0.0,0.0025440947974115,0.0,0.0112116193145621,0.0,0.0263987285510329,-0.0061071897414431,-0.0055166226145154,-0.0071896066037868,-0.0125337446972617,0.0377864077669902,-0.0436831738885762,0.0445306618796688,0.0477815083577024,0.0,0.0219734857505755,-0.0048701298701299,-0.0139866574649184,0.0,0.0045637085955596,0.0,0.0,-0.0026168146039188,0.0124897013695686,0.0142863801622075,0.0229580734078049,0.0298984097046595,0.004641495280365,0.0,0.0,-0.0044235227326488,0.0069553511330493,0.0,-0.0008407582110412,0.0,0.0358448607289587,0.015140786586592,0.0,-0.0138335626855943,0.0,0.0,-0.0037306609121832,0.0034422756846723,0.0519711185760067,0.0479218427590855,0.0217606330365973,0.0,-0.0060513886062527,0.0279680122506273,0.0,0.0172847265870521,-0.002243598009129,-0.0055706327667477,0.0,-0.0159629445316386,0.0083986299441656,0.0,0.0124064768285874,0.0494797455737139,-0.0124931489183351,0.0,0.0002839555001166,0.015497479052559,0.0659651534780423,0.009197287354284,0.0,0.0161180498813275,-0.0005415651232061,0.0
2015-03-26,-0.0179081190902777,0.0,-0.043210308845157,-0.0645762474956903,0.008942402906281,0.0257811166126002,-0.0391497254245918,-0.0248622888619687,-0.0307498912150074,-0.0378011423325124,-0.0533585394100415,0.0,-0.0392465667128638,0.0,-0.0642993989974541,-0.028426493108729,-0.0620435731441181,-0.0263551665725577,-0.0296817027924233,-0.020282153949781,-0.0276204486943729,-0.0082049007650516,-0.0105263157894736,0.0,0.0,-0.008047852093529,-0.0120075280357114,0.0,-0.0057839209573741,0.0,0.0,-0.0180719098293558,-0.0182675865322247,-0.0214609039314354,-0.0179400815458252,-0.0365013630782676,-0.0138679318659096,0.0,0.0,0.0056787131418252,-0.0286096256684491,-0.0114440222157263,-0.0282054924759854,0.0,-0.0044665599301362,-0.0109020452099031,0.0,0.0,-0.027022379443339,0.0,-0.0075076177539556,-0.0220077656727107,-0.0504312717929895,-0.049789029535865,-0.0042755727654082,0.0,-0.0173918665546001,0.0072621190490969,0.0,-0.0311631139944391,-0.0112690617730679,-0.0223642631427749,0.0,-0.0368007469073369,-0.0119114088963334,0.0,-0.0229867307883214,0.0185717897383688,0.0056318255276777,0.0,0.0011456379581284,-0.0143054873420547,0.0038692395456123,-0.0425148780112875,0.0,-0.0358794191133532,-0.0078361086218036,0.0
2015-03-27,0.0077338035299663,0.0,-0.0316205533596838,-0.0318523683817302,-0.0330380958688832,0.0,0.0031793493688614,-0.1978928000093758,-0.1898039606923729,0.0139364191017936,-0.0389327672129967,0.0,-0.0444561012392629,0.0,-0.0300675959947269,0.009496601320067,-0.0246834949437179,0.0185724848853898,-0.0171060575568524,-0.0427600168060808,-0.0502666515375013,-0.0710732252655114,0.0,0.0,-0.0258043468129066,-0.0179804845959872,-0.0044237338832827,0.0,0.0120540727304137,0.0,0.0,0.0093625753494934,-0.0035196886336882,-0.0013619179561837,-0.0914112422831148,-0.0878636687617444,0.0062466972165915,0.0,0.0,-0.0318716628077304,-0.0193136985044499,-0.0012567086062361,-0.0174189775768616,-0.0098898448178821,0.0089640615148443,0.0131030219660626,0.0,-0.0040393654524087,0.0,0.0,-0.011355860104681,-0.0051651299762558,-0.0010822929148467,0.0032140742620316,-0.0085068459855788,0.0,0.0176996973285958,-0.0054021855229644,0.0,-0.0146279245884651,-0.0122470852721283,-0.0178658008021979,0.0,-0.0533925686591276,0.0427575814654359,0.0,-0.0104541811079624,0.0324883107822551,-0.0069962989416271,0.0,0.0108559160691861,0.0040314178813767,-0.0096358155853139,-0.0301254558381689,0.0,-0.010892337632679,0.0180855756506397,0.0
2015-03-30,0.021931952047675,0.0,0.035978835978836,0.0383794212218648,0.0408296698506793,0.020680758988016,0.0297873945933708,0.0183150450753204,0.2762221401305258,0.0296885462475342,0.0321234017858813,0.0,0.0232621972140258,0.0,-0.0124056562852433,0.0148720651091984,0.0394749117078696,0.0317989011301846,0.0222153972153973,0.015003092392714,0.0109518120270808,0.0160062580858681,-0.0382874255667374,0.0,-0.0029501817949862,0.014960366194038,-0.0011068943706514,0.0,0.0254639804379275,0.0,0.0,0.0205421431596779,0.0338263836148182,0.0398081309224294,0.0402312552151626,0.0443749852004451,0.0144929808197273,0.0,0.0,0.0126656417014423,0.0310848107779386,0.0184894599715772,0.0336816324662097,0.0099886308267012,0.0111123186436994,0.020255405451858,0.0,0.0161492515301229,0.0222182947458782,0.0,0.0191375923674117,0.0359716690172495,0.0401269202491971,0.0362532670095272,-0.0043307730021245,0.0,0.0424128790327793,0.0163152351252555,0.0,-0.0088989563951136,0.0452819203133476,0.0379373793887534,0.0,-0.0071251813294648,-0.0092575867052021,0.0,0.0237761120808661,0.0228637143302665,0.0046916123126214,0.0,-0.0039571228210777,0.0303533403111126,-0.0038918271629577,0.0147206621342006,0.0,0.0163829103758432,0.0290707270776595,0.0
2015-03-31,-0.0101966434988981,0.0,0.0094605768763071,0.0140956722074963,-0.0172119819803651,-0.0176118064332015,0.0039385945629075,0.0223905760138891,0.016093861561915,-0.0045520453446987,-0.0054049152081254,0.0,-0.0372854077253219,0.0,-0.0134545561021316,-0.0108079001519261,0.0019487929022912,0.033329654563514,0.0218327491236853,0.0065061425061423,0.0529052590112271,-0.0490390594924339,0.0435050239884131,0.0,-0.0221358540057258,0.0229897701022989,-0.0011081209434858,0.0,-0.0168207808637609,0.0,0.0,0.0146295912014939,-0.0146573537471286,0.0561032970014925,-0.0173991099906415,-0.0226051468087516,0.0051070865655036,0.0,0.0,0.0,0.0030170360456411,-0.0098399732562025,0.0091452612931797,-0.0098898448178821,0.0,0.0182865710362951,0.0,0.019811320754717,-0.0156963963741448,0.0,0.0049928411468849,0.0030369217880437,-0.0010416666666667,0.0010170043120982,0.0,0.0,0.0127457669168269,0.0210318831155635,0.0,-0.0179577177373275,0.001658374792703,-0.0105501347592349,0.0,0.0586137252374197,0.0210128082410319,0.0,-0.001292695157965,0.0004446392387775,-0.021493654409372,0.0,0.0357555946693486,0.0106005674653215,-0.0292776998597474,-0.0365299463994408,0.0,0.0256893963337547,-0.0018846362050645,0.0
2015-04-01,0.023309384553465,0.0,0.0972607030139496,0.0329783076021106,0.0101842044389253,0.0483877661119642,0.0375344415451708,0.0338572731738122,0.0316873991073971,0.0216460534795237,-0.0068202126301584,0.0,-0.02646976873781,0.0,0.0009052459746234,0.0405739059431926,0.030134742607071,0.0146587632169177,0.0276389297265509,0.0390774518611101,0.0,0.0257839504250614,0.0,0.0,0.0422643484518883,0.0160215053763439,0.017797147385103,0.0,-0.0097775294595692,0.0,0.0,0.031986910727068,0.0371707178528317,-0.0256300451791104,0.0068807339449541,0.0212953512109119,0.0243602456779588,0.0,0.0,0.0249903605166763,0.0350551836439299,0.0290646468205038,0.0341320518728196,0.0099886308267012,-0.0011017063012226,0.020158488568309,0.0,0.0291752650679568,0.0177910492704163,0.0,0.0136986301369863,-0.0017823317970975,0.0522121257262029,0.0493355549233958,0.0260155929421419,0.0,0.006991864939625,-0.0017513831946823,0.0,0.0365721885130081,0.0137252919468178,0.0426505076400927,0.0,0.027643596509032,0.0108482142857142,0.0,0.0025887367634094,-0.0188062298017154,-0.0038244733035134,0.0,-0.016440085453486,0.0251424362557135,-0.0120746149281457,-0.0222894116224224,0.0,-0.0058931718167724,0.0157282606512263,0.0
2015-04-02,-0.0010627703997522,0.0,-0.0059942034076937,0.0067161708366834,0.0197593207469854,0.0247793215374263,0.0349278930706999,0.0219092544201988,0.0120573968908483,0.0340191309006385,0.0137157336173181,0.0,0.0368488838008014,0.0,0.0690330041811226,0.0374785143113369,0.0320729404750075,-0.0009605010394463,0.02689556509299,0.0006953972221699,0.0026938042502244,0.0089857624237272,0.0070613137166453,0.0,0.0,0.0283627897131972,-0.0054653317347367,0.0,0.0020560300240226,0.0,0.0,-0.0046572464773378,-0.0062069988475977,-0.0019338109260317,-0.0195359252538512,-0.0217371553173124,0.0307298623722405,0.0,0.0,0.0075705922460205,0.0174365249311714,0.0108838297386739,0.009590799622309,0.024764814665916,0.0011029213966751,0.0047515182965887,0.0,0.0434902855562471,-0.0114520284513258,0.0,0.0233513513513512,0.0151955474207163,0.051567919586607,0.0499593354246543,-0.0591105423132299,0.0,0.0105619526435289,0.0528131105705971,0.0,0.0617833373426348,0.0171799027552672,0.0102264630687771,0.0,0.0,0.0005741288698495,0.0,0.0219029281811,-0.0121716848174247,0.0067101771019379,0.0,0.0250673827835754,-0.0105321882607518,0.0183332898070043,0.0262239924791569,0.0,0.0049400893090656,0.003104853063323,0.0
2015-04-06,0.0196193412190464,0.0,0.0150648317907711,0.0150340615456894,0.0181886944086606,-0.0058325929931632,0.0357713353498965,0.0009431267974202,0.0054930563765835,0.0363678906289171,0.0540481796775946,0.0,0.0009661169001449,0.0,0.0280436048930681,0.0137223122636411,0.0466143513949401,0.0163968971012391,0.0161604903872945,-0.00724964315228,0.0673880597014924,0.0302674729969611,0.0421052631578946,0.0,0.0181096307455705,0.0322115879386639,0.0021918837675352,0.0,0.0028750954454905,0.0,0.0,-0.0049776999044282,0.0192309900228475,0.0025760711612135,-0.0039968497735773,-0.0018574845016137,0.0240329661529052,0.0,0.0,0.010407187026018,0.018082638948544,0.0161288046622545,0.0122108847111737,0.0,0.0087957364861839,0.0071984828309727,0.0,-0.0036443148688046,0.0012095969672785,0.0,0.0336115219381647,0.0181324463348762,-0.0018848238026319,-0.0028032901774187,0.0313695485845448,0.0,0.0211639150233706,0.0099608006514286,0.0,0.0637012423063854,0.0321493356866204,0.0242839955193538,0.0,0.0329830936956865,-0.0203478107344632,0.0,-0.0012524640869536,0.0009105320389366,-0.0061846097726783,0.0,0.0027160826767862,0.0120154111636967,0.010001795194009,0.0072201730912946,0.0,-0.0169547071240614,0.0006111625889635,0.0
2015-04-07,0.0104014328672132,0.0,0.0029595456227016,-0.0032862763249247,0.0097095830624942,-0.0226513326598802,-0.0314022739577695,-0.0069075345874389,0.0035365092573329,-0.0339789385411795,0.0064095954909439,0.0,0.0289555325749741,0.0,0.0057741082510387,-0.0057024088680451,0.0,-0.0204084277088137,-0.0277853943880814,0.0180672745847365,-0.0141229112773544,-0.0155652250094909,-0.008745391724115,0.0,-0.0042696178923193,-0.0178464606181454,-0.0054833468724614,0.0,-0.0073670465034176,0.0,0.0,-0.0178492816264457,-0.026415391894023,0.0179422422312507,-0.011010733983039,-0.0064900323338528,0.0051687118745289,0.0,0.0,-0.0225168009976675,-0.0018773994852971,0.0047076794889597,0.0005398502953601,0.0096508434680266,-0.0114448578049668,-0.0023476247325872,0.0,-0.0035911418501031,-0.0139994270697106,0.0,-0.0011583340430968,-0.0131403005355865,0.0236385095262181,0.0187164786388016,0.0131058358061326,0.0,-0.0010804651893759,0.0082313014456341,0.0,-0.0312389066382676,-0.0303760791345547,-0.0177811981044189,0.0,-0.0071125387174487,-0.0080648794773597,0.0,0.0025189740905522,0.0061584978762672,0.0062230972004404,0.0,-0.0094805394398126,-0.0120204787088115,-0.0495137495873854,0.0479888943406612,0.0,-0.0310036474879398,0.0123340032312724,0.0
2015-04-08,0.0010326882419906,0.0,-0.0088741348260974,-0.0049456673168013,-0.0038453358777309,0.0265951103160404,-0.0133645002286701,0.0079043724609793,0.0022352008075563,-0.0242145504323727,0.0191063226731778,0.0,-0.0072361809045226,0.0,0.0213676360124477,-0.0293902199353237,0.0314401039570373,0.0116271379251049,-0.0245369935132085,0.0085295374723579,-0.0394652861499184,-0.0192821121328982,0.0597731821214142,0.0,0.0050000000000001,-0.0287280479139173,-0.0044140054350387,0.0,-0.0090757555630782,0.0,0.0,-0.0060510981622591,0.0033900658343843,0.0138721090783566,-0.0182090745552668,-0.0261531257316787,0.0065355316485242,0.0,0.0,0.0083164012663612,-0.0018597966904072,0.0041051016600091,0.0048249027237354,-0.014299036369288,0.0055147389031595,0.0007469039626066,0.0,-0.0876326503370485,0.0061769721467819,0.0,0.0092944727731636,-0.0012304537298128,-0.0249374094083542,-0.0266511746123961,0.0171670327882189,0.0,-0.0096953725736986,0.0159934538421482,0.0,0.0,0.0278495584975444,0.0248109965635738,0.0,-0.0164067013287115,0.0185773982558139,0.0,-0.0030238755642574,-0.0185900688183793,-0.0085722339208437,0.0,0.0008145770502614,0.0079075191920745,-0.0416744583656132,-0.0131550399104726,0.0,0.0064557909861777,-0.0109770338653172,0.0
2015-04-09,-0.005141868455896,0.0,0.0298380035026271,0.0,-0.0154464883329102,0.0025170384138786,-0.0365506111797828,-0.0207097257486061,-0.0178776978417264,0.0044310240113598,-0.0062493717119592,0.0,-0.0018222312208948,0.0,-0.0297590124105324,0.0280712734234067,0.0160882120120855,0.0148408692695938,-0.0292983808789514,-0.0142062205188678,0.0053527261988259,-0.00178463399879,0.0410266901674429,0.0,-0.0277251513331178,-0.0264423076923077,-0.0044177974124329,0.0,0.0070745640018854,0.0,0.0,0.0048170544224659,0.00821014275501,0.0248324289818067,0.0020562307864573,0.0038468011444232,0.0041741330241382,0.0,0.0,-0.0148085664745302,-0.0187808338097356,-0.0029182611568426,-0.0200020652622883,0.0048092084515924,-0.0027422466771472,0.0019260555185502,0.0,0.0040234089246524,0.0190323147613429,0.0,0.0115237741205096,-0.0131556754933377,0.0928071894320752,0.0905733577050771,0.0421532554791233,0.0,0.0,-0.0073949333723825,0.0,-0.0080615610113595,0.0101516794357001,-0.0242103145328951,0.0,-0.005520967931399,0.0005797101449274,0.0,-0.0159180422662752,0.0418014316012727,0.0,0.0,-0.0062884550167142,-0.0021150161911059,0.0065230117358459,0.0026614517640797,0.0,0.012557307166412,-0.003679943324937,0.0
2015-04-10,0.0077485833727974,0.0,0.0417490381140657,-0.0066503325166258,0.0207816867978269,0.0074935300706862,0.0357989272795309,0.0080082316226992,0.0107314214555176,0.0382384752301547,0.0314433598030785,0.0,-0.0183231913455037,0.0,0.0188686906969504,-0.0028826699611466,0.0,-0.020756831974025,0.0517275615567909,0.0089157212014727,-0.0408680326063009,0.0179085482258112,-0.0240056839654729,0.0,0.0014733140059883,0.0415458937198067,0.01,0.0,-0.0012366512514653,0.0,0.0,0.0022235822113421,-0.0114943843356132,0.0060628711432249,-0.0133685493701746,-0.0095561995545231,-0.0092372934730123,0.0,0.0,0.0093706892451124,0.0067109749255536,-0.0122732418477511,0.0073443410640339,0.0193801490780698,0.0016480809709347,-0.002667264732032,0.0,0.0159562841530054,0.0096341012689415,0.0,-0.0239208873446478,0.0328892125463502,0.0251344833982563,0.0225072686847955,-0.0161946427200858,0.0,-0.0002780204940819,-0.0071180939735929,0.0,0.0,0.0005189964495924,0.0295120274914089,0.0,-0.0195684699582644,0.0393528835012033,0.0,0.0243907847180646,-0.0024365882674776,0.0019232698933002,0.0,-0.0032957603650687,-0.0040818406935306,0.0475254105852052,-0.0202079654698841,0.0,-0.0059376644524541,0.002468940725671,0.0
2015-04-13,-0.0015394213396207,0.0,0.0016732303548474,0.0200375851538643,-0.0015329234055013,0.0066326726220142,-0.0020644095788605,-0.001591608128618,-0.0022557617045947,0.0056680693292647,-0.0097584098859067,0.0,-0.0205937048006061,0.0,0.0094323329746388,0.0396300951696892,-0.0483343574438202,-0.012525986158259,-0.007740961011989,0.0067990662862646,0.0166149841123999,-0.0017563705644201,0.0157675448786456,0.0,-0.0197101999493799,0.0138115852401567,0.0077199479060425,0.0,0.0033104183594943,0.0,0.0,-0.0035009871969712,0.0038760138379478,-0.0066248400544846,0.0072896503438903,0.0019345166126614,-0.0069996256506967,0.0,0.0,-0.0124646559849199,-0.0009645681949713,0.0002935215598574,-0.0078347280334729,0.0236299261083745,-0.001645369269152,-0.0002088118605135,0.0,-0.0078886976477339,-0.0167049004295197,0.0,0.0011637458926614,-0.0120504464060893,0.0498507192617387,0.0380691131703074,0.0082696208456856,0.0,0.0206884907234514,0.0114037368597006,0.0,0.0298115995567049,-0.0195819530080284,-0.0162890369440698,0.0,0.0039757439460261,-0.0416791732773037,0.0,-0.0050109309725319,0.0111094104742224,0.0028710210485902,0.0,-0.0022109608875149,0.0080478692551775,-0.004124474526082,-0.0097764376074819,0.0,-0.0012785296908555,-0.0098711431611302,0.0
2015-04-14,-0.0190046497285629,0.0,-0.0083318054961396,-0.0163507818437232,0.0311655453970445,-0.0115021328458256,-0.0074127706523238,-0.0101904230202664,0.0083806237799064,-0.0140862302409421,-0.0135355969693468,0.0,0.029606188466948,0.0,0.0212152718371214,-0.0263398794410764,-0.0499129492338379,-0.0043837441705528,-0.0024735990866709,-0.0135063023277209,-0.0184899265675014,0.0299704768437063,0.0062060657812477,0.0,-0.0268032919154429,-0.0075233834892233,-0.0120206156672841,0.0,-0.0028881299572779,0.0,0.0,0.0099066527769269,-0.0019362869392836,-0.0054640267591881,0.0082794995502493,0.0153979823333496,-0.0108046205935072,0.0,0.0,0.0299444060031974,-0.0047416752488843,0.0008803062906965,0.0,0.0,0.0022034126024452,0.0007470599575862,0.0,-0.0019517131704495,-0.02488117841232,0.0,-0.0093162393162392,-0.0095831755556203,0.0024416867746754,0.0179175663046631,0.020349736923553,0.0,-0.0218649955725087,0.0438151902453356,0.0,-0.0105463285145459,-0.0036795651860224,0.0019951952441059,0.0,-0.02268,0.0303369278267484,0.0,-0.0088105726872246,-0.0439556974001236,-0.0009487192290408,0.0,0.0232371166365989,0.0025596655934405,0.0165662250776541,0.0279654565351856,0.0,-0.0204026523448047,0.0093526754621615,0.0
2015-04-15,0.0,0.0,0.0252054231717338,0.0299440451384824,-0.0317180616740088,0.0315943592509824,0.0398763416582723,0.0038666974733951,0.0134344216535504,0.0257125129265771,-0.0012549990796671,0.0,0.0120210368144253,0.0,0.030762291384754,0.0085503441424819,-0.0165894031698259,0.0112685858058645,0.0103004291845492,0.020555483016545,0.0055248618784531,0.0856158434188429,0.0049402921743348,0.0,0.006881228340712,0.03359967219832,0.0033096405099999,0.0,-0.0062055480349814,0.0,0.0,-0.0015776060838963,0.0019400434200194,0.0,0.0307982401005655,0.0246244533181212,-0.0037966764699537,0.0,0.0,0.0048186072371771,0.0152844546963588,0.0026665177511902,0.0144331635934256,0.0185728250244379,0.0109570921700583,0.0154999558520159,0.0,0.0059390164409356,0.0261396319580544,0.0,0.0152877232335433,0.0024630904064466,0.0786887124967761,0.0672745116661917,0.0400394327747022,0.0,0.0141762833267011,-0.01542873227543,0.0,-0.0106224848638654,0.0171502365549869,0.0092517338534894,0.0,0.0348299431097287,-0.022234767881183,0.0,-0.0061015089163237,-0.009882765854978,-0.0009496201519392,0.0,-0.007838101991146,0.0117190796914299,0.0733070434305711,0.0248903597588492,0.0,0.0026034488039448,0.0030755278670426,0.0
2015-04-16,0.0,0.0,0.0109203117799105,0.0242316784869975,-0.0250457838541365,-0.0038096660939718,0.0303637639041987,-0.0012861910467564,-0.00252332296757,0.0061298726438301,-0.0187481151358778,0.0,-0.0118782479584261,0.0,-0.0387087094596283,0.0148098638618214,-0.0159313876719936,0.0082315418921958,0.0041536863966771,-0.0178019849030395,0.0148809523809523,0.0362981730897453,0.0507886720752781,0.0,-0.002289045517423,0.0117938553022796,0.0297670473288198,0.0,-0.0295436560274333,0.0,0.0,0.0050644194149582,0.0130238347701814,0.0182995613118863,-0.0418174665617622,-0.0508722278927346,-0.0190629488743404,0.0,0.0,-0.0122193018859224,-0.0047137761168676,0.0064884433305485,-0.0075140303471211,-0.0454746788719918,-0.0027051636800834,-0.0147416845832805,0.0,0.0334797321621427,0.0192975493600555,0.0,-0.0081065923420743,-0.0180720682396602,-0.0185957548548202,-0.0300189843379211,0.0,0.0,-0.0180097111187405,-0.0031269543464665,0.0,0.0109197508244778,-0.0142743571793015,-0.0013153126551868,0.0,0.0157016294890048,0.0022651565622917,0.0,0.0061389658713246,0.0320431239547172,0.0057364884019546,0.0,-0.0245209765896623,-0.0092057678911825,0.0398559540610248,-0.0290278875465732,0.0,0.0129834422924175,-0.0172369739971304,0.0
2015-04-17,-0.0078500467363162,0.0,0.0243399667010226,-0.0189311553997071,-0.0237162788774493,-0.0081358728254348,-0.048077546521429,-0.0282377501982606,-0.0256266367377477,-0.0227026767033019,-0.0254750968975703,0.0,-0.0111331193224506,0.0,-0.0134224696303618,-0.002079866888519,-0.0238011637239164,-0.0240204764717464,-0.012315502491304,-0.0126351439364335,-0.0005263553650651,-0.0715462219477043,-0.0018943199104504,0.0,-0.01218123297846,-0.0190028406308158,-0.0321099517969368,0.0,-0.004291080523485,0.0,0.0,0.0104204458418992,-0.0166678044007556,0.0089853526443195,-0.0374225068768733,-0.0419161676646706,-0.0194407652685798,0.0,0.0,-0.0067687424143403,-0.0113495754576098,-0.0064466148355144,-0.0127124412285202,-0.0476411446249032,-0.0021806384129207,-0.0156842924418558,0.0,-0.024801449073429,-0.0415145763371781,0.0,0.0175279281749023,-0.0059008507682311,0.0068213193297783,0.0061773700305809,0.0192489974480496,0.0,-0.0035661129368987,-0.0201290553862698,0.0,-0.0268595041322313,-0.0286852685557453,-0.0275369914929646,0.0,0.0,0.0005760879198792,0.0,-0.0088998628257889,0.0062948711326893,0.0,0.0,0.017870402455324,-0.0152862327077386,-0.0419786596780232,-0.0144071442691192,0.0,-0.0064135428289955,0.0012599496020158,0.0
2015-04-20,-0.0026429440896432,0.0,-0.015828173374613,0.0,-0.0093115841188785,-0.0041202041202043,-0.0048871028164697,-0.0046244951767142,-0.0068196985071625,-0.0070789346326419,0.0196057818659658,0.0,-0.0121563751899433,0.0,0.0119044480185619,-0.0069647075170209,0.0312154767104282,-0.0059175576625647,-0.0044736341138396,-0.0045043347154165,0.0233599157387902,0.0065417452045681,0.0412652767792953,0.0,-0.0169599144485103,-0.0327508736894658,0.0066350412129043,0.0,0.0073213518545036,0.0,0.0,0.0012766551634717,-0.0218098092075575,0.0011792452830188,0.01834040647459,0.012219387755102,-0.0074291974965854,0.0,0.0,-0.0192696338769563,-0.0105088256872815,-0.0194653299916458,-0.0167050263568194,-0.0350008120838071,-0.0087149646870697,0.0084357578326215,0.0,-0.0097156736676666,0.0118690971869603,0.0,-0.0355970161819927,0.0019836350111579,-0.0022583680602231,0.006169837699836,0.0,0.0,-0.0016440773117329,0.0092926262644739,0.0,-0.0193317689127275,-0.0073118439479001,-0.0128109452736318,0.0,-0.0126942097270355,0.0255104300456177,0.0,0.0102531169032487,-0.0252593623887644,0.0,0.0,0.0071393833284698,0.0010645438493734,0.0304821454740853,-0.0039287399716848,0.0,0.0201337528708303,-0.0162588634774794,0.0
2015-04-22,0.0026499477533958,0.0,0.0010616963548424,0.0594955321796177,-0.0151216264909397,0.0066044181279891,0.0405208850254112,0.0235522480098666,0.0134016917794979,0.0191163835833718,-0.0064095954909441,0.0,0.0805481750804084,0.0,0.0125981995127479,0.0147267162221249,-0.0066271363794906,0.0203071095176892,-0.0286834305382923,0.0372011131936163,-0.0074251056791031,0.0700594844679445,0.0487710577188622,0.0,0.0164706282295348,0.0184783730773201,0.0010959418837674,0.0,-0.0166731825209247,0.0,0.0,0.0098017730849686,-0.0039624337623013,-0.0118597944843832,0.0339469330485224,0.0361904281861942,0.0009979738107477,0.0,0.0,0.0253749940096803,0.0077417947879185,0.0213569623129135,0.0278508866548734,0.0259193806277877,0.0076982363062805,0.0027156562431804,0.0,0.0059154523156832,0.0012419866768702,0.0,0.007141235835385,0.0136329891341027,0.0052814529384819,0.0022957257211899,0.0,0.0,-0.0162368960115676,-0.0012686905301313,0.0,0.0422364023093284,0.0109237088176177,0.0321000097993924,0.0,0.0016959179648985,-0.0049665299071476,0.0,-0.0015234546251645,-0.0022971709911404,-0.0038135663477641,0.0,0.0081704396198718,0.0144436092794424,0.0388243659634983,0.0970068816847689,0.0,0.0245365916551785,-0.0038171813770278,0.0
2015-04-23,-0.0036934518350535,0.0,0.0712349752533585,0.0470374719760862,0.0058103842790968,0.0197209653092005,0.0342230335323234,0.0035669051449696,0.0219348041308278,0.0218300611209285,-0.012901886857716,0.0,0.0543548595832792,0.0,0.0232360660799753,0.0193736318665218,0.061910613964687,0.016508433223719,0.008563835023132,0.0066987916621032,0.0144428396844795,0.0730389129092032,0.0168659153149357,0.0,0.006170465376833,0.0,0.0010947421100373,0.0,0.0013056894627698,0.0,0.0,0.0012626511728845,0.0019950361600304,0.0198117472974639,0.049218180345135,0.0184117718594185,0.0019939577039276,0.0,0.0,0.0220596826583787,0.0114910192599004,0.0194366432166392,0.0271067268338756,-0.0050036912476416,0.0027213788319415,0.0234155227585983,0.0,-0.0117613310384395,0.0209748151860669,0.0,0.0366492146596857,0.0226527879500781,0.0563433135872624,-0.0152496910882733,0.1131697546319481,0.0,0.012585356891325,0.015606569276835,0.0,0.0324344023323615,0.0259089112823551,0.0099286547486638,0.0,0.0027561225293331,0.0082899305555557,0.0,0.0048298042831582,0.0091966459291317,0.0170769461227342,0.0,0.0005460293131525,0.019184621990957,0.0676051839007028,0.0843257717265728,0.0,0.012342332749291,0.0038318080834844,0.0
2015-04-24,0.001054402128888,0.0,0.0294996608180702,0.0782454423100451,0.0024722564734895,0.0249602484931406,0.0342354662256709,-0.0035542275524265,0.0239970137049612,-0.010955535282218,0.0052212001752081,0.0,0.0524119307720634,0.0,0.0056833899157548,-0.0020459579648636,0.0547112103069165,-0.009078931921055,0.0269373414015225,-0.0193099196779865,0.004745737962253,0.0255432436321771,0.051454689057786,0.0,-0.0084261259764002,-0.0105412527873505,-0.0098731487846028,0.0,-0.0165006226650062,0.0,0.0,0.0046895627672363,0.0272941678419473,-0.0147112167990005,0.0312922280993011,-0.0028419946503629,-0.0004974974371344,0.0,0.0,-0.0118663831538515,0.0331828587321623,0.0242621788227592,0.0324502160963697,0.0304204451772465,-0.0043459365493264,0.0074191922374142,0.0,0.0217706821480405,-0.0253792155515193,0.0,-0.0034283229647467,-0.0297685791381219,0.0455225963612373,0.0263198163733739,-0.0135595398753294,0.0,0.0085682028950444,0.0206915036183328,0.0,0.0654429932933287,-0.0294677034932709,0.0039351043541324,0.0,0.0111512486257263,-0.0181653824630881,0.0,0.0118963087578243,-0.0143491249975485,0.0084605691655621,0.0,0.0062136777504382,0.0051468249542527,-0.0033339744822722,0.100042817170681,0.0,-0.0075541700931363,0.0108018111307386,0.0
2015-04-27,-0.0052915360501567,0.0,-0.0529277674882462,-0.0053711583924348,0.0237882915849223,-0.0063135868388771,-0.0290585938100582,-0.0100434737959128,-0.0147985487874737,-0.0443235959382068,-0.0169069074303244,0.0,0.0015162118031257,0.0,-0.0387087094596283,-0.0162995594713657,-0.0578296795575162,-0.0086750477193444,-0.030412469112336,-0.0166210619730808,-0.0120989717690659,0.0940386819149183,-0.0076101813883039,0.0,-0.0069724955164843,0.0075804138496211,-0.0011044493531081,0.0,-0.0088314500552825,0.0,0.0,-0.0118260801349312,-0.0091832025842176,0.0089585208214022,-0.0341238792280478,-0.0649534165209685,0.0014932351920844,0.0,0.0,-0.0038409921791844,-0.0082622380518513,-0.0259510272559018,-0.0186543162228227,-0.0098407872629809,-0.0136648286551634,-0.001891955281057,0.0,0.0136363636363636,-0.014883650649743,0.0,-0.016009128895303,-0.0224727478787335,-0.0727859621872194,-0.0512896973311465,0.0274918566775244,0.0,-0.0273952065884423,0.0070549515956794,0.0,-0.0294858203021469,-0.0225113486964502,-0.0091503792591404,0.0,-0.0181733457595527,-0.0016660090315226,0.0,-0.0049983806542157,-0.0674842149944288,-0.0034564455406984,0.0,-0.0026832610184973,-0.0160929081890547,0.0434866516564811,0.0112062566757789,0.0,0.0014741588622961,-0.0062872868248197,0.0
2015-04-28,0.0047902379991933,0.0,0.0312711545693871,0.0527086383601755,-0.0110290804894603,-0.0165922375921286,0.0038004148786241,-0.0098272451901132,0.0153291809460043,0.0150736898647061,0.025140506710636,0.0,-0.003318970536858,0.0,0.0360663839970867,0.0297116676427022,0.04783182212504,0.0194539611717525,0.037149578514017,0.0158679426197145,-0.0185730047811695,-0.0025224454895254,-0.0246559704177988,0.0,-0.0303644066366229,-0.030296868645791,-0.001105670510188,0.0,0.0125713968321561,0.0,0.0,0.008811971579407,-0.0394951329700525,0.0059193188728969,-0.0068798449612402,0.0183909223636689,-0.0104445917045694,0.0,0.0,-0.0036235250394871,-0.0009187146347063,0.0075320556633948,0.0101548949215439,-0.0099385908209437,0.0110815082411379,-0.0008459441676849,0.0,-0.0118413677130043,0.0358795408645857,0.0,-0.0290772038132919,-0.012593055894557,0.0,0.0159044475876157,-0.0702510778594978,0.0,-0.002250470132459,-0.0210339672495916,0.0,0.0228033044309414,-0.0221923335574982,0.0540321600712867,0.0,-0.0011074197120709,-0.0157217513504018,0.0,-0.017837186845617,0.0203199123761566,0.0034684339939099,0.0,-0.023422443566699,-0.0052042218518844,-0.0496886751741568,-0.0387872386135778,0.0,0.0304307251229063,-0.0063270669092378,0.0
2015-04-29,-0.0031782673424667,0.0,-0.019893149535948,0.003847334862634,-0.0041364732465545,-0.0072362105884958,-0.0188670315975454,-0.005287162044183,-0.0237312254336263,-0.0102774837941526,0.0387056605731481,0.0,-0.0383244727463925,0.0,-0.0032388054080518,-0.0114079253299432,-0.0396148524508358,-0.0166859881986687,-0.0344957943483602,-0.0180075139266744,0.0346261944912873,-0.0126655522695126,-0.0252792549807892,0.0,-0.0236909901127976,-0.014153910673097,-0.0144212523719164,0.0,-0.0083698265695139,0.0,0.0,0.0047019476686995,-0.0274087184211803,-0.0117689734392003,-0.0247048492535858,-0.0210769888578686,-0.012556217610666,0.0,0.0,0.0012122342409548,-0.0101987502351146,-0.0074757479139813,-0.0136666300625928,-0.0452134171223375,0.0082178076318422,0.0087488240827844,0.0,-0.0158831454300505,-0.0212608432768599,0.0,-0.0299304433359094,-0.0192193305678508,0.0073290754894774,0.0031249033136351,-0.0071603927986906,0.0,0.0316188435948667,0.0077775410185383,0.0,-0.0322074627861957,-0.0172977602449975,0.0087486710474069,0.0,0.002811213177067,-0.0011600410476061,0.0,-0.0023088054969456,0.0184653348018235,0.0187589250941191,0.0,-0.0022079152785784,0.0128560932087751,0.0089306952102929,-0.0638579238026058,0.0,-0.014051762772632,0.0121040746994323,0.0
2015-04-30,0.0058481985534728,0.0,0.023850275338592,-0.0665035267021736,0.0195057089879966,0.0048716995165489,0.023844360479138,-0.0013340822918129,0.0151536697655403,0.0170174016925506,0.0894453787109343,0.0,0.0433145009416195,0.0,0.0235639349630356,-0.0122163753574389,-0.0134504788559416,-0.0363756788978673,0.0092991386061078,0.0207689408217113,-0.0502372414792278,0.0359445204141435,-0.0005743000717876,0.0,-0.0016937971365913,0.0407316813782834,-0.0011391348992427,0.0,0.0435207508378239,0.0,0.0,-0.0040533395993657,-0.0005234884271664,-0.0255923977323709,0.018247664018888,0.0081960895146577,0.0116986105010057,0.0,0.0,0.026567011269442,-0.007474504339013,0.0043469940126308,0.0070646343191431,-0.0105991965125223,0.0043500602452335,0.0979359010227238,0.0,0.0080697456589091,0.0304092387604326,0.0,0.0185051061055985,0.0006694758397982,0.037885874649205,0.0179507741656899,0.0072120337935297,0.0,0.0311888502855315,0.057194206575748,0.0,0.0230368658826773,0.013852024983824,0.0080505891913855,0.0,-0.0028033324120505,0.0133559655157011,0.0,-0.0171734171889185,0.0076313934308418,-0.039248168206435,0.0,-0.0383911174644826,0.0233173186534403,0.0033649106262592,0.0729492051491218,0.0,0.0144887735679313,0.0100699469368064,0.0
2015-05-04,0.0216468272174443,0.0,-0.0287458661918086,0.0260408635312259,0.019533353275501,0.0297916435365086,-0.0067684286566789,-0.0066582296280672,0.004666474054229,-0.0076557853751498,0.0193791933487186,0.0,0.0514149295446606,0.0,0.1142829018604192,0.0369310882337825,0.0090852505326661,0.0216375233696248,0.0257007079817672,-0.0062405376463203,0.0451910609411945,0.0731032748758564,0.0149926212273576,0.0,-0.0025539362766108,0.0031677907214386,0.0394654416370849,0.0,0.0042540596893607,0.0,0.0,0.013428492784397,-0.0632630410654828,0.0445974509762885,0.0328348823957083,0.0365953109072374,0.0065434158306481,0.0,0.0,0.0047177300460432,0.0094241283213138,0.0237913763066202,0.0112964824120604,-0.0106263498920086,-0.001623104540282,0.0016138393805122,0.0,0.0438853548709883,-0.016260858925731,0.0,-0.0002844444444444,0.0064147973238881,0.0554303740423614,0.0574475821112594,0.0431669394435352,0.0,0.0214836186197817,0.0014666666666667,0.0,0.0224844092364739,0.01071921644221,0.0067644168997051,0.0,0.0409803611023125,-0.0103147315524994,0.0,0.0018250847763143,0.0190460664846285,0.0237084687313482,0.0,0.0485480389361789,0.0102364884024273,0.0720281960909965,0.0940429280051919,0.0,-0.0061888004181873,0.0274212484826776,0.0
2015-05-05,0.0134314221794011,0.0,-0.0249943874878396,0.1201555484586049,0.0179620338585217,0.0,0.0276060524609862,0.0146656002491454,0.0030674846625768,0.0045693094713838,0.0738241952652962,0.0,0.0536633992357533,0.0,-0.0448652826855123,0.0444701412406047,-0.0450409840927154,0.0221615221076993,0.006807866868381,-0.0399821640903684,0.0026270660780092,0.0415690409247111,-0.0085307325107116,0.0,-0.0085587924582356,-0.0155852093307528,-0.0184349599777482,0.0,0.0093210460333867,0.0,0.0,0.0086332330972935,-0.0017705948133552,0.0233802139680252,0.0288992047486777,0.0225440062936375,0.0129941878065025,0.0,0.0,-0.0100684019233807,-0.1017702845100104,-0.0056367987237437,-0.0097591031960566,0.0806845965770171,0.0189699502557896,-0.0176741622263367,0.0,0.0325231085244779,0.0104103182796231,0.0,-0.0012625813564748,-0.0037539592539006,0.0412278204763261,0.0420343839541546,-0.010328822644963,0.0,-0.0025969840863639,0.0102183464252429,0.0,0.0146709745483317,-0.0158760840710816,0.0409018680479962,0.0,-0.0005325016165228,-0.0011580260110458,0.0,-0.0046893449536126,-0.007225414261528,-0.0182359990930586,0.0,0.013973587104292,-0.0025702817686426,0.039053938270867,0.092010034068374,0.0,-0.0273138842447353,0.0193875772307334,0.0
2015-05-06,0.0045923670026346,0.0,-0.0214521452145214,0.0321834068458919,-0.0137252415319697,-0.0031265722705383,-0.0022002369485943,-0.0148721704858568,-0.0253162357520156,0.0193559551080275,-0.0343744327939349,0.0,-0.0411542100283822,0.0,0.0126709596864631,0.0314264475619592,-0.0084964722249825,-0.0240900414664647,0.0042261457550714,0.021539712029726,0.0194694130062957,0.0033180241822101,-0.0028550664451826,0.0,-0.0129309566379512,-0.007967715231788,-0.0033217361187638,0.0,-0.0197294446817226,0.0,0.0,-0.0131371417580303,-0.0029740074416868,-0.0188524108768427,-0.0402544331650671,-0.0268554804895054,0.0162790523932969,0.0,0.0,-0.0039907869831931,-0.0103939372609745,-0.0141585111503288,-0.0251500371329359,-0.0398351648351649,-0.0106394048176473,0.0110283802740909,0.0,0.0277851458885942,-0.0115217016667075,0.0,0.0063564980503179,-0.0178749460297523,-0.0542670980088394,-0.0514477410839496,-0.0035008917365744,0.0,0.0062527914247432,0.0216796810648745,0.0,-0.0240764207037723,-0.0092184001361809,0.0040989518222906,0.0,0.0302545952734329,0.0,0.0,-0.0293080851448456,-0.0255871413033261,0.0170735730781919,0.0,0.022687441940643,0.0150312766333799,0.0481331620227434,-0.0787163866361414,0.0,-0.0051661870642538,-0.0053389572883417,0.0
2015-05-07,-0.0050766306570747,0.0,0.0384917055570805,-0.0496539173951191,0.0123264852859521,-0.0274703486066547,0.0276638396299151,0.0036892007675803,0.0028523041269274,0.0078168575747532,-0.0291204580616244,0.0,-0.0015896508249739,0.0,0.0014727204228648,-0.0126966602263317,0.0228388874968681,-0.0108585688271396,-0.0062657813522865,-0.032338732594487,0.0,-0.0773326856246029,-0.0028762559217033,0.0,-0.0157167688226145,-0.0047981641806613,0.0066498183541303,0.0,-0.0042858349597869,0.0,0.0,0.0092774865028164,-0.0279427501337613,0.0163015283929923,-0.0185342170160296,-0.0344648680699674,0.0339772994589508,0.0,0.0,0.0007097719571389,0.0063066053392761,-0.0043126245982343,0.0039841047603361,-0.0051333838256332,0.0026906458426454,0.0499509029586304,0.0,-0.0036131363313762,-0.0079699135762497,0.0,-0.0316348195329087,0.019926783259264,-0.0108161495471189,0.004377319109462,0.0314861460957178,0.0,0.0002644228499117,0.0178174078493338,0.0,0.0,-0.0058151060596047,0.0046807848395244,0.0,0.0298832742316785,0.0,0.0,-0.0107782200805457,-0.0069867912437728,-0.0133322520476846,0.0,0.0198149604824511,-0.0009901499879201,-0.1004262948936092,-0.0421187411550643,0.0,-0.0047076866330819,0.0,0.0
2015-05-08,0.0127523054104599,0.0,0.0273031098355391,-0.014583689519576,-0.0051038082261379,0.0097119768691846,0.0050267090810875,-0.0100251157015465,0.0028353035285753,0.0329659752634872,0.0,0.0,-0.0336554298890962,0.0,0.0911743918287315,0.0045040847389183,0.0316254914689562,0.009982271921451,0.0084697910784867,0.007635381181722,-0.0092810737488399,-0.0311443209201546,-0.0046074528486589,0.0,-0.0017659305524574,-0.003249135310764,-0.006605890383016,0.0,0.0068850658367676,0.0,0.0,0.0199486317903558,0.0703444290019401,0.0257975851575538,0.027815947548192,0.0255111179345459,0.0234760476061826,0.0,0.0,-0.0009380648408722,0.0135708227311279,0.0245304349010475,0.0132481568450519,-0.0208932498731179,0.011258150796287,0.0390083899212512,0.0,-0.0922100628116299,-0.0129798398232532,0.0,0.0169918877439159,0.0184089466383492,-0.0102281859581617,-0.0131324501399833,0.0,0.0,0.0041352354157422,0.012499405921772,0.0,0.0148155546677319,0.0207643735460285,0.0040632000381297,0.0,-0.0183278935475771,-0.0034781057700883,0.0,0.0108956558572976,0.0043714481983387,0.0095014219255995,0.0,0.0103669286711232,0.0108707287194187,-0.0526358607224211,-0.0473213029407626,0.0,-0.0072168366849363,0.0095700177647035,0.0
2015-05-11,-0.0015122813161623,0.0,-0.0325877184921057,-0.0036955427936915,-0.0461931290622098,0.0055802342229891,0.0021349975365414,-0.0023659699407794,-0.003146354217444,0.0032146850540439,-0.0111099527901469,0.0,0.0291460712459519,0.0,-0.0390827413288757,0.0134362050838023,-0.0306559810032649,-0.0064270476087602,0.0125979843225083,-0.0346040258024402,-0.0301938459321178,0.0568502455847004,-0.0179512732422437,0.0,0.0062196234706988,-0.0402733964248159,-0.0643026378139315,0.0,0.0102525442894836,0.0,0.0,0.0165290820963344,0.0079966059421723,-0.0111772474114336,0.0096831490288202,0.0208842756624583,-0.0073425213259608,0.0,0.0,0.0131223377456144,0.0030915853091586,-0.0174687583089604,-0.0047057632950463,-0.0158963282937364,0.0302176430929868,-0.0185110296515648,0.0,-0.0179042727726655,-0.0356870326092485,0.0,-0.009000754554274,-0.0315429011158137,0.0117117338779124,0.0147987833411324,-0.0067476383265856,0.0,0.0061867107947759,0.023344598823382,0.0,-0.0219152914930611,-0.0277911625665803,-0.008105381831128,0.0,0.0072341980270369,-0.0401378199391444,0.0,-0.0309961123914611,0.0301906084409349,-0.0094119945938022,0.0,-0.0225659574854815,-0.0037689378340961,0.0218763417775869,0.0232989633622877,0.0,-0.006257490323975,0.0088738363732687,0.0
2015-05-12,-0.0141253746572285,0.0,0.0316145457308965,0.0012364168292002,0.0078668775857873,-0.0254463144828593,-0.0195911921575638,-0.0091363016193898,-0.0101090029695752,-0.0163083019860988,-0.0033734431710366,0.0,-0.0361598763387434,0.0,0.0231465878080865,-0.0138988481196125,0.0855799027473265,0.0198950887397058,-0.0046078702423738,0.0119347112926921,-0.0318026452667559,-0.028062889350341,-0.0005875048402388,0.0,-0.0008883131303785,-0.0269529966034841,0.0402944006482217,0.0,-0.0219913351505814,0.0,0.0,0.0162789398200748,-0.0419488553025955,0.0084776928288008,-0.0268225324405099,-0.0389832579738481,-0.0027711880419036,0.0,0.0,0.0247293112412125,-0.0092461706022755,0.0002841447243795,-0.0044636502287748,-0.0216837854446492,-0.0030875073412199,0.0160889444163854,0.0,0.0141632771644393,-0.0090870723536704,0.0,0.0116749152480919,-0.0190463325678779,0.0020428512366545,0.005101158568217,0.0238742236024844,0.0,-0.0056347241040974,-0.0236071188306525,0.0,0.0074799584074061,0.0123772654816283,-0.0105046541121294,0.0,0.0046430644225188,-0.0206050999953379,0.0,0.0125163661697755,0.0419670460108505,-0.0054904410435125,0.0,-0.0018317061831706,0.004905164200962,-0.028004790016597,-0.0408010464119795,0.0,-0.0153814216941311,0.0070516306895971,0.0
2015-05-13,-0.0061370031372294,0.0,0.007035249917124,-0.0889990433950779,0.006157449608519,-0.021203266651682,-0.0185390611940978,-0.0140002306938116,-0.0146851451000116,-0.0108662297094207,0.01013947443976,0.0,-0.0408385359986253,0.0,0.0260445445658181,-0.0307423337562273,-0.0254428523073452,-0.0478081279147234,-0.0370336079992593,0.0129276054097058,-0.0166922486569454,-0.0457209131974118,0.0029392510253978,0.0,-0.0132624520717951,-0.0240963855421686,-0.028478239704021,0.0,0.0008662205406473,0.0,0.0,-0.0247420413100452,0.0224852228553171,-0.0106519778131778,-0.0255986627274141,-0.0608596134282808,0.0157540543006111,0.0,0.0,-0.0151765821807512,-0.018664920241381,-0.0011362560363601,-0.0068633759230321,0.0663137114142138,0.0299439497736109,0.0049248840722839,0.0,-0.0100264986034519,-0.0032875034938043,0.0,-0.0256428635426931,0.0211657783465906,0.0149746377690944,0.0130465949820788,-0.0133333333333334,0.0,-0.0020580385670787,0.0054963983714375,0.0,0.0024637102144093,0.0110615663495508,0.0177016831108531,0.0,-0.0225303292894281,-0.014850778237898,0.0,-0.0164782366270034,-0.0089975864843121,-0.0130745962743186,0.0,-0.0081506804653805,0.0,-0.0491505641291659,-0.0326994695858254,0.0,0.021504944530897,-0.0134085703111905,0.0
2015-05-14,0.0010250819658792,0.0,0.0523591806876371,-0.0407041124136087,-0.0008159689931782,0.0041717697489283,-0.0385216839302027,0.0256269649776998,0.0242930849027365,-0.0005488823482618,0.0602710627094302,0.0,-0.0289024244595724,0.0,-0.0060170465725619,0.0350216291282901,0.0459276410998554,0.0461084212588507,-0.0129795211998846,0.0112900058904379,-0.002809756097561,-0.0025373675344889,0.0353008565453116,0.0,-0.0232959771733212,0.0087688935040959,0.059795226403434,0.0,-0.009932735426009,0.0,0.0,0.0337323586341682,0.0052079942712062,-0.002832311631877,0.0131455586363726,-0.021583123459799,-0.0086633321358499,0.0,0.0,0.014469705454138,0.0084612451139287,0.0043064339206153,0.0098314462304218,-0.0466212235967347,0.0025085798333062,-0.022753010087862,0.0,-0.0363162844534471,0.0387922976257244,0.0,0.0184279251112664,0.0292860145795488,-0.0073648971783836,-0.0057175205208038,0.0033943896503139,0.0,-0.0025802077349731,0.0109171325785302,0.0,-0.0271006310195949,0.0109405467656027,0.0127483128980134,0.0,0.0246380023640662,0.04459583514519,0.0,0.0,-0.0147619449658065,0.0056106384404099,0.0,0.0214598320779879,0.0080857465212487,-0.0213902527732314,-0.0124933158329688,0.0,0.027823916184261,0.0313154765275496,0.0
2015-05-15,0.0072007347025022,0.0,0.0857793302399945,0.0212156191537633,0.0028642283696715,0.0215725883294584,0.0100162643520829,0.0070932097665301,0.0208780157875532,0.0129177577383179,0.0105252761826826,0.0,0.008732013282499,0.0,-0.0188168121861259,-0.0006323159729182,0.0456155497996502,0.0142060275291946,0.0372102084550944,-0.0018056499368992,0.0118968418580989,-0.0101111586147926,0.0505667854707343,0.0,0.0449548337497596,0.0526135193869381,-0.0018754629556666,0.0,0.0157030595375593,0.0,0.0,-0.0106893542757416,0.0253351466873907,0.0221586708688377,-0.0050009844457569,0.0022142264046498,-0.005986313016572,0.0,0.0,0.0007065421386147,0.0104700905201957,0.0185677107913861,0.0186771220530577,0.0271868655662459,-0.0025023026074483,0.0240020245880896,0.0,0.0167404849485774,-0.0183568793305137,0.0,0.0516649812193006,-0.0090552485762066,0.016188090190788,0.0122409473923936,0.0740409778515351,0.0,0.0090540885015906,0.0270366034015281,0.0,-0.0075783436881271,-0.0273401597431681,0.0137375206766694,0.0,0.0035689822992899,-0.0138297872340426,0.0,0.0265367171668435,-0.0149765332489586,0.0182369302000233,0.0,0.0220571334001451,0.0217232481502205,-0.0072936749436716,-0.0023432115782219,0.0,-0.0243837135917689,-0.0017204773409472,0.0
2015-05-18,-0.0112322378135867,0.0,-0.0659101458089918,-0.0041510757717493,-0.0073347144550754,0.0008208036413834,-0.0068717016629199,-0.0191123380760247,-0.0244784810788663,-0.0219779356298717,-0.0208312972089971,0.0,-0.0330407217751768,0.0,-0.0267064520239561,-0.0306635802469136,-0.0282756211426696,-0.0313905485432411,0.0021600300525919,-0.0021590290204622,-0.0033646594732568,-0.0306433152655105,0.016766892429791,0.0,-0.0245912192609757,0.0,-0.0348796816775088,0.0,-0.0146041060949289,0.0,0.0,-0.0093348033811098,-0.0174075618044239,-0.0083363468529339,-0.0200253284787083,-0.0275338304335818,-0.0064780734041435,0.0,0.0,-0.0227698960792533,-0.0124432801609206,-0.0151446953851042,-0.0266022853372521,-0.0264673025693906,-0.0080160156888379,-0.0101458135511648,0.0,-0.0102628470171294,-0.0058012388198473,0.0,0.0,-0.0288993965034529,-0.0272378152854161,-0.0199111311097363,-0.0344684138586794,0.0,-0.0084675985703324,0.0,0.0,-0.0408296642817831,-0.0079055591785671,-0.0287922973661064,0.0,-0.0020475608879948,0.0195112799587262,0.0,-0.0435467193081408,0.0032723914556453,0.001488435997252,0.0,-0.0078713949011351,-0.0147612563612988,0.0,-0.0488789326175345,0.0,-0.0049986278276551,-0.0120457628983169,0.0
2015-05-19,-0.0051657866603556,0.0,-0.0163465327873065,-0.0459108788821698,-0.0127209887266346,0.0109972041006523,-0.0295713597688231,0.00239590098867,-0.0146016710602743,-0.0260872359741939,0.0638376752078253,0.0,-0.0179674694237801,0.0,0.0126667903160697,0.0013054622450767,-0.0174525013073034,-0.0004902027533053,0.0315809202511481,-0.0108574881581255,0.0,-0.0553377294599893,-0.0031920788262786,0.0,-0.002696485141047,0.0300988807997391,-0.0530078693781392,0.0,0.0392348524959611,0.0,0.0,-0.023278676361478,-0.0257125592995899,0.0084064257336429,-0.0337412163799368,-0.0385085053815352,-0.006527369082146,0.0,0.0,0.023526224289359,-0.0157263985599923,-0.0116810495470064,-0.014060060800263,0.0435166387148027,-0.0121253058097678,-0.0285417679601571,0.0,-0.02088772845953,0.0032402528977872,0.0,0.0,0.0096021398596917,-0.060801754599732,-0.0631563845050214,-0.003262140702899,0.0,0.0087946929878364,-0.0299998500007498,0.0,-0.0053075129998207,-0.0191701434071609,-0.0127972927887136,0.0,-0.0091789352435116,0.0083728205364124,0.0,0.00484041376938,-0.0146877355407181,-0.0193699064168939,0.0,-0.0023030819588891,-0.009068202611982,-0.0366895196200013,-0.0059245271272787,0.0,-0.0037727299592189,-0.011617333209613,0.0
2015-05-20,-0.0285552565953537,0.0,0.0451164492135105,-0.0204090004717658,0.0049914467253178,-0.0121681415929204,-0.0094957649550027,-0.0177391254265596,-0.0251380689392497,-0.005980861244019,0.0399957109157194,0.0,-0.0118764845605702,0.0,-0.0104290116141265,0.0052786390015104,0.0016853309679565,-0.0074792583409397,-0.0163517441860465,0.0182878763991802,-0.0252619324796274,0.0292896896519196,-0.0021388952666367,0.0,-0.0045188980695418,-0.0162447257383966,0.0063576525059172,0.0,-0.0033573266796431,0.0,0.0269184,0.0226180754695481,0.0158346858794189,-0.0088882967587218,-0.0042421582763881,-0.0082405410993294,0.0215788501697613,0.0,0.0,-0.0223016345708423,-0.0096010395110448,-0.0098061883713022,-0.0177606016729341,-0.0052444594823211,-0.0076796718003451,0.0005478377318166,0.0,-0.0105904761904762,-0.0168053987343433,0.0,0.0024726548414237,-0.0140718824117335,-0.0036325895173845,-0.0015314404729087,-0.0064838829195997,0.0,-0.030503718254525,0.0092164473379001,0.0,-0.0240833543642066,0.0078233990754164,-0.004115872057936,0.0,-0.0463925016348181,-0.0243168027738491,0.0,-0.0016994327073551,-0.0127810234296197,-0.0055793348100527,0.0,-0.0251288249888668,0.0,0.0209623746022491,-0.0134226786907147,0.0,-0.0211894991842586,0.0076419008993784,0.0
2015-05-21,0.003740827373061,0.0,0.0445522276113805,-0.0178399430461912,-0.0053800373259086,-0.0147816349384096,-0.0159835654875237,-0.0208299740541491,-0.017190857589373,0.0031536578281257,0.0048071966182081,0.0,0.0083160083160083,0.0,-0.0238758845944475,-0.056985148749743,0.0641894135617986,-0.018090976473495,-0.0178241595862579,0.0068122000309644,0.0115052350810145,-0.0108371901205149,0.0160458244526255,0.0,-0.0072364672364672,0.0,0.0303342431889581,0.0,0.0277792341704679,0.0,0.1235977464226953,-0.0029527559055118,0.0236675629684475,0.0033606022199177,0.0042602308499477,0.0071177556733574,0.0055067304483258,0.0,0.0,-0.0333919949460763,-0.0021623460239558,-0.018034723366848,-0.0120580312639192,0.0,0.0005209821353544,-0.0029134417142663,0.0,-0.002156168181118,0.0085463237454264,0.0,-0.0208458231273872,0.0009654606454105,0.0525520833333335,0.0434369152427989,-0.0229970787494561,0.0,-0.0140094940372813,0.0177435913151402,0.0,0.0164394695038603,-0.0059712835545422,-0.0106533832672798,0.0,0.0313535753742999,-0.0151968577574113,0.0,0.0068093027812816,-0.0122333385905603,0.0213874187713538,0.0,0.0189338852220606,0.0153922271395623,0.0074467072706509,0.020154038213326,0.0,-0.0182944076288993,0.0035031491074422,0.0
2015-05-22,0.0,0.0,-0.0535184298707515,0.015136656291306,0.0041561743637386,-0.0150034098658786,-0.0342685472783746,-0.0326282224018683,-0.0211924165412535,-0.0334312306101344,-0.0143525941127429,0.0,0.005541237113402,0.0,-0.0467559699744581,0.0007044143298,-0.0031724238358245,0.0076744576157459,-0.0135401974612129,-0.0067661079501767,-0.0467175692695214,-0.0137122738748756,0.0078902516060594,0.0,-0.0155350207580018,-0.0049324469225819,-0.0208604085441035,0.0,0.0298936378244643,0.0,0.0,-0.0047309504740263,-0.0253791003108938,-0.0078279010124595,-0.019183750235095,-0.0330898660437057,-0.0068457155501465,0.0,0.0,0.0092432659539705,-0.0291210129047967,-0.0088962246996125,-0.0210719537984261,-0.0051870748299319,-0.0005207108543017,-0.0061964421303829,0.0,-0.0129649637289706,-0.0019463496014617,0.0,-0.0212721293121544,-0.0050075152918104,-0.0221930822900687,-0.0275172717918564,-0.0167313442330937,0.0,-0.039963989353374,-0.0060673582150223,0.0,-0.0053790797412225,-0.0288343390765365,-0.0101555800563518,0.0,-0.0403738179669029,-0.0024690185651202,0.0,0.0098529358099477,0.0291293813824653,0.0224481429859801,0.0,0.0364047246543883,-0.012292864843711,-0.0185145825953475,0.0004977858898442,0.0,-0.0026239697060124,0.0023210903554053,0.0
2015-05-25,0.002658455740077,0.0,-0.0519589992582103,0.0477780577956989,-0.0062084581111679,-0.0101546272790215,0.03639846743295,0.0095328737126365,0.0058407148106602,0.0198058784258006,-0.0116596830023684,0.0,0.0210175573497373,0.0,0.0158427426431873,0.0312238125565649,0.014326557869694,0.0106679614344178,0.030025736345439,-0.0089797182226351,0.0101564757854752,-0.0055423780559404,-0.0078284829062356,0.0,-0.0055580387508016,-0.0479525862068966,0.0250655140727631,0.0,0.001985420983547,0.0,0.0,0.002676148591747,-0.0219907558101687,0.0011188271604938,-0.0010866091403005,0.0024466328215793,-0.0004595268266192,0.0,0.0,0.0048337110874692,0.01110999648894,-0.0035847858302165,0.0036844529245345,-0.0158133173775536,0.0123775271835033,0.0046797189439935,0.0,-0.0087568412822516,-0.0104538399288925,0.0,-0.0051118896117823,-0.0034897810808626,-0.0191290706206826,-0.021403307234197,-0.0341614906832299,0.0,0.0072675011212133,0.0103608106879942,0.0,-0.0108528831396623,0.0142266707903393,0.0211383522481156,0.0,0.018591939643558,0.0024751297063163,0.0,-0.0041797660776448,0.0058957252619011,-0.026830676460211,0.0,-0.0166934444464061,-0.0077417600559365,0.0,0.0152993003368746,0.0,-0.0155169923446754,0.0231942051538562,0.0
2015-05-26,-0.0153966202950109,0.0,-0.0067930433545541,-0.0527149185223787,0.0020824146210005,-0.0145333022460557,-0.0268615713340907,-0.0239673792241835,-0.0297165820642978,-0.011590626783496,-0.0147333772218564,0.0,0.0053345048324338,0.0,-0.0334258630023382,-0.027596742999236,-0.0392453373658818,-0.0201087105718286,-0.032481954469739,-0.0300734260271832,-0.0207217885314914,-0.0167670327075214,-0.005268113610088,0.0,-0.0223954974497272,-0.020826259196378,-0.0611231926160792,0.0,-0.0313495120434031,0.0,0.0,0.0029676359699877,-0.0313648224080089,-0.0056264210566882,-0.0271734493643887,-0.0366099212886692,0.0,0.0,0.0,0.0218657214537254,-0.0164942828087407,-0.017705131655359,-0.0146727848792744,-0.0106826472120895,-0.0274985682152076,-0.0201797984736141,0.0,-0.0351790503233948,0.0019841535842126,0.0,-0.0038625992598182,-0.0283727038376109,-0.0339997420353411,-0.0320348460041395,0.0071007502679529,0.0,-0.0155331356695438,-0.009729843183113,0.0,-0.0273744874210351,-0.0246999140631496,-0.0337175338447927,0.0,-0.0252059557100747,-0.0055552917715209,0.0,-0.0173698471066383,0.0222778087005506,0.0010052569997198,0.0,-0.0336843617298248,-0.0104563854025571,0.0301965785231346,0.0106890179783769,0.0,-0.0275408186791304,-0.0311781427097102,0.0
2015-05-27,-0.0037751284651503,0.0,0.0039031726706295,0.0481157825691374,0.0353458181551473,0.0156151419558359,0.0165548488280908,0.0197185531874795,0.0271092395343077,0.0029295133611282,-0.0029800483756732,0.0,0.0177913727448655,0.0,0.031507322711727,0.0263074326018284,-0.0326787588067755,0.0,-0.019894787183166,0.0026173793992108,0.0211602671118531,0.0014170769785037,-0.0179848788027654,0.0,0.0085957021489253,-0.0053173043578775,0.0208285446540656,0.0,-0.0143363230797364,0.0,0.1021534922359255,0.0059177103299401,0.0048927982407918,-0.004514978878425,0.0100635825476869,0.0050668186712268,0.0055168570632488,0.0,0.0,-0.0083564204788613,0.02458892363563,0.0158757624259202,0.020335525075676,0.010797998419805,0.0041906355085947,-0.003728240381417,0.0,0.0022890778286461,0.0144904266848633,0.0,0.0193518134434687,0.027799562815999,0.0119902795951611,0.0129252569094275,0.0280697086603698,0.0,0.0450732890652303,-0.0236476768655473,0.0,0.0112427833485262,0.0118810755499971,-0.0006020545110188,0.0,0.0374103508431866,-0.0024828113063406,0.0,0.0330764685607367,0.0300448048071688,0.0165289256198346,0.0,0.0277883588052212,-0.0108438072405457,-0.0091554559043348,0.0076971251944484,0.0,0.0403797659331421,0.0128763385598684,0.0
2015-05-28,0.0005389037158693,0.0,0.0170322810772247,-0.0416069445846372,-0.0120487617698279,-0.0076875291194284,-0.0225593554469871,-0.0083941071827373,-0.0061739709244557,-0.0020489027363856,0.0149983915933948,0.0,-0.0148429833169774,0.0,-0.0253347350423401,-0.0101131829655565,-0.0194261805140465,-0.0066676939024218,-0.0245925636771736,-0.033535483352745,-0.0183512486205909,-0.0680673478198302,0.0264037677834989,0.0,0.0198592805470221,-0.0017431725740848,-0.0038105135533039,0.0,0.0216123158703174,0.0,0.0,0.0020534640643787,-0.0048689753268779,-0.018180756428474,-0.0176908550218151,0.0012603188606716,0.0064079472400797,0.0,0.0,-0.0276654704038521,-0.0054397321977994,-0.0084170782944416,-0.011790786885602,-0.0053847490012158,-0.0015638678531665,0.0024275558894315,0.0,0.0,0.0292131571311755,0.0,-0.0202406227883934,-0.0235408718240117,0.006649778340722,0.0095466145751283,-0.0034290890269151,0.0,-0.0107798683990518,-0.0065280426726209,0.0,-0.0111177884615384,-0.0071067415730337,-0.0091868622849182,0.0,-0.0042600896860987,-0.0174229370093815,0.0,-0.0121420826233571,-0.0182589368165635,-0.0044375344151847,0.0,-0.0191365501780774,-0.0058392992840859,-0.0499245709975486,-0.0195669607056938,0.0,0.0037497021990657,-0.0063470976788813,0.0
2015-05-29,-0.0043260064804602,0.0,0.0239017974572557,-0.0344188397859881,-0.0032505945480835,-0.0335707019328584,-0.0282011259404759,-0.0360507288584454,-0.0269071354384056,-0.0228472045473827,0.0049255879673035,0.0,-0.0115178682604907,0.0,-0.0084036601555091,-0.0340714661753094,-0.0154988880987053,-0.0015511965366011,-0.0315157578789395,-0.0300656582446808,-0.0500041635440088,-0.0624099238212888,0.0236204560043746,0.0,0.0083564918281284,0.0,-0.0717030339911327,0.0,-0.0292936331960722,0.0,0.0,-0.0090831887161687,0.005497526113249,0.0011499038442475,-0.0236664162283997,-0.0188495185348354,-0.0109101922534193,0.0,0.0,-0.0099046907120163,-0.0328911547789932,-0.0154597117050057,-0.0247206826779273,-0.0429619280475025,-0.0078315868327188,-0.0010269576379975,0.0,-0.0364600326264273,-0.0258595281725335,0.0,-0.0180944813637676,-0.0069748108737218,-0.026449617280067,-0.0268085637600649,-0.0342790365513211,0.0,-0.0133532189908028,-0.0246449196191664,0.0,-0.0140914615618353,-0.00591280731038,-0.0197854256653198,0.0,-0.0122344817233355,0.0006332813717848,0.0,-0.0047524848016984,-0.0079402148528725,0.0188053097345133,0.0,-0.0301541807591996,-0.0169006718429415,-0.0077655932119287,-0.023852854572223,0.0,0.0189467818333797,0.0005756304081405,0.0
2015-06-01,0.007066743373318,0.0,-0.0182057957114475,0.0619982547993018,-0.0008212936874287,0.0338461538461536,0.0061540127411523,0.0152673600760546,-0.0017656036469193,0.0071889352909002,-0.0176478318002628,0.0,0.0080619764439127,0.0,-0.0115707813863421,0.0310323097099449,0.0026257252276011,0.0134457579481095,0.0209710743801652,-0.001585227394443,0.0164789411403778,0.0340918448574016,-0.0230754044292699,0.0,-0.0018501744174841,-0.0250291036088474,0.0358487385514412,0.0,-0.0087974625716261,0.0,0.0,0.0144949137384953,-0.0048523783488244,0.0202388260688755,0.021931512120046,0.0423041149491645,-0.0110305375386242,0.0,0.0,0.0312382030955076,0.000562991017734,-0.0189592753602118,-0.0068442179325275,-0.0056569343065693,-0.0010553138915343,-0.0134475261691915,0.0,0.021247777871836,0.0265459950801774,0.0,0.0329017545150254,-0.0118458614829511,0.0,0.0032389442965718,-0.0460504201680672,0.0,-0.0196106094808126,0.0188187098942247,0.0,-0.0057402627422274,0.00782628493369,-0.0100794727660399,0.0,0.0042933130699087,0.065819580351492,0.0,0.0056114410374501,0.0002288658715212,0.0077760745992205,0.0,0.0442334920227676,0.0139870441831819,-0.0098017153001774,-0.0005027494108404,0.0,-0.0062893081761007,0.0046395100677369,0.0
2015-06-02,0.0081341018382727,0.0,0.0066637592673353,0.0277515303397559,0.0314328055533887,0.0146459899749373,0.0249139044339217,0.0194578466226511,0.0255416100407708,0.0360243092970129,0.0069826237007906,0.0,0.0747891283973758,0.0,0.0592809374659877,-0.0205170562484513,0.0287959013300092,-0.0010173507072679,0.0100172012546797,0.0294590941274914,0.0449273487690251,0.0517877525017917,0.015215995815601,0.0,0.0110636983259639,-0.0037014925373134,0.0838983817014737,0.0,0.0198712124204953,0.0,0.0,0.0093293175640931,0.0018267976100543,0.0056678118752304,0.0214386959603118,0.0307403532525079,-0.0106891286143538,0.0,0.0,0.0012125926603825,0.0306401698253153,0.0238755094479437,0.0222976578376721,0.0678106074509083,0.0052649660740358,0.0383437418591716,0.0,-0.0254476127320955,0.018926919281879,0.0,0.0076384808503819,0.009547934528449,0.0452893185061524,0.0379746835443037,0.0557434813248767,0.0,0.0380321937380505,-0.0082774435735938,0.0,0.0575015499070055,0.0136672973201932,0.0299327720122708,0.0,-0.0144894639276661,-0.0047503768327774,0.0,0.0276354958842033,-0.0107411596268378,0.0192664184425255,0.0,0.0182269864958322,0.0102023108556945,0.0217671270927499,0.0653693399142798,0.0,-0.0147475488697282,0.0266186385887132,0.0
2015-06-03,-0.0096838579813596,0.0,-0.0075727381426862,-0.0312593688165812,-0.0106856996602912,-0.0008490930142802,-0.0362436779195324,-0.0313696796089298,-0.0228690026113731,-0.0117819343673034,-0.006934204758299,0.0,-0.022381118474596,0.0,0.0044181612685945,-0.0265292698969522,-0.0330810017674326,0.0071566083535616,0.0013023442195954,0.0100458524385158,0.0185269238704353,-0.0298304058146579,0.0082784946488372,0.0,-0.0355587808417996,0.0,0.0147301693218782,0.0,-0.0049753813311297,0.0,0.0,0.00462154294032,-0.0121884340124488,0.0084538032464147,-0.017671292281006,-0.0202704719825655,-0.0009389137052948,0.0,0.0,-0.0019195173784877,-0.0220363798793954,-0.0110442057725154,-0.0252540396468431,-0.042364870671135,-0.0020932477807301,-0.0165924178007418,0.0,-0.0142893595304923,0.0049551022461453,0.0,0.0139065592309866,-0.0243364131483765,-0.0014425182246721,-0.0007698940625769,0.0105466924771377,0.0,-0.020081991563187,0.0089008552423186,0.0,0.0135937270995163,-0.0012257291695684,-0.0191766584704301,0.0,0.0065259117082532,0.0083528385882782,0.0,0.0089601951539886,-0.0078575204863864,0.0023627799972019,0.0,0.0010098753295499,-0.0086770668957114,-0.0232558139534883,-0.0215413367432252,0.0,0.0053480361225186,0.0,0.0
2015-06-05,0.0135874902854995,0.0,-0.0052383446830801,-0.0205285852813138,-0.0120005879758929,-0.0008498145859086,-0.0119484292718357,-0.012568508012022,-0.0234042341021729,-0.0113414387713861,-0.0019931243896892,0.0,0.0008919545697805,0.0,-0.0329847692657422,0.0207900207900209,0.0087716272920619,-0.0101530576909757,-0.0270135067533766,-0.0141554207420246,-0.0457381299627288,-0.0523125747879922,-0.0112880186740063,0.0,0.0160785711456972,-0.0220517737296261,-0.0217827316367461,0.0,-0.0183314012838036,0.0,0.0,-0.0046002825370375,-0.008022318144596,-0.0195601829700089,-0.023639774859287,-0.0377841428484369,0.0004698980463631,0.0,0.0,-0.0055864642718135,-0.0315156436347027,-0.0133483599959017,-0.0238575383668866,0.0,0.0073545779893491,-0.0068606495207889,0.0,-0.0119941323668996,-0.0412724633328328,0.0,-0.0149706338555917,-0.0055735702674108,-0.0224171288533471,-0.0210497118377661,-0.0278750247704604,0.0,-0.0072050769013115,0.0052274653857022,0.0,-0.0348841412717348,-0.0061361671268792,0.0094591975188988,0.0,-0.0313501144164759,-0.0011833780892993,0.0,0.0201906311751713,0.0319054692235447,0.0009459857636897,0.0,-0.0100796371687736,-0.0034415639369235,-0.0257831081423005,-0.0138828851470218,0.0,-0.0159587603407826,0.0061897221822369,0.0
2015-06-08,-0.0064372619729702,0.0,0.039266280498508,0.0044866663858111,-0.0113369913231845,-0.017861285084667,-0.0044843049327354,0.0030844605042563,0.0014601670512794,0.0197068667444493,-0.0200112588462363,0.0,-0.0423597908745246,0.0,-0.0083452831519311,-0.0302104548540393,0.013048730455395,0.0046178388514175,-0.0068894601542416,0.0027001004688547,0.0061558055614518,-0.0129834481622793,-0.0295641143098769,0.0,0.0018513466110612,-0.022549019607843,0.0371241786128428,0.0,-0.0097642652566644,0.0,0.0,0.0072234352256186,0.0062263015768633,0.0171003572334902,-0.0115069855767058,-0.0189689024004052,0.0047038897823827,0.0,0.0,-0.0134229733152211,0.0034846857232688,-0.0047173309993918,-0.0042251712828415,-0.0220746590093323,0.0140748106784975,0.0214739473044747,0.0,-0.0097816593886463,0.0070617412870381,0.0,-0.0063163481953291,0.0087099424815118,0.0022165927802406,0.0008185367082229,-0.0214717673438881,0.0,-0.0097613110081938,0.0,0.0,-0.0277548880065923,-0.0108045912496842,-0.0224791018600304,0.0,-0.0033860933931805,0.0278423331054908,0.0,-0.0171476750942836,-0.0331782005021915,-0.0009450917203768,0.0,-0.0116974359436863,-0.0063367153411595,-0.0285172583954497,-0.0242726364507512,0.0,-0.0270292878279329,-0.0005543633762518,0.0
2015-06-09,-0.003782225237449,0.0,0.0349958619757799,-0.0193763499486232,-0.0008186409356584,-0.0043300267674382,0.0130519864126421,0.0046165204903734,-0.010879207153563,-0.0308598154257319,0.0204198864802025,0.0,-0.0176809975804952,0.0,0.0328797648397496,-0.0036226811340568,0.0214527578099512,-0.0209076220191665,0.030751708428246,0.017054587203841,-0.0116033755274262,0.004922409477724,-0.0165577342047931,0.0,-0.0473457954832812,-0.0095285857572717,-0.0345961887477314,0.0,-0.0111420612813372,0.0,0.0,-0.0014271004570334,-0.0061877746259525,0.0139915168032549,0.0046655231560892,-0.012911972626618,0.0107520027198741,0.0,0.0,-0.0059276546091016,0.0023237597911227,-0.0082124811828356,-0.0063529273867432,0.0112864745824921,0.0179946862454216,-0.0076803871458865,0.0,0.0123478567648616,-0.0204145118015319,0.0,-0.017840927300892,-0.0051362521651147,0.0368878357030015,0.0318024536017615,-0.0146517602944239,0.0,-0.0112657525234874,0.0046537050050752,0.0,-0.031436606695689,0.0102984566500228,-0.006390696821676,0.0,0.0,-0.0213247029615178,0.0,-0.0048341100368645,-0.0056015115401819,0.0160507420560458,0.0,-0.0048913142669415,-0.0043463751719422,0.0083945996524528,-0.0059761996802943,0.0,-0.0069423548123628,0.0134373490311152,0.0
2015-06-10,0.0184210974343259,0.0,0.0057931754761011,-0.018219532536407,0.0106570759007909,0.024353601644659,0.0306332574031891,0.024123338340521,0.0348211524585093,0.0089279558772836,0.0079884194724426,0.0,0.0611974232663887,0.0,0.0266461637327581,0.0116277027383064,0.0084030837004405,0.0151086198802123,0.0108488196885985,0.0167480809490578,-0.015453575240128,-0.0114570361145704,0.0081474917540491,0.0,0.011699846860643,-0.009746835443038,-0.0136126357486949,0.0,0.0151689690860818,0.0,0.0,-0.0028763703462498,0.004351415259336,0.0088393397940642,-0.0243802499487809,-0.0222047810588965,0.0101821290670702,0.0,0.0,-0.0044839891069583,0.0069290682226679,0.0242102732109041,0.0292663937810389,-0.0055348879412031,-0.0181788243042977,0.0114248140385484,0.0,-0.0243944938142534,0.009765004763417,0.0,0.0181650078860065,0.0123940942744111,0.0071354206343161,0.0061888357062283,-0.0037350246652573,0.0,0.0185154381952385,-0.0180000932647319,0.0,0.0177001710353605,0.0222403190025552,0.0321458226246491,0.0,0.0224399494310998,-0.0070668176670442,0.0,0.0277826314869824,-0.008211250016785,-0.0181171586434263,0.0,0.0139665829099646,-0.0049457601347208,-0.0062567936583685,0.0615612617063097,0.0,0.0192952838560267,0.0033192090395481,0.0
2015-06-11,-0.002658018355372,0.0,0.0154784696758283,0.0077323517239877,-0.0117607086229299,0.0033963720571208,-0.006029422165641,-0.0022474745483364,0.0024803761405747,-0.0117957566025487,0.0109169725014626,0.0,0.0135690055347259,0.0,0.0165765000447106,-0.0222762392568799,0.037504232058801,-0.0046248931369389,-0.0004968697207591,0.0,0.0163031695789794,0.0148932000783854,-0.0026979515101204,0.0,-0.0192742391216597,-0.0432059312284288,0.0213048361297349,0.0,0.0012810226905022,0.0,0.0,-0.0244924617645457,-0.0191970131787914,-0.0032833636653596,0.0356759531476036,0.0293979933110366,0.0055010613649291,0.0,0.0,-0.0029949298431788,-0.0149269176044496,-0.0065294264375741,-0.0062232103972311,0.0,-0.0246956025894744,0.0,0.0,-0.0099124843722092,-0.0064470477238776,0.0,-0.001281982800064,-0.0210197427231165,0.0,0.0,-0.0111763457593548,0.0,0.0111869839034,0.0038939453897903,0.0,-0.014500117251622,0.0006043457956761,0.0031157421595668,0.0,-0.0235703245749613,0.0047447420046535,0.0,0.0065623937436245,0.0009409757715661,0.0122957827485972,0.0,-0.0015284573433784,0.0017539968124085,0.0083771309660378,0.0056634784847224,0.0,-0.0065825096348831,0.0082705708453578,0.0
2015-06-12,-0.003737847804224,0.0,0.001741547900556,-0.0076730212250896,-0.0147717882368553,-0.0059235325794292,-0.0122920928577783,-0.004497170497297,-0.0187306855331539,-0.013431868274342,0.0255179217362708,0.0,-0.0075157066525748,0.0,-0.0007037065543668,-0.0198536723966471,0.0040106529679884,-0.0051532602114807,0.0,-0.0112237070531713,-0.0438585263876446,0.0,-0.0205403155717135,0.0,-0.0402732903916203,-0.0511690046760187,-0.0012163017761338,0.0,0.0294258267298241,0.0,0.0,0.002957094236456,-0.0182944150900516,-0.0109743242225736,-0.0126163065762497,-0.0194938107150979,-0.0022835933134179,0.0,0.0,0.0004967122380432,-0.0023373076317032,-0.0006203107461452,-0.010436968781354,-0.0056569343065693,-0.0031640399975925,0.0018216786531768,0.0,-0.0151528817534047,0.0,0.0,-0.0152965716425095,-0.0198013774871296,0.002117896223085,-0.0023027511816747,0.0,0.0,-0.0082974148808382,0.0235095630784756,0.0,0.0147134642078128,-0.0027179135209334,0.0161540811650287,0.0,-0.0219232291254452,0.0005902919674882,0.0,-0.0039072616514093,-0.0151293808924779,-0.0140044838917723,0.0,-0.0094565217391302,-0.0029195763333894,-0.0248961557795592,-0.0079747957073939,0.0,0.0027573234725175,-0.0054626688540612,0.0
2015-06-15,-0.0139138920201221,0.0,0.0152319887713925,-0.0030929406895949,-0.0004163095383861,-0.0051075684878501,-0.0017830127512425,0.0060259616529714,-0.0057619086195721,-0.0057560385838567,-0.004784198037581,0.0,-0.0261492042832632,0.0,0.0070970368495757,-0.0157625828894444,0.009603891882824,-0.0072604271339002,-0.0259494929409425,-0.023110530398922,-0.0303422426486993,-0.0179295506578767,-0.0132475160907329,0.0,-0.0174114418046144,-0.0173190650520981,-0.0294937025606806,0.0,0.0049712518867965,0.0,0.0,-0.0014834594273847,-0.0077261415591179,0.0245712871852459,-0.0186186597303031,-0.0145465389840616,-0.0036510482934115,0.0,0.0,0.0020095037707748,0.0105293637631946,-0.0069015458280378,0.0051278465375379,-0.0055973573132684,0.0052958883550833,0.0178186365633554,0.0,-0.0152944408828649,-0.0129909524939991,0.0,-0.0064816323574674,0.0025462449540878,0.0014089468122577,-0.0023080660835762,-0.0113742041633879,0.0,0.0016794747824315,0.0108146413606111,0.0,-0.0260689439537248,-0.0042393877663381,-0.0109990604447227,0.0,-0.048187408965852,-0.0029497186422218,0.0,-0.0052451900250954,0.00239663235385,-0.0180034262575923,0.0,-0.0417992611287904,0.0,-0.0063761667028434,-0.0387554585152839,0.0,-0.0247903055623647,-0.0110028954988155,0.0
2015-06-16,0.0173690496502303,0.0,0.0261264375039276,-0.0015731171753807,-0.0041648292420011,-0.0034225264467954,0.0333964817320702,0.0157125495209684,0.0253608058421517,0.0149184025941981,0.0038406021239303,0.0,-0.0173136504465099,0.0,-0.0070470238615504,-0.0129592813489434,0.0031673832222152,0.0041771213503649,0.0293967541084003,-0.0248275862068966,-0.0133449910266438,-0.0365418644496249,0.0039136216832371,0.0,0.0073105796089385,0.0022925920619001,0.0063427127558999,0.0,-0.0057725306277893,0.0,0.0,0.0132781161788737,-0.0155580181388702,0.020656858374201,-0.030806072865081,-0.0188298587760592,0.0064196879684637,0.0,0.0,0.0,0.0335252285811038,0.0189288531079332,0.0353639589082392,-0.0341422903017442,-0.0131613943871029,-0.0130436803899821,0.0,0.0026041666666667,-0.0197362267327657,0.0,0.0026059225512529,0.0156988371887223,0.0337922717451384,0.027699987824181,-0.0305354558610707,0.0,0.0,0.0026823543755905,0.0,0.0,-0.0082107707619153,0.0296654717722015,0.0,-0.004845908607864,0.0082836466250968,0.0,0.0052728471101615,-0.0122148386654792,0.0004757826624797,0.0,-0.0107648995562341,0.0043921878277175,-0.0149913983779798,-0.0290021165660006,0.0,-0.0056502114730987,0.0183469959899216,0.0
2015-06-17,-0.0026665325015092,0.0,-0.0359029319451887,-0.0031074249950762,0.0046004723479629,0.0,-0.028423772609819,0.0011032982401617,-0.0208496816425456,0.0002951978259548,0.0057517011169598,0.0,-0.0132294757665676,0.0,-0.0404586116215355,0.003095859753823,-0.0007867576268905,-0.0072689069665091,0.0107089737233516,0.001993056448502,-0.0202415932092719,-0.0224185178706781,-0.0083518368994751,0.0,-0.0020797677592668,-0.0263045032165832,-0.0213848939295595,0.0,-0.0029008711221292,0.0,0.0,0.0171728094129721,0.0237132489076501,0.0079899534071052,-0.0268915223336371,-0.0342357779300892,0.0132057125912847,0.0,0.0,0.0120092487731218,-0.0156769835668917,-0.0102087014940632,-0.0176603655258914,0.0,-0.0218659525817471,0.0010833944565196,0.0,0.0128942486085343,-0.026840239912759,0.0,-0.0025991493692973,-0.0225569805534258,-0.012929253651542,-0.0119661157514365,0.0236602477981786,0.0,0.0094604206889545,-0.0010791913664689,0.0,-0.0119186163168665,-0.0045993031358884,-0.0180098168263848,0.0,-0.0121310495066421,0.0193653229810859,0.0,-0.0081164793922814,0.0002427403302656,-0.0004755564009891,0.0,-0.0051709001804027,0.0014576602914502,-0.0326014637391883,-0.0141739148927121,0.0,0.0198936076672822,0.003815862838026,0.0
2015-06-18,0.005885419294086,0.0,-0.003890741622995,0.0187246185929095,0.0101750948940859,0.0060099906337809,0.0323641460609547,0.0220726908659107,0.0375251080406597,0.0251798873371464,0.0180882841022236,0.0,0.0446685878962536,0.0,0.0236680962319106,0.0346372662031011,-0.0166074407136121,0.0146585627457991,0.013734916118905,0.0317399208640787,0.013804922168801,0.0158649688366683,0.019668710719829,0.0,0.0072509389314634,0.0111584202026133,0.0269836283031381,0.0,0.0133034057063927,0.0,0.0,0.0031531531531532,-0.006438451299265,-0.0084502464655218,0.0138296561074817,0.0169972676626095,0.0301099858434061,0.0,0.0,0.0029608560837433,0.0307010805551286,0.0165702650061971,0.024749484148246,0.0294258144645074,-0.009270781483325,0.0179003549150356,0.0,-0.017858778276399,0.0179294308806432,0.0,0.0104236902050114,0.0433829231550892,0.0213714145020313,0.0189459799748186,-0.003864382063434,0.0,0.002214594175617,0.0058734916842921,0.0,-0.0120623832345057,0.0027723326799216,0.0054995302223614,0.0,0.0006485925541575,-0.0040297582145071,0.0,0.0189984500364697,0.014547017792015,0.0154312176864275,0.0,0.0287235383675488,0.0049512844310519,0.0449335167354425,0.0477602925156126,0.0,-0.004181304825743,0.008140806443214,0.0
2015-06-19,0.0053243952590313,0.0,0.0043363889996013,-0.0107093604550938,-0.0104604792669179,-0.0128016137791915,-0.0068756636320911,-0.0172752883644289,-0.0194772813939162,-0.0111081007856949,0.0159112281361668,0.0,-0.0068365817091454,0.0,-0.1040439117284641,-0.0267749645096947,-0.0208912768647283,0.0036081747709655,-0.0109358366398917,-0.023839631833164,-0.0278912522890548,-0.0069279318949068,0.0099066726555874,0.0,0.0288165183093733,0.0023232176564542,-0.0087525492861999,0.0,0.0008221442202833,0.0,0.0,0.0128423888639426,0.0116497502584789,-0.0506054811982155,0.0037202742790449,-0.0181088625261689,0.0,0.0,0.0,0.0049279404927942,-0.0165453506570938,-0.0049205312431961,-0.011213705640227,0.0114153132250582,0.0319214792618045,-0.0123752732267501,0.0,0.0181835136143231,0.0094810859902849,0.0,-0.010316157772287,-0.0233481982674662,-0.0195742834414097,-0.0200941453368637,-0.0038793734445908,0.0,0.0046805476039817,-0.0037062249451629,0.0,0.0,-0.006450892233796,-0.0072884481212001,0.0,-0.0153400743237402,-0.0063580987950735,0.0,-0.000257239042176,0.0234144341170039,0.008074718478142,0.0,0.0103692391806415,-0.0101426397715158,0.0,-0.0039221338054992,0.0,0.0274116399368005,0.0080922865013775,0.0
2015-06-22,0.0036998545001039,0.0,0.0216518246900645,0.0092788220687853,-0.0063389597981332,0.0008645080163471,0.0190345988011357,0.014287259689683,0.0106401013153039,0.0106421232876712,0.0174886453396525,0.0,-0.012076565424793,0.0,0.0040384086419444,0.0397533189312948,0.0221655530090276,0.005659635423981,0.020743639921722,0.0173288878506656,0.0293677244843741,-0.0070058234059534,-0.00872229497665,0.0,-0.0179955587212468,-0.0023178328263074,-0.0025375053579081,0.0,-0.0159909766115473,0.0,0.0,0.0078914701188155,0.0012811101034964,0.0039128433328219,-0.0123549504590712,0.0,0.0100362069876844,0.0,0.0,0.0208179126572909,0.0056079015838532,-0.0030923624482175,0.0029027249611845,0.0,-0.0111981498708907,0.0076559438876147,0.0,0.0153860243612051,0.01342693565976,0.0,0.0052118451025056,0.008598595183737,0.0027538049224262,0.0022818026240729,0.0,0.0,0.0076679296589918,0.0356969328879441,0.0,-0.0182939362795478,-0.007729495755804,0.0110192145985767,0.0,0.0180365998156841,0.0180329335958475,0.0,-0.0077750928536268,-0.0186782952466175,0.0051902578086266,0.0,0.0042170866648629,-0.0071680757580118,-0.015055945590171,-0.031004547333609,0.0,-0.0299455439808719,0.0106917164816395,0.0
2015-06-23,0.0005301524188205,0.0,-0.0207579124003666,-0.0245376265187647,0.0212769891704316,-0.0112288967412642,-0.0059511523907809,-0.0024530529844207,0.0116529186565101,0.0093609955694111,0.0135733433607065,0.0,-0.0017113868345456,0.0,0.0321275138534338,-0.0367594828810909,-0.0080318325841868,-0.0066472091496878,0.0034509202453987,0.0185993111366244,-0.0292337290601097,-0.0017563705644201,-0.0093598883294281,0.0,0.0203519999999999,0.0156817191810658,-0.0139230280007563,0.0,-0.0062589753793449,0.0,0.0,-0.0044866719451042,-0.002558941920644,-0.0067061520825372,-0.0125095047707817,-0.0184783767456734,0.0082029946817905,0.0,0.0,0.0076815009516904,0.0,0.0145733348940653,0.0098608929773389,-0.0055973573132684,0.0215772304824539,-0.0075977757428566,0.0,-0.0377920086587896,-0.0284753514022462,0.0,-0.007777233915266,0.0187070700062443,-0.0137557315548144,-0.0174340233052751,0.0095525020207214,0.0,0.0195745778518563,0.0063919309202327,0.0,0.0217336683417086,-0.0024927060023227,0.0127239097781695,0.0,-0.0201741529442192,0.0,0.0,0.0130562727610969,0.0216537710362096,-0.0089088919372986,0.0,0.0332884284851582,-0.0044213167078577,-0.0109146596129751,0.0061006825938565,0.0,0.0120634989576093,0.0005407597674731,0.0
2015-06-24,-0.0015813352761955,0.0,-0.0086632288774296,-0.014159292035398,-0.0020881992600771,-0.0034942820838629,0.0196560196560195,0.0134791474152875,0.0055886627198158,-0.0034746701581226,0.0071445667783627,0.0,-0.0034898671401457,0.0,0.0217892260360739,-0.0809151579956491,0.0364305876859731,-0.0180085192526675,0.0085976308750479,-0.0049389294204442,-0.0132927300850733,-0.0141055080070378,0.0,0.0,0.0020071504735621,0.0174410293066475,0.0012899402095281,0.0,-0.0151213758101514,0.0,0.0,-0.0086956521739132,-0.006399354299386,-0.0067514281867318,-0.043021436200601,-0.0318236124687738,-0.0107055961070559,0.0,0.0,-0.0466821074408041,-0.0022356753497952,0.0042832419959619,0.0034437174374299,0.0340500138414689,-0.0073933812454274,0.0047740995072114,0.0,-0.0314023247094111,0.0061333554854072,0.0,0.0039099612658042,-0.0181592188045394,0.0188205459698673,0.0177433614828814,-0.0348642550403958,0.0,0.0106649021573073,-0.0053753259428671,0.0,0.0061068076560515,-0.0124520800795115,0.0089603098722754,0.0,-0.0093708754949406,-0.011428069095864,0.0,-0.0335110349356155,0.0174647474538902,-0.0028459899534999,0.0,-0.0106547501303746,-0.0081417445288557,-0.0286856402893899,-0.000508841114362,0.0,0.0069308099177101,-0.0032428050263477,0.0
2015-06-25,-0.0005307107377708,0.0,0.0104835224635477,-0.0398563734290843,-0.0154463038337557,0.0026299011794708,-0.0125742406244696,-0.0043102149079181,-0.0062462415860022,0.0253002509811848,-0.0070938840500492,0.0,-0.0262963873187515,0.0,0.0015231842816827,-0.0415421338735882,0.0101569619216317,-0.0204432228139495,-0.044800151543853,-0.0133868808567604,-0.028364277666193,-0.0357834240774349,-0.0194376297414606,0.0,-0.0139593114241002,0.0345651257552339,0.0025591476471509,0.0,-0.0021302266791004,0.0,0.0036828581916064,-0.0150121238054484,-0.0386869360874988,-0.0249235059452341,-0.0039712409479065,-0.0134619699349338,-0.0095294310542712,0.0,0.0,-0.0202618233282225,-0.0167673716012084,-0.0082140241538262,-0.0171594947359097,-0.0165090130287345,0.0015954771690684,0.0234908931197637,0.0,-0.0324204006580858,0.0060959667542761,0.0,0.0221490190368724,0.00436147336293,-0.0437785207057274,-0.045472246352934,-0.0321266968325791,0.0,0.0277095789645975,-0.0069568528662232,0.0,-0.0332409972299168,-0.0063404885483013,-0.0142261854142115,0.0,-0.0081716036772216,-0.0023120359254812,0.0,0.0,-0.0052633990821783,0.0014348544870395,0.0,-0.0051257350067707,-0.0029849369683605,-0.0363725944817993,-0.024245895379916,0.0,0.020105910306543,0.0106242374949165,0.0
2015-06-26,0.0126691501630313,0.0,-0.0712769664523076,-0.0099803664921468,-0.0033908091871271,0.0201096892138941,0.0390279949818694,0.0180495852757764,0.0164164828515098,-0.0079432880448175,0.0249999999999999,0.0,0.0251766784452296,0.0,0.0448597029002595,0.0268720438658909,-0.0595485460018853,0.0369168712732375,0.0331184928111056,0.0069721323452667,0.024100030251084,0.0315274335727953,0.0339876828329483,0.0,0.0090993736245132,0.0499796278690751,-0.0012676251996943,0.0,0.0235046615142726,0.0,0.0,0.0083444955290881,-0.0060358226071736,0.0517169470318363,0.0225673633189138,0.0151618527784096,-0.0030591569440214,0.0,0.0,0.0178640215716487,0.0216111025759204,0.0128864113516251,0.008729541896169,0.0558932946193628,0.006371742706259,0.0064824025851586,0.0,0.0,0.0370380501682305,0.0,0.0191051047842887,0.0006215952551562,0.0479265024881969,0.0484230346775458,0.0,0.0,0.005902136948314,0.028789286609737,0.0,0.0249873588403841,-0.0079725662692441,0.0228611569840526,0.0,0.0400304482156452,0.013904362939525,0.0,0.0240096729617689,0.0158803282680373,0.0203706587758916,0.0,0.0296339602992627,-0.0061391226100522,0.0259255917471201,0.0155329463683993,0.0,0.0137664508042616,0.012105360226682,0.0
2015-06-29,-0.0093809398964409,0.0,-0.0232629532353242,0.0016762282503484,-0.0085120284021918,-0.0128564749883124,-0.0285808799206087,-0.0163097211587781,-0.0219992318033415,-0.0062846213080953,-0.0156802764772501,0.0,-0.028066720009848,0.0,-0.0211001410437237,-0.0033831981412791,-0.0419361096740816,-0.0278646934460886,0.0069104520587386,-0.0296026037023985,-0.0192497046081134,-0.0431543093485796,-0.0109568303366464,0.0,-0.0110095206140167,-0.0297503557107747,-0.0281839520125184,0.0,-0.0267252868987244,0.0,0.0,-0.0022797853052579,-0.011476977729198,0.0082900575960722,0.0064984709480122,-0.0059741617504294,-0.0021984590860786,0.0,0.0,-0.0125360707696674,-0.012256253446288,-0.0139375312701022,-0.0126962503070772,-0.0158975681017443,-0.0031657003251723,-0.0093153658315998,0.0,-0.0224044808961791,-0.0168816438500699,0.0,-0.0375113564889231,-0.0115786476622693,-0.0409614494800671,-0.034812021072797,-0.0249337696743026,-0.0340557275541796,0.0132717400415383,-0.0416027524908609,0.0,-0.0152517985611511,-0.0028879392074211,-0.0252900707254478,0.0,-0.023205751926637,-0.0285701727396597,0.0,-0.0096373348327241,-0.0380534069265751,-0.0204371317805793,0.0,-0.0262791337290286,-0.0079836181402019,-0.0068892732549616,-0.0214070878867994,0.0,-0.0077170351748439,-0.0119605731798227,0.0
2015-06-30,0.0052600673222451,0.0,0.0357255107386065,-0.0150608088997832,0.0304737038418501,0.0173652221959113,0.020176394469795,0.0086528070612952,0.0017575037555597,-0.0187064626870646,0.0159300642896116,0.0,-0.0505351149388891,0.0,0.0126332776208863,0.004233128834356,0.0205977973518725,0.0217621388079392,0.0149652082737585,-0.0031830125397875,-0.0036142763917473,-0.028191844388647,0.0415527061952676,0.0,0.00201437628549,0.0326623116917743,0.0210934984077002,0.0,0.0150144943000942,0.0,0.0,0.0051457358762143,-0.0115948706135299,0.0032775218189309,-0.0335485504494239,-0.0435354218315678,-0.0052719514873958,0.0,0.0,-0.0065871418990131,0.0034002385241949,0.0205856770078283,0.000294061096848,0.005413901501921,0.010588722622068,-0.0072054565846787,0.0,0.0085942295887047,-0.0151994848541761,0.0,0.014285973606346,0.003343197074048,-0.0014220055356644,-0.0031322685687703,-0.012785680038357,-0.0352564102564101,0.0428232655612337,0.0547320239929396,0.0,-0.0030892544042748,-0.0103272237906469,0.0205073054958093,0.0,0.03186706629055,0.0176462603502103,0.0,-0.0139437707226236,-0.001178546414525,-0.0246342261487402,0.0,0.0025694526701351,-0.0024267289910948,-0.0462864564883693,-0.0473930020672229,0.0,-0.0069775410397782,0.0026323290243617,0.0
2015-07-01,0.0,0.0,-0.0344932227392271,0.0033980234032882,0.000416259456329,-0.0136550546978042,-0.0127676619323398,-0.0064358067609686,-0.0045575724310973,0.0043985157132304,-0.0156802764772501,0.0,-0.0180751017141332,0.0,-0.0469886512390298,-0.0269818966746085,0.004199550284379,-0.0285779152595282,-0.0333395942900074,-0.0127084136985126,-0.0051387979243288,-0.0116104133961276,-0.0079862198559348,0.0,0.0040418147960046,0.0040020655822359,-0.0064654039563366,0.0,-0.0033816192349306,0.0,0.0,0.0258654637883506,0.0289931634555624,0.0071123224252831,-0.0413937647367043,-0.0565133723441856,-0.0070732147995477,0.0,0.0,0.0219660984254816,-0.0022507144121589,-0.0070738636363636,0.0056985855296631,0.0374326906374846,-0.025148371119935,0.0232773512160839,0.0,-0.0311422195171434,0.0147529594463893,0.0,-0.0179146681938578,0.0342775612472161,-0.0363382072472981,-0.0417185166749627,-0.0301926501537964,-0.0317568888020325,-0.0103917852893216,0.0174580213297026,0.0,0.0186348408710219,0.0282454143695405,-0.0147655559189406,0.0,-0.0157618213660245,0.0236983682361833,0.0,0.0133348687240903,0.0120218726611962,0.0257516214575546,0.0,0.0,-0.0083709913938683,-0.0072737402500928,-0.0098399430500379,0.0,-0.0094628647908237,0.0183779264214045,0.0
2015-07-02,-0.0010448633039071,0.0,0.0476165531691985,0.0033865159428585,0.0095760141348721,-0.0008652560371273,-0.0029246686502568,0.0006183405850106,0.0183039098884436,0.0008707782051824,-0.0353948710649302,0.0,-0.0067246298057329,0.0,-0.0100091969948519,0.019944749068687,-0.0075297733384556,0.0021472392638035,0.020985135529,-0.0294124031344288,0.0073428875272194,-0.0313027365077263,-0.0080383704693097,0.0,-0.002002234071701,-0.0137585187090136,-0.0012873871331827,0.0,-0.0097529458819185,0.0,0.0,0.0,-0.0194636547579502,0.0086746987951806,-0.0389997267012843,-0.0333000333000332,-0.0200229141393717,0.0,0.0,-0.0137551906379765,0.0168550717291022,0.0039483848816916,0.0133675109896904,0.0463792381749688,0.0123598458304134,0.0183317821496198,0.0,-0.03214323107528,0.0092627396230466,0.0,0.0169476082004556,-0.0213905992395949,0.0088663711209626,0.0098691685874752,0.0578415825056339,0.0907256029871832,0.0249029178096831,0.0237932620604099,0.0,0.0427132579650564,-0.0171774379024839,0.0,0.0,0.0203107369151984,-0.0231497567755386,0.0,-0.0147276074456237,-0.010013591301567,-0.0056844728235477,0.0,0.0069251951687221,0.0112009312552543,0.0048639042185014,-0.0022148265825573,0.0,0.0245534771777224,0.010312156193041,0.0
2015-07-03,0.005238016801186,0.0,-0.0363518175908794,-0.0067501723195398,-0.0061880670652674,-0.0086600535348763,-0.0096305464656911,0.0028787821696372,-0.0121250797702617,-0.0069939520897388,0.0091734094095079,0.0,-0.0224304178349175,0.0,-0.0326959039633227,-0.0136041859033548,0.0,0.0154794700249245,-0.0025692263773907,-0.0128595070895022,0.0189523426503115,-0.0363791631084543,0.035131529017174,0.0,-0.0110871768879878,-0.0320730117340287,-0.013014073563949,0.0,-0.0042831399632492,0.0,-0.0109891411180975,0.0091430964387291,-0.0102560943683877,-0.0010842000808555,-0.0347808776270511,-0.0430158456768858,-0.0099925039027846,0.0,0.0,-0.0063395612545155,-0.0165756873301926,-0.0003134885576676,-0.0100403834206088,-0.019681574525962,0.0127367592216041,0.0021241593182519,0.0,-0.0151449588922544,0.0006517517490889,0.0,-0.0051249888002866,-0.003120138214387,-0.0505858966310943,-0.0463561256308869,-0.0462363894587344,-0.0393227239082161,-0.0211954254727475,0.0275425459496256,0.0,-0.0234190190821637,-0.0181358138446462,-0.0018072733531684,0.0,-0.0223309230114844,0.0052020808323329,0.0,0.0069433231067335,0.0070595519304408,0.0033362048711724,0.0,-0.0066248476916828,-0.0012108653850253,-0.0194545285302056,-0.0215814796736627,0.0,0.0,0.0112308417442748,0.0
2015-07-06,0.0010486989578555,0.0,-0.0047218762972188,0.0203881404197276,0.0,0.0043678526048283,0.0076184280358151,-0.0193647286909082,-0.0182346723044396,-0.0055886355903368,-0.0290856363016035,0.0,-0.0090241343126966,0.0,0.032192079825382,-0.0068855050757198,-0.017728574746458,-0.0194491093599735,-0.0171722953634803,-0.033213258116405,-0.0299965464502441,0.0209854661467563,-0.0234972742215863,0.0,-0.0081576868046212,-0.0227640086206895,-0.0118438472823558,0.0,0.0064545750366633,0.0,0.0370334893856485,0.00110659635169,-0.0152168162935072,-0.0139995216983388,0.0225397760754271,0.007199100112486,-0.0169704631970879,0.0,0.0,0.0025520030816641,-0.0089978202463628,-0.0199412737328239,-0.01709047304188,-0.0603117603852118,-0.0078603590133541,-0.0105102271869574,0.0,-0.0215289982425307,-0.0098230782523162,0.0,-0.002575694807183,-0.0210815844384278,-0.007713923632156,-0.021304567672341,0.0043845135671738,-0.0191659443320812,0.021894116289187,-0.0081618592079286,0.0,-0.005974969721437,-0.0013108307389808,-0.0024017440356688,0.0,0.0179247335218619,0.0034501061571126,0.0,-0.0047764134518463,-0.0257013405327382,0.0185144712604201,0.0,-0.0092221586211282,0.0030393709526634,0.0372128346307194,-0.001698559194194,0.0,-0.0010612211255126,-0.0025233855154456,0.0
2015-07-07,0.0026026320958554,0.0,-0.0232174200163355,-0.0183157055416148,-0.0029029408052505,0.0156558867715663,-0.0180440396900911,0.001455938697318,-0.0046458302178356,-0.0014713052701813,0.0299569533514889,0.0,0.0060708739234787,0.0,0.0007733578229975,-0.0329695649441779,-0.0249166816789768,0.0342975085633983,-0.0057270432925645,-0.0082487755723759,0.003662072122476,0.0061454065689883,-0.0106931796163534,0.0,-0.0061578210786952,-0.0317022742935906,-0.0293489281575897,0.0,0.0004251832495516,0.0,-0.0242807001339304,0.0030225047064715,-0.0007109790972145,0.0032837046158438,0.0308312923209912,-0.0196560196560197,0.0032647177291131,0.0,0.0,-0.0063637673502714,-0.0056778945753087,0.0055412539814128,0.0038309807766856,0.0267500434253951,-0.006338107007225,-0.019781714627154,0.0,-0.0344634036820835,0.0039735810556837,0.0,0.0012821438890493,0.0087375476733637,0.0241268254761508,0.0261426652429992,-0.0131784861214068,-0.0049096622152394,0.0083319577059748,0.0387806083599395,0.0,-0.0452034765656729,-0.0023118800805429,0.00301249444417,0.0,0.0218404068897721,-0.0114608128361104,0.0,-0.0103928090508362,-0.0143899695464896,0.0018545766660535,0.0,-0.0072446490471911,-0.0028812066169867,-0.0023796448837635,0.0158722604288128,0.0,-0.0063947191996286,0.0116337152156749,0.0
2015-07-08,-0.0057141924213482,0.0,-0.0150515060401729,-0.01359292881032,-0.0328752260397831,-0.0077072790969249,-0.0110911167249194,-0.0142398041166119,-0.0179388815993749,-0.0183498813511406,-0.0227250572695811,0.0,-0.0300308728599494,0.0,0.0233639217580294,-0.0170251478328675,0.0035333648949804,-0.0093267475267843,0.0,-0.0056945724344887,0.0528049460294937,-0.0510369577970254,-0.0118859633016291,0.0,-0.0144933815723909,0.0130960854092525,0.0274757046128593,0.0,0.02477410671991,0.0,0.0,0.0002582911457795,0.0084429547179356,-0.0092423847956261,-0.0228092243186583,-0.0309865573023467,-0.012558549040324,0.0,0.0,0.0130748966817313,0.0,-0.0116578437328243,-0.0114604393357714,0.0051598714261547,0.0026606116806919,-0.0144158749716286,0.0,-0.025927217765376,0.0006551853238487,0.0,0.0193518134434687,-0.0147915302335736,-0.0136904600536774,-0.0195354457572503,0.0222852850346382,-0.0148016577856721,-0.0271502179944511,-0.0479681069958848,0.0,0.0221191883959332,-0.0072806099566452,-0.0162112259970458,0.0,0.0148067592437677,-0.0144921073753677,0.0,-0.0115835504279866,-0.0073000320115798,-0.005109768224585,0.0,-0.0302338900384273,-0.0092661357098347,-0.0335779816513761,-0.0429491684235183,0.0,-0.0217366481548763,-0.0110061640890049,0.0
2015-07-10,0.0188092149554195,0.0,0.0162569317750762,0.0206582548255067,0.0012901536965708,0.0172603169621843,0.0258954035658669,0.0248236033812263,0.0398274314621409,0.0099485989056542,0.0,0.0,0.0010850694444444,0.0,0.0121762727862662,0.0209779423106586,0.022828475762004,0.0094145547015629,0.017572976666992,0.0326283269961975,-0.002791817087846,-0.0236363636363635,0.017504521691732,0.0,0.0,0.0064633974989463,-0.0280662261273691,0.0,-0.0145889224415385,0.0,0.0395342507898566,0.0076606586444936,0.0139381016587754,0.0,-0.0174776166366313,-0.0545027039736656,-0.0037662634101802,0.0,0.0,-0.002791163700558,0.0251048177585719,0.0229760580694258,0.0303103420541632,0.0103509214844736,0.0302176430929868,0.0254438025555656,0.0,0.0100262592504176,0.0217138581183105,0.0,-0.0025300778485493,0.0278912710159442,0.0223462151613436,0.0207805546045876,0.0347811887655127,0.044971955128205,-0.0097159609235919,-0.0151965419424557,0.0,0.0215989013275625,-0.0063400749966114,0.0286901142349511,0.0,-0.0175171049377627,0.0676439980091396,0.0,0.0103544029745377,0.010536351464083,-0.0088880687672033,0.0,0.008868102454683,0.0240777518815455,0.0173723182077083,-0.0029126332407327,0.0,-0.0134442546237836,-0.0030277652515621,0.0
2015-07-13,0.0035860201622974,0.0,0.0135795666625193,0.0016847000759299,0.004724468263898,0.0050902360018509,0.0059011137072979,0.0112098282926977,0.0182731258521084,0.011639260686604,-0.004650698851664,0.0,0.0607702868704387,0.0,-0.0300744868103557,-0.0062590378348045,0.0163004961020551,0.0077699307924197,0.0086347500719561,0.0068119577474512,-0.0356229183762126,0.0704655493482309,0.0220368904851768,0.0,-0.0052319191030997,-0.0385313416166411,-0.0096380141208113,0.0,0.0025383603682596,0.0,-0.0366192373363688,-0.0054156558581337,-0.008937545422214,-0.0065882087955402,0.0430301618725981,0.0397891176763154,-0.0170265780730897,0.0,0.0,-0.0060764096552714,0.0011291496248713,0.0081828846098823,0.0092226026251518,0.0051640846243545,0.0185334340129206,0.0002566586888592,0.0,-0.0264712833845426,-0.0148178180010987,0.0,0.0050729907586426,-0.0079325389297969,0.0,0.0025488815105476,0.0462363894587343,0.0047924853829197,-0.001225292907611,0.0098895823331732,0.0,0.030185758513932,-0.010396774877997,0.0130509876423081,0.0,0.0291563535679824,-0.0407696219698254,0.0,0.0121349047375041,-0.0014498584827127,-0.0004654554481559,0.0,0.0042581717242291,0.0058389984519082,0.0561102298528817,0.0812396440625957,0.0,0.0147353023425904,-0.0010177048332903,0.0
2015-07-14,0.0020475678106282,0.0,0.0019114423498465,0.0387303091318251,-0.0085495502193146,0.0109729895641497,0.0012546838705302,0.0125087074086003,0.0065500500886181,-0.0044244764084867,0.0,0.0,-0.039850136239782,0.0,0.0116336365930751,0.0054079881849575,0.0101392486329725,-0.0030755835182427,0.0184533434795015,0.0114516903243502,0.0152159767756145,-0.0185094982951777,0.0441836917029005,0.0,-0.0084416158401837,-0.0088572673152316,0.0486213269963411,0.0,0.0244753562854482,0.0,0.0,0.0068193139460981,0.0055544287207651,-0.0049880965876883,-0.07254507899291,-0.1051851143212473,0.0115452413210377,0.0,0.0,0.0354538233807493,0.0,-0.0920765104861366,-0.0902782381931093,0.0357142857142855,0.0040445143699701,-0.0146899396365363,0.0,-0.0101966496722505,0.0176558828605184,0.0,0.0025413409102941,-0.0111508978080621,0.0180938298158355,0.0152209547385675,-0.0040723981900453,-0.014308881045502,-0.0014685734241938,0.001195229945943,0.0,-0.0029261734350903,0.0179643469737809,0.0193422900983322,0.0,0.0300831566932986,-0.0005743571617918,0.0,0.0125186975031641,0.0203969626866191,0.0056656784067801,0.0,0.0148545104122597,0.0089376829778335,-0.0138713002503314,-0.0367561922491883,0.0,-0.0082146188416858,0.0035575103895473,0.0
2015-07-15,0.004078754417315,0.0,-0.006686036335632,-0.0356670467502849,-0.0077671965606878,-0.007514231499051,0.0,0.005296759064042,-0.0071964477109172,0.002959899792378,0.0280345734686207,0.0,-0.0161759489180559,0.0,0.0099554499554499,-0.0071718655491229,0.0016656073988035,0.021651851747503,-0.0063509853366955,-0.030598870056497,0.0221367647783856,-0.0209500177242114,-0.0025098683459967,0.0,0.0063739692444839,0.0089364195722239,-0.025161870503597,0.0,-0.0086521880175519,0.0,0.0,0.0092128160507729,0.0068891681794909,0.0111085792411984,0.0107141782285489,-0.0235206072593147,0.0228269401098861,0.0,0.0,0.0098558809855882,-0.0066920647651511,-0.0188950535281707,-0.0172845204547661,-0.0098407872629809,0.0050291246205593,0.0070182748585603,0.0,-0.0581309786607799,0.0032090165538294,0.0,0.0113190275846286,0.0038321248077344,-0.0244269567972957,-0.0166732568867801,0.0202180826896865,-0.0120003871092617,0.0088513034822299,0.0262501017445804,0.0,-0.0293872694824509,-0.0003309813597315,0.0005653710247348,0.0,0.0134546893549662,0.0275849874010873,0.0,-0.0078865428759744,-0.0273694673847181,-0.0070537753905044,0.0,-0.0250868497846125,0.0095922267313885,0.0070182773862144,-0.0398439709625717,0.0,0.0030351932798258,-0.0035448993731973,0.0
2015-07-16,0.0,0.0,-0.0052861573160417,-0.0117532989641963,0.0,0.0075711226674821,-0.0325978358423789,-0.0119432200334086,-0.0020724090067858,-0.0044310240113598,0.0272700687234976,0.0,0.0072113651114156,0.0,0.0015174149835908,-0.0153176675369887,-0.0233672464719395,-0.0080800838343167,0.0106212989942662,-0.016015479298769,0.0265290372371214,-0.0192621021760381,0.0075714253036576,0.0,-0.0042297812029409,0.0023232176564542,-0.0068079924724634,0.0,-0.0012443541199316,0.0,0.0,0.0042938769990195,0.0164424514200298,0.0065919206715872,-0.0090819759997617,0.0284666338205508,0.0032525820009714,0.0,0.0,-0.0080563484025412,0.0,0.0030425640372118,0.0028799208948766,0.0198771816418874,0.0150200403255431,-0.0011378550139968,0.0,-0.0436197916666666,0.0076848059293934,0.0,0.013698868581375,-0.0036073583104955,0.0068213193297783,0.0101869847865425,-0.0118756030579677,0.0096973258889214,-0.0304544161570188,-0.0051157318669116,0.0,0.0060472337991337,0.0123256128944873,-0.0126312567688469,0.0,0.0509957048028115,-0.0016777801677779,0.0,0.0103431686978834,0.0247166786831771,-0.0018808972346145,0.0,-0.0010737668310575,-0.0061424506571519,-0.0348764791363919,0.030978827861307,0.0,0.0157054116543955,0.001520027166443,0.0
2015-07-17,0.0015243172495251,0.0,-0.0386523063841848,-0.0119170116537843,-0.0126079262417422,-0.0133586337760909,-0.0237536759557485,-0.0081701050122886,-0.0062301384153232,-0.0160244017699875,-0.0265461532986976,0.0,-0.0040810481850075,0.0,-0.0204481924314675,-0.0439057804490011,-0.0359007101731748,-0.0106758597681336,-0.0200892857142855,-0.0219621407756641,-0.0605206277605487,-0.0174991693432272,-0.0100231565564838,0.0,-0.0010452574224397,-0.0111545704766043,-0.0205082478823005,0.0,0.0083204000689773,0.0,0.0535722532674456,-0.0107056288715324,-0.0121285627653122,-0.0032650472032538,-0.0444137267864654,-0.0638207270985256,-0.0106594247138656,0.0,0.0,0.0081217802942406,-0.0145593096313491,-0.0165007067193927,-0.0060514185708298,0.0634606243067659,-0.0078894670387557,-0.0092426586235688,0.0,-0.0304969366916271,-0.0152524001238772,0.0,-0.0208801964386902,0.0027680383834656,-0.0489850786396021,-0.0436210442513103,-0.0440171261173288,0.0218277066356227,-0.0155771522875217,-0.0217373973585608,0.0,-0.0180732678092763,-0.0128296613445129,-0.0058181818181818,0.0,-0.0232203893594887,0.0106437990174954,0.0,-0.0385910415273165,-0.0434660837488898,0.0004672169444011,0.0,-0.0115387542330961,-0.0105885026130424,-0.0361368036136804,-0.0107739377849737,0.0,-0.0238652218154353,-0.0060870267215629,0.0
2015-07-20,-0.0020319858478162,0.0,-0.0100423806891468,-0.0240972609043133,-0.0070477781958963,-0.0270790060773906,-0.0252281651754495,-0.0071711232757389,-0.0180980521752652,-0.0111508906741181,0.0227250572695814,0.0,-0.0071890726096334,0.0,-0.0518219206004724,-0.0038364649055907,-0.0292555972533664,0.0092595194604467,0.0042710706150341,-0.0202267332009108,-0.0499649894968491,-0.0377634990418217,0.0025340258906356,0.0,-0.0170087715392491,-0.0134778786990916,0.0111705355788194,0.0,-0.0074265680448073,0.0,-0.0033862271511856,0.0010889539236371,-0.0184162062615101,0.0131404076895718,-0.0208490566037735,-0.0840914259722537,-0.005149520512966,0.0,0.0,-0.0014731608507504,0.0022788958877451,-0.0017116651595401,-0.006088261187645,-0.0184012515831035,-0.0188956080478591,-0.010648514107648,0.0,-0.0549080185367222,-0.0083864035432554,0.0,-0.0150470879149786,-0.0108225108225108,-0.0602154185395641,-0.0535187818667406,-0.0209004478667399,-0.0521219025918541,-0.0170995892745713,-0.0059761497297149,0.0,0.0,-0.0103308585455476,-0.0005876215717077,0.0,0.0038035829751625,0.012748902059438,0.0,-0.0267679209461929,0.0119834032008112,0.0127801992528018,0.0,-0.0089595904187237,-0.0019332587309807,-0.0124972104440972,-0.0080270536982214,0.0,-0.0055560331857454,-0.00050359011014,0.0
2015-07-21,-0.0040642616458264,0.0,-0.0441693811074918,0.0088346237839982,-0.0159620251538392,-0.0226140586700402,-0.0013611949083951,-0.0039707150312363,-0.0088693551899585,-0.0012274489372411,-0.0213265342594688,0.0,-0.006154960173787,0.0,0.0057031576018917,-0.046098879428346,-0.029215688621321,-0.0061256595525485,-0.0212645307626877,-0.0247731599376961,0.018267965254014,-0.062363323961262,-0.0025276208340004,0.0,-0.0054128731258776,-0.0068310068310069,-0.01658007764878,0.0,0.0016626965837185,0.0,0.0,-0.0037732000815827,-0.0083489681050656,-0.0091824480369514,0.0098275363715192,-0.0273139238934757,-0.0037644911520198,0.0,0.0,-0.0092899953895805,-0.0011240834887463,-0.0017145999805894,-0.0083961275512749,0.0047055251973284,0.0172269914319471,-0.0075606003578904,0.0,0.1411589895988112,0.0247244760419695,0.0,-0.001281982800064,0.0143693689703132,-0.0008422825858075,-0.0018689533861038,0.0470267233769359,-0.0050080128205127,-0.0059695835504808,0.0430273549585986,0.0,0.0091822806799852,-0.0107734680524065,-0.0175670162470901,0.0,0.0,-0.0257241495453015,0.0,-0.0432069596403862,-0.0214671324229913,-0.0074699128510168,0.0,-0.0016508059817439,0.0077480138393251,-0.0278611783696529,0.0138668154852172,0.0,-0.0125682174312422,0.0102069010353176,0.0
2015-07-22,-0.0050990547506994,0.0,-0.029210157345381,0.0034930630719274,-0.0130681410210381,-0.0115686433136477,-0.0481856695524038,-0.0025362016204354,-0.007870083694545,-0.0183194228320837,-0.0145356268945617,0.0,-0.0166120218579236,0.0,0.0186596252986293,0.0040373577196224,-0.0150536308716557,-0.0076902604042639,0.0012553109308612,-0.0023577132716441,-0.0172164202254161,-0.0270709258256631,-0.0283558643780169,0.0,0.0,-0.0046351674641148,-0.0154482863845287,0.0,-0.013692326878502,0.0,0.0,-0.0100317330330637,-0.0098067038753822,-0.00546356380995,-0.0437617275705244,-0.0739677069372646,0.0056680741429899,0.0,0.0,-0.0295739581636688,-0.0147574106754648,-0.0240618316157883,-0.0156134016078909,-0.0605076295512917,0.0184378959680302,-0.005023353604173,0.0,0.0908854166666666,0.0,0.0,0.0076482858212547,-0.0219910743137615,-0.0396808670781272,-0.0380732092374342,-0.0408523032114661,0.0125830481175761,-0.0073209093942138,0.0082923953625466,0.0,-0.0121316447395386,0.0350566844590749,-0.017868920536434,0.0,0.0209541131446326,-0.0112354695129854,0.0,-0.0099661884078159,0.058501546915904,-0.0094308943089429,0.0,-0.0043867328080925,0.0104906572124825,-0.0260361317747078,-0.0148139284432211,0.0,0.0141399991244584,0.0050518864129998,0.0
2015-07-23,-0.0107741774314424,0.0,-0.0481224424295915,-0.0191694857086826,-0.0579913356923179,-0.0368718284498281,-0.0157526028563687,-0.0450597218310127,-0.0443536209708268,-0.0466532170905683,-0.0322548765271962,0.0,0.0115581240275617,0.0,0.0008023304614017,-0.0351242672351145,-0.0525353928575899,-0.0160220214568039,-0.0099334554923329,-0.0235566171986176,-0.0068388658004103,0.0151534608963657,-0.0151168279443002,0.0,-0.0206535352385289,-0.0292924740874267,-0.0527865486314239,0.0,-0.0029473959582307,0.0,-0.020689808931398,-0.0175266259952435,-0.0332622125979237,-0.004931095903253,0.0220507533175906,0.0192970365265334,-0.0357097109349425,0.0,0.0,0.0060902508032416,-0.0518405067234307,-0.0288721754578208,-0.0416400398762812,0.004985125030152,0.0308248129775254,-0.024775482637101,0.0,0.1833373120076389,-0.0444387130053517,0.0,-0.0278485491861287,-0.0196726288811694,-0.0079004295074772,-0.0183206106870229,-0.0042352565127058,-0.0149120190873844,-0.0131557467566763,-0.0479939715206318,0.0,-0.0277143923992863,-0.0694031625252644,-0.0382286005645994,0.0,-0.015253859857482,-0.0159083956120799,0.0,0.0118444614991046,0.0369204564810083,-0.0323296751399181,0.0,-0.0052364716341505,-0.0130151843817787,0.0347449536279322,0.0017368702327162,0.0,-0.0248208581541915,0.0,0.0
2015-07-24,-0.0129606699468864,0.0,-0.0258782374138623,-0.0657302809157253,0.0082357979877412,-0.020565115785001,-0.0096932756586709,0.0015226403061223,0.0079214595710614,-0.0065279824660847,-0.0476141846868697,0.0,-0.0281256866622719,0.0,-0.0413793954044821,-0.0571650933922474,0.0171352322570417,-0.0199555268632092,-0.0110072082602764,-0.0029147690305789,0.0122358175750834,-0.0074636306135357,-0.0052840316802262,0.0,-0.0099748883928569,-0.0557103064066852,-0.0270972227902982,0.0,0.0042198890147324,0.0,-0.0105634604439386,-0.0016664035503166,-0.0212303384666063,-0.0077253542357551,-0.0315327041978521,-0.0162271805273833,-0.0199846498996338,0.0,0.0,-0.017421353670162,-0.0279534565366187,-0.0101552349039184,-0.0044809559372666,-0.0246419713577085,0.0018955365915931,-0.0114579190608757,0.0,-0.1267903974177929,-0.039204307750442,0.0,-0.0312488625195647,-0.0134541810894516,-0.0176963185337336,-0.012791601866252,-0.0128400609902896,-0.0326975476839237,-0.006130372590423,0.0060048584764036,0.0,0.0126733518241946,0.0035293366124755,0.0025214321734745,0.0,-0.0214073041118608,-0.027135053515122,0.0,-0.0190251055545722,0.0126351892978697,0.0073669585447027,0.0,-0.0260451960755428,0.0002955377955375,-0.0077437637987279,-0.0306032130948773,0.0,-0.0128701695365411,0.0050264931405976,0.0
2015-07-27,-0.0162753270333843,0.0,-0.0289021092482422,0.030415708094805,0.009616991643454,-0.012407270834237,0.0303770325808565,0.0034147622800104,0.0093537059487478,-0.0036135069084546,0.0099989277289298,0.0,-0.003240636069033,0.0,-0.1012428593484637,0.0187458394354944,-0.0089103638182077,-0.008578036712826,-0.0035457500246233,0.0121107718006943,-0.02574568288854,-0.0452035007222364,-0.0132983208460816,0.0,0.00223114680946,-0.0080301540478532,0.0557248859647279,0.0,-0.0134425458535821,0.0,-0.0007132831734197,-0.0217696875988333,-0.0044929828694511,-0.0111085792411986,-0.0393803971640738,-0.0604123711340206,-0.0149176180005421,0.0,0.0,0.0151592325790099,0.0,0.0161145462710283,-0.0020764119601329,-0.0555327700762858,-0.0151587693828381,-0.0150450519189551,0.0,-0.0968002772322975,0.0062224344748154,0.0,0.0120986680193126,-0.0096119221074207,-0.0604149911532893,-0.0527746051750619,-0.021624258190391,-0.0339071465832029,0.0072451707020961,-0.0159942480397211,0.0,-0.0062363054104164,-0.0102165852416493,-0.0056621781973894,0.0,-0.0349701521278643,-0.0077147813384459,0.0,-0.0182085282406154,-0.0074878176969445,0.0131667575456264,0.0,-0.0099625898700224,-0.0118513093449736,-0.0260361317747078,-0.0017885955147527,0.0,-0.0147868297440612,-0.0165012821942245,0.0
2015-07-28,0.0032048861929812,0.0,-0.0218761834747934,0.00371245359433,-0.0185679502831406,-0.0019327915660004,-0.0014259013045071,0.0181818181818183,0.0126114372689716,0.0168160258062053,0.0534543620776601,0.0,0.0624527445939815,0.0,0.1246582205998139,0.0043388483755455,-0.0199992136613239,0.0167582093078195,-0.0209548285064742,-0.0119658560486886,0.0357718337093135,0.0999822016552463,-0.0242571477403129,0.0,0.0011248066738527,-0.0270940029737319,-0.0176011468620579,0.0,0.0208689204041367,0.0,0.0042712410775962,0.010273911091154,0.0,-0.0106764982621887,0.0588338172024203,0.0408894740691976,0.0045407636738905,0.0,0.0,0.0088641467960053,0.0099988733663813,0.0111845795583962,0.0183909897574268,-0.0053847490012158,0.0110010742317674,0.0228665192467498,0.0,0.0250671441360788,-0.0096179348660608,0.0,-0.0106175635290405,0.0094814566202381,0.0537199986304652,0.0483555777306556,0.0088076443705857,0.0350971922246219,-0.0002721696783536,-0.0065485627628041,0.0,0.0220064450474897,-0.0071064520796821,0.0272138845290752,0.0,0.0237857684479387,-0.022128168560519,0.0,-0.0075996219877145,0.0235416407889488,-0.0226197071626435,0.0,0.0023018241447092,-0.0006021990794355,0.0828900709219857,0.0793529470729752,0.0,0.0200040964019936,-0.034074529936677,0.0
2015-07-29,-0.0021325527911352,0.0,-0.0242102626004965,0.0018364285344782,0.018919241824737,-0.0048413362087936,0.0442853559230458,0.0260299800548491,0.0109921572236366,0.0210619186619487,0.008465395177748,0.0,0.0162966125818389,0.0,-0.0377658694296297,-0.0323487312947299,-0.0122497559409978,-0.0244543513933461,0.0081776880363453,-0.0077519379844961,-0.0765919933623728,-0.0023866348448687,0.0215446595017951,0.0,0.0089415289546368,0.0667345899133977,0.0,0.0,-0.0070951423568323,0.0,0.0,0.0166586662399772,0.030054598624047,-0.0005628772733446,0.0084239040665983,-0.005621925509487,0.0015067461132798,0.0,0.0,0.0127886323268207,0.0210267994087955,0.0110440585654489,0.0098862423052081,0.005413901501921,-0.0028773965378171,0.0,0.0,-0.0452900810979413,0.0048486215256242,0.0,0.0174480778972252,0.0185539208895539,0.0747010657655316,0.0752359800111051,0.0,-0.010432968179447,0.0271757625256443,0.0246600055509298,0.0,0.0122806289673484,0.0039349040563516,-0.0080185879708553,0.0,-0.026546602736522,0.0581012420022581,0.0,0.007657818513669,-0.0140645359086379,-0.0142843261101932,0.0,-0.0080277210417745,0.0216037417832464,-0.029629396391574,0.01437178579306,0.0,0.0755466309683177,-0.0326107003336518,0.0
2015-07-30,0.0085316795172645,0.0,-0.0133741013910931,0.0348540004647199,0.0076216883591642,-0.0009729777541903,-0.0173324956576371,-0.0130454921673892,-0.0199247511934621,0.007942125437782,0.0195742873560347,0.0,-0.0499264757369931,0.0,-0.0213371077834805,0.0278629444354796,-0.0392629398464683,0.0299796067223387,0.0347486481073504,0.0009732744107744,0.0,-0.0096099262022545,-0.0270425847224092,0.0,-0.0066583147735708,-0.0495065265838905,0.0328334008917714,0.0,-0.0546193238229607,0.0,0.0,-0.0005595970900951,-0.0153108948586244,0.0039812009632562,-0.0317106728690297,-0.0536395759717315,0.0110404461768749,0.0,0.0,-0.005682216766047,-0.0133285991314561,-0.0207993881554883,-0.0124783000274104,-0.0053847490012158,0.0081826313537898,0.0256050122207305,0.0,-0.003659174072138,0.0200302979296416,0.0,-0.0237502535450203,-0.0105360510662991,-0.0237339380196522,-0.0233115709490613,-0.0175438596491227,-0.0079072219293622,-0.0012968081481199,0.0169156385010225,0.0,-0.0212713635804747,-0.0039194812735893,-0.0242120270889556,0.0,-0.0199022905654333,-0.0161842514783691,0.0,0.0151992439754291,0.0181197444967025,0.0229856729758148,0.0,-0.0106946393632386,0.0138050790482042,-0.0203452527743526,-0.0490392428386683,0.0,0.0187735966477202,-0.0054594613331485,0.0
2015-07-31,0.0290847446359421,0.0,0.0225686640959521,0.0265948157573034,0.0122872828333995,0.0165567311523306,0.0232042121098157,0.0157876514714367,0.0085034364615796,0.0157499703605075,0.0328959458962765,0.0,0.0336084905660378,0.0,0.0932917021477905,0.0227379768695379,0.0322571553388482,0.0201031896290087,0.027871866834414,0.0141644548393031,-0.0292581569045881,0.0484339815762537,0.0394632494555708,0.0,0.036784454772637,0.0328253223915593,0.0029042386185242,0.0,0.0622198884390214,0.0,0.0,-0.0272256438969765,0.0259149390040664,0.0164032729171905,0.0172203802693009,0.04473153610634,0.0054637005862017,0.0,0.0,0.032641926532148,0.0319446366782008,0.0262840648611937,0.0280212009463765,0.0537897310513448,0.013848492095944,-0.015104320506968,0.0,0.3185991605456455,0.0304730473047303,0.0,0.0405341593789547,0.0350603889082345,0.0052028491793123,0.002870199025643,0.0268276324614353,-0.0902231668437831,0.0111746140066535,0.0194443704552114,0.0,-0.0061976549413733,0.0071573151971497,0.0184595715813917,0.0,0.0127477017364658,0.0340760157273918,0.0,0.0119721769710132,0.013120470351682,0.0234489182981867,0.0,0.0242505824488739,0.0178157318730318,0.0207677784770294,0.0240691265313981,0.0,0.0176233430392376,0.0329714375337644,0.0
2015-08-03,0.0036014793520566,0.0,-0.0592943898207054,0.0121023597171257,-0.0429534558192059,-0.0201193223881895,0.0086191053772926,-0.0093995925075931,-0.0311585453205902,-0.0117886835820358,-0.0088487177662325,0.0,-0.0213205932686822,0.0,-0.0781479878840327,0.0042469363215391,-0.043740614334471,-0.0010342287203898,-0.0080030128989736,-0.0197191127694859,0.0008677542519959,-0.0046079350203062,-0.0347558612671963,0.0,-0.0021400252297709,-0.0450786443976002,-0.0057720904750725,0.0,0.0041845721545992,0.0,-0.0205807110325919,0.002841931074178,0.0115661398008415,0.0083547435531448,0.0016962117936607,0.0200142959256612,-0.0074072966730698,0.0,0.0,0.0067410612616716,0.0035676922664233,0.0103568651456744,-0.0048214767861964,0.0101922439509445,-0.0004717986180866,-0.0433496462505282,0.0,-0.0638615338704864,-0.0203773887050282,0.0,-0.0194775726551579,-0.0152277073447126,-0.051820814591164,-0.0457164375823762,-0.0044088830829523,-0.0087606588015418,0.0084734641846166,-0.0346980900373631,0.0,0.0093544581156244,-0.0241973085518593,0.0181249919942616,0.0,0.0068987775850244,-0.0346575761548882,0.0,-0.0210420073589534,0.0035171239974625,-0.0171837484110917,0.0,-0.0005762406866363,-0.0113881194213604,0.0152508274385099,-0.0156767809716313,0.0,-0.0336458135323601,-0.0016026992830029,0.0
2015-08-04,0.0102346239258472,0.0,-0.0073778958241109,-0.0136624486757749,-0.003582304686672,0.0029332029687567,-0.0355301277262539,-0.0099628400593335,-0.0144273930355615,-0.0128651251533185,0.0214337003350886,0.0,0.0342440801457193,0.0,0.0337294136580654,0.0126614526278245,-0.0141621220340918,-0.0057154202890329,0.0008542141230067,-0.00687267056118,-0.0201144442517773,0.0115731659474302,-0.0027726896344064,0.0,-0.0097072036481026,-0.0555272542027508,-0.0333379253340679,0.0,0.0112491039581299,0.0,0.0,-0.0017039136205474,-0.0321176791765027,-0.0088328552015702,0.0220134139053058,0.106447091800981,-0.0288412301575349,0.0,0.0,0.0007238836357055,-0.0272639794718272,-0.0316199708526421,-0.0240691455001162,-0.0100894102206545,0.0037761705367338,0.0113284979409209,0.0,0.0208266921687385,0.00068111539457,0.0,-0.0066091528436019,-0.0215495540851554,0.0118598908240188,0.0159425437038791,-0.0174676070198459,-0.0381805326419986,-0.0155311831954642,-0.0038164839626472,0.0,0.0062202554896886,0.0083866077901535,-0.0190352775401339,0.0,0.0056895584582097,0.028250633828323,0.0,0.0030799347471452,0.0312865734974747,0.0160311681675926,0.0,0.0120372243576776,0.0142525593957725,0.0451291229864485,0.0289995224450811,0.0,-0.0332953721917382,0.0154444068942209,0.0
2015-08-05,0.0111504030074229,0.0,0.0472969624894703,-0.0224937922975803,0.0113173831033455,-0.0068241237204768,0.0116562446866794,0.0047959963856258,-0.0030756041365268,-0.0238382313689036,-0.0393317008588064,0.0,0.0361394857344137,0.0,0.0602628472087078,-0.028125786163522,0.0165667448663364,-0.0292406002168084,-0.0179231863442389,-0.0118442415692954,-0.0555064000471893,-0.0022881520263718,0.0166698119141974,0.0,-0.0163220644220029,0.0294857964760877,-0.0119912864675584,0.0,0.0168930604366746,0.0,0.0,0.0079951130994089,-0.0132899736191535,-0.0022278924518243,0.0347617036483545,0.0557350053834948,-0.0056293906921203,0.0,0.0,-0.0160495501604954,-0.0036821279402067,-0.0068145693124556,-0.0017077271343278,-0.0255220417633411,0.0051575322724997,-0.0023741757312742,0.0,-0.0349744977620484,-0.0234688737935447,0.0,-0.0200152816862037,-0.0122295217531124,-0.0108217462509232,-0.0167022722858808,0.0089308071112597,0.0703259005145797,-0.0398512070544473,0.0050266275404846,0.0,0.0061403144836742,0.0021731671051126,0.0106321581100665,0.0,-0.0249003984063744,0.0246125396266292,0.0,0.0061279452518183,0.0322551280495204,-0.0296391752577319,0.0,-0.0025587206396802,0.0061032732839276,0.0,0.0502732367239437,0.0,0.028048493156553,-0.0267580790095517,0.0
2015-08-06,-0.0045054979677998,0.0,-0.046462113505713,0.0,-0.0097322918565678,-0.0009815731941282,-0.0276563958916901,-0.0036662977310459,0.0019241518682548,-0.0231192072337096,-0.0263921750371979,0.0,0.0203290726135434,0.0,0.0655009544319906,-0.0407434251397804,-0.0228211629960967,-0.0150606835346321,-0.0113943607570491,0.0219792059473145,-0.035223582313265,-0.0390655368110082,-0.0218537309738893,0.0,-0.0265347268892958,-0.0143206426825008,-0.0166907067793116,0.0,0.0113465051336425,0.0,0.0144890190336748,-0.0268964779694852,-0.013452160753321,-0.0184354663256931,-0.0048036168409154,-0.0599916011758354,-0.0422255146600124,0.0,0.0,-0.0080178276052197,-0.0207954106679905,0.0050566101983484,-0.0037793396101313,-0.0523809523809523,-0.0098018502029789,-0.0157901798639898,0.0,-0.0571675115952972,-0.0528472851467204,0.0,-0.0054388133498145,-0.0096833606191397,0.0427866510842747,0.0309697807623938,-0.048477829252151,-0.0286172161172161,-0.0250545733446087,-0.0192624834410229,0.0,-0.0244525998927879,-0.0472657905892327,0.013007614213198,0.0,-0.0231664964249233,0.0530703450646727,0.0,-0.0164614907153571,0.0193186160674918,-0.0098467916950084,0.0,-0.0204521313906648,-0.018622711783818,-0.0239755351681956,0.0299927089547293,0.0,0.0129696957069787,-0.0026844031050166,0.0
2015-08-07,-0.0171224205595644,0.0,0.0135460341876101,-0.0265477910046321,-0.0083551653331443,-0.00196507525345,-0.029384086500605,-0.0254268015151163,-0.0276910532470737,0.0103371393824742,-0.0093448578228735,0.0,-0.059838741920437,0.0,-0.0311103965455862,-0.0111716768309136,-0.018907808035454,-0.0245849059418494,-0.0114280132838445,-0.0220072742607136,0.0018772656654584,-0.043080781521783,0.0055791710945802,0.0,-0.0454696948055038,0.0115166548547129,-0.0185247275775356,0.0,-0.0184315532912301,0.0,0.007146815683739,-0.0253136734133162,-0.0212033407192772,0.0056967316703284,-0.0337560729383557,-0.0407811602527283,0.0,0.0,0.0,-0.0147293823386368,-0.0312640829202343,-0.0226487328906356,-0.0292712146422629,-0.0331119885139986,-0.0235850853863914,-0.0207862467801765,0.0,-0.0479350188765587,-0.0108618862592724,0.0,-0.0246276219430582,-0.0141081878211208,-0.0741859161945085,-0.0610368213341507,-0.0277343070770299,0.0029460287532405,-0.0143721633888046,-0.0009785949581685,0.0,0.0031279059937441,0.0037819799777529,-0.0586783589101158,0.0,-0.0118788689978249,-0.0185668815800212,0.0,-0.0170525513088523,-0.0137096913733338,-0.0149334292911119,0.0,-0.0232115638394728,-0.044125484496124,-0.0294836445669883,-0.0592468655147635,0.0,-0.0413315781895967,-0.003257384834302,0.0
2015-08-10,0.0025599742392528,0.0,0.0006609061758009,-0.009082071223905,-0.0089182434844699,0.0226428603391952,0.0263756702744415,0.0075595063761071,0.0118729724361661,0.052456103479241,0.0141495119113854,0.0,0.0303352470054574,0.0,0.0244642518490423,-0.0033839100534875,0.0022585773934233,0.0196069434885677,-0.02707242367355,0.0195111434500228,-0.0411578471279964,0.0,0.0,0.0,0.0,-0.0227710632334909,0.0330301477495942,0.0,0.0142894609937478,0.0,-0.007096101156699,-0.0152218442861705,0.0046494619162051,-0.0113095928546572,0.004995429019198,-0.0053226879574183,0.0042987991044167,0.0,0.0,-0.0047246315492558,0.0129092283537826,0.0205910390848427,0.013122891698434,0.0228306264501161,0.003379327568445,-0.0062209651655259,0.0,0.0134583032924777,0.0498169806267296,0.0,-0.0056066338632844,0.0237612065433827,0.0376946097716801,0.0268505672080305,-0.0238755253509793,0.0117495006462224,-0.0224405218726017,0.0281587152672389,0.0,-0.0125147480195516,0.0188727495908347,0.0090895782595386,0.0,0.0,-0.02432331295996,0.0,-0.0091356571520292,-0.0220813548221094,0.0065587380655873,0.0,0.0098026894558249,0.0061625927662396,-0.007586763518967,0.0504828246668109,0.0,0.0450551926109483,0.0032680300658767,0.0
2015-08-11,-0.0010197690664696,0.0,-0.0260029354207436,-0.0073580667647741,-0.00100143370725,0.0009626744847504,0.0123573411474398,0.0003771035306316,-0.0003925759525418,0.0188074685256287,-0.004650698851664,0.0,-0.0500103184976267,0.0,-0.0007404664938912,0.0203997809419496,-0.0011267438585047,-0.0043949780251097,-0.0009139839545039,0.0127408738864951,0.0126684636118596,-0.0374957727426447,-0.0166698119141976,0.0,-0.0130935754189943,0.011650833482703,0.0015294628278526,0.0,-0.0225377018550646,0.0,0.0,0.0036257466175599,0.0046106113393304,-0.0028548522711717,-0.0298235924758779,-0.0668896321070234,-0.0230152489197669,0.0,0.0,0.0072504841528504,-0.0127447040587863,-0.0194453407604912,-0.0020979115628765,-0.0334815352508848,-0.0052969315132423,-0.0065548387096774,0.0,0.0430400758833293,0.0258100178586615,0.0,-0.0126959093149334,0.013968638034526,-0.0036292935839272,-0.0120807502781751,-0.0097105166727738,0.0492393450238066,0.0180777121802118,-0.0221944902915878,0.0,-0.0126306806059314,-0.0055552766762043,-0.0077152352817049,0.0,-0.0090162546562817,-0.0354555527145658,0.0,0.022273518810999,0.0064821680579807,0.0010062685582317,0.0,-0.0058805227131299,-0.0076193274841526,-0.033181522446324,-0.0387558198847419,0.0,-0.0258163191985136,-0.0070290935898096,0.0
2015-08-12,-0.0363151168305053,0.0,0.0616319662455735,-0.0203131502288805,0.0010024375820341,0.0057704918032785,-0.0441604935920628,-0.0266307506243422,-0.0320729605306221,-0.0436916991117327,0.0327070023800575,0.0,0.00724112961622,0.0,0.0253913486476473,0.0477928350999596,0.0373729128014843,-0.0093862054418899,0.005895507216914,-0.0072560227598987,0.0027947830715997,0.0337739909526111,0.0,0.0,-0.0253215738798615,0.0028348688873138,-0.0121757434426399,0.0,-0.009881726486099,0.0,-0.0357109869302173,-0.0051337630483142,-0.0114908814851877,0.0040003921953133,-0.0102133074372969,0.0172043010752689,-0.009866073651194,0.0,0.0,-0.0042204975497666,-0.0038669535384079,-0.0316082995600816,-0.0287679036458332,-0.023094254600075,-0.0222623627662568,-0.0225032656454101,0.0,-0.0539956803455723,-0.0163177892918825,0.0,-0.0142768714682213,-0.0155475604831307,0.0054637700013009,0.0051086082059532,-0.0098982423681776,-0.0054233536247925,-0.0391737525576038,-0.0161659965142927,0.0,0.0031980638748434,-0.0268210193333446,-0.0142745118887811,0.0,-0.0260561274614496,0.0166563576919678,0.0,-0.0193056821032893,-0.0151682589476684,-0.0080090967518663,0.0,-0.0281159692445724,0.0134012986738296,-0.0342866756393002,0.0172067291407926,0.0,-0.0505458147180307,-0.0174208808853744,0.0
2015-08-13,-0.004779261508178,0.0,0.032267985143479,-0.0113361828656383,-0.0074999459658071,0.0229495370974051,-0.043750249033749,-0.0138773468449205,-0.0149448865045195,0.0432097040163224,0.0190075326597203,0.0,-0.0173975557153127,0.0,-0.0182134348076465,-0.0169799723403165,0.0880345671240323,-0.0116804307158825,0.000909458367017,-0.0146444064677271,-0.0288652952886528,-0.0954626561305123,-0.0056422722620266,0.0,0.0061966864580362,-0.0201413427561837,0.0,0.0,-0.0020770848415899,0.0,0.0,0.0170097280354719,0.0085176199535719,0.0028711498271449,-0.0189796332634142,-0.0393939393939394,-0.0022124450031425,0.0,0.0,0.0007299441945889,-0.0070050494731619,0.0036842952443976,-0.0231960562514838,0.0354603113588314,0.0212817006166174,0.0025587681467533,0.0,-0.0267964431627013,0.0013765204933,0.0,-0.0130454158732731,-0.0112901120620536,-0.0407879415189545,-0.0374594789290431,-0.0148556479491731,0.0583129312263521,0.0117390234245415,0.0,0.0,-0.0159824236419248,-0.0088005947749709,-0.0263196925773612,0.0,-0.037322924433139,0.0225978879666246,0.0,0.0168311632353534,0.0187742445357417,-0.0050668660187722,0.0,-0.0225208785074818,-0.0051134774568692,-0.0273161213894985,-0.0232534907984993,0.0,-0.0060372668050205,-0.0166227376559479,0.0
2015-08-14,-0.0074673147837747,0.0,-0.0862610289904893,0.001906552094522,0.0206591173054588,-0.0046738899511367,-0.0077294887286971,-0.0074208618672426,-0.0069794050343249,-0.004250948872516,0.0301995048090657,0.0,-0.0302897278314311,0.0,0.0059345815889955,-0.0291274783107103,-0.0121110906556557,-0.042826585414647,-0.0058556284704694,0.0,-0.0247352237786129,-0.0444788877929641,-0.0142050206513206,0.0,-0.0037105751391465,0.0472412549585286,-0.0307518749869429,0.0,-0.0145828115418829,0.0,0.0444449765921526,0.0313457237892995,0.0084629895640435,-0.0028629299263817,-0.0140704210780425,-0.0117379502604357,-0.00887780213504,0.0,0.0,0.0044941176470587,-0.00264542488463,-0.0214544093800673,-0.00112944271295,0.045754060324826,0.0,0.0072477488052953,0.0,-0.0138288677614519,-0.0310694047017897,0.0,0.0058700381757728,0.007986723368945,-0.0217501264542236,-0.0220780840713484,0.0100531107738996,-0.0813880126182964,-0.0116028176760516,-0.0081042250770668,0.0,-0.0422029594606424,-0.0386024281328496,-0.0222951546120505,0.0,0.0180865603644648,-0.0055246270876715,0.0,-0.0321649429929685,-0.002688442657413,-0.0060945065954249,0.0,-0.0080935646826268,-0.0068012654297677,-0.0252892502776087,-0.0151592631734451,0.0,-0.0069559974543059,-0.0191551711814738,0.0
2015-08-17,-0.0032255613067745,0.0,0.0089037144791954,-0.0133204684945458,0.0241810449056227,-0.0187833511205974,-0.0165662334390156,-0.0181097299614231,-0.0165226408572415,-0.0016412703252943,-0.0172395863423653,0.0,-0.0129017655047531,0.0,-0.0044246775816334,0.0155642023346302,0.0194209650582362,-0.0041157556270096,-0.0036559358180157,-0.0346336517423554,-0.0193372101170041,0.0058493904836804,-0.0144097108921229,0.0,0.0061814607903993,-0.0507920110192836,-0.0428709990300678,0.0,-0.0084576046135576,0.0,0.0,0.0144676664054954,0.0236485326926378,0.0051563507099747,0.0178390289971666,-0.0148467077425581,-0.0022372122978883,0.0,0.0,0.005223583425078,-0.0066016327252366,-0.0035145224437768,-0.0104913621595316,-0.038249911253106,0.0092092280223652,0.0194514203221101,0.0,0.0384374608739201,0.0185300461803494,0.0,0.0365042442050276,-0.0033957604445359,-0.0144777662874869,-0.0193452380952379,0.02,-0.0685668498168499,-0.020524564200794,0.010139220925327,0.0,0.0,0.0100335661798058,-0.0103678313952665,0.0,-0.0266702465655345,-0.0111106362975942,0.0,0.009358581436077,0.0116259047483331,-0.0061318773624526,0.0,0.0273130874749509,-0.0063915984065361,0.0086362132960935,-0.0104425085097789,0.0,0.0002923319091521,-0.0166508780878816,0.0
2015-08-18,0.0124018399451066,0.0,-0.0569532143389847,-0.0154560764926386,0.0187978278682832,0.0220143571894713,0.0337119432939068,0.0228510984813508,0.0189090397863065,0.0328883538754536,0.0166602001105193,0.0,-0.0195673775128029,0.0,-0.0444434236365516,0.0174924032236754,0.0030162958320274,0.0165472039261267,0.0187544592803996,-0.0205362078496407,0.0227905979852824,-0.0433465278795875,-0.0064361483757332,0.0,-0.0061434850782715,-0.0177761654271721,0.0,0.0,-0.0158043373536572,0.0,0.0,0.0185541086663671,-0.0014920869098713,0.0073839457474302,-0.0087631877384102,-0.0331549996232386,0.0039239001189061,0.0,0.0,-0.0049401127837069,-0.0079805381671462,0.0275026497569532,0.0166777562415019,-0.0227922856879211,-0.000954420596862,0.0344802153630563,0.0,0.0505184470701711,-0.0181929303409753,0.0,-0.0422662755674546,0.0100061012812691,-0.0176635187128366,-0.0131801430739215,-0.0097578937678357,0.0030723854000247,0.034436420447717,-0.0021996074118416,0.0,0.0203400676478653,-0.008748293454049,0.0237437563509896,0.0,0.0045515148728794,-0.028088673782464,0.0,-0.0364365884075259,0.0155950110051357,0.0149256254225826,0.0,0.0174156697920033,-0.0188432169520925,-0.0400058296290899,-0.0327541977611941,0.0,0.017197581098397,0.0221942272777797,0.0
2015-08-19,-0.0308841863928842,0.0,-0.007908264136022,-0.0333287349979307,-0.0066251797727536,0.0,-0.0616725530288948,-0.0199932699173513,-0.0272047832585948,-0.014324604051245,-0.0250260205851741,0.0,-0.0333671162391829,0.0,0.001550350331102,-0.046225361622562,-0.0170018876521511,-0.0063999745906716,-0.0180090045022511,-0.0136016028444846,0.022282760547639,-0.0574172456068655,0.0005864711762744,0.0,-0.0123370577281191,-0.0574330563250231,-0.0248615052019998,0.0,0.0008666717559306,0.0,-0.0508482005873844,-0.0056076744022006,-0.0022330798032204,0.0063460833670889,-0.0424004992372762,-0.0404489127893381,-0.0217847413749344,0.0,0.0,-0.0163926748161679,-0.0147736108618936,-0.0302167997581233,-0.0205016574900052,0.0174693106704437,0.0023999813593682,-0.0168116355340082,0.0,-0.0480890623206702,0.0092650230901747,0.0,-0.0073381294964028,-0.0099069711248036,-0.0249243368346091,-0.0233293792012654,0.014781072789811,0.0,-0.0521001658164612,-0.045163450671801,0.0,0.0,-0.008426813577137,-0.0190968824269536,0.0,0.0078260869565218,-0.0161842514783691,0.0,0.0066400315120138,0.0208111794350176,-0.0081108538880468,0.0,-0.0210262059614854,-0.0039042864818955,-0.0386746622134506,-0.0332967655603909,0.0,-0.015182991513437,0.0085725677830941,0.0
2015-08-20,0.0126403039198756,0.0,-0.0188388468181214,0.0121585752204813,0.0,0.0159209910178366,0.0103233474940018,0.0080063648925923,-0.0080610845822891,-0.0206829612635666,-0.0114938438545298,0.0,0.0391160577465925,0.0,0.0224512815589899,0.0236610667900998,-0.0193354434570715,0.0029249112936737,0.0087620988283239,-0.0456587040480617,-0.0416125725999316,0.0128441361370041,-0.0152925974769878,0.0,0.0187498363317357,0.0225313479623825,0.0493048819915939,0.0,-0.0190816747725274,0.0,0.0500046182976956,-0.0095761659868771,-0.0022380776091273,-0.0123821206777582,-0.020310633213859,-0.0032488628979857,-0.0051372084374756,0.0,0.0,-0.0080710442359888,-0.0027319086935405,-0.0063086854460093,0.0022804520233563,-0.0057540603248259,-0.0263753293041996,-0.0027338254702615,0.0,0.0268869061972509,0.0324741454738441,0.0,0.0044312840370239,-0.0022715539494061,-0.0082161767390906,-0.0068376068376067,0.0195126419934041,0.0091889242832639,-0.009158774373259,0.0,0.0,0.0431841598351476,-0.0356020176913517,-0.0055584060201812,0.0,-0.0361019027292132,0.0358385682650155,0.0,-0.008245290401923,-0.0300849784581589,-0.0132816173013633,0.0,-0.0150290518388679,-0.0097184942859256,-0.024793714714359,0.019603686291137,0.0,-0.0253136150445456,-0.0543945084368092,0.0
2015-08-21,-0.0162852563009447,0.0,-0.0317662351730488,-0.0120125200913628,0.000953746715063,-0.0276555625392833,-0.002156862745098,-0.0238116998030923,-0.0055527751960154,-0.0151730848935901,-0.0071636847978689,0.0,-0.0298820242160819,0.0,-0.0378490030161841,-0.0396318757314607,-0.031114532269173,-0.0431720027410795,-0.045045954954045,0.0128001438892053,-0.0299443889918722,-0.0348333244154315,0.0005952300428835,0.0,-0.0134951032054082,0.0030657214025673,0.0616017782864184,0.0,-0.0070712753452163,0.0,0.0,-0.0187824529991047,-0.0187543217580489,-0.0005628226526412,-0.0301182557280118,-0.0325945241199479,-0.0258360644336842,0.0,0.0,-0.0083767371528693,-0.0081877396968405,0.0055551454303852,0.0022752633943452,-0.0229627555306636,-0.0147784427325396,-0.0348809307398654,0.0,-0.0490783139603147,-0.0006807351940095,0.0,-0.0309646030469828,-0.0168590593924341,-0.0505522827687776,-0.0492345321134162,-0.0478030371102524,0.0182105135364818,0.0138651493342929,-0.0069407913963411,0.0,-0.0445742259629836,-0.0054389023650697,-0.0111932811649038,0.0,-0.0140393856590972,-0.0158813263525305,0.0,-0.0066369810895358,-0.0218364571355192,-0.0263932612949885,0.0,-0.0345812461551982,-0.0265905806173863,-0.0253835877089996,-0.0273846944142072,0.0,-0.0128358621324798,0.0155828360761658,0.0
2015-08-24,-0.0093695286633037,0.0,-0.0221240175649595,-0.0425835545280702,0.0095146695914452,-0.0045679810385693,-0.0265278050697583,-0.0044682752457551,-0.0176020897239261,-0.0301549834403761,-0.0396785109983077,0.0,-0.0900872069765581,0.0,-0.0314825205532921,-0.0940286932919735,-0.0289079378353892,-0.0365756162558293,-0.0333157059756742,-0.019771502989404,-0.0830515948846096,-0.0721255128062978,0.0149259785033462,0.0,-0.0062275261868779,0.0374403056351482,-0.0305373579898829,0.0,-0.0302784623534559,0.0,0.0,-0.0289775734019452,-0.0221378113129715,-0.0165252344796783,-0.0737664317012763,-0.1245788409703505,-0.022978556322003,0.0,0.0,-0.0215423343176648,-0.0206536750038361,-0.0197302009727448,-0.0196934644303066,-0.0411770325785801,-0.0275042609391027,-0.0280197094810439,0.0,-0.0586492159525867,-0.0458488572540732,0.0,-0.0395702584831401,-0.0220093587621171,-0.0543297010121378,-0.0650755085512838,-0.0452014721147494,-0.166686538690831,-0.0425572032253412,-0.0217477671017201,0.0,-0.0433277900130343,-0.0088603494598045,-0.0098995550273215,0.0,-0.0169629204892965,-0.0438020925696044,0.0,-0.0334491807929641,-0.0340080440153242,-0.0271087496067395,0.0,-0.0319512084110872,-0.029104086937685,-0.1042203206779098,-0.0778400945650261,0.0,-0.0123963568937972,-0.0295086261741701,0.0
2015-08-25,0.0244984382245632,0.0,0.0624106172415765,0.0042331196899687,0.0037686394871934,-0.0038529806485128,-0.0128291391916744,0.0077541249893136,0.0034883579104003,0.0,0.0093887259775728,0.0,0.0037808845511297,0.0,0.0113852470371909,0.0189844394851885,-0.0286632888863371,0.0,0.0098468271334792,0.0184793767739599,0.029015710163514,-0.017685367748103,-0.0205810654198137,0.0,0.0287894281444192,-0.0480574479837967,0.0157389389046895,0.0,0.0055103747054798,0.0,0.0,0.0328303234172102,0.0296873077531505,0.0139004067448562,-0.031798922209881,-0.0309823919946115,-0.0120654695577517,0.0,0.0,-0.0149416188402927,0.0014101278515918,-0.0128814828683767,-0.0027139443641405,0.0429453965723394,0.0,0.0130611042640436,0.0,-0.0146904512067156,0.025818107643442,0.0,0.0174327168014176,0.0111349204019528,0.0206675961617319,0.0180382165605095,0.0525795611780983,-0.0357704964944912,0.0387377786015474,-0.018516011611991,0.0,0.0278599953018559,-0.0178791141187326,0.0014346362172448,0.0,0.0,-0.0210960682492582,0.0,0.0034636100796923,0.0161972831559373,-0.0153063974273754,0.0,0.0240020687385396,0.0082041508820043,-0.0254579179225596,-0.0032455135547918,0.0,0.01040289061024,-0.0164079822616407,0.0
2015-08-26,0.0244506503377655,0.0,-0.0734169717854835,0.0189687416510819,0.0220669313976851,0.0494132985658408,0.0491661743990547,0.0534879577865063,0.0492385108115664,0.0224515593456973,0.0241886213732651,0.0,0.0361772950245271,0.0,0.0361372268227384,-0.0248409936397456,-0.0351981558648816,0.0221457713851047,0.0487540628385698,0.0324636821820336,0.0271070260165133,0.1294933398211788,0.0300310102823566,0.0,-0.0097357086423529,0.0156673114119922,0.0775174214193983,0.0,0.0534270002645602,0.0,0.0,0.0115720524017466,0.0181967157147247,-0.0222979552093475,0.0656441196464989,0.0639459835170288,0.02686636157722,0.0,0.0,0.0353842290306376,0.0589855117814563,0.0587231136906796,0.06044606146656,0.0353491927008695,0.0298187617323122,0.0308200835539504,0.0,-0.018503727369542,0.0286765332500069,0.0,0.0280414525820777,-0.0018773164052293,0.0281639212535154,0.0265779068021423,0.0300469483568075,-0.0148389968838106,0.0085537761520275,0.069821614663152,0.0,0.067784989487156,0.0134283365305563,0.0556221494562039,0.0,0.046906139114373,0.0160090939231751,0.0,0.0068886841297004,0.0099877812292934,0.0144314097535167,0.0,0.00521132257398,0.036546795758414,0.0783688618195661,0.0358305743289462,0.0,0.0303030303030302,-0.0012349551103617,0.0
2015-08-27,0.0132631965053853,0.0,0.0095011186332336,0.0434947270290742,0.0312340735347651,0.0277053050068332,0.0355364026159643,0.038459680146881,0.0245007182243639,0.0246618566973595,0.0099947652264953,0.0,0.1060106517879786,0.0,0.0674462485127451,0.0292887029288704,0.0764718495374625,0.0266215644820295,0.0181818181818183,0.0287724335965542,0.0274533596238435,0.0987614431879375,-0.0204140917973908,0.0,0.0368549736198686,0.043610740811274,0.0014458490455442,0.0,-0.0043366923639234,0.0,0.0,0.0200014389524425,0.020872451716738,-0.0146200577631711,0.1088473346357798,0.1766682221185254,0.0249660127305955,0.0,0.0,0.0349511266341655,0.0304946516163346,0.0265864058189113,0.0354388362784341,0.011350004613823,0.0159778681120144,0.0251035465625508,0.0,0.0188525701885258,0.0435070762858129,0.0,0.0257518000847098,0.0622133889185128,0.1128130983548902,0.0961969770843489,0.0436645396536008,0.0527187829492392,0.0227235030685022,-0.0115889296355718,0.0,0.047643508411455,0.0222320945684926,0.0236522509797405,0.0,0.0494010585941129,-0.0303016176402032,0.0,0.0688367904247282,0.0353548728813559,0.0153052048487463,0.0,0.0074453021513727,0.030930448745035,0.0588183382606009,0.1125830438630091,0.0,0.0026542047594202,0.0315597338619455,0.0
2015-08-28,0.0052407710597546,0.0,-0.044727147133318,-0.0218319886093972,-0.0334073579625682,-0.0152724049000643,-0.0234007402915159,-0.0218520758696628,-0.0259387826637569,-0.0191159653877669,0.0323634347427799,0.0,-0.0021401819154627,0.0,-0.0254224884315292,-0.0284552845528456,-0.0371487515117023,-0.03196098782517,-0.0415990259740259,-0.0108856449046809,-0.0021405373486861,-0.0261223289551068,0.0,0.0,-0.0059076128776031,-0.0268248175182482,0.0143595746756413,0.0,-0.0008693145477313,0.0,0.0,0.0,-0.0043847404463567,-0.0148369751975904,-0.0277947574700656,-0.0063451776649746,-0.0127630793015002,0.0,0.0,-0.0439418795406608,-0.0321729655330619,-0.0150082021569928,-0.0285822041432073,-0.0225364963503651,0.0004922002143452,-0.0146338990905404,0.0,-0.018503727369542,0.0006483539748067,0.0,-0.0265917912296639,-0.0470692393348058,0.0117985813610508,0.0123648979228749,-0.0325792645645909,0.0463585634568608,-0.0020759000973079,0.0173335845447035,0.0,-0.0242706545721991,0.0037601798839823,-0.0330082114690006,0.0,-0.0018582426333955,0.0037498197202057,0.0,0.0086568908579427,0.0081270564708344,-0.0237011319150443,0.0,0.0369627312295974,-0.0052851614239304,-0.0294215702617102,-0.0214869950259388,0.0,0.0085071722702383,0.004204798417017,0.0
2015-08-31,-0.0057290643619459,0.0,-0.0632720699005724,0.0101321460170678,0.0083001879162545,-0.0164095429062488,-0.0505781584582442,-0.0469557634374505,-0.0407800800975099,-0.0352959535874274,0.0139406181041226,0.0,0.0229031022596704,0.0,0.0484398285602061,-0.0420563622938714,-0.0147619469811153,-0.0218179342738984,0.0176794410332417,-0.0497220419335722,0.0181966121754566,0.0416687635247345,-0.0124956191195103,0.0,0.0011735623860769,0.0337521095068442,-0.0099055605777922,0.0,0.001307360439273,0.0,0.0,-0.0098046131057346,-0.0337149077953352,0.0,0.0,-0.0321679438058748,-0.0323157548202258,0.0,0.0,-0.0176737345262901,-0.0319092201943588,-0.0441869529782785,-0.0355934553521907,-0.0402314944460001,-0.0049116459171446,-0.0245511930219056,0.0,-0.0341787603417875,-0.0312462809917355,0.0,-0.0333842368711292,-0.0449978449307982,0.0330742000416464,0.0211326391634814,-0.0384615384615384,-0.0511418022699302,-0.0118745801642504,-0.0050146021796423,0.0,-0.0434673366834171,-0.0662437408230111,-0.0150109819392566,0.0,-0.010682624113475,0.0018679055510322,0.0,-0.0330369172729722,0.0326613461272318,0.0209743264084187,0.0,-0.01735803683664,-0.008128177102309,0.0033490768570201,0.035243306198212,0.0,0.0034885807870059,0.0005873436907921,0.0
2015-09-01,-0.0199120871884364,0.0,-0.0342232229012543,-0.0240732368896925,-0.0196576862541076,-0.0398984856049259,-0.0258017952997428,-0.0305863563389536,-0.028632975118598,-0.0324100065657383,-0.0051472196953122,0.0,-0.0234386700614047,0.0,0.0376622518015734,-0.0159617175707358,-0.0115185601799775,-0.0203733667379995,-0.0581504213044835,-0.0275575352635486,-0.009444242644388,0.0085994492487559,-0.0174859061685253,0.0,-0.0607043096568236,-0.0564121168148014,-0.0557929909083844,0.0,-0.022628325476901,0.0,0.0,-0.0410314859666618,-0.0591820012973268,-0.0180766153025423,0.0419039869812853,0.0299381443298969,-0.0030342316497944,0.0,0.0,-0.0296202026251434,-0.0075899005355776,-0.0145695855268035,-0.0231765703851738,-0.0717759190818906,-0.0227019009951519,-0.0276099501288213,0.0,-0.0273837944108973,-0.0510769566760394,0.0,-0.0392548382849872,-0.0162676642562709,-0.0630899989921726,-0.0653127958007054,0.0350234741784039,-0.043233895373973,-0.0207341944255607,-0.0153630285067938,0.0,-0.0519656772611853,-0.0428401507973308,-0.0131661174866491,0.0,-0.0419821676598414,-0.007457691939956,0.0,0.0180721212796788,0.007421264239446,-0.0405359776794441,0.0,-0.0583556737154743,-0.0107135673118129,0.0402687435809652,-0.045762433788028,0.0,-0.0325400462781833,-0.0286493344189657,0.0
2015-09-02,0.0229874438332002,0.0,-0.0227136481715846,-0.0103068905616676,-0.0172506448839209,0.0067599774667417,0.0017132009075335,0.0199845546593444,0.0182767298731716,-0.0079166052023406,0.0405805824343719,0.0,0.0524499654934438,0.0,0.0075393959988108,0.0121736292428198,0.0058263917338068,-0.0149540013497673,0.0094985641705325,0.0028399548050201,-0.0116611661166117,0.0509651769890311,-0.0306760399010808,0.0,0.0114173437417024,0.0032679738562091,-0.0303061476421694,0.0,0.0525370246677567,0.0,0.0,-0.0188679245283019,-0.0072575523904563,0.0184093948512205,0.1005644102090803,0.1290038436899423,-0.0140091672891937,0.0,0.0,-0.0217810579370998,0.0069386622259228,0.0315638990256197,0.0235351260652625,0.0515507124895222,0.0651512308156754,-0.0240089249052891,0.0,-0.0040427375108288,0.0070771001150746,0.0,-0.0114194358798674,0.004934495590559,0.0251353580264621,0.0267906462898175,-0.0097069763222354,-0.0150625094140683,-0.0088902822720606,-0.0220008724734622,0.0,0.0034634033710458,-0.0158389148658325,0.0674141132108059,0.0,0.0431203816294079,-0.0100183026683363,0.0,-0.0042017381783342,0.0505795165429661,0.0028153361733653,0.0,-0.0020082456202524,0.0173582870681423,0.0484182812949935,0.05907131541135,0.0,0.028573739427832,0.0368630355959296,0.0
2015-09-03,0.0255989228419895,0.0,-0.0418143402399128,0.0457523987830563,0.0479165527423852,0.0115353161451383,0.0247295923084032,0.0233197890114327,0.0250204935582936,0.0333961141950833,-0.004148962203288,0.0,0.017632058287796,0.0,0.0101916064163907,0.0173475639248057,-0.0127468283779095,0.0475263233809317,0.0310722100656455,0.0508526187576128,-0.0215197387948945,0.0377375689348706,0.0284792890927332,0.0,0.0012338548776644,0.0563326307721785,0.0546773885553033,0.0,0.000424526237472,0.0,0.0,0.0138173834039976,0.0324773828017912,-0.003611219402097,-0.0149658108631145,0.0114192495921696,-0.0209989710971846,0.0,0.0,0.0,0.0303197353914002,0.0290299051787017,0.0380644233534657,-0.0184336388999601,0.0256001715870266,0.0278064423947039,0.0,0.0404465062336909,0.0210963834771182,0.0,0.0363636363636363,0.0191642402783835,0.0039174536551243,-0.0068143100511073,0.0244595089776475,-0.0342560024468574,0.0133081780900845,0.0198789717055474,0.0,0.0102162908421536,0.0322090484954842,0.0243376255646194,0.0,0.000672525107604,0.056290746326749,0.0,0.1017482613595754,0.0097766100013718,0.0140371615381773,0.0,0.0406126821415466,0.0162843947010544,-0.0154202307149022,0.0342312464487402,0.0,0.0,0.0,0.0
2015-09-04,0.0112071725904578,0.0,-0.0630579364797099,0.0119167505874453,-0.0063402606551603,-0.0322539466405683,-0.0443186431503449,-0.0416553629121758,-0.0423977655231683,-0.0386382603190437,0.0300014520434721,0.0,-0.0153218300279229,0.0,0.0437458919759206,-0.0249437418782288,-0.0199553830639001,-0.0466265060240962,-0.0186757215619695,0.0392350043465661,-0.043986045806158,0.0467741227107032,0.0153852585810443,0.0,0.0,-0.0386359513876292,-0.0533314557012954,0.0,0.0101449338763797,0.0,0.0,-0.0302453231768791,-0.0235962614175458,-0.0453450299623152,0.023608382449247,0.0,-0.0435293555629867,0.0,0.0,0.0027865404837013,-0.0240770465489567,-0.036202863623476,-0.040658290273872,-0.0311643487970764,-0.0087834608030592,-0.031216935303249,0.0,-0.042775532952487,-0.0323686161507364,0.0,-0.0016050290911523,-0.0371199904437674,-0.0332032610967876,-0.0285275796695855,0.0428328713225429,-0.0395882818685667,-0.0226099559618707,-0.0174359273405837,0.0,-0.0371720116618075,-0.0133109410959757,-0.0558773199947347,0.0,-0.0489717281240199,0.0161669199944727,0.0,0.015007297813151,0.0221070396630911,-0.0271392663290954,0.0,-0.0451587951587951,0.0004617219664224,0.0812577212768501,-0.026157934274406,0.0,-0.0073128812302716,-0.021921825941454,0.0
2015-09-08,-0.012088347055098,0.0,-0.0196629213483146,-0.0235804721623266,0.0091115574986542,0.0039132920019344,0.0035163901541075,0.0176368658534491,0.0232592924986909,-0.0350824677462806,0.0097055793525997,0.0,0.0518432342034467,0.0,-0.0180524179844465,-0.0511311923026914,0.0119738072965389,0.0052896679966059,0.0194636678200692,0.0238121793441892,-0.0218150087260033,0.0570613409415121,0.0206145949136025,0.0,-0.0050079970633734,-0.0245283018867924,-0.0078203030367427,0.0,-0.0104631321836591,0.0,0.0,-0.0067190327673174,-0.0145035261697999,0.0322914644405616,0.0329484021624386,0.0452314165497895,0.0131956167777125,0.0,0.0,0.0,0.005482456140351,-0.0047619923146224,0.0109744122913417,-0.0387678122380553,0.0009343540900597,-0.0118145074498362,0.0,-0.0326055312954877,-0.0676111311890135,0.0,0.0111862817335388,0.0145147784015133,0.0151717178997441,0.0152866833937364,-0.0639684445206654,-0.0740313272877164,0.0100037642442423,0.0148817472328555,0.0,-0.0315575321725964,0.0065141104036647,-0.0244823980481003,0.0,0.0066899086026572,-0.0383011513008793,0.0,0.0649058551693624,0.0066098211820997,-0.0148094061259641,0.0,0.013509327869243,-0.0009272909856204,0.0780628040689959,0.0378212213318593,0.0,-0.0212062917279619,-0.0103031351517598,0.0
2015-09-09,-0.0128452717700511,0.0,0.0612560985053822,-0.0140709492936212,0.0067719649757354,0.0380606166783461,0.0029396547669442,0.0048301441456628,0.0118038298494373,-0.0174137841890285,-0.0120180431747396,0.0,-0.0078805474906678,0.0,0.0118184779510566,0.0127779109999657,0.0189344918962222,0.002621938079161,0.0028638099278743,-0.0474971403671224,0.0282215554294054,0.0164324839247438,-0.0083105845649045,0.0,-0.0226362390639822,0.0599613152804643,-0.0504615648225491,0.0,-0.0148058996017331,0.0,0.0,0.0036826701296688,0.0049117901359481,0.0079822801738549,-0.0047691307175373,-0.0081180811808118,-0.0221433500936607,0.0,0.0,0.041655743721491,0.0109051254089422,0.0107334195455384,0.0112266468605382,-0.0201656856333114,-0.0125794212412297,0.0032591947207498,0.0,0.0210653024375564,-0.011457719619213,0.0,0.0031575693340397,0.0123403951779728,-0.0368477103301384,-0.028968925907281,-0.019512641993404,-0.120014245014245,-0.003399439826527,0.0007748424730633,0.0,0.0579412770531049,0.0009185995532263,0.0007003101373466,0.0,0.0391707225758142,0.0061271621812697,0.0,-0.042172081481909,-0.0518457577281105,0.0144429030235075,0.0,0.0126710235554092,-0.0183363416282431,0.008034188034188,0.0068670194473103,0.0,0.0207639659637439,-0.0153048342299998,0.0
2015-09-10,-0.0020862082961279,0.0,0.0129159369527143,-0.0020388237996784,-0.0179371038297266,0.0159908864604869,-0.017492437920604,-0.0176421734352322,-0.0215985841730776,-0.0181117858157671,-0.0024350208172537,0.0,0.0516304347826086,0.0,0.0181695624616438,0.0181978081450413,-0.0069552595370215,-0.0006627261329035,0.0424114225277632,0.0042317149882771,0.0205852196545468,0.0762261793189627,-0.0359346396365856,0.0,0.0218932837229366,-0.0297445255474454,0.0465116279069768,0.0,0.0219006961134038,0.0,0.0,-0.0171677963810517,-0.0195328231977446,0.0499191508769021,0.076920683324517,0.0544507575757575,-0.0179766897886756,0.0,0.0,0.0,-0.0296655879180152,-0.0200508124508782,-0.0199864402949235,-0.0067860718656135,-0.0051919338238096,0.0270824454611977,0.0,-0.0123784261715295,-0.0069480387082607,0.0,-0.0362307675375844,-0.0202327266870672,-0.038220551378446,-0.0500518427750023,-0.039801924694011,-0.0252934034803722,-0.0139841120542137,0.0254331375814416,0.0,0.01029785268991,-0.025864046889014,0.0258647776286098,0.0,-0.0262103129925691,0.0048718789525459,0.0,-0.0028436818450193,0.011237158680678,0.0028474550870158,0.0,-0.0355526150846157,0.0023528284047387,0.1276581312531794,0.0461767298369326,0.0,0.0023558193267791,-0.0049902364938163,0.0
2015-09-11,-0.0161714104430868,0.0,-0.0667819321374538,0.0368025781946883,0.0022830900011183,-0.0129568106312293,-0.0267058065439966,0.0020409906063192,-0.0110376905755101,0.057695605573419,0.0284524938158596,0.0,-0.0396872722454118,0.0,-0.0280426469571061,0.0041193276194273,0.00700397399394,0.029537755632427,0.0077110389610388,0.0174249757986446,0.1578825347758887,0.1008345428156749,-0.0173851888318447,0.0,-0.0226906941769345,0.0707165694940756,-0.0317491108955705,0.0,-0.0063033338115172,0.0,0.0,0.0402601485440325,0.0215836740790529,-0.0359554555147494,-0.0059522089629865,-0.0025659118609275,-0.0338908224761552,0.0,0.0,0.0466591166477916,0.0277932184546969,-0.0056142052448987,0.0018880705648356,0.0689964157706093,0.0028432604763801,0.0030611685678272,0.0,-0.0499850790808713,-0.0007738960136458,0.0,0.0294164668265388,0.0407976657694124,-0.0536884460624641,-0.0388966064695376,-0.0154714410820278,-0.0776416856964916,-0.0258249146640002,0.0,0.0,0.0169576743760855,0.0189709440507033,-0.0259226774701026,0.0,0.009850622022846,-0.0133327117616893,0.0,0.0113950818681651,0.021853813559322,0.0153550146638523,0.0,0.0238894705804477,0.0037600358181446,0.0966946374327046,-0.0245810997251215,0.0,-0.0147118644067797,0.002517543511874,0.0
2015-09-14,0.0,0.0,-0.0263239153929288,0.0236734014209589,-0.0091115574986542,0.0356782228205991,0.0586288068265412,0.0521395273523721,0.0446435237028739,0.0370985884093513,0.0118671724342538,0.0,-0.0363598730509175,0.0,0.0196716311696234,-0.0109508370277244,0.017433509230839,0.0197594053028322,0.0426902939991946,0.0465662954049364,0.0590002002269238,-0.0409374072975378,-0.0139137405345052,0.0,0.018061067465781,-0.0057965923063412,-0.008191977204933,0.0,0.0274818777970751,0.0,0.0,0.0332999641123472,-0.0089372201407291,0.0132309267793138,-0.0568845740197075,-0.0621904945655669,0.0210520722635494,0.0,0.0,0.0191156315371854,0.048644913166276,0.0371204021533211,0.0403371982622204,0.0257753562447611,0.0312177601161591,0.0377536684358414,0.0,-0.0438196953039108,0.0085510613748083,0.0,0.0111153018436758,0.0272543309807018,0.0022677573499636,0.0078463762130909,-0.0158134018580747,0.050641458474004,0.0717774474410701,0.0112828549041954,0.0,0.0266528832756527,0.0162852760091618,0.0399188188717538,0.0,0.0448342187213772,0.0141270966217812,0.0,0.0168940715429282,-0.0222935218684884,0.031882991445129,0.0,0.0,0.0321415579691315,-0.0795579201404124,-0.0154183357267023,0.0,0.0194041147732746,0.0243015047555019,0.0
2015-09-15,0.0106081276613336,0.0,0.0054309046222151,0.0289006371153586,-0.0298848594861739,0.0325804354891128,0.0362958330438005,0.0178118697198212,0.0192238976631173,-0.0057160165715626,0.0078116819200402,0.0,-0.0326483854800602,0.0,-0.0192921236291127,0.0041478508111725,-0.0205528310298707,-0.0181302922698715,-0.0261684047894941,-0.0237713246697683,-0.0484023444885611,0.0,0.0032081524816003,0.0,0.0139220365950676,0.0636042402826855,-0.0330610046236029,0.0,0.0283945518565669,0.0,0.0,-0.0029064453624831,0.0147530704827942,0.003557639829395,0.0126980213277445,0.0055547935811273,-0.0171834181575962,0.0,0.0,0.0175066062665154,-0.006446806681757,0.0350141069232439,0.0246549959899333,-0.0565883554647599,0.0133096190899659,-0.0118534563806343,0.0,-0.0367936925098554,0.0162048645937813,0.0,0.0392548382849868,-0.0102434993177404,-0.0113131313131312,-0.0090657652120466,-0.0267121912030529,0.1122536418166237,0.0362041256632104,0.0230464732979278,0.0,-0.0227213028631467,0.0045695145149284,0.0099367784496977,0.0,0.0043830813061582,-0.024832277301528,0.0,0.0110912679763135,0.006860172299536,0.0265832263585794,0.0,0.0,-0.0046866215206974,-0.0070315526025682,-0.0287205693669193,0.0,0.003813702328721,0.0042662445465426,0.0
2015-09-16,0.0204617599895278,0.0,0.0559082127508574,0.035572185186161,0.0455014170109604,0.0421354945314345,0.0299508270004469,0.027766282549182,0.037325293320245,0.0323804282667872,0.0155022650762646,0.0,0.0074013766560581,0.0,0.0465612768769378,0.0234518138512274,0.0139894093191921,0.0413812289181763,0.0268715914724839,0.0367854501629736,0.0719252930657659,0.0467745815719833,0.019172888811715,0.0,0.0461880476003659,0.0327242524916944,0.0717949908312249,0.0,0.0268115162003494,0.0,0.0,0.0308724586136726,0.0573365318213208,0.0171611577738837,0.0156735041694564,0.024687990179363,0.041957005189029,0.0,0.0,0.0270138663451282,0.0207636405583111,0.0206891731320331,0.0254652433840298,0.0333477695972281,0.0049730868242452,0.0378441327132539,0.0,0.0572987721691677,0.0045649424755558,0.0,0.04682980385533,0.0195145631067958,0.0859011033919083,0.0640409365793146,0.0,0.1298151001540832,0.0043660700058425,0.0273742478278231,0.0,0.0033149666263494,0.044190593804672,0.0274485255093015,0.0,0.0402356535020729,-0.0124217667574412,0.0,-0.0164427814446407,-0.0281646386090912,0.0237760294551832,0.0,0.0513305750152803,0.0198970580176289,0.0423680499294865,0.0236536073162469,0.0,0.0093355299286106,0.007881129500413,0.0
2015-09-17,0.0020524497109735,0.0,0.0468242410664276,-0.001806569807384,-0.0321885328351774,-0.0429612291894748,-0.0219401041666665,-0.0059235742769755,-0.0028389248135547,-0.0198659736897215,0.01144921011705,0.0,0.0345308941297479,0.0,-0.0350964107047452,0.0054031181850731,0.0551706594442531,-0.0073463118175443,-0.0017381228273465,0.0035136848779457,-0.0125424776027185,0.0524000262656774,0.0056365624068264,0.0,0.0071498212544687,0.0130287920218754,0.0015809763070124,0.0,0.0113017813510527,0.0,0.0,0.002827621774466,0.022928447431292,-0.011623992554308,-0.0015581458064902,-0.005324459234609,0.0442922188795837,0.0,0.0,0.0038382515635231,0.0025426601875917,-0.0217421077860713,0.0,-0.006496227996647,-0.0112577865750713,-0.006527175786378,0.0,0.0269354838709678,-0.0256992845957811,0.0,-0.0101046771948931,-0.0221407485001428,-0.0211124491946409,-0.0343923054503061,0.0054684275691292,-0.0383566314353903,-0.0020307575148604,-0.0195681601908566,0.0,0.0165647184890833,0.0471103051328549,-0.0020529801324502,0.0,0.0291563535679824,0.0628900391853319,0.0,0.0250705922661593,0.0195102129273445,0.0020526565786795,0.0,-0.033607996153975,0.0004463898223119,-0.0158035637180113,0.0236364639055863,0.0,-0.0060735937465301,0.0072092003127801,0.0
2015-09-18,-0.0010241228947474,0.0,-0.0369538077403246,-0.04891664542442,-0.0538638050887494,-0.0184608102244486,-0.056091770396503,-0.0457937373422651,-0.054307793117473,-0.0465877417036525,-0.0249051641292802,0.0,0.0060365030892692,0.0,0.0012986751500019,-0.0589853993330959,-0.0620993817006069,-0.0763447371076798,-0.0201199458309152,-0.0274055548242728,-0.0235264672756851,0.0608972359143944,0.0193279683749822,0.0,0.0094819668875818,-0.0336614798348682,-0.060501221700867,0.0,0.0026991790827575,0.0,0.0,-0.0329668380918602,-0.0403259682433,-0.0117807340920018,-0.0123645748927102,-0.0026764804282368,-0.0392019464720195,0.0,0.0,-0.0205123591462181,-0.0431155948824888,-0.0244653669805047,-0.0393219982102437,-0.0649651972157772,-0.0159491863486151,-0.0369990329462658,0.0,-0.0964347416365635,-0.0302533719904197,0.0,-0.0320700896495517,-0.0082485270487412,-0.0398677482603515,-0.0331019217225073,-0.038276038994356,-0.031022868285765,-0.0502469423659833,-0.0252491421853426,0.0,-0.0553847505270556,-0.0674861639245508,-0.0521600637069481,0.0,-0.0456954182292514,0.0118337808929953,0.0,-0.005440106958035,-0.0068767238309835,0.0145592442736459,0.0,-0.0157455719194327,-0.0205412953575515,0.0068733547821,0.0215498663908284,0.0,0.0081438864994694,-0.0184999337259283,0.0
2015-09-21,-0.0071922279087276,0.0,-0.022223045297974,0.0171531183833186,0.0029745557782707,-0.017923883776072,-0.0320866928374978,-0.0183345442078024,-0.0308695807996941,-0.0227564429051645,0.0038695755915885,0.0,-0.0201185938161797,0.0,0.0188113934104825,0.0227749681769704,-0.036001028168801,0.0053355185286352,-0.0066140177690029,-0.0122888696405369,0.0519671921056004,-0.0156442980650473,-0.0446543580936024,0.0,-0.0035161916939192,-0.0188958264870194,-0.0118759925429813,0.0,0.0053798500163027,0.0,0.0,-0.0101960352826833,-0.0389214742186815,-0.0238018003406049,-0.0265884712388709,-0.021670580342167,-0.0100281598833087,0.0,0.0,-0.0043629015591633,-0.0251501943691836,-0.0366676234213546,-0.0222602739726026,-0.0554928942025716,-0.0050859373831357,0.0132233558960834,0.0,-0.0292021553971841,-0.0624106330430261,0.0,-0.0316381088704585,-0.0194917417859736,-0.0325538560102505,-0.0394380853277834,-0.0283824157063594,-0.0274423710208562,-0.0260006918639035,-0.0204897340962638,0.0,-0.034500395220161,0.0227910450774169,-0.0188335783798921,0.0,-0.0254581179787279,0.0175430704871575,0.0,-0.0341518814244821,0.0213295376102999,-0.0122478265948037,0.0,-0.002327330857116,0.0004555481974211,-0.02960058097313,0.0010020251455571,0.0,-0.0380745534329152,-0.0115561214646756,0.0
2015-09-22,0.0036221653933963,0.0,-0.0299632561839463,-0.0486943690548339,0.0197431119582378,0.0118672504808281,-0.0006071497959977,-0.0023865951519685,0.0039816081752401,-0.0244225316877919,-0.010799247669636,0.0,-0.0430804697067933,0.0,0.0,-0.0153049211207911,-0.0795219273480144,-0.0298507462686568,-0.0178873099473317,0.0088243354343655,-0.051166473777182,-0.0954173388301368,-0.0396810438564697,0.0,-0.0259092927996841,-0.0219393736392563,0.0,0.0,0.0099388167547964,0.0,0.0,0.0144326076887446,-0.0186183779057058,-0.0091381100726896,-0.0160766685396765,-0.0303799204498697,0.0270228788933002,0.0,0.0,0.0263843723333103,0.0122349102773244,0.0248417132216014,0.0095411558669,-0.0146883209935515,0.0069762896363008,-0.0198825808013556,0.0,-0.0449418084153984,-0.0127896296553038,0.0,-0.0031084929243744,0.0266692037294822,-0.0312900956086255,-0.0452280359657676,-0.0233911706567098,-0.0703536493604213,0.0273249086305464,0.018441361339003,0.0,-0.0035636888995904,0.0683495835471517,0.0051662623091195,0.0,-0.0049528818759587,-0.0137924937005438,0.0,0.0082069495104624,0.0395676479988262,0.0107779373257876,0.0,-0.0013431042201748,0.0069903240086852,-0.0821708675088306,-0.0235819731726076,0.0,-0.03148327343102,0.0159851663901628,0.0
2015-09-23,-0.0118561507298565,0.0,0.0458059981255858,0.001966595573775,-0.009680434085171,-0.0135075019209771,-0.035624893684236,-0.031875166711123,-0.0339120398791837,-0.0254292521876635,0.0155974133157821,0.0,-0.0396747722653014,0.0,0.0381912919906841,-0.0099064015850242,0.0183348669188563,-0.0123039581777445,-0.0433066882525547,-0.0395794849505596,0.0520639404249854,-0.2050858652575957,-0.0446722425193998,0.0,-0.0024318573310365,-0.0111301369863012,-0.048028323201267,0.0,-0.0155192669172932,0.0,0.0,-0.007835044015049,0.0066085019491368,-0.0030811150702158,-0.0359465719090071,-0.0398896668788457,-0.032897293096749,0.0,0.0,-0.0361773363593466,-0.0335750738651624,-0.0285459897517897,-0.0396497168868656,-0.0150284813961943,-0.0097051138484508,-0.0146586593386235,0.0,-0.005249343832021,-0.0492758711489511,0.0,-0.0155909289140864,-0.0141733973233446,-0.0108096560563982,-0.0215011062574458,0.0,-0.0252934034803722,-0.0525717089708702,-0.0248133725098761,0.0,0.0179305011840895,0.00164422028857,-0.0367020672421626,0.0,-0.021892344286847,0.0023308978439193,0.0,-0.021599942876184,0.0185016253811456,0.0005348219210135,0.0,-0.0096975130951819,-0.0254937343778129,-0.1534522683539348,-0.0287810931851292,0.0,-0.0287957181088315,-0.01068121566066,0.0
2015-09-24,-0.0026111784467962,0.0,-0.0580635525185766,-0.0176646209985071,-0.0112469540966519,0.015537244291395,0.0019150812649615,0.006999931119989,0.011844847745412,0.0096367842303179,-0.0138148826300738,0.0,-0.0056444026340546,0.0,-0.0042869907416209,-0.0185619652221916,-0.0154278638599779,-0.0110772953252301,-0.000423056583818,0.0058831848394851,-0.0141567000244081,0.0319484835895305,-0.0230250161981067,0.0,0.0,0.0,0.0306329671405152,0.0,-0.029220714646555,0.0,0.0,-0.0058536585365854,-0.0147530704827942,0.0043100729558689,0.033897189495162,0.0089134438305709,-0.0210876574878182,0.0,0.0,-0.0086494299769191,-0.0069483046136742,-0.004021472794269,0.0113729967196056,0.0834256183093391,-0.0093328307576329,-0.0143596894609437,0.0,0.0263852242744062,0.0209202703201742,0.0,0.0221729981171781,-0.0141298002236228,0.0048375950241881,0.0205241187384044,-0.0179916788485325,-0.046501972181856,0.0025778656684793,0.0091687570279388,0.0,0.0035134365207483,0.0249548120550371,0.0129556207348888,0.0,-0.0287322675073181,0.0203479271946693,0.0,0.0266624499774976,-0.0320061755886107,-0.0117263843648209,0.0,-0.013509327869243,-0.0075874098833962,0.069502234550778,-0.0238005289006422,0.0,-0.0274083327209934,-0.001844731834246,0.0
2015-09-25,0.0094199588947248,0.0,0.020534369301514,0.0339946531588575,0.0281772402544213,-0.0108186662360728,-0.0305324312768794,-0.0212556751626665,-0.0229727692926045,-0.0059722885809841,0.0085531599753836,0.0,-0.0280668558814254,0.0,0.0344817710570781,-0.0101947549743373,-0.0078348062542488,0.0090987288540571,-0.0019045603639826,0.0165059190731942,0.0618965090368903,-0.0452514191392567,-0.0107243376144414,0.0,0.0060690705942101,0.0311688311688311,0.019229399615412,0.0,0.0,0.0,0.0,-0.0141092821300942,0.0008235690487778,-0.0135236978730529,0.0016233766233766,-0.0235105140186916,0.0410001683785148,0.0,0.0,0.0034805512440618,-0.0209596666355692,-0.0121131310096153,-0.0243477266881947,0.01396933560477,0.0089489544333851,0.0075189165130031,0.0,-0.0359897172236503,0.0231502414497839,0.0,-0.0356477267802193,0.004616851508004,-0.0264786795048143,-0.0201113509828427,0.0183213099736632,0.010886131069018,-0.0437579984267314,-0.0168995171566527,0.0,0.0175529901589706,-0.0179590073959439,-0.0165585076972325,0.0,0.0131218991978485,0.0199421458625526,0.0,0.0181624311355961,-0.0125141858111217,-0.0377093791727937,0.0,-0.0006883392908896,-0.0001558522520651,-0.036743515850144,-0.0281824804225095,0.0,-0.0003273899466103,-0.0289282726689102,0.0
2015-09-28,-0.0010422810603796,0.0,-0.0487103791174642,-0.0251476471708896,-0.0384612720206715,-0.0190989226248776,-0.0498352660388616,-0.0296406950231937,-0.0249141887461914,-0.0179917414957069,-0.0007653245907065,0.0,-0.0566190785204411,0.0,-0.0291704733165377,-0.0161954823128285,-0.0249918635125644,-0.0173324998579302,0.0013781405703381,-0.009432918395574,0.0726276521333644,-0.0124393843558929,-0.0180513088834023,0.0,-0.0048209192559125,0.0137699412258605,0.006871171360026,0.0,0.0071296573257229,0.0,0.0,-0.0062728894731898,-0.0415560127174118,-0.0124570264420016,-0.0376267200559315,-0.0421713772992373,-0.0120097048119692,0.0,0.0,-0.0213498945394891,0.0028586856398693,-0.0089918825922475,-0.0007761928473096,0.0,-0.0027981416116089,-0.0250469383569207,0.0,-0.0424761904761904,-0.0095808806632373,0.0,-0.0048313521044469,-0.0183825365902392,-0.0507329565524549,-0.0557166048237477,-0.0419431013156414,-0.0161533491277191,0.0275888318640571,-0.0115375114430607,0.0,-0.0034407402241131,0.0065050482839499,-0.0214239214061667,0.0,-0.0259496567505721,-0.0111727042241417,0.0,-0.0123461099862691,-0.0090490241755967,0.0212709899529264,0.0,-0.0109726770673466,-0.0053041324604246,0.0029543754674645,-0.0747364722417428,0.0,0.0029474744930091,-0.0088548761920025,0.0
2015-09-29,0.0041492097898705,0.0,0.0278481012658227,0.0138753175688879,0.0,-0.0027874854385088,-0.0110304155517938,0.0068870523415978,-0.0061437856794421,-0.0224039156794036,-0.0169949387788898,0.0,-0.0024935511607911,0.0,-0.004904849717686,-0.0029602888086642,0.0323787772312016,0.0338692266173181,-0.0133389794622061,0.0037141500740036,-0.0354309314204978,-0.007600341588386,-0.0220464574140371,0.0,0.0024348178959114,-0.0054662912042404,0.0187378550939207,0.0,0.0015745084238234,0.0,0.0,0.0183137721834778,0.0190836715579145,0.0075641989900074,-0.0340124822507678,-0.0283372365339578,-0.0060880775999672,0.0,0.0,0.0022749586915393,0.0,0.0061768655284863,-0.0042210790133226,-0.0344982078853046,0.0121693882027273,0.0049196112859766,0.0,-0.0111398448378755,0.0333934212639883,0.0,0.0161676376281443,0.0293216630196937,0.0234429508349225,0.0232700927119788,0.0625586854460094,-0.0164185639229422,0.0144098072718148,-0.0059683939728041,0.0,0.0,-0.0302942033207107,-0.0078167523435137,0.0,0.0133439834609783,0.0112989439833124,0.0,0.0516629946864284,-0.0052971967694412,0.023579794644239,0.0,0.0159451633004654,-0.0079964479577933,0.0029083858458556,-0.0066329953543715,0.0,-0.001632673565759,-0.0089541981646925,0.0
2015-09-30,0.0031010624159288,0.0,0.0498172572699824,0.0273983918933802,-0.0049999639772048,0.0307063290083022,0.0607089614046711,0.0093971012937779,0.0195136834564821,0.0337501849091383,0.0479178731245064,0.0,0.007413154038445,0.0,0.027109642168007,0.0479759577087406,0.0078450725796845,0.0150280610817967,0.0410944206008583,0.0594569027878248,0.0163380281690141,-0.0025385078736769,0.0375951371507381,0.0,-0.0012144519785446,-0.013657561625583,0.0200735728234706,0.0,0.0011780094078268,0.0,0.0,-0.0017631774313289,-0.0161796806188488,0.0175528398063429,-0.0369876593853621,-0.0550333413673977,0.0387493951841213,0.0,0.0,0.0329239738137334,0.0170715484749626,0.0057385800350797,0.0227697561119206,0.0357308584686775,0.0120305471283606,0.0005475260678771,0.0,0.0112653389660029,0.0348704663212435,0.0,-0.0317985867294787,0.0150787059009649,0.0878971049402355,0.0986439457578303,-0.0588755108803711,-0.0278210549744045,-0.0283984499228496,0.0203640988479569,0.0,0.0069052395838193,0.0179107840192251,-0.0063087636956553,0.0,0.0421013585570548,0.0,0.0,0.0353901996370236,-0.0121160875593463,0.0214235305978425,0.0,0.0279621879059026,0.0561235683882574,-0.0233111499423729,0.00606562599554,0.0,0.0117870531109267,-0.0032224511023638,0.0
2015-10-01,0.0144215327294918,0.0,-0.0443881026262014,-0.009514620353247,-0.0125627231059975,0.0270795385549482,-0.0190781083261757,0.0165110634754723,0.0135321518723814,0.0100718790934208,0.0194923939473101,0.0,0.0279798066227432,0.0,0.046789553960046,-0.0114708219604049,0.0026002971768201,-0.0242105843237385,-0.0274142017932599,0.0158880222694923,-0.0353658536585366,-0.0586636759694602,0.0,0.0,-0.010892694295268,-0.0055724417426544,-0.0016472997640355,0.0,-0.0058831166723468,0.0,0.0,-0.0082736822534164,0.0761176310309259,0.0030601551037516,-0.0036562422349224,-0.0376636626424077,-0.0137362365090534,0.0,0.0,-0.0120281273131013,0.0112107623318384,0.0112221105908669,0.0145204927469491,-0.0344982078853046,0.0269647656457663,0.0081520645727208,0.0,-0.086930574895564,-0.0468298870141358,0.0,0.0509054187418236,-0.0080166762451174,-0.0198855328570831,-0.0303659202621517,0.0249999999999999,0.028617216117216,0.0089710018426925,0.0145805553945155,0.0,-0.0034289421250174,-0.0246228189900034,0.0238003956509069,0.0,0.0101001112347052,-0.0111727042241417,0.0,-0.0102033087718159,0.0353161333538896,-0.0162529404991034,0.0,-0.021234775894142,0.0097307628386238,-0.068671488389798,0.0386062241136906,0.0,0.0107545598090288,0.0284615227221574,0.0
2015-10-02,0.0182693221036633,0.0,0.0496970656951647,0.0769293213551249,0.0564925351245124,0.0351540947426498,0.0677403948206325,0.0424022726084456,0.037756438236578,0.0642422789389944,0.0110283247590325,0.0,0.0439487264857665,0.0,0.0309448713962063,0.0173709412463738,0.1034895078985482,0.0365203968298788,0.0448235668114866,0.0430410505635405,-0.0091368808182967,0.0243779498694038,-0.0072531547941383,0.0,0.0183373456948214,0.0056036678553235,0.0919550481626827,0.0,-0.0019712837424189,0.0,0.0,0.0265091863517059,0.0088439557259638,0.024552825142093,0.0385492375659113,0.071207703860765,0.0504245591116918,0.0,0.0,0.025566585502903,0.0277161862527717,0.0435842159527604,0.0405549172305206,0.0071925754060324,0.0137970205912802,0.045284012899518,0.0,-0.0113289760348584,0.106858333479243,0.0,0.0312520474349735,0.0373239851528899,0.0931759089552877,0.1067928354173706,-0.0183213099736631,0.0554195415090141,0.0474119286778487,0.0241993085911831,0.0,0.0517040963407262,0.0358716411701303,0.0418208235346984,0.0,0.0643555633864858,0.0028247359958279,0.0,0.0154682000043726,-0.0263936244505607,0.0341131419207036,0.0,0.0400081283320183,0.026388557414555,0.01283413716995,0.0348418883157111,0.0,-0.004169946860854,0.028330415406653,0.0
2015-10-05,0.0144589552238805,0.0,0.0483627584125547,0.0339204502625691,-0.0197534634498459,-0.0195309525622476,0.0150841181879179,0.0231893265565439,0.0293189831137499,0.0108747964815629,0.0007311010381634,0.0,0.0056609791101898,0.0,0.0044468191454523,0.0099628967981311,0.0328281672084611,0.0006719819836182,-0.0182555780933063,-0.0051550224293044,-0.0041756074928955,0.0820398121225676,-0.0065623088748202,0.0,0.0384286504702982,0.0634920634920637,0.0255656293392143,0.0,0.0173881039523995,0.0,0.0,-0.0121817584103444,0.0533873541169931,-0.0191715445330505,0.0530017152658661,0.0432164948453608,0.0101116393866049,0.0,0.0,-0.0034015158433019,0.0228934436054177,0.0119992814801508,0.021088936147009,0.0070260308684635,0.0258994234328791,-0.0123788650543341,0.0,0.0769061260467167,0.009950012655024,0.0,0.0166666666666666,-0.0002271888223098,0.0273326314968611,0.0064631043256997,0.0186632450717367,0.0210881484605651,0.0814233601761993,-0.0315080339209997,0.0,0.0033157964543084,0.0358342460752099,0.0282518367288253,0.0,0.0099739270785912,0.0033801352054081,0.0,-0.0101514645882898,0.0059017742241724,0.0232046700409114,0.0,0.0237917361071202,-0.0033195020746887,0.0443099273607747,0.0179480531724334,0.0,0.0315970206405868,0.0244737656709488,0.0
2015-10-06,-0.0226053639846742,0.0,0.0441525728679381,-0.0362584752970909,0.0294838207179779,-0.000893099833029,0.0228897375636505,0.0121162110492001,0.0094946217174449,0.0007496024068316,-0.0370640950711085,0.0,0.0113375089193688,0.0,0.0476002539595381,-0.0183005646642627,0.0170227857079527,-0.0099640640313622,0.0,0.0485289355023541,0.0084444703278783,0.0855760883046012,0.0154242928452579,0.0,0.0173407604746911,-0.0128612257859638,-0.036655782096209,0.0,-0.0132080856314839,0.0,0.0111112441480381,-0.0014790984894706,-0.0052928062084105,-0.0170925952880997,0.0083726991366672,0.0222942525100797,0.0337721375130219,0.0,0.0,0.0072843889588822,0.014500820248418,0.0095495047747524,0.0091051092746619,0.0352281825460369,-0.0213951430605768,0.0182791042929604,0.0,0.0364231634949865,-0.0125773357349832,0.0,0.0,0.0013729110448326,0.0521102170942766,0.0473277038984678,0.0914920416809803,0.1185460553490291,-0.0177359131025117,0.022365597592062,0.0,-0.0033048382832467,-0.0208307632659534,0.0079560390391231,0.0,-0.0127847893787904,-0.0129135354582361,0.0,0.0628167482327353,-0.0370327647950168,0.0151084139326125,0.0,-0.0165590794274488,-0.0036241940090182,0.0060282865754694,0.0093772791998054,0.0,-0.0062503741842782,-0.0023794685853492,0.0
2015-10-07,0.005535084280674,0.0,0.1738635972016404,0.0125324658950498,0.0023866184299214,0.0026039642440729,0.0846995189431107,0.0347430195106595,0.0359188046907554,0.0489204700737906,0.0037732031763695,0.0,0.0591878331765443,0.0,0.000524151938543,0.0143451143451143,0.0524511085926828,0.0160956204513371,-0.009297520661157,0.0409133027631922,-0.0025410025410025,0.0585323127308732,0.0007209923476494,0.0,-0.0079512450602293,0.0341000482547853,0.0106442345451913,0.0,0.0346475167107263,0.0,0.0,0.0147017979150851,0.0220537914043252,0.0124182868264612,0.0698823985525975,0.0528961410563761,0.043552347099564,0.0,0.0,0.0197621267596024,0.0324853454996969,0.0249841761023981,0.0284580273863861,0.061208706220307,0.024045661326326,0.0256355739148923,0.0,0.0724580454096743,0.0254750801053267,0.0,0.0402233007686378,-0.0073184568835099,0.0515854406406695,0.0341814319509488,0.0446915652538817,0.0138478581979322,0.0032505399568034,0.0362868009578813,0.0,0.0295326937530395,0.0160544266661866,0.0882405981661047,0.0,0.0217914660468205,0.0159264931087288,0.0,-0.0012074575854942,0.0375040836327997,0.0059471914310624,0.0,0.0359360730593607,0.0014533358093868,0.021087808250749,0.100494328412988,0.0,0.0213752967117706,0.0083669335756337,0.0
2015-10-08,-0.0159992514970059,0.0,-0.0152075626798191,-0.0070727698361308,0.0342868513321577,0.0086444160173664,-0.0145183354662193,0.0018644927253579,0.0008274720728174,-0.0014089128211066,-0.0375901963155561,0.0,-0.0084375693879061,0.0,0.0058117643206783,-0.0028352804536448,0.0106024628637695,0.0356685369946054,-0.0093847758081334,-0.0263404167903038,0.0570287169986105,0.0638221326809613,0.0173568469486335,0.0,0.0091428297177962,0.0508632757816145,0.0421694138819583,0.0,-0.0011417008192687,0.0,0.0,-0.0052188828671009,0.0096757453504527,0.024552825142093,0.0373244753133019,0.0295997062063899,0.0,0.0,0.0,-0.0125105927478704,0.0024890927396798,0.0055405938556014,0.003704847175054,-0.0192608016657991,-0.0341592627338447,-0.0004960464358693,0.0,0.0268777614138437,0.023171637173617,0.0,-0.0071488645920942,0.0491208351589735,0.0336523618400741,0.0330516782596517,0.0534243824061055,-0.0227645237661628,-0.0041226682167039,0.0131990321615964,0.0,0.0318632713531152,0.0296529856694951,0.0006628594737914,0.0,0.0213267254336435,0.007278521900168,0.0,-0.007724776657651,-0.0414646178390746,0.0098740211099761,0.0,0.00280997928329,-0.0020317173655397,0.0826091863220854,-0.0044710320892956,0.0,0.0150884188422382,-0.0350297546415364,0.0
2015-10-09,0.0055861937814964,0.0,0.0569103267350346,0.0249561073488837,0.0819501386511696,0.021445042275173,0.0475550779150992,-0.0074440914470814,-0.0107252767442928,0.0364418245071509,-0.002345598860709,0.0,0.0063447040382176,0.0,-0.0052491943097104,0.0212736802439108,0.0346292552319544,-0.0197721413141941,0.0132631578947368,0.0376960405091779,-0.0396560223475926,0.0660128508623605,0.051874265664483,0.0,0.0272513257080349,-0.0145056246299586,0.0043367346938776,0.0,0.0099047363795095,0.0,-0.003659099790401,0.0075758965422361,0.0280029843322555,-0.0269421386469784,0.0059969142091933,-0.0373091739192467,0.0255113686243524,0.0,0.0,-0.0045617759309861,0.0075324313014368,-0.005510064824292,-0.0067158822926278,0.1569002123142251,-0.0106059307507713,-0.0230146443359678,0.0,-0.0356758694872713,0.0275148913010612,0.0,0.0360622012464451,-0.0013164704066531,-0.0037501659365458,0.0056938858511454,-0.0760724499523355,-0.0184494968319046,-0.0053395015024101,-0.0215463461099857,0.0,-0.0247201298431061,0.0214874326904879,0.0210700636942675,0.0,-0.0124095139607032,-0.0550282195997946,0.0,0.0438185309847811,-0.0151275411038781,0.0273554833568321,0.0,0.029295737503159,0.0015995992922985,0.0163661002814552,0.0363895228324366,0.0,0.0069846361248635,-0.0178394257144524,0.0
2015-10-13,-0.0550788360163582,0.0,-0.0615462725298282,-0.031298176924018,-0.0255317583435015,-0.0126044096621266,-0.0832050953235871,-0.0559120720494555,-0.0546024376088217,-0.0150208389665363,0.0054789344417154,0.0,-0.0982791870642338,0.0,-0.005276893750358,0.0069435126794579,-0.0821505433132204,-0.0012973395653023,0.0220236858508207,-0.0405964079972889,0.0784805794786973,-0.1256899942897025,-0.0330966735012394,0.0,-0.011041922266719,-0.0073595674376688,-0.0129344874074364,0.0,-0.0320649416539827,0.0,0.0036725379733293,-0.0023121176813282,-0.0071769563253983,-0.0037099140641374,-0.0610874786584483,-0.0866246758058539,-0.0633132447609915,0.0,0.0,0.0074638716849295,-0.038598920116295,-0.0406195859135117,-0.0534709677419354,-0.0451458983299689,0.023229457666515,-0.0194550169075166,0.0,-0.0959286112660345,0.0031486331400993,0.0,-0.0125367439506317,-0.0118911252931872,-0.081215230354109,-0.0761177263536284,0.0494222038794882,-0.0569584203531421,0.0005976701729983,-0.0140406685771482,0.0,-0.0126306806059314,-0.0229217192131501,-0.0890286199066795,0.0,0.0,0.0294104339170173,0.0,-0.0286850382796889,0.0419826110159882,-0.008562435669854,0.0,0.0036298028162999,-0.0119133078989184,-0.1152820512820511,-0.1062950766682155,0.0,-0.0466952116057105,0.023808580596601,0.0
2015-10-14,-0.0160441631434551,0.0,0.0631180307174417,-0.0341282271510129,-0.0314358164440277,-0.0399344587127996,-0.0094183471267047,0.0015871564969545,-0.0052918498146011,-0.0225293449450965,-0.0303770512338718,0.0,0.0199062268651806,0.0,0.0037093086375075,-0.011026349978347,-0.0165714861113108,-0.0325645953448643,-0.0114860744053669,0.0044504097202597,0.0299328362155586,-0.0472060957910013,0.0027852067541265,0.0,-0.0044707644773184,0.0099863822060826,-0.0174983669510481,0.0,-0.0226035627021055,0.0,0.0,-0.0101458002591193,-0.0360954531425137,-0.0061641385984474,0.0015718424459101,-0.0130618205419438,-0.0090568451836958,0.0,0.0,-0.0369978382273463,-0.0233000201607097,-0.0088505068926675,-0.0092971263427668,0.0354603113588314,-0.0157179239359712,-0.0078327972287517,0.0,-0.0273493728151347,-0.0266940451745378,0.0,-0.0042188270083785,-0.018713773116202,-0.0284616221311773,-0.0209133796994308,-0.015730999901681,0.025166096235152,0.0178650941039759,-0.0193861515568719,0.0,-0.0320670729072128,-0.0230802378695164,-0.0148730450026021,0.0,-0.0142972211035039,-0.0342842072875918,0.0,-0.0280962952402289,0.0147410316054545,0.0047996629703745,0.0,-0.0271463370528354,-0.0108814549966531,0.0,0.0064538005086183,0.0,-0.0205324390745873,-0.0116274570499923,0.0
2015-10-15,0.0385863807788464,0.0,0.0632439003703599,0.0018569373610566,-0.0103747783097621,0.0194879936495337,-0.0142853780800641,-0.0067450967377957,-0.0035548972412516,0.0003583188068951,0.0345369592834228,0.0,0.025324622953464,0.0,-0.0126846775977776,0.0125639989221235,0.1157317340744532,0.0134642975389029,0.0240616966580977,-0.0155191410553954,-0.0216174582798459,0.0562854640313796,0.002793252008143,0.0,-0.0078530953892456,-0.0491385767790261,0.0089050065477989,0.0,0.0330970925051978,0.0,-0.0109891411180975,0.0134758963959811,0.0194819421271719,-0.0012489415749366,0.0126780933624643,0.0,0.0018260797388152,0.0,0.0,0.0111539810592773,-0.0039808917197452,-0.0237038640545513,-0.0165946555852162,0.0,-0.0048809856580729,0.0263180454350622,0.0,-0.007399577167019,0.0338758288125375,0.0,0.0240739640870304,-0.0097603510351034,0.0104493207941482,0.0050171377477521,-0.0052941764059535,0.0587195600942656,0.0011629892023388,0.0097570660729227,0.0,-0.0066080278608743,-0.0196732302914814,0.0100650614469219,0.0,-0.0121756894790602,0.0325428974557373,0.0,0.0333511457580233,0.0018349202677196,-0.0186127998562487,0.0,0.0325617503307564,-0.0113023958273155,0.0181621454517348,0.0144419738112886,0.0,0.0158086644830357,0.0024663808796758,0.0
2015-10-16,0.0094248784149884,0.0,0.0710487130397785,-0.0352425207539288,-0.0209539564378273,-0.0069687767655531,-0.017500716263967,-0.0115854626249801,-0.0191261907416352,0.0173673969234342,0.0217391304347824,0.0,-0.0202155274128844,0.0,0.0604951489347573,-0.020691261102425,0.0070532401641385,-0.0232676322189554,0.032633798574154,0.0162162162162162,0.0342185367901752,0.0703753109564842,0.0319621049981115,0.0,0.0282721520487241,-0.0127619347723333,0.0132196417517025,0.0,0.020840071716361,0.0,0.0,-0.0060571885913854,-0.030135718182269,-0.0105762913037027,-0.0297183141389894,0.0066584463625154,-0.0151987995618032,0.0,0.0,-0.0026825771240924,-0.0173194777511324,-0.0178861788617886,-0.0150556892595287,-0.0399999999999999,0.0066911552866608,0.0302524071317924,0.0,-0.0385516506922256,0.0195020988805969,0.0,0.0041371044135558,0.0137575155044262,0.0041734377308317,-0.0062277580071173,0.02138983731673,-0.0139120756816918,0.0002984024810035,0.0074437156781506,0.0,-0.0066969301991099,0.0160544266661866,0.0249119136754019,0.0,-0.0023162509823385,-0.012033853477916,0.0,0.0229461986169414,0.0330310472951698,0.0189658066189597,0.0,-0.0240271085932123,0.0219575206908209,-0.0089190830423561,-0.0094872249036886,0.0,-0.0339847172198969,-0.0117353015835821,0.0
2015-10-19,0.0093287955829688,0.0,0.0291211519364449,-0.0096060179673125,-0.0167558434243874,0.0017642215862312,0.0442273577798839,-0.0028310178142851,-0.0013513001528105,0.016024207591516,0.0038092134076164,0.0,-0.0320327552986512,0.0,0.0519886052372082,0.0056387784911171,0.0369979821649417,0.0163334324364501,0.0003889537145078,0.0106382978723404,-0.0103014310362326,0.0218936306376098,0.0235760579489134,0.0,0.017607743719751,0.0103734439834024,-0.0014387354894657,0.0,0.0,0.0,0.0111112441480381,0.0209175923723075,-0.0151525481506732,0.0176085000642647,-0.0145313331871848,-0.0296423321901029,0.0302497756506132,0.0,0.0,-0.0130315818763622,0.0189804772234274,0.0068859121011439,0.0238521422888964,0.0237819025522041,0.0048723250506192,0.0169226687107519,0.0,-0.0139565795303501,0.0061190060904126,0.0,0.0385822375387459,0.0033903687376246,-0.0031262642980617,0.0,-0.0052108937174317,-0.0421369450714822,0.0072980258041144,0.0007388716175711,0.0,-0.0066968325791856,0.0079180911554745,0.0,0.0,0.0258695742299239,0.0365412929995985,0.0,-0.0074738563711156,-0.0044451895428822,-0.0319846665269085,0.0,0.0559967884035328,0.0079433145470879,-0.0360356910351166,-0.0336630343671415,0.0,0.0,-0.0056113174741169,0.0
2015-10-20,0.0056464595497249,0.0,0.0263189636455747,0.0077593508374087,0.0194076771479032,-0.0069661865998749,-0.0323473970817528,-0.0162122765833029,-0.0236228438464263,-0.0240037461952703,-0.015899428756963,0.0,-0.030687567388239,0.0,-0.0225485601208145,0.0573551764904576,0.0067414037686579,0.0220861139043788,-0.0087480559875582,0.0245536749362393,-0.0044095780136389,-0.0643066679851016,0.0493437225309516,0.0,-0.0054128731258776,-0.0102669404517452,-0.011625152962539,0.0,-0.001889301779777,0.0,-0.0146482409084988,-0.0062560499049939,0.0107820909987712,0.0203982822499158,-0.0065465408205421,-0.0033661533282841,-0.0143813740790477,0.0,0.0,-0.0191711305328445,-0.013304949441192,-0.0128741731753803,-0.020382678192338,0.0465533522190746,-0.0352580989676041,-0.0185979764010089,0.0,-0.0197708380139294,-0.0304231676471424,0.0,-0.0172397812586894,-0.0263704144986084,0.0134666469893742,0.0125335720680392,0.0052381893654871,-0.0196386488609583,0.0124595435026337,0.025075225677031,0.0,0.0135295189504374,-0.0196133567662566,-0.0215266027448769,0.0,0.0349565568801777,-0.0207042011019282,0.0,0.0195443968401394,-0.0419254262197207,-0.0236673576091327,0.0,0.0023323435429019,0.0036506553757016,-0.0311457174638486,-0.0106750864531649,0.0,0.0207076368857932,0.0025035765379113,0.0
2015-10-21,0.0061324286010098,0.0,0.0224238435502068,-0.0366002440016266,-0.0380696907464763,-0.0009064396626468,0.0121449700584399,-0.0074170428310533,0.0013988187752564,-0.0007004951445132,-0.0053819981441385,0.0,0.0158295542055275,0.0,0.0024507192328184,0.0132255694342395,-0.005736089981794,0.0045972488059673,0.0128456560109824,-0.013691190115187,-0.100787969305248,-0.0250105678455686,-0.036999701844306,0.0,-0.0010930206079925,-0.0314395148420045,-0.0205882940271979,0.0,0.00567863399264,0.0,0.0111525057084485,-0.0361130652813104,-0.0129443188822683,-0.0308831720751757,0.026358721729951,-0.0068394832390441,-0.0024303349995857,0.0,0.0,-0.0002395324326914,-0.0013484358144553,0.004883681311401,-0.0074218860655506,0.0,-0.0086864750771228,-0.0124662127232175,0.0,-0.0398808159523264,-0.0133366552840999,0.0,0.001339243610299,0.0069504197020977,-0.0316356620190032,-0.0372335199921407,-0.0418837872382261,0.0350560897435898,0.0151686097530399,-0.0050418569254184,0.0,0.0133039687176952,-0.0240032984368279,0.0042545599275354,0.0,-0.0515033190160093,0.0051426310931386,0.0,0.0277113862549955,0.0158294762744273,-0.0100925280436023,0.0,-0.0261598704307358,0.0036373765673822,-0.032146957520092,0.0272620996025252,0.0,-0.0016042450792866,-0.0181749712609504,0.0
2015-10-22,-0.0020343222619764,0.0,-0.0808772817141018,0.0399887434923316,0.0135120099027803,0.0431146700327405,0.0150168702181248,0.0120375272298065,0.0148610895545553,0.004215519642017,0.0131442550897706,0.0,0.0276280323450133,0.0,0.0146911443148687,0.0143456190686384,-0.0163794617101863,0.0351851851851852,0.0134572562687578,0.0382020925110131,0.029095074455899,0.0256521424958451,0.0058678697273946,0.0,0.0228645678984202,0.0135112868676883,0.0120091342821024,0.0,0.0143132150762228,0.0,-0.0110294991561482,0.0172546084027322,0.0177282819872328,0.035613930517711,-0.035312451301231,-0.0068015643598027,-0.0048725118352204,0.0,0.0,0.0398437874359096,0.0148528220361869,0.0259573906982877,0.0209480864179913,0.0110980781376883,0.0212029392276711,0.0252471619378094,0.0,0.0,0.01431902915794,0.0,-0.0053874844591794,0.02137194398291,0.0305639097744359,0.0348469387755103,0.0108773730118008,0.0145151925682212,-0.0377871079278833,0.0484476800568205,0.0,0.0197383011754268,0.0040958765726881,0.005657824607437,0.0,0.0221892882137417,-0.0108011194682524,0.0,0.0130388783514587,0.0177797119382561,0.0153011411834376,0.0,0.0417885939243385,0.012895855708005,0.0199118793424843,0.0232155863073559,0.0,0.0322600580928247,0.0121323455195105,0.0
2015-10-23,0.0055998413642672,0.0,0.0702601300650325,0.0115272215607749,0.0052421761892671,0.016033882922402,-0.0136008240086145,-0.0151702255381185,-0.0137258650353659,-0.0038535829715619,-0.0068756650568878,0.0,-0.0012295081967214,0.0,-0.0038609171923049,-0.0347507149073729,-0.002945376651196,-0.0264380074308517,-0.0046809323653036,-0.0100333709032243,-0.0072907390917185,0.0249753416936733,-0.0045291315500183,0.0,-0.0042567416982393,0.0107299626077062,-0.0133575098216983,0.0,0.0103999784854527,0.0,0.0,-0.000883050941001,-0.0151525481506732,-0.0325803202532424,-0.0415805117601447,-0.0275637733264851,0.0349051792089767,0.0,0.0,-0.0224649201631297,-0.006652474720596,0.0134398237400166,-0.0065971542783663,0.0769230769230768,0.0198514241556035,-0.0576319897296745,0.0,-0.0133683456672236,0.0062676644163603,0.0,-0.0162689393939394,0.0004554919312858,-0.0092291978258489,-0.003746980229749,0.0054816769871079,-0.0238458603586416,0.0114326659822039,-0.0243616466909849,0.0,-0.0128751631143975,0.0449074412819199,0.0196773886691943,0.0,0.0005638340716873,0.0137924937005435,0.0,0.0186291574540149,-0.0147696714301904,0.0010089067549461,0.0,-0.006880733944954,-0.0048647210429961,0.0,0.0048603078565709,0.0,-0.0125007483685565,0.0,0.0
2015-10-26,-0.0045511551415433,0.0,-0.0426978896445349,-0.0285163982665453,-0.0232142247704856,0.0016376358493375,-0.0197925813418136,0.0033263381544919,-0.0074300925208042,-0.0059707223422127,0.0192244292425616,0.0,-0.0432498974148543,0.0,0.0271311715528315,-0.0346493205384169,-0.0147320229676329,-0.0071202671425291,-0.0695844130914675,-0.0059158388212968,0.0162583394068509,0.0081451696051138,-0.069571235055068,0.0,-0.007475547796504,-0.031687308991475,-0.049620191129625,0.0,-0.0231562457223685,0.0,0.0,0.0146200445598334,-0.015368373686852,0.0230749617542069,-0.0086971178156075,-0.0141725352112676,0.0059140314877372,0.0,0.0,-0.0072361287889503,-0.014733458344495,-0.0245665525300288,-0.0147592649914173,-0.0459065296652304,0.0106224801990106,-0.0198617572159482,0.0,0.0474231792886523,-0.0272575129156662,0.0,0.004139311911592,-0.0107967479674796,-0.0082474226804124,-0.0175186816449746,-0.0054517920242302,-0.0195427008012507,0.0142006703816099,-0.0103752169849111,0.0,-0.052304573896184,0.0050767641755509,-0.0103418404744451,0.0,-0.0291015939462243,0.0062355557493567,0.0,-0.048344340276174,0.0054850533603141,-0.0035118663286035,0.0,0.0075083171399212,-0.00503216434945,-0.0097615684971338,-0.0397790789051346,0.0,0.0474712323119643,-0.0126251545733774,0.0
2015-10-27,0.0066004247092008,0.0,-0.0146477222791855,0.011757902852737,-0.0058209414132378,-0.0099212247324613,0.0134614919013147,-0.0004165834946147,0.0042050173798704,-0.0226357517406544,0.0324269685636309,0.0,-0.0219591696688967,0.0,0.0240597324908768,-0.0234838881846687,0.0319034330586021,0.0052138942273471,0.0208376315246543,0.007208623399955,-0.0255971754840844,-0.0080793618326855,-0.0167745406782611,0.0,0.016146126959071,-0.0081395348837209,-0.0189935971810407,0.0,0.0477801219122946,0.0,0.0073450759466591,0.0144093787997023,0.027332009210272,-0.0152440290758048,-0.0122419832012786,-0.0432181444771854,0.0017637784052948,0.0,0.0,0.0264251288017283,-0.0081566068515498,-0.0072064040415297,-0.0056122813280972,-0.0213652944241792,-0.0091952071750909,0.0186611070308859,0.0,0.0401940401940401,-0.0152149845905269,0.0,-0.0082253240279163,0.0188704056808468,-0.0384986634986634,-0.0318843499722965,0.0432443406760736,0.0,-0.0128549981233579,-0.0047629970450527,0.0,-0.0034407402241131,-0.0295403480048073,-0.0167117790436176,0.0,-0.0058869864433481,-0.0140838966892008,0.0,-0.0096087585289864,0.0227305820193866,0.0075542069663063,0.0,0.0022922578234656,0.0067942902292972,0.0,-0.04647570745202,0.0,-0.0060426457990879,-0.0025451974548025,0.0
2015-10-28,-0.0191833875170225,0.0,-0.0243298151726871,-0.0348365675094576,0.0365851087010002,-0.0117470444736348,-0.0169139253207195,0.0153679183850661,0.0256041277743208,-0.0141094171466965,-0.0197282108519847,0.0,-0.0125416593580075,0.0,-0.0115187134461162,0.0169775227164037,-0.0212570594820321,-0.0181451255996742,-0.0140460792239288,0.0059084524313837,0.0254203702655266,-0.0629961851737292,0.0362459963625243,0.0,0.004238698652937,0.0082063305978898,0.0064610802050022,0.0,-0.0010736270390555,0.0,0.0,-0.0130597348694919,0.0167328223378044,0.0012443057195883,-0.0248218404654526,-0.037610825944937,0.050499301955414,0.0,0.0,0.0166543301258328,-0.0068530701754385,0.0120853834209493,0.0067784926470588,0.0109158679446219,-0.0175616442267879,-0.0235599658888284,0.0,-0.0697312902509438,0.0032510444360047,0.0,0.0124499777678968,-0.0216461390958037,0.0173365767018029,0.0131633714880332,0.0207258927702636,0.0099661152082917,-0.0153459438336341,-0.0217733188720173,0.0,-0.0034526197919096,0.0224168566146778,-0.0014106110821988,0.0,-0.0283998498686349,-0.0085710518218981,0.0,0.0372007330386805,0.0,-0.022508391630329,0.0,-0.0542939469654227,-0.0252648184813222,-0.0427870296572844,-0.0270057904089551,0.0,-0.0228035032143855,-0.0205147937382288,0.0
2015-10-29,-0.0221268057784912,0.0,-0.032554596241747,-0.0040041733637876,-0.0541172800998128,-0.0245328877411514,-0.0479210711768851,-0.0388558724186582,-0.0449368608663776,-0.024954650685,-0.0275660937047431,0.0,-0.0126121325162092,0.0,-0.0125776621875451,-0.022269994289745,-0.0444141724390526,0.0065988749459109,-0.0300297222506917,-0.0167789697668231,0.0,-0.0650674882629107,-0.0054828137862479,0.0,-0.0242641209228321,-0.0406976744186046,-0.0464822753683109,0.0,0.0079065200898502,0.0,0.0,-0.0017401707542552,-0.0321576414364082,-0.0136071616640336,-0.0127444750405987,-0.019491854150504,-0.0245903027019706,0.0,0.0,0.0166317801237714,-0.0151807894010488,-0.0294460156379969,-0.0273165582563048,-0.0270388903520322,-0.010398349053176,-0.0246603838000493,0.0,-0.0200525185008355,-0.0389012553188267,0.0,-0.0068358442649557,-0.0463231691229127,-0.0106649461059662,-0.0116571663328711,-0.0151572926596759,0.0,-0.0189531266759627,-0.0339828699725586,0.0,-0.003464581675172,-0.0297545904574658,-0.0305012686004252,0.0,0.0018027298480556,0.019595672991665,0.0,-0.0164876177518259,-0.0471100896439157,-0.0148269388148077,0.0,0.0057421671087816,-0.0126614870912501,-0.0343573338007799,-0.0259538570487892,0.0,0.0140037661192289,-0.0497043377579291,0.0
2015-10-30,0.0047356023735463,0.0,-0.0479552732426898,0.0100789898360749,0.0447757984157137,-0.0104336992914428,0.0303223665739298,-0.0025533580662093,-0.0018926359256711,0.0011306287323595,-0.022226102318129,0.0,0.0576594404965369,0.0,0.0278462675319546,0.0185172461179057,0.018586010732009,0.0157442235357334,0.0461749788672865,0.0537433215356522,0.0400287102473497,0.0069438995684583,0.0068873965328752,0.0,-0.0313448385197263,0.0027705627705627,0.0,0.0,0.0085603170269132,0.0,0.0,-0.008062319551125,-0.0185516821698686,0.02758974139956,0.0,0.0358025912372661,0.0028638126892936,0.0,0.0,0.0528836470245954,0.008408071748879,0.016817125661829,0.0180820953526228,-0.0277903094829921,0.0018283683464646,0.0170377304733608,0.0,0.0034104750304506,0.0219316212383802,0.0,0.0206294580201105,0.0064619397676073,0.0086316031764299,0.0131455886937543,0.0051301906882199,0.0394710874284585,-0.0082765708537878,0.0123956270982181,0.0,-0.0139534883720928,0.0496462882886141,0.0116988018276724,0.0,0.0176520994001714,-0.0265675276110964,0.0,0.0063405449025861,-0.0179133627175804,0.0332274615196677,0.0,0.0264389975213441,-0.0007450917083711,-0.0106648513728159,0.0570025510204081,0.0,0.0352722699545138,-0.0089421696183802,0.0
2015-11-03,0.0267194902793661,0.0,0.0240688153069945,0.0796591641673907,0.0357140406611729,0.0877331025257692,0.0882899398023138,0.0580212997484703,0.0528556084494715,0.060533259412121,0.0148951144444795,0.0,0.0584283041333559,0.0,-0.0133181478449657,0.055857253685027,0.0902705343350189,0.0380891921917156,0.0209069790930207,0.0287315747812508,0.068482242395286,0.1658939494292282,0.0274076716663307,0.0,0.0334814122048165,0.0310827145570713,-0.0033548622680695,0.0,0.0403090678939628,0.0,0.0,0.0165668991524339,0.0393636621315192,0.0067122462126723,0.0828893259431433,0.0807791463763965,0.2114294614965255,0.0,0.0,0.0157717978149045,0.0430794886047805,0.0453838805746502,0.0644464290858806,-0.0057540603248259,0.057909935794072,0.0156797771694761,0.0,-0.0398154891964068,0.0239277234744534,0.0,0.049862487284783,0.0380318470086982,0.1257797048531874,0.0998512744243294,0.0102080123266563,0.0662616290108222,0.0009260688377836,0.0302553637729217,0.0,0.0565561273108441,0.0300094803068171,0.0665287060600128,0.0,0.0543533176153587,0.0743288515656406,0.0,0.0384909118680312,-0.0222282593930831,0.0075352723260031,0.0,0.0673051123815813,0.0364165848525896,0.0539449541284402,0.040437316728813,0.0,0.0385436297995052,-0.0007025092753178,0.0
2015-11-04,0.0,0.0,0.0205685978892957,0.0147719307354812,-0.0114941767254515,-0.0072699652777779,0.0040290455487015,-0.0053532739274483,-0.0199624680411591,-0.0021297811165861,0.0262479687839614,0.0,-0.0167938931297709,0.0,0.0079068492360079,0.0304124205347728,-0.0493000387521798,0.0205201379333774,0.0128611001187179,-0.0066963357318139,0.0258856262731652,-0.019749373433584,0.0066578097164768,0.0,0.0151124383512057,0.0328253223915593,0.0623998168078772,0.0,-0.0380684775422357,0.0,0.0,0.0283260102283366,-0.0045338333049258,0.0296837585665923,-0.0340124822507678,-0.03551550490326,0.0141506064545624,0.0,0.0,0.029923830250272,0.0066317316517157,0.0046226617931628,0.0024899859261666,0.0057873611500045,-0.0086187186930585,0.0175575466717101,0.0,0.0379266750948166,0.0112777426446231,0.0,0.0192704501821183,0.0061852160096844,-0.0634480894624819,-0.0471882868600205,0.0812202097235463,-0.0799501424501423,-0.0312148915078753,0.0218566457132638,0.0,0.0300789177001128,0.0470413012919206,0.0366039121086578,0.0,0.0283113045561633,-0.0167560600390836,0.0,0.0184218267392264,0.0151594296320169,0.0149578333046485,0.0,-0.0285136912128712,-0.0015827844215642,-0.0068332172701951,-0.0197170030155415,0.0,-0.0042852301671459,-0.0013840374349172,0.0
2015-11-05,-0.0071445051753904,0.0,-0.0287802047061305,0.081815390912812,0.0,-0.0064852260720661,0.0487213203953931,0.0113574721996201,0.0272444547253707,0.0373022109684992,-0.0255766340907487,0.0,-0.0220660346518469,0.0,0.0069286378927779,0.0230971942334521,0.0381504362779441,-0.0188924213925462,0.0198280914241062,0.024160455573235,0.0351123595505618,-0.0020113179245925,0.0066287736768697,0.0,0.0202139514151995,0.0557807686071023,0.0111003340877249,0.0,0.009541880079406,0.0,0.0,0.0083355222835128,-0.0068488459694541,-0.0317749889739785,0.0193484428947459,0.0,-0.0046487057580558,0.0,0.0,-0.0036571985858832,0.0158818858268874,0.0130729445336186,0.0120410367170626,0.0,-0.0173872935783022,-0.0057541142303968,0.0,0.0026796589524971,0.0342599347855216,0.0,0.0214058126639322,0.0366387818403985,0.0010100645719852,0.0037192913771166,0.0986598483512606,-0.0096767950454809,0.0622015553231161,0.0035536411360883,0.0,0.0454426057262937,0.0410120350983744,0.0130899984823191,0.0,0.0137853370611991,-0.0208897158322056,0.0,-0.0108585767411631,-0.0170350663995357,0.0044243012841265,0.0,0.0372530480218959,-0.0141355345962306,-0.0034182041281388,-0.0258637008991955,0.0,-0.0387440303013668,0.0709917282646954,0.0
2015-11-06,-0.0251776942616973,0.0,-0.085205204117663,-0.0252092891264248,-0.0274376554007411,-0.018812571051377,-0.0491817454655512,-0.0172471589956756,-0.0143868691670628,-0.0226052636501374,0.0,0.0,-0.0539027243857596,0.0,0.0201737300786191,-0.0664848484848484,-0.038638036809816,-0.0136744596382883,-0.0384062829230916,-0.0197064475244286,-0.0576428203808544,0.0100768573868488,-0.0328958150206344,0.0,-0.0302553684164538,-0.0528336661035171,-0.042379023662332,0.0,-0.016104091750229,0.0,0.0,0.002761327521231,-0.0321874353492862,-0.0048657266496884,-0.0224353600053657,-0.0369149033617294,0.0060715422991188,0.0,0.0,-0.0192299849096619,-0.023421441185837,-0.0102459377145573,-0.015045617030358,-0.022830626450116,0.0017638064080225,-0.0173544577900329,0.0,-0.0398445092322643,-0.0154036623286881,0.0,-0.020957206624959,-0.0296405773973597,-0.0323254892068183,-0.0357386640663092,-0.0256801219805794,-0.0195427008012507,-0.0023975938433216,-0.00969766880382,0.0,0.0,-0.006509756958838,-0.0464901439396777,0.0,-0.0076224767303787,-0.0179666580288502,0.0,-0.0210795273075695,0.0169404688979226,-0.0362054146970347,0.0,-0.0051622560402232,-0.0181430572756989,-0.0448089354030164,-0.075509510044453,0.0,0.0080634108456303,-0.0214448575478093,0.0
2015-11-09,-0.014237449753804,0.0,-0.0331947743467933,-0.0172489082969431,-0.0081313698601817,0.0066527134100762,-0.0241462416443091,-0.0289768560367028,-0.0223522542648253,-0.0364384479211521,-0.0254820580229152,0.0,-0.0092747990460207,0.0,0.0031494746230387,-0.0053885606699993,-0.0068665364832611,-0.0289665611669189,-0.0179282868525896,-0.0138048963590107,0.0122138920609702,0.0120054108894149,0.0,0.0,-0.0247116597585148,0.010702124209502,-0.0295178309069052,0.0,-0.0128048466289281,0.0,0.0,-0.0118288881191548,-0.009494629210681,0.0060962922891265,-0.0176672384219553,0.0076089024158265,-0.0060349011415669,0.0,0.0,-0.0431853623037737,-0.0200106723585913,-0.0187652300741714,-0.025594496506148,-0.0116820210846233,-0.0158960050549153,-0.0315883761117363,0.0,-0.0230263157894736,-0.0093867883147644,0.0,0.0151037724224127,-0.0135676842429849,-0.0323625800685237,-0.0230065227284219,-0.0131784861214068,0.0099661152082917,-0.0243876270077143,-0.020316669149815,0.0,-0.0310301507537689,-0.0299958274737672,-0.0182772751672579,0.0,-0.0115022386907519,0.003430380860234,0.0,-0.0228571428571427,-0.005936083061354,-0.030447314362151,0.0,0.0092978395061726,0.0035773810262327,-0.0180922566982784,-0.0146747769880578,0.0,-0.0165869796741519,-0.0092991036755598,0.0
2015-11-10,-0.0026768068446201,0.0,0.0092131932927952,0.0614184502209382,0.036641030450822,0.0124378109452736,0.0088303821062443,-0.008834791161696,-0.0051283382885631,0.019633156896432,-0.0015931177314003,0.0,-0.0173858773181168,0.0,-0.0080642920649034,0.0135117493472585,-0.0118489198462982,0.0207610004959966,0.0005070993914808,0.0151822718430179,0.0305586893608671,0.0197827903091059,0.003404556868424,0.0,-0.0176463794895485,-0.0235841488849669,-0.0219515551885496,0.0,0.0,0.0,0.0,0.0205934416460731,-0.0151967484353642,-0.0212387550408437,0.005412956172516,-0.0303945629601661,-0.0074797438346956,0.0,0.0,0.0476769959581033,0.0,0.0203023601493672,0.0061984045362315,0.0058620026907554,0.0067309218405067,0.026537010207172,0.0,-0.0507640507640507,0.0173721808950289,0.0,-0.0049596809156333,0.0114619151818275,-0.0064657660778201,-0.0039333402339301,-0.022201819547617,-0.0197355437142294,-0.0172770262839546,-0.0187886245178416,0.0,-0.0481006093608193,-0.0398132806525617,0.0103490124428202,0.0,-0.0177274502147598,0.0062675315568021,0.0,0.0438548791772797,0.0496893041293906,0.0183296378418329,0.0,-0.011381445663392,-0.0034162744887952,-0.0073139856533356,-0.0038933333333334,0.0,-0.0093320122583469,-0.0301508602423933,0.0
2015-11-11,0.0219903342865264,0.0,-0.0199014058791309,0.0396539293439077,0.0232556580949125,0.0220763504345593,0.0075983279059561,0.0139993974942851,0.024390562196586,-0.0064183727136374,0.0142864741237169,0.0,0.002722076036657,0.0,0.0663903029963517,0.0280157145617312,0.0589535836443797,0.0165208940719143,0.0291941206284847,0.0145802957717142,0.0082817705854354,0.0348658124979519,0.0149077286824086,0.0,0.021325621311514,0.059152152481104,0.0155491451488074,0.0,0.0021624443077381,0.0,0.0,0.0054609149608464,0.0267901166931463,0.0049653482082487,0.0018061827023272,0.0195677570093457,0.0032939297580172,0.0,0.0,0.0072388616941838,0.0217805608494419,0.0110862381409231,0.0271823204419889,-0.0294258144645074,0.0378940428672776,0.0393107462662765,0.0,0.0057298772169167,0.0287252099986943,0.0,0.0386552571498284,0.0120250615769315,0.0054232035638193,0.0144445599085523,0.090909090909091,0.0402657539762434,0.0596582325227452,0.0318294538691315,0.0,-0.0033596658494506,0.0096235212132274,0.0395860557821512,0.0,0.0146684687549689,0.0073609477764711,0.0,-0.0196033631877171,-0.0044030900350567,-0.0061773197206496,0.0,-0.0134360530869089,0.0175823812300224,0.0332971236952723,-0.0038951651764201,0.0,0.0459017537330788,0.0048281738142572,0.0
2015-11-12,-0.0089259416827568,0.0,0.0414803775459513,-0.0222361415596618,0.0227271238726494,-0.022388862975853,-0.0028880535435958,0.0096205938379265,-0.0004586162528504,0.0035877076900456,-0.0250346100599909,0.0,-0.0298615509908605,0.0,-0.0033883168732927,-0.0337363738879838,-0.0028370013755157,0.0124965856323409,-0.0914015561902886,0.0291315951549988,0.0377643504531721,0.014977359804946,-0.0113607140155812,0.0,-0.0022100465030617,-0.0077567483710828,-0.0374347605191445,0.0,-0.0151044476273739,0.0,0.0,0.0092228864218615,-0.0134457368477217,0.0030906376805499,-0.0593578808681782,-0.0576721092332663,0.0103254690164866,0.0,0.0,0.0039331974217995,0.0052994641323977,-0.0015111579687224,0.0028237951807228,-0.0303179446795944,0.0146028239030622,-0.0025931978425822,0.0,-0.0246880086814975,-0.0037794920249898,0.0,-0.0036075641391344,0.0002220967786712,-0.0258909651319591,-0.0181315304240933,-0.0166666666666667,-0.0338687826591833,0.0074031048685183,0.0007237372151138,0.0,0.0236424927113703,0.0003615507239231,-0.0105005205820361,0.0,-0.0027815866797258,0.0005620892424764,0.0,0.0,0.0230352803504314,0.0062157161868283,0.0,0.0072210301480457,-0.0079078367230833,-0.0035652253405247,-0.017630380155072,0.0,0.0,-0.0199373831369309,0.0
2015-11-13,0.0111196413977563,0.0,-0.0569103267350346,0.0260135444312252,-0.0497787398095433,-0.018020332513671,-0.0081375568939359,-0.0140899924703356,-0.0146697085176075,-0.0168097596233675,-0.0008067899441699,0.0,-0.0069956160805895,0.0,-0.0089212766518197,-0.017440918079554,-0.0269850849211139,0.0092567613138194,-0.0043360433604335,-0.0264118574078877,-0.0297034206695777,-0.0959318649778498,-0.0202588976956269,0.0,-0.0044068109455032,-0.0153220762976858,-0.0105803603560376,0.0,0.0361455795418057,0.0,0.0,0.0094093755288542,0.0296556697313863,-0.0153846153846152,0.0,-0.0040530955517276,-0.0157906212853353,0.0,0.0,0.0106457170987857,-0.0198492166332902,-0.0170526538082501,-0.0277964010834294,-0.0562379453862552,0.0038108200068049,-0.0020768751490349,0.0,0.0292072322670375,-0.0098384790702282,0.0,0.0265063487252028,0.0098533561548779,-0.026618676581102,-0.0408972352634324,-0.0084347895281291,0.0100160256410255,-0.0226436456269458,0.015405818459691,0.0,-0.029682702149437,0.0223587586864024,-0.0245601878584901,0.0,0.018975406615856,-0.0028088673782463,0.0,0.0109904451176883,0.0152309111238204,0.0102740278382607,0.0,-0.004134241245136,-0.003248149619684,-0.0539449541284405,0.0212707749127967,0.0,0.0,-0.0140426381524946,0.0
2015-11-16,-0.002612586133699,0.0,-0.0086296823138928,-0.0079384546772214,0.001873593120274,0.0008222454776498,0.0134652822842309,-0.0037747443269104,0.0083689044108137,0.0229187363401548,-0.0168593760093018,0.0,-0.0338155175652827,0.0,0.0205826430347431,-0.0027384605232768,0.0,-0.0152864326645171,0.0048992923244421,-0.0077451080831881,0.0564436735267919,0.0040719141447254,0.0,0.0,-0.037612106324303,0.0104795173070815,0.0285645004849659,0.0,0.0162082944470369,0.0,0.0,-0.0031854608858934,0.0233388777028802,0.0006173365122614,-0.0363066715812753,-0.0614508088310102,-0.0070822137099079,0.0,0.0,-0.0135373749264272,0.0067604110329908,0.0188881926416615,0.0282325356871939,0.0066688178982468,0.0122364585451832,-0.0114542945896571,0.0,-0.0189189189189189,0.0015297515226031,0.0,0.0211299954065227,-0.0084287677508014,0.0683462007314099,0.0591210703796367,-0.0128400609902896,0.0,0.0231682594845061,0.0002418932175829,0.0,-0.0170152265639332,-0.0265297596092043,0.010892300406488,0.0,0.0027374021667887,-0.0366181313919222,0.0,-0.0108709683368064,-0.01991524348466,-0.0188224400523643,0.0,-0.0221636141636142,0.0082927190091475,-0.0304499612102403,-0.0208277524778998,0.0,0.0,0.0106651066510663,0.0
2015-11-17,0.0036672014668805,0.0,0.0,-0.0415383577963092,0.0177389409105586,0.0066845918291134,0.0179286057307508,0.0459708331497554,0.037353925882217,0.0028455718822535,0.0171484888304862,0.0,-0.0277075636787866,0.0,0.0558841538882446,-0.0246476543373255,0.0322270322270321,0.0,-0.014626218851571,0.0,0.0025737741291325,-0.0020277004502182,0.0,0.0,-0.0137738393373145,0.0307982401005657,0.0173511245226085,0.0,-0.0041614349775784,0.0,0.0,-0.0104278794402582,-0.0174856282507527,0.0087437506648229,0.0456301396060432,-0.0873712737127371,0.0256663091904962,0.0,0.0,0.0087235618467615,0.0147431879905692,0.0072043577578633,0.0070420645992059,-0.0262848594935355,0.0041656899842614,0.0226438045334393,0.0,0.0567493112947659,0.0114484747262786,0.0,0.0344772186877448,0.0252794973667189,0.0042598509052182,0.0078056796590149,-0.021624258190391,-0.0099166997223324,0.0297093017160947,0.0210933616369524,0.0,-0.0069052395838193,-0.0036810221026393,0.0195067994013924,0.0,0.0141879421716395,0.035086140974315,0.0,0.0085667676532277,-0.0058049515563586,0.0062155257976861,0.0,0.0099194853455337,0.0024983290132212,-0.035257051410282,-0.0352096299842692,0.0,-0.004454494835286,0.0154949018210963,0.0
2015-11-18,0.0026180145499625,0.0,0.0469676678783241,0.0166740930090758,0.0091742512872372,0.0256334161813258,0.0073686338822367,0.0213728496571246,0.0080005935525355,0.0095777648653883,-0.02168249251771,0.0,0.0059994000599941,0.0,0.0011906744893364,0.0098368440690614,0.0028449502133713,0.0366461945641478,0.0073666849917537,0.0007640365911578,-0.0012835834107909,0.1731179833321854,0.0,0.0,-0.0151626135364781,-0.0498475609756098,0.0034295777911663,0.0,0.0006988724377678,0.0,0.0,0.0010877693928885,0.0,-0.0136240931331197,0.015180335064745,-0.0143722532367264,-0.0004631481442495,0.0,0.0,0.0092804111936035,0.0092644333990177,-0.0097697138869504,-0.002450817161048,-0.0472950729726764,-0.007056296978064,0.0061837119045984,0.0,-0.044577685088634,0.0271963869875098,0.0,-0.0433297095822332,0.0030549898167004,0.0106044538706255,0.0077452229299364,0.0132114665558786,0.0250400641025643,-0.0225706286586917,-0.0018552387468585,0.0,-0.0139534883720928,0.0133039530799563,0.0,0.0,0.0042840353338136,0.0056494719916562,0.0,-0.006312734532414,0.0025574248658783,-0.0010349121133229,0.0,0.0027992363920512,0.0077608882131254,0.1463376704162562,0.0048205753498462,0.0,0.0,-0.0201034770026746,0.0
2015-11-19,0.0093872271887938,0.0,0.065600730927364,0.0311404318139878,0.0004584722395057,-0.0153356481481482,0.0558194509489085,0.0240764110558484,0.0317361008881691,0.0256405337221461,-0.0114996918742846,0.0,-0.0104363383361494,0.0,0.0528634632685507,0.0097410231433274,0.0084861824406945,-0.0119799679224902,-0.0024012224405151,0.0148357543743811,0.0611150505229567,0.0173785410245119,-0.0137904107449632,0.0,0.0,0.0182897481148724,0.0289132141702461,0.0,0.0142664804308383,0.0,-0.0357109869302173,-0.0029711375212224,0.0216626615122068,0.0232200128287363,0.0915937015818109,-0.0048204386599181,0.0171584630398,0.0,0.0,-0.0042842996584684,0.0157360997785289,0.0178294573643409,0.0273323274538341,0.0425017277125086,0.0208961639989522,0.0097224958700232,0.0,-0.0008185538881309,0.0330851034596466,0.0,0.0267207792207793,-0.0093526795741429,-0.0010493179433368,0.0025281893108155,0.0611776283418075,-0.0586281024037522,-0.0005832847262727,-0.003717374110203,0.0,-0.0459310081951591,0.0299210281061459,0.0488486674155008,0.0,0.0294450736126838,0.0528067067110324,0.0,0.0107430867539135,-0.0187499025877879,-0.0196027647830097,0.0,-0.0153774831824188,0.0029085950799965,-0.0638509541466944,0.0034287649391147,0.0,0.0095423986120148,0.0403382777367611,0.0
2015-11-23,-0.0149814243232571,0.0,0.0,-0.0190595499082816,0.0099966612329869,0.0196517778430795,-0.008554410273741,-0.0057829539779958,-0.0098212905603841,-0.0239800976412711,-0.0215859374130271,0.0,-0.049618320610687,0.0,-0.0298247154186054,0.0068859984697782,-0.0018672551349517,0.0109160178896803,-0.0098468271334791,0.0027041864058718,-0.0060560497849058,-0.0221888795914245,0.013983245443172,0.0,-0.0212966406346845,-0.0308807310540413,-0.0578623692597746,0.0,0.0120036770577858,0.0,0.0,-0.0013622818220518,0.0242543037327422,-0.0042836843864926,-0.0154150849975243,-0.0829498667958343,0.0291687660907917,0.0,0.0,-0.0152625276531835,-0.002582051870553,0.0108183895312607,-0.0003379256563555,0.0204397304165284,-0.0036844529245344,0.006079027355623,0.0,-0.0152921900600766,-0.0177949195371724,0.0,-0.0056604370236853,-0.002856780091417,0.0357518007202881,0.0306148181772332,0.0205564142194745,-0.0361220676769774,0.0160809571452391,0.0018656222710311,0.0,0.0185277666799839,0.0209077487260083,-0.0088108943544559,0.0,0.0557022368903556,-0.0421540861141895,0.0,0.0446965932306333,0.0087201914524122,0.0068355182775814,0.0,0.0266972541398273,-0.014347946759343,-0.0454545454545454,-0.026647354951205,0.0,-0.0127084628865395,0.0,0.0
2015-11-24,-0.0062997021958961,0.0,0.0444425390837119,0.0275484606613454,0.0364342291188635,-0.0108433300911415,0.0109290781652782,0.0042692806221646,-0.0069046675552673,0.0094769926598823,-0.023768887675223,0.0,0.0063411540900444,0.0,-0.0042770361165235,0.008193471653231,-0.0075072886297375,0.0023923052974814,-0.0099447513812155,0.0049882391110389,-0.0244138162870829,0.0523489140698771,-0.0206934249570512,0.0,-0.0157310771101428,-0.0292635343846529,0.0403563941299789,0.0,0.003051250486622,0.0,0.0,0.0116463466621197,-0.0133126986504251,-0.0141654949528865,0.0660788520852888,0.0266737092301598,0.0137283963864875,0.0,0.0,-0.0050289577279003,0.0038831041822471,-0.0114389437813585,0.0013651610890086,0.0066045907319185,-0.0139668493693456,0.0005072544850994,0.0,0.0377149195784802,0.0137707848128689,0.0,0.0011289912224907,-0.0072670056116926,0.0609221630627694,0.0520211412351963,-0.0201423595335453,0.0320913202670687,0.0201446228011692,0.0102484184946973,0.0,-0.0363814660455993,-0.0125023325247247,-0.0031677041511658,0.0,-0.0182361318559171,-0.0440092560850188,0.0,0.0072672498084087,0.0003674174229342,-0.0193342079370284,0.0,-0.0135528061821871,-0.0019139732288606,0.0396741055614595,0.015443736546324,0.0,-0.0002977519726069,0.0278924731182794,0.0
2015-11-25,-0.0179485912825833,0.0,-0.0492556917688264,-0.0425895512450618,-0.0082489571542035,0.0,-0.0645283655061956,-0.0424709801802091,-0.0486808057846244,-0.0267591863081055,0.0260842200958051,0.0,-0.0488342785129175,0.0,-0.0066460680964497,-0.0284768645956219,-0.0188857065922497,-0.0239313445034736,0.0050223214285713,-0.0419878132440175,0.0487573760606452,0.0116089955695137,0.0035244398373335,0.0,-0.0221078368292368,-0.0026796181544128,-0.0387909319899243,0.0,-0.0077727544501904,0.0,0.0036324736087272,-0.0259573894282632,-0.0172533014015144,0.0,0.0195603635334444,0.0258520900321543,-0.0065562274236871,0.0,0.0,0.0129052304505439,-0.0476777169708604,-0.0324620208214242,-0.0490658149287838,-0.0595891147682048,0.0241636808090277,-0.0428039933493882,0.0,-0.0464991982896846,-0.0343132671733293,0.0,-0.0238567956924347,-0.0137517178195142,-0.0756204977638183,-0.0706145043494441,0.0040958268933537,-0.0156510851419031,-0.0265134376979458,-0.0078436499117588,0.0,0.0377550501195744,-0.0182665658856134,-0.0299424798925963,0.0,-0.0467025191055759,0.0023308978439193,0.0,-0.0088676671214188,0.0294088326188812,-0.02292603802612,0.0,-0.0014045638433612,-0.0335853392266458,-0.0114383061572157,-0.0283405417709993,0.0,-0.0134715619451285,0.0218423750444589,0.0
2015-11-26,0.0112845621153943,0.0,-0.0337612249597053,-0.0131899209531979,0.0109408500441416,-0.0082671716803846,0.0258616805586844,0.0241950430489799,0.0219253647872286,0.0160639044943819,-0.0084737099174209,0.0,-0.0066247101689299,0.0,-0.0027506205668352,0.0209464701318851,-0.0856547611621901,0.0128619517341863,0.0149916712937256,0.0123417788167898,-0.0018070557312415,-0.0131112096684777,0.0470075962241363,0.0,0.018844088851458,0.0026868178001677,0.0070278254240516,0.0,-0.0003382949932342,0.0,0.0,0.0013670658268152,0.029758022996396,0.0187329700272478,-0.0239967922025848,0.0100300902708123,0.0048414056725025,0.0,0.0,-0.0076076731154649,0.0189547793122122,0.0027034285202758,0.0146914254505734,-0.0211597849708338,0.0056956769092944,-0.0110451620943745,0.0,0.0341928251121075,-0.0140525587828492,0.0,0.0256114030948468,0.003372070339715,0.0041734377308317,0.00255268031433,-0.0163934426229507,0.0158999364002543,0.0026130424903429,-0.0058106594637328,0.0,-0.0036773719048786,0.0021493648145771,0.0183854338606872,0.0,0.0136950712589074,-0.0029068467420956,0.0,-0.0180969523708683,0.0139300896051868,0.0092760568201266,0.0,0.0112325049278403,0.0239299026472665,-0.0115706548498277,0.0092538362422396,0.0,-0.0166978251024745,-0.005835261358285,0.0
2015-11-27,-0.012758654994031,0.0,-0.0089362842929908,-0.0033356824054497,-0.0151514206406138,-0.0232455657155447,-0.0313584259299926,-0.0374010890486453,-0.0366537729630229,-0.0474490040796736,-0.0256383819637764,0.0,-0.075025008336112,0.0,0.0114364694945936,-0.047905378617682,-0.0210524879592867,-0.0375171547148598,-0.0482494529540481,-0.0098404310649717,-0.0071590207776177,-0.0232564671516444,-0.0415427114322142,0.0,-0.013561686298822,-0.0246189917936693,-0.0470535355208062,0.0,-0.0037507050197405,0.0,-0.0217393850658856,-0.04418753348195,-0.0074161722551829,0.0116599799398195,-0.0114717315045981,-0.0099304865938431,-0.0026310557359665,0.0,0.0,-0.02363681325475,-0.0239170874302417,-0.0196228975466913,-0.0264815113838204,-0.0071278336059826,-0.020228357413163,-0.0292523865032608,0.0,-0.0539295392953929,-0.0112647999551092,0.0,-0.0261141343148609,-0.0049253786616302,-0.0381772040163301,-0.0404393409885173,0.0,0.026085141903172,-0.0173474117950038,-0.0533172528958041,0.0,0.0146161417322834,-0.0178622875252089,-0.0567413909183851,0.0,-0.0280452531761432,0.0116612845353425,0.0,-0.0063531716434673,0.006163064842882,-0.0345926880553482,0.0,-0.0138797739271826,-0.0323040497824497,-0.0234620174346201,-0.0627176183844011,0.0,-0.0049361722228127,0.0202034763983853,0.0
2015-11-30,0.0037704160893479,0.0,0.0287036758738841,-0.0301451871405676,-0.0329668241642704,-0.0331603879990977,-0.0578553615960099,-0.0175942303912771,-0.0199473235727011,-0.0417002579812963,0.0017518488471894,0.0,-0.0414563806777218,0.0,0.0226203577172847,-0.0517037962384621,-0.0053797909407664,-0.0100669987974573,-0.0062076100701229,-0.0421271588855738,-0.0168248311300815,-0.0646441409058231,-0.034966031640458,0.0,-0.0762563175949931,-0.0252403846153846,-0.0438657464872647,0.0,0.0396722053953066,0.0,0.0,0.0080274814680889,-0.0223811682533284,-0.0169785599206842,0.0116048593350381,0.0,-0.0171104303854664,0.0,0.0,0.0124527744359315,-0.0136128505309011,-0.0058826743402481,0.0079753414054293,-0.0144756973049311,-0.0202278956484806,-0.0410953346855983,0.0,-0.1171584073331425,-0.0273407017494076,0.0,-0.0372892400423555,-0.0403330852251579,0.0086038774807846,0.0092091571279917,-0.0625195618153365,0.0203376042302216,-0.0429390613370233,-0.0205093026837086,0.0,-0.0323519425716641,-0.0338157165672565,0.0116317493886721,0.0,0.0112253738652201,-0.006916119879411,0.0,0.0240920272030096,0.0017536584512847,-0.0134370828356636,0.0,-0.0571845759580427,-0.034923888212814,-0.1199755152009793,-0.0097825245724013,0.0,0.000617115459929,-0.0293719845771848,0.0
2015-12-01,0.004827078488129,0.0,0.0183194062993046,-0.046635398187076,0.0136362743235896,0.0202208741639446,0.0,0.0041663767309163,-0.0056910247796704,0.0277304561802007,-0.0017487852397831,0.0,0.0056412185031966,0.0,-0.0209729013794692,-0.0605971896955503,0.0529818956336527,0.0012668332639178,-0.0234817813765183,0.0269801925903176,0.000632244467861,-0.0654533157069511,0.007236744941663,0.0,0.0162437987243091,0.0373436674299805,0.0669089964948721,0.0,-0.022040105095498,0.0,0.0,-0.0216486709473759,-0.0145124171332394,-0.0191208606488485,-0.0294851941977687,-0.0303410230692076,0.0116077826904095,0.0,0.0,-0.0225562342346098,0.0269574017848928,0.0029679026821045,0.0077476859787453,-0.0441843802245044,-0.0341382463507976,0.0,0.0,-0.0937702790395846,0.0288823409283192,0.0,0.0411533775551644,0.0204275534441804,-0.0180846223839853,-0.0234572356549981,0.0,-0.0049830576041459,0.0694561586067146,0.0237115170225536,0.0,-0.0148872180451128,-0.044040008770894,-0.0067681452930031,0.0,-0.0169119016576643,-0.0446875000000001,0.0,0.0081155068880254,-0.0871952679248294,-0.0017091886695034,0.0,0.0277821675779892,0.017693437632734,-0.0772664038952005,-0.0250574461100777,0.0,-0.0071398920713989,0.0453808077866977,0.0
2015-12-02,-0.0154773501178077,0.0,-0.0070295240008034,0.0452969666071882,0.0439510735770178,-0.0068989175179142,0.0079888348813705,0.0036207090699627,-0.0005167137008624,-0.0221117148090165,-0.0096528047217617,0.0,0.0149588631264023,0.0,0.0,0.0322530383296977,0.0040987424312994,-0.0279217290327054,-0.0245202558635393,0.0016019137529637,-0.0226200505475989,-0.0311204684518718,-0.0136689475399152,0.0,0.0479524659674179,-0.0276787230429613,-0.0143336902560109,0.0,0.0090829366073665,0.0,0.0,-0.0075714521421892,0.002335267771562,0.0012638704425689,0.0,-0.0311611068011378,0.0150031743910181,0.0,0.0,0.0023247382003541,-0.0174998506838678,-0.0157454425894129,-0.0318002449312831,-0.0384807596201899,0.0462498685087136,-0.0297161230274569,0.0,0.0100250626566416,0.003799586015255,0.0,-0.0279059940189833,0.009662524227568,0.0249044364647281,0.0040122479146869,-0.044403639095234,0.0799278846153848,-0.0037383751894792,-0.026848167539267,0.0,-0.0075306568971659,0.008663278989343,0.011576357919939,0.0,0.0107233526581032,0.0048600401887939,0.0,0.0016555856305677,-0.0302424311964201,0.0074013304560289,0.0,0.0203477048608977,-0.0037562767645589,0.0098624285445063,0.0077922077922076,0.0,0.0031416864764135,0.011340124144517,0.0
2015-12-03,0.0168115549842706,0.0,0.0188973647711512,0.0381154437047333,0.0094451149692074,0.0243331414315868,0.084053473382669,0.0367928192292754,0.0438638352024178,0.0842942345924453,-0.0035497198214454,0.0,0.0073691967575535,0.0,0.015189399429869,0.0,0.0838535247107472,0.0267624719181258,-0.0159077109896782,0.0254190301531114,-0.0006464681291212,0.0100502512562814,-0.0116615186402603,0.0,0.0012510980381719,0.0628711142158575,0.0272819297335999,0.0,0.0030003931549651,0.0,0.0222224882960762,0.0314035541434218,0.0162218551682169,0.0050277058685095,0.0168674698795179,0.0214867209395435,0.0130431919936793,0.0,0.0,0.0139586347774278,0.041094224924012,0.0407913295226782,0.0634688628729638,0.04002079002079,0.0191835913935249,0.0583049192050437,0.0,0.0726692662176531,0.0302392587780007,0.0,0.0550233234689272,0.0494405706273701,0.0348477998794456,0.061152592280997,0.0697877543890297,0.0046373585605639,0.0236555602389201,-0.005064417089897,0.0,-0.0037938990002562,0.0148337327479139,0.0423553584665201,0.0,0.0276673914673464,0.0278100730130679,0.0,0.0206125161786827,0.0007887946091522,0.0157915235633607,0.0,0.039883864615879,0.0273575066222711,0.0097039064443891,-0.0054091892579865,0.0,0.0,0.0267537474918362,0.0
2015-12-04,-0.0112025948103791,0.0,-0.0046225398445918,-0.0650927883486022,-0.0085105861145005,-0.0203454606766833,-0.0269758428574575,-0.0291106153436334,-0.013702109286703,-0.048761893733233,-0.0133320624784054,0.0,-0.0676664228237015,0.0,0.0195727314371383,-0.0156226415094339,-0.0245292247493275,-0.0057130949693507,-0.0111056268509378,-0.0204633365220645,-0.010005175090564,-0.0318004571735915,-0.0110804712960641,0.0,-0.0215611208592545,0.0161025303976338,-0.0265573928090752,0.0,-0.0046521703251362,0.0,-0.0144890190336749,-0.0062685818676792,-0.0387866137421297,0.0,-0.0963238119636222,-0.0894956885288738,-0.0257505150752952,0.0,0.0,-0.0447200537228237,-0.0105103351629101,-0.0084519097036481,-0.0222019585299132,-0.0229885057471264,-0.0008155104832556,-0.0261538081230069,0.0,-0.0760079312623924,-0.0154092921870501,0.0,-0.0079236791226902,-0.0425562440034791,-0.0683679784484329,-0.0576284624151429,-0.0391900718484651,-0.009231905465288,0.0002812035511992,-0.0076425038573014,0.0,-0.0267613607122639,-0.0480737740239592,-0.0077351099134166,0.0,-0.0393258426966293,-0.0235283471336138,0.0,-0.0272653271068078,0.015780347471654,0.0,0.0,-0.0517732757537992,-0.0198963554498344,-0.0434327254805323,-0.040405656152025,0.0,-0.0156354196437078,-0.0545464995976548,0.0
2015-12-07,0.0032382057816691,0.0,-0.0132197498504231,0.0017839644212165,0.0274701149638534,-0.000879675667406,-0.0040284252930791,-0.0024607522871278,-0.0101843745171755,0.0234039747192433,0.0495568382157607,0.0,-0.0098077677520597,0.0,0.0161803233730692,-0.0031817833320555,0.0115952565998946,0.0025498620280135,-0.0139755428000998,0.0080463674578572,-0.0132862868095486,-0.0020831886674536,-0.0037179747177719,0.0,0.0038855528081949,0.0105109961190168,-0.0072587215761794,0.0,0.0056757139550709,0.0,0.0,0.0123098550933602,-0.0308467275413396,0.0,-0.0257618710134657,-0.0404649160568231,0.0343631378461497,0.0,0.0,0.0036027328046395,-0.0106514811754987,-0.0116350165443821,-0.0074605684628796,-0.0236572890025575,-0.0032778684640092,0.0239962770233108,0.0,0.0475679542203146,-0.0022417466130132,0.0,0.0251429666783808,-0.0337806831059123,-0.053690750654527,-0.0438531917131138,-0.0045037389530931,-0.0417443160641073,-0.0155020080321285,0.0136008951016435,0.0,-0.0117391994077521,0.0303118096548729,0.0214499459350718,0.0,-0.0167084377610693,-0.0060238172466523,0.0,0.0002026021158707,-0.0042731489948953,0.0005577050437448,0.0,0.0098217014773307,-0.0170194508009152,-0.0404456752753268,-0.0113352225370894,0.0,-0.0031694954211678,0.0333353597989745,0.0
2015-12-08,-0.0247321383658344,0.0,-0.0236177277320629,-0.0249561073488838,-0.0187968340907039,-0.0173027600199058,-0.0098618433012179,-0.0160558344220587,-0.0219961757092498,-0.038114591593973,-0.0214570054534158,0.0,-0.0693343898573692,0.0,-0.0377769100910688,-0.0238818597854093,0.0057373697319667,-0.0274196920075255,-0.0284738041002277,-0.0278848381457845,-0.0371286035936602,-0.0637742676222948,-0.0202368028226354,0.0,0.00129919341742,-0.0025604096655466,-0.0164888457807953,0.0,-0.0066398279759001,0.0,0.0,0.0011394591130022,0.0,-0.0112610694822888,-0.0584876150292802,-0.060266188126215,0.0008513382779749,0.0,0.0,0.0286965087008865,-0.0067102084638096,-0.0192136242062552,-0.0114383757506434,0.0,-0.0230073301195271,-0.0228803265548953,0.0,-0.0525776715602593,-0.0164252421223032,0.0,-0.0301047120418848,-0.0309779974798874,-0.0115621257794111,-0.0083589969203695,-0.0181818181818183,-0.0048619214313495,-0.0449131108754181,-0.0141781951114615,0.0,-0.0119321526031355,-0.0509841827768015,-0.0171836533727228,0.0,0.0082258438248243,-0.0242412941121624,0.0,-0.014742923572825,-0.0187188992418929,-0.0377460372757358,0.0,-0.0343342010210465,-0.0049248486612084,-0.052620981273911,-0.0458607317484404,0.0,-0.0047814953702018,-0.0365939755255725,0.0
2015-12-09,0.0187401141599614,0.0,0.0136913386758139,0.0438585209003214,-0.0038338383776422,0.0555101086829497,0.1007022536374901,0.0309584541738006,0.0502354161679035,0.0754676147781727,-0.0043855008053801,0.0,0.0532141336739038,0.0,0.0111651499328659,0.0375068946497518,0.02092112072152,0.0472147590900948,0.0351699882766705,0.0503932231297528,0.0552040348464006,0.0219629120368649,-0.0061116016551533,0.0,0.0193544899172839,-0.0341729504251564,0.0577302382036108,0.0,-0.0210554343353309,0.0,0.0110294991561483,0.0254308121854491,0.0285777255362915,0.008224427842487,-0.010005794861889,0.0128898790579248,0.0021265352940418,0.0,0.0,0.0295344284619967,0.0500510418543205,0.0439847880530561,0.0542446657575381,0.0242305173542896,-0.0243940356616604,0.0536819673240198,0.0,0.0201801801801801,0.0387196549424666,0.0,0.0195360195360194,0.0586052373617138,0.1077411538622217,0.0729259094942325,0.0185185185185186,0.0244283760015633,0.0137743988382521,0.0585172905214785,0.0,0.0040615184663705,0.053723217096613,0.023320474926106,0.0,0.0315241123070439,0.0086952367302086,0.0,-0.0065342534324942,-0.0302107263393742,-0.0075122639972485,0.0,-0.0029672660404759,0.0376752388210481,0.0166489550123982,0.036896978264711,0.0,0.0079993171314642,-0.0051500223914018,0.0
2015-12-10,-0.009737739224356,0.0,-0.0286172695449241,0.0157713159191719,0.0213673897916835,-0.0008488337762031,-0.0425545223301779,-0.0393662091170987,-0.0432734318604917,-0.0157822112344045,0.0308337269721303,0.0,0.0323362974939369,0.0,-0.0140870837907062,-0.0141641983747247,-0.0260801351677527,-0.0200458386070535,0.0079275198187995,-0.0116948208650454,-0.0542278613018163,-0.0064363636363636,0.0153816674215239,0.0,-0.0012728719172633,-0.0217607973421927,-0.0317004948719787,0.0,0.0133133168491699,0.0,0.0,-0.0151575588352612,0.0317298764373974,-0.0213115804309296,0.0121361117614922,-0.0190102120974077,-0.0212330881218169,0.0,0.0,0.003844246031746,-0.0024876333171304,0.0011194825502878,-0.0048735872476645,0.0157289002557543,0.0211241746745463,-0.0281781701444623,0.0,0.0480395619922289,-0.0029230979374401,0.0,-0.0191616766467065,-0.0100630238205473,-0.0274928345150098,-0.0261539256732309,-0.0181818181818183,-0.014307516215185,-0.0245202334056581,-0.0392773732655584,0.0,0.0559840353810474,-0.0196133567662566,-0.0183585048833623,0.0,-0.0342369105087263,-0.0197035002131387,0.0,0.0050926300825078,0.0188572197298924,0.0,0.0,-0.063598352667484,-0.0138474348299494,0.0109407665505227,0.0488428371791813,0.0,0.0314288133747868,0.0355820187015327,0.0
2015-12-11,-0.0010907169759871,0.0,-0.0106609808102344,0.0017224648229015,-0.0167363007710996,0.002511727551435,-0.019446440626293,-0.0168998183004922,-0.0085775553967119,0.0017816981628062,0.0085461273212585,0.0,-0.0254502740798746,0.0,-0.0111936501475526,-0.0270790801586996,-0.0066915327327476,-0.0121304150521869,-0.017478152309613,-0.0130227898822941,-0.0193420931728384,-0.0237894813893057,0.0075829058656007,0.0,0.0012744941851201,0.0083205977245712,0.0199985186282498,0.0,-0.0094328770274934,0.0,0.0,0.0027999366052089,-0.0038420934217131,-0.0102550675307105,-0.0219763272545012,-0.0645419602818706,-0.007805006241377,0.0,0.0,-0.0031500926497838,-0.0065642378031302,0.0061768934485881,0.0,0.0231650509882914,0.0,0.0050211001825104,0.0,-0.0552746882372767,-0.0219875061647213,0.0,0.0068922305764409,-0.0078649969456323,-0.0380424244774498,-0.0268563239743114,-0.0601634498348112,-0.0193535900909619,-0.0166713455849008,-0.0042899429437588,0.0,0.0151182389294652,-0.0204001147282375,0.0083784255541978,0.0,-0.0174561673331282,0.0018843310624727,0.0,0.0103395489987196,-0.0088522500904169,-0.0116181513095497,0.0,0.0155554063430245,-0.0073305275555093,-0.0270214379265183,-0.0362992330690237,0.0,-0.007694021885739,0.026258594799652,0.0
2015-12-14,-0.012582532885196,0.0,-0.0794681884409908,-0.0344142791407329,-0.0204241803655628,-0.0023580560775211,-0.042329217375855,-0.0201959482495648,-0.0177708350022697,-0.0128092988901199,-0.0245805740768084,0.0,0.0261149055845719,0.0,0.0046855420155096,-0.0557447145458864,-0.013473221971332,-0.0025972190321384,-0.047395171537484,-0.0016070371310158,-0.0298899039587725,-0.015521313687999,-0.0225604876470688,0.0,-0.0240519756032882,-0.0218928932300438,-0.0463292426112846,0.0,-0.0068024338143952,0.0,0.0,-0.0209321111228181,-0.0308900432599592,-0.0291219329379864,-0.0102495367997793,-0.0275637733264851,-0.010932182066189,0.0,0.0,-0.0011359646405189,-0.0303834723143954,-0.0291424841674459,-0.0236075733305323,-0.068167835609696,-0.0160395152863908,-0.0127694191311207,0.0,-0.0249732429539779,0.0172430698547436,0.0,-0.0079938729596475,-0.0270145462941583,-0.009030073369346,-0.0055085901281701,-0.034505087881591,0.0296033155713439,-0.0106621280333808,-0.0134710114747741,0.0,-0.0223396226415094,0.0126633239395381,0.0121541086574841,0.0,-0.0227752993660484,-0.0188078703703702,0.0,-0.0419804717265331,0.0200925566605463,0.0005905039582216,0.0,-0.0090580508661348,-0.0221627068075843,-0.0332979100247963,0.02046872365537,0.0,0.0003191300750546,-0.045070368302497,0.0
2015-12-15,-0.0110841375020519,0.0,-0.0557607333641099,0.0320792575871582,0.003473960941412,-0.0110795139786533,0.0072120959139188,0.0043861657219774,0.0156456019682738,-0.0364160825391826,-0.0356223725734515,0.0,0.0371965544244321,0.0,0.0089357266378649,0.0399161425576519,0.0,0.0077942322681214,0.0,-0.0004024059640799,-0.0364611001110735,-0.006778628279828,-0.0038497718008571,0.0,0.0142651414286878,-0.002926997245179,0.0093403385872736,0.0,-0.0068490238457995,0.0,0.0181741236216583,-0.0014169386949816,0.0039977770208492,0.0133287920072662,0.0123869837097223,0.0140845070422535,-0.019454914273855,0.0,0.0,0.0011372565237171,0.0054457802642542,0.0,0.0064009466946373,0.0,-0.0128739087862531,-0.0162972457821096,0.0,0.12403951701427,-0.0250612761972955,0.0,-0.0069002123142251,0.0210706375573486,0.0376291595476363,0.0291214215202371,0.0050780875730571,-0.0095840521372436,-0.0113208803649319,-0.0283434993376326,0.0,-0.007668159127168,-0.004445408218584,0.0069508068555235,0.0,0.0164584334454589,0.0063894623021723,0.0,-0.0246476267988606,-0.00955030660913,-0.0170591815281339,0.0,-0.0056824500144563,0.0038585409808278,-0.0345181385122757,0.0337056374330844,0.0,0.0099135078929954,-0.0178629032258064,0.0
2015-12-16,0.0162490827130725,0.0,-0.0285664396717305,-0.0034508736542807,-0.0086267660543305,0.0008589461104679,-0.015518154398729,0.0052422369308753,0.0086726090098772,0.0119742125320556,0.0081145700002414,0.0,-0.0113250283125707,0.0,0.0157961372621622,0.0550762035319731,0.0048811947546125,0.0141496168178303,0.0197412298252632,0.0040044918109203,0.0109262229350439,-0.027222882558184,0.0038646498207572,0.0,-0.0012858979854264,0.0029355897081679,0.0185078079814922,0.0,0.0162042405020388,0.0,0.0,-0.0011495285136955,0.0087136633097637,0.0164474421314451,-0.0060980407585174,0.0140625,-0.0193834704536919,0.0,0.0,-0.0067744800380031,-0.006777754757747,-0.0185518306532207,-0.0067076429716729,0.0326158721774727,-0.0026055673919876,0.0,0.0,0.0432942708333334,0.0204090279935595,0.0,-0.0208606643668107,0.0117171991052318,-0.0165052730622966,-0.0175326405542233,-0.0151572926596759,0.0193535900909616,-0.0235296759056568,-0.018562910136937,0.0,0.0269162949901462,0.0048645901401291,0.0006187067815115,0.0,-0.0039002481976125,0.0158722406720062,0.0,0.0082780985975592,0.0102443274974488,0.0167548500881835,0.0,-0.0107811888385617,0.0030438627284563,-0.0475937452558068,0.0287385717025765,0.0,0.0316247616150506,0.0201379480231553,0.0
2015-12-17,0.0005501684890998,0.0,0.001977208182047,0.0138512936815664,0.0308370875594592,0.0094776119402983,-0.006665263453308,0.0273079329953473,0.0216012525542022,0.0070268251067655,0.0187696140670292,0.0,-0.0286368843069874,0.0,0.0053089228706986,-0.0142158361357382,0.0281507581954318,-0.0019065116037229,0.0306082406801833,0.0095808888701303,0.125185919682697,0.0023649048125811,0.0307633348430478,0.0,0.0038358369098712,0.0111914600550964,0.0090857467348097,0.0,-0.0074638655521188,0.0,0.0,0.0014385643128158,0.0181087587623025,-0.0084213310994026,-0.0041166923959942,0.0068481424413628,0.0298831687855958,0.0,0.0,0.0145563434465261,0.0245545026521247,0.0378235272336802,0.0170706771772175,-0.0236572890025575,-0.0196103150257034,0.0211448153318949,0.0,0.1544461778471137,0.0305064570155162,0.0,0.0591845174096434,-0.0060204638341452,-0.0145100853065455,-0.0123128661314818,0.0206175588036008,0.0187962787165369,0.0342020854649758,0.0397209458531149,0.0,0.0,0.0237716763005781,0.027594233823547,0.0,0.0235722195855085,0.0299985577616461,0.0,0.008200729789715,-0.0194864519790041,-0.0082486021664115,0.0,0.0243637720319724,-0.001439785937057,-0.0500518052124013,-0.0385009788384451,0.0,-0.021128677387892,-0.0070228393198511,0.0
2015-12-18,-0.0192796755790777,0.0,0.0449913892078071,-0.0239326518340348,-0.0897438245042206,-0.0409920898942854,-0.0268399491453594,-0.0603679638392541,-0.0433280515364833,-0.0730562935485489,0.0377176584012322,0.0,0.0019654088050315,0.0,0.0297963671239926,-0.0289192122809738,-0.082152211696164,-0.036865959331099,-0.048483310064729,-0.0340091973244147,-0.0664904163912756,-0.0255986787778693,-0.0358108564861758,0.0,-0.0356999706063116,-0.0139621998978377,-0.0270118176702307,0.0,-0.0290612741543544,0.0,0.0,-0.0105582589646441,-0.049465356863427,-0.0045576824740433,0.0164950912198418,0.0547525930964121,-0.0290160764748036,0.0,0.0,-0.0237553546906065,-0.0479320574719329,-0.0693936528890235,-0.0580634068274101,-0.0484610347085787,-0.0262176565558429,-0.0167876437638792,0.0,-0.0094594594594594,-0.0694819411424964,0.0,-0.0223478518888697,-0.0440740312764811,-0.0181619610063911,-0.0249876434730077,-0.0353755690440061,-0.0046589638464404,-0.04693301318393,-0.0642059052401298,0.0,0.0,-0.0291304961535746,-0.0488101277770568,0.0,-0.0350850077279754,-0.0188098016336056,0.0,0.0081340248498191,0.0221018455822352,-0.0094894313783863,0.0,-0.008134119153257,-0.0073512774896518,-0.0460609111502642,0.011780104712042,0.0,-0.0498661815991009,-0.0218862724435616,0.0
2015-12-21,0.0112310333952412,0.0,0.0496120304882237,-0.0350172498767865,-0.0234761617380808,-0.0151088841780689,-0.0652005612812696,-0.0237424131386586,-0.0289988867468571,-0.0245516883341624,-0.0118398839804669,0.0,-0.0451157316594744,0.0,0.0164859815207083,0.0165668662674651,0.0288171756234163,-0.029045867589788,-0.0090702947845805,-0.0012117802349986,-0.0952043802511091,-0.0429782082324455,-0.0238550120063799,0.0,-0.0079530024662619,-0.0112243135900534,-0.0222294867603791,0.0,0.0077487185652302,0.0,0.0007288458373497,0.0060613759686405,0.0,-0.029526064233707,-0.0567764135450066,-0.0128969853296792,-0.0045952682661913,0.0,0.0,-0.0133109384841485,-0.0181768192093847,-0.0016677209730289,-0.0185629835572966,0.0170681348933241,0.0036533834145195,-0.0125570968666252,0.0,-0.037926330150068,0.0,0.0,-0.0125714833391905,-0.0224335405103202,-0.0404152762328511,-0.05412864706545,0.0052108937174319,0.0280846283467515,-0.0148712326210694,-0.014716957449479,0.0,-0.0186859249532851,-0.0064879600181736,-0.0115480029769288,0.0,0.0227054300816915,0.0018551993150035,0.0,0.0209482216218217,-0.0017835909631391,0.0002066348574218,0.0,-0.0435522816544081,-0.000643586924459,0.0552330694810905,-0.0465398559404597,0.0,-0.0015974246100942,-0.0006629925827703,0.0
2015-12-22,0.0056051286493978,0.0,0.0392528867227108,0.0163436247095176,0.0418254605882069,0.0036003600360035,0.006030176764409,0.0023867496896261,0.0089063504935544,-0.0069077926109903,0.043627316088791,0.0,0.0164338537387016,0.0,0.0227049253597924,-0.0244256823090515,-0.0090083083822632,0.0258295730971347,-0.0139991923542872,0.00818944038824,0.0166414523449318,0.0025300442757747,-0.0119945414063061,0.0,-0.0106703910614526,0.0113517289556408,-0.0246122984337627,0.0,0.0241410723581467,0.0,0.0029015130156939,-0.0088929776142289,0.0,0.0202752462487341,0.0150485034408425,0.0328270455658989,-0.0166333254060405,0.0,0.0,0.0139586347774278,0.004262733750272,0.0121159754224269,0.006438228771729,0.0166463662200568,0.0281923835976902,-0.0260053939642221,0.0,0.0771412365286443,-0.0093391841565865,0.0,-0.0104181832888458,0.0162297514529492,0.0276919113858835,0.0225689275293277,-0.0156494522691705,0.0318703332726277,0.0020127632871977,-0.0132488295805598,0.0,-0.041994750656168,0.0146886661300944,0.0058351842788841,0.0,0.0016836994400719,0.0030862732064005,0.0,-0.017310132318289,0.011923196914263,0.0130153066015588,0.0,0.0292711302425687,-0.0041904813015982,-0.0130855142523754,0.0211561332685639,0.0,0.0057770286775122,0.0184309822946469,0.0
2015-12-23,0.0139217932923834,0.0,0.0085927418085676,-0.0071609839443202,-0.0184550487740575,-0.0044843049327353,-0.0100072031282156,0.0118957323220201,0.0077883562687952,0.01512867749679,0.0393425692971951,0.0,0.0545675020210185,0.0,0.0200812866008217,0.0300285794791288,-0.0090771162498691,0.0198935631018752,0.0117406143344709,0.0073063285698935,0.0960591133004926,0.0770977917981072,0.0105226810119221,0.0,-0.002682251962279,0.0084614056294249,0.009703106048621,0.0,-0.0064913060973802,0.0,-0.0217393850658856,0.0214036109493303,0.0244009511615146,-0.0066090722486635,0.0232795589136205,0.0574003795066413,0.0112740774461548,0.0,0.0,0.0146688491563837,-0.0070950551493369,0.0070004363415605,-0.0037671476295402,0.0327476038338658,0.0048625477190811,0.0089028312054748,0.0,0.084518167456556,0.0212149028864507,0.0,0.0058360988049892,0.0160009734432513,0.039812842043698,0.0206149545772187,0.0,0.0088245675961877,0.0153962496012098,0.0325662460058742,0.0,0.0159011549825409,0.0338014458005084,0.0258128103400954,0.0,0.0704401532327418,0.0123071097226166,0.0,-0.005874757908328,0.0180664473057281,0.0158886128517927,0.0,0.0322591583682789,0.021844474883794,0.0265180305717422,0.0533775138610939,0.0,0.0324958408723845,0.0051706939722737,0.0
2015-12-28,-0.0032967126337165,0.0,0.0655348895269005,-0.0017968315027584,-0.0126980929358044,-0.0126909518213865,0.0087571135306498,0.0075146592785169,0.0097908444603347,-0.0189287285525737,0.006310648823492,0.0,-0.0594097355308547,0.0,0.0141646852173167,0.0032435812263083,0.0050949024576965,-0.0123529098557051,-0.0340035082984752,0.0213973333333332,0.0448501872659174,-0.0207747578881599,-0.0024099419096091,0.0,0.0040483537638364,0.022431506849315,-0.0326944168799289,0.0,-0.0151280985422594,0.0,0.0222224882960762,-0.0037241625089095,-0.003178344403971,-0.0033378746594003,-0.0144881261225304,0.0,0.0046422316473593,0.0,0.0,0.0171868213687411,-0.0028395793678034,-0.0077807083647324,-0.0037671232876711,0.0317092034029389,0.0074849134424235,-0.0017718022877094,0.0,0.3729060451565915,-0.0007704709860602,0.0,0.0279222467819528,-0.012794794255317,-0.0304138208115708,-0.0332078055460458,-0.0316971383147852,-0.0174947515745276,-0.0257174110363768,0.0154882470617654,0.0,-0.0274443445613664,-0.0194608167962891,0.0182430706736556,0.0,-0.0155565293602102,0.0085102403441503,0.0,0.0161884352416206,-0.0113809051866533,-0.0012044894607171,0.0,-0.0203120722693677,-0.0003164431786717,0.0193336075689016,-0.0438675719446867,0.0,-0.0493854748603351,0.0135083135872977,0.0
2015-12-29,0.0033076168961254,0.0,0.0542994376757264,0.0180260122201656,0.0,0.001824962310561,-0.0120041215868109,-0.0013937807243893,0.0051066958996635,-0.0106727653897464,0.0015651424909925,0.0,0.0040749796251018,0.0,-0.0160103919694577,-0.0032330944219384,0.0050559436886064,-0.009865760957464,0.0043302137169995,0.0043443752871883,-0.0650595931535084,-0.0094512681448396,0.0522093421550775,0.0,-0.0040320306772683,-0.0272986099480824,-0.031801738567032,0.0,0.0146642376580508,0.0,0.0144890190336748,-0.0065997746418414,-0.0008060760219252,0.0267468616863737,-0.0251903450510285,-0.0059817556452819,0.0060140163687663,0.0,0.0,0.0066691065837094,0.0,0.0057721153663585,0.0007591383064053,0.0,-0.0008777535127695,0.0218040075522261,0.0,0.1080459770114943,-0.0076963717104794,0.0,-0.0101824621319925,-0.0341505332861549,-0.0046409480793934,-0.001475448536355,0.0,-0.0222578347578347,-0.0175935215708759,-0.0125278953443631,0.0,0.0121248368856023,-0.0289703005513072,-0.0074173166274499,0.0,-0.0073447585132427,-0.0096439169139465,0.0,-0.0232430754623965,-0.0163907035805583,0.0,0.0,0.0,-0.0171065300254553,-0.0189669087974173,0.0063193211615824,0.0,0.011370103679509,-0.0114099592358725,0.0
2015-12-30,-0.0192279914693312,0.0,0.0454747485971442,0.0194750211685015,0.0,-0.0036432757801361,-0.0040673723731553,-0.0420603934438597,-0.0208243008887925,0.0095414008408216,0.0406930402315728,0.0,0.0121753246753246,0.0,-0.0439614693176634,-0.0080894134198289,-0.039316373329152,0.008639152056336,0.0019471488178026,-0.0086511666597346,0.0779258123262724,-0.0476267160513708,0.0305319969159598,0.0,0.0135039492681821,-0.0113636363636362,0.0451706446575954,0.0,0.0388843460020622,0.0,0.0,-0.0109646753807929,0.0167440526344095,0.0423591541482681,0.0021603656003323,0.0060177523694899,-0.0022965787935306,0.0,0.0,0.0088264996970308,-0.0143322067843285,0.0082120405504899,-0.003420687286207,-0.0229885057471264,0.0253647634308846,-0.0138369706826522,0.0,-0.0167571018193425,-0.0263763778167899,0.0,-0.0080029392032203,-0.0193537582297956,0.0,0.0014776287014599,0.0108773730118008,0.1136405026406848,-0.0082673766884292,-0.020962890229267,0.0,-0.0239054525919957,0.0143037673302686,-0.0018651777333877,0.0,0.0036995515695066,0.0012172284644194,0.0,0.0090287124270973,0.0293584734726233,0.009044565038645,0.0,-0.0102045378339106,-0.0257865686195575,0.0,0.0243740592681307,0.0,0.0911737720961527,-0.0404463040446303,0.0
