date,ABEV3,ALOS3,ANIM3,AXIA3,AZZA3,B3SA3,BBAS3,BBDC3,BBDC4,BBSE3,BEEF3,BPAC11,BRAP4,BRAV3,BRKM5,CMIG4,COGN3,CPFE3,CPLE3,CSAN3,CSMG3,CSNA3,CVCB3,CXSE3,CYRE3,DIRR3,ECOR3,EGIE3,EMBJ3,ENEV3,ENGI11,EQTL3,EZTC3,FLRY3,GGBR4,GOAU4,HYPE3,IGTI11,IRBR3,ISAE4,ITSA4,ITUB3,ITUB4,JHSF3,KLBN11,LREN3,MDNE3,MGLU3,MOTV3,MOVI3,MRVE3,MULT3,PETR3,PETR4,POMO4,PRIO3,PSSA3,RADL3,RAIL3,RAPT4,RENT3,SANB11,SAPR11,SBSP3,SLCE3,SMFT3,SMTO3,SUZB3,TAEE11,TEND3,TOTS3,UGPA3,USIM5,VALE3,VBBR3,VIVT3,WEGE3,YDUQ3
2025-01-02,-0.0119308384210281,0.0005521187557251,-0.0062987992913851,-0.003806354253685,-0.0148747293305255,-0.0054557714706062,-0.0103395450070417,0.0103380029410788,0.0118904259302361,0.0066337812553154,-0.0569637004010668,-0.00367733651428,-0.0054235205007646,-0.0046754357822693,0.033678756476684,-0.0027069182389936,-0.009143717728055,-0.0053809327816648,0.0,-0.017156862745098,-0.0139296648911629,-0.0496613995485326,0.0869565217391306,0.0119242831897856,-0.022418532229619,0.0007542719218847,-0.0094269539155161,-0.0039436903050598,0.0286531774253755,-0.0930674264007596,-0.011787838504326,-0.0248177682299874,-0.003684026835227,-0.0033149989814248,-0.0126819776936172,-0.0136551591499183,-0.0143724202012021,-0.0023151063689417,0.0487634480332819,-0.0047807781873139,-0.0169779517711986,-0.0008354012397552,-0.004635241493521,-0.0054807103490508,-0.0073264904246272,-0.0099009010629306,-0.0194406478856,-0.0107664141626216,-0.0019741216181661,0.0084589922765723,-0.0169491525423728,-0.006803802335955,0.0281639828422755,0.0160263135159153,0.0379565186195021,0.0154420921544209,0.0025229239136059,-0.0109071248912813,-0.0028034796129312,0.005046505016043,0.0,-0.0029383872971976,-0.0077785189606274,-0.0003394328385841,-0.0102905189182405,-0.0194607995041835,-0.0107471120489253,0.0100357901282754,0.001825275424093,-0.0024109635394635,-0.0138317627919825,-0.0012569668423197,-0.0300751879699248,-0.0054987891052649,-0.0067287509631479,0.0062028023133069,-0.0009476128054075,-0.0093580671893924
2025-01-03,-0.0232724871468327,-0.0132435381316076,-0.0254869593925387,-0.0132378897823103,-0.0089206133393761,-0.0098002958579883,-0.0075256393670789,-0.0136356672284357,-0.0159009540572433,-0.0118051275934503,-0.0083331534293302,-0.0140201169804703,-0.0285012249707228,-0.008973620649642,-0.0409356725146199,-0.0216535830323089,0.0,-0.0133682967944835,-0.0169843263612036,0.0037406483790525,0.0131534874818568,-0.024940617577197,0.0,-0.0076224788395582,-0.0084514367442466,-0.0022474065750346,-0.0309550285758617,-0.0014137368093306,-0.0133224295333242,0.0544502617801045,-0.0124837219141046,-0.0179626141370282,-0.0185401421973117,-0.0066520495001672,-0.0329391891891892,-0.0356133093775679,0.0050459879863185,-0.0092879256965943,-0.0554821817239791,-0.0152841698562492,-0.0172850090573447,-0.0174987260610798,-0.0245319588689827,0.0055109140728426,-0.01563158569884,0.0124976158254694,-0.0056690521760838,-0.0264364303178483,-0.0049194441028164,0.011214442013129,-0.0191570881226053,-0.0121779351714665,-0.0034551811302792,-0.0106047630327437,-0.0404742154016314,-0.0036791758646064,-0.0400344852709037,-0.0441191149559141,-0.0112395386060137,-0.0251159313403582,0.0024846404047704,-0.0138965675571838,-0.0126949554359492,-0.0176379799975305,-0.0173221468472848,0.0042095948422982,0.0517163464145622,0.004488262726296,-0.0215683179731408,0.0016111935552258,-0.0090963206200126,-0.0195489969642697,-0.060077519379845,-0.018618285533196,-0.0067676463704149,-0.0042501871786019,-0.0049302843954029,-0.0507586774944981
2025-01-06,-0.0035349340338812,0.013421283410226,0.0523070668744494,0.0128192387955876,0.0578237773323475,0.0277207179167964,0.0092637540453073,0.0154994896374207,0.0196435104264052,0.011667868099445,0.0420158920213347,0.0368190448936343,0.0031208401124094,-0.0021553032602756,0.03397212543554,0.000917904290429,0.0555857127347736,0.018710486349027,0.0086388888888888,0.0298136645962729,0.0,0.0389768574908646,0.04,0.0115413578534342,0.0188663781799109,0.012251232677279,0.0417645175064049,-0.0011334333338951,-0.002804989855228,0.0585898709036742,0.0376401128600929,0.0350624809509296,0.0330482372070273,0.0276187803965581,0.0409934497816595,0.0328268969700471,0.0061390270153265,0.016990291262136,0.0340075915268764,0.0243915232899705,0.0328281762280664,0.0481288269416693,0.0449348308679693,0.0245866503368032,-0.0083820463176707,0.0312799949765421,0.0161416869788995,0.0622961684019602,0.0247497219132371,0.038770174014967,0.04296875,0.0320508800535139,-0.0094104728570448,-0.0046747331135624,0.0149670400922157,0.0088626292466764,0.0402652516538697,0.0533656882294146,0.0215996654919059,0.0133996580133686,0.0006170207603222,0.0247638595891062,-0.0124798904127045,0.0133481646273638,0.0117564409525583,0.0383254865429643,-0.0024792891272215,-0.0036694406181483,0.0145918081077289,0.0193116877619268,0.0470534652065852,0.0186480844100886,0.0494845360824742,-0.0127723037309912,0.0028345778094975,0.018779744350543,0.0001906422459245,0.103230879780902
2025-01-07,0.0221474818749274,0.0011036281776339,-0.0062455733693901,0.005589238347859,0.0252060578114643,-0.006743251700955,0.0121046935748927,0.0114499229752318,0.0140127769417064,0.0032975955722736,-0.0040321738222083,0.0177874752899929,-0.0099600418749354,0.0341247386971581,-0.0126368997472618,0.0239672742635164,0.0174843155404709,0.0075972298064503,0.0134669934730522,0.0108564535585045,0.0019206448328881,-0.0199296600234466,0.0384615384615385,0.0014183730242689,0.0065718560465901,-0.0007733952049497,0.0141404308732739,0.0087909121204068,0.0207489601696904,0.0009380863039398,0.0189502069201317,0.0187748083061447,0.008228082971835,-0.0032583073184494,-0.0049930377128742,-0.0079423897084528,-0.001111549356377,-0.0005727923627686,0.0266793293813663,0.0121204362742588,0.0079427792915531,0.0032524621667067,0.0109125940759,0.0,0.0035576331883058,0.0430917504610139,0.0084110610085037,-0.0075191673096812,0.0115985727926026,-0.0106761565836299,0.0486891385767789,-0.0038230751702661,0.0280007870371654,0.0212661631783293,0.0308235586392915,0.0158613958028308,0.0229480090345057,-0.0255623480539098,0.018365628617871,-0.028490203296928,-0.0092877111906354,0.0154163575667656,0.0088068067260775,0.0132839680738245,0.0063838229250805,0.0317158185069559,0.029411891398271,-0.006886520482858,0.0238696810808756,-0.0015781255191202,-0.0131509376652304,0.036620322929072,-0.0019646365422396,-0.0097031594985086,0.0209676119883983,0.0205283906095319,0.0200116349023244,0.027061238033206
2025-01-08,-0.0104023440833704,-0.0259066708424678,-0.0374497861863418,-0.0017562748132696,-0.0213922533899764,-0.0009756692481247,-0.0037094240492124,-0.018870777838988,-0.0155489812566959,-0.0060251709444059,-0.02024249035073,-0.0042802854012218,-0.0169706086037039,0.0016726273277047,-0.0290102389078498,-0.0243018867924528,0.0086930152633175,-0.0040861093786964,-0.0181114130434782,-0.0214797136038188,0.0350290948896698,-0.0717703349282296,-0.0123456790123457,-0.0063462501565042,-0.0344188276661205,-0.0496578132638095,0.0,-0.0120846174110484,-0.01395484728674,-0.007497656982193,-0.0223173302774947,-0.0238510896583618,-0.0380758979565934,-0.0106195498333561,-0.0189539881252122,-0.0200149407304043,0.0011127862732427,-0.0184473206609989,-0.0098569326093075,-0.0051300991110863,-0.0191395320546611,-0.0118902249230223,-0.016192192292167,-0.0186773451274542,-0.0115236576388662,-0.0153021231174635,-0.0342926565323478,-0.0651415148958695,-0.0238849864380171,-0.0431069778323682,-0.0535714285714284,-0.0191836527220047,-0.0094837323527906,-0.0081137311386703,-0.0312101910828025,-0.0055248618784531,-0.0132447772725922,-0.0103042340858443,-0.0163923131247595,-0.014652323108987,-0.0393733827540386,-0.0131275541654301,0.0117718068224517,-0.0239795824688319,-0.0115390843359923,-0.0324212530185608,0.0092560434180408,-0.0035470398774271,-0.0137495906855215,-0.0529674059531137,-0.0329525850603801,-0.0164443583560984,-0.0393700787401575,-0.0096070058780708,-0.0199780359972906,-0.0301753443878103,-0.0057928585888472,-0.0142749452574396
2025-01-09,-0.001753545419701,0.0045269236210245,-0.0129913839526117,0.0114358708181383,0.0016301557265503,-0.009705182201062,0.0045535651190729,0.0019266762083012,-0.0070186998931719,-0.0008241776501631,0.0578500010705034,0.0243530810309482,-0.0025603732993969,0.02126731194435,-0.0307557117750441,-0.0073844884488448,-0.0086180980058122,0.0082057483426547,-0.0073892648096641,0.0012195121951221,0.0083445082610125,-0.0399484536082473,0.0124999999999999,0.0113560296422299,0.0172062766908331,0.0004143626673525,0.0279117936800625,0.0042665402506594,0.0019233297975858,-0.0066100094428707,0.0027197844894577,0.0081446213126146,0.0226151207283282,-0.0033040460720614,-0.0284102778358052,-0.0214592891970026,-0.0055457946382684,0.0005899740897976,0.0056566541403306,0.0085942545628372,0.0080339548279519,-0.0018270460977785,0.0025802631022378,0.0054510018880564,-0.0103143023415358,0.0101030630996841,0.0019240527740189,-0.0259400159249757,0.016642068298641,-0.0112775061124693,-0.0188679245283017,0.0024409709985695,-0.0002449426153884,0.0043625182659523,0.0053663130586207,0.0135265700483091,0.0019183684532286,-0.0014195297929934,-0.0083356682544131,-0.0106292062813803,-0.0149643273150844,0.0,-0.0150087508247109,0.0095315135667299,0.0151780626780626,0.0104020549068186,-0.0175462600179939,-0.0053386725570074,-0.0009070558677957,0.0075106070854451,0.0202912445872986,-0.0204339411225425,-0.0184426229508196,-0.0062071598458851,-0.0028316636359366,0.0143916695319021,0.0202972041663402,0.0144816703083274
2025-01-10,-0.0210507117693925,-0.0180260917435891,0.0197094728227511,-0.0101469221002962,-0.0192181534656126,-0.0392114562787639,-0.0024753019384735,-0.0105598593483874,-0.0123670292987994,-0.0038582043384842,-0.0078123418810337,-0.0304173493144778,0.0083387760681683,0.017558418509876,0.0099728014505893,-0.0269523294958645,0.0172849489538058,-0.0097024995180878,-0.0173420880208552,-0.0121802679658954,-0.0110356110486592,0.0375838926174496,0.0246913580246912,-0.0063228549403143,-0.0024164612267811,-0.0069841179159049,0.0294146557232024,-0.0096305818388721,-0.0008731989178633,0.0161596958174905,-0.0097582082612178,-0.0025689323658065,-0.0147476259289842,-0.0190566142563475,-0.0175446140614922,-0.0177408686705371,-0.0061355960722569,-0.014084164584739,0.0366703192581148,-0.002778155929674,-0.0136705399863295,-0.0091325309394222,-0.0138384946418025,-0.0135384801768785,0.0013624824909048,-0.0123075891210302,-0.0210711798594551,0.0033243110683209,-0.0086704044853823,-0.0313436988037464,-0.0211538461538461,-0.0126817869273679,0.0049109415450956,0.0027158675165877,-0.0240195125399882,0.0159675881792182,-0.0043734407406293,-0.0061616740930281,-0.0358538767629675,-0.0440425417049074,-0.0465653396598043,-0.0099801045666958,-0.0228581742339161,-0.003869781540583,-0.011499252794129,0.0005709409106209,-0.0150152558037467,-0.0004886943715374,-0.0069786802517395,-0.0008282909306502,0.0022529635135446,-0.0157993982502114,-0.0062630480167015,0.0056608564142757,-0.0119240681798299,-0.022115401545965,-0.0173143974501416,-0.0153757792588515
2025-01-13,0.0071677910260432,-0.0149215785974107,0.0064205457463883,-0.0052685442658712,-0.0136150646578507,-0.0010264415623296,0.0,0.0019434942916796,0.0035834996131449,0.0011051826723385,-0.053158721416478,0.0212775418547257,-0.0127135239357696,0.0192619807016836,0.011669658886894,0.0019113721302721,-0.033883147853736,0.0120122847997232,-0.0012626083502389,0.0123304562268806,0.0111587547255982,-0.0064683053040104,-0.0120481927710843,-0.0035263417730446,-0.0072669439686811,0.004142275662692,0.0197894535819149,-0.0082943229210996,-0.0130884137851314,0.0346117867165576,-0.0027358755127728,-0.0007381145883638,-0.0084205288039705,-0.0244959220661532,0.0113112693757855,0.007437002454061,0.0089790488859329,-0.0089275805516849,0.0460081432715213,0.0030943159640413,0.0069300069300068,0.00626696588693,0.0071789167451012,-0.0054651519803501,0.0,0.0007809316854543,0.0107569764057902,-0.0364824739281576,-0.0145635970670815,-0.0176468711108275,0.019646365422397,-0.0118550169132971,0.0007341248879171,0.0035186467115464,-0.0027345164795364,-0.0023457658925639,0.0030190046341722,-0.0009519300010851,-0.005812214197188,-0.0393286346796784,-0.0038099593811043,0.0029396232234908,-0.015593893794049,0.0065100269380427,0.0104690117252932,-0.0085712397965007,-0.0004113092917339,0.010417272982776,-0.0164911748064529,0.0049738653914956,0.0007454571304512,-0.0038530080934301,-0.0021008403361344,-0.0001931947161245,0.0057479483774303,-0.0006392134973079,-0.0018746192179712,-0.0423634065720396
2025-01-14,-0.002667575329796,0.0233004440385671,0.0,0.0038242729650974,0.0202023944951068,0.0051053718787126,0.018176689409566,0.0212926323723383,0.0187157638466219,0.0199013437659465,0.0,0.0070608554302549,0.011587989380855,-0.0122038651514491,0.0319432120674358,-0.0057231772692876,0.0087421577702355,0.010929358813799,0.0100994318181819,0.0024360535931788,-0.0225279026818693,-0.0247395833333332,0.0060975609756097,0.0049622132572093,0.0207445016800991,0.0107140299362602,-0.0172518726591761,0.0005750307898948,0.0061899944985714,-0.0280289330922243,-0.0010986603537294,0.0044044555330726,0.025476108719195,0.0069285182067138,0.0047113232511839,0.0,0.0050038952477975,0.0360320007962873,-0.0224067134683831,-0.0070516245450972,-0.002298692360633,0.0025661626859494,0.0006499078235309,0.0137688318103235,-0.0185522911076949,-0.0186768447837148,0.0067821914156225,0.0172125448634834,-0.0078813594063869,0.0599012474012474,0.0019267822736031,0.0239997880345503,0.0041497707204305,-0.0067445244040931,0.041148377490058,-0.0077592287796849,0.0016434150525983,0.0042951721277888,0.0087692902893006,-0.0210454534766149,0.015994553059041,0.009212402493919,0.0019806356380982,0.0014744876465193,0.0184242134764376,0.020174482006543,-0.0016502003814748,-0.0185245229791317,0.0068298535106918,0.003299498997126,0.0314279461059681,0.0096662423985292,-0.0147368421052632,0.0066006310783006,-0.0062906709823331,0.0072610650162607,-0.0060100480490821,-0.012804243547118
2025-01-15,0.0160580236428773,0.0438260667123659,0.1026049973418394,0.0313811692755829,0.0369604933877183,0.0670762874302508,0.0251506441335365,0.0350770566529194,0.0349912870301218,0.0121944041125456,0.033263674946679,0.0575031525851197,0.0197356017586327,0.019528430507659,0.0748065348237316,0.0153496548471465,0.0783034257748778,0.0105025495319515,0.0312469238233183,0.0425273390036451,0.0098780644333205,0.0640854472630172,0.0787878787878788,0.0141010391886817,0.0723254241653521,0.0616045236171931,0.0789605316437607,0.02190723307529,0.0203852706806966,0.0269767441860464,0.0189563686000568,0.0220821793487615,0.0450757917240844,0.0111765666894105,0.0339753846153845,0.0348161901225398,0.0182642139471094,0.0237723522559416,0.0834029013125401,0.0190918551232264,0.042534111446822,0.0376459503040427,0.0433924379486438,0.0108715512515988,-0.0050735494415691,0.0467855969852546,0.0721102413913632,0.0778453069292299,0.0367447289856717,0.0734338604879245,0.0615384615384613,0.0209947267373564,0.0131338101258655,0.0127648346849278,0.0764105694601899,0.0189573459715639,0.0297883593113787,0.0242401301721042,0.005217052517517,0.0370388162951575,0.0598883340481586,0.0352711943447887,0.0154142581888245,0.0499474172595113,0.0050831091799432,0.0395451036284815,0.0330328009617035,0.0026244386384446,0.0055536393061086,0.0115189227081151,0.0438869489468471,0.0555582791150452,0.0576923076923077,0.0144649958443949,0.0276047700170356,0.0351805310842596,0.0232388322914862,0.083722185800779
2025-01-16,-0.0272178775243548,-0.0212686867685598,-0.0174180327868852,-0.0196195725012175,-0.0280072995513088,-0.0219046573592662,0.0043535542061836,-0.0119112527785932,-0.0084472623365627,0.0013375333171794,-0.0261462438231062,-0.0009948553711969,0.0137257802100281,-0.0101632251720747,-0.0168,-0.0292745238799037,-0.0081316187594555,-0.0021380932058008,-0.0169637134714248,0.0058275058275059,0.0065226564446185,-0.0200752823086575,-0.0561797752808989,-0.0111270583514668,-0.0105907077985438,-0.0180616740088105,-0.0589429996909354,-0.0050782086094522,0.0356537881825849,-0.0217391304347824,-0.0293881432270417,-0.0075627389668594,-0.013198269806647,-0.0348602927200151,-0.0220984281726688,-0.0265110737917869,-0.0168474187201347,-0.028317213792618,-0.018608169440242,-0.0130705931578634,-0.0077151099700923,-0.0077512485782357,-0.0031042381190676,-0.026871516794698,-0.0050994216092268,-0.0598459264641527,-0.0475306019620821,-0.0675098976811146,-0.0047827819848544,-0.0421139789858382,-0.0307971014492753,-0.0248661909009813,-0.0007210841273683,-0.0064352299643951,-0.0452880938492449,-0.0239534883720931,-0.0095537126415985,-0.0348013477063076,-0.025362450492351,-0.0472390790753693,-0.0235714930900551,0.0032067006217162,-0.0202417203208183,-0.0179055407602931,-0.004494705854097,-0.0239133042748029,-0.0807351193197403,-0.011948826108118,-0.0092026346699559,-0.0122005475701574,-0.0093826561725467,-0.0381104033970275,-0.0222222222222222,0.0013310453974642,-0.0419692177107577,-0.0069594142169038,-0.0090482593064925,-0.0097857803715037
2025-01-17,0.000908615053381,0.0033422375267442,-0.0355149359013678,0.0107296351990717,-0.0072035776447652,0.0077949638819736,-0.0011814218264529,-0.0129674434398744,-0.0119443824531103,0.0114990369072625,0.0371892864024665,-0.0026533159628672,0.0270944585485424,0.0007907305714716,0.030919446704638,0.0175093256190796,0.0163012392755006,0.0183825533467232,0.0258846703380544,-0.0498261877172655,0.0050863209786748,0.0409731113956468,0.0178571428571427,0.0182829764654472,0.006759268390748,-0.0093940753429312,0.0043164117481466,-0.0019825953438535,-0.0041574663322,0.0027777777777777,0.0197230367982419,0.010886793544282,0.0062440681352715,0.0167401922167953,0.006378265209241,0.0146560113237592,0.0110547915016288,-0.0023299470631197,0.0421149992292275,0.0132436961217774,0.0055479241961511,0.0053257982800831,0.0071623882789861,0.0110516051140761,0.005592412403558,-0.0064463434126976,0.0169488009293834,0.0201992354065578,0.0240588706447739,0.0,-0.0149532710280374,0.006866261240189,-0.0007216044648942,0.004047692242777,0.0141036302846184,0.0176316416487967,-0.0147369041305757,0.0206709994380989,0.0094632715704181,-0.0181356282439315,0.006616071725914,-0.0067930131547944,0.0262191398047368,0.0215316315205327,0.0175154406088011,-0.0027800050332724,-0.0004340199287483,0.0318093100337035,0.0105260581136323,-0.0172796091950041,-0.0108719130246958,0.0,0.0351239669421488,0.0345547354654722,-0.005841962456393,0.0123719950929639,0.009317222303101,-0.0571507289083743
2025-01-20,-0.0036114263160491,0.0022207361235535,0.0735817858051386,0.0048790143005592,0.0346313275402718,-0.0029055641046407,0.0031569908405173,0.0075042466725439,0.0034567416282038,0.0018500620408736,-0.007967963008835,0.0056558610313226,0.0012003693444135,-0.0643281122823735,0.0844514601420678,0.0114684537360651,0.0159459712972516,0.0021039975954313,-0.0011899127848015,-0.0682926829268292,0.0004623371141119,-0.0172201722017221,0.0,-0.0027587263879841,0.004475924949137,0.000795981664974,-0.0021489302064841,0.0034109208640997,0.0140278075726696,-0.0166204986149584,0.0136192643130483,0.0086141121894647,0.0132917990468623,0.0199318173013598,0.0092104308280316,0.0134271099744245,0.0049190854624825,0.0040899548047892,-0.0059386803151781,0.0126372312658151,0.0077454608151301,0.0091827924698286,0.009583240472476,0.0191059399877524,0.0231590984615983,0.0056749374607747,0.0092613369780298,0.0082512115589024,-0.0037640663648896,0.0439655429371963,0.0170777988614803,0.0082803764370635,0.0072132615293605,0.0024194250413493,0.0063261480787253,-0.0004682744088035,-0.0019048017750239,0.0103624671148787,-0.005859867906759,0.0049271451031853,0.0045986053470274,0.0044223822675002,0.024778869278115,0.0059139974394211,-0.0011110132576399,0.00558137897035,0.0086977366887992,-0.0077075779699113,0.0082743012177861,0.0192580579768901,0.0088659193477944,0.0125744950888422,0.0059880239520959,-0.0036719680835607,0.0123374272425988,-0.0012246581699738,0.0177220058656664,0.0361326388006606
2025-01-21,0.0181027738440666,0.0033237230734366,-0.0399857828327705,0.0059977545352478,0.0025504923818511,0.0048533338748488,0.0090425397997633,0.0018674235956974,0.0008612084320136,0.0007927840729997,-0.0020183944400514,0.0059572789652286,-0.0023907661092941,0.0425989654718814,0.0356622998544395,0.0028319631422111,0.0079401717292955,-0.0075026090672276,0.0060108032003465,0.0143979057591623,0.0124271025361535,0.0137672090112639,0.0116959064327486,0.0069235793598954,0.0194967892936446,0.0071032856124184,0.0409410112359551,0.0042459983150802,0.0286558619071073,0.0169014084507042,-0.0080598420053219,0.0064072984197347,-0.0139992896248484,-0.0144525686069699,0.0216743868311772,0.0162890737023229,0.0032652917658371,0.0052362330455111,-0.023120848247236,-0.0073145656761424,0.0087651185133517,0.0003487188071027,0.0021432871763997,0.0053779593798821,0.0049769065803111,0.0096773342943279,-0.0009196563921172,0.0081836862324666,0.004720406681191,-0.023698035632709,-0.0037313432835821,0.0135217469216393,-0.0083547625850557,0.0002695070715661,0.0175785797438881,0.0007027406886859,0.0326980864698707,0.0209801000062683,-0.0058944083611438,0.0649461040960888,-0.0006549818873724,0.0028075241647615,-0.0037787032286035,0.0102579970924969,0.0027738404465273,0.0244310985823423,-0.0116449566172679,0.0097084810327496,0.0066825005663135,-0.0008214866313859,0.0210897704151575,0.0136649432216839,0.0535714285714283,-0.0049730306319519,0.0232187070151306,0.015905658835019,0.0090685765037132,0.0045000858326997
2025-01-22,-0.0204460785744161,0.0127050054584469,0.0297420708379612,-0.0031229502579616,0.024166287573923,0.0057797043458931,0.0183180648139291,-0.0111623547455985,-0.0137479221668134,0.0073807312014049,-0.0341944496570129,0.0161164930402979,-0.020409324287807,-0.041261365393851,-0.0140548137737175,-0.0075340877958315,0.0077860218008611,0.0003022073556442,0.0155562433556271,-0.0025806451612903,-0.0063655081739475,-0.0308641975308642,0.0635838150289018,-0.0061891388626026,0.0191312921716224,0.034884670896762,0.0,-0.0039470152008321,-0.0209743243677495,0.028624192059095,0.0119184432421264,0.0148489176187611,0.0275141607870417,0.0120726866304388,-0.0173083239489489,-0.0210367402223601,-0.0059659107509101,0.0202543937468531,0.0333339426547321,-0.0017343389195562,-0.0010828582238515,-0.0052475505233606,-0.0036686371573668,0.0106684995368018,-0.0180172901349277,0.0487237969217912,0.0073437926744153,0.0340995693245662,0.02816983951787,0.0242732643153771,0.0187265917602996,0.0014346622481764,-0.0101085825574258,-0.0056311801528591,0.0395181983100987,-0.0063202247191009,0.0,-0.0452068121924265,0.0071127387781284,0.0057607551447707,-0.0009812859972684,0.0127762446284223,-0.0257846593654051,-0.0053976583178261,-0.0022115813821369,0.024930921521151,0.0017466813055195,-0.0160257669836777,-0.0069415795843916,0.0312508113441052,0.0089492018852326,0.0073519034978664,-0.0169491525423728,-0.0251757739707957,0.0192840243049954,0.0156566298225553,0.014562097721114,0.0134397773464678
2025-01-23,0.0027208182314681,-0.008729268761113,-0.0288830297219558,-0.0068350551911066,-0.0018621274036819,-0.007665337204513,0.0225785901550976,-0.0141104492723961,-0.0078422430203044,-0.0049739145813069,-0.0666652274346409,0.0009713453132589,-0.0055171612753354,-0.0345978163046986,0.0356379187455453,0.0047458778812363,0.0232684966369749,0.0024169284316037,-0.0247392900208037,-0.0206985769728331,-0.009606934568986,0.0012738853503184,-0.0054347826086956,0.0,-0.005898789195902,-0.0143939792642492,0.0,-0.0050954448407569,0.009485890968053,-0.030520646319569,-0.0042811933746778,-0.0118467879613822,-0.0241782420000242,-0.0255519273426566,-0.0079560715031781,0.001023275924191,0.0005466793637356,-0.0221201243192112,-0.0309220599768458,0.0034747041537603,-0.0021811247812345,-0.001406417187259,-0.0021465783380498,-0.0290360733293909,0.0096361401233193,-0.0099029625878857,0.0082040467941959,-0.0125627710079352,-0.013699020548531,-0.0079088624942896,-0.0569852941176471,-0.0042877320419694,-0.0092388711759617,-0.0070088393265734,0.0,-0.0228504122497056,0.0058051320732823,-0.000954661021141,-0.0123562916282721,-0.0194605785266548,-0.0163757179037029,-0.0151249221156462,-0.0077868533325682,-0.0106331055640774,0.0066630064189898,-0.0169204173406485,-0.0117570866337868,0.0219880615792196,-0.0227967960888387,-0.0271148036253776,-0.0023881642300621,-0.0170314678550224,-0.0134099616858236,-0.00645649064174,-0.0161363711299415,0.0049410616819622,0.0143512408516608,0.0276312302763122
2025-01-24,-0.0162905158498299,-0.0071311608604891,0.1011970874984573,0.0025807855080488,-0.0108889505050816,0.0019336680975134,-0.0037419081734936,-0.005724961487616,-0.007894237206839,-0.00499560424912,-0.0089283649064371,0.0022631652409723,0.0043141205325858,-0.0096168221833308,-0.0061940812112869,-0.0075554240547794,0.037839758394031,-0.005730493408694,0.0048233695652173,-0.0013210039630119,-0.0078498396757216,0.0508905852417302,-0.0273224043715847,0.0214551737377615,0.0086283282250918,0.0284474702976906,0.0041377139130629,0.0005671789618932,-0.0123116991217773,0.0009259259259259,0.0104862842093798,0.0003522815854171,0.0106170790024655,0.0122414685854412,0.0057276249608932,0.0030666897028335,0.0032724089512428,-0.0121844246043666,-0.0230452040541061,-0.0073606521696114,-0.0021858924855037,0.002816795964776,-0.0024573587824391,0.002710274681771,0.0022673997766156,0.0130789094201684,0.0289336865799485,0.0127226021453119,0.0,-0.0132385529686015,0.0097465886939571,-0.0052586250569937,-0.0029433126684854,-0.0051603279324731,-0.011885858030029,-0.0079556412729026,-0.0031497334840898,-0.0052680308754139,-0.0047714165847427,0.0303449731974243,0.0096544014904518,0.010581185538304,0.0019619910698427,-0.0021553496129766,-0.0160052250966239,0.0048400685299423,0.0,0.0001595753342127,-0.010884344181373,0.0229537044225345,0.0229138659075511,-0.0049475384469208,0.0155339805825243,0.0135697794073139,-0.0050939020630303,-0.0057009609480025,0.0108290570295155,-0.0053799990623094
2025-01-27,0.0230032013207963,0.0378569944794506,0.0756472038552056,0.0340293051131077,0.0424537117148295,0.0183192377257066,0.0409468072313303,0.0268666556782595,0.0247776557920289,0.0195596214390292,0.0990967862394098,0.0216222847801794,0.0110406082146776,0.003529772185395,0.0311634349030471,0.0238077492307202,0.0219103046901745,0.0260936364580088,0.024041646947468,0.0357142857142858,0.0223435014812669,0.0653753026634382,0.0449438202247192,0.0094798487434126,0.0449184152541153,0.0276476162043586,0.0556737509237901,0.0275814223045716,-0.0296872762467224,0.0425531914893615,0.0282059005374213,0.0313719907390064,0.0577866039031087,0.0336743557571661,0.0108217080232586,0.0132483601027717,0.0217370936006746,0.0463889936380113,0.0201611480082795,0.0279018079614088,0.0251469199286389,0.0252846211272863,0.0240283655865343,0.0515078810702462,0.0113352655895773,0.0364460922241713,0.0588730676527244,0.100467890379968,0.0259292436019689,0.0349403564033015,0.0559845559845559,0.0350798565840939,0.0110740974160437,0.0147384204655587,0.0024025839711052,0.0230862697448359,0.0092128563326812,-0.0038475130531733,0.0407200246635501,0.0158583788706738,0.0458470804455171,0.0104659877441255,0.0090074863135676,0.0296338585226034,0.013459972491566,0.0299809242992914,0.0295270087577392,0.0052570055419158,0.022953067335391,0.0592967366557046,0.0434628938889098,0.0472591854969068,0.034416826003824,0.0175386958274412,0.0454802678559398,0.0429189026782064,-0.0787969562063112,0.0324310310286717
2025-01-28,-0.0009053425048465,0.002147081122062,0.0,-0.0049788573427018,0.0180999080397188,-0.0009525699543558,-0.006496332094653,-0.0056072766185125,0.0043147931553029,0.011929231779999,-0.0122948208863312,-0.0078965817180989,-0.0169875343273281,-0.013193405951633,-0.0194761584956346,0.0027871665540013,-0.0499999999999999,0.0041358266999582,0.0117386080044368,-0.0268199233716475,0.0036433584508022,-0.0079545454545454,-0.0483870967741936,-0.0026809651474531,-0.0092135729643311,-0.0032713998812695,-0.0351513608689195,0.0171544310467619,0.003550484565655,-0.0079858030168589,0.0051743649993369,0.0030766436614602,-0.006617220998957,-0.0275726197256742,-0.0045095962076781,-0.0010057796917496,-0.0335110041265475,0.0,0.0377467540396434,0.0004217834166395,0.0,0.0,0.0018061788669185,-0.0077405193079743,-0.002690918033407,-0.0161210475886297,-0.0016546453482526,-0.0356647821956422,-0.0063184775567303,-0.0103987600394532,-0.0091407678244972,0.0009299350521549,-0.0024339566636982,-0.0013455150499462,-0.001190476190476,-0.0171021377672209,0.0039106850006307,0.0144951433025541,0.0115107217778744,-0.003350778299508,-0.010723775446471,-0.005178792691227,-0.0050457384959204,-0.0102548273141954,-0.0226867606546751,-0.0046820111341174,-0.0214066325395058,-0.0052295139580569,-0.0036875896289144,-0.0015124739297256,-0.013456675227813,-0.0284996027249162,-0.0147874306839186,-0.0242772579401012,-0.0407825296896043,-0.0252237689208276,0.0146310482295004,-0.0261731100686003
2025-01-29,-0.0125976341268824,-0.0048175562401272,-0.0351635757449467,-0.0163980521721347,-0.0044445314003045,0.0,-0.0032713431887069,-0.0056388954652089,-0.0103149282652521,-0.0069191956666913,-0.0020853936449239,-0.0057315776560071,0.0061723429306927,-0.0245068149210903,-0.0267123287671231,-0.00927164680626,0.0074936083928414,-0.007653215438619,-0.0046331340868158,-0.0183727034120734,0.0027238375404241,0.0080183276059564,0.0169491525423728,-0.0208632019115889,0.0098139454007999,0.0142310421735605,0.0101138912097094,-0.0010887250180103,-0.0030325056204466,0.0035778175313059,-0.0151885608754206,-0.0078364059721814,0.0,-0.0120215850824803,-0.0113131721468869,-0.0130882999390252,-0.0038485942846298,-0.0078527792793579,0.0007628527949044,-0.0076276689572287,-0.0010748697999974,0.0017111209207287,-0.0024012722806575,0.0025905981662057,-0.0053916152558528,-0.0029783884240511,0.003323932312651,-0.0251457549379028,0.0018140589569159,0.0157478072673424,0.0055350553505535,-0.0004620776782071,-0.0100030295817015,-0.0061953023969202,-0.0240127135478744,-0.0231996133397777,0.0093502250451231,0.0214246664401069,0.0187669963840659,-0.004475228821373,-0.0379347244515784,-0.0076090817789902,0.0,-0.0179730635063646,-0.007931244127563,-0.010439994730602,-0.0166211034338453,-0.0089233965237665,-0.0018506191383991,0.0212146820588048,0.0116935282254704,0.0085539987933231,0.0131332082551596,0.0028486111409482,-0.0187088539567378,-0.0070027378816923,0.0062865100046802,0.0139715879788082
2025-01-30,0.0127583592690128,0.0376566747550672,0.0937854327520111,0.0313645105122273,0.0321415235861726,0.051189861348377,0.007291350708136,0.044425445336681,0.054732616090499,-0.0043865384016688,0.0270375078096385,0.0262566505331942,0.0386530312611297,0.0168999972423176,-0.0126671358198452,0.0224643825435209,0.0373643682184108,0.0213619675752947,0.0314683939318447,0.0735294117647058,0.0158343664030897,0.0511363636363635,0.0833333333333332,0.0068712536034043,0.0424558841761602,0.032373336665209,0.0561142309868967,0.003541199875207,0.0143608976663116,0.0454545454545454,0.0562086861172894,0.048075975516729,0.0591700789789895,0.0373879915252588,0.0171669432618994,0.023463317911434,0.0165730069530429,0.0446833440740526,0.0361559579633836,0.023918351401504,0.0234804329725228,0.0184585330395474,0.0243822556841948,0.0388746951573568,0.0203341184098861,0.0380939977534309,0.0132608080605267,0.1259401610284616,0.0398936170212766,0.0594353640416047,0.0495412844036695,0.0352669240416061,0.0197163856935982,0.0132818883340897,0.0172273422998014,0.0257298367144978,0.0265062559064699,0.0279718593740203,0.0228916722888739,0.033715098942803,0.0490406540236916,0.0383371191698853,0.0148197728373973,0.0297172363499496,0.021121758266247,0.0348287682630545,0.040927530332536,0.0025724972771941,0.0259636871508379,0.0660223431413113,0.0468693884409709,0.0351554710660302,0.0444444444444442,0.0422350562105839,0.0260003422899195,0.0101854799039324,0.0327022935244252,0.0986267166042447
2025-01-31,-0.0008963132959705,-0.0150329670329669,-0.0190542008095565,-0.011231955954102,-0.0152799418632326,0.009013775770517,0.0014438537769903,-0.0027148289761365,-0.0041157664794726,-0.0012945550514226,-0.02024249035073,0.016226198529671,-0.0165429213231539,0.0076383835553286,-0.0156806842480398,0.0036652162784744,0.0143399409531841,-0.001161070729884,-0.020338896869081,-0.0361145703611456,-0.0031165370945706,-0.0172972972972973,0.0102564102564102,0.0020526104508924,0.0024578790882061,0.0027836274296226,-0.013272877164056,-0.0013565727159312,-0.0056630328315497,0.0059676044330776,-0.0183181836950173,-0.0121223729344778,-0.0007930301461599,-0.0075416194339568,-0.0309464835691019,-0.0408810770591455,-0.0065234704394265,-0.0021702922323728,-0.0284661704187848,-0.007091826514942,-0.0062579789231269,0.0006735718937629,-0.0064637655478985,-0.0047508593466171,-0.0062006158561942,-0.0179873602333495,0.0335152759763655,0.0053852039314932,-0.0209228927463676,-0.0365714890576623,-0.0139860139860139,0.0040331391979326,0.0067683799295832,0.0080217656844034,0.0072512485593545,-0.011336227689339,0.0025055541161098,-0.043534345272717,0.0043703436053614,-0.0097901028179325,-0.024952110326498,0.0089378056410323,-0.0142189491573431,-0.0110857906550382,-0.0296257902597713,-0.0066305390730109,-0.0303419468082742,0.0001605733451524,0.009641432635892,0.0,0.0444657065162654,-0.0316178123093716,-0.0230496453900709,-0.0156289822663256,-0.0506762392158693,0.006015296038498,-0.0208152243414505,-0.0106165824915823
2025-02-03,-0.0063093970582436,0.0057895989527549,-0.0533917069243156,0.012745244822742,0.0005832989584406,-0.0026781032287062,-0.0025288836289479,-0.0009039430619771,-0.0016568760355476,0.0127149821376573,-0.0041321429336074,-0.0175004101412148,-0.0005977073653201,-0.021400280791779,-0.050687907313541,0.0209827303051013,-0.007068607068607,0.0072730891719745,0.0057612207559656,0.0077519379844961,0.0129586999356212,-0.0066006600660066,0.0050761421319796,0.0170297358992577,0.0127206337907488,0.0170295452351065,-0.0115506725708078,-0.0133132805330163,-0.0046900372849559,0.0127118644067796,0.0168934448146467,-0.0003313662866529,0.0007936595421027,0.003379398882344,0.0150980918452001,0.0218387271476454,0.0257111532884577,0.0113977406845389,-0.0064276759921824,0.007565168523135,-0.0104914481473085,-0.0057861444574709,-0.0092430686677807,-0.017690169320192,0.0044573169584922,-0.0065953369530501,-0.0094906096126192,-0.0321674228011122,-0.0008985225325367,-0.0506496003515806,-0.0088652482269503,0.0093728560951953,-0.0122427687820042,-0.0050396266943188,0.0011918951132299,0.0058550866064892,0.0180037008218243,-0.0265562241610145,0.013585047881726,0.0153710344827586,0.0197584474521714,-0.0050072345469655,0.0268983379922089,0.0171298542287521,0.0069156973679587,0.0077000280589669,-0.0215987571434462,0.0012827422834778,-0.0017898735627921,0.0034785792749909,0.0055777204570657,0.0126980127444285,0.0036297640653357,0.0007391507700529,-0.0124544905045053,-0.0061705044194153,-0.020712590332484,0.0038923333794174
2025-02-04,-0.0117861819913487,0.0015677412102961,0.0051033969485938,-0.0120375438000516,-0.0152181264795401,-0.0080652733179351,0.005797168662825,-0.0038894319765385,-0.0017444930597464,-0.001026440107838,-0.0290450187040459,-0.0118779642729844,-0.0060091276085237,-0.0118439748819728,0.0389016018306636,-0.0080427615146368,-0.0142378559463985,0.002308054081185,0.0160493349331061,-0.0153846153846154,0.0013240696605085,-0.0011074197120708,-0.0303030303030302,-0.0221031430461311,-0.0009632155780594,0.0170766729561988,0.0038881727701116,-0.0057856048251616,-0.032984961694883,-0.0117154811715479,0.0062013625861956,0.0069680513435361,0.0094392616008194,-0.0025307166914408,-0.0223132996400305,-0.0234060534872726,0.0122689867598384,0.0107302815101302,-0.0087517191926553,-0.0079231143273933,0.0021256284605104,0.002703660029323,0.0035845800445333,0.0,-0.0368250074895146,-0.0280193547349976,0.0103822059548108,0.0027671928869532,-0.0008900591518479,-0.0079854179324712,-0.0125223613595707,0.0004453069336631,-0.0126397077050751,-0.0098682643289342,-0.0323650793650793,0.0,0.0,-0.0224039255990166,0.0042873722520817,-0.0162142189571605,0.0057192010891009,-0.0127782252935939,0.0159449023479658,0.0145530735773418,0.0085782688509028,-0.0091726416458279,-0.032431824781961,-0.0405125050311356,-0.0014925473934449,0.0083196496989599,-0.0227744698193325,-0.007163154931053,-0.0090415913200723,-0.0035052432597092,-0.0078074957653053,0.0054311791429624,0.0029687871460792,-0.0184645698486181
2025-02-05,-0.0073387679704441,-0.0010454937447578,-0.0612471571375681,-0.0052627389802448,-0.0032672684458399,-0.007222164377597,0.0021594869489369,0.0146057796709262,0.0232753653306634,0.0071800839327051,-0.0192414144321678,0.0025315386165254,0.0006016804074235,-0.0318109710278031,-0.0110132158590307,-0.0026992999949639,0.0144435004248086,-0.0118094246700656,0.0,-0.0221354166666666,0.0132135713186642,-0.032150776053215,-0.0520833333333332,0.0157550331744908,0.0062864811340419,-0.0181317527360977,-0.0096827835897868,-0.0130191805210968,0.1550637664655807,0.004233700254022,0.006653492790092,0.0016459118351566,-0.0210479224860334,-0.0261542089129921,-0.0111193066568319,-0.0135382900391628,-0.0005279561285489,-0.0005332922826558,-0.0021128695298124,-0.0008409256910006,0.0116344053243917,0.0114472754590089,0.0151761517615176,-0.0051453563159248,-0.0046071975311641,-0.0121394548822439,-0.0189661778536346,-0.0497172585387921,-0.008026948274902,-0.0483856855367924,-0.0054347826086955,-0.0044229751067089,-0.0100943944591352,-0.0072719617455113,0.0,-0.0215862236235748,0.0240728586823533,-0.0159447550825839,-0.0138786821422762,-0.0197843713408302,-0.0022124675728594,0.0619610402995842,0.0115870524033789,0.0025632845861527,0.0272252903154368,-0.0138782304175357,0.0265382194897614,-0.0038384606596151,-0.0101827552621611,-0.0103137552925849,-0.0385425642503841,-0.0360807745067004,0.0036496350364962,0.0053684867316301,-0.0181623854987841,0.0007734361324938,0.0075849988148439,-0.0118721264057676
2025-02-06,0.0037015686155525,0.0020931758918172,0.0761169643360188,-0.0116917699925105,0.0265355475274067,0.0209278822317988,0.011498836313164,0.0108043587870307,0.0138100381253056,0.0117165894369399,0.0152616607215423,0.0126192475129418,0.0169156650655366,-0.0014324862979572,-0.0103934669636228,-0.0099376874678085,0.0714405360134005,-0.0061249082261307,0.0045203479144182,0.0186418109187751,0.0013050741282105,0.0378006872852234,0.0384615384615383,-0.0175383464272353,0.0096200532145609,0.0277117596729727,0.0195761685123387,0.0070151117198298,-0.0281760846522444,0.0042158516020236,0.0002420961442541,0.0098697321222545,0.0191152375750955,-0.0052008677798009,0.0112443358755849,0.0095012936033545,0.0015790250940033,0.0005335768350642,0.016542610293972,0.0016832668843691,0.0062776215347528,0.0039921483328471,0.0017591906186742,0.0181018877682956,-0.0009227749649686,0.0230369998325798,-0.0016155088852989,0.0741216795201371,0.0089899623001581,-0.0169486330758856,0.02367941712204,-0.0115442356473572,-0.0059684293519912,-0.0018994704506621,0.0049539869752792,0.0057015369360435,-0.0093547910666624,0.0126576975244958,0.0216571379810563,-0.0212993745421761,0.0094964507856445,-0.0029520713026317,0.0018474726574047,-0.0007145448963071,-0.0055176781287052,0.0057324491697265,0.0385471488125552,0.0067016785864679,0.0036318909407724,0.0194529764516599,0.0149168521837863,0.0230772914799433,0.018181818181818,0.0150989449482055,0.0092491799206586,-0.0163882414672541,0.0011016438591961,0.0410795814491993
2025-02-07,-0.0009270175226464,-0.003133205487535,-0.0252356020942408,-0.0211276956109187,-0.0162666854191172,-0.0231791481056042,-0.0131421336729743,-0.0311606079423411,-0.0392631780228185,-0.0108246342433842,-0.0472092506115188,0.0006210185985466,-0.0047516472377091,-0.010013002029468,-0.0127531882970742,0.0009078575581693,0.0133666849058078,-0.0014653867617361,-0.0146123800735675,-0.0614379084967321,0.0099862079425188,-0.0132450331125828,-0.0317460317460316,-0.0150945120558085,-0.0247635535891762,-0.0103256093612691,-0.0729444629753168,0.0019530359134694,-0.0341072992825658,-0.0218303946263643,-0.0090545371833828,-0.013031030053765,-0.0125008202637968,0.0182933359295138,-0.022822545946278,-0.0219610269099906,-0.0236820615189183,0.0074276069470942,-0.0166514038540225,0.0037785854550866,-0.0103932724459748,-0.0053016992738785,-0.0073158106631391,-0.017780035560071,-0.0152862755830093,-0.0367885314044447,-0.022600376969309,-0.0433009794796792,-0.0267388603534275,-0.0402494154325799,-0.0302491103202846,-0.0085367131035926,-0.0067558385587542,-0.0057062206911204,-0.0073943489545075,-0.0234163174759675,-0.0133167561638584,0.0059989243308096,-0.0222560024945431,-0.0171800333928263,-0.0611480120843377,-0.0218532248513511,-0.0007376263185069,-0.012887764165647,0.0083258249612161,-0.0471729985396368,-0.0213962020833143,-0.0094865302832695,-0.0060289772185683,-0.0006814921090386,0.0269440472636424,-0.018898711998609,0.0,-0.0054409375153873,0.0067176766104688,-0.0023530092879768,-0.0108209104925004,0.0105859518438862
2025-02-10,0.0110639327893817,0.0083755563973861,0.0777204855516167,0.018129786776504,-0.0165324165987023,0.0127728328728355,0.0014365774119329,0.0082692388517631,0.0008340362616221,0.0089073798302041,0.0090087987490372,-0.0177456299746627,0.0023907031354992,-0.0004797859863721,0.0182370820668693,0.0054727787855932,0.0591638383215056,-0.004700139918622,0.0057084215252389,0.0376044568245126,0.0257956433190362,0.0145413870246084,0.0163934426229508,0.0118462157062881,0.0073244659517532,0.004042481101985,0.0082754278261258,-0.0069526639462988,-0.0213487417564184,0.0137339055793992,-0.0123478225044655,-0.0072609923356192,0.0126590690102004,0.0171042316002829,0.0521018763720537,0.048131080389145,0.0113208643122677,-0.0168576729971622,0.0051953301471812,0.0096237551777906,0.0052575174935385,0.0129973040333253,0.0109078127595143,0.0129299198344969,0.0056476426799008,0.0218237113051751,0.0247785034657159,0.0268847092251149,0.0183188218034942,0.0389163201663202,0.0293577981651376,0.0104206184180828,0.0083123685922583,0.0068348672863531,0.0037164939976976,0.0095911155981827,0.0220876111328467,-0.0173959532817897,-0.0010877302884477,0.0384637915480416,0.0096871846619575,-0.0098438420009453,0.0,0.0067345783814374,-0.0121135163461925,-0.0331867390297325,-0.0129411546349657,-0.0028565640890066,-0.0027296670628166,0.0395678547072968,0.0104348677587067,0.0366714834910162,0.0214285714285713,0.0103947487849758,0.030337022096627,-0.0108062624093778,0.0050061127881846,0.0361903575432913
2025-02-11,-0.0009077487830181,0.0036393733233934,0.0144031896336904,0.0192204584964825,-0.0183136144526564,0.0072121057649647,0.0086301133421553,0.0072947821465418,0.0233335542950217,-0.0151345462070813,0.0178567298128744,0.0244074818344368,0.0029777235233101,0.0279524638411969,-0.0179104477611939,0.0090716508377339,0.0248343165100866,0.0070814835162615,0.0215433673469389,0.0134228187919462,0.0155081314760172,-0.0220507166482911,0.043010752688172,-0.0068854313138105,0.0252077254955713,0.0140684454891375,0.0410821419809532,0.0204455854038692,-0.0139416295081913,0.0237087214225233,0.0272569356506298,0.0236065226224757,0.0210862480040248,0.0504685899062822,0.0096735621188568,0.0051007212850944,0.0223882740122565,0.0117901094082186,0.0227791510449315,0.0116023460521701,0.0135830030602517,0.0134904229796048,0.0104997306291814,0.0178424531245566,-0.0102942192481173,0.0114478114478115,0.0040210193683536,0.0013684416307011,0.0350711432500445,0.0691639046963916,0.0160427807486631,0.005831444173546,0.0054968182145447,0.0,0.0123861327741003,0.0074999999999998,-0.0048019936589396,0.0106254970074917,0.0184488381108753,0.0662146306241255,0.0264656021202094,0.0038234111695534,0.008115993830446,0.0091629658777896,0.017281129496256,0.0483922487223169,0.0108496885650486,-0.0070757884081025,0.0103406827391991,0.0150880076234143,0.0032465270942674,0.0095865551522802,0.034965034965035,-0.0043323540280481,0.0235606113476167,0.0389286043529637,-0.020291760111769,0.0413585813044785
2025-02-12,-0.0036542628073923,-0.0067259721954157,-0.0284464970030461,-0.0052700376203531,-0.0373071538192295,-0.0125214392157231,-0.0163938166676174,-0.0371098397459109,-0.0456030278633761,0.0017922642168268,-0.0416770821497556,-0.0188757229017171,-0.0130644922998994,-0.0210982604430022,-0.053951367781155,-0.0071920766619119,-0.0181921546333144,-0.0246169273967108,-0.0055563185955624,-0.0317880794701986,-0.0198121494695586,-0.0552423900789175,-0.0567010309278349,-0.0020853372321187,-0.0108742017839293,0.0026392490762627,-0.0217014074851646,-0.0170178877726048,-0.0103127717785942,-0.021505376344086,-0.0175276779524842,-0.0155922070032032,-0.0137743407382019,-0.0408404323859975,-0.0208552919859306,-0.0274184095035239,0.0109490076232956,-0.0153614044712657,-0.0192768019242111,-0.0140965779503293,-0.0257749180226443,-0.0224003518515324,-0.0277045702899015,-0.0175296806198094,-0.006143045195261,-0.04072758955138,-0.0248782169727082,-0.0247634779996995,-0.0052148292753466,0.0027197753991927,-0.0315789473684211,-0.0057976355852917,-0.0231063912994383,-0.0149352381876393,-0.0281266183324702,-0.0196029776674937,-0.038359921693874,-0.0175177947456969,-0.0106527093596059,-0.0263160679329135,-0.0112797138241403,-0.0060949917607059,-0.0062200846301477,-0.0100991532976827,-0.0043856130498729,-0.0037576803940486,-0.0474066771146755,-0.0162914568682118,-0.0159522215159539,-0.0077549965306594,-0.0279408701637027,-0.0308767405207559,-0.0405405405405405,-0.0067072533069771,-0.0057545716116891,0.002294984108546,-0.0077187132208708,-0.0273624660855509
2025-02-13,0.0054914771873213,-0.0057292924058907,-0.0097597977243995,0.0133843150954946,-0.0088972636981152,0.0117690606581182,-0.0054358331980175,0.0178571428571427,0.0136520095021088,-0.0161046043560471,-0.0183064191031752,-0.0031530101038905,0.0048116677596874,-0.0296961958223913,0.0538152610441766,0.0036220886703495,-0.0061522872032425,0.0156232650526602,0.0044698910150167,-0.0123119015047878,0.0080013971422925,-0.0023866348448688,0.0109289617486338,0.0243206563647018,0.0109937500402288,0.0102201977659768,0.0080585118030918,0.0058663941203109,0.0164703104311967,0.007607776838546,0.0066897728547559,0.0089101932470483,0.0116425561492681,-0.0175206179796245,0.0046021916350178,-0.0010435805100315,-0.0020616150614594,0.0199024933834794,0.0244271508862947,0.0038619208899992,0.0084590763603109,0.006642525394648,0.0053394622426519,0.0102118968598416,0.0066576359622716,0.0298782420934475,0.0032911139922211,-0.011271769760244,0.011356512732922,-0.0510980838218567,0.0,-0.0004467447044118,0.0027966271323578,0.0011018842836827,0.0062943350984114,-0.0156922298152365,-0.0092822208920311,-0.0061119863428719,0.0118481132982906,-0.0010867438979329,-0.0306400081696962,-0.0164831013582713,-0.0003684055408192,0.0181309683917909,0.0154105449759609,0.0021577722276024,0.0262938210008838,0.0217362183351312,0.0024490670056442,0.0065130054435014,0.0275328789031565,0.0147038069957325,0.0334507042253522,0.001277843149398,0.0144696959306551,0.0211709409620082,-0.0043648008856118,0.0027301323520683
2025-02-14,0.0136636801243783,0.0214739186052022,0.0936063731998775,0.0327373704468614,0.0262823723624152,0.0376075271338918,0.0473589687772111,0.0258513310954884,0.0260945256975597,0.0101325508195075,0.0536244836831809,0.0452407345402294,0.0137770557396121,0.0069125797032356,0.0099085365853659,0.0261502479938706,0.0559318330784357,0.0177517188879259,0.0322249999999999,0.0498614958448753,0.0242285526699737,0.0454545454545456,0.0702702702702702,-0.0047426188289494,0.0321514748295335,0.0163024391349171,0.0619976539079811,0.0155428429813511,-0.0021488426117979,0.0268456375838925,0.036918754692192,0.0277943834283331,0.023768626272169,0.0577722913303579,0.0074525786042367,0.0167147313283502,0.0191218642982431,0.0311176910848034,0.0633390243434557,0.0171106799791793,0.029383611677876,0.0234240471109903,0.0265748602595592,0.0126077555948669,0.0146426310884288,0.0419821288916251,0.0418398698716788,0.0527807628214114,0.0328156020086418,0.1643153526970955,0.0507246376811594,0.0251239795166342,0.0360129882908588,0.0308372481983423,0.0575026476039184,0.0138853175623554,-0.0050646515720188,0.0251125212716891,0.0500248838288663,0.0227376574773165,0.0628783631759744,0.0381918512101127,0.0106838187087088,0.0281325823941989,0.0205926503944609,0.0413954066639541,0.0443715067189915,-0.0064156086116479,0.0228767741646478,0.0414271312971692,0.0129563196436182,0.0477108210314385,0.0187393526405452,0.0147640656538063,0.0365100181164317,0.0057888888013177,0.0253466148589218,0.0452402091348524
2025-02-17,-0.0026939337331629,0.0174395009334307,0.0450618725192621,0.0306338696736021,-0.0009348717472822,-0.0008679142934635,0.0142596805861241,0.0027062346295134,0.001640704384223,-0.0226316246849821,0.0309727412366169,0.0115009734463735,-0.0053183672612507,-0.00146968889941,0.0135849056603774,0.0017585224481775,0.0293813366439064,-0.0020330540370643,-0.0053888444864248,0.0263852242744062,-0.0020387995121127,0.0057208237986268,0.0454545454545454,0.0156722739924966,0.0338948550139095,0.0086725821554376,0.0357961053837341,-0.0030056778433956,0.0019888418654538,0.0016339869281045,0.0087815804582258,0.0117713895379703,0.0217277322203812,-0.0008079429771801,-0.0119446685190164,-0.0102749638205499,0.0202820472191411,0.0179026506943302,-0.0040302503301413,-0.0004187098154884,0.0081609181338784,0.0070898605575131,0.0020121709968536,0.019965614774555,-0.0111697816636785,0.0336953050143724,0.0472460751149277,0.078582206574159,0.020065755140382,0.0365090678704362,0.0275862068965517,0.014443346737724,0.0112614140537019,0.0061440083988,-0.0212809238424586,-0.0078620339842759,-0.008652896285579,-0.014997310827024,-0.0182450459853976,0.0105735682069609,0.0272075611957733,0.0018786020241217,0.0226041830597212,-0.0089560743794988,0.0106263728431379,0.0273609837364401,-0.0078842010812879,-0.0176730716142238,-0.0131212817420479,0.0155336376836239,0.0031983960282604,0.0092163568209258,-0.0050167224080267,-0.0053881631077429,0.0198130865501882,-0.0079849234614918,-0.0250918336325066,0.0424232700366189
2025-02-18,-0.000897117394219,-0.0156248219271754,-0.0086237712243073,-0.0124087396036691,0.0256332630376672,-0.0051758148288904,0.0099460978581857,-0.002698930689818,-0.0008190084413709,0.0447363072858448,0.027885256837892,0.0029916737384545,0.0023708852477468,-0.0058923473570871,-0.0096798212956067,0.0,0.0,-0.0008730838997748,-0.0075730826829655,-0.0012853470437018,-0.021660778646112,0.0113765642775882,-0.0144927536231883,0.0147676496872206,-0.0075292040044385,0.0073160488915413,-0.0236383743433784,0.0021947627575684,0.0001643014450229,-0.0171288743882543,-0.0110573445551548,-0.0150936837813087,-0.0058706406387913,-0.0249137497304678,0.0040276736253901,-0.0010381634741921,0.0188881331969517,-0.0080365601024348,-0.0068595876639726,-0.0084149383773318,-0.0090050729386637,-0.0056923253510409,-0.0020306935570605,-0.0122342450111467,0.0004669392134557,-0.0042484164993047,-0.0188011959879739,-0.0351666438074338,-0.0204896017189777,-0.0140841483292583,-0.0100671140939596,-0.0090620213519877,0.0186387237867791,0.0183165059019523,0.0072425535996929,-0.0030674846625766,0.0112944431114057,-0.024875569649495,-0.0180687926835221,-0.0041893854866212,-0.0144771711449062,0.0048702830672526,-0.0028526815206294,-0.0063573687436603,-0.0394106672308669,-0.0035178719515737,0.023840567068524,-0.0019017925632134,-0.0069499677420457,0.0030656473603876,-0.0060849393290506,-0.0165607090288434,0.015126050420168,0.0066818101965526,-0.0118756035326244,0.0035585501968855,0.0083878720467163,-0.0166046482150454
2025-02-19,-0.0108244116631307,-0.014854006992845,-0.0478207959615991,-0.0075881345885949,-0.0362696559866903,-0.0130250495715921,-0.0200332619541941,-0.0188921930790363,-0.0180329548524111,0.0010060790273558,-0.0396547248182762,-0.0190951199997546,-0.0017757127416162,-0.020738002613366,-0.0180451127819548,-0.0096499916641331,-0.0343048576214405,0.0172016152200977,0.0,-0.0463320463320462,-0.0517945725124014,-0.0146231721034871,-0.0931372549019607,0.0105824765343489,-0.0084820140425123,-0.0157984815903804,-0.0465605469145041,-0.0106729841614868,0.0066141209657346,-0.0066390041493775,-0.0178459043720339,-0.0047882123780889,-0.0206479321095991,-0.01896232412859,-0.0045897531652431,-0.0062354542660167,-0.0253655562446784,-0.0309007335579132,-0.0308178016257907,-0.0029711614284105,-0.009772705006368,-0.0091538757535593,-0.0093375888823155,-0.0296983375536716,-0.0028201881780491,-0.0362966410674113,-0.0229853039242995,-0.0299519517811958,-0.0159041052961455,-0.0714267262535197,-0.0440677966101695,-0.0178468438124328,0.004040978791447,0.0020871843388399,-0.0287777777777777,0.0002564102564102,-0.0010160615889638,-0.0182199967695041,-0.0194564136559496,-0.0273349964060716,-0.048436953633121,-0.0193867134865868,-0.0117972114313247,-0.0102903685425891,0.0098447532470999,-0.0141158635166152,-0.0112100082954061,0.0064121861641279,-0.0012168502827285,-0.0109859064496453,-0.0075794299119673,-0.026131927062435,0.0049668874172186,-0.000896899204357,-0.0273049691290109,-0.0164151849315608,-0.0128563212051495,-0.0346262555585222
2025-02-20,0.0063841672651823,-0.0031143129120588,-0.0045914986272839,-0.0068578912742276,0.0056906183109131,-0.0070316099898628,-0.0298008592704334,0.0009124566058711,-0.002504197376284,0.0030212764665336,-0.0130431844292762,0.0127757984874052,0.0261135524696782,-0.0176510281635118,-0.0015313935681471,-0.0079714809130068,0.0059668354957329,0.0088848964605554,0.0010918771699526,0.0080971659919026,0.0149782658870594,0.0091324200913243,-0.0216216216216216,0.0098180893939943,0.0022492891397529,0.0003232710572076,0.0195379621969071,0.0099570038470242,0.0057497411957088,0.0242272347535503,-0.0055708376750267,-0.0022470684111283,0.0218422550652526,-0.0016811773876944,-0.0535701319133485,-0.049165598809892,0.001499201863756,0.0141102068883365,-0.0067615122602985,-0.0021279099875243,-0.0032897177768433,-0.0054757517831793,-0.0027386734930638,-0.0102118968598416,-0.0122736348382022,0.0125492026949796,-0.000786217860105,-0.0107416579961605,0.0008580350113667,0.0076781839425805,0.0088652482269504,-0.0035468489418176,0.0059163835285784,0.0015599491055711,-0.0012257505679309,-0.0123045372981286,-0.0053341604215916,0.026510041349961,-0.0085803783704605,0.0032384968158403,-0.0032815439793039,0.0011408965614876,-0.0025331210336656,-0.003839025681758,-0.0167943371160799,0.0071616753588901,-0.0117769766229055,-0.0068886398147545,-0.0048767728635294,0.0166586597764131,0.0308447481012239,-0.0220655557590185,0.0098846787479405,0.0368119715578014,-0.0084234339133038,-0.0091028036635283,-0.0021071072968567,0.0253681239032577
2025-02-21,0.0072456585520574,0.0037370617499352,-0.018355604165676,-0.0018591048822107,-0.0251566014881468,-0.0061997085765728,-0.0007126470072638,-0.0027453528092712,-0.009205108454816,-0.0136531789807644,0.0021911804984935,0.0002993198958243,0.0098328753794392,-0.0159126123334366,-0.0145705521472392,0.0044619684567777,0.0,-0.004832965255529,0.0,-0.0240963855421686,0.0069403978529771,-0.0158371040723982,0.0165745856353591,0.0136059313806569,0.0089830139372824,0.0394597546162676,0.0057428214731585,0.0016417819241032,-0.0367466285541955,-0.0081566068515497,0.0155899418606337,0.0028946181291267,0.0147419893948459,-0.0117880595329934,-0.0127807578944677,-0.0153977228719696,-0.0244897959183674,0.0015483595397633,-0.0033118793778668,0.008954392983681,-0.0010919197935279,0.001032627559875,-0.0030475129776756,-0.0103172556100077,0.0,-0.140042928690675,-0.0156934969261497,-0.0122063224009718,0.0016969225602319,-0.0101595715311136,0.0087873462214411,-0.0129036820517655,-0.0056468440271257,-0.0028569025375675,-0.0049417463018719,-0.0215416558525823,-0.0076663117708365,-0.0154931082380596,-0.0227134536155703,-0.0021556393257939,-0.0365734510664184,-0.0068375783992413,-0.0032651408975127,-0.0009136212624583,0.0104665232589407,-0.0127000565870533,0.0004405326774292,-0.0029482009595828,0.0070414741443709,0.0303384418901662,-0.0008540733742626,0.0,-0.0244698205546491,0.0072733754887441,-0.0045293197968181,0.0093762113968212,0.0163145739394727,-0.0093846497265522
2025-02-24,-0.0080988791466163,-0.0365326568244013,-0.0793973744126337,-0.0135670769004918,-0.0745169180739915,-0.033872187823943,-0.0060751673245237,-0.017463119404867,-0.0177366567169909,0.0124211211235789,-0.0395599890680512,-0.020113213949686,-0.0074436467762291,-0.0109583864720608,-0.0108949416342412,-0.0053365398948591,-0.0235188633698876,0.0022856115866833,-0.0098039215686274,-0.0452674897119341,-0.0297391648004216,-0.0275862068965515,-0.0434782608695653,-0.0070309118901163,-0.0356181466093515,-0.0472244259096464,-0.0495283018867924,0.0005490751134755,0.0154278344200482,-0.0197368421052631,-0.0283033427839765,-0.0272508254986216,-0.0413976800219594,-0.0051122894869621,0.0030827418268484,-0.0022340743537703,-0.0163941665470683,-0.0499187035210705,-0.0007394748397963,-0.0101421016454612,-0.0110180860578356,-0.0120276701427717,-0.0055053523195935,-0.0182144615295514,0.0004788982316052,-0.0500397507719044,-0.0622024280117359,-0.0563270447797006,-0.0059379907886145,-0.0694204272884475,-0.0679442508710802,-0.0198258610231499,-0.0066258344590607,-0.0070332815581423,-0.0012497944417037,-0.0257294429708224,-0.013387346989616,-0.0083948339483396,-0.0038725883543244,-0.0205173854988763,-0.0468553278610106,0.0057372106268216,-0.0018199094259814,-0.0154238368387509,-0.0147222203742757,-0.0401204695500774,-0.0533727191831718,-0.0081723968810195,-0.0036472285184421,-0.0530024604743696,-0.020822660487882,-0.0073160618989661,-0.0267558528428093,-0.0091130969165993,-0.0204780457554228,0.0030363643637236,-0.0264390159444698,-0.0249842733341469
2025-02-25,0.0054466447081233,0.0086672964983389,-0.0457272153230899,0.0148326367616236,-0.0338101430429128,-0.0036925337354521,0.0151023321131753,0.0084162121698214,0.0120379508124639,-0.0013338870985832,-0.0045766047757939,-0.0064348565222183,-0.0092359017480534,-0.0163490774790263,-0.0283241542092841,0.01787391347787,-0.0421669727362621,0.0088292390092541,0.0153960396039602,0.0229885057471264,0.0111042685972255,0.0094562647754135,0.0397727272727272,-0.0045084954057644,0.0064654100561993,-0.0113307753760985,0.048104131295982,0.0092885046117323,0.0121889300921123,0.0243288590604027,0.0313513831492564,0.0217507058732862,-0.005302733028603,-0.0214058792007961,0.0030732677358538,0.0,0.0,0.0,0.0147795152760339,0.0187867278876858,0.0055641383121693,0.0076554226275868,0.0101483786830189,0.002654554034922,-0.0052502431134646,0.0098189001664057,0.0263589272834567,0.074245939675174,0.0366928504859538,0.0110594934811929,-0.0467289719626168,0.0050579372581887,-0.0085738654217354,-0.0044613563929507,-0.0422827411334673,-0.0019057990743261,0.0106996829404759,-0.0259285405482315,-0.001114924815541,0.0077249603777138,0.0168626616506939,0.0072242902707337,-0.0134880453849314,0.0089669691306597,-0.0044225679252417,-0.0080383950248701,0.027958406419289,-0.0033324434873125,0.0134255716639435,0.0049738545409327,0.0334991599050482,0.0196577741848558,0.0154639175257731,-0.0097170076091372,0.056910457210493,0.0132772834414844,0.0164886242840918,-0.0441615469059955
2025-02-26,0.0550002466821255,-0.0112818529552171,-0.0637992831541218,-0.0047813122487138,-0.0335481207097114,-0.0148151741534879,-0.0056698342140475,-0.0120576476452061,-0.019541395124306,0.0024042037137661,-0.0137929391586069,-0.0012325689715811,-0.0029118308654071,-0.019841398284512,-0.0226720647773278,-0.0087751155782841,-0.0188776638890937,0.0067774605002337,-0.0108356491638631,-0.0168539325842697,0.0,0.0187353629976581,-0.0437158469945355,-0.0194004033676172,-0.0201857982902603,-0.0350647576992237,-0.0382538627679015,0.0070402113674441,0.0136926884586412,-0.0253890253890254,-0.0203111988227374,-0.0187094363169461,-0.0396093441801451,-0.0218643355138998,0.0202175592173017,0.021271227865466,0.0026095447607077,-0.0213106199606106,-0.1825959968430662,-0.0201187931506151,-0.004421683737197,-0.0069050189822718,-0.0024373431436395,-0.0104136024004236,-0.0153627959984804,-0.0442035270309337,-0.0289948982851302,-0.002707180685819,-0.0139984075206122,-0.0273314756625363,-0.0784313725490195,-0.0187578784058954,-0.0016832595575584,0.0,-0.007805247051542,-0.0133660665575557,-0.0105864116918954,-0.0065170369954211,-0.0322578760058673,-0.0164093088733447,-0.0246968662026052,0.0018850998565504,0.0192169267702411,-0.0163407626433094,0.0072228363705417,-0.0194496183899691,-0.0090644267209684,0.0035179555950233,-0.0057208354732612,-0.0507427112705864,0.0093002131961781,-0.0222915207653376,0.0101522842639594,-0.0061339601401595,-0.0527456929668067,-0.0704799691409047,-0.0868316152569161,-0.0268083820269997
2025-02-27,0.0529933875176535,-0.0070590392372569,0.0,-0.0053415031726686,0.0104507716892539,0.0056429295963287,-0.0039192877616344,-0.006580077286389,-0.0060659176177485,0.0245143315718547,0.0489625353269402,-0.0108054261893583,-0.0099305209544372,0.0229784470422473,-0.0215410107705054,-0.0026637619448431,-0.0064637354378053,-0.017670109344356,0.0010966668720349,0.0342857142857142,-0.0017552525693348,-0.0034482758620688,0.0057142857142857,0.005935999531561,-0.0018723050155079,0.016300053075426,0.0278341610883177,-0.0043033803132348,0.1212364204103764,0.0092436974789915,-0.007679275272035,-0.0029558302528878,0.0119010613259915,-0.005368335815897,0.0120125425076182,0.0098814229249011,0.0005149532344099,0.0184264689863149,0.0779515947406928,0.0025694411583778,0.0033372644468421,0.0107758809655331,-0.0009124192089057,0.0053804994054695,0.0024383719494629,0.0434751923212648,0.0093802282083577,-0.0067937402655194,0.0058438400889166,0.0028038522491771,0.0021276595744681,0.0041948505615367,-0.0555958701277912,-0.0353093837629799,-0.0350880232880511,0.0561238595521149,0.0093941437240863,0.0087482681595838,0.0028743787779061,0.0011069863136237,-0.0014492988308448,-0.0101711140361372,-0.0068905753725873,-0.0049853671816509,0.0027606824945796,0.0011003584852118,0.0064026638125818,0.0022803566886284,-0.0015119847022724,0.0058655251188539,0.0,0.0536071467185641,-0.0016750418760468,-0.0074041872643192,0.0202976251847268,0.010256106236661,0.0219437852430819,0.0417913228915411
2025-02-28,-0.0081183106097615,-0.0103960853106823,-0.0397573330192012,0.0260392394085384,-0.0395249846526623,-0.0280367425281053,-0.0232456960542234,-0.0207894367186401,-0.0200525090404716,-0.015864148266383,-0.017777368396813,-0.0143582868835108,-0.0206473799355556,-0.0368973513318663,-0.0711261642675697,-0.0115373922713373,-0.0192904153112943,0.0014299723773094,-0.0251587809561321,-0.0207182320441989,0.0242083871804601,-0.0173010380622837,-0.0170454545454545,-0.0032815512787862,-0.0267351308335069,-0.0193809695126904,-0.0464085379944957,0.0035106041131105,0.0119015193335965,-0.0191507077435471,-0.0183141479212869,-0.0089042920019063,-0.0399679641901083,-0.0027036806239573,-0.0112714690938562,-0.0043572651663404,-0.0109035575024196,-0.0318008072642524,-0.0260331563180828,-0.0102419845851051,-0.0254964237483119,-0.0178825468424705,-0.0244361907818817,-0.0455634073504626,-0.0384264058378577,0.0044349968597516,0.0270504320619784,-0.0218946488044566,-0.0290408073413503,-0.0027960126428396,-0.0424628450106157,-0.0273912615626846,-0.0048419310095454,-0.0185723479730244,0.0279778045145187,-0.0007853403141361,-0.017064206100816,-0.0579935195255126,-0.0297994303847011,-0.0033284560654968,0.0181182041531189,-0.0411108517308077,-0.0047473159406028,-0.008766679776786,-0.0071580134833875,-0.0181590989291974,-0.0377272877662818,-0.0150432782443492,-0.0054609800300799,-0.0453615419241314,-0.0237341862851312,-0.0274825708550061,-0.0419463087248321,-0.020425506268081,-0.0324041013756585,-0.0376277381441396,-0.0098170174418232,-0.0519595373425016
2025-03-05,0.045822102425876,-0.0160285117181668,0.0058884867815738,0.0005233901241699,-0.0096169719236907,0.0124933251387868,0.0168440547636909,0.0183397150833672,0.0204628403312068,0.0227276140360361,0.0452478079429832,0.011401462276583,0.0096420797202296,-0.082733270394226,-0.0328167730173201,0.0026920063483135,0.0263036099969145,0.0091215886701909,-0.0078535353535352,0.002820874471086,-0.0081664243163375,-0.0023474178403755,0.0,0.0414500963616188,0.0062687380757697,0.0085210125803281,0.044613350958361,-0.0037665009566352,0.0879229389597564,-0.0067911714770797,-0.0060422960725077,-0.012307877253586,-0.0024570024570026,0.0270597127739986,0.0036003203087069,0.0021804892280761,0.0288744343891402,-0.0118903644440309,-0.0063655030800819,0.0090556644397075,0.0072369856158496,0.016035365245079,0.0149623786265162,0.0112453531598513,-0.0055609516592128,-0.0114762298709045,-0.0057571828789539,0.0181857049060174,0.0,-0.0196574423991223,-0.006651884700665,-0.0095460685070797,-0.0460944086613658,-0.0364615059484592,0.0122456109703903,-0.0209588682211161,0.010520958049198,0.0258931068752716,0.0319001042649322,0.007799805004875,0.0,0.014289688991679,0.0183421394141638,-0.0091604897095441,0.0255041999756524,0.0072824972602254,-0.0004715382461724,-0.0166938243737094,0.0091493136292393,-0.0210472169235055,-0.0074392660550458,-0.0378877809433365,0.0245183887915936,0.0079779652291971,-0.0364274375469964,0.008066307486596,-0.0097121009679828,0.0192229081723565
2025-03-06,0.0054800150700413,0.0185399402018975,0.0470760412220259,0.011247001100348,0.003107143009783,0.0104484889494789,-0.0014409388004471,0.0082787018475374,0.0086392232624956,0.0090423188746291,0.030302350619056,-0.0153426437990817,0.0053652467730762,-0.0266323181018154,-0.001885014137606,0.0143355172206527,0.0063885757234121,0.0502835845708342,-0.0101809666827865,-0.0070323488045007,-0.0042516162289725,0.02,0.0289017341040462,0.0075773506610028,0.0105311355311357,0.0165577290916134,0.0330064325635346,0.0089114599446349,-0.0148980423496037,0.0205128205128204,0.0100445254179706,0.0178524124204391,0.0351930347118798,0.0184280247277008,0.0120313128266988,0.0054853290431318,0.0035732937522334,0.0057313334470969,0.0017081953806175,0.0,0.0045352051670763,-0.0024166768085956,0.001852373546562,0.0611157062769966,0.0160248153872575,0.0196475316511128,0.0190403239043606,-0.0233496295851953,-0.0017159673877286,-0.0028600739888705,0.0111607142857141,0.0216869439081444,-0.0075169846357119,-0.0103957010889198,-0.0860111137956027,0.0029435375970028,-0.0216012637941296,-0.001125368355106,0.0280450838405466,0.0,0.0078287081835086,-0.009000784354065,0.0205339432073761,0.0005281301869928,0.0091868969656199,0.0233741620748955,-0.002363717670878,-0.0037921985894128,-0.0036251796375503,0.0159459952563401,0.0025939761780111,0.0,0.0119658119658119,0.010972912593111,-0.0048773085927339,0.0055433378411657,-0.0077650581075766,0.0066124371407121
2025-03-07,0.0194587321592805,0.0121329096641265,0.0393104653194338,0.0080151502989331,0.0298120185425045,0.0056429295963287,0.0119020132988547,0.011305871100173,0.0121209739998231,-0.0007683598718234,0.0062914988570805,0.0200317580636728,0.0172121638249251,0.1082051731257742,0.0198300283286119,0.0035356977077223,0.0509335324869306,0.0139844437327678,0.0171385224613644,0.0297450424929177,0.014661600569936,0.0149942329873127,0.050561797752809,0.0025114266433843,0.0308046739886531,0.0109664311769865,0.0169252756227031,0.0109752260952327,-0.0139185864099369,0.0159128978224456,0.0264346946065008,0.0191922851023271,0.0292490206060069,-0.0066288973677111,0.0083249008275236,0.0032610517653872,-0.0066117060611872,0.026779079904281,-0.0002128859655476,0.005978204364798,0.0101454605404993,0.00933284534142,0.0043142134071887,-0.0104798198510306,-0.0010035812002832,0.0437774384424509,0.0398031319910514,0.1054740882917466,0.0111328820805129,0.0517225253312549,0.0529801324503309,0.0183970564709647,0.0121734385166394,0.0107982490735278,0.0617612627921908,0.0224119530416222,0.0021265020065754,0.0,-0.0050078686721541,0.0177028544740851,0.052964720478243,0.0244839174267881,-0.0063513890179317,0.0215607000121811,0.0273163335990904,0.0288190038524411,0.0142109826020135,0.0032638877311534,0.0081880440852515,0.0088786725091589,-0.0192584550754053,0.0276652477602528,0.0168918918918918,0.0145911656026853,0.0214419006542212,0.0095904301943867,0.0129014458290361,0.0374831433124924
2025-03-10,0.0015203027240149,-0.0021828839821691,-0.005435391684411,0.0074411828029929,-0.0120313941605537,-0.0214951623643698,-0.0032095526020573,-0.0111794773700598,-0.0145379023883697,-0.0020505352071653,0.0,-0.0062332836848765,-0.016333386326405,-0.0572380307136404,-0.0138888888888889,-0.0193679818129927,0.0,0.0079576559765917,0.0,-0.0247592847317743,-0.0039412648558069,-0.0159090909090909,-0.0267379679144385,-0.0406511963581857,-0.0050518808350462,-0.0095343579437757,-0.0073882230119055,0.0007956922325469,0.0077365118410854,-0.0041220115416323,-0.0038249512093977,0.0129852651920356,0.0169023170797271,-0.0045198836081473,-0.0058981431315568,-0.0021720309248599,-0.0260989919932945,-0.005550047295064,-0.0279247320797461,0.0114672542009799,0.0,0.0006863684633116,0.0088943607681597,-0.0158716265499635,-0.004520652242878,-0.0050289392595572,-0.0078142480937709,0.0496291357613134,-0.0169382542059367,0.032785913321871,-0.0125786163522011,-0.0055568645931511,-0.001872187645339,-0.0002902083696093,-0.037397969164014,-0.0206158663883089,-0.0071686470929911,0.0011266362358735,-0.0296633838012642,0.0021743643535363,-0.0023489857334764,-0.0142607462195091,-0.0195387596029411,0.0067569869516335,-0.0078179666925356,-0.0063390297562168,-0.0214864713910353,0.0045161731064293,0.008423978605337,-0.0142118679065263,0.0035164240163638,-0.0112657831019924,-0.0099667774086378,-0.016184445952004,-0.0101937813668481,0.0084906623993463,-0.0043840591458865,-0.0252971354859039
2025-03-11,-0.0198089995412651,-0.01146677645931,-0.0216913628936841,-0.0071315233238286,0.0057078725088255,-0.0066852813722841,-0.0089386199503282,-0.0103493858074776,-0.0060762435618407,-0.0092434497593549,-0.0187781239183109,0.0015664836953543,0.006520975335535,-0.0083302391874572,0.0037558685446008,0.002689601878707,0.0,0.0302647217720151,0.0067373690131586,-0.015514809590973,-0.0061514603256656,-0.0254041570438799,0.0164835164835164,-0.0097796681278301,-0.0037023670259103,-0.0348500743575851,-0.0242106753504176,-0.0169324081253517,-0.0138715245160914,0.0066225165562914,-0.0023055291946367,-0.0016010737413687,-0.0045359865506413,-0.0272521776409376,-0.0035549279724522,-0.0043535178250677,0.008929026413385,-0.0267820307128123,-0.0149133404843898,-0.0180532074980958,-0.0100435639586707,-0.0065009296286231,-0.0088159485413197,-0.0161275977587381,-0.0206822925795502,-0.0134905391620795,-0.0055078497701448,0.0060608466658726,-0.0068902488195184,0.0,-0.019108280254777,-0.0032629084806001,-0.0206148850985781,-0.0150178046137172,-0.0446148161832625,-0.0098587796429524,-0.0029399053938442,-0.0078543750145022,0.0028843240622915,-0.0184474487570868,0.0090757958716976,-0.0211181347860348,-0.0148545444835243,-0.0092947705635518,-0.0120854250415136,0.0095719996645327,0.0095496667047196,-0.0082748986775234,-0.0065642712243645,-0.0384326471650414,-0.0216121267711603,-0.0259454646032623,-0.0134228187919462,0.00833523198116,-0.0042444699798908,-0.0190412687426938,-0.022653004948356,-0.0203871332740644
2025-03-12,0.0132147719537099,0.0071799334845989,0.0332872609997696,0.0035913736266977,-0.1339379403387798,0.0096118001470988,-0.0011894771689673,0.0047564233433963,0.0,-0.0002592398380929,0.0425522532851223,0.012528360178287,-0.0147307278794733,0.0096019711216188,-0.04022450888681,0.003583189038244,0.0424246731097215,-0.0224783519138062,0.0055873637687711,-0.010028653295129,0.0097264121502131,0.0035545023696683,0.0054054054054053,-0.0039519628325564,0.0315402247162943,0.0336956521739131,-0.0152765110687338,-0.0045762650790537,-0.0035512706997552,-0.0139802631578946,0.0159075657222884,0.0182985707120508,0.0174512469728513,0.0009415347015635,-0.0160728936180792,-0.0109160958904108,0.0281269641734758,0.0166268266547342,0.0142473654409118,-0.0080975872784633,-0.0033860474553916,0.003443245073945,0.0030645080870028,0.013649923162684,-0.0133960289180674,0.034187556474676,0.0142514500021804,0.0337257481091746,0.0034735379562964,0.0237944890929966,0.0086580086580085,0.0042096088035301,0.0035545993121108,0.0,-0.0045054626317315,-0.0075349838536058,0.0163586881204902,0.050311633944128,0.0069000519618624,0.006631270271471,0.0109957694243063,0.0011944085927417,0.0066176698367461,-0.0017705059889783,0.0,0.0073767631959329,0.0033088000314656,-0.006892742696269,-0.0024015467589295,0.0321192227088011,-0.0089552970444148,0.0194891542233426,-0.0034013605442175,-0.0124914767217022,-0.0024305981290885,0.0071500169931209,0.0128764518221644,0.0037848317967121
2025-03-13,0.0230278904537553,0.0153623009504999,-0.0053505740720097,0.0214652548448133,0.0484927159959613,0.1047631402995799,0.0162639852930408,0.0113592149064027,0.0174682440600044,0.015296169916845,0.0367339170156071,0.0324764483771311,0.0185434499178049,0.0065378242742895,0.0409356725146199,0.0035703956357397,-0.0639443724861954,-0.0135897261670177,0.0155327198491677,0.0332850940665701,0.0162075085579953,0.0791027154663517,0.0053763440860215,0.0099154400709922,0.0161900667825116,-0.0226135588911614,0.0251962868629886,0.0091946071175752,0.0121979568284762,0.0333611342785655,0.0151501226370118,0.002838034351273,-0.0089465607416147,0.0494341095355794,-0.0030257855040238,0.0066312177327108,0.0197593938996967,0.0186135402791451,0.0063670225750165,0.0098088303315546,0.0158425164787621,0.0096105997862387,0.0162087134739949,0.0080856123662307,0.0146223744317339,-0.0413262594690998,-0.00468659976438,-0.013984145363855,-0.0025893924817707,-0.0232414701841935,0.0,0.0148888636823183,0.007080998164074,0.0099680394006076,0.0423448972456392,-0.0103036876355748,0.0142473781168859,0.0026887257221428,0.0165618549277519,0.0,0.0299813814588825,0.0111738435050123,0.007674346141862,0.021095554478314,-0.0106432687814754,0.0094118164475889,0.015078159455089,-0.0080360708726956,0.0096327124603028,-0.073308831556348,0.0,0.0312291952554992,-0.0358361774744027,0.0137652018612788,0.0286743015790387,0.0089274654114108,-0.0097451307246885,0.0141370347158724
2025-03-14,0.0232483684275335,0.0307946677689365,0.1297209458702228,0.0102597290534125,-0.1041701058346631,0.1094801499480602,0.0141871674586349,0.038386321132781,0.0412020761717417,0.016598124548333,0.0570752503926728,0.0167771805717171,0.0275974816515358,0.0460736655692499,0.0355805243445692,-0.0239995229908474,0.0869565217391303,-0.0082117879944747,0.0295083176570396,0.046218487394958,0.0344832353320676,0.1181619256017505,0.0802139037433153,0.037304382556915,0.0185835066165387,0.021103281944576,0.0491540735873849,0.0117851022278905,0.0139466621369117,0.016142050040355,0.0181606249133556,0.0128870371174734,0.1768175785282408,0.0266708622974893,0.0260918600746387,0.026304070758411,0.0104322785081145,0.0393099997725774,0.0586677686618619,0.0092791099609947,0.0311783642945722,0.0357020401165779,0.0325023987357251,0.0401037980655816,0.0082298060929821,0.0370662682864952,0.0305847387337572,0.1347528713382373,0.0129986027854147,0.0899253731343283,0.0772532188841199,0.050435399537388,0.0389520048693752,0.030779456585176,0.0333942081920166,0.0780821917808218,0.013269223068254,0.0295244334395576,0.0112391386475254,0.025246896551724,0.0508649912122765,0.0355193500291708,0.0076120816027362,0.0154375460780591,0.0010757766582705,0.0207286055846327,0.0306400768536352,-0.0031305970710855,0.0158014380251569,0.0141833945905192,0.0081335245891505,0.0580965619009348,0.0407079646017698,0.032843172503056,0.0397391023208086,0.0287554138671204,0.0,0.0594778591617786
2025-03-17,0.0042680529816199,0.0193896505970809,0.0,0.0012384800006832,0.0120956802604434,-0.0349603093832689,0.0208054444153611,0.0171354472197351,0.0148335203890759,0.0047733787070767,-0.003724358850659,0.028286748855572,0.0142845537261697,0.0271037965766616,0.0289330922242314,0.0191218995642081,0.0056951423785593,0.0016047785113211,0.002125804640942,0.0441767068273093,-0.0104148569850369,-0.0136986301369863,0.0,0.0107251368645076,0.0130325931818713,0.0066574812722155,0.0072018474304278,0.0206525464120976,0.033788655717843,-0.0015885623510722,0.0153914125976724,0.0170707570509647,0.0051199427139276,0.0112568265408476,0.0165611781777763,0.0085582620144832,0.0093392593220427,0.015448746704012,0.0028851763457968,0.0109389840500442,0.0269922254616132,0.021340782122905,0.0300215376654044,0.0051599002041278,0.0127625045676331,0.0390755236645647,0.0426209717983971,0.0562480098257744,0.0342151863815549,0.0509835936059832,0.0079681274900398,0.020951394061073,0.0231714496802346,0.0185931371161292,-0.0295019295271756,0.0088945362134689,0.0266990359779248,0.0411885245901639,0.008890212010834,0.007501641320375,0.0158288966778732,0.0224819918702579,0.0082782084214194,0.0130907330810525,-0.0392039944434251,0.0147211832437825,-0.00315231341396,0.0084965198617001,0.0111528477225182,0.0147129427434218,0.0068719776024432,0.0192817741473558,-0.0017006802721087,0.0143900057049479,0.010268231349539,0.0066463366955977,0.0194694303364291,0.0026391279403328
2025-03-18,-0.0014778836705836,0.0066873767087232,0.0095729378503051,0.0056871175413453,0.0569840483102537,-0.0305995899806801,0.0014029612372434,-0.0053221628622308,-0.0008110150590751,0.0095014036164433,0.0261679708685209,0.019196853129352,0.0028166757886023,0.0115432692839523,-0.0140597539543058,0.0125187331401737,0.0397734843437709,0.0130658364872608,0.0,-0.014102564102564,0.0084222751396585,-0.0228174603174603,-0.0346534653465346,-0.0212226578192749,0.0042902346637103,0.044706937799043,-0.0143007033769867,0.0036316622283971,0.0080093446675888,0.0007955449482894,-0.0004816441580122,-0.0045763399010783,-0.0318099241263848,-0.0042891256429096,0.0011601985093574,0.0010532874436268,-0.0155876054918755,-0.0083934016442016,-0.0096544575713665,-0.0047623675770239,0.0073691183080599,0.0059479674401454,0.0053743087520918,0.0051052067467705,0.0025203351249822,-0.0127998325907453,0.0065692139457094,-0.0108421800641703,-0.0091032678838772,-0.0461800596356711,0.0177865612648222,-0.0047033022800594,0.0007615652139576,0.0008276100597857,-0.0101267234010925,-0.0012594458438288,0.0092520545610017,-0.016526999450999,-0.0060578007926636,-0.0095716269629313,-0.0143851601480765,-0.0048448781841706,0.0,-0.0032792581492823,0.0810480873497057,-0.0030024819114926,0.0212385055986017,0.0075098340837553,-0.0026099130794022,0.0028999221599841,0.0287834858138316,-0.0126133830131632,-0.0051107325383304,0.0073569783580154,-0.0135495915049079,-0.0036916510633426,0.0,0.0551136797131304
2025-03-19,0.009592460438101,0.0061257678759216,0.0521273459762208,0.0314811463729105,0.0191301934551579,0.0257519320476224,-0.0038591395764824,0.0115862714381624,0.0089468538434578,-0.0037152539319772,0.0182147643405876,0.0070285620191876,-0.0033745107957722,-0.0054351094950377,0.0115864527629232,0.0141203635179538,0.0382520663804704,0.001577940535419,0.0148252314952748,0.0286085825747723,-0.0029238460851709,0.0203045685279188,0.0512820512820513,-0.0038284622461255,0.0256141944608945,0.0247272406997611,0.0,0.0049105752333196,0.0161473492238855,0.0198728139904611,0.0235927707610632,0.0208462305401513,0.0118285504047093,0.0232167728962393,0.0017473819607081,0.0095288904696275,-0.0064297367326701,0.0132290942280943,0.0466709813294714,0.0100027901785713,0.0073034697352196,0.0070284966267242,0.0024774774774773,0.0178195594219165,0.0005027998009969,0.0048577560699869,-0.0028997084315212,0.0398711236407571,0.0091868986836163,0.0266116744601481,-0.0038834951456311,0.0038650993817661,0.0048308497955202,-0.0008269256877677,0.0336192818125504,-0.0095838587641865,0.0292370895855809,0.0091686108053736,0.008306750180455,0.0257566279094849,0.0215864785972361,0.0101142674333714,0.0067786165459868,0.0237384521526931,-0.0351579996593338,0.0361277392473826,0.0008834044197827,-0.0029087315812837,0.0023274544289024,0.0441111567669574,0.0092303411200154,0.0081286730590781,0.017123287671233,-0.0017392291751436,0.0137357046925237,-0.0140293718173349,0.0102831617300394,-0.0074659917747547
2025-03-20,-0.0058402605532795,-0.0137019162121256,0.0090123745038523,0.006439038831598,0.0149351838375113,0.004047071600078,-0.0049316617827425,-0.0149731007089345,-0.0048359966358285,0.0069581774829647,0.0840872015423401,-0.0069795061275071,0.0011286455585461,0.0005497798131848,-0.0308370044052863,-0.0121917994823592,-0.0052456183658355,-0.0078844666654677,-0.0125183488931948,-0.0139064475347661,0.0163320126250754,-0.0019900497512439,-0.0097560975609756,-0.024969986289595,-0.0070747048469016,-0.0198008100819752,-0.014527892765622,0.0082310353272516,-0.0672221364364711,-0.0116913484021824,-0.0115258281263372,-0.0060067919517924,0.0051906259658565,-0.0033624808437753,-0.0023257785907234,-0.0052405977510935,-0.0234063103670315,-0.0093995142065105,0.022788819254685,-0.003872167815425,-0.008287969039598,-0.0062834973202143,-0.0092640698719388,-0.0125172318720705,-0.00201018848162,-0.0330664229021455,0.0014580763006522,-0.0057466451734461,-0.0148939099309941,0.0400982624939225,0.023391812865497,-0.0111243633988943,0.0045551825018164,0.0022110776224122,0.0042496004649135,0.0002546473134708,-0.0009634727368977,-0.0100924708288976,-0.0005484513465923,-0.0407983007718029,-0.0136906010743341,-0.0159452655514049,0.0159516300595292,-0.0070181226122953,-0.0085719890153,-0.0033900893334349,-0.0044177205297587,0.0180491158001017,0.0060970210197996,-0.012469482199468,-0.0082894076857417,0.019574875432611,-0.0084175084175085,-0.003135687690056,0.0095951181323643,-0.0292570458291023,-0.004984946236559,0.0083599704942216
2025-03-21,0.0095571355694425,0.0118365125140427,-0.017863754165124,-0.0066348000163418,0.0088264683024315,0.0129034983944567,0.0042475616191661,0.0160990648862755,0.0137609200892898,-0.0049349811326049,-0.0214603283173734,0.0064652370731368,0.0095726655370698,0.0557060513981459,-0.0072727272727273,-0.048453029422484,-0.0052732799801477,0.0100680508877069,-0.0052920120348677,-0.0051282051282051,-0.0156598961292965,0.0039880358923232,-0.0246305418719211,-0.0085316274935521,0.0020946251129176,-0.0022031260275773,-0.0092012881803452,-0.0030628626949396,0.0108172506109465,-0.0362776025236591,-0.0090407985993662,-0.0030215457727258,0.0005154779022762,-0.0042150203062673,-0.0034846590012264,-0.0063307016896628,0.0392641677381071,-0.0005250451971895,0.0073625066841185,-0.0021631615437948,-0.0010461234660774,-0.0014047148509351,0.0021791124103107,-0.0126479785570693,-0.0146032217198408,0.035869792471525,0.020327349524815,-0.0260356898457649,-0.0100706605759404,0.1360527481178959,-0.04,0.001728929531217,0.0161221418379911,0.0154526406606274,0.0070346124633802,-0.0056008146639511,0.0016877033457327,0.0091726675593324,-0.0225392791127542,0.0087259652276863,0.0096566813430214,0.0124364047484455,-0.0122112053605868,-0.0056852585158312,0.0135132461468452,-0.0024311886776069,-0.0048852113846664,-0.0266824275117016,-0.0017309836290022,-0.0147228126106978,-0.0086456013321856,-0.0033884227884973,-0.0169779286926994,0.003670443610195,-0.0072704377506047,0.0164970375642004,-0.0010439135302431,-0.030660995059922
2025-03-24,-0.0138407484899925,-0.0157671836547814,0.0045707284893035,-0.0059634951839635,-0.0037509858948256,-0.0127391191904361,-0.0003490978576417,0.0123275697507359,0.0103844794621092,-0.0071952993718209,-0.0202359108781127,-0.0161999098729322,0.0072485314620625,0.1019106954181825,-0.0256410256410255,-0.0055588911202665,-0.021267306972683,0.0070818377602297,-0.0021161111376787,-0.0219072164948453,-0.019672600667687,-0.0109235352532273,0.0707070707070707,-0.0072823203486107,-0.017155799448986,-0.0142365955203059,-0.0297377505905153,-0.0143296582810501,-0.0469499008648984,-0.027823240589198,-0.0151253665969428,-0.0148475469340297,-0.0117233400220546,-0.0228629043246041,0.0058361966030655,0.0095491267672567,-0.0157023220403502,-0.0116058034432897,0.0028858456894536,-0.0095329856125105,0.0020944379728666,0.0010560257960501,0.0009333899024184,-0.0102649662076181,-0.0112371034200815,-0.0056425782106971,-0.0213493276882668,0.0108850743687305,-0.0084790626268329,-0.0678490990990993,-0.0079365079365079,-0.0056127564310926,-0.0024786007721584,-0.0013594088998801,-0.0237757465835831,0.0112647209421401,-0.0055333229296986,-0.0060595296551291,-0.0393693342315829,-0.0032384968158403,-0.0274957529060823,-0.0052125999013722,-0.0180151365825539,-0.0251614015800648,-0.0101380809224482,-0.0014591962644575,-0.037037037037037,-0.0040494811249812,-0.0069392060242104,-0.01352717794306,-0.0238358077143403,-0.0118967818299303,0.0138169257340241,-0.0052221497976321,-0.0146807487916253,-0.0038084874863981,-0.0085699017090041,-0.0213636194238437
2025-03-25,0.0044354774142929,0.0140252943741823,0.1085885829541724,0.0038395339600159,-0.0050170764712921,-0.0008112219029913,0.003878177440403,0.0078205637157602,0.0166004502121019,-0.0037486794424692,0.0292685536946868,0.0068124859592768,0.0038769860533462,0.0272307743175774,0.0093984962406015,-0.0083797428824233,0.0488752947173898,0.0036461099250462,0.0063857572453784,0.0079051383399211,-0.0824058942217271,-0.0010040160642571,0.0660377358490564,-0.0133464601900925,0.0102209279662475,0.0221424830337542,0.0363920099875156,0.0054498122885349,-0.0211939129650914,0.015993265993266,0.0043890902134102,0.0104583838707463,0.0072528055461553,0.0190659453027683,0.0046394437512871,0.0073552126391973,0.0074768764703985,0.0128050584638315,-0.00958851353353,-0.0008745510326249,0.0135619092350143,0.0035150304797029,0.008081835650503,0.018142857142857,-0.012403910495993,0.025107667325614,0.0261812821457754,0.0244870026411745,0.0085515719408775,0.0278326324837954,0.008,0.0004327708846481,0.009691112990444,0.0078910506309499,0.0215035961959422,-0.0103797468354429,0.0130618302520604,-0.0254054679041803,-0.0017593936858683,0.0151766245093762,0.0215126235359655,0.0127208219986234,0.0025185482557632,0.0334009607889747,-0.0075400999211148,0.0179563960046762,-0.0166817647398954,-0.0133002117916212,-0.0125186612562724,0.0238111508469816,0.0089706246427796,0.014331901161831,0.0051107325383306,0.0033238348482655,0.0256116648259694,-0.0108171499455967,-0.0076008537048434,0.0253239273031922
2025-03-26,-0.0161809718148195,0.0005103591437436,0.0244986037065244,-0.0054954717312932,0.0184948743569814,0.0042877439870099,0.0119411183126441,0.0172627722850278,0.0163293752315754,0.006522160522685,-0.0317806889859292,-0.0039468193620179,0.006070744760797,0.0662699908954633,0.0968342644320296,-0.0090384211631324,0.0052247873633051,-0.0031143908294152,0.0031785714285714,0.0078431372549019,-0.0553753544599771,0.0030150753768845,0.0309734513274337,0.0223124188792773,0.0109573339234745,0.0141184422833717,0.0,-0.0005147530529849,-0.0058783660300953,-0.0057995028997515,-0.0070393374741201,-0.0012197568251379,0.0144011622627804,0.0042508551881412,0.0086572779010321,0.0073015084916543,-0.0153386008125138,-0.0036842076789491,0.0189758315386456,-0.0017506330832206,-0.0072057460611676,-0.0087547896563484,-0.0107886696193305,-0.002553669145503,0.0015699624861593,0.0126466764809698,0.012756655476618,0.0028702940224822,0.0084790626268329,0.0979182206550486,0.0416666666666667,0.0034744752621962,0.0105830066215406,0.009451197453151,-0.0140279478498884,0.0391404451266306,-0.0009530260546295,-0.0005230802415875,0.0017624946077525,-0.0192241601512157,0.0475321650025921,0.0066506737650338,-0.0114806615641505,-0.0050926792735443,-0.0092268153908314,-0.0019241424469853,-0.0056549223305728,0.0020584634220999,0.0023576502086253,0.0140982950036709,-0.0186723374349466,0.0016991431980044,0.0050847457627116,0.0061035689266641,0.0056748739834442,0.0211946379962677,-0.005319347780673,-0.0144755290206964
2025-03-27,0.0059792912352341,-0.0025619569453679,0.0238714740015693,0.0014394810132176,0.0317760235458699,0.0008084142449327,-0.0041649930704068,-0.0084897532453702,-0.0038192786771408,0.0062306707600288,0.048358807316462,-0.011325881661556,0.0076709232388054,-0.008141931811321,-0.0050933786078097,-0.0038241930528923,0.0514928079294088,-0.016137133574856,0.0,0.0064850843060959,0.0047082615771096,-0.002004008016032,-0.0257510729613734,0.0039702633877134,0.0074988774135609,-0.0046442124727207,0.0073882230119053,0.0087822126563792,-0.0145678569153894,-0.0125,0.0007339449541285,-0.0045707658867318,0.0025779655555158,0.0135524248122007,-0.0051521744327824,-0.0010437959378941,-0.0085440930428992,-0.0021177007200183,-0.0199531894574518,-0.0083324345995321,0.0082965763495064,0.0003521511578485,0.0012468430430054,0.0025602070672969,0.0026125026125025,0.0118766259160389,0.0139989516203631,0.0362287165396943,0.0109362286634178,-0.0227698515636259,0.0057142857142857,-0.0077870619204416,0.0102292054750141,0.0074871804061056,-0.0497872262707065,0.000984736582964,-0.006932454556683,0.001564666591131,0.0140505425822485,-0.001095026390136,0.011244223637614,0.0062370145918815,-0.0058089097975669,0.0239215412161326,0.0186254846904665,0.0293871247754202,0.0056870823394903,0.0071000924023856,-0.0026444567734305,0.0006947491589879,0.0003025158203426,-0.0050827679129975,0.003372681281619,0.0079742469186119,0.0225779751425494,0.0055868497376316,-0.0077000282975487,0.0492651215375918
2025-03-28,-0.0022309203956057,-0.0123197857828292,-0.0272276229276753,-0.0148762473893455,-0.0131976298852801,-0.0121080044090301,-0.0017441860465116,-0.0059849254081073,-0.0138282577440856,-0.0029722031455817,0.023064053537285,-0.0005708686325341,-0.0081604238779416,-0.0017304498299984,-0.0179180887372014,-0.0057636274697462,0.039257385906426,0.0005286235150567,-0.0042246668328053,-0.0167525773195875,0.0019656869682815,-0.0220883534136546,-0.0044052863436124,0.0013157510014325,0.0053817355261398,-0.011189475844341,-0.0220220419714212,0.0005143444965138,-0.0286894878167728,0.0042194092827005,-0.0144125523663477,-0.0119398613687395,-0.0090086068354701,-0.0183809361641109,-0.0276185669826851,-0.0321157502140565,0.0165910294848479,-0.010600091417626,0.0124101437699681,-0.0075182281569464,-0.0102882801560023,-0.008120903131828,-0.0136946562184918,0.0508769468219447,-0.0093805028168936,-0.0187778832662594,0.0027596168465866,-0.028524079746899,-0.0099871050376896,-0.0097120104493648,-0.0151515151515151,-0.0074137070383996,-0.0098851146047959,-0.006370314158164,-0.0329444326984066,-0.012788981800295,-0.016123697044915,0.007293961741716,-0.0196311574860472,-0.0534300936177675,-0.0077697731988902,-0.0105755444528314,0.0,-0.0099037976810618,-0.0086042817951511,-0.0009364076265743,-0.0240358700445926,-0.0129854127370786,0.0011791706499761,-0.0027770672708006,0.0084524514886683,-0.0034038076697519,-0.038655462184874,-0.0101463546132217,0.0038608550412746,-0.0047597414235044,-0.0116407821714459,0.0016431861649113
2025-03-31,0.005214429278294,-0.0057131221456206,-0.0799883894509868,-0.0063349810258636,-0.0068922752984421,-0.0081680975742709,-0.0157105416423994,-0.0232391391892822,-0.0132446235134037,0.0009936878239364,0.0177215612328334,-0.0343865103830832,-0.0175534369252564,0.0,-0.0443092962641181,-0.0096474715495851,-0.014158508932028,-0.0031736841152949,-0.0074126157476372,-0.0314547837483617,-0.0318601293238746,-0.0277207392197125,-0.0619469026548671,-0.0190752204637038,-0.0164632997528565,-0.0116328603729067,0.0168935441799804,-0.0120294739247157,-0.0091918075255466,-0.0058823529411764,-0.0086730782240062,-0.0083689863349373,-0.0123428983287535,-0.0042544644487456,-0.0426014371420273,-0.0417578792694994,-0.019736877447636,-0.0091022087293207,-0.018196700294863,-0.0044593512977855,-0.0176683816651075,-0.0124585429134389,-0.0088380668163591,0.0121234778893397,-0.0184125859023274,-0.024720005480015,-0.006883846462931,-0.0388214008787799,-0.0218453603741421,-0.0372505637578181,-0.0173076923076922,-0.0070313664133512,-0.0060863697705801,-0.0072136683800868,-0.0526305328642696,-0.0084703537618336,0.0038165885776684,-0.0149956948878798,-0.0447575555060518,-0.0299601612081346,-0.0258106047989341,-0.0151125570656451,-0.014968460139844,-0.0095149194361058,0.0092218066267253,-0.043561684169202,-0.0004820124017773,-0.0048879797950697,-0.008543908971437,-0.0390018687479388,-0.0008966084942179,-0.0261768988109684,-0.0069930069930069,-0.0149405592686312,-0.0225384920584131,-0.0063822569905397,-0.0124315868249974,-0.0509807085484798
2025-04-01,0.0081504500815043,-0.0031421332568766,0.0260963627349348,0.0,0.0081619268795565,0.0098841552954511,0.0049666425052883,0.0078234199808939,0.0014326775848638,0.0223329610703126,0.0300546000098376,0.012760702524698,0.007818908263435,0.0103919860627177,-0.0345454545454546,-0.0165669481823875,0.0334922861150071,0.0212192058317419,0.0149359459232312,-0.0027063599458727,-0.0136713895103156,0.0010559662090812,0.009433962264151,0.008044890638605,0.0112963474204326,0.0146320977830822,0.0682751848660347,-0.0051841230930522,-0.0001526337720537,0.0143702451394758,0.0014984404277522,0.0071874584827953,0.0144675028506271,0.0,0.0265756288963174,0.0324054515013534,0.0092944238936842,0.016212555989099,0.0146327058251589,-0.0053694486983155,-0.0010594103012773,-0.0004461353525089,0.0002460825824195,0.0263046804917945,0.0037515937221452,0.0310708422226317,0.0415817397610593,0.0295579219102934,0.0,0.0896033587448901,0.0,0.0114048827154125,0.005143314912626,0.0037682666274012,0.0163432287842233,0.0065326633165829,0.017000833295375,-0.0021011711178555,0.0043142818275454,0.0035696804001863,0.0449540892309412,-0.0007500092214248,0.0481828505422374,0.0034270047978066,0.0134406486146096,0.0083272191808232,0.0014517579331789,0.0086891067706322,0.009211502129216,0.0202923749170689,0.0149834300170905,0.0151938950319265,0.0387323943661972,0.0086414443749016,0.0269928769706175,0.0495694651083398,0.0015452634366017,0.0433193217777359
2025-04-02,0.0044046898397425,0.0183546012702064,0.0126943687955722,-0.0022068584538461,0.0137678447307918,0.0130527210884354,0.0007065395386149,-0.0029234806381768,0.0023337118536468,-0.0177210371110075,0.0107605615867054,0.0067380210450254,-0.0099702009792981,-0.02785081858388,-0.0047080979284368,0.0,-0.0324069047877537,-0.0067507278628382,0.0021056865366186,0.016282225237449,0.0005095108695651,-0.0516877637130801,-0.0093457943925233,0.0133036057053421,-0.0016546329723226,0.0094107395708529,0.0120807383507166,-0.0059899031774381,-0.0132338416304996,0.0,0.0099850664062277,0.0077561303768582,-0.015556015142387,0.0136706214585664,-0.0138490746328706,-0.0183995150045467,0.0317150908666401,-0.0122344202304877,0.0036529372981728,-0.0004522753298241,0.0010605338417541,0.0068561935107926,0.0003183814644098,0.0093318594308338,0.0064072660645335,0.028542234332425,0.032599932572082,0.0708121774378904,0.0120290269535996,0.0130805110525247,0.0136986301369861,0.0052996652354944,-0.0051169965877683,-0.0026823697059872,0.0,-0.0119820269595607,0.0095873664908499,0.0247285033406603,0.0356044041099867,-0.0047347133000239,0.0384614174566069,0.0168571123889522,-0.0106068503350708,-0.0013661202185792,-0.0047703191647734,0.0097137274457324,0.0255620541939625,0.0007481506710393,-0.0041231354449994,0.0149184567319908,-0.0038384240734368,0.0028779362313149,-0.0135593220338983,-0.0045454285893753,0.0005482351291221,-0.0162514456437934,-0.0099227420861914,0.0323944554598871
2025-04-03,0.0131719811896813,0.0427394765206665,0.0920407720667968,0.0164623467600699,0.0211624166029376,0.024954883115793,0.0056409709530447,0.0187831482037426,0.0192417484388938,0.017793604300121,-0.0182367948596806,0.0130987520298579,-0.0302184506248549,-0.0718368251856776,-0.0122989593188269,0.0059411377113991,0.0430294530154278,-0.0034000944868362,0.0209890096917755,0.0400534045393858,0.022576812086233,-0.0200222469410455,0.009433962264151,-0.0045900301630553,0.0439288165670568,0.0217428836566888,0.035828143534994,0.0474206310537701,-0.0232768249705287,0.0091666666666665,0.0422636566285212,0.0267869998298406,0.0276486330961536,0.0075888455728718,-0.0280807552798831,-0.0286724515949727,0.0188409153106119,0.0511584185789328,0.0178155046772852,0.0103589032655575,0.0179861681486506,0.0121865123342774,0.0178273040949632,-0.0138556364933014,-0.0164467254541699,0.0223607523677065,0.0399460572077505,0.0545094442709959,0.0348015753872237,0.0535081573416076,0.0193050193050194,0.0351679065755914,-0.0352781436272048,-0.0322569993726303,0.0,-0.0694795351187468,-0.0009759891023248,0.0225866911612446,0.0462390303755053,0.0130764265735938,0.021673796337813,0.0139962246494893,0.0146528141004174,0.0326767698358412,-0.0069328824141519,0.0163529619270794,-0.0578516438905573,-0.0443488020374254,0.0183270896354614,0.0265851682745414,0.0225255517790823,0.020669020332491,-0.0103092783505155,-0.0361852861035423,0.0186106668875396,0.018658894508464,-0.0140296844644551,0.0378149418130473
2025-04-04,-0.0101125530282869,-0.0404901939107171,-0.0957620050045676,-0.0123274271359017,-0.0379313164701883,-0.0534117338749304,-0.0185905007075652,-0.0193110493384541,-0.0110102663294153,-0.022821651182747,0.0015399422521655,-0.0514223808385212,-0.0357745920411275,-0.1291538476237794,-0.0651340996168582,-0.0147814980185806,-0.0550236660929431,-0.0055125801748224,-0.0174704297656348,-0.0706033376123235,-0.0150526924559823,-0.0658342792281498,-0.0560747663551401,-0.0026422883241596,-0.0305659348589573,-0.0149014141030109,-0.0527153976916883,-0.0085032431406552,-0.0528725837414547,-0.0156895127993393,-0.0265576706277071,-0.0005991420795329,-0.0326643438688804,-0.0209163704262271,-0.0483655157938922,-0.0522182835524328,-0.0107080871110376,-0.0507148793805432,-0.0811223589928462,-0.0151551244425809,-0.029104303086997,-0.022307470833215,-0.0259616580494997,-0.0328012810579058,0.0005394110766645,-0.0460026074352392,-0.050806044308549,-0.0822053421907237,-0.0377358490566037,-0.0472752147146006,-0.0549242424242424,-0.0326988709778026,-0.0418995985970599,-0.0402771789535068,-0.0321402031211296,-0.0795547108335595,-0.0153541939309401,-0.0161738362885848,-0.0328608592638455,-0.0187833309736183,-0.0306141209263706,-0.0330556815198452,0.0007046301618793,-0.0203672943477652,-0.0053636685134975,-0.0440152717175723,-0.0514260795531237,-0.0033272111048421,-0.004354226846038,-0.0681635581061692,-0.0101436824174198,-0.0438700085725762,-0.0711805555555555,-0.0399126278888444,-0.0494326782341092,-0.0259509192620256,-0.0124246803364608,-0.0240322457981595
2025-04-07,-0.0386573891041354,-0.014413853891222,-0.0550821400333833,-0.004895726649635,-0.0154477291435524,-0.0082968525599986,-0.0107195153303599,-0.0125399385022184,-0.016708112461172,-0.0044727063261686,-0.0046287398295855,0.0190793015562809,-0.011372337710218,0.00054309365897,-0.033811475409836,0.0,-0.0145711195856337,-0.0124007381219778,-0.0136035209112947,-0.031767955801105,-0.0040721349621872,0.0012150668286754,-0.0198019801980198,-0.0244673902673506,-0.0065507601197664,0.0061750895173569,0.0069702865562251,-0.0146301550841477,0.0016656437562607,-0.0184563758389262,-0.0155902374692115,-0.0162024783637443,-0.0192129225510644,-0.0170905690132578,-0.0363016058997863,-0.0407050852005903,-0.0127872430411605,-0.0016180781443081,0.0266297400937367,-0.0027138814309557,0.0064313328756728,-0.0036250819168968,0.0019262410209075,0.0024300363170262,-0.0237212918456641,-0.041897260041422,-0.0319829730934611,-0.0637109619145547,-0.0119367511817027,-0.0202233745512564,-0.0380761523046092,-0.0039474350884142,-0.0556572425808462,-0.0396534003865471,-0.0282594322520102,0.0179941002949852,-0.030940525110824,-0.0066550559425797,-0.0017604225014001,-0.0047857245923716,-0.008032890188617,-0.0045087294926856,-0.0492782626419848,-0.0149908882022026,0.0102518518518517,-0.0009854618444734,0.0052648861646236,-0.0078589997089258,-0.012243836094618,0.0029253722151225,-0.0196213404524041,-0.0158815747399572,0.0018691588785046,-0.011958266950177,-0.0260049614729126,-0.0299705437072143,0.0064039676704827,0.0150913010727551
2025-04-08,0.004556633026542,0.0020925760312364,-0.0224525846039418,0.0095936347802483,0.0218834488242645,-0.0175787554415626,-0.0018078278947845,-0.0253780847761919,-0.0275040275040274,0.0094819663947538,-0.0295106762997409,-0.0014871409638627,-0.0375286861732645,-0.0419599973682478,-0.0562036055143159,0.0010083437676597,-0.0098192109975163,0.0339323911731903,-0.0031853212760373,-0.0599144079885877,0.0010208315136692,-0.0570388349514563,0.0101010101010101,0.025758111473042,0.0119501568007103,0.0061371918085535,-0.0069220379680348,-0.0002590101242486,0.0081524234385095,0.0213675213675212,0.0049478756220027,0.0051861671955477,0.0040565100897489,-0.0008768493125127,-0.0411019646267065,-0.0237250205430354,-0.0348812609086582,-0.0070267360089693,-0.007782724734395,0.0077126808114322,-0.0021300783820978,0.000728486745704,0.0003204229583049,-0.0121473667385918,0.0016566588968396,-0.0107285871221517,-0.0134817940071011,-0.1341221817868603,-0.0025849302158597,-0.0187680657900093,-0.0291666666666665,0.0154222505849819,-0.0319950221669128,-0.0355627202266967,0.0256573460339757,-0.0199942045783829,0.0012784503101679,-0.0010360271811028,-0.0117342377061816,0.0012082255998839,-0.0030714197607004,-0.0150957898738779,0.0159196688209934,-0.0025525936174434,-0.0042755096720371,0.0074294050765004,0.0130878365871449,0.004157898996439,0.0041340912500626,0.0029168393742611,0.0098574350520501,-0.0131498470948012,-0.0466417910447761,-0.0547552421226988,-0.005222302542241,0.0105010030239156,0.0,-0.0234732173319686
2025-04-09,0.0324722642977033,0.0203220970724282,0.1376194778639023,0.013885427023091,0.0395925137066401,0.036630199268284,0.0043428718041595,0.0325538314236055,0.0374346397667855,0.0084066905118471,0.0816076136156385,0.0127986739533985,0.0515695902598225,0.0011388674278192,0.0988764044943819,0.0139808275587238,0.1194073382721812,0.0,0.0138351983723297,0.0379362670713201,0.0209520589406175,0.0823680823680823,0.08,0.025778677403504,0.0118145218793535,0.0015249391083342,0.0191352311150569,0.02074522802606,0.0305276510898475,0.0326359832635982,0.0019716463807406,0.0127405171663232,0.0309307207837647,0.0391660753631848,0.0714296369223423,0.0562679083094557,0.0201342649678037,0.0266736723252265,0.0130722608405755,0.0067535043130007,0.0234568937604182,0.0174376765294363,0.0182655382655383,0.0320092764878785,0.0275653152891748,0.0642278242958849,0.0492127911091702,0.1127566182962163,0.0129761444113492,0.0325076757115592,0.0321888412017166,0.0256078622467335,0.0313137773549612,0.0406218375963989,0.0166698765273587,0.0585452395032524,0.0119889652306339,0.0928817597753479,0.019591694119996,0.0276108415996909,0.0355755311119632,0.0249061195376254,0.0105670281096759,0.0140751931441227,0.0048306016651831,0.0241027808125993,0.0335919950990402,0.0301715713436565,0.0052891080233079,0.0443677386765448,0.0127176926169667,0.0218017250284061,0.0704500978473579,0.0538603652937728,0.0355867052415683,0.0137872854786518,0.0320462830727601,0.0392617566906576
2025-04-10,-0.0051149475420495,0.0025496932936206,-0.0443506249216235,-0.0026434784530264,-0.0194315532838598,-0.0254760701405724,-0.006844914964517,-0.000897041777957,-0.0016057091882248,-0.0277013867411165,0.005917069058021,-0.0132227362216612,0.0107632787256957,-0.0681857157556565,0.0102249488752557,-0.009847054071462,-0.004481500781657,-0.014213215921348,-0.0042025238752937,0.0146198830409356,-0.0180222527281758,-0.0059453032104638,-0.0185185185185184,-0.0231932965367346,-0.004428856411813,-0.0094423414469092,-0.0187759489916963,-0.0075285071757833,-0.0244986179854728,-0.0097244732576984,-0.006146475629322,-0.0053906210199194,-0.008480405466558,-0.0008355569930729,-0.0306641699094345,-0.0254314875724798,-0.0212517929185759,-0.0127290050360691,-0.0510134002665335,-0.0084964163961234,-0.005214253072894,-0.0071425359068811,-0.0040930425426194,-0.002377841651424,-0.0230702329048727,-0.0070600907124884,-0.0104272069007584,0.0450334678005117,-0.0059785553749255,0.0222217757328564,-0.006237006237006,-0.0063453579865365,-0.0649424714226948,-0.0621606848841926,-0.00985055777731,-0.0812849162011172,-0.0219296586678482,-0.0278556412053258,0.0005874721562675,-0.0408906216971605,0.0116313454903893,-0.0149547019498834,-0.015867049389466,0.0192186365106379,0.0133473168570945,0.0014392037077108,-0.028496857078981,0.0,-0.0008752287154284,-0.0076655307610566,-0.0110983086870085,-0.0047449659765088,-0.0255941499085922,0.0179379729082862,-0.0073252626470625,-0.0017719045489924,-0.0110111955500021,-0.0131027121521563
2025-04-11,-0.0088238107384261,0.0061128249576607,0.0675356486746565,-0.001204765887677,0.0400301851237938,0.0067508768228685,0.0087077897269265,0.0081108891713577,0.013652609006433,0.0080668964944106,0.0250072385364441,-0.0002998840244435,0.0159765014336088,0.0524397874924849,0.0293522267206476,0.0059647846172503,0.004501675041876,-0.0115337977944077,0.0147590539979849,0.0144092219020173,0.0066308019517078,0.0322966507177036,0.0283018867924529,0.0079122262560018,0.0076828836677464,-0.0073760954729348,0.0556489544570164,0.0022753085769731,-0.0034479066281186,0.0180032733224222,0.0187953325252343,0.0120465728252621,0.0197438682646755,0.0075442855858285,0.0096302998965873,0.0136738457256184,0.0015478091913518,0.0204095137782138,-0.0665128821459187,0.0,0.0104713891964474,0.0122259557576056,0.0050574663134694,0.0023835092590167,-0.0065902429718527,0.010262885811624,0.0184344496497308,0.025470759952523,0.0051565739615355,0.0489022544568273,0.0313807531380752,0.0136252932633225,0.0198436901131497,0.019851684461194,-0.0016580927681647,0.0437823046518697,0.0048947436750905,0.0383652710198032,0.0343408273601291,-0.0280144970124399,0.0312833095645139,0.0102486098296883,0.0109954976330743,0.0192411726763905,0.0600592685921459,0.0364509791112874,0.0252172796163889,-0.0114851477402305,-0.0046840962206582,0.0175468395749174,0.0248092294317934,-0.0005903937227815,0.0168855534709193,0.0166731291198138,0.0158949322516499,-0.003753317850033,0.0046762846550205,0.0117182177408365
2025-04-14,0.0148292306331374,0.0156992989157847,0.0078669179709907,0.0197764473935961,0.0209622151667792,0.0192611607337751,0.0097126335487112,0.0161012708896226,0.0087176503772654,0.0077550231399885,-0.0286937646813951,0.0241295397848144,0.0157252666878269,-0.0017370623826901,0.0176991150442478,0.008899605436212,0.0177696717040125,0.0143214375151978,0.023878504672897,0.0298295454545454,0.0141739346583233,0.0382387022016221,0.0275229357798165,0.0157074906503031,0.0112392335707263,0.0284869340789333,0.0428379708329604,0.0022701433004506,0.0332726112585999,-0.0016077170418006,0.0232988267770877,0.0220254702119986,-0.0645207490422142,0.0091477835589786,0.0320153070297106,0.0318528180133177,0.0180737087272231,0.0210551346209968,0.0575835534892306,0.005863914741766,0.0134752351754927,0.0134980656027143,0.0163460199209306,0.0310425921087014,0.0127150945921568,0.0164081571022323,0.0071135606254806,0.0019082178496574,0.0205115894481342,0.0121053124707204,0.0162271805273834,0.0168059817303283,0.002062098242151,-0.0037654351286349,-0.0099437867302614,-0.0148558112438099,0.0156462603733442,0.0028106138033439,0.0393914488271849,0.0338355336087878,0.0178885345029977,0.0123948923006038,0.0155849904788072,0.0128915041619246,0.0352928334930202,0.0208279800834865,0.007026225674434,0.0149110501249511,0.011760368786035,0.0441412345320608,0.0314102507459346,0.0059582414929904,0.033210332103321,0.013044289725238,0.0212258169403349,0.0138792331869368,0.0155142991307135,0.0223905723905724
2025-04-15,-0.0014580840458663,-0.0029908878361261,0.043174241808277,-0.0127718122812788,0.0078380787669403,0.0073926861235082,-0.0106888316936115,0.0017628694393285,0.0007864589249979,0.0079407616361071,0.0191942692708013,-0.0023253172653311,-0.0183485615298393,0.0,-0.0473429951690821,0.0098096727936385,0.0261635348932465,0.0023508195665475,0.0020309433617817,-0.0275862068965517,0.0014972213489909,-0.0345982142857143,-0.0267857142857143,0.0109531844310348,0.0166661323244952,0.00993318625247,-0.0047358396678047,-0.0042791679769981,0.0306077719295438,-0.0072463768115942,0.0085408292643447,0.0005818686029273,-0.0048225973131242,0.0,-0.0112206216830933,-0.017813186082097,0.0030413461590219,0.0056686461939088,-0.0038135796597448,0.0040367042850431,0.013284565749974,0.0077108027503602,0.0126816686813031,0.0069440924527344,-0.0180143425195944,-0.0161432756984277,-0.0333792908403153,-0.0038091669788934,0.0435528837776615,-0.0153672400066652,-0.0079840319361277,-0.0053677656567058,-0.0185337377295111,-0.0230088121850277,0.07034862464245,-0.0233589591957421,0.0207072005629456,0.0634293378715546,0.0016269875131553,0.023029121481662,0.0035665865966101,-0.0007395457888556,0.0364031247768956,0.0002771213640415,-0.0249639773672435,0.0054379574177063,-0.0623127403920916,-0.0087769747705841,0.0011620387543207,-0.0211375784578812,0.0106176696528268,-0.0047421495639875,-0.0249999999999999,-0.0101188306772987,-0.0005476346640007,-0.0015684728740417,0.0,0.0203935452000658
2025-04-16,0.0168400669793429,-0.0019980411361409,-0.0113016367887762,-0.0172475527865457,0.0081480424725375,-0.0163095238095238,-0.0043209760675738,0.0026347352484321,-0.0015716817868276,-0.0039405006786727,0.0434776079055658,-0.0078729778310366,-0.017522006311244,0.0522375858364085,0.0101419878296147,-0.0058307783336022,-0.0127232811096696,-0.002345306174902,-0.0050556808089088,-0.0070921985815602,-0.0069801342824613,0.0,-0.0045871559633028,-0.0057355021216407,-0.0109321209891466,0.0023812235347711,-0.0079306242780545,-0.0042937980561351,-0.0346475173936124,-0.0064882400648823,-0.0079977317469828,-0.0232828618711044,0.0103938310064997,0.0189610343668749,0.0060085597579846,0.0084669703486697,0.0040464102866832,-0.0020525775637482,-0.0291362069494145,-0.0017858166052293,-0.0020091262003677,-0.0031268422478211,-0.0015267546401195,0.0344810228531158,-0.0105563130145764,-0.0124990562793076,-0.0172623140278245,-0.0095697778892162,-0.0104358860902161,0.0121283917188468,0.0301810865191147,0.0020749962946493,-0.0086925604840718,0.0,0.0172199003375663,0.0112019376324552,-0.0004958423486488,-0.0640356230645781,0.000539555065854,-0.0059194854692712,-0.0164970991339443,0.0070552833296058,-0.0241063886099216,-0.0104219137232778,-0.000985198000769,0.0099196039716202,-0.0058487614224984,-0.0017327818327363,-0.0014492230918289,0.0202448411514919,-0.0049761365852003,-0.00118642777383,0.0219780219780219,-0.0232281975185763,0.0093085191108166,0.0109965579210993,0.0004353337634039,-0.0088835456723981
2025-04-17,0.0079137757451357,0.0125225720342307,0.1787150177374852,0.0270596742188988,0.0139608788116474,0.0099496896664994,-0.0079555394685247,0.0008726687976778,0.004722467576762,0.007170412495399,0.0291734430995525,0.0205693718067954,0.010699292818302,0.0099277477497476,0.0311244979919678,0.0107452414703559,0.0559963612472838,0.0,0.0132184302684887,0.0242857142857142,0.0045218323064559,0.0034682080924854,0.0276497695852535,0.012817503503119,0.0118394133432526,0.0205228312624587,-0.0096102045426897,-0.0027943192245385,0.0118559469481347,0.0179591836734693,0.0085367760862413,0.0175799187985734,0.0041109577960698,-0.0056588380287803,-0.007968182700036,-0.0048024448810303,0.0055373826780407,0.0179785354534185,0.0083237463625904,0.0017890114515866,0.006062260438348,0.0003476287325134,0.001834907020952,0.0110943506398715,0.0056183430027973,0.0126572600854577,0.0162183485419116,-0.0144933651188793,0.0154055125749816,0.0376769590904024,0.087890625,0.0008308899658073,0.0150839168574503,0.007939080882088,0.0092246913580247,0.0347305389221557,0.0024751358937151,-0.0304578825347759,0.019986830602954,0.0202604747013646,0.0387085926635204,-0.001845346254795,0.0035293680573613,0.0159374920465247,-0.0069031870114251,0.0312485383672744,0.0470598048210859,-0.0003861688503596,0.0029059363189503,0.0548939635432255,0.0180616139585603,0.0280062758449841,0.0161290322580645,0.0060870159538224,0.0091595439796987,0.0260290187560252,0.0024011850355443,0.1090396952033605
2025-04-22,0.0014324983545626,0.0009914096294121,-0.0032102728731943,-0.0016618503024894,0.0144943717178323,0.0197033372420465,0.0127587281558563,-0.005251040901298,-0.0039168922506462,0.0039279248114847,0.0364294904066677,0.0063346193902671,0.0158825292178603,0.0180228692627657,0.0749756572541382,-0.0057919191486628,0.0612586743240008,-0.0065372105754677,0.0170670823308822,0.0125523012552302,0.0099949865062349,0.019585253456221,-0.0134529147982062,0.0044314598535017,0.0202822286293478,0.0131064915086127,0.0177750482540797,0.0025484412097711,-0.0345201865698325,0.0096230954290295,0.0070501989134619,-0.0038063048342871,0.0109271491797529,0.007323289632177,-0.0040091077989019,0.0012148413113537,0.029543714917503,-0.009216470490716,-0.0062997762863535,0.0008929083026147,0.022113188776087,0.0170917980140121,0.0195434315823797,0.0373694595505076,-0.0083804303718559,0.0007801424389097,0.0232690997780755,-0.0058868861583251,0.0167753728553028,0.0313495900025067,0.0825852782764811,0.0062112881142286,-0.005425468330521,0.0022657584572829,-0.0045604008455336,-0.0054976851851853,0.0150629032343427,-0.0260992158777287,0.0084758496719294,0.0070108274420463,-0.0273288210553463,0.0086976572961208,-0.0101954686805864,0.0089936167867485,0.0094337337725247,0.0064948318010913,-0.0061285834156494,-0.0001911880067959,0.0092753262570637,0.038241271014225,0.0087339046216332,-0.0191302413524636,0.0070546737213403,0.0177759021759269,0.0016576486410411,-0.0018910561370123,0.0063113478303897,-0.0074065917932907
2025-04-23,0.0021418077785508,0.018464007082388,0.0,0.010936176028427,0.0092837883516363,0.0185168086624416,0.009359367435856,0.0290528762347472,0.0329963211199175,0.0068469740209577,0.0312495783465789,0.0220330760749722,0.0162173286684503,-0.0064392160672743,0.0344202898550725,0.01554945350778,-0.0807666290868093,0.0039474158112731,0.0049420283416994,0.034435261707989,0.0217724219509103,0.031638418079096,0.059090909090909,0.01512354742627,-0.0110873761420665,0.009490414681172,0.0476182266434495,0.0101527444137243,0.0352622820488763,0.0405083399523431,0.018209621710308,0.0194010359715826,-0.022293053342083,0.01695767081149,0.0114165497896214,0.010819191425538,0.0223712607003085,0.0159219848884937,0.0028434162419177,0.0129427760417908,0.0167127530140471,0.0192041094437878,0.0209618427096269,-0.0042448563011759,0.0191502484965662,0.0078037250004192,0.0188390236919333,-0.0591744008268911,0.0243515779495644,0.0272024997830049,-0.0033167495854063,0.0082334747336862,-0.0072745262095436,-0.0113174446964187,0.0137832045459014,-0.0325865580448064,0.0119194731655429,0.0109158802015396,0.0183819877490205,0.0116033632260847,0.0309060548450608,0.0052016699887302,0.0273520193293088,0.0238155536023754,-0.0113130586047628,0.014622715904738,-0.0030831872782456,0.0117691820911292,0.0160834601173658,0.0078482460599897,0.0002710034594419,0.0283667838379257,0.0630472854640982,0.0118930836055459,0.013239243114969,0.0204835500053621,0.0006481866419907,-0.0549544819221866
2025-04-24,0.0071138132971213,0.0287829974954771,0.0291196994095546,0.0333972329397513,0.0470629011153342,0.0490106394376179,-0.0121242540851039,0.0188153776952597,0.0159711706834273,0.0106836014583349,-0.0530296091797616,0.0106380836490527,0.0216493175098222,0.0118808331250881,0.0210157618213659,0.0181742993775779,0.0543563579277863,0.0209689107646386,0.0363469592989205,0.039946737683089,0.0145278074949222,0.0251916757940853,0.0128755364806865,0.0217240073010296,0.0417497306385037,0.0404548198434453,0.051509915247264,0.0198546237717056,0.0014261728960371,0.016793893129771,0.0327824826349054,0.0222007012038147,0.0324761247267286,0.0317734871593871,0.0205854619075351,0.0261916273486604,0.1227407471000257,0.0267949971691801,0.0298666283530926,0.0101305527297388,0.0212791418718247,0.0222061243126814,0.0193617616870391,0.0829994409243384,0.0320641515802213,0.0573220330524897,0.0350774894268732,0.1079741823258793,0.0146864080922828,0.0825559386196175,0.0316139767054908,0.0269494430162811,-0.007331177235892,-0.0045802407691919,0.0150892164468579,0.0378947368421052,0.0062502254306369,-0.0132521036892357,0.0278474702098721,0.0332464897516888,0.0307237272321831,0.0380944781359717,0.009334532308622,0.0206909597093758,0.0004975003640248,0.025008882572393,0.062888935342263,-0.0036241273354675,0.0206337297469869,0.0221696774803743,0.0,0.0241416276149344,-0.0428336079077431,0.0156071039507481,0.0310323574730353,0.0156157558773157,0.0501393815390938,0.0603020580640112
2025-04-25,-0.0042366064246258,0.0014205370580624,-0.0276763593688877,-0.0116090140579744,0.025346916156195,0.0090424863302118,0.0111891428055279,0.0050349913108824,0.0014904122363676,0.0103303641159797,0.0440063004310822,0.0138507387914617,-0.0189637969882583,-0.0122782057820846,-0.0317324185248714,0.0272643012611562,-0.0079099199702213,0.0023120899817632,0.0097037684744822,-0.0128040973111395,0.0138409185846299,0.0032051282051284,-0.0254237288135593,0.0103276953464699,-0.0526925882623338,-0.0177954897801956,-0.0057594490961734,-0.0078862271497393,0.0049043189442614,-0.0037537537537537,0.0099873517108008,0.0141062541224441,-0.0555540077452426,-0.0007680174414282,-0.0026019552028913,-0.0034767351182739,0.0182211547111423,-0.0034486907005654,0.0177808876710894,0.0152648977289151,0.0009480490428963,-0.0039504534728557,-0.003739955408224,-0.0058936138177281,0.0010713097607597,0.0139233038348083,0.0104795194624496,-0.0113513122695394,0.0099453594874012,0.0330955242986714,-0.014516129032258,0.0139179773874589,0.0049224238136149,0.002956436045332,0.0163743360464672,0.010721529991307,0.0126609178333314,0.0,-0.0125421762969211,0.0222023875934398,0.0290858799294952,-0.0067681830061339,0.0185000162312485,0.0038300157287247,-0.0054637187246067,-0.0016508442703571,-0.0252193645990922,-0.0185639667792407,-0.003878781812267,-0.0504099043248144,0.0148762706756939,0.0106587872190255,-0.0137693631669534,-0.0263967423286681,0.0084466628807127,-0.00622384376006,0.0267559168671391,-0.0413001121804333
2025-04-28,0.0149027512771588,0.0,0.0131759814932779,0.0029939168691728,0.0184559132920301,0.0022423095788661,0.0121409722454843,-0.0025048835883392,-0.0022364482873297,0.0088003567712204,-0.0447056020963194,0.0142061805307944,-0.0030106889560923,-0.0286284229636153,-0.0044286979627988,-0.009154408410296,0.0120063783885189,0.0117826881075833,0.0078045792497465,0.0012970168612191,-0.0004723167134798,-0.0031948881789138,-0.0086956521739131,0.0060185092512894,0.0244941876410895,0.0150579075802765,0.0275316007366945,0.0136620806125578,0.0083435765046402,0.0075357950263752,0.0,0.0061198243876481,-0.001415970972595,-0.0046199110729102,0.0143514923644882,0.0081515536861325,-0.0395317504141358,-0.0024697195283891,-0.0536593932851868,0.0051526270590989,0.0056722644360727,0.0109068339905691,0.0106877292923195,0.0414998809961704,0.0064209797063246,0.0332363551728149,-0.0335373021043935,-0.0142815353434044,-0.0037910633660283,-0.0055759553923568,-0.0081833060556465,-0.0137269263370997,-0.006427148920762,-0.0039302950611219,0.0117116270326158,-0.0306766055045871,0.0096708864600003,-0.007958566227373,-0.0055899327819927,0.0,0.0058400336369428,0.0129127374461646,0.0006728712478574,0.0001751487581005,-0.0014999542696868,0.0107677618158934,0.005473385790925,-0.0083865671463354,0.0047260463246747,0.0154346851675013,-0.0087960163226169,-0.0016630367880308,0.0034904013961605,0.0035275258196696,-0.0083759143558311,0.0029463032378485,0.0086178679891779,0.0310700538876058
2025-04-29,0.0146839204627291,0.002367718868979,-0.0032428855062871,0.0080364848494447,0.002589289530295,-0.0141539847895157,0.0052879506065699,0.0133991735614629,0.0112323037054937,-0.0139079040084021,-0.0280675505312886,0.0075433987648203,-0.0054180403177862,0.0061160197189877,-0.00355871886121,0.0018518897460557,0.0392529428121235,-0.0103807906863934,-0.0048413970888743,0.0012953367875647,-0.0070629634284277,0.0042735042735044,0.0,-0.0424412859066277,-0.0279293657331136,-0.0409261326235654,-0.0211563208529933,-0.0014691943127961,0.0003133700916451,0.0007479431563202,0.0021996865446674,-0.0035937293389948,-0.0411607731923233,0.0,-0.011576607731616,-0.0046249878715353,0.0103989403291233,0.0064391857480698,-0.0017584994138335,0.0008543689320388,0.0,0.0068658280922431,0.0080000259741102,-0.0246805858522904,-0.0058483459534484,0.0167819250782781,0.0164018737055724,-0.0020031584190947,0.0106506841286833,-0.0041940189642596,-0.0379537953795379,0.0123284242146106,0.0027737566180414,0.0052622798618968,-0.0043294065182651,0.025140490979,0.0091124900461259,0.0005014008208499,-0.0056213557829629,-0.0010805500982318,0.0027876583925956,0.0056654085359331,-0.0057120207246551,-0.0041602377819637,-0.001502207512259,0.0049207569206195,0.0133568639153722,-0.0096349954286518,0.0005532062521682,-0.0370853724850462,0.0010745625486097,-0.008340891710683,-0.0034782608695651,-0.0037004508224791,-0.0105628119676002,0.0073441200898212,0.0029822666047756,0.0192927965595508
2025-04-30,0.0041314904744116,0.0042507746615951,0.0390744306486954,0.021741520963916,0.0277620879647886,0.019652495961546,0.0150890528464353,0.0107440385379971,0.0170403513542465,0.0224697731286509,-0.1870804053765127,0.0189851855108142,-0.0205675782152124,-0.0403550532802384,-0.0473214285714285,0.009211695380876,0.0078037904124859,0.1399441203862554,0.0155636287053124,0.0051746442432081,0.0170767517213448,-0.0106382978723403,-0.0482456140350876,0.0212226578192749,0.0176469030532533,0.0409517272935255,-0.0475467563972141,0.0201207023078018,0.0132670658795188,0.0097159940209266,0.0074550365768188,0.0213629339530276,-0.0170273073644643,0.0054135288403256,-0.0247219712358267,-0.0243533922537041,0.0343033497658031,0.0108269787668968,0.053058762982427,0.0243401411472552,0.0065820802336533,0.0090907738869845,0.0087900973707011,0.0041110188084436,-0.0090915232101239,0.0048148640465535,0.0217236710747643,-0.0661307109024872,0.0120384115791427,-0.005630836843069,0.0154373927958832,0.0109954872344371,-0.0153615258554837,-0.0186516683682856,0.0232527759634226,-0.027409117137911,0.0185219650554244,-0.0024799152695614,-0.0030830368182629,-0.0249997268386492,-0.0050943685744974,0.0394344474960777,0.038875521448809,0.0240628876415709,-0.0080177111300019,-0.0028585223703944,-0.0473615532639767,-0.0055613041978614,0.0180020616624496,0.0195724099443255,0.0104760336023719,0.0,-0.0349040139616055,-0.0182009709071572,0.0032020686571854,0.0131268560435451,-0.1155140990723485,-0.0006958687371813
2025-05-02,-0.0308847272754329,0.0136412926748772,0.0250806735039457,0.0122871214567221,-0.0018837664267888,-0.0133463164321206,-0.0010378303579794,-0.015533092439281,-0.0211217966895411,-0.0144956420068026,0.0169203254313368,-0.0094478507757268,0.0024688960705716,0.0357175974221666,-0.0037488284910964,-0.0273626051142974,0.0116371681415932,-0.0036641849722344,0.0249059029685927,0.0308880308880308,-0.022852961526783,0.0053763440860215,0.0184331797235022,-0.0149486563843784,-0.0112934367957866,-0.0052269469660773,0.0151338383423436,-0.0122687968848422,0.0184837368776598,-0.0118430792005921,-0.0117546283230096,-0.0058757969139794,-0.0203311915582721,-0.0030803280177718,-0.0033366304908121,-0.0107072086323747,-0.0476800323910872,0.0180169016876905,-0.0037633482604202,0.016671568758523,-0.0158850306451782,0.0108696052675212,-0.0025958517458938,-0.0253288078065339,0.0124131505541889,0.0184836770390839,-0.0455619282172088,0.0010803434354922,0.0394062325716424,0.0104967542930802,-0.0067567567567567,0.0093268599707312,0.01996883180796,0.0273438792428415,0.0208458718608086,0.0806882230792049,-0.0063638246293658,0.0080642237472483,-0.0066996685370133,-0.0160590812815886,0.0032568349836001,-0.0223588229274781,-0.0286360365916333,0.0009653316006867,0.0121268541694923,-0.0151306091666381,0.0061505662891405,0.0113827176110778,-0.0144740758469803,-0.0043332638273471,-0.0061128679946532,-0.0056133428981349,-0.0018083182640146,-0.001136768488448,0.0010659568317592,-0.0158352202726989,-0.0049291421347886,0.0489792926516401
2025-05-05,-0.0042456161901544,-0.0120674952841158,0.0061089639695799,-0.0289969901858287,0.0308343347104433,-0.0075114355536061,0.0076150555166767,-0.0052222232546901,-0.0090216851514649,-0.0049802488776239,-0.0316050830215356,-0.0074175091323828,-0.0049256312694568,-0.0428289249122885,-0.0348071495766698,-0.0193618194492131,0.0880899269562172,-0.0013163127213764,-0.0009408670140117,-0.0324594257178526,-0.0219610599993885,-0.0160427807486631,-0.009049773755656,-0.0006334604844595,-0.0008158882391026,0.0044283065809824,-0.0014892032762473,-0.0009747083121964,-0.002873188130834,-0.0082397003745318,-0.0063881276022226,-0.0027853535133502,-0.0169139054484958,-0.0054010172468065,-0.0080375177349576,-0.0084160915670762,-0.0082721395265008,-0.0153074638492625,0.0037775645514033,-0.0368992044184365,-0.0047430830039527,-0.0187899354471858,-0.0177636780961588,0.0079876376616028,-0.0101286137547135,-0.0154638803299153,0.0152788977316551,-0.0503805520845166,-0.0386252214243189,-0.0042219083633271,-0.0068027210884353,-0.0100080371242443,-0.0281455122985836,-0.0373262242579305,0.0,-0.0263519077683228,-0.0068631032800189,-0.0019986435940647,-0.019204030556328,-0.0205011389521639,-0.0009275035550032,-0.0055437179918508,0.0,-0.0051790168677379,-0.016476923170635,0.0070615262120548,-0.0427907765164558,-0.0029614208364601,-0.0005666674969486,-0.0018651954528497,-0.0002678869189176,-0.0259406881045562,-0.0181159420289854,0.0030307091240837,-0.0031884493908856,0.006948219494828,-0.0425484885712158,0.0213476629375222
2025-05-06,0.010670860993531,-0.0037560159029085,-0.0121437422552664,-0.0018509538929993,-0.0018308681002306,-0.0037880880414795,-0.0075575046988275,-0.0091915370603895,-0.0045101478326233,-0.0743920350768798,-0.0635816537283668,-0.0029343286283521,-0.0024819588703959,0.0674044324406486,0.030214424951267,0.0009866745883553,0.0211440286208144,-0.0005247496635429,0.0028050064808815,-0.0025806451612903,0.010250480491273,0.0152173913043478,-0.0593607305936072,-0.0164666326769646,0.0167420004003751,0.0313874756130216,-0.0119476056155366,-0.0065793530181965,0.0080385778673488,0.0007552870090634,-0.0079797694565183,0.0002766920446666,0.0242452512936226,-0.0031066246897539,-0.0026985323647739,0.0012222033610591,0.0219525720063933,-0.0067986511476122,-0.0296869617636927,-0.0012789178807283,-0.0028658523495695,-0.0019465515576126,-0.0051657269497767,-0.0039513743441366,0.0059239355339761,-0.0232046790483589,0.0093995607552799,-0.0135414797535738,-0.0052142267347624,-0.0620567646296267,-0.0051369863013699,-0.0015543217078772,0.0157387200093777,0.0165189722850007,-0.0408403901811555,0.0422892585283338,0.0002296103536987,-0.0255504702872174,0.0079387581514034,0.0,-0.0246170495956996,-0.0087096422543576,-0.0030157453652754,0.0115538238542884,0.0086830500916612,-0.0321653849477232,0.0127724805064719,-0.0011876820977663,-0.0053708169000045,0.0255451958508727,-0.0197961326450258,0.0144729858170911,0.0,0.0007564156586263,-0.0031986481185311,0.0239665745362749,0.0098759431841652,0.0039203076038916
2025-05-07,0.0042187011282928,-0.0108431963537454,-0.0153976417461114,-0.0055657706411474,-0.0366979887455911,-0.0007604984433547,0.0141875951431025,-0.0084377445296076,-0.0151019380820538,0.0100449107932287,0.025687829178788,0.0117773578782052,-0.003721747130282,-0.0038118814592495,-0.0170293282876063,0.0078962151162174,-0.0068889501240009,0.0021062774480071,-0.0009290207918892,-0.0103492884864165,0.0014487597894399,0.006423982869379,-0.0339805825242718,-0.0090156355077336,0.0028134715025904,-0.0162917493462899,0.0015094587277888,0.0081855588049521,0.0133909561215153,0.0415094339622641,-0.0024576643801322,0.0005590544990785,-0.0038234234997565,-0.0007769877937723,-0.0115015613298857,-0.0109016310060696,-0.0206192148100862,-0.0068451892010295,0.0230557077909254,-0.0358054284620572,0.0086115028148849,0.0078013920422823,0.0109649625710495,-0.0338608280945155,0.026768405392002,0.0041944294375413,-0.0124183230132395,-0.0228829899470064,-0.0037351860676022,-0.010520325203252,-0.0086058519793459,-0.0147992579941326,0.0065102133639269,0.0046440534175844,-0.0073573237967516,-0.0335407086827157,0.004605963068371,-0.1475591715976331,-0.0157469457543919,-0.0209302325581395,0.00214285338676,0.0035152250578287,0.0292333110448352,0.0072336896424622,-0.001031522847003,0.0038345646496886,-0.0157642520313208,0.015859318185041,-0.0088075923199798,-0.0072949299916885,0.014463524581018,-0.0399523030218226,0.0073800738007379,-0.001887555892399,-0.0390397481306572,0.0067350568247215,-0.0232837386811816,-0.007803182608103
2025-05-08,0.0070117597009935,0.0271689218959849,0.1000095550530306,0.0125937307121564,0.2203204483201968,0.0836550734518817,0.0034110269716554,0.1404217692249183,0.1564358122497657,-0.0260147189685705,-0.0769130950615453,0.0605826657351553,0.0018678251379882,0.0743192351463239,0.0779595765158804,0.0185921298925273,0.052084984937371,0.0141890309298684,0.0261479527376005,0.0444444444444445,0.0149557248764415,0.0244680851063829,0.1105527638190955,-0.0259922949139362,0.0412466480317035,0.0303990046093374,0.0769318982323357,-0.0094517616128109,0.0313288809815437,0.0202898550724637,0.0362908157025803,0.0273521734195889,0.0536376877850666,0.0272742474916387,0.0198544861990594,0.0220264317180616,0.0,0.0467728676264185,-0.0033703332595935,0.0110549723743849,0.0056884278380773,0.0100049489226861,0.0079911339244049,0.051539220965715,0.0307577470663784,0.0744595796190716,0.0358459193570737,0.0562078038125495,0.0060017897367852,0.1671733521765566,0.0677083333333334,0.0284588586595886,0.0169324052716064,0.0138677576454657,0.004447113129304,0.0260285474391268,0.0121500861194172,-0.016287573597769,0.0245334827682826,0.0118764845605701,0.0430041794678721,0.0413320888613459,0.0022858517805581,0.0057133708430539,0.0015488819776519,-0.0080667395963962,0.0298960715951233,0.0044886955065186,0.0240821846816954,0.0501838744372669,0.0228694459033251,-0.0368621834680996,0.0256410256410255,-0.0030249776727837,-0.0050089152390734,-0.0169057093648926,0.006198677976708,0.0295075211209561
2025-05-09,-0.006268906675518,-0.0055712033902683,0.170454874482439,0.0013824765264305,-0.0065047167785617,0.019643131488269,0.0040800266566467,-0.0104464546250365,0.0026518555622669,0.0036664266030199,-0.0387589115373028,0.0179573340305065,0.0056000111720921,0.0076301500954407,-0.0848214285714284,-0.0105717412401147,-0.0198176475020721,-0.0129542968275192,0.0272940388479572,-0.0225281602002503,-0.0104593066017399,-0.09865005192108,0.0452488687782806,0.0033384619850784,0.0103857566765577,-0.0173811222716211,-0.0644233840911511,-0.0118013080879907,-0.0253376889635054,-0.0255681818181817,-0.0129714313812263,-0.0032603646169708,0.0007366148009122,-0.0546222591199881,-0.0020322924258563,-0.0024151348450287,0.0105266588450005,-0.0235170739415879,0.0073967201128113,0.0122430090034499,0.0424590372697173,0.0476021574184111,0.0540767316706209,-0.0215726021551263,-0.0237697149125142,0.049222509666472,-0.008500876172131,-0.0698431349509429,-0.0164179562290078,-0.1171965195843774,-0.1121951219512196,-0.0134525893008363,0.0051466906314976,0.0065123425765039,0.0044087427610686,0.0002727768685217,0.05662502609616,-0.0496591524804375,-0.0707987835561294,-0.0140845070422533,-0.0660587613825024,0.0087453506304997,-0.0459282884922064,0.0061948794454627,-0.0217244553544032,-0.0474939478167308,-0.0150343110037788,-0.0268118229300046,-0.0039187975771338,0.1334531249041768,0.0081534449850801,0.0055531065156888,-0.0392857142857142,0.0039815556344482,0.0190157166195972,0.0046592413914698,-0.009950809115372,0.0280212961851007
2025-05-12,0.0007060002429248,-0.0125976395017072,-0.0315406689095586,-0.0133394461669166,0.0332552382763757,-0.0116951511759725,-0.0155759610530367,-0.0098068951572135,-0.0145466300307095,-0.0104342720916579,0.022166509975974,-0.0259723582599149,0.0272053105210532,0.0100964956830877,0.0604878048780486,-0.0116550846219662,0.0067266297662977,-0.0133859988855261,-0.0194831967016636,-0.0038412291933417,0.0014455385656362,0.0241935483870969,-0.0216450216450218,0.0053165326080666,-0.0270259651604222,-0.0179585528888226,-0.0239504406360767,-0.0053384930133444,0.0060554941194259,0.0058309037900874,-0.0133586074965624,-0.0098102461939825,-0.026165868414419,0.0152473934791779,0.0271196438352314,0.0206119704102218,0.0043400338172485,-0.0149326193138351,-0.0451021435345098,-0.0125290366080623,-0.0226298697993544,-0.0134174307923753,-0.0201446265238091,0.0040127360753696,0.006218023541219,0.0154300939857099,-0.0269422502242938,0.0464749055721884,-0.0144154679764548,-0.0309718988230041,-0.0274725274725274,-0.0136319416626472,0.027109417528579,0.0239404769547941,-0.0351895249786109,0.0515407690209981,-0.0282954712542273,0.0361243701935827,-0.0302500529773256,-0.0523809523809524,0.0121929869451276,-0.0073385254600069,0.0085372385358366,-0.0292467713282191,-0.0015871024402485,-0.0026969020925701,0.0042140980735552,0.0431228798087415,-0.0073077268601556,-0.0179956931534124,0.0174789279590852,-0.0024536906779383,0.0111524163568774,0.0251185720776376,-0.0038402982755942,-0.0299579177697537,0.0210587493353449,-0.0136287527744246
2025-05-13,-0.0027992504987823,0.0274115362144919,0.0,0.0100230230256508,0.0468828876065741,0.0410834591706352,0.020294428804533,0.0198080457422911,0.0214785214785215,0.0097532473369588,0.007889465723746,0.0201247033641989,0.0090310543891194,-0.0234906077792526,-0.0110395584176632,0.0049197115739911,-0.0100034362949104,0.020750837054442,0.0289058603796095,0.024421593830334,0.0143884523839992,0.0157480314960629,0.0929203539823011,-0.0079362224156911,-0.0152587373054169,0.0155567142247712,0.0137933332222759,0.0217177841090836,0.018814491092254,0.0239130434782608,0.0372909939636607,0.0275238573581113,0.0149202733485194,0.0189701667203745,0.0231014302513195,0.0249398741475308,0.0121014170309783,0.0513463864868497,-0.0010994281164036,0.0126880050882969,0.0157483595458804,0.0117460171449395,0.0123352652253216,-0.0039966983795993,0.013383709710643,0.0243208313207399,0.0604163633716698,0.0432882665379041,0.0292526262498418,0.065454246214615,0.0376647834274952,0.0236955629871824,0.0058653098720937,0.0151633376759998,0.0455912403130662,0.0184128630705393,0.019855868806567,0.0087210232326011,0.0479468269143221,0.0188442211055275,0.0057848996556735,0.018141296272808,0.0280965755182345,0.0053736653147131,0.0052966567603058,0.0180185282194316,0.0534579541119406,0.0153118992817291,0.0036386331721016,0.0486897782871249,0.0371798164464409,0.0553864721624599,0.0183823529411764,0.0163968946976822,0.0203858845839546,0.0422771050018091,0.031167950394807,-0.0847972839603647
2025-05-14,-0.0014073578188237,-0.011039902459516,0.0025032567881684,-0.0034620692881704,0.0167011666040608,-0.0200693151468238,0.0033742935072968,-0.0059821786143371,-0.0013137247746596,0.0054838422505119,0.0078277092796885,-0.003699733669857,0.002391639311315,0.00204926473617,-0.0344186046511627,-0.0019540483469382,0.0101045161787958,-0.0083394727912471,0.007897813132609,-0.0213299874529485,0.0047281204585822,0.0287929125138426,-0.0364372469635628,0.0293298520452567,-0.0091392310334046,0.01208856860146,-0.0090704438273329,-0.0020022060670483,0.0036069234418205,0.0007077140835103,-0.0077031289550031,-0.0040193846626536,-0.0205874251435915,-0.0170690501751845,0.0045172973731513,-0.0034715525554485,0.0418440005620295,-0.0079077586002794,0.0642197471702727,-0.0043225869020075,0.0027275896720739,0.0064167794411282,0.0067673727158965,-0.040083744057225,0.0076545758958421,-0.0011916292822186,-0.008309144635339,0.020734501191771,0.0037428716356426,-0.0614331834963004,-0.0090744101633393,-0.009646640677815,-0.0064154968257821,-0.0068456251479787,0.0232673906229834,-0.0017825311942959,0.0454229319386292,-0.0629614594169436,-0.0270093371330597,-0.0073982737361281,-0.0486348484046775,0.003299507743343,-0.0227213634204769,-8.800166739997284e-05,-0.0168625,-0.0106206915734479,-0.0124366913434625,-0.0007550120667106,-0.00086127555843,0.0164763861232681,0.0046972319431985,0.0011684275947791,-0.0072202166064981,-0.0048933815042019,-0.0102582913036834,0.0017653424136441,0.00159256614552,0.0260823304432846
2025-05-15,0.0126535991528715,0.0153486733731855,0.0724896170407929,-0.0321901676799449,0.0311923528425288,0.0081978295676925,-0.0120995992489419,0.006765207027086,0.0098658968831073,0.0,-0.0019316672703126,0.0027240610128624,0.004163687035094,-0.0158364763069461,0.0240847784200386,0.0313365122472395,0.0401664693978847,0.045990795059049,0.0,-0.0102564102564102,0.0498812232250027,-0.0021528525296016,-0.0672268907563024,-0.0038823595727289,0.0208525166830479,0.0130140839874193,-0.0015255783102561,0.0207990603581289,0.0040233910038591,0.0254596888260254,0.002803483874449,-0.0051097101319214,0.028530358426299,-0.0015748298167779,0.008987313983888,0.0081285078382038,0.0118854438116948,0.0206285946113644,-0.0336845286102498,0.0160528012393263,0.0127316235120873,0.0136620755792136,0.0134498744800541,0.0793347873500545,0.002038454596609,0.0350578342616163,0.1645692286394231,0.0374413385023466,-0.0134149049394721,0.0441408821593154,0.0054945054945054,0.0066218127416757,0.0032268535927673,-0.0012541806020066,0.0198915334858831,-0.0051020408163265,-0.0153102747821767,0.0078997603671662,0.0135967758258372,0.0298136645962729,0.0261904298422956,0.0006563123053235,0.0316711422966544,0.0165596657495159,0.0203684632108935,0.0263845937587856,0.0110793891930116,0.015281271383275,0.0154883160774135,0.0152272457086146,0.0007393919884113,0.0110622765196664,0.009090909090909,0.0100173101975504,0.0338239745023072,-0.0088037840049843,0.0022677917290094,0.0682216274540026
2025-05-16,0.0075604838709677,-0.0022907111408149,-0.0046564667870377,0.0011965494102144,0.0136226418929905,0.0,-0.1268678415659019,0.0074617533035974,0.0032565039620797,-0.0186962501254286,0.0097173501068503,-0.0140703237163716,0.0053377703826955,-0.0046676273416451,-0.006585136406397,-0.0047459633795341,0.0128473369305877,-0.0010049806961184,0.0069684111268268,-0.0194300518134714,0.0434786768399149,-0.0215749730312836,0.0585585585585584,-0.0019522822604033,0.0310275107554942,0.0138939471192365,0.0336306113297792,0.000736111260001,-0.015747760264319,0.003448275862069,-0.0047327870857282,-0.0137870186100791,0.0438010167912337,-0.0079035294516713,0.0038239909279111,0.0023037051257439,0.0093124040706298,0.005971838362865,0.0361404126935189,0.0089654983520648,0.007179425040138,0.0068863630131352,0.0058371152536447,-0.0096615306895679,-0.0025481823672137,0.0063179565571143,0.0154197116445993,0.0082385463445546,0.020395967372661,0.029160493048769,0.0200364298724953,0.0100622903689506,-0.0011693358492742,0.0047082184530335,-0.0139386979948767,0.011025641025641,0.0327789476054816,-0.0052252288556211,0.0184477138578098,0.0301568154402895,0.0267468802081216,-0.0105153813155216,0.000326656924267,0.0025881591717891,-0.0026291852017991,0.0122026377418955,0.0134552613854206,-0.0027888892474934,-0.000284999816129,-0.0188682127128783,0.0223739564432872,0.0028795972247805,-0.0072072072072072,0.0007204851397486,0.0321915721173664,-0.0120769622739056,0.0187915474304647,-0.0363170080609721
2025-05-19,-0.0048681056946384,0.0133156064634893,0.0327716249761314,0.0086027062455755,0.0250565935567328,0.0033809298615865,-0.0245459566587609,-0.0014812975835815,0.009088613986367,0.0116420002225543,0.0019367462662724,0.014018992145351,-0.0023634245160607,-0.0119913133792842,-0.0066287878787879,0.0076297519305117,-0.0222157793643316,0.0060359501901352,-0.0008615119534783,0.0,-0.0025809823319611,0.0011025358324145,-0.0212765957446809,-0.0039051149209409,0.0019020563834388,-0.0059447906751198,0.0236672129567145,0.0127546374819231,0.0276364102997832,0.0116838487972508,0.0207438900015974,0.0128850435741991,-0.0545470422152579,0.0254979058039148,-0.0050770423108753,-0.0068952307986974,0.005218117303277,0.0073031044004576,-0.033230535110446,-0.0033842172414104,0.0106973853063843,0.0104103899640843,0.0118731256310313,0.009755786520436,-0.0127575273128992,0.0262401920850663,-0.0035455260033112,0.0122785153075049,0.0074005339336917,-0.0226674018256448,-0.0178571428571427,0.0088122728588426,-0.0026364913496141,-0.0012498708811073,0.0169485452200086,-0.0010144559979711,0.0022394731677533,-0.0275934240286265,-0.0027450030564108,0.0140515222482435,0.0062156063185399,0.0149446249870115,0.0003265502543654,0.0027496375477777,-0.0057907098773145,0.0236780862694159,0.0078678165914307,-0.0089421700325932,0.0064986221081897,-0.0162732410006798,0.0122658368176666,0.0126362962917612,-0.0036297640653356,-0.0027013453759323,0.0020432852321994,-0.0053950875713446,-0.0099999081312988,0.0246927024488519
2025-05-20,-0.0020933216287392,0.0054348923114186,-0.0838937807668307,-0.0094794065763383,-0.0253343181084493,0.0087720532372885,0.0183731077322764,0.0170643372755074,0.009657242932199,0.0041858169775308,0.0057591518702297,-0.0118512391661761,0.0,-0.0184707356439007,0.020972354623451,0.013261141699828,-0.0779466271312083,0.0219990323006318,0.0025961367236191,0.0013210039630118,0.0598655151651643,0.002202643171806,0.0,0.0137321588661363,0.0171105366174311,0.0078051600780517,-0.0129961859019636,0.0007263060286926,-0.0264674747486214,-0.0047554347826087,0.0201104594612813,0.0097412034280457,0.0088768022987324,-0.0093270985971842,-0.0050963487170008,-0.0034715525554485,-0.0119753881619093,0.0176800424579457,0.0130236157461758,0.0012756607559538,0.0017656803325034,-0.0005862474435904,-0.0013027695696714,-0.0019365159552074,0.0,0.0172311916201617,0.0030490363366806,-0.0303078965399108,0.0139599848999623,0.0188365824609793,-0.018181818181818,0.0060772467880256,0.0032319685100143,0.004064578183661,0.0,0.0088855039350088,0.0129912514115013,0.0033743438775792,0.0242121089458162,-0.0080831408775982,-0.0095005770643165,-0.0009814027705211,0.0310052746422004,0.0231559959027167,0.0010618445937031,0.0113537233339502,0.0214612520669958,-0.0031965145696902,0.0067368574935358,0.0902290938055525,-0.0068890826131405,0.0039721165879702,-0.0072859744990892,0.0001790038338294,-0.0020391187310095,0.0021689839086378,-0.0004500637977031,-0.0507259853607343
2025-05-21,-0.0090976075547736,-0.0207286652847557,-0.0420797699235602,-0.0117228651102638,-0.0554031912037397,-0.0300969993654246,-0.0094112452524723,-0.0226124511082138,-0.0178482930490065,-0.0072916851697247,-0.034416485040618,-0.0119933755279678,-0.0147715584458675,0.0,-0.0364145658263306,-0.0130875853756529,-0.0176066245929974,-0.0198125199057721,-0.0155458335670349,0.013192612137203,-0.0146273135700532,-0.0208791208791208,-0.0304347826086955,-0.008387377523232,-0.056072422457907,-0.0348422373610612,-0.0981028258829889,-0.0067786339150134,-0.0231174441960055,-0.021160409556314,-0.0309198058101196,-0.027069249321592,-0.0278608483368933,-0.0219597152809329,-0.0096079198986125,-0.0116282820463196,-0.0416155568327056,-0.0316258230695278,-0.0105362529568784,0.0008478457011502,-0.0149719276356832,-0.0167920196609232,-0.0201036459908331,-0.0310021933524549,-0.0072412698583488,-0.0377041870071347,-0.0465837470020634,-0.0406284156021948,-0.0275355736081429,-0.0611560586950503,-0.0555555555555556,-0.0207636030911704,-0.0084882405172441,-0.0112104543925066,-0.0694478700539092,0.0002516356316053,-0.043686692956004,-0.0410756051316827,-0.0338533285907055,-0.0547147846332946,-0.0321356503132796,-0.0199795045761334,0.0047493984095348,-0.0095551135583384,-0.0201097121624845,-0.041999381401083,0.0004767177979612,0.0035844849615438,-0.0128238870989699,-0.0096575349093759,-0.0004792480695593,-0.0632783331326027,-0.0220183486238532,-0.0128269677064074,-0.0245425761601286,-0.0075769021574908,-0.0242517221531091,-0.0126926817663398
2025-05-22,-0.004233944397232,-0.0059812106954502,0.0180927549972347,0.0031488206235483,-0.0055518218741781,-0.0110362578817574,-0.0083161713420195,0.0014923506607193,0.0025950621733645,-0.009185283267575,0.0019904376910921,0.0020244598408498,-0.0323973354707043,-0.0247304906611566,-0.0155038759689922,-0.0161006340515178,0.0251237775686401,0.0004976405981054,-0.0035039074740531,0.0078125,-0.0127847973136523,-0.0123456790123456,0.0089686098654708,-0.0162654567847055,-0.0233658469289214,0.0098910590398706,-0.0162393765207885,-0.0214395425474177,-0.0023813715864768,-0.0202231520223151,0.0057816701087167,-0.0044091837408833,0.0022600998210753,0.0,0.0006431686776855,-0.0011748772090138,0.0202367367031393,-0.0018403873711024,-0.0055380701196442,-0.0110171871743995,-0.0125054032590448,-0.0053900592495061,-0.0069284553780245,0.0040047011709398,0.0052077406209187,0.0034023145494674,-0.0103663316524121,0.0282403305062315,-0.0059647322761693,0.0439398407549396,-0.0098039215686274,-0.0034665620360895,-0.0132810454135455,-0.0132300394817713,0.0313517606967059,-0.01937106918239,0.0129927590915623,0.0147498159881078,0.0094552977133139,0.0110837438423647,0.0049550868303041,-0.0080227593965442,-0.0072479873151928,-0.0186997396974765,-0.0086406784437811,0.004342685644127,-0.0133615918758345,-0.0003763708251163,-0.000284999816129,0.0167137315445424,0.0004794778583974,-0.0018064698621681,-0.0168855534709192,-0.0075029186871685,0.0015725043169694,0.0083616877136092,0.0050617615786607,0.0216508507969355
2025-05-23,0.0099288294192054,0.0079919976900546,0.0025350509596977,0.0062724379618379,-0.0606790735195518,0.0034823194137489,-0.0251494065355996,0.0081998601445174,0.0123018298162993,0.0090055652707838,0.0217284456276878,0.001766202508993,-0.0018585678586096,0.0033055834410236,0.0915354330708662,0.029842254978019,0.0139703827884882,0.01247286281899,0.0070419850965295,0.0361757105943152,0.014203051025776,0.0045454545454544,-0.0044444444444443,0.0085981738773806,0.012571936800251,0.0452739612646913,0.0627139605326831,0.00722092327769,0.0014911622091335,0.0085409252669037,0.0070269406414806,0.0041517359969069,-0.0013258584150248,0.0096177006985307,-0.0012922059227221,0.0023525183382071,0.0103299894287582,-0.0036828697296258,-0.0051410423237246,0.0068525151845508,0.0081439027618011,0.0030095561163281,0.0120738138688911,0.0079557771515281,-0.0036281496975643,-0.0039619843951287,0.0249281770568554,-0.0496357063715011,0.0097518140222765,-0.0391870684243564,0.0039603960396039,0.0019321161542771,0.0014940777510197,0.002234570030017,0.0057823628753945,-0.004617752693689,0.0239960268982537,0.0152252136934476,-0.0049554530245051,0.0048721071863579,0.0007405511660958,0.0084256899942205,0.0155507588262417,0.0093981449830222,0.0283253539053969,0.0060489439250219,0.0145134595358711,-0.0043241311877241,0.0036723345686846,0.0310519310149299,0.0167443407160357,0.0048302645052842,0.0171755725190838,0.0016600692130428,0.0036614411147843,0.0026949192845253,0.0004591335629,0.0291346994270176
2025-05-26,0.0014033816971863,0.005074324531699,-0.0126690060893797,0.0007211012593615,0.0227387124019258,-0.00416573088654,0.0102373196835738,0.0059120296592325,0.0051137816415238,-0.0036750777821858,-0.0251347938505942,0.0065500939796092,-0.0111791452800713,0.008242259407287,0.0414788097385032,0.0074728806749699,-0.0172420580246426,0.0034504182981982,0.0078632866835097,0.0037406483790525,0.025946796539841,-0.0033936651583709,0.0044642857142855,-0.008524875515416,0.0072077006143338,0.0086133326294859,0.0124300074209,0.0101347095808275,-0.0019369686217056,-0.0056457304163726,0.0048619326542977,0.0049591858430473,-0.002278904453272,0.0055639815272405,0.0123018958998148,0.0093879879390432,0.0298569022107217,0.0023120679587878,0.03272375792267,0.0008552841090032,0.0044833540335038,0.0069084272501367,0.0021222538637062,0.0039572445534119,0.0104046618079114,0.0079554883108008,-0.0059463730584891,0.0044396815676668,0.0066749054070547,0.0317201051892261,0.0157790927021697,0.0069519279851562,0.0002977154429253,-0.0031846239194398,0.0144001752112572,0.0064432989690721,0.001212499133929,-0.0075019437809517,0.0276874385483147,0.0084848484848485,0.006404292018304,0.0090185236583053,0.0081268178408329,0.012042426185391,-0.0005277807447992,0.0128892309215529,-0.0042942290718316,-0.0037776182869136,0.0087257689641164,0.0008855125486451,0.0094126813877091,0.0096204998045135,0.0037523452157597,-0.0057074262673874,0.0213808410663267,0.0090379700139653,0.0009154801302961,-0.0270224726674664
2025-05-27,-0.0042117794202963,0.0146931588001182,0.0435907487259898,0.0134184717191945,0.0611411872328948,0.0034920265394016,-0.0040525864291177,0.013954442848348,0.0203581220498034,0.0097455381602937,0.0019738059502025,0.0275345693238404,-0.0056562920960019,0.0316084391516986,-0.0103896103896105,0.0157720529590046,0.0140196274784696,0.0122739669219182,0.0138763707375695,0.0124223602484472,0.0120433406024669,0.0215664018161179,0.0666666666666666,0.0251325701704525,0.0226636161241009,0.0155704815073272,0.0582718352796147,0.0237393693016427,0.0208961164496501,0.0141944641589779,0.0288246639196374,0.017548825360883,0.0258691142264411,0.0078973011905265,0.0281326366399776,0.0291130451631653,0.0190633576297696,0.0258391863005331,-0.004585265327151,0.0131773925217502,0.0089367391457322,0.0065606450049324,0.0079363410523911,0.0236284569739295,0.0,0.0118390470656595,0.0761290846639435,0.0331914694054613,0.0258178428802011,0.0644185862423811,0.0407766990291262,0.0291405489350402,0.0095567649598367,0.0073476835071628,0.0510615329255128,0.0092189500640205,0.0102894363516832,0.0302204782203652,0.0290927412506651,0.0324519230769231,0.0440635813148788,0.0013253265983403,0.0195298986299046,0.0039708388731742,0.0153640152634326,0.0415568835669695,0.0105378486055778,-0.0274828704116136,0.0189749241548029,0.0261041652115201,0.0163173995082623,0.0053643300618326,0.0411214953271028,-0.0031482351139068,0.0301168610497841,0.0057338337225525,0.0196660017583831,0.0416629141871436
2025-05-28,-0.0070367119639236,0.0067862749720373,-0.0098164425412566,-0.0153685959744984,-0.0035715034378669,-0.0055677995592159,-0.0199422946367957,0.0173972879983808,0.006856098118382,-0.0044358258167433,0.0336732809389939,0.0058474701431077,-0.0006312638753926,0.0427896445977475,0.0209973753280841,-0.0137015880493884,0.0,-0.0067908768396107,-0.0179646263542919,0.0098159509202453,-0.0241979866055931,-0.0366666666666666,0.0083333333333333,-0.014191863892866,-0.0077750356146792,0.0022246081168133,-0.0101374218836085,0.0038247904891834,-0.0219297024202991,0.0041987403778867,-0.0173833358142303,-0.0080836178193619,0.0022265118321742,0.0078354224990961,-0.0111950633506605,-0.0158314243574858,-0.0163694354468397,0.0017998213917702,0.0251302555078241,-0.0075505726860387,-0.0106211266763645,-0.0106653192304692,-0.0081361145135764,0.0096057257659467,-0.0144101015293662,0.0122568372693994,0.0090956635197576,0.0224796877127684,0.0043067149294524,-0.0206294434363566,-0.0111940298507463,0.0022361481956396,-0.0124208712104031,-0.0031714950084795,-0.0296997500770309,-0.0053285968028418,0.0103858519523774,-0.0033362105580445,-0.0068048916003322,0.0046565774155995,0.0157112526539278,-0.0112450143059985,-0.0057781078537451,-0.014042946530148,0.0067856634286171,-0.0105836582514995,-0.0047408779987777,-0.004870889564627,-0.0249179158804914,-0.012506750287029,-0.005733910006212,-0.0165880518037218,-0.0466786355475764,-0.007986429136111,0.0118886650919842,0.0064133236892376,0.0015691746419521,-0.0139662017916641
2025-05-29,-0.0028422512458661,0.0053954146448391,0.0074353203004475,0.0093661676606218,0.0172062408452964,-0.0139828531435902,-0.015780587063815,-0.0099702404634212,-0.0043332622586613,-0.0060251728923808,-0.0383134156509309,-0.0164698562807191,0.0088503740294396,-0.0151984669017961,0.0025706940874035,0.0101900686635487,0.0,0.0063503612000663,0.0209052333804808,0.0206561360874848,0.0089413540880338,-0.0103806228373701,-0.0206611570247933,-0.0183262847622709,-0.0231186111644743,-0.0044393404408488,0.0,-0.0033352401754294,-0.0070252311897487,-0.0069686411149825,0.0072832194812511,0.0065207292339419,-0.0259046764972639,0.0031114707329891,-0.0094326717000305,0.0045914707054603,0.00633795116371,0.0202058990253626,-0.0134824984169792,-0.0042311969405192,-0.0071701913393755,-0.0023960018646995,-0.0079414442431289,0.0228634205998796,-0.0010486109979191,-0.0115588490790149,0.0250374011540925,-0.0492092558681538,-0.0207571734349369,-0.0126505383692498,-0.0018867924528301,0.0100363148430582,-0.001200629838604,-0.0060439598986944,0.0055748637157524,0.0204081632653061,0.0179884158923449,-0.0073546090028662,0.0110665544133286,-0.0023174971031287,0.002768374255649,-0.0030092007937939,0.0079496170081234,0.0147522806764504,0.0005227134361951,-0.0152282731948762,0.0104776335205047,-0.0094012458952095,-0.0033703174375835,-0.0048022793593898,-0.0126868785940458,0.0108449980737126,-0.0150659133709979,0.0007480041333853,0.0132238461709064,-0.0067262755967035,-0.0143295519237979,-0.0115942615487343
2025-05-30,-0.0021320332260948,-0.006704359072192,0.0468181247646541,-0.0016666755984759,0.0371136365986577,-0.0106395563770794,-0.0118151626454351,0.0057546555645751,0.0074607790987655,-0.0110746550406759,0.0039839815044173,-0.0261027765196466,-0.0225544338527559,-0.0277763401683037,-0.0589743589743589,-0.0064227594223457,0.0276910922378037,-0.0174707042646392,-0.005116979319645,-0.0202380952380952,-0.0378693085314517,-0.0384615384615384,0.0,0.0046634754859298,0.0016042808422991,0.0076786667355335,-0.0117201787446526,-0.0188748160696831,-0.0141498684768518,-0.0196491228070174,-0.0185945412461373,-0.0107955984577716,0.0129201669683116,-0.0038751954229451,-0.031750415951493,-0.0434830907907891,0.0,-0.0030783983366791,0.0180147905524707,-0.0063692243437837,-0.0017953503468981,0.0018004583609643,-0.0015991858690123,0.0020873019089693,-0.0428641357554661,0.011138014527845,0.0092834877975043,0.0154194534906793,-0.0146171815730371,-0.0113667825391454,0.0,-0.0106742050343321,-0.0131932447433934,-0.0108838735861375,0.0027544342883207,-0.0262499999999998,0.0110672463201093,0.0006716660780932,-0.0187682834635317,0.0534262485481997,-0.0110480102904615,-0.0026817122425049,-0.0057626577224084,-0.0136139328497758,-0.0212479563362795,0.0033449355311836,-0.0028274611652864,-0.0183870244412884,-0.0031004149174598,0.0131649427410416,-0.0137860052822871,-0.0292068170413329,-0.005736137667304,-0.025256310513517,-0.0246469046355225,0.0213804132853925,-0.037938871436554,0.0325772464242821
2025-06-02,-0.0085540120384125,-0.0054026818853014,0.0,-0.00953362535429,0.0260489371036574,-0.0172033689308054,-0.0059782149041393,0.0028608644925161,0.002468509363193,-0.0138619981274941,0.0178464954664145,0.0048039574840668,0.0032028444137355,-0.0127012855659949,-0.0435967302452316,-0.0175189863377684,0.0033825338253381,0.0083953034968844,-0.0137216491974042,-0.0218712029161604,-0.0050277981372565,-0.0012121212121212,0.0421940928270041,-0.0212311312922763,0.0040042781190743,0.0054161185053562,0.0311202651819908,-0.0131538360627838,-0.0015277575794686,-0.0057265569076592,-0.0071568472519527,-0.0038208333570417,-0.0082522567185143,-0.0023375018783498,0.0504913979882226,0.0514326481177309,-0.0027540841103137,-0.0048588418786323,0.0034583448541671,-0.0136744717304396,-0.0042068467955819,-0.0057655173359948,-0.0070106783157383,0.0,-0.0038243199472663,0.0104595336076818,0.0474314016123782,0.0347043406290232,-0.0059381789076494,-0.020147802411513,0.0151228733459356,-0.0085565505234641,0.0030387043736708,0.0058265036339828,0.0193155574217929,0.0202824133504493,0.0059546965533565,-0.0323221279599208,0.019127269478997,-0.0011025358324144,0.0081459432225958,-0.0074027034382654,-0.0076306201525481,-0.0155895385280449,-0.0058213651006963,0.0099969891215654,-0.0482031322944769,-0.0014096941683936,-0.0146976281978538,0.0151587659688896,-0.0045013741419178,-0.0135051134913727,-0.0038461538461539,0.0088298283553243,-0.0024798442523157,0.0104700629584284,-0.0118043844856661,0.012615815699388
2025-06-03,0.007191132738578,0.0081455362561628,0.0447002398081535,0.003609521331946,-0.0094918103678653,0.0342790227284823,0.005458877056595,0.0126538905932507,0.0171959752936106,-0.0091930290293242,-0.0155943844056154,0.0203832031856028,0.0,0.0385886590211841,-0.0123456790123456,0.0028154800948585,0.0100750842782715,0.0073486530820963,0.0069562761801666,0.0608695652173911,0.0079997843966022,0.016990291262136,0.0485829959514167,-0.01017096664749,0.0259265739663852,0.0180980865309452,0.0316011235955056,0.0192500458077797,-0.0088693393760339,0.0151187904967602,0.0171758072412355,0.0128715896855928,0.037824271268342,0.0171623182099642,0.013732729024291,0.015937386584192,0.013816831641676,0.0093179765130984,0.0058783376161422,0.0082313486071092,-0.0018265865281589,-0.0081447495515385,-0.0032322220151591,0.0018605027401972,0.0142550739849178,0.0250677308554274,-0.0036930935698753,0.0744242370376955,0.0059736515191017,-0.0014766592569068,0.0316573556797019,0.0056302315875678,0.0063410425722534,0.0001064192065383,0.0270683144524546,0.0304479114242577,0.0015264114190307,-0.0139156053574365,0.0213759025320199,0.0242825607064016,-0.004385551138841,0.0074579121501818,0.0199889274163,0.0045880792278487,0.0090516315676441,0.0239134191652985,0.0501486958137997,0.0165383442283753,0.0126226859706084,0.0059711677898148,-0.0121373982671979,0.0298739113997095,0.0193050193050194,-0.0005716285822575,0.0158947101999495,0.0075968117119611,-0.0035858403757724,0.0504676068839042
2025-06-04,0.0049924844320377,-0.0053881401214943,0.0,-0.0045550767369774,-0.0260772949466655,-0.0162185609151797,-0.0274178821957465,0.0,-0.0030260034563683,-0.0177348731052617,-0.0712863973077791,-0.0034513953824283,0.0063924123285312,0.0118675568199515,0.0096153846153845,-0.0131120816310101,0.0464975158341867,-0.0065649695279326,-0.0043188064389478,-0.0269320843091332,-0.0175391690283941,-0.0059665871121719,0.0077220077220077,-0.0027346631595418,-0.0112763097172897,0.0040893992755921,-0.0069586264276529,-0.0070216253370696,0.040579337996665,0.0092198581560283,-0.0016691363878845,-0.005678710194046,0.0138477748231398,0.00153837294438,-0.0061546900013393,-0.0033704549337557,0.0245330048487302,0.0004385513485454,0.0002013020298299,0.0043003046049097,-0.0027295589768754,-0.0027372104104423,-0.0024304948953476,-0.0112028420903897,0.0010854587891229,-0.0207328420319554,0.0097395848798882,-0.0204839210009306,0.003704691847391,-0.0044047259369981,0.0685920577617329,-0.010077677201115,-0.0290918323271157,-0.0275028907474799,-0.0105453147717966,-0.0012210012210013,-0.0019061278024982,0.0239961710552079,0.003062581793997,-0.0086206896551723,0.0134502160178446,-0.0235471287308355,-0.0129632274754399,-0.0130092480864066,-0.0031675086230101,0.0040296208780776,-0.0539044332020629,-0.0126971319443457,-0.0169965140085213,0.0258672629168954,0.0048185829377351,-0.0151090673725293,-0.0113636363636364,0.0045694273191656,0.0019599049944358,0.0109649748801095,0.0350134085467712,0.043892892644135
2025-06-05,-0.0149106809007454,-0.0094740738517562,-0.0878477642089798,-0.0031301791037489,-0.0027450456961964,-0.026522483203922,-0.004922859929752,-0.0275017114798988,-0.0291782734501994,0.0083345698383283,0.0490510174771867,-0.0051975659930681,-0.0006344680092675,-0.0142782383845015,-0.0057142857142857,-0.0151828777110459,-0.0380893704925162,-0.0085661710880243,-0.005201291873216,-0.032490974729242,0.0148769027014277,-0.007202881152461,-0.0191570881226053,0.002742162049075,0.0027548349128396,0.0055023605292905,-0.0140300099017441,-0.0017074720539007,-0.0109722831297985,-0.0217849613492621,-0.0110670172013745,-0.002447227231996,-0.0107883406740239,-0.0045998160073598,0.0346989590954014,0.0314652619767479,0.0034213690317688,-0.0079083561086236,0.0221636650344427,-0.0081337633523183,-0.0109583704933831,-0.0143269673423267,-0.0121820829672052,-0.0018780876168701,0.0064776008719198,0.0,0.0307748860461696,0.0019846087259445,-0.0022100538463291,-0.010349784379492,-0.0033783783783782,-0.0105520443597186,-0.0054201278280772,0.0003391932307243,-0.0253014897138803,0.0036674816625916,0.0045830339725836,0.0310114301092021,-0.0198433280752879,-0.0239130434782607,0.0114421738108656,-0.0030993808670833,0.0100784342731081,0.0042766982228865,0.005827644890449,-0.0012019331792393,-0.0069946422910832,0.0631029285541213,-0.0086467587945198,0.0219130525573927,-0.0227766710039132,-0.0122674513650482,-0.0095785440613026,0.0026528591467942,-0.0117143251830362,-0.0206791397986086,-0.0143653870560653,-0.0073858056836779
2025-06-06,0.0151363745516797,-0.0050146449853549,-0.0246873191232352,-0.001934614913677,-0.0181267661475443,-0.0007369762478696,-0.0238294660690123,-0.0007282260413632,-0.0006322298259631,0.0038573168478959,-0.0040649550327511,-0.0049742214678808,0.0082604539682993,0.0165513795418701,-0.0038314176245209,0.0096394773353212,-0.0395976188682087,0.0002461178528101,0.0034825119386925,0.0024875621890549,0.017166020129069,-0.0048367593712211,-0.0078125,0.0109610068329322,-0.0117682177170872,-0.0311802536082133,-0.0056856807366665,-0.0083030488368619,-0.0328341204303531,-0.0050287356321839,-0.0069666747516277,-0.0117232027880982,-0.0138075941767972,0.0053885001320306,-0.0006016138135492,0.0043665483115509,-0.0155326454954122,-0.0141708710374088,0.0011834151371583,-0.0017249569913797,-0.0018449037126095,0.0055656985960144,0.0024664632534299,-0.0094490121487298,-0.011264240780124,-0.0466863694920985,0.0249537585172294,-0.0556591548405448,-0.0111128025574668,-0.0164132855621187,0.0033898305084745,0.0003797357039501,0.0118588277072477,0.0091988639056705,0.0013689609759477,0.0355663824604142,-0.0017095236154692,0.0127004842531852,-0.00934513158469,0.0011135857461024,-0.0090516842928417,-0.0072581005919806,-0.0006049125264649,-0.0008682350022738,-0.0047387447009096,-0.0236973205870473,0.0040243449318897,0.0098294667673628,-0.0008706404885681,-0.0040485312899105,0.0053987231631051,0.0055875907817992,0.0019342359767891,0.0013229200528346,-0.0059265885773392,-0.0038058168450643,0.000704564117764,-0.0228978798925555
2025-06-09,-0.0085160286004257,-0.0100696858806152,0.0430384972649395,-0.0070200979269582,-0.0137881901489413,-0.0302152635864972,0.0009240227045579,-0.0065264214805098,-0.0075150857873806,-0.0043914230019492,0.0101932918834326,-0.0050016569433635,0.0,-0.0254417359159075,-0.0115384615384616,-0.0038148759652559,0.0205955042956336,-0.004935619832797,-0.0078155125226894,-0.0062034739454095,-0.0242885451038457,0.008505467800729,0.0157480314960629,-0.0033904801214675,-0.0142838858313067,0.0041808160270302,0.0014295481384796,-0.0056653770164977,0.0463503292310896,-0.0122743682310468,-0.0112693767986263,-0.0115861323085685,-0.0014711104347384,-0.0076495645821876,0.0641073379009034,0.0520504257303606,-0.0023076388973978,-0.005840384175623,-0.0145694155811241,-0.0056181073076976,-0.0027724705100514,-0.0104575347382274,-0.0051938220200679,-0.0133589362405022,0.0151919743921233,0.0187905099669807,0.0043515172321009,-0.0021085748711426,-0.0037484605911329,0.0257937484617276,0.0185810810810811,-0.0178967431044196,-0.0104543843960384,-0.0155276810358531,0.0027341789675878,-0.0084685956245589,-0.0062844301660812,-0.0290435042120541,-0.0120545621754381,-0.0055617352614016,-0.0031969019297388,0.0006984472691087,-0.0081680763288255,-0.0160050392194728,-0.0269681952198732,-0.0024651772169355,0.0025070886498206,0.0028078604791725,-0.0093107106323327,0.0182817622644251,-0.0019528570822868,0.0179139262507159,0.0135135135135135,0.0058517862536444,0.0188756714193314,0.0027784410341009,0.0063414681518456,0.0123032553002178
2025-06-10,-0.0114676251241043,0.0073983685648804,0.0048486047892342,0.0053647567876253,0.0154022688746904,-0.0015209968867094,-0.0087465616639662,0.0014589378280573,-0.0006304154437775,-0.0214994815439028,0.030313180371797,-0.0022616723983022,0.0037780167534524,0.032899022801303,0.0466926070038911,-0.0086266355092082,0.0168357933579335,-0.0007447424383913,0.0113843178888299,0.0312109862671661,0.0042194092827003,0.0409638554216866,0.0116279069767442,-0.0210703033709527,0.0177110655205547,0.001707847602216,0.0428562562065542,0.0056976563880464,-0.0242969638820486,0.003654970760234,0.0023651706004645,0.0161889712451508,0.0095915464336517,-0.0123402671518961,-0.0061936477202475,-0.0010295421397317,0.0254550218197597,0.0009016759211126,0.0045963389769132,0.0043488967462259,-0.0074242219144703,0.0016997066405903,-0.0015500636243419,0.0135398137490845,-0.0069512412136311,0.0234795604184545,0.0229427931361001,0.0021130303538487,0.0075174028261724,0.0636146968024697,0.001658374792703,0.0112453720655842,0.0364926663415599,0.0301690287635139,0.0095262749158684,0.009964412811388,0.0019163541208802,0.0033949927349947,0.0159139808920747,-0.006711409395973,0.0075600835681368,0.0027805817082002,0.013422581670901,0.0170597113259476,0.0125007252870523,0.0144301391169099,0.0010034470746658,-0.005228062546015,0.0038179251266001,-0.0207450068422423,0.0012219867655582,0.0054587553520379,-0.0152380952380952,0.0067553627202847,-0.0004857825791743,0.0048524074434848,-0.0126030146874337,0.0005758622779898
2025-06-11,0.0079725321353774,-0.0073440346894942,0.0241506646971934,-0.0012125084998483,-0.0259043137899506,0.0076086352853435,-0.0065002019434083,0.026987653718127,0.0309518969952267,-0.0104240701255625,-0.0058923927178152,0.0118360038090508,-0.0050183960867786,0.030330312000895,-0.0306691449814126,0.0028971060091587,-0.0198457700158765,-0.0007423861747315,-0.0052016457819807,-0.0012106537530266,0.018909805117351,-0.0185185185185184,-0.0306513409961686,0.0076379707626639,-0.0213580341422339,0.0051317720305701,-0.0082279422704955,-0.008619978701051,0.0025816861637757,-0.0050983248361252,-0.0055780994931882,-0.0002749203876377,-0.0095004226882976,-0.003123613006959,-0.0368242529518086,-0.0392201769202141,0.0097767593376236,-0.0022567553281949,-0.0334136845576142,0.0,0.0093470689438124,0.0084663635105057,0.0091680072469426,0.011438718202841,-0.0204509055069606,0.0087377217416801,-0.0055043303140042,0.0042059932614855,0.0059736515191017,0.0347700544410023,0.0248344370860926,-0.0057532769539013,0.0293382202949286,0.0332788304318554,-0.0027009932133272,0.0173831336622034,0.0032513658401582,-0.0284534733148609,0.0041754226175125,-0.0112612612612613,0.0002259291335615,0.0464802119506646,0.0165567951318457,0.0030413848867978,0.0016045845272205,-0.006098807495741,0.0084869890406689,-0.0058173311986501,-0.0049749032481324,-0.0325868897995574,-0.0014650935837886,0.0247462337094264,0.0,-0.0087613930574379,0.0248808425796545,0.0241376958068697,-0.0002370015637215,0.0005815890709721
2025-06-12,-0.0079094736029043,0.0027737473275122,-0.035359726929641,0.0055832164467011,0.0184485986236717,-0.0196299212598425,0.0009374088298172,0.0142011459183593,0.00980358830368,0.0045551896162381,0.0019825859461228,0.0256353862442519,0.0012609268520749,0.0044183348554784,0.0124640460210929,0.0144540390548963,-0.0270353658066258,0.0029804913294797,0.0060956077707221,-0.0012121212121212,0.0342262887119702,-0.0224056603773586,-0.0039525691699603,0.0041311780230326,0.0024249061326659,-0.0094769531975222,0.0013952023043339,0.0024847820661668,0.0428585960879461,0.0021961932650071,0.0058253237177048,0.0035720833237848,-0.004429993903678,0.0117523521505376,-0.0047036172766544,-0.006436041834272,0.0253260641809749,0.0054312274850516,0.0002055267629748,-0.0004348570291863,0.001850023385127,0.0046640477598489,0.007707308013743,0.0,0.0093413064108573,-0.0016219515739905,-0.0276558165299238,0.008387863705547,-0.0059381789076494,0.0712437868790512,-0.0468497576736671,0.0092544633463362,0.0276038420354476,0.0225435339463078,0.0283858139495021,-0.0020780420226276,0.0179205976529535,0.0195269113084106,-0.0098788097345616,0.0148063781321186,0.0104556463250888,-0.0086178228018294,0.0266505375003118,0.0038153953262551,-0.014468983229711,0.0106355627163965,-0.0009888547825548,-0.0005650796222259,-0.0008806243499014,-0.0071560868833137,0.0102707026270403,0.0076582655911614,-0.0193423597678915,-0.0065810212762473,0.0047583635109502,0.0016827344434706,-0.0007087293460383,-0.0306367726037019
2025-06-13,-0.0115928714351335,-0.0092236583769632,-0.0146772987789683,-0.0028957450221736,-0.0324645905552376,0.0053892552225978,0.0079366217036263,-0.0119003899077192,-0.0115262133830646,0.006234984187101,-0.0433062032107377,-0.0169855827012361,-0.0163855558071088,0.0151430256561486,-0.0388257575757575,0.0037967707036272,-0.0312747740605675,0.0029716343989194,0.0,-0.0145631067961166,0.0574127659574468,-0.0422195416164051,-0.0833333333333333,0.002060824180337,-0.01612693458187,-0.0321277955271566,-0.0082846441947564,0.0027239600245336,-0.035142583849087,-0.0087655222790357,-0.0042912382137324,-0.0035593689612751,-0.014828951665578,0.007738357176662,-0.0094578132556302,-0.006492727545359,0.0098053958596011,-0.0153030601538552,-0.0320915994958214,0.0008654642729868,-0.0101667133505545,-0.0024771121147248,-0.0120192898390464,-0.0132078553055975,0.0010874736627473,-0.0043438766478781,-0.0065654301617542,-0.0706872617499944,-0.0022391607748109,-0.0313670157920443,-0.0237288135593221,-0.0179583097778364,0.0213131938374635,0.0245684423465948,-0.0039503291940996,0.0175844516427579,-0.007491704322585,-0.0506128932497399,0.004723801114729,-0.0291806958473624,-0.0098954077260681,-0.0036754760264461,0.0274012122978997,-0.0063013611122518,0.0054377975307369,-0.0218528725885096,0.0004949167921142,0.0219077685452839,-0.0002969936577483,-0.0203555186618288,-0.0065342335945214,-0.0070144837252763,-0.0591715976331362,-0.0132492360568789,-0.0018986221581004,0.0013439260840653,0.0030765995015811,-0.0143097169911493
2025-06-16,0.0029302413510619,0.0083806378367221,0.0595584330188918,0.0116220726665867,0.0150751751947277,0.0321861668983367,0.0180616656553398,0.0184253811602455,0.0214822332259447,0.0087280199204973,0.0123454157782514,0.0219691858135016,0.0237002618177635,-0.0048126037929514,0.0403940886699507,0.0113573970513471,0.0466058349359628,0.0061718383447542,0.0207605652267555,0.0394088669950738,0.0162178259259855,0.0604534005037782,0.0216450216450214,0.0082188922751353,0.0290971579643093,0.0382644977289532,0.0751091439189086,0.004695511378969,0.0534312327510371,0.0191599115696388,0.0185276837210213,0.0142854687535807,0.0045166837596213,0.0168986001598405,0.0047709687785826,0.0076218361833466,0.0219443277712017,0.0146289032510225,0.0133900627262499,0.0134100325540102,0.013069497867167,0.0127218955694645,0.0182467114569699,0.0286931876952356,0.0070722158100799,0.0250599450260249,0.0052832955731247,0.0671132187314758,0.0186989870421323,0.0505070312062301,0.0260416666666667,0.0097292309702283,-0.001714670329503,-0.0098391836439202,0.0145085176880084,-0.0181900864029103,0.0132114663878208,0.013688691467703,0.0182955631474299,0.0531791907514449,0.0220331287143118,0.0097312326227989,0.0137564104458862,0.0045137709043154,0.0210946371632587,0.0139794361410687,-0.0034678566275737,0.0025869996657672,0.0144260409845229,0.0129882554463203,0.0104772151079102,0.0070640342787595,0.0335429769392034,0.0326093538895884,0.0185118513463409,0.0134282139287136,0.0035377214733112,0.0229833343894556
2025-06-17,-0.0153466746253652,0.0092321549200629,-0.0070412449875884,-0.0081379488810656,-0.0256299408742597,0.004450223285116,-0.0036367192229247,0.0090460143183266,0.0150227040867356,-0.0083732854436825,-0.0284546852292592,0.0074883034041128,-0.0300373095002213,-0.0043542352843876,-0.0293560606060606,0.0074798676948133,0.0171240910157166,0.0061339804092581,0.0033943085701704,-0.037914691943128,0.0129850072468935,-0.0261282660332542,-0.0127118644067796,-0.0135840243595997,0.0099574573031628,0.0190333273986655,-0.0168191206845677,-0.0054113096730293,0.0015713383304851,-0.0007230657989877,-0.0021144649609822,-0.0075829678352249,-0.0089927501108624,0.0015070246795545,-0.0154381734980072,-0.0075641832179982,-0.0214731147038712,0.0008988310610333,-0.0012591139984103,0.0017065469346035,0.0046141113180218,0.0052093449127383,0.005972227311032,0.0037203877247315,-0.0280789671794065,-0.0090372272143773,-0.0420676111656613,-0.022008421192965,0.0058771605543692,0.0209727740593583,0.0101522842639594,0.0107878616339485,0.0294953932515711,0.0226655632990691,-0.0103917525773195,0.0196850393700787,0.0040962090104621,0.0028409920831995,-0.0090778167931518,0.0010976948408343,-0.0086669448467145,0.0019934603028912,0.0019389507506508,0.0100337811584332,-0.0090036881821095,-0.0110464644046494,-0.0218775045890535,-0.0296774971230324,0.00086912435721,0.0042724087840724,0.0069920763040824,0.0075938327363338,-0.0689655172413793,-0.0449567944800474,0.001862384062635,-0.0033108471630178,-0.0265644967711528,0.0141974888036819
2025-06-18,0.0014836085187843,-0.0031286763214475,0.002379750486767,-0.0214779364005229,0.0157343130305867,0.0192168405479959,-0.004112668420782,-0.0034474532708482,-0.0076925098209241,0.0002815729689948,0.029288067984738,0.0021581032341986,-0.0116119031061658,-0.0077692863983738,-0.0097560975609756,0.0083623554300427,-0.0302890528905288,-0.0134147737025804,-0.0118307489760094,-0.0147783251231525,0.0069585341730484,-0.0060975609756096,-0.0085836909871245,-0.0048251266221116,0.007096852965416,0.0172468301773769,0.0249957125707425,0.0039572373514236,0.0399426224350283,0.0036179450072357,-0.0008485424114514,-0.0021855559792599,0.0128518653415889,0.0158403986796971,-0.003017354473556,-0.0021733552681226,-0.0039558593302532,-0.0018006295330734,0.0008411883894376,-0.0068191135607889,-0.0018330484213127,-0.0097539937204569,-0.0059367715617715,-0.0203762697601731,0.0022196531791907,0.0037537926547719,-0.0224138856755161,0.0021356355787798,0.0014625804419243,0.0338099902056807,-0.0117252931323281,0.0041962853474035,-0.0055623384936345,-0.0009099269783598,0.0039336611384281,-0.0074948898478309,-0.0050079224179577,0.0148856990962256,-0.0010832054171157,-0.0164473684210524,0.006276632357711,-0.0023222694548212,0.0044204007752435,-0.007191477036152,-0.0149628464913392,0.002481228683695,-0.0111860607726629,0.0032299139724836,-0.0072458524337947,-0.023407237569803,0.0155660308089931,0.0057992877633792,-0.0108932461873637,-0.0033053406343034,0.0060507122357091,-0.0083080734681447,0.0108668523565644,-0.0163257578071082
2025-06-20,0.0029628213705439,-0.015214328224588,-0.0447242206235012,-0.0123286377674584,-0.0258966477917402,-0.0123227191629623,-0.0210893835086088,-0.0110731025536088,-0.008354572837708,-0.0095707860711795,-0.0101729185534655,0.0004769068900754,-0.0163142658213932,-0.0053825925086919,-0.0315270935960591,-0.0101336975130877,-0.0208498493737117,-0.004201814696782,-0.0034140744989914,-0.0899999999999999,0.0007298674979909,-0.0343558282208589,-0.0086580086580086,-0.0173010901644281,-0.0109668065932178,-0.0075325716248599,-0.0385103386734708,-0.0133025844816331,-0.0050745574889604,-0.0086517664023071,-0.0061523317337269,-0.0172318398311611,-0.0268673584711804,-0.0304381759393466,-0.0314554078864095,-0.0283454086185773,-0.0079431406073895,-0.012172731612382,-0.0071343689907741,-0.012011943146221,-0.0064377682403433,0.0,-0.005160053249307,-0.0056653168077883,-0.0243909472615696,-0.0085463712337174,-0.0042140792186976,-0.053469813416763,-0.0153084533519071,-0.0338790359254206,-0.0067796610169491,-0.0186032059657733,0.0044759529279942,-0.002735519797552,-0.0091647158440005,-0.0032036613272311,-0.0026094740291398,-0.02235266258602,-0.0275999237119582,-0.0189520624303233,-0.0360961974735122,-0.0202783884885894,0.0088076881846599,-0.0025892682126299,0.0010813315826059,-0.0132076529358244,0.0025715324408708,-0.0178002043153886,0.008759753307092,0.0318094277329419,-0.0358411537034092,-0.0144146248509362,-0.0308370044052862,-0.0257613579630554,-0.0092491781997862,0.014742057607425,-0.0052540355832523,-0.0195646234849989
2025-06-23,0.0022234927895303,0.0079597107438016,0.0098656959959835,0.0022467992250088,-0.0402481605332879,-0.0161581678734902,-0.0121812664490242,-0.0069962285955227,-0.0078241306336077,0.0090948434562989,-0.0123201974636139,-0.0064548309261834,0.0046416677221554,-0.0231322628720248,-0.0152594099694811,-0.0018595351162208,-0.0070844466035139,0.000497958660695,-0.0025716487332075,-0.0467032967032966,0.0061799518173246,-0.0165184243964421,0.0,0.0,0.0047550947443688,-0.0128143850743316,-0.0120071346742266,0.033706639913634,0.0070314195395229,0.0058181818181817,-0.0119535742983587,-0.0091848816557743,0.008435833817241,0.0153108161387829,0.0049944685613729,0.0044832578340261,0.0112836286913309,0.0013707414084715,-0.0384612036698526,0.0095536966028206,-0.0084524007310184,-0.0067699640770304,-0.0021821462989448,-0.0038052533064565,0.0034110726848155,0.0242460356487883,-0.0051645381749626,0.0067783619357852,-0.0059249906827809,-0.0253915954080699,-0.0051194539249147,0.0096686989064873,-0.0281274382700482,-0.0249840180563347,0.010573233465708,-0.0071166207529844,-0.0014964601805368,0.0364351668354838,-0.0272625385261977,-0.0125000000000001,-0.0196480354517235,-0.0118792671096223,-0.0008185115726049,-0.0140082907143085,0.0027132680091557,-0.0033428301754876,-0.0235910179225612,-0.0023126260716087,-0.0081056117223482,-0.0101325677615468,0.0205439048166571,-0.0076089735993563,-0.0113636363636365,0.0126194178102354,0.0046651204319594,0.0056151571418747,0.001300590229688,-0.0169278996865204
2025-06-24,-0.003692317444219,0.0339088146519694,0.0170776573530873,0.0024914706410488,0.0450413234912865,0.0144707667172365,0.0165972687301634,0.0049302918072231,0.0030345644289837,-0.0028165227466218,-0.01454208587371,0.0216591856165992,0.0019800952225568,-0.0690177752322641,-0.0268595041322313,-0.0146535922835765,0.0071349940881477,0.0039700442118557,0.0103131166461893,0.0244956772334294,-0.0248378713921082,-0.0142118863049095,0.0480349344978165,0.0007048404149365,0.0157583582840672,0.0209110715985072,0.0310724926978906,0.051933666687765,0.0020533824534625,0.0166305133767172,0.0166362410105085,0.0112382586996191,0.015976715455326,-0.0067875865639763,0.0,-0.0022316239713608,0.0079212233762064,0.036462852714761,-0.0208802002471405,-0.005591524426133,0.0215729395748247,0.0179716550901565,0.0188733217476895,0.0076395771390815,0.0028338792920605,0.0147308013827072,0.0472362366247158,0.0213282262956926,0.0223415813554912,0.0930507110276361,0.020583190394511,0.0383165021065834,-0.0209162616913722,-0.0196898332753499,-0.001309898855911,-0.0390751445086704,0.0106714871266033,0.0344532102035324,0.0205950975026645,0.0023014959723821,0.0259369295945548,0.0182016893894487,-0.0035497890246847,0.0077178377075473,-0.0281108532003026,0.0247585308856863,-0.0246852898610088,0.0019309974450811,0.0011655971468209,0.0162119450293394,0.0081755815121153,0.0259431738909106,-0.0344827586206895,-0.0001981195867053,0.0125420698359277,0.0049990938714938,-0.0038471263057177,0.0086129148629148
2025-06-25,-0.0266418539549234,-0.0040444492907343,0.0,-0.0121773055997135,-0.0458261658956274,0.0066566969592392,-0.0083970631760854,-0.0049061032863849,-0.008465707845873,-0.0101681206308855,0.0147566787634996,-0.0070658633352135,-0.0046110917851511,-0.0476154181184668,-0.0445859872611464,-0.0143225990078881,0.0,-0.0133473648811232,-0.0153209758254716,-0.0337552742616034,0.0319903526806895,-0.0498034076015727,-0.025,0.0042260637890643,-0.0244368709995445,-0.000703200379401,-0.0170396310215237,-0.0183686499460138,-0.001502636805698,-0.0184921763869132,-0.0225243732085631,-0.0225018826391706,-0.0134789777411377,-0.0220169586784936,-0.0142909561422143,-0.0190422937732009,-0.0228603923798692,-0.0013207082577844,-0.0035920005177658,-0.0095164989641906,-0.0137775499743721,-0.0118718188177805,-0.0179863607958921,-0.0113724847342322,-0.0062157414533554,-0.0155522899828557,-0.0144336049360136,0.0032960633589564,-0.0182086245865079,-0.0113530364769994,-0.026890756302521,-0.0195566740876973,-0.005852092037164,-0.0050981061252346,0.0013116169414419,-0.0127526467757459,-0.001667493796526,0.0326485065481854,-0.0050462858433055,-0.0137772675086108,-0.0082739436762703,-0.0138265783221083,0.007944085636897,-0.0107038210847334,-0.0100085768951639,-0.0098275788302742,-0.0376963350785338,-0.0069425285544248,0.0046664515353416,0.0146897697350982,-0.0138353412191133,-0.0258568409445925,-0.042857142857143,-0.0011867991746252,-0.0045859409488691,-0.0229181906333464,0.0091697232410805,-0.0042728764953471
2025-06-26,0.0129256814170859,0.0175921410158155,-0.007210069656605,0.0030173989171364,0.059709551985509,0.0360040529319001,0.0159927594490634,0.0084530521415708,0.0091468777484609,0.0039948896541437,0.0104056703362993,0.0002364734735271,0.023177133679342,0.0136337132861534,-0.0033333333333332,0.026163540173461,-0.0141688932070278,0.0120235181425252,0.0043225643472646,0.0058224163027655,0.0127619142488248,0.0234482758620688,0.0128205128205129,0.0133109704963025,0.027434363746422,-0.0011782803652669,-0.0026646971079347,0.0105259214863651,0.0127251002465178,-0.0159420289855073,0.0169561927932471,0.0082431827811704,0.0098713073998244,-0.0031066246897539,0.0126107769570866,0.0182719255189449,0.0007332828958854,0.0206975388891379,0.0180224277038281,0.0021848943500872,0.0,-0.0036967545285243,-0.0073810380180329,0.0057412896138619,0.0164819248618128,0.0284352418324305,-0.0128186346322884,0.0317611413579745,0.0089034569501087,-0.1389182008913607,0.0362694300518133,0.021451363219916,0.0073573917324996,0.0080087530354373,0.0143757254186702,0.0199853765537412,0.0116879759797976,-0.0167727393264386,0.0067568334222141,0.0069848661233993,-0.0727681267722419,0.0020514107138245,0.0217470315688252,0.0130188959976191,0.006177817171266,0.0260550569711321,-0.0095139450576947,0.002329693270282,-0.00028970811907,-0.0111680519695394,0.0125784614171831,-0.0088540094576919,0.0298507462686568,0.030110647951471,-0.022581419373689,0.0214465542396902,0.0298901987666162,0.0116356638871071
2025-06-27,-0.0127607401551937,-0.0004450378282153,0.0024126046282617,-0.0042624951273664,0.0061254751826587,0.0014192324379176,0.006022526428514,-0.0020974985964693,0.0012067416634264,0.0011368554320374,-0.0082302771855011,-0.0111481850686463,0.0103558788689199,-0.0358732002774659,-0.0033444816053512,-0.0103915420485609,0.0035726018396846,-0.0017333236553676,-0.0163494592101952,-0.024602026049204,-0.0133236489093674,0.0107816711590296,-0.0084388185654008,-0.0055298082999789,-0.0085128266578792,0.0009420978471015,-0.0147095125386614,0.0423593161851678,0.0085122638097392,-0.0051546391752577,-0.0055578247170031,-0.0056395893885202,0.0112643131251486,-0.0085635751464163,-0.0099642705122087,-0.0112111458381924,-0.0087696852683244,-0.0073346304356418,-0.020137042176815,-0.0069736241416898,-0.0027856890422633,-0.0024748143014162,-0.0011025358324145,0.0,0.0,0.0015339194115027,0.0148351512453315,-0.0127364169263831,-0.0066186637250383,-0.0520032871498391,-0.0133333333333333,-0.003684430285785,-0.0122723834014613,-0.0079451225114072,0.0167546627000343,0.0004778972520906,0.0024646807707728,-0.0164048277257096,0.0050378401528259,-0.0034682080924857,0.013496580314313,-0.0051180276078928,0.0031902438477871,-0.0009546889917014,0.0,-0.0209590546737807,-0.0016919479725998,-0.0089130335792898,-0.0014521102847836,0.0230110784296457,-0.0081209036634081,0.00357197238859,0.0024154589371983,0.0192322990416298,0.0,-0.0026249582393007,-0.0167164264867492,-0.0205815590245634
2025-06-30,0.0129256814170859,0.0075396553579991,0.0216857409499484,0.0130975379352016,0.0469931561543697,0.0325740553083373,0.0165652436037528,0.016112018378015,0.0156955176708493,0.0161817935466388,0.0165971535451692,0.0134330087228289,0.0057686221480566,0.0116285871383614,0.0145413870246084,0.0305372194577029,0.0072016039936166,0.0131431995067299,0.0201253930370874,0.0178041543026705,0.0208036193543439,-0.0079999999999998,0.0212765957446807,0.0215537785309538,0.0202939858294599,0.009395742451896,0.016284964777316,0.0084411784673974,0.0317522998255233,0.0103626943005181,0.0386919168952584,0.0192756698605602,0.0341734345273407,0.0227778339569217,0.0062862763746751,0.0124705142317973,0.0126646641008791,0.0078224204374006,0.0216810928219606,0.0171131824983932,0.0223998832579375,0.0226303729151386,0.0187482947639954,0.0152501854752287,0.0313010707036636,0.0061372594227242,0.0534525283445606,0.0591359248749245,0.0207260585501645,-0.0140675852419625,0.0760135135135136,0.0155101027151411,0.008579524501445,0.0054466380386615,0.0088743127230634,0.0126582278481013,0.0188259006121065,0.0086716891627878,0.0317407808198439,0.0336426914153134,0.0118898486944585,0.0185233846165233,0.0100791534627895,0.0354629153190237,-0.002232083719698,0.0226422236177661,-0.0056611545930677,0.0011745881450495,0.0154065512542269,-0.0020444704606299,0.0166176109884716,0.0403340519285113,-0.0072289156626507,-0.0066054186615401,0.0212187856982715,0.016119329523393,0.0101536191443201,0.0191625449931378
2025-07-01,0.0045009437462695,0.0070413301801124,0.0070911756928921,0.0052222464900342,-0.044185207271722,-0.0054829395952153,-0.0081499705785598,0.0077360217162278,0.0088999644001424,0.0175971605808364,0.0224379308886351,0.014675302249451,0.0121004076378459,0.0028737293721741,0.0077177508269019,0.0166638745725633,0.0142189721714403,-0.004406525676983,-0.0042891758654944,0.0306122448979591,-0.0025014460311141,0.0094086021505375,0.0166666666666666,0.006813300747982,0.0164502420895213,0.0112704834956336,0.0226946446439186,0.0129901772203842,0.0441513604711563,0.0036630036630036,-0.0026903486390554,0.0047263364223661,-0.0035902558675461,-0.0015407304875135,0.0,0.0,0.0191224749913097,0.001295080887679,0.0139257822725111,-0.0034499139827596,0.0045673738619798,0.0011426806670784,0.0045407096532688,0.020623579084118,0.0005413788241928,-0.0015222277994805,0.0186470479363318,-0.0142140828096753,0.002898615519888,-0.0085455583149516,0.0062794348508634,-0.0014673290026748,0.0041063911571959,0.0035033976475726,0.0012588838958471,-0.0141509433962264,-0.0077899485032059,0.004628182300091,0.0080918635741147,-0.0179573512906846,0.0027155044809861,0.0202068283891223,0.01494298942713,0.0118376275051801,-0.0028013249868894,-0.0100651945320715,-0.0176423938260498,-0.0072268146347983,0.0040075553291165,0.0122962662652732,0.0063960431871645,0.0148214318268826,-0.0048543689320389,0.0134868305431328,0.0073859567505971,0.0119784448540789,-0.006544360641275,0.0072731661457936
2025-07-02,0.0201795522435999,-0.0209762895595942,-0.0234151231621158,-0.0081617645010598,-0.0369843756275856,-0.0034537744821125,0.0036530106974352,-0.0148496341007424,-0.018067644214433,-0.004941707197609,-0.0039919746830205,-0.0310234155718706,0.0371320360085356,0.0091672768575266,-0.0010940919037198,-0.0127462003722085,0.0,-0.0098324164100432,-0.0292864402196716,-0.0198019801980199,0.0107538218239324,0.0612516644474034,-0.0204918032786884,-0.0033835969106289,-0.0293574952414249,-0.0339156998420474,-0.0469910952299925,0.0156528894233811,-0.0098246034002104,-0.0102189781021897,-0.0257322832415644,-0.0204816078220867,-0.0021639005796871,0.0038536440454186,0.0312544505871537,0.0324775173570663,-0.0093799386798352,-0.0297176429323045,-0.014170035941425,-0.0082242246689714,-0.0109098289947734,-0.0060599205492317,-0.0080860410512761,-0.033054892601432,0.0287113701309313,-0.0330810633589245,-0.0183057006586419,-0.0659062380614528,-0.0173562868245276,-0.0417269544924154,-0.0249609984399376,-0.0176682637113686,0.0210362181492236,0.0177855736969314,0.0012413858959465,0.0086124401913876,-0.0031032048347932,-0.0046068609079777,-0.0299782750497302,-0.0148571428571429,-0.0575931547403369,-0.0300429184549355,-0.0102047763909352,-0.0441348645697672,0.0106642879490883,-0.0605930565056488,0.0034761758450962,0.0171132731873293,-0.0162509050627819,-0.0457500745600953,-0.016007153713746,-0.014604965328926,0.0536585365853661,0.0363560324778653,-0.0178754890463984,0.0076750486130732,-0.0016474744386696,-0.0234781457120696
2025-07-03,-0.0124522806879451,0.0111610770981198,0.0599535622632287,0.018451894478755,0.0373926365868375,0.011767744898252,0.0140980768156684,0.0212469306976708,0.0238369346048139,0.0066216652610258,0.0240478464925031,0.0182952470946771,-0.0006063620321985,0.0181737158135895,0.0109529025191674,0.0193710543626599,0.0245543761265771,0.0213510695919068,0.0221880703102488,0.0202020202020203,0.019501855190809,0.0326223337515685,0.0418410041841004,-0.0027160676064653,0.0065933626149337,0.0230722626586219,0.0,0.0449480565613258,0.0442099351790759,0.0176991150442478,0.0293939526072779,0.0189329098521253,-0.0014424129081033,-0.0145662592169403,0.017570400873812,0.0151788669254144,0.001821061571775,0.016420999358343,0.0225557061040455,0.0139669236369066,0.0211471372870921,0.0243840198630964,0.0247277081055323,0.007651487103542,0.0289620031230311,0.0262275997309988,0.0169119007958542,0.013227853278334,0.0088314241427545,0.0510447615800497,-0.0143999999999999,0.0097429284882295,0.0045753546585707,0.0034301593504406,0.0162928581647088,0.0099620493358634,0.0368135160584908,0.0066126598795721,0.0286984550405691,0.0104408352668214,0.0250711293257881,0.0010244923438476,0.0263211477187053,0.018487425797987,0.0022196900337894,0.0108233527517458,0.0340649840301625,0.0067696539296004,0.0162299877331486,0.0216366331505721,0.0239225823427515,0.0153926555217276,0.0208333333333332,-0.0047007781480744,0.0266012246601541,0.0203197054962165,0.0065983420298589,0.0197287697772037
2025-07-04,0.0029650175749025,0.0088264090836025,-0.0045425198302896,0.0029396273346735,0.000731724967903,0.0061558537346457,0.0058288698876909,-0.0006902096416977,-0.0047772874107102,0.0005481756030711,0.0117415639195328,0.0033086038274863,0.0012134598603841,0.0033442939387478,0.0054171180931743,0.0117600601005527,-0.0034013605442175,-0.0038889870956337,0.0026028941928211,0.0099009900990099,-0.0038257615896459,-0.0024301336573511,0.0,0.0136099228845043,0.0019282760814247,0.0071062942622353,0.0095819074542478,-0.0516175589158822,0.004209579415868,0.0072463768115942,-0.0010354402974537,0.0002775890236672,0.014474850818382,0.0124458829319564,-0.0005922233669131,0.0010669353763168,0.0072710053386899,-0.0008713589643276,0.0077854979511846,0.00344248337437,0.0008942836185328,0.0020804158138532,0.0005305482530655,0.0056950398040416,-0.0046059392654991,0.0025937265958853,0.0319827095893527,0.0065275807586293,0.0058385735592814,-0.0228617328575621,0.021103896103896,0.0081635802469135,0.0011409047738974,-0.0012415537729254,0.0049424424424424,0.0,0.0008819368082892,0.0103635688485297,-0.0032198115653901,0.0068886337543052,-0.0017809315299897,-0.0030629949854921,-0.0052868632707773,0.0040042159123667,0.0027733964248159,0.0004250768494198,-0.0033500156759832,-0.0021138039049436,-0.0008542511374539,0.0083079128390248,0.0072429973255161,0.0101082038637396,0.0136054421768707,0.0029053841574484,0.0268176952529952,0.008088867623192,0.0067917002670323,-0.0126975079953136
2025-07-07,-0.0088767036198196,-0.0214432292798338,-0.0136202543374023,-0.0209954990005417,-0.0197126664595407,-0.0040811435660313,-0.0164954757222188,-0.0117947978414153,-0.009593907966405,-0.0115053806954902,0.0116052995530255,-0.0106024948186026,-0.0097027222093609,-0.0161176667971589,0.0053879310344828,-0.0089388559406741,-0.0171825350123573,-0.0112259209434123,-0.0095222920981846,-0.0336134453781511,-0.0069839779329773,-0.0109622411693058,0.0,-0.0167784989887631,-0.0134570742643995,-0.0167946063940328,-0.0217083738615262,-0.0632842935344814,-0.0210809447759939,-0.0201438848920864,-0.0140824499411071,-0.0207931639546613,-0.0263958992085159,-0.0015407304875135,0.0041727107188049,0.0064095921841462,0.0036092597226329,-0.0043694936370917,-0.018241642653844,-0.0081501424096352,-0.0152896295552655,-0.0112807971136209,-0.0132536939942802,-0.0151007733057296,-0.029823041040784,-0.0031033213777648,-0.0033068199855381,-0.0151360641649956,-0.007250264526609,-0.0146228875855637,-0.0238473767885533,-0.0095707878583783,-0.0068285349716158,-0.0018696447674941,0.012264209674407,-0.0192578675434476,-0.0248843243567534,-0.0352956899432007,-0.0150670973616321,0.0022805017103761,-0.0125082455891316,-0.0133014931523987,-0.0114304041743481,-0.0179942127812298,0.0093916713635946,-0.006418169457564,-0.0263309662649059,-0.0180948840648976,-0.0085653038591881,-0.0078277038302002,-0.0498710171221227,-0.0127857993494528,-0.0178970917225951,-0.0146741552648288,-0.0239070182384988,-0.0089507914924186,-0.015582920658521,-0.0244964720974983
2025-07-08,-0.0014913645183532,-0.0008931038566296,-0.0230608458774629,-0.0072319068923583,-0.0392263472530354,-0.004090790060371,-0.0027188033553559,-0.0021121513990122,0.0024200621171257,-0.0083106331386102,0.0822270655835148,-0.0235783837489018,0.0012238639723323,0.0322006730025921,-0.0032154340836012,-0.0072232681446191,-0.0070251067736399,-0.0160400407586671,-0.0043716467482327,-0.0014492753623189,-0.0298869680851063,0.0024630541871923,-0.0200803212851407,-0.0040991215107343,0.00038714672861,0.0106421326866674,-0.0110875099802654,-0.0059916620232683,-0.0070961220950057,-0.0080763582966225,-0.0052542040800722,-0.002547691726349,0.0007362878986545,-0.0061476762608924,0.0017764828099162,0.0,-0.0082729546158554,0.0105337015883228,0.0002183302909646,-0.0017294317845515,-0.0027322682924342,-0.0030035743894317,-0.0024152328737345,0.0057496136012364,-0.0121856407937759,0.001035824086216,0.0211453900395481,-0.0230472112990669,-0.0073107206388999,-0.0266957581980363,-0.0048859934853419,0.002600312964859,0.0252070579762333,0.0143474370275396,-0.0072724477244772,0.0316091954022987,-0.0164713572959825,-0.037937770142968,-0.0087438369431237,-0.0147895335608645,-0.0105978482985663,0.0041505226376887,-0.0172088978071741,-0.0117545478633492,0.0060188942635457,-0.010772049390274,0.0126599697261593,-0.0015684122179911,-0.0037431768260484,0.0124545132867071,0.0187990581823516,-0.0028147374612146,-0.0022779043280182,0.0034945090575031,-0.0040820937289797,-0.017128064072486,-0.0406336708916265,-0.0232244659096139
2025-07-09,-0.0052275720296791,-0.0170088353096309,-0.0094228504122497,-0.0027639001261717,-0.0439275750966169,-0.0075400632484098,-0.025001163061177,-0.0105523228964625,-0.0114790548363329,-0.0159285628092192,-0.0318015378982058,0.0039022360790172,-0.0116193628578687,-0.0120434157704317,0.0602150537634407,-0.0327315298579666,-0.0281384411303613,-0.030849614747563,-0.010539921497068,-0.0406386066763424,-0.0253703894086334,-0.0257985257985259,-0.0450819672131147,-0.0089105293376381,0.0046741184512082,-0.0097923979215474,-0.0154314875466524,-0.0164725508140033,-0.0362295833338481,-0.0081421169504071,-0.0149931663636168,-0.0150440251572326,-0.0080528930950725,-0.0054218317986699,-0.0053322697428974,-0.0021327293051714,-0.0159563932228181,-0.0178095217035578,-0.0135470252802795,-0.010399199562724,-0.0201494597164151,-0.0219880585621199,-0.0207335268180045,-0.0095279075485615,-0.0069773542988875,0.0051847693273008,-0.0211147404628434,-0.0393340716658925,-0.0110317190276361,-0.0137304674622534,-0.0180032733224223,-0.0129716981132074,-0.0145291207515494,-0.0061489237737538,-0.0097727941518112,-0.0118384401114205,-0.0268674689374213,-0.027467582492746,-0.0374877178179072,-0.0127020785219399,-0.0248156135248084,-0.0154936272616535,-0.0051986961647825,-0.0073455651554866,-0.0206722515521936,-0.0047916780429203,-0.0170450852845081,-0.0182606811543029,-0.0106946504793775,-0.0164003037572704,0.0091052855071969,-0.0039541630054046,-0.0319634703196346,-0.0098945525113335,-0.0077387888099486,0.0038026944806606,-0.0123102862497047,-0.0276339793603458
2025-07-10,-0.0060138358586062,-0.0050090685745004,-0.0285617219539421,-0.0070523022107238,-0.0137834622248661,-0.0283199908344909,-0.0111892583120204,-0.0128040574704596,-0.0134490354093604,0.0022717738552389,-0.0127829359151333,-0.0087452784733336,0.0241302882711373,-0.016615943725405,0.0091277890466532,0.0141038080281676,0.0,-0.0113896806821668,-0.0106425895687253,-0.0302571860816944,-0.001488478938609,0.0504413619167718,-0.0128755364806868,0.0076063077432362,-0.0155079090336071,-0.0101430173634703,-0.0028468869909641,-0.0025922657776281,-0.0369518652827823,-0.0097014925373134,-0.011149016901539,-0.0074941705329455,-0.0214082503556188,-0.0116708129497603,0.0053608552692456,0.0053211090311455,-0.0014748063590863,-0.007078275278268,-0.0126289471162838,-0.0008753165416104,-0.0140222018195476,-0.0237124538295352,-0.0307960937017119,0.0,0.0118886346900803,-0.01237488227435,-0.0211497610196496,-0.0245568364943598,-0.0178598733906234,0.0680203894041948,-0.015,-0.0142705429443781,0.001700572395149,-0.0024741243686345,-0.0036911911911912,-0.0180878552971577,0.0034049545604293,0.0094169208445615,-0.0160393572722133,-0.0198830409356725,0.0246437523004925,-0.0223764617125613,-0.0090769406666463,-0.0131279921017827,0.0083300931204239,-0.0052537002235908,-0.0121414661120862,-0.0029999223453345,-0.0020447563886748,-0.024591710058211,-0.0121114504961389,-0.0073717348350725,0.0188679245283018,0.0229460181376479,0.0137641135422459,0.0100988234985421,-0.0052369211942341,-0.0092561823267147
2025-07-11,0.0052949584199584,-0.009614122256895,-0.0686450839328536,-0.0027912451467473,-0.0221976921638527,-0.0241637742356244,-0.0033006644758747,-0.0036010621951507,-0.0055784148397975,-0.0022666245967404,-0.0055356561380658,0.0007354126370084,0.0066485753052916,0.0022502479807284,-0.0190954773869346,0.0009271771401517,-0.0398726061959714,-0.0036632286155573,-0.0035921632589659,-0.0046801872074883,0.0160142418373536,-0.0096038415366146,0.0173913043478262,-0.0116630701800234,0.0082724417931077,-0.0107431728335842,-0.0128630834160873,-0.0167885272086362,-0.0135419328733281,-0.0022607385079125,-0.0078074715974244,-0.0026127920847235,0.0,-0.0063013143223975,-0.0112536049579676,-0.0147938537329189,-0.0029539692508082,-0.0182617134357597,-0.0047109435287486,-0.000876083391895,-0.0066346398036061,-0.0031551708753457,-0.0082266473223537,0.0038478247377893,-0.0090769709359167,-0.0240064756497826,-0.016104457435313,-0.035977074305176,-0.0196948466448699,-0.0926218605742899,0.030456852791878,-0.0133324355262272,0.0039652864052492,0.0120958370133277,-0.0074254317111459,0.0220095693779904,-0.0133814081709873,-0.0121967318919236,-0.0034875882887371,-0.0286396181384248,-0.0415675943823876,-0.0075086430423507,0.02386969320043,-0.0033929018040421,0.0027581158539373,-0.0048355810511413,0.0023425330996886,0.0010043494480176,-0.0046823974891676,-0.023507242857207,-0.0122599361053649,-0.0234116766193686,-0.0069444444444445,0.0130243768916755,-0.0158426701382838,0.0031269685614645,-0.0037577662224885,-0.0740494874464562
2025-07-14,-0.0007512844540665,0.0,-0.0315685012337731,-0.0150094829907807,-0.0137350943535899,-0.0087373508533454,-0.0217577597350722,-0.000727560300514,0.0037375443451834,0.0025557455871438,-0.0241727339265764,-0.0056323424303128,-0.0126095161072919,0.0202350386264151,-0.0235655737704918,-0.0129684559062644,0.0113298582690732,-0.0112982162008899,-0.0090030399875282,-0.0156739811912225,-0.0296906168408568,-0.0060606060606061,-0.0213675213675212,0.0048577796245232,-0.003124590527451,0.0005016093299334,-0.0043383266005438,0.0221238783134174,-0.0088824781884763,-0.0060422960725076,-0.0067728281590583,-0.0058220893347701,0.0007579454486934,0.0190153176586591,-0.0023954920067522,0.0,-0.0044440815564783,-0.0086193755802835,-0.0103694899752311,-0.0026305547610228,-0.0057202509666905,-0.0085466413167627,-0.0017168485861719,-0.0210819165378669,0.023707548967945,-0.0283404719435576,-0.0314356742747646,-0.0111919639326109,-0.0038672278249821,0.0063808505501328,0.0295566502463053,-0.0011601719784344,-0.0107135455618527,-0.0131782259096321,0.0062315150173184,0.0042134831460673,0.0087862585351501,-0.0101644578089616,0.0157696606081996,-0.0073710073710073,-0.0054555081594652,-0.0205425663434698,-0.027378321624504,-0.0023296116366942,-0.0032980283526152,-0.0035380735512836,0.0011654940905805,0.0010012941060839,-0.0035299149118159,-0.012250725371897,0.0092495978705104,-0.0269025313062936,-0.0163170163170164,-0.0114281604335663,-0.0064369971096007,-0.0308420381382129,-0.0055359838953196,-0.002158327673383
2025-07-15,-0.0015117830146732,0.0115530901712057,0.0380535630210208,0.0147204681696417,0.0287034054410746,0.008814365053366,0.0106358232740915,0.0007280900299149,-0.0006149729006447,-0.0104769507084414,0.0133430708801294,-0.009113917643188,-0.0237050283600325,0.0066130820399115,0.0,-0.0037539561306296,0.0112029306525813,0.0039867834543809,0.0118083139969324,0.0159235668789807,-0.0124698374396748,-0.0146341463414633,0.0655021834061135,-0.0013833754360639,0.0344832815991427,0.0292876540630875,0.0276115750753831,-0.0181168604292691,0.0057028966467402,0.0235562310030394,0.0076998533599588,0.0093705059584692,0.0211026497624136,-0.0069987237130773,-0.0108118195956453,-0.011816355383585,0.0115288631650478,0.0068631973274067,0.0093381435367192,-0.0022002613985763,0.0009535033211913,0.0025532314448328,0.0034396024489453,0.0234937476316785,0.0047368449874323,0.0203625861595213,0.0337891051248231,0.0125851564478929,0.0271517741125451,0.0142573171567619,-0.0287081339712917,0.0015473530215583,-0.0114003448945886,-0.0077625297535937,0.0346898036811744,-0.0181818181818181,-0.0043548662864959,-0.0198100753097901,0.0034512510785158,0.0,0.012340730992403,0.022811167827005,0.0103117838057802,0.0026055756471223,0.004407562173438,0.0150832498980235,0.0367370201723167,0.0110114000617767,-0.0053136290260588,0.0456334219238121,0.0233884810993862,0.0018063606956411,-0.0047393364928909,-0.0261920118296654,0.0060174337846408,0.0054642436064007,0.0035425101214574,0.0267122458857695
2025-07-16,0.030896784013991,0.0063960404024114,0.007843974280302,-0.0033078413612025,0.0002766537662914,-0.0036399335447818,-0.0009549367782881,-0.0043416370106761,-0.0024884537100274,-0.0028624681631737,-0.0037593252692883,0.0203826731952523,0.0043555468553371,0.0131337661694006,-0.0451206715634837,-0.0094102319987974,0.0,0.0150858924086199,0.0134682097775704,-0.018808777429467,-0.0015271715978233,-0.0099009900990099,0.0204918032786887,-0.0276757212551949,0.0090897095691184,-0.0002435460301997,-0.0028267682664535,-0.0007186489399927,-0.0386177321016666,0.0319227913882702,0.0004370553396491,-0.0031913027169934,0.0,0.0039146505376344,0.0036412346238019,0.0032680230719417,0.0283083338159495,0.0063629127795052,0.0124146810226424,0.0048484220247462,0.0057583833713299,0.0035049043445685,0.0048560671953885,-0.0076514871035417,-0.0015696875885674,0.0010771663649074,-0.0258054153281321,0.0074519768804393,-0.0181219877531062,-0.0109312698519971,-0.024630541871921,0.0011597250368182,-0.0086480908786594,-0.0050088953961718,-0.0011849061189767,0.0064102564102563,-0.020160410521637,0.0329290223837763,-0.0257895860624284,-0.004950495049505,0.0024404223762504,-0.0035974154490948,-0.0044137884738025,0.006447306758311,0.0087829523480886,-0.0131101876798028,0.0044973916298218,0.0003965684687601,0.0026726172651074,-0.0114422292280731,-0.0004703251242401,-0.0126025435270497,-0.0452380952380953,0.009088669552856,-0.0064451588364325,0.0022389274408129,0.0365503688569335,0.0035210230118742
2025-07-17,-0.0160770946561528,0.0086241004041607,0.0077829252150893,-0.0005119149645973,0.0049692725714389,0.0043884248662251,-0.0067056522570304,0.0,-0.001864217198251,-0.0002870685408762,0.0188675556250732,0.0160780396957112,0.0,0.0113491830544956,-0.0153846153846152,-0.0057058454565688,0.0073718353763849,-0.0080838543132241,-0.0097415983508318,-0.0111821086261979,-0.0030670648752646,-0.0112499999999999,0.0040160642570279,0.0,0.0082571784180116,0.0164352415753146,0.0014173907684722,-0.0100718118438922,-0.0012630245001407,-0.0100719424460432,-0.0015290254200477,0.0049494584727991,-0.004429993903678,-0.0031128144193597,-0.0108903384276055,-0.0184034345071902,-0.0443310542658361,-0.0063226821047404,0.0040124965854757,-0.0118445299934822,0.016207817638107,0.0130050541308905,0.0150599523447529,-0.0096381047133441,0.0015721553813567,0.0086195054945052,-0.0388501816023403,0.0110952835243534,-0.0030826627883081,0.031584701320442,0.0134680134680134,0.0050103011792244,-0.0069794457954494,-0.0100682214604644,-0.0012015209125475,0.0214673271998111,0.009317506561842,0.0152172946702426,-0.0164733618453007,0.0012437810945276,0.0097290829138323,0.0180520178533871,0.0127466019362922,0.0009783033022441,-0.0108814911386195,0.0004395726428496,-0.0111960502337604,-0.000396411264552,-0.0062173436912909,0.0030041814958658,-0.0037715737137397,-0.022476784997345,0.0049875311720699,-0.0018369809478261,-0.0222297970528082,-0.0019157405596746,0.0235904534773787,0.0070026571927712
2025-07-18,-0.0104009514914948,-0.0247523523424118,-0.0566865428563924,-0.0045980848027253,-0.0192344332646822,-0.0560456394273941,-0.0231446069117988,-0.0232325398527414,-0.0224599293670197,-0.0146446996172409,-0.0518508568248546,-0.0330859890813772,0.0037240966455285,0.0010695129685165,-0.0758928571428573,-0.0076514519444049,-0.0512670402274817,0.0036817193691123,-0.0062645842814125,-0.037156704361874,0.0038436071768868,-0.011378002528445,-0.0439999999999999,-0.0056988880973766,-0.010423071011374,-0.0282406889609663,-0.0382461538461538,0.0104176217916616,-0.0395162575091323,-0.0050872093023256,-0.009397024275646,-0.0089804989702924,-0.029647697583279,-0.0117430792217166,-0.0146782132743755,-0.0077226572057744,-0.0115978470121399,-0.0300005553087515,-0.0186516746039548,-0.0039907562506821,-0.0196983977379828,-0.0178521439935934,-0.0181971510114947,-0.0194428747828635,-0.0167651354945606,-0.0528809596767786,-0.0298583541636032,-0.0390213007961948,-0.0316355332847039,-0.0275542308329193,-0.011627906976744,-0.0318382681385999,-0.0149336145149616,-0.0152525307499727,-0.0216077111662681,-0.000230946882217,-0.0036546004249059,-0.034254772607858,-0.008371628010624,-0.022360248447205,-0.0417550854804389,-0.0493127206925968,-0.0210666481725501,-0.0160933366538077,0.0011027300725583,-0.0283284153662575,0.0067948702851019,0.0021770799611524,0.0068508422981343,-0.0393196526306796,-0.0132516880901085,-0.0242390116259813,-0.0272952853598015,0.0047873460100438,-0.0412119001775265,-0.0108656308010081,0.0066516402479359,-0.0744598652943405
2025-07-21,0.0075096391178797,-0.0036912580825823,-0.0136726908189691,0.0028242054934697,-0.0044835444052826,0.0100247821568471,-0.0197424589161854,0.002228077023159,0.0006391862880645,0.0040798619735007,0.0019429658564229,-0.013142003964513,0.0240856068907167,-0.0149410785708534,0.0181159420289855,0.0096380600840766,0.0,0.0034040043133771,-0.0008964065788448,-0.0218120805369127,-0.0107184800270274,0.0217391304347827,-0.0334728033472803,-0.0007164439460486,-0.0094067623845996,-0.0002466314257763,-0.0220910516044406,0.0062335958005248,-0.0026362374022785,0.0080350620891163,0.003310119831859,0.003507136153668,-0.0053534429264083,0.1488512337028071,0.0316582656105339,0.034444495815803,-0.0151404335832227,-0.0046848239374467,-0.0045243914087816,0.0062364218470098,0.0105224924953797,0.0108453687100649,0.0116917830610163,-0.0178647656450099,-0.0010643015521063,-0.0146668504017205,-0.0265133526659864,-0.0355351114339129,-0.0103574762146494,-0.033068828117018,-0.0100840336134454,0.0043583395467821,0.0026760407264896,0.0019378238341969,0.012264209674407,-0.0122430122430122,0.0046337017741335,0.0354697819220481,0.0018099327652492,-0.0648030495552731,0.0005574373720633,-0.002277638499334,-0.0067076436532428,0.0047899673346196,-0.0060485579273259,-0.0191347476545654,-0.0078777458067234,0.0077061916029363,-0.0005905556036986,-0.0489293772880055,0.0098322941775528,0.0025458939821854,0.0229591836734692,0.0273102914387981,0.0004922608758888,0.0016148471938253,-0.0094405977341592,-0.0127822450442219
2025-07-22,-0.0014971378247469,-0.0152847688887752,-0.0138339920948616,-0.01100557773518,0.0129474698227931,-0.0022874058127018,0.0015099901567194,-0.0051926977687626,-0.0031869467106404,-0.0229252349086255,-0.0077971922028077,-0.0030155631977362,0.0217177839327675,0.0102898376952507,0.0367734282325029,-0.0123997156494363,-0.0077574047954867,-0.028450094456028,-0.0171152720889408,-0.0154373927958832,-0.0027117017859829,0.0713391739674593,0.0043290043290042,-0.020768391521197,-0.0235491268301287,-0.0260918188620907,0.0045311043135458,-0.0088172654683694,-0.0067522421623658,0.0,-0.0070386248918192,-0.0119390658257904,0.0030770857565824,-0.008265562620139,0.0174498317337654,0.0096689609963946,-0.0038422885833175,-0.0117719801946978,-0.0086358817375676,-0.017272318363675,-0.0151489523648434,-0.0138806103328277,-0.0135302950624401,0.0161686406606542,-0.0069308798721477,-0.0028639356921785,0.014105558150397,-0.0131646840615281,-0.0064367207472553,-0.0016377852916313,0.0118845500848896,-0.0102538441661779,0.0103755408862638,0.0096600370266943,0.0048431734317344,-0.0042095416276893,-0.0086470975997517,0.0021454842664485,0.0108399769620177,-0.0312500000000001,-0.0005571268087593,0.0060942900817546,-0.011254899946935,-0.0100713406432539,-0.0088395181544554,-0.014398089960159,0.0056707989224304,0.005098841390972,-0.0124314759447247,-0.0023380356562743,-0.0106870007472918,-0.0057154078999938,0.0598503740648379,0.0258695529733476,-0.0128372145033687,-0.0222563366874257,-0.0154862581878398,-0.0129477463103311
2025-07-23,0.014183999101974,0.0171152189481769,0.0252791296879473,0.0036228821586896,0.0313953452815245,0.0244813771766292,0.0160908538907242,0.0164015985645542,0.0159926444980009,0.0032674884895291,0.0294794275127752,0.0178943225017869,0.0023595848191204,0.0284188379996763,0.0308924485125856,0.0222213081882591,0.0272743425728501,0.034388541354805,0.0174133055514214,0.0226480836236933,0.0019404494015589,0.0245327102803736,0.0474137931034484,0.0043850224821933,0.0089472997521051,0.0076581444830963,0.0164794007490638,0.0223547362085134,0.0118241491205974,0.0137681159420288,0.0188271449443295,0.0197475776489135,0.0160761535299016,0.008334451551341,0.0183327208134262,0.0244794971300408,0.0216030500330204,0.0166751546016734,0.0238410564758484,0.0112691935227431,0.0134605682635435,0.0163128062949262,0.0111435462168143,0.0337902863619836,0.0037550500393945,0.0120557601775739,0.0239805944485382,0.0400067832059127,0.0153966575347028,0.0212026600342205,0.0419463087248321,0.0263021577963706,0.0223010675377859,0.0204156892471907,0.0096549613648535,-0.0025833724753405,0.0096900900455787,0.0092553485865749,0.0178668889781865,0.0224403927068723,0.0120107953991617,0.0045460376511337,-0.0011397441779269,0.0077203764163626,0.0061330210586902,0.0179072584218766,0.0090209433597299,0.0095599169188203,0.009888916349068,0.0389122143995421,0.0290460894605864,0.0389778446743447,0.0258823529411764,-0.0013914893858705,0.0110048199185541,0.0128658699631816,-0.0801067124528641,0.0038633442983342
2025-07-24,-0.0066251867780878,-0.0134750397975427,-0.0164465417585792,-0.0085090317709241,-0.0164309644519553,-0.0201640067832833,-0.006927950329432,-0.0102711421028558,-0.0125940957891705,-0.0056254626202812,-0.032451994383689,-0.0230266672772512,-0.0123718838854723,-0.004694761799851,0.0066592674805772,-0.0047278945780103,-0.0038052408544496,-0.0090912691521416,-0.0144138872635068,0.0051107325383306,0.0050370249816908,-0.025085518814139,-0.0123456790123457,-0.0094686464985817,-0.0385504896523941,-0.0331649112222752,-0.0176860722181282,0.0009413166109863,-0.0388551261587125,-0.0092923516797712,-0.0086956736736439,-0.0130065424475565,-0.0128130641379453,-0.024804081029129,0.0034826439222148,0.0,-0.0120841248626804,-0.0196791229551602,0.000896941636538,-0.0017865990776383,-0.0132817878515065,-0.015737571805565,-0.0093247496514334,-0.0230662611969629,-0.0005344289126043,-0.0311933238935918,0.0154527372135095,-0.0333315215914341,-0.0055929145481384,-0.0047846889952153,-0.0209339774557165,-0.0155335179965919,0.0011466872968453,-0.0015626986835853,-0.0095626344982269,-0.0040028255238993,-0.0090200851851625,0.004235300908389,-0.0198984161402846,-0.017832647462277,-0.0071757301395717,-0.004525464718136,-0.0011381559562532,-0.0177570894953499,-0.0049909255898366,-0.0240738322232378,-0.0167594195489771,-0.0048314424827334,-0.0038575849199986,-0.052347393315414,0.0034991780613651,-0.0079973779088824,-0.018348623853211,-0.0155002312901439,0.0074228860180838,0.0016279974953883,-0.0468307451899598,-0.0007729157441327
2025-07-25,-0.0022204713129431,0.0014119399434189,0.0111287758346581,-0.0080636185231832,-0.0038342356246305,-0.0038091625374397,0.008470470644031,-0.0081562497466374,-0.0076514494011457,-0.0017865118356409,0.0039447328618731,-0.0025337551918543,-0.0149036884285513,0.0220034467674696,-0.0044101433296582,-0.0047503537497474,0.0114159215209652,0.0013097899109282,-0.0045714511883793,0.0203389830508473,-0.0188812151341197,-0.0210526315789475,0.0083333333333333,0.0007359352376992,0.0132326315244943,0.0028773237422541,0.0135033758439608,-0.009865979980781,0.0062300312187182,-0.0137085137085136,-0.0041677370758996,-0.0079049331790409,0.0198526552532292,0.0233198135021417,-0.0057842620120839,-0.0093475442892121,0.0038217276457035,-0.0019125204391498,-0.0022368890885424,-0.0013363815560255,0.0038428097594487,0.006075101131076,0.0042766690710909,0.0078561748263594,0.0160637201659845,-0.0210774435903177,0.0055367987951926,-0.0053133917150447,-0.0048079301984198,0.0224763954457094,0.0032894736842103,-0.0039456792351452,0.004587604305384,0.0012534562211981,0.0144747915232192,-0.0094562647754137,-0.0063925174420877,-0.0133492355443154,-0.0041783148465447,0.0013966480446927,0.0058360391332952,0.0015153458837111,-0.0156891665220662,-0.0139454115957915,0.0022271126178816,-0.0066414884864345,0.0068180341138033,0.0207766647421665,-0.0023823454303898,0.0114256505855645,-0.0004663505583186,0.025421264785568,-0.0186915887850467,-0.0146813017523589,0.033888125809806,-0.0016253514273355,-0.0016565056269959,-0.0469184346018419
2025-07-28,-0.0304379038047379,-0.0098748089079867,-0.0192610062893081,-0.0138960659310156,-0.0332701920865661,-0.0283130379596208,-0.0148265016131153,-0.0082151469326031,-0.0077174422591184,0.0005965697240866,-0.0176713695311386,-0.0221020149226456,-0.0157408603100596,-0.0081993419899132,-0.0055370985603542,-0.0105006600995225,-0.0150637311703359,-0.0201554338914664,-0.0100994035785288,-0.0265780730897008,0.0051041039141093,-0.0442054958183989,-0.0330578512396694,-0.000735394035315,-0.0328435476953866,-0.0153996387739053,-0.0237022495414024,-0.0035574405769269,0.0006041554996321,-0.0204828090709582,-0.0151953835287753,-0.0112178698050029,-0.0209604286892003,-0.0041487320437691,-0.0221201323952323,-0.0188714906732963,-0.0148527917969718,-0.0124527657914623,0.0067257119372727,-0.008048135881591,-0.0181995102599472,-0.0209780149827549,-0.0210145598370677,-0.0039079735266309,-0.0163360176297425,-0.0209340593015203,-0.0197248312621446,-0.0426635388550513,-0.008071265796561,-0.0329649810731441,-0.0245901639344261,-0.0162364267507792,-0.0005685515010368,0.001248539744066,-0.0225788449646309,-0.0100238663484487,-0.0058476383740915,-0.0178043487759055,0.0101907751750784,-0.0334728033472803,-0.0279137479956114,-0.0037826327123677,-0.0115908389769505,-0.0047470066802437,-0.0066664908278054,-0.0023899571903285,0.0355493483401891,-0.0079902973572348,-0.0056736071958577,-0.0395479386219164,-0.0058143390363591,0.0217622456936272,-0.0071428571428572,-0.0096955886146702,-0.0014253365676818,-0.0018784586485252,0.0203187364579768,0.0225977715029674
2025-07-29,0.0099544235483817,0.0075999415790353,-0.008445462353278,0.0050516393123543,0.0139351009919213,0.0007919272406642,0.0005030232725258,0.0,-0.001939077704132,0.0047697123267251,0.0019895960705478,0.0059747554568363,-0.0036874123894293,0.0273855080903455,0.0011135857461024,0.0077178866127507,0.0152941176470586,0.0045408251202581,0.0157655848329048,-0.0085324232081912,0.0101604739091345,0.0012499999999999,-0.0085470085470085,0.007351353080929,0.008182226093383,0.0310264624566638,0.0106307583274272,-0.0045233341652108,0.0375848371353988,0.0059746079163554,0.0194557971917528,0.0080614287092688,0.0152937709197311,0.0006992954969833,-0.0053576492928396,-0.0053494954284782,-0.0027035804173094,0.0053322537165314,-0.0042313893405683,0.0027028719821542,0.0029297406798307,0.0058445375064286,0.0058009104070746,0.0,-0.0064255819526412,-0.0012199553548252,0.0210554171389198,-0.0278548653755313,0.0040684706059264,0.0081096736821779,0.0117647058823529,0.0161025675370229,0.0162752989635526,0.0131183931639933,-0.0024381211036356,0.0118129218900675,0.0021578568066218,0.0043445703990925,0.0,0.0014430014430015,0.0085299416143946,0.0011411075976068,0.0090900983918433,-0.000281730517346,0.0151085679387692,-0.0047863641137724,0.0010936765097553,-0.0057524863437229,0.0021018603908482,0.0411763795531574,0.0070180119444371,0.0112453801228602,0.0071942446043165,-0.0061632278499748,0.0042821131555133,0.0003289250593421,-0.0040822941319466,-0.0055307996924578
2025-07-30,-0.0030302042944185,0.0099032453447498,0.0425003609065974,0.0097873303976308,0.0300154661612122,0.0031488868766469,-0.0025035912169094,0.0143163273716311,0.0162209897912324,-0.0023735350838154,0.0319357974641651,0.0103313571151817,-0.0185191602614307,0.0105670690047825,0.0,0.0047867356499775,0.0413286983391272,0.0159567498767758,0.0146113846214683,0.027538726333907,0.004254955987418,-0.0087390761548064,0.0301724137931036,0.0043833875962835,0.0056810744299289,0.0161998808206351,0.0135033758439608,-0.0239206961027022,0.1092535389156756,0.0111358574610243,0.013379102854192,0.0225057352727764,0.0210763122155528,0.0076199680333048,0.0161595249459178,0.0182652483537439,0.0093009435267874,0.0159217369524753,0.0216959708140824,0.0112388164406729,0.0116738700779706,0.0087140399764802,0.0115381498111555,0.0294247927608681,0.0070055977474392,0.0250721172587644,0.0096284560240198,0.0515814567927479,0.0,0.0241507199944281,0.0049833887043189,0.0083212153917766,0.0112401928942824,0.0101733730192776,0.0170776227454134,0.0178699070764831,0.0117387382519091,-0.0216584112735943,-0.0142414897685982,0.0086455331412103,0.0033818890617409,0.0087211285694219,0.0011606395890038,0.0191729620693745,0.0060620328409157,0.0149105967253977,0.0059888374409888,0.0063651340422345,0.0083898073596171,0.0127136069285689,0.0169567305303945,0.0076089735993563,-0.0142857142857144,-0.0178775675546871,0.0312629055355027,0.019640877703841,0.0073816163803988,0.0460387397123618
2025-07-31,-0.0524707497222041,-0.0051363016577642,-0.0108843160605975,-0.0094298705015594,-0.0283225837389407,-0.0133366946140898,-0.0100497860434496,-0.0044609846668887,-0.0083008321688531,0.0020817843866169,-0.0444769597723035,0.0002547891160391,-0.010062777609084,-0.0174226148445285,-0.0300333704115683,-0.0161872326623285,-0.0035855588526212,-0.0075905290340806,-0.0063040767012237,-0.0067001675041875,-0.0038524885376326,0.0100755667506295,-0.0125523012552302,0.0014547524548949,-0.010490966835008,-0.0131604299129618,-0.0014803849000739,-0.0215603808382294,0.0578353425640931,-0.0124816446402349,-0.0116884779376287,-0.0133227846190082,0.0125390894691954,-0.0130662535045006,-0.0082471208276398,-0.0116023877801838,-0.0126714497154771,-0.0156722081764257,-0.0039404691592913,-0.0368911464099553,-0.0048088792520475,0.0025597671227419,0.0025671924977725,-0.0190558150971231,-0.0042832873812904,-0.0292315005545872,0.0263238193028427,-0.0381494209720737,-0.0032365959996005,-0.0251623652623347,-0.0165289256198346,-0.0058952580554227,-0.0055591077010515,-0.0039689150652176,-0.009596958174905,-0.0124063670411985,0.0034799400152014,-0.0059004172545704,-0.0042135257206946,0.0157142857142857,-0.0269731157426416,-0.0063898017808688,-0.0104454160806444,-0.0059619097515305,0.0043875043875043,-0.0180091407406672,-0.0379248255683096,-0.0005757007296124,-0.0086166864454878,-0.0097653096669714,-0.0038823794868931,-0.0029030001795032,0.0579710144927536,-0.0070583858516869,-0.0257229040981902,0.0105920722362038,0.0070545902182661,-0.0182153415773913
2025-08-01,-0.0136500819177372,0.0107945177246495,0.0164921319370554,0.0018497171809237,-0.0117702941956656,0.0007912370496749,-0.0685273122123049,-0.0014936580747318,0.0019348461586994,-0.0077129058802897,0.0,-0.0015335973361624,-0.0025394832579571,-0.017731544718762,-0.0137614678899083,0.0009684631314328,0.0035984613475616,0.0005290890695148,0.0126881404128058,-0.0185497470489037,-0.0011577788520521,-0.0498753117206981,-0.004237288135593,-0.0065368765098764,-0.0004104075136146,0.0058997300555168,0.0,0.0067593926025848,-0.0199599533161562,0.0059479553903345,0.0074477412669629,0.0076296863045142,0.0291395509741594,-0.007662462902466,-0.0469111351670522,-0.040559544075198,0.0066131028482498,0.0159217369524753,-0.0259339057697792,-0.0032265544444061,-0.0009707376527563,-0.0039074914049634,-0.0060451065326151,0.0080628315996156,-0.0102144703131468,0.0135215424090675,-0.0092873120593481,0.0226685882423587,0.0154341855942035,-0.0128884858209213,0.0067226890756302,0.0138371758517239,-0.0142493138778254,-0.0131742064975697,0.0762757413350943,-0.0284427589476178,0.0073247025491112,0.0170700791644844,-0.0126940639269407,0.0056258790436005,-0.00750726636625,-0.0230807425560199,0.0055722067603891,0.0051680469272326,-0.0103675228609703,0.0111034913975673,-0.01672125394783,-0.0078606863797738,0.0023973404808992,0.0370897376989243,0.004357552858097,-0.0145634684147794,0.0022831050228309,0.0054245792082232,-0.0004697492179743,0.0031778720100532,0.001886114107138,0.0054154254630229
2025-08-04,0.0097650956839501,0.0,0.0216235572817673,0.0002646068952396,-0.0002840288398515,0.0071484455425159,0.0201630895542366,0.0095230310213758,0.0076544712887358,0.0032865557100083,-0.0101317335123343,0.0025590447635579,0.0101909461488951,-0.0108289012842133,-0.0023255813953487,-0.0038701044722352,-0.0144246620507748,0.0079073996190099,-0.0071553752456937,-0.0034364261168385,-0.0224544079129317,-0.0223097112860892,-0.0042553191489362,-0.002240976493587,-0.0097906588692315,-0.0050971754559187,0.0222548103264896,-0.0077098852389557,0.0120177247489543,-0.0022172949002217,-0.0050018049024116,-0.0023295863541519,0.0063624760067424,0.0042111131199902,0.0112160147653865,0.0066805523412791,-0.024343034296937,-0.0170934386526347,0.0270751286608812,-0.0199070476492162,0.0077410578366063,0.0115436767190435,0.0105942288147586,-0.0019270617488602,-0.0032553407934893,0.0230426324130021,-0.0102651309459164,-0.0055488682070402,0.0111962383269761,0.0065372179720488,-0.0066777963272119,-0.0140374629606359,-0.0034001793700306,-0.0015520261086019,-0.0191336358188511,-0.01244205903879,0.0193227682690391,0.0854029850746267,0.0067338821570623,-0.020979020979021,-0.0002919013246609,0.0205272822665267,-0.003208293660885,-0.0026654108325403,0.0005493104192415,0.0052464117934549,-0.0070425467371715,-0.0187489138505774,-0.0002985452409617,0.0090563484955314,-0.0009137664849985,-0.0130022300336395,0.0,0.0079998055743455,-0.0070762526302298,0.011080759355027,-0.0029591025527782,-0.0253693490600218
2025-08-05,-0.0040258346031306,0.0023193577163247,-0.0449741156169112,-0.0036945995832802,0.010212332851492,-0.0078827079227756,-0.0053416291695598,0.0022267206477732,0.001916440420228,0.0113280667759725,0.0102354362245438,0.0010231037820735,-0.0031574103571555,0.0573495315729286,-0.006993006993007,-0.0058277105570423,0.0146357782052355,-0.0209250594461917,-0.0090111176126389,0.0241379310344829,0.0003952486946392,-0.0281879194630872,0.0085470085470085,-0.0067380292459141,-0.0028865014857774,0.0076849346441263,0.0089225191140538,0.0007517973796578,-0.0172498489933305,0.0,0.0008746841073377,-0.0008767763854892,-0.0217938539589102,-0.0041934540107874,-0.0036950764223491,-0.0044139283962726,-0.0075279595070643,0.017390705612142,-0.0041737548863471,0.0047218168137077,0.0105528176558817,0.0057059704809214,0.0110464709214621,0.0019307824859342,-0.0256174729536639,0.0011837970921411,0.0022523931677407,0.0027899149740198,0.0094951629948785,0.0178518141445347,-0.0016806722689075,0.0079100783607555,0.0079628400796283,0.0046666444762506,0.0263873736271729,0.0034584980237153,-0.0060071375879736,0.0087456340584692,0.0060824344438523,-0.0028571428571427,0.0066934744178519,-0.0098684210526315,-0.0023405448218781,-0.0090252795451337,-0.0033071246969013,0.0066478146549586,0.0059064197871054,0.0039405734158211,-0.0032914704173414,-0.0026911037774599,0.0031999441464294,0.0005999565988843,-0.0250569476082003,-0.0012919117883435,0.0118760118544973,0.0037590570896659,0.0016196013289038,0.0362813289936723
2025-08-06,0.0097097506063161,0.0166759904388953,0.0637210615471486,0.0855086904896864,0.0398769972494359,0.0111267710110525,0.0042929542781131,0.0,-0.0012751831343169,0.0132612045287063,0.0627412317502937,0.0155562485750151,-0.0082168043235872,-0.0187378144673588,0.0,0.019529179441875,0.0180514342235411,0.0144278529010826,0.0254585891985512,-0.021885521885522,0.0003950925348303,-0.0027624309392265,0.0,0.0067837382727928,0.0223165257445061,0.0488303773600788,0.0135466633333853,0.0095180441695597,-0.009413258897774,0.0148148148148148,0.0150627012560111,0.0023401221251233,0.0265947443955063,0.0238730187428433,-0.0111327474442081,-0.0122229064039409,0.00399368051394,0.0185195032461098,0.0152202506570833,0.012691503478226,0.0171004505698384,0.0179616390708416,0.0126098165186707,0.0154993783671779,0.0190170268728977,0.05210095660979,0.0153039419535454,0.0194456302533376,0.0094863824509978,0.0574104094091676,0.0723905723905722,0.0133383369092585,-0.00225755348538,0.0012357867953034,0.0011054578437903,-0.0204332840965041,0.0013218147573899,0.1866667575451892,0.0096742770167426,0.0014326647564468,0.0234179928875886,0.0072813860189273,0.0041063060491448,0.0165447587795783,-0.0243217899368513,0.0165097826622639,-0.0029358694163397,0.0127515836741238,0.0027030987933758,0.0409346758884487,0.0047834458440625,0.0215408363738422,0.0233644859813082,-0.0062828299491619,0.0,0.0202823436656853,0.0277402324585043,0.0129378377947482
2025-08-07,0.0048038844312821,0.0127558038907702,0.0312392175597844,0.0947022998109143,0.0283529436240055,0.0149414325190131,0.0112310967833744,0.0051787517673196,0.0076539286234724,0.0023272804207616,-0.0514181947377772,0.0118032922256714,0.0057356858476784,0.0030182917580916,-0.0152582159624411,0.0134157033049933,0.053194073354384,0.0352909557658267,0.021275779008282,0.027538726333907,0.0011889667214035,0.0124653739612188,0.0,-0.0037433495810634,0.0044482686691698,0.0053370786516853,0.0297218967749892,-0.0042192568617109,0.0066771279724935,0.0138686131386862,0.0395695242754066,0.0244895973929644,0.0294151674668827,-0.0020601414139928,0.0131301092124525,0.0146183336969734,-0.0373612154603889,0.0107217101578591,0.0047817982873241,0.0046456915677719,0.0149367299714398,0.0130059725946827,0.0177093209406424,0.0152832190662748,0.0197585572826843,0.0151958059097458,0.0013290199305695,0.0109018973633292,0.0118143527234435,0.0316725108048601,0.0266875981161696,0.0104537330735665,0.0070711939983729,0.0055657583428467,0.0167475968684966,-0.0035184719778839,-0.0035816159738468,-0.0112404725938093,0.0149663227588203,-0.0014306151645206,0.0070605631199556,0.0121781293040263,0.0037963475701303,0.0192908952966361,-0.0209627120466704,0.0779598564918064,-0.0035298333631963,0.0488181931548037,0.006583627003589,0.0216066507190089,-0.0285663492884387,0.0216798106763076,0.0136986301369863,0.0063225534775055,0.0164302154372797,0.0073378980105016,0.0220132805839368,0.0217834404929606
2025-08-08,-0.0033586373528454,0.0044947372060517,-0.073222834199825,0.0353038055403525,-0.0703759685329741,-0.0023290927782061,0.0010554289642183,0.008833269032922,0.0107704597416191,0.0002902345953041,0.0120479420699988,0.011665599742918,0.0152221739656683,0.0045062528038066,0.0441001191895111,0.0085001508902522,0.0336715867158672,0.0160264730718848,-0.0026122909227588,-0.0284757118927972,-0.0039529794752337,0.0136798905608754,-0.0254237288135593,0.0075228242968838,0.0104613914948628,-0.0113359677483735,-0.0086532127672315,0.0092215716576338,0.009183931827656,0.0151187904967602,-0.0062066499148292,0.0130885547102179,-0.0054414505539791,-0.013742968156717,0.0117323614973945,0.0110745883509462,-0.0425271756804217,0.0004601954421867,0.0030264564404061,0.0083146833454375,0.0036766593749679,0.0100845679844341,0.0067961342977227,0.0056273489157305,0.0193757209896177,-0.0726159281613426,0.019918286375552,-0.0512219857446899,-0.0007805293408075,0.0994198270547133,-0.0076452599388379,-0.0061308634598147,-0.0794717836874021,-0.0614833803354536,-0.0164717348927876,-0.0027742749054224,0.0126792219175437,0.0028406120386184,-0.0949851771317898,-0.0988538681948424,-0.0070110610806577,0.0090237051301436,-0.0337517516041006,0.0008960361069363,0.0023134640863875,0.0103310245569847,0.0053165027361707,0.0081285008983436,-0.0014875190376623,-0.0745558389757696,0.0023338775878829,-0.063647086865378,-0.0045045045045045,0.0236566754313789,-0.0115469093191089,-0.0006067751316514,-0.0230785829697424,-0.0036738371958686
2025-08-11,-0.0048486098932274,0.0040320796188209,-0.079035796606404,0.019196073486333,-0.0579117209990612,-0.0093139701502149,0.0089806113952659,-0.0021909731904554,-0.0037608328337057,0.0104454138104987,-0.0039681723790528,-0.0033882324468634,0.0018724884459748,0.0014953458614548,-0.0776255707762556,0.0037504363872127,-0.0358099062918338,-0.0145225900429951,-0.0113056094665637,-0.0275862068965517,0.0075371333047078,-0.0202429149797571,-0.0130434782608694,-0.0037372943892975,-0.0143401771584766,-0.0024466066454034,-0.0087438460841463,-0.0246908698777857,-0.0079624936644703,-0.0134751773049645,-0.0164445180993866,-0.0154471139905629,-0.010951860780473,-0.0048815495368881,-0.002445652173913,-0.0010938093429546,-0.0038809714655761,-0.01336769130396,-0.004957826282918,-0.0036649419880839,0.0,0.0057480899576078,0.0062132717669294,-0.0018586246177829,-0.0133271806365843,-0.018527807585099,-0.0186632828853526,-0.0028303449106483,0.0007811390427496,-0.0319213182641705,-0.0015408320493065,0.0061686828118612,0.0045759897040231,0.0062236371987671,-0.005577813327293,-0.0103692463328274,-0.0020566369221912,-0.0152923798766182,0.007175070404968,0.0015898251192367,-0.0231655474092785,-0.0048460998556817,-0.0280031996678207,-0.0055561344840325,-0.0051915674698299,-0.0012776167772896,-0.0252793246127612,-0.0091618601533964,-0.004168672907827,0.0111646118842265,-0.0030255535980614,0.0012205708616446,-0.0135746606334841,-0.0010828806590832,-0.0074757158275665,0.0097205881427699,-0.023095820448448,-0.0169758812615955
2025-08-12,-0.0065049499818585,0.0182869792202322,0.0355215149413503,0.0081990616047891,0.0296864378254584,-0.0086214602039572,0.0073306004340487,0.0211992973490897,0.0232725134040923,0.0114827758362456,-0.0179382379654858,0.1311863969462945,0.0187038877766734,-0.0189244574938747,-0.0037128712871286,0.0186721785533283,0.0101045161787958,0.0048277650130081,0.0220026300242037,0.0372340425531914,0.0484469582559259,0.0399449035812671,0.0220264317180616,0.032208735544299,0.0222219905440554,0.041823833190332,0.0367159767820959,0.0106327695692716,0.0096830311297764,0.0208483105679366,0.0342862094530189,0.0368021323877207,0.0159098915537612,0.0070089245470115,0.007399289212115,0.0121667452435629,-0.0125566001709371,0.0289719937393853,0.019501702494165,0.0174774278576625,0.0219996111696629,0.0198570510050994,0.0206654304795501,0.0206030754444979,-0.0021658278027704,0.0182694484877892,0.0221139960925331,0.0014191892503963,0.0194501604421424,0.0137391201021894,0.0015432098765431,0.0241370381436112,0.0051601256547213,0.0026029869885495,0.0067337670657574,0.0035778175313059,0.0301512435871167,0.0120827083149501,0.0291215309008905,0.0238095238095239,-0.0046263008514664,0.0131073750777606,0.0381044220101645,0.106065874395675,-0.0081309209076889,0.0110898150211724,0.0120621949280059,0.0001851582441707,0.0038875782464362,0.0091955663384235,0.0021000558905019,0.0464881286099847,0.0068807339449539,0.0104824731396462,0.0240139872813822,-0.0087235023615767,-0.0163899167820174,0.0105139819445754
2025-08-13,-0.0089909134385461,-0.004381429663866,-0.0314201683119302,-0.0118681826977992,-0.0384386116719546,0.0039506901413068,0.0020799753169167,-0.0107353688572656,-0.0086080720725537,-0.0068101607210835,-0.0141881240147135,-0.0214274213746468,-0.0116264687693259,0.0121855305761824,-0.0136645962732919,-0.0018339674178128,-0.0401282883433241,-0.0096091393592127,-0.0249787880765679,-0.0119658119658118,-0.0154027687887733,-0.0172185430463576,-0.1077586206896551,0.0021836419753085,-0.0233197348291688,-0.0154923121149259,0.0042469397052125,-0.0177852495842693,-0.0005047457485607,-0.0232394366197182,-0.0225605555658989,-0.018159646505222,-0.0136176194939081,-0.0071018806555811,0.0073386533854018,0.0010818445449489,0.0052623824826658,-0.0109018784704082,-0.0063776794351574,-0.0149152738977874,-0.0116641135774286,-0.004720002134842,-0.0094677108227309,-0.0128499401644007,-0.0163040749027726,-0.0376813067427366,0.0043308031839253,-0.0426811801775995,-0.0007579038544824,0.002710582995121,0.0662557781201849,-0.007857354016586,-0.0048343074902799,-0.0074654618124946,-0.003337292833305,-0.0101858925388338,0.0,-0.0039814238966806,0.0012603392149164,-0.0263565891472867,0.0110413042996138,-0.0022175724035433,0.0179035562024005,-0.0239521473819295,0.0134590155969096,-0.0329089482361861,-0.0059592162361445,-0.0042521841794568,-0.0116175705248594,-0.0355514912111171,-0.0132835565850555,-0.0087712194362248,-0.0182232346241457,0.001394067425356,-0.025288385457877,0.004249273977597,0.0002747268150193,-0.0341787223445732
2025-08-14,-0.008247712137298,0.0057194751995053,-0.0118152847092778,-0.015125062991242,-0.0281666200055993,0.0118135950231046,0.0295635278753969,-0.0014542925341046,-0.0074424123123386,0.0094293964601597,-0.0144136460554372,0.0047394664558206,-0.0210584129367761,0.0,-0.0264483627204029,-0.0064209065499112,0.0,0.0163383132847616,0.0017691160157593,-0.0657439446366782,0.0320489953625953,-0.0606469002695417,-0.0241545893719805,-0.0029026123511161,0.0194280701937585,0.0121611490352364,0.016930551084316,0.0033155243020877,0.0186837582173351,0.0201874549387166,0.0010690628913745,-0.0050468890181214,0.0172546485885585,-0.0021488087635332,-0.0103253676929606,-0.0098161350844276,0.0030547985985482,0.0078061093322738,-0.0072710532344182,0.010553636613416,0.0,0.0035559517784786,-0.0013271142869071,-0.0204499383918279,0.0132560395242118,-0.0043507539546306,0.0146465250131018,-0.0074175564584711,0.0053403092735631,0.0108130223858786,0.0361271676300578,-0.0003763761252078,-0.0094083326325866,-0.0127566295605038,0.0033484676503972,-0.0018008747105736,-0.0305413087808194,0.0034254569221074,0.0075398657752081,0.0700636942675159,-0.011494180835929,-0.0051858355741265,0.0043993935970989,-0.0171982475259317,-0.0121227894744051,0.0191956165982138,0.0137895812053114,0.0009276754615612,0.0045230814514414,0.0089833383023543,-0.0245627791634897,0.0400962813527154,-0.0719257540603247,-0.0123852613445688,0.0037704410241075,0.0024160939397352,-0.0035508497376799,0.0030779395531346
2025-08-15,0.0016632605214497,0.0,-0.0059630655024491,-0.0006765670165093,0.0252413532932078,0.0233432580507211,0.0403056568166935,-0.0007202900156721,0.0012497028559785,-0.0176143128358594,0.0250519210799584,-0.0013464460193414,0.0006320618710451,-0.0200613546459996,-0.0116429495472186,-0.009246053213987,-0.0139220365950675,-0.0082882776705609,-0.0044102064778486,0.0148148148148148,-0.0118296315570762,-0.0286944045911047,0.0049504950495049,-0.0108875264466511,0.0242153568794558,0.0056527569860278,-0.0194258579753938,0.0002553361555996,-0.0421365206371294,-0.0049469964664311,-0.0021358424328623,0.0112699139997181,-0.0066035885413261,0.0100443487361738,-0.0042956085130004,0.0021979354564884,-0.0078260551933226,0.0027318475916606,0.0133594857674104,0.004995945952507,0.0009117247806795,-0.0106333950052432,-0.0034550824352208,0.0341658382194809,-0.0174490858403214,0.006869616534822,-0.0016990467215195,-0.0089961445094958,0.0106392806552935,-0.0320920550479936,-0.0013947001394699,0.0037730224969407,-0.0009207111024045,-0.0003334113657805,0.0055715821030599,0.0002577319587631,-0.0181877938012907,-0.0062575966409036,-0.0049910537715415,-0.0163690476190475,-0.0052337929941354,0.0026044642329439,-0.0026280742253396,-0.0109538367608965,-0.012271554951607,0.0089899098325461,-0.0366618687777378,-0.01075788504074,0.0149992837329235,0.0023396741894701,0.0208241377524727,-0.0028338882275812,0.0,-0.0018722278329995,-0.0197337618115265,0.0078396233484028,-0.0142512002565048,0.0007711400824157
2025-08-18,0.0024907480193254,0.0131270533535705,0.0119976739203624,-0.004761015003749,0.0334375888541371,0.0007648274013214,0.0203360428231564,0.0152241241376032,0.0199635053826168,0.0021356323043866,0.0427799586340804,0.0139472173889279,0.0037970730599441,0.0066523870329939,0.0405759162303664,0.0046661702655745,0.0353368293666802,-0.0040525042931589,-0.0035476293206769,0.0529197080291969,0.0007467291299034,0.0457902511078287,0.0344827586206897,0.0154181239070696,-0.0158919070288433,-0.0098386584070521,0.0141463056717294,0.0101627444959508,0.0144912873275171,0.0014204545454545,0.0034227556042856,0.0011123987441221,-0.0048798375267967,0.0063886093406388,0.0098636072801912,0.0099068304192631,0.0100783256173548,0.0109068706809625,0.0142453011963776,0.0004541150553634,0.0063458969272498,0.0071662447257383,0.007200819868629,0.0146744354854531,-0.0005526530193655,0.0049590042477527,-0.0046791959589175,0.0438200448286902,0.0030088819147151,-0.0082740904474579,0.0349162011173185,0.0048841480092212,0.0079770459766734,0.0062978995174567,0.006665729152018,-0.0314351971141457,0.0143231306387181,-0.0011470373079734,-0.0062653795192125,0.0121028744326778,0.0192862309949999,0.0126269374665954,0.0023412323962468,0.025590863907259,0.0136102649053106,0.0207895600060286,0.0263965584864311,-0.0136893916315571,0.0124168016551458,0.0070074714143493,0.0009493120507071,0.0153489104879172,0.0275,-0.0022504930966469,0.0009552601727067,0.0152536964811791,0.0122317265936624,0.0145520800725598
2025-08-19,0.0,-0.0202959289618781,-0.0563738091637684,-0.0170261011618126,-0.0458825471530163,-0.0478715441645721,-0.0602730942422873,-0.0328550585555009,-0.0342506750375759,-0.0194771660543622,0.0292861624400413,-0.0348354027780273,-0.0037827098343384,-0.0523610287047076,-0.0289308176100629,-0.0185681110726815,-0.0478064365308189,-0.0114462827175151,-0.0213326918450805,-0.0641247833622182,-0.0280364288996319,-0.0338983050847457,-0.042857142857143,-0.0180824319025761,-0.0204778503846583,-0.018455587572037,-0.0320797580633492,-0.0062882716591955,-0.0179819413438891,-0.0276595744680849,-0.0234547402376829,-0.0253188427661278,-0.0574657255969084,-0.0148145953393282,-0.0067122514271376,-0.0163394287939375,0.0047701924478786,-0.0229236062813427,-0.0293511910158931,-0.0117436863199573,-0.0306141947682311,-0.0274622703796925,-0.0290555315888906,-0.0144622107074496,-0.0016645764451033,-0.0209766838359611,-0.0337610462094059,-0.0072395969139684,-0.0329832235917765,-0.0668654558597632,-0.0229419703103913,-0.0235593747569794,-0.0136945442284498,-0.0105389348236165,-0.0132292132320072,-0.0196860867251928,-0.0244775176060915,-0.0057300546640185,-0.027111627523064,-0.0298953662182361,-0.0309612913512853,-0.048771873993379,-0.014597783836751,-0.0351669167208819,-0.0093417817942591,-0.0315870837748173,-0.0209380894903163,0.0077953814356088,-0.0082407659698504,-0.032480371643023,-0.0168252581586333,-0.0335937360125565,-0.0218978102189782,0.0007511974680691,-0.0105357907807764,-0.0011777952039936,-0.0222454611310458,-0.0135917721518987
2025-08-20,0.0024845596074043,-0.0013210870659285,-0.0188776000769206,0.0132307417549708,-0.034216972106688,-0.015962332536182,0.0030291282210332,0.0044289194727247,0.0031677822769466,-0.0093103413791838,0.0170874626396098,-0.0110333047086449,-0.0075799514542435,0.0155555915388809,0.0259067357512954,0.0378388175117805,-0.0071606857891075,0.0028305786994426,0.0163507295394658,-0.0148148148148148,0.0153821910834202,-0.010233918128655,-0.0049751243781093,0.0007438204182619,-0.013269837317397,0.0101232499700849,-0.0230520839562278,0.0005049183469636,-0.0116892822640075,0.0291757840991975,0.0170320622125139,0.007420592516304,-0.0029672698110371,-0.0007217936572383,-0.0129026146267525,-0.0044305724725943,0.0038860044890833,0.0133416377106143,0.0058315651814191,0.0068553391511692,0.0028427070040566,0.0040044248550032,0.0005515567689804,-0.0036882271006218,0.0,-0.0100805237052953,0.0446715934724541,-0.026234067207416,0.0077515118196811,-0.0014847809948032,-0.0179558011049724,0.0091907885043465,0.0083294983893233,0.0059901790995844,0.0055919702139106,0.0122116689280866,0.0158283972107575,0.0317028184866323,-0.0311107050324028,0.012326656394453,-0.0165705215068333,0.0208158236162903,0.0097788860181458,0.0030366276002844,0.0029429034783581,-0.0064391731312496,0.0164978471641421,-0.009809080483033,0.0039262039773182,0.0009573222753518,0.0002405468759589,0.0434503371785686,-0.0124378109452735,-0.0045077522672097,0.0004877353734189,0.001179184041302,0.0132035274751569,-0.0099533212492581
2025-08-21,-0.0033045358269688,-0.003091459721381,-0.0576897948516922,0.0064114804424142,-0.001278628635661,-0.0064918683462553,-0.0085600465880921,-0.0029395937577806,-0.0031577791202151,-0.0090849136596723,0.0018559690671822,-0.009530353587884,0.0057283844668525,-0.0089820518407891,0.037878787878788,-0.0319091138405416,-0.018051434223541,-0.0030783674722179,-0.0107186735157829,-0.0187969924812031,0.0291682086422258,0.0088626292466766,-0.005,-0.0058913734019747,-0.0024446664213239,-0.0007107657316148,0.0073756694720734,0.0146757628891804,0.0115640594617665,-0.0077958894401133,-0.0081581597143327,-0.0164337420593883,-0.0022421299228827,-0.003581478639038,-0.0055983160265392,-0.008900579608191,-0.000429103129291,0.0059013544925621,-0.0064412131504232,-0.0013636738635647,-0.0009414344978844,0.0015342845668819,0.0010994429284993,-0.0184109481146007,-0.002780823169339,-0.0171883346518719,-0.0016940117812873,0.0,0.0192336167460274,-0.0164376919347017,-0.0112517580872011,-0.0049323479159844,-0.0009193034157662,0.0023166269345074,0.0077711453992566,0.0053619302949061,-0.0347723589214674,0.0201106916227347,-0.0180587363599623,-0.0380517503805175,-0.0162427988399407,0.0007553836069766,-0.0108593784865299,0.0087393159461646,-0.0070464255594973,-0.015547853087456,-0.0096173771011349,-0.0036206775728223,-0.0009037275579627,-0.0124580642923334,-0.0113250699994846,-0.0116590123573694,0.0075566750629723,0.0084908037788937,-0.0029030756169036,0.0035364368948924,-0.0044358200291926,-0.0603284160044069
2025-08-22,0.0124330949588649,0.0245556219834059,0.0782430839631145,0.006840101677187,0.0578476061846677,0.0253076701708054,0.0411373323630315,0.0294987151706527,0.0329311627138253,0.0053752852330761,0.0707628181625208,0.0161935624887148,0.0215315257660118,0.0287885532250364,0.0401459854014598,0.0244826376709925,0.077226559221019,0.0211019752728676,0.0234786775275515,0.0459770114942528,0.0294434928527516,0.0483162518301609,0.0251256281407035,0.0155437152233968,0.0674009855332156,0.0336668405329791,0.0673532628508932,0.0030967282865981,0.0080549166898915,0.0221428571428572,0.0274898842048911,0.0299620292711062,0.0298984239590469,0.0222985728309295,0.0237804171867561,0.0336692024009752,0.0219433611842909,0.0153398754065825,0.016642519657001,0.0181796092914763,0.0348969659314486,0.0217520939860447,0.0280463033210152,0.0393981945837511,0.0250971993976214,0.0304439659027582,0.0576760349875336,0.0329223983372206,0.0490576136407081,0.0577457150838907,0.0668563300142246,0.0232652203395207,0.03248910177765,0.0286576595361198,0.0165120697362539,0.0146666666666666,0.0045271766518968,0.0224521561908601,0.0265676126191014,0.0806962025316455,0.0587138707601189,0.0233952227098999,0.0086054171115756,0.0200699979145697,0.017154970308705,0.0219365604756818,0.0212369230769229,0.0279160545153325,0.0165620919196103,0.0203780553283521,0.0309540120331208,0.0280003353333573,0.04,0.0250710299939398,0.0480347185980718,0.0099820608714158,0.044275760364449,0.061735951859579
2025-08-25,-0.0073682468623984,-0.0021680448220732,0.0189370800244348,0.0149957600195207,0.0105731090592926,-0.0007924976885484,-0.021952729487653,0.0035836404466249,0.0024534314705921,0.0116354081174281,0.0,-0.0011549503885682,-0.0043366583367557,0.0124328184704245,0.0175438596491226,-0.0009195132449034,0.0136367178368268,-0.0100801981749225,-0.0035255675303829,-0.0018315018315018,-0.0046460791899221,0.0111731843575419,0.0049019607843137,0.0029139154964505,0.0149258889865406,0.0200926648011376,-0.0054934107534226,-0.004827998045638,-0.0240982689502724,0.0461215932914045,-0.0033724636116574,-0.0027970437085474,0.0166922693071631,-0.001403425836331,0.0195578124410813,0.0151965248025796,-0.0075789399212038,-0.0119996199215409,0.0046759148790851,0.0022336663150708,-0.0036421853111867,-0.0068962047394637,-0.0050824862522912,-0.0017948816922066,-0.0016310662257573,-0.0037723503411807,0.0220545137953016,0.031888421246659,-0.0086369632874396,0.0014293038358164,0.012,-0.0022399107135937,0.0012135423744346,0.0059057958566668,0.0021713437594479,0.0034165571616295,0.0101917616593252,-0.0299925525157163,-0.0305241493598481,-0.0292825768667642,0.0,0.0070087531365732,-0.0061790615699349,0.0037821381747071,0.0034918225105238,0.0184645199493975,0.0101053925556338,-0.0065096123692138,0.004145126421656,0.0123632858604139,0.0004718809511772,-0.0044444703333061,0.0072115384615385,0.0023724610252255,-0.0013890417708447,0.0124995107970846,0.0061331727742959,0.0116276237261987
2025-08-26,0.0049486272823788,-0.0073978281954243,-0.0154928688628045,-0.0080785672801363,0.0104624880322954,-0.0087656972901519,0.0164576282434134,0.0014267782100561,-0.0024474268764713,0.0027977724656453,0.0313040657439447,-0.0046251433654004,0.0068514220196314,0.005627754664909,0.0126436781609196,0.0110443143321519,-0.0201798892988929,0.0063635304902995,-0.0097415983508318,-0.0073394495412844,0.0053884962397503,0.0013812154696133,-0.0097560975609756,0.010176799678546,0.001508097510666,0.0088366236452759,0.0068975386376644,0.0028075687981641,0.0099035460016467,0.0020040080160319,0.0,-0.0005615627824265,0.0164182120894245,-0.0028181932496504,0.0071934907230475,0.003220256738277,-0.0033906763084847,-0.0121453596208009,-0.0052903942738237,0.0057907795170224,-0.0045794167269219,-0.0063395242485958,-0.0067205426681183,-0.0126641016221651,-0.0038157688606406,-0.0126198821786889,0.0090207372307384,-0.0168507547113639,-0.0058007881425713,0.0014427775795466,-0.0342555994729907,-0.0112052759954635,-0.0051418344575506,-0.0071792314601982,0.0043195655751193,-0.0117862755369304,-0.0108637416440682,-0.0005532503457813,-0.0006823633205591,0.0105580693815987,-0.0057769783946047,0.0065918224199466,-0.0050291969488738,-0.0196009846982146,0.0029020190350441,-0.0042153019424745,-0.0170615887560549,-0.0149793388429751,0.0085555690763916,0.0,-0.0229211536379059,0.0128429416479922,-0.0023866348448688,0.0089216298299164,0.0310580849701334,-0.008690998290344,-0.0037102420633733,-0.0245210174416271
2025-08-27,-0.0024621294800716,0.0197196995823274,0.0125957501362137,0.0123341252129676,0.0213041680369103,0.0184865684828179,0.0122689219118024,0.0014247454143438,0.0073602944117765,0.0074376918518319,0.0016950633464394,0.0227652179638522,0.0061798689034551,0.0259588651828641,0.0578887627695801,0.0072824465921637,0.0,-0.0055636661444238,0.0098374306490187,0.0314232902033271,0.0400132113782996,0.0179310344827585,0.0197044334975369,0.0071980968262588,0.0165640923508867,0.0161588695477745,0.0479520195560103,0.0096793028290835,-0.0115065928923389,0.0046666666666665,0.0179672727187099,0.0174006689863657,0.0112294655115277,0.013426104501083,-0.0011872923003483,0.0063905256060738,0.0195817201512891,0.0182148602476552,0.0104245844075905,0.0053171089699581,0.0147094430992735,0.0142793046954132,0.0167810395030429,0.0128265382054595,0.0049255827014884,0.0217273257944965,0.0268285701247463,0.0257093540865458,0.0255422363877035,0.0214865534762671,0.0163710777626193,0.0170003495912924,0.0057744047921213,0.0075613976545219,0.0125206515654228,0.0164325470447921,0.0096101764122564,0.0287284578929827,-0.0013725557816325,0.0104477611940296,0.0168518500917203,0.0098210573324915,0.0068400195429128,0.0260580140812629,0.0063563680247946,0.0203208698075401,0.0460829772771411,0.0070325700635087,0.0073135644345443,0.0558977547629919,0.0183804152402531,0.0170877959169526,0.0071770334928229,-0.000540927320246,0.0409202213499906,-0.0104498473314498,0.0039916235969934,0.0157077971233912
2025-08-28,0.0082361075857964,0.0275067757042268,0.0279483446223967,0.0211486950956456,0.0133230888907309,0.0284131361653723,0.020360778710484,0.0234865152728431,0.0219129306807501,0.0012326666578541,0.0134677785143575,0.0106751583569959,0.0049204311760726,0.0,0.0107296137339054,0.0045090084027148,0.0034129692832762,0.0020350129650019,0.002655927896831,0.0250896057347669,0.0254206093151159,0.0474254742547426,0.0048309178743961,0.0128503075871497,0.030743942239233,0.0185558869977189,0.0313686665943364,0.0042886082496442,0.0080693392954942,0.00464499004645,0.0114205477328928,0.0107606059995915,0.0437542719637455,0.0181303157617367,0.000594351819513,0.0010631790510033,0.0146147032772363,0.0389105412690318,0.0046306332867958,0.0202611054594776,0.0126866710413806,0.0188738048880205,0.0207596676084034,0.0072311053537248,0.0027217803908856,0.0118782676861959,0.0041653872880944,0.0919195795937648,0.0220650269323121,-0.0013952289237021,0.0214765100671141,0.0326907701874388,0.012091330077854,0.0088055038667054,0.0054075192836722,0.0059973924380702,0.0256404436419912,0.0123542880361076,0.0027419778155346,-0.0044313146233381,0.0197132281462648,0.0151277740288753,0.0121133696374975,0.0086620099560297,0.013211596770347,0.0153511338856446,0.0200219307151849,-0.0028311839093094,0.0084183305231282,0.0395923906792723,0.0052237885526478,0.0807547255543437,0.0522565320665082,0.000360813387316,0.0496750118599884,-0.0044010936050774,0.0021184078492586,0.0123702821590883
2025-08-29,0.0081601472298904,0.0020891524075539,0.0181051205468485,0.0135076788798305,-0.0077175982003806,-0.0038354725509075,0.0161522453663185,0.0041778074866309,0.0023832807673129,0.0086048407592855,0.0016524942334836,0.0080895768214059,0.0018335519403374,-0.0054596539557538,-0.005307855626327,-0.0008900969535713,0.0,-0.0005092089394458,-0.0106051333052825,0.0227272727272727,0.0013408788563464,-0.0155239327296248,0.0240384615384614,-0.0056387876606529,0.0104167149565854,0.0052040713783252,0.0278767636655314,0.0032653090420091,-0.0001315488296099,-0.0019815059445179,0.0020538483354224,-0.0019123614818524,-0.0166316809300822,0.0198635504209232,-0.0077403551745252,0.0010620499017968,0.0041142481773275,0.0111930159787534,0.0027254365445867,0.0021603656003323,0.0035737428083335,0.0117618037397009,0.003652620951364,0.0233419713984066,0.0048825621188981,0.0049437021961067,-0.0230016857978571,0.0446526341404063,0.0027867730579014,-0.0042219083633271,-0.0026281208935611,0.0017989714820008,0.0080664013190498,0.0054964394985514,-0.0021460090937135,-0.0184033177812338,-0.0198872952674876,-0.0689688837302641,-0.0047870618460839,0.0014836795252224,0.0042043638608038,0.0014196276669657,0.0067122436295834,0.0112276200325527,-0.0079352270281902,-0.0024508129525891,0.0207494368985052,-0.0071928253549512,0.0040324054333922,0.0213921255382327,0.018190654223595,-0.0140370607834686,-0.0135440180586906,0.0028873643166571,-0.0106976787528071,-0.0020610961256264,-0.0042305730133404,0.0045851738044939
2025-09-01,-0.0040470490984553,0.0004151346222274,0.0059579615908058,-0.0004443314529408,0.0008655894886364,0.0,-0.0140293793961434,-0.0069290004387357,-0.006538439173779,-0.0039630075660392,-0.0016497680013747,-0.0098096738232679,0.0036603923611586,0.0039892616102565,-0.0288153681963713,-0.0081042245425807,0.0,-0.014986116242209,-0.0035664923692526,0.0341880341880342,-0.0163958625488975,-0.0091984231274638,0.0046948356807512,0.0106402232109192,-0.0113783389460355,-0.0187733417119516,-0.001228108329389,-0.0235349477219012,0.0044614077050393,0.00066181336863,-0.0045078356454537,-0.0073818308309051,-0.0128626163108921,0.0322355528612312,0.0144042064726357,0.004214626206255,-0.0163938659654045,-0.002557079208779,-0.0196459891321891,-0.007323881380759,0.0074644387485569,0.0057475187818381,0.0079955368369935,-0.0121363320890622,-0.0091852016196128,-0.0012282122978023,-0.0208417411357739,0.010986877863188,0.0125021106545843,0.0155256294895453,0.0013175230566535,-0.0032330804611432,-0.0044461621705186,0.0022484920292977,-0.0053900022850383,0.0026406126221283,0.0013527216595574,0.0056974082035687,-0.0158075411106805,-0.0192592592592591,0.0058572058845902,-0.0003525286429522,-0.0211636945184295,-0.007184776042116,-0.0114286488978064,0.0081923007781401,-0.0021954753148334,0.0019071775330981,-0.0083175596971462,-0.0247178354021793,-0.0118332569338442,0.0050849896861058,-0.0022883295194507,0.0007211825121757,0.0029105637451136,-0.0032490413040094,0.0039842048895077,0.0022861057343817
2025-09-02,-0.0113864296583207,-0.0070908402759727,-0.0324694846972521,-0.0008890579422892,-0.0273486132450542,-0.0177174946280364,-0.0317677547098389,-0.0176490303316524,-0.0114395343543719,-0.0162107995334548,-0.0016697077150825,0.0018026969805393,-0.0060784045895369,-0.011920231907237,-0.0054945054945053,-0.0154233948852662,-0.0239659082023613,-0.0092827284990956,0.0062758259452537,0.0330578512396695,0.0136069006424686,-0.0132625994694959,-0.0093457943925233,-0.0161392617574858,-0.001438661951568,0.0138563423331634,-0.0222227914900157,0.0030775745937636,0.0216879621200709,-0.0152116402116401,-0.0129656930741876,-0.0112944042144328,-0.0041123740874224,-0.0091098439580701,0.0011802640384497,0.0010564705201308,-0.0145842631730946,-0.0085338617027748,-0.0002129312956321,-0.0056424819496259,-0.0159641098843476,-0.0144547626050894,-0.0170199220553527,-0.017849005012912,-0.0043608719504685,-0.0092360020931449,0.0078858051301893,-0.015706002073653,-0.0185181324828194,-0.0125099493895204,0.0210526315789474,-0.0115285216674781,0.0077394428967627,0.0051350770429479,0.0032434185631655,0.0005267316302344,-0.0069471634295084,-0.0147305007675153,-0.0146620348232116,-0.0045317220543806,-0.001385443765503,-0.0039016923590606,0.0195489534747521,-0.0072367706182766,-0.0121436114044349,-0.008533292577309,-0.0159717646007617,-0.0055181478622523,-0.0083873217464716,0.0107418924922255,-0.0103298374485302,-0.0050592633839791,-0.0091743119266055,-0.0037773322236513,0.0,-0.0088851752549553,-0.0034390938381319,-0.0166973964459421
2025-09-03,-0.0213822837503387,0.0012629625887519,0.0091666148778821,-0.0102309708757903,-0.005621563876078,0.0156787483024174,-0.0068567304222303,0.0014267436901485,-0.000605239266871,-0.0034231592587274,-0.0033277583323274,-0.0044952204159444,0.0,-0.029661852854144,-0.0077348066298342,0.0009220477306837,0.0,-0.0135340182265032,-0.0071235095092586,0.08,0.0134242383648375,-0.0013440860215054,-0.0047169811320755,-0.004997800664351,-0.0054050788221295,-0.0058572720616736,0.0113704839005475,-0.0030681321880914,-0.0086946154151865,0.0040295500335794,-0.0112591057756633,-0.0086372946354643,0.000695958799239,0.0111646370459197,-0.0094552879123015,-0.0136617946827426,-0.0211411139382151,-0.0068893583079876,-0.0223866997182998,-0.0008726410691953,-0.0117133919496332,-0.0108557691361628,-0.0086558490433931,-0.0018173381795684,-0.0021871749458828,-0.0037301608260491,0.0160321143028825,0.0085960258010819,0.0202622338015405,0.0140675852419625,0.0012886597938144,-0.0061952469004821,-0.0106324292172991,-0.0086172043370031,0.0,-0.0126349039220848,-0.0139915282926951,-0.0189720856948005,0.0070868333345228,-0.0030349013657055,0.0099993335797068,-0.000711834914561,-0.0034878103385297,0.0002495512455671,-0.0052614408573788,-0.004097834185443,-0.0011180096023971,-0.0055487667777854,-0.0002899623665864,-0.0250749391256954,-0.0056948048496444,0.0005063668974634,-0.0046296296296297,0.0037916545626117,0.0074666115671433,0.0005960082885299,0.0045104917961347,0.0123497700582733
2025-09-04,0.0218494754338616,0.0155263121683171,0.1057363672753024,0.0089881548214882,-0.0110119028122603,0.0108169131364244,0.0069040697674418,0.0212932349456829,0.0199981568519032,0.0049931971877241,0.0183724309736348,0.024830782309039,0.0091802377516663,-0.0165823042156899,0.0178173719376391,0.0202565635381855,0.0631684358101341,-0.0010553616083587,0.0116599677676161,0.0592592592592593,0.0281451539965353,0.0296096904441454,0.009478672985782,0.0107546551421886,0.0166631620756525,0.0235599070022671,0.0249592000621712,-0.0010258581979212,0.0269605465825013,0.0100334448160535,0.0202443797589093,0.0073058798705867,0.0171921364985163,0.0019492778811485,0.0143183156654886,0.015990971184006,0.00431863545636,0.0147392390316232,0.0141762099300846,0.0034936129469185,0.0054717923115326,0.0083057855350019,0.003969900561201,0.0200271160178191,0.0126221360711347,0.0049899604381622,0.0203995301577915,0.0523099139987364,0.0123308583720769,0.0513205057064443,0.0154440154440154,0.0154035618830472,0.0047752695239371,0.0,-0.0054016919015034,-0.0050653159157557,0.0137964820017668,0.0216881910526474,0.0415202108963093,0.0197869101978691,0.0176022649907174,0.0039197654171156,0.0352780503955254,0.0068718895945585,0.0064685400079549,0.0041146955254298,0.0050395150247999,-0.0057724029593395,0.0099171207642414,0.0305121881945602,0.0073968055714177,0.0035587567792183,0.0255813953488373,0.0019766210183853,-0.0057658783059411,0.0032868950107092,-0.015851409978308,0.063262943595066
2025-09-05,0.0074072778472544,0.0119827282499707,0.0163738130377879,0.0142543179766998,-0.0108331346209893,0.0221548064127747,0.035752235454509,0.0222367114231343,0.0243623831896329,0.0009336570010938,0.0016308225461219,0.019163017205241,0.0066659403810276,-0.0342486085343226,0.0284463894967177,0.0054078456986974,0.0131866475774244,0.0169036251707868,0.0106330911777972,0.0209790209790208,0.010305685720569,0.0183006535947711,0.0422535211267607,0.0056707638941255,0.0270762187975419,0.0191801694401141,0.0219251134166531,0.0112960283003697,0.0305230654537027,0.005298013245033,0.0341035218046081,0.0209266128445704,0.0297463853993837,0.0220329644166603,0.0258857398604106,0.0230823607484456,0.0086046469610465,0.0175128073547703,0.0004296169986601,0.0087082796144339,0.0108840294742693,0.0132356906564243,0.0110682503019146,0.0232226948199909,0.0037950875318575,0.0149021469641821,-0.0094303550369687,0.0716788786237654,0.0081158705025123,0.059371478295602,0.0278833967046894,0.0162513095296206,-0.0225786050433715,-0.0151328250861122,0.0173901266337102,-0.0206323687031083,-0.009526110587963,-0.0045928063630605,-0.0067564349429479,0.0268656716417909,0.0297295544840432,0.0354705250748981,0.0166153652867644,0.026978268713294,0.003508139438143,0.036066935573654,0.008360844790159,0.0061915280279853,0.0052001222120379,0.0448418722465995,0.020606744771126,0.0658583456315626,0.0249433106575962,0.0091556939921659,0.0331268957951438,0.0122062637082063,0.016106724268089,0.0193498975063635
2025-09-08,-0.0089848429605707,-0.008984401151503,-0.0752623359544097,-0.0090025223364895,-0.0194728013580069,-0.0179394784765004,-0.0094558300466983,-0.0047614809540761,-0.0052165038084258,0.0003098182399658,-0.0065465893287203,-0.0172908708227768,0.0096384727248131,-0.0038147198788072,0.0223404255319148,-0.0044807062128001,-0.0097798601814665,-0.0155837271156851,-0.0105212181063707,0.0232876712328766,0.0117946090398546,0.006418485237484,-0.045045045045045,-0.0007048484575815,-0.0138770797719521,-0.0062707641196013,-0.0202552307464015,0.0025367961926374,-0.0129202787153286,-0.0013175230566534,-0.0197872965823158,-0.0046449597911761,0.003939552218986,-0.0038070897062151,-0.0040148093997239,0.0082067769364184,-0.0029870531175966,-0.0180533651318741,-0.0128984702020323,0.0004291172182129,-0.00448945910368,-0.0072599934442616,-0.0046907796319274,-0.0418839423237514,0.0064749318136461,-0.0293601704826008,-0.0175165576368291,-0.0388388365498947,-0.0067110443255299,-0.0286549156376662,0.0024660912453762,-0.0142141920227604,0.008814415168787,0.003921756508884,-0.012819659473635,0.0010943912448702,-0.0176634315677546,-0.0184442048072785,-0.0040828069983147,-0.0218023255813952,-0.0181092738830896,-0.0171277328595772,-0.016343806963883,0.0012783447551882,-0.0064044990396705,-0.026504271349515,-0.0182424667133845,-0.0074996757215686,0.0045987562385638,-0.0166016974345876,-0.0016236682139176,-0.0114104990536905,0.0176991150442478,0.0024898283683298,-0.0160323460409226,-0.0120590675496204,-0.0108324295010846,-0.0295309231267862
2025-09-09,0.0156536059355809,-0.0045306743769196,-0.0145176582128466,0.0088626798696758,-0.0245102558586612,-0.0098950524737632,0.0214762739934828,-0.0068335941575379,-0.0093287481238005,0.0068205509060208,0.0181302922698716,0.0019792545624155,-0.0047698800830708,0.0082151476081855,-0.0416233090530695,-0.0009020940097118,-0.0262871305719327,-0.0021107232167173,0.0132913639722465,-0.0348058902275769,-0.0012610340479193,-0.0063775510204081,-0.0377358490566037,0.0127037248251642,0.007033912534432,-0.0296711103681724,-0.0170390003786444,0.0179757703772855,0.0062977172477229,0.0098944591029024,-0.0048933415116199,-0.0057660154371177,0.0464365707835841,0.0050977457674679,-0.0161180530481056,-0.0142519475796863,0.0106948749045501,-0.0068378970093451,0.0023949839885901,-0.0034499139827596,-0.0036018433543522,-0.0111085684396351,-0.0086451470082782,-0.016405190780554,0.0091211527021966,-0.0176442632716855,-0.014727108052556,0.0011181557567176,-0.0074340790230278,0.0384695362861302,-0.007380073800738,-0.0036057241808409,0.0108470782058616,0.0078162815906626,0.0097362317277089,0.0136649357748017,-0.0001995063279587,0.0129194157446372,-0.0075112462340591,0.0074294205052005,-0.0040110537178036,-0.0020915871715986,0.0160528585052739,-0.0099177746306199,-0.0023502416298717,-0.0158439044271231,0.0225272811370425,0.0060058692371971,0.0005718348637733,0.0284076877879302,-0.0213858423545731,-0.023074326536987,-0.0195652173913043,-0.0030154542027892,-0.0146655967237608,-0.0047619194103587,-0.0122860158166692,-0.0065276628689837
2025-09-10,0.0024321666982904,0.0024837583018151,0.0088389152786962,0.0021967718776962,0.0120869927436038,-0.0030762855047976,0.0303749157049457,-0.0082462314197173,-0.0070640430618951,-0.0009228723492228,0.0177906703779469,0.0010976606939703,-0.0017972778308809,-0.0005464928819303,-0.0369163952225842,-0.0009029085180772,0.0168922827721853,0.0,0.0078796832973444,0.0166435506241331,-0.0053620191415466,-0.0051347881899871,-0.0098039215686274,-0.0069649750668711,0.016767983560977,-0.0110613434399988,-0.0086543400102722,0.0089513342020282,-0.0159527090202253,0.0215545395166558,0.0061478965199206,0.0066258919469928,0.025626116560488,-0.004433749675944,-0.009950787520004,-0.0154795686719636,-0.0055019532378416,0.0103296549185285,0.0058657718120804,0.0056278318500109,0.0018123836311056,-0.00029752852968,0.0007933103371275,0.0129767835693046,-0.0180719603519419,0.0237324629840351,0.0330425876644364,0.0370005109254878,-0.0068069904412475,0.0259244426645308,-0.0483271375464684,0.0148324530913797,0.0256354429749805,0.0180920329438027,0.0064371377440635,0.0145591803720679,0.0105908051686696,0.0110121323115401,0.0055028068473212,-0.008849557522124,0.0021482339994614,0.0013973140518781,0.00304631294964,0.0087276205278419,-0.0011709193808067,0.0090804776201816,-0.0055063496141087,-0.0213822167195826,-0.002289056074314,0.0356300043885433,0.0168628067586691,0.0103347446482628,-0.0088691796008869,0.0069400512830111,0.0070300579441526,-0.0065805131502081,0.008112166028813,0.0065705532253013
2025-09-11,0.0129486870633583,0.0140352460681003,0.0321552032423411,0.0146838497989953,0.0355131912067845,0.0115676712766807,0.0077098747667543,0.0103953878977711,0.0094835856065824,-0.0015428522238923,0.0302146658099804,0.0166643731328044,0.0078089702004842,-0.0048883177953357,0.0180383314543404,-0.0027111734958755,0.0,0.0142759668765313,0.0034673933471152,0.0068212824010913,0.0126843343306657,0.0090322580645161,0.0148514851485148,-0.0245633147044119,0.0491242376967806,0.0,0.0074864647825299,0.0,-0.0110980118093748,-0.0019181585677749,0.0116080403150236,-0.0005463777444039,0.0152330558956197,-0.0076383788475662,0.0047276439561507,0.0062978281860235,0.0148945583247308,0.019172793718958,0.0123125647766344,0.0012932323906389,0.0008996095101574,0.001183854604136,0.0018495901543087,0.0109638038956494,0.0113673631608495,0.0137842442959452,0.0015237089106496,0.0810770552850188,0.0116518877030227,0.0228621246031333,0.0052083333333332,0.021035736658524,-0.0104624715693707,-0.0038072583753039,0.0021364118895967,0.0074408716449638,-0.0029660251481963,0.0068823608725474,0.0266948802073281,0.0163690476190476,0.0361525656376859,0.0108122275255908,0.0030398628279408,0.0122500984156141,0.0052892700388671,0.0286421484176282,-0.0071990116801436,0.0147633835905192,-0.0017184578129214,0.0189410899321991,-0.0140139782951047,0.0004849091178227,0.0156599552572707,0.007776980583571,0.0041039989588949,0.0078282026869778,-0.0120689560242919,-0.0014497483813673
2025-09-12,0.004790500539356,-0.0065154987872448,-0.0113180308936046,0.0,-0.0115330661322645,-0.0129606360195042,0.0040488440757442,-0.010977326504328,-0.0117478985165248,-0.0086447017627631,0.0246909631714453,-0.0176836589891933,0.0047641670402611,-0.0087421905478843,-0.0121816168327795,-0.0081556318204604,-0.0299237683467971,-0.0036479499010801,0.0034647763346411,0.0067750677506774,0.0278738307763677,0.0012787723785165,-0.0195121951219512,0.0028761789656464,-0.0065479308538501,0.023023379036531,-0.0012341869793274,-0.0044359593463978,-0.0325349306444027,0.0198590647021139,-0.0090592021891016,-0.007138277654386,0.0072028034282107,0.0128241357501379,-0.0411752609742229,-0.0364620628419213,-0.0394133136068619,-0.0071034879019385,-0.0164294596601619,0.0,-0.0081188392627855,-0.0085678425155237,-0.0150214214965156,-0.0036149675037494,-0.0069581084497598,-0.0203919508912451,-0.0003773049069922,-0.0149971913387245,-0.0094859598185175,0.0058899108244603,-0.0207253886010363,-0.0083825248498842,-0.0088109102053325,-0.0066898331877088,0.0085009467565313,0.0063307834344501,-0.0067439734033363,0.0284766091234607,-0.0126680854206246,0.0102489019033675,-0.0211928780204574,-0.0110398574277095,0.0101924811946068,-0.0076734256932218,-0.0076006302623085,0.0123305945865073,-0.02286790574554,-0.0217257728198907,0.0,0.0041705573559529,0.0161095361602028,0.0082751724419412,-0.0044052863436124,-0.0003504358315105,0.0024532607538454,0.0017905766274179,0.0032575196036359,-0.0493478062574113
2025-09-15,0.003973050880411,0.0024593358449318,0.0286481908711269,0.0302366237960023,0.0270183512588402,0.0324347262144006,-0.0219609318371578,0.013181205614694,0.0118875522742525,0.001247637683341,-0.0256098131935016,0.0070252250250029,0.0017780915151071,0.0198337028824833,-0.007847533632287,0.0137044884629589,0.044530455860505,0.0020930518045665,0.0129247193422858,0.0174966352624494,-0.0021317934913078,0.0051085568326947,0.0049751243781095,-0.0007169825712215,0.0065910888478777,-0.0205754017524565,0.0024714241581711,0.0081711787930061,-0.0109492055651602,-0.0043969849246231,0.0067043000774094,0.0107815157542736,0.0017918410966388,-0.014555044774533,0.0245436310192135,0.0259512485136741,0.0034883454424605,0.0050495957751428,0.0082424946390278,0.0,0.0136421572532461,0.0065563721407486,0.016586338212543,-0.001814041452777,-0.008086119105601,0.0233430959258489,-0.0034254358907755,0.0741155203580958,0.0143652075089912,-0.010534702549575,0.0026455026455027,0.0010580460927347,0.0145195949601917,0.0086586626915381,0.0073657812848757,-0.0047182175622542,0.0043928772179151,-0.0393159199755444,0.0033793431699191,-0.0159420289855073,0.0110893541048751,0.0048817775283138,0.009000215673371,0.0129960977994285,0.0135551016982344,0.0073648948224049,-0.005707504847906,0.0013878899008215,0.0048788633189629,0.0045361308093534,0.0172526783679052,0.0057987147700246,0.002212389380531,0.0087713471785562,0.0061181424857665,0.0086502844393492,-0.0119073079818128,0.0671736071131581
2025-09-16,0.0063317251425059,0.0155375815533111,0.0139109697933226,0.00545177063653,-0.0011943028791583,0.0082281229642957,0.0054974178084441,0.0,-0.0023470285852774,0.0052849955568621,0.0123646614132872,0.0037054937973255,0.0053314542505384,0.0151322440726608,0.0203389830508473,0.0081019406305129,0.0098439196017516,0.0052217002223433,0.0042563384433962,0.0224867724867725,0.0042759032163901,0.0254129606099111,0.0198019801980198,0.0107700880078771,0.00261917234154,0.0006592053315945,0.0012455059065228,-0.0063846600325875,-0.0003950417634452,0.004416403785489,0.002016781782862,-0.0084790234720359,-0.002382174596554,0.0025684065767386,0.0047899030321687,0.0021006577231768,0.0013064371722486,0.0075406032482598,0.013554290271839,0.0077355836849508,-0.0009037860777648,-0.0047363090549226,-0.0026310013315968,0.0109040290774109,-0.0043466373542982,0.0419209912765567,0.0408392656425626,0.0151166052251963,-0.0060664025140045,0.0094581985966077,0.0026385224274405,0.0101999019873169,-0.0017524023149996,0.0025430132043631,0.0094233877274385,0.0131682907558599,0.0051698358661587,0.0080671298342378,0.0013417634023866,-0.0176730486008837,0.0211551003785019,0.0024327055581074,-0.00648647759877,-0.0044095746008502,-0.0104685666965702,0.0113415001915382,0.0040170228620997,0.003565069601813,0.0080003142117364,0.0033838183472965,0.0185659799541568,0.0047993721576045,0.0132450331125826,0.0034787634477435,-0.0064848045379863,-0.0130092726967202,0.0071202887469641,-0.0007117971003635
2025-09-17,0.006291886645638,0.015700286459823,-0.0082320658565269,0.0175136092740859,0.0113709730548783,0.0178064595528002,-0.0031908491670671,0.0301368225192979,0.0347256849884289,0.0065000664628473,-0.0122136438425516,0.0143340882605158,0.0052965681412417,-0.0079834227519517,-0.0132890365448503,0.0187652771040793,0.0194588584136399,0.0101301842931873,0.0169531952369592,0.0349288486416559,0.0139836463523699,0.0049566294919454,0.0145631067961164,0.0056788146984638,0.0019592476489029,0.0058999826258181,0.0061813098734242,0.0079071829736918,-0.0060654283799662,0.0232412060301507,0.0066484915799984,0.011309998072813,0.0459161112406434,-0.0019230510617124,0.0035722382554241,0.0063176764829191,0.0243291575806787,0.0066544752616071,0.0197425943412723,0.0145040570310468,0.0188590194883091,0.0217124538165565,0.0142489935327878,0.0827340881272951,0.0070948217888364,0.0071027637922473,0.0121020753122358,0.0530725430017859,0.0061034283671954,0.0281087377657351,0.0276315789473684,0.0121858063955573,0.0076050386815897,0.0060259964474842,0.0093225044223792,-0.0059786846893682,0.0067252985519912,0.0606067691588239,0.0268872872466416,0.025487256371814,0.0255753049095102,0.0228603269217375,-0.0065288266868206,0.0053776020992286,0.0,0.0061894304192773,0.0125769023362076,0.0043407083035955,0.0070825902558184,0.0194901851335007,0.0139513992648474,0.0023882241025385,0.0087145969498911,0.001731529140724,-0.0089753835209556,0.0164774785093193,-0.0016300236967485,0.0035765164579741
2025-09-18,-0.0211023438734192,0.0027726632730422,-0.0193958215697345,0.0040991400257781,-0.0337358972354672,0.0007254919742449,0.0105204535775627,-0.0106342850510678,-0.0102435468126382,0.007683012189807,0.0077359215837018,0.0010708657320799,0.0029336122238228,0.0193122507030241,-0.0224466891133556,-0.008766361073249,-0.0063624795491729,-0.0036012450535661,-0.0024987821819689,-0.01875,-0.0023971674993227,-0.0246609124537606,-0.0287081339712919,0.0127126916665416,-0.0019554165037153,0.0026124317205347,-0.00491976701207,0.0051497980231758,0.010214177240776,0.0030693677102517,-0.000200611642608,-0.0013623861952452,-0.0148281958644015,-0.0032135061575359,-0.0017767086319954,0.0010343638662222,0.0207762709599841,0.0037173470589224,0.0006237674697762,-0.0067257416973506,0.0008782088399923,-0.0046577179460471,0.001298994364274,0.0182816971067225,-0.0092150512503756,0.0017600469345848,-0.0057989167623488,-0.0070751843764934,0.0229266293209453,0.0159361568492222,-0.0102432778489115,-0.0027504658623908,-0.0075476385980964,-0.0097719547209662,0.0143791016899281,0.0169979079497908,0.00550123652604,-0.0221012136377164,-0.0163637322226469,0.0014619883040936,-0.0049875040452084,-0.0084652519684756,0.0104059370479678,0.0172185210275421,-0.0152866597393177,-0.0011533794418123,-0.0107256568247933,-0.0033403258022102,-0.0025327531711499,-0.0069846846435794,0.0053270352122225,0.0133461866967687,-0.0539956803455723,-0.0019013897430485,-0.0020602410761729,-0.0061911867710207,0.00054236454166,-0.0178337953035928
2025-09-19,0.002395250269678,0.00079061629188,0.0056718394610313,0.0316323309694661,-0.013782805368856,-0.0050974173085637,-0.0217203036211313,0.0167974191656279,0.0178214731585517,0.0042725661281179,-0.0030674359096616,0.0158292605288401,-0.0023413367261947,-0.0231613617228577,-0.0241102181400689,-0.0008853308217564,0.0128430296377606,-0.0015468067974744,0.0175443356213316,-0.0445859872611464,0.0036059703754693,0.0126422250316056,0.0147783251231528,0.0055832783408837,0.0013061650992687,0.0110613434399988,-0.0098753730483008,0.0173223478085684,0.0077467338006382,0.0159118727050184,0.0078053587432949,0.0158411893708525,-0.0092539852217133,0.028332173102008,-0.0023853940487474,-0.0062571756601607,-0.0024912739965097,-0.0053500804397372,0.0187227807399568,0.0139725618173836,0.0052839139531968,0.0105297235784056,0.0132504673491262,0.0326284931221705,0.0021903959561921,-0.0076259306563657,0.0295214430977295,-0.0106836800181205,0.0013223272960409,0.021298776865916,0.0219922380336352,-0.0024137436338858,-0.0146300061670728,-0.0111415135527863,-0.0303683805632274,-0.0213422473643609,0.0099646949674243,-0.0010990373559979,-0.0279454624635689,-0.021897810218978,-0.0062669964606365,-0.0068314652227816,0.0081307514968662,0.0162324927683081,0.0017917720129461,0.0180824576104694,0.0028537524239529,-0.0045338183370896,0.0101567371929334,-0.0040740216030356,0.0152309826288115,-0.018345910616673,0.0273972602739727,0.0039868526833322,-0.0197995291831701,-0.005338040124166,-0.010344047143372,-0.0036284801460521
2025-09-22,-0.0151421429479304,-0.0090827462356679,0.0,-0.016024738802469,-0.0217406907394432,-0.0117120194314773,-0.0050890705700231,0.0026463610732543,0.0016926803839196,0.0097191907525766,-0.0138539042821158,-0.0071581900309732,0.000585064422824,0.0113186068572976,-0.0117647058823529,-0.0008861153269672,0.0063220259383693,0.0046506410547921,-0.0139623345805522,-0.1813333333333333,0.006588241216465,-0.0074906367041197,-0.0097087378640776,-0.0006931131101607,-0.0211995994041558,-0.000646054453161,-0.0124705699723163,-0.0098333452835793,0.0462537227650348,-0.0132530120481929,-0.0101274447558727,-0.016401623900951,-0.0128529238038983,-0.0018731391840999,-0.0017841267894913,0.0031482872162209,-0.0312383818325758,-0.0037235005960127,-0.0306318354918821,-0.0175386126238729,-0.0105122819133121,-0.0121577497969393,-0.0143575325004919,-0.018965227616328,-0.0065512216991706,-0.0384101054111916,-0.021238022216263,-0.0242978707166297,-0.0098776795123187,-0.0406053412462907,-0.0113924050632912,-0.0055330454759533,0.0106892555940436,0.0099795757416432,-0.0198348182350264,0.0031529164477139,-0.0090936740909408,-0.0281493852724943,0.0205329326459153,-0.0373134328358208,-0.0131135998591829,-0.0089419916949022,-0.0190876730101448,-0.0145258494184433,-0.0184724362690344,-0.0128464140704072,-0.0102454285186552,-0.0029702168986727,-0.0030719153096578,-0.0089233880424294,-0.0058703431415967,0.0019180847271247,-0.0133333333333331,0.001379961506337,-0.0016868629590627,-0.0011922549638779,0.0209071530414894,-0.013849125459029
2025-09-23,0.0080875520528616,0.0282995852646987,0.0196392785571142,0.0193019697918264,0.0136536419028454,-0.0118508164237108,0.0288253823241118,0.0085725792532074,0.0061960068817308,0.0018062206367979,-0.0062401991690511,0.0139966291290485,0.0035149038493125,0.0010666638079361,-0.0238095238095239,0.0124071820128883,0.0220060310166572,0.0190385085445452,0.0133217961891369,0.0325732899022801,0.011686821928341,0.0037735849056603,0.0147058823529411,0.0194280064341896,0.0063282432246527,0.007729248955699,0.002528229715214,-0.0012103406539977,-0.0080939361024756,0.0079365079365081,0.0218655927555697,0.0180433382171016,0.0106507742753882,0.0087774748791698,0.0071676882823343,0.0136189571276381,0.0090298753425708,0.020348628274996,-0.0021063637783523,0.0140260165113519,0.0132799550226341,0.0120158289218512,0.0158685614433014,0.0096573688806698,-0.0054944125096603,-0.0215130286035138,0.042313361992452,0.014754050275233,-0.0006668777323463,0.0377587252100111,0.0051216389244559,0.0146018914854233,0.0264405096197473,0.0168954205835143,0.0159766454352441,0.0104766893661603,-0.0033182835348846,0.0391827872088432,0.0161012541958491,-0.0186046511627907,0.0373107707399729,0.013532172418605,0.02384386036573,0.0202230780528402,0.0115383784328837,0.0107196572262937,0.0241554063905102,-0.0043691605854228,0.0112025978412555,0.0101287134090046,-0.0104980387177825,0.0210435052796695,0.0,-0.005689936536718,0.0147587385383503,0.0016440063169322,-0.0110484250117535,-0.0051715194822287
2025-09-24,-0.0064181346442713,-0.0069225554990679,-0.0247922282120395,0.0,-0.0115878289881847,-0.0069175106288716,-0.0009064841365276,-0.0084997147746719,-0.0078372671790098,-0.0108113338386363,0.0235558230710415,0.0004192481483205,-0.0040852668517258,-0.003726668165901,0.051219512195122,0.0026280964008127,0.0030910815272753,0.0047972992981728,-0.0082188856471927,0.0567823343848581,0.0011925653130329,0.007518796992481,-0.0241545893719805,-0.0006803755093768,0.006625939849624,0.0031934692496404,-0.0062981014229528,-0.015518729501122,0.0056489281762948,0.0006056935190792,-0.0031405482837428,-0.0085929800197116,-0.010538530763037,0.0111945900430159,-0.009488904202316,-0.0082661061243041,-0.003834674947536,-0.0122109886467224,-0.0130887605350283,-0.001259084676805,-0.0052423636554963,-0.0026057514274986,-0.0066583698100741,0.0015941660306961,0.0038684719535784,0.0152667680892517,-0.0017363746422661,-0.0109070587555162,-0.0153012389285088,-0.0132330325103419,0.0038216560509554,-0.0133655446165467,0.0254697173781244,0.0225708003806648,-0.0041925709210595,0.0085536547433902,0.0027425365758246,-0.001089428078193,0.008581095003556,-0.0031595576619274,-0.0009859972273866,-0.0109529382352835,-0.0082993182509011,-0.0080216576759586,-0.0036028851562555,-0.0193212498223787,0.0168436636961535,-0.0035913814996973,-0.0016613339896628,-0.0025999162803916,0.0206245441530024,-0.0037499141053706,0.0022522522522521,0.0038149981216788,-0.0024930031280133,-0.0003017789561526,0.0051762468714606,0.0059376969829028
2025-09-25,0.0064595931830675,-0.0019581410032166,-0.0706244781619784,-0.0059182789400789,-0.0205983889528192,-0.0167020169211624,-0.0144706143761804,-0.0105503135607847,-0.0079053080248994,-0.0109294962715158,-0.0184046154579697,-0.0100365735958956,0.0052721535629765,-0.0133554760138875,-0.0440835266821344,-0.0235815734681736,-0.0368386034947648,-0.0135687129763343,-0.0173991031390134,-0.0701492537313432,-0.0002962432650944,-0.0111940298507461,-0.0297029702970297,-0.0238438416687791,-0.0115137651667225,-0.0152840729419204,-0.0114136938026798,-0.0081289123459171,-0.001247848806283,-0.0102905569007263,-0.0045304063763549,-0.0078540907075458,-0.0520731113823667,-0.0129103889900202,-0.0012005541018932,-0.0083350041531806,-0.0141131024569916,-0.0057677868058207,-0.0053459091790163,-0.002516857562013,-0.0087801125162283,-0.0089995359056492,-0.0079931421821736,-0.0111414009719095,0.0016499132665457,-0.0138016246483871,-0.0072987827944547,0.0128684707853568,-0.0087826182196544,-0.0022350823356007,-0.0532994923857867,-0.0031239165607303,-0.0175822831630053,-0.0079715540037481,-0.0378920032002938,0.0061680801850425,-0.0212930202637503,-0.0355596818756361,-0.0098195573949834,-0.0253565768621234,-0.0073982438919443,-0.0107298810151807,-0.0178130627302233,-0.014185683706418,-0.0090397821876987,-0.0081101858299156,-0.0154614639391172,0.0058053786690177,0.0030523149167216,-0.0297825316884596,-0.0130373409206201,0.0061140835772071,-0.0067415730337079,0.0055281640246052,0.0016645839718956,-0.0110706221911454,-0.0146364127017688,-0.051692659982671
2025-09-26,0.0,0.0015687313793295,0.039529120198265,0.0057550630438205,-0.0061453448834486,0.0208461018028416,0.0146830876757884,0.00533503899521,0.0051185045065094,-0.0039889101704022,0.0140541765839283,0.0145725097812838,-0.0151449758700512,-0.007037765346087,-0.1480582524271845,0.0071587003912534,0.0159243773859296,-0.009169241065293,-0.0025282949981744,-0.0048154093097914,0.0056580710083282,0.0050314465408805,0.0051020408163264,0.0244262574848077,0.0113129942726624,0.0226361235995147,-0.0012769183703329,-0.0029805152791183,0.0100002756968238,0.0189602446483179,-0.0039559751754294,0.0027298449766868,0.0243485725828169,0.0024915965837006,-0.003593663317512,0.0,0.0039045414783498,0.0045608350420642,0.0105366890702334,0.0248227907311455,0.0079653058056503,0.0038086941713553,0.0049391493334025,0.0112669303607815,0.0,0.0063642906648184,0.0276613391316042,0.0154267852849241,0.0047720664912536,0.041435594410675,-0.0201072386058981,0.0069666088229221,-0.0062492588639866,-0.0033999301251277,-0.0054802737410365,0.0022988505747127,-0.0142483366339153,0.0090756205056832,0.0066090729993077,0.0048780487804878,0.0086942621662775,0.023092276529641,0.0065952069813901,-0.0067307849583722,0.0072977962386062,0.0233649031399378,0.0,-0.0157231617161044,0.005533041709947,0.0130446343176668,-0.009468600761153,-0.0074774135102712,-0.0045248868778279,-0.0192412967007951,0.0058187159280287,-0.002118056745232,-0.000827251295227,0.0031162813463641
2025-09-29,-0.0040113341526695,0.0137209044273922,0.0058409822386458,0.0392575264442636,0.010740245829109,0.0136136104916806,0.0004536532977819,0.0125872103531792,0.0101910279592114,0.0064707031056063,0.0077120822622107,0.0168603254479018,0.0035523153128029,-0.009814086423207,-0.0512820512820512,0.0017769544135577,0.0282360519629247,0.0061693960565316,0.0177520748881343,0.0129032258064516,0.0133243297165392,0.0062578222778471,0.0,0.0061275486184044,0.0082274477506123,0.0151777365284504,0.0089898115469135,0.0231636134102144,-0.021906848743979,0.0060024009603842,0.0095320489701271,0.0076221892290091,-0.0140170406461314,0.0031051241071138,0.0084195809387119,0.0104991046155622,0.0057999954616623,0.008660263167842,0.017025221170092,0.0242171556472317,0.0070360852030455,0.0055429225785192,0.0056884849879212,0.0270746202949594,-0.0159360527102571,-0.0037944255716472,-0.0023848474933653,-0.0509381600507677,0.0183171583317294,-0.0129057762068643,-0.0123119015047878,0.0103182540995991,-0.018868656253356,-0.0136428703586487,-0.0054967649961619,-0.0084097859327219,0.0157599039822418,0.0174247866440619,0.0275785005388751,-0.0080906148867313,-0.0004995930733837,0.0037606367384166,0.0051873422206476,0.0161999489506057,0.0024125884138483,0.0171216038319401,-0.0185084067071643,-0.0056636444033026,0.011278720581046,-0.0022721218484103,0.0191159682521062,0.0240122750236817,-0.0022727272727274,0.0033287464055249,0.0190167279807538,0.0163748677306481,0.0044279045584529,0.0131989850688005
2025-09-30,-0.0257845035904643,-0.0011577533690623,-0.0029035316425692,-0.0030377824188342,-0.0289825792617008,0.0,-0.0013557157531395,0.0146655623464899,0.008389598845669,0.0183698032793353,0.032117505387248,-0.0120775800077504,-0.0023620328038057,-0.0099113573407203,-0.0135135135135134,-0.0021795125817316,0.0182723096199359,0.0066440304120978,0.0033266500633861,-0.017515923566879,0.007890687474253,-0.0174129353233829,-0.0101522842639594,0.0230219349079627,0.0019579689335595,0.007478845453233,-0.003814677930306,-0.0092504661624949,0.0159443969443182,-0.0125298329355608,0.0005917717426802,-0.0016199647270288,0.0160662650100413,0.0,-0.0089504809579896,-0.0103900187220419,-0.0108788347779787,0.0012283426534698,0.0253182558630618,-0.0112223779100409,0.0008697813121272,0.0055123679497495,0.0046297090632489,0.0030993438623099,0.0072572601263427,-0.0399766016564964,0.0222000335259862,-0.0960469456392649,-0.0086597325809782,-0.023969940399067,0.0318559556786703,0.0044903889296423,-0.0157348876665844,-0.0110014150788165,-0.0143760940579729,-0.0200462606013877,0.0046332275257761,0.0176799200167196,0.0204488713870227,0.0032626427406199,-0.0152263938492464,0.0017055985460945,0.0062455595393486,0.0130328921515008,-0.0120410509852093,-0.0018673444724264,-0.0080031062019727,0.0148475862541896,-0.0027191740616689,-0.0094900427189346,0.0017444627696667,0.0101129821011296,-0.0364464692482914,0.0052381879137948,-0.0024343528525563,0.016405878107581,0.0060485175505471,-0.0099689373690674
2025-10-01,-0.0082681701835709,-0.0085182968464178,-0.0233256076543649,0.0057131974861932,-0.0199008607158761,-0.0231307692307692,-0.0072418442377992,-0.0196960101329954,-0.0169595904098919,0.0045112247797669,0.004436666206113,-0.0091164816170532,0.0053188667232597,0.0050024900537739,0.0456621004566208,-0.0313835621619575,-0.0089551218511808,-0.014721643346234,0.0016578100776929,-0.0016207455429497,-0.005508789118263,0.0392405063291139,-0.0358974358974358,0.003968784524555,0.0013027618551328,0.0,-0.0063865590756715,0.0081089495796848,0.0012448946209813,0.014501510574018,-0.0060960249886644,-0.0062251143575517,-0.0042565057286497,-0.011152948215203,0.0210710063200638,0.0241609381318237,0.0140776964764703,-0.0081678144858102,0.0151037529263915,0.0101363356648205,-0.0148211813016282,-0.0191245986802832,-0.0179866046903509,0.0048647404923907,0.0110863230741211,0.0013224948761978,-0.0327443976242931,0.0,-0.006720045753503,0.0178608063912724,-0.0067114093959731,-0.0079090196856954,-0.0011831504547251,-0.0025455283551895,-0.0303043016166023,0.006818777865198,-0.015241479757772,-0.0097742649874839,-0.0144019168926162,-0.0097560975609757,0.0134342654270285,-0.0153062510124372,-0.0156538206816526,-0.0077183328401065,0.0006072215997396,-0.0164938387329857,-0.009212686283788,-0.0002006683484585,0.0073632305885678,-0.0015340645575591,-0.024167795572626,-0.0345903250116857,0.0378250591016546,0.012677463484485,-0.0174872345029858,-0.0055747423381284,-0.0218646622428406,-0.0139284121772265
2025-10-02,-0.0050111309191211,-0.0152274553315223,-0.0387903495695031,-0.0079530391971217,-0.0514401912806418,-0.0190955406990935,-0.0077520465216133,-0.013595480615314,-0.0161773737870041,-0.0098788371711742,-0.0014672617228097,-0.0121281275602118,0.0082263533571702,-0.019370284791626,-0.032023289665211,0.0009176371818775,-0.0453181583031557,-0.0139112568173921,-0.0214890228846463,-0.0308441558441558,-0.0104953642704317,-0.0060901339829476,-0.0425531914893616,-0.0125251449117913,-0.0107359002123677,-0.0191723808549106,-0.0218565389590472,-0.0109690292357074,-0.0582165643223073,-0.0154854079809408,-0.0128574702916183,-0.0128008177984751,-0.0103861232827067,0.002505655811017,0.0123853461288974,0.0102514206748733,-0.0047728724504944,-0.0160634318970867,-0.0263379631450699,-0.0060190567713316,-0.012388162422574,-0.009714199244707,-0.0109507881205108,-0.0185469889764809,-0.0071259709557581,-0.023102721017875,-0.0297065100010688,-0.0458284111860627,-0.0263902883738783,-0.0460500575032902,-0.0256756756756757,-0.0190636479281905,-0.0124486204454287,-0.0095575823486633,0.0161953245554578,-0.0023443605105497,-0.0048887195578748,-0.0120623745838144,0.010159558814121,-0.0410509031198685,-0.0300155638251465,-0.0020728002544389,-0.0142596598143937,-0.0295860134448905,-0.0048692737268728,-0.0342993979635601,-0.0093042452830189,0.0042087369692997,-0.0116429273154818,-0.0191913738069906,-0.0211949715445222,-0.0004743036136007,-0.0045558086560363,0.0066877326638385,-0.0136558116866379,-0.0180060283429348,0.0094999857057092,-0.030609979692009
2025-10-03,-0.0050274548955288,-0.0007942983194546,0.0155092739127682,-0.0001908761213972,-0.0264003078203648,-0.0070162481536187,-0.0082735589473437,0.0,0.0005868178242791,-0.0078572448992844,-0.0029541419212637,0.0118527185606158,0.0,-0.0016919705211042,-0.0165413533834587,0.0027796471311114,0.0158231277771756,0.0052275004519672,0.000841135166764,0.0217755443886096,0.0017682898895965,0.0049019607843137,0.0,0.0060119529264794,0.0029612910889744,0.007568432402351,0.0170824812542604,-0.0068979067694919,0.0130762487652047,0.0036297640653357,0.0020026344578152,0.0,0.0253098184784146,0.0,0.019216029126446,0.0162469990508626,-0.011770183106804,0.0037671364223283,0.0090855547546602,-0.0096896715438732,0.0053786131422681,0.0071353829288953,0.0073823339780785,-0.0031495800559924,0.0077326893204985,-0.0067528349165451,0.0078325312142701,-0.0010992062573761,0.0076458950836755,0.0045986154438908,0.0069348127600554,0.004946870321328,-0.0075038208102623,-0.0025766511618506,0.0113958900999091,-0.0015665796344646,-0.0173967658534696,0.0449521712982401,0.0,-0.0136986301369863,0.005671423852182,-0.0020771056796201,-0.0027809350823703,0.002437879750647,-0.0244800174234999,0.008680991055824,-0.0082191617764338,0.0119757303829093,0.0054799840034311,0.0046954057883021,0.0184633324695517,-0.0108449576384289,0.0137299771167047,-0.0018740280495059,0.0050362275804727,0.0012036412468361,0.0074735283039706,0.0194310625593703
2025-10-06,-0.0016842859702562,-0.0182531419165582,-0.0122179279391597,0.0009545628102329,-0.0274831632858812,-0.0086261257619609,-0.0078777875795602,-0.0081576515278313,-0.0058460194659345,-0.0006119590543759,-0.020740263129615,-0.0035558850002648,0.012817912361859,-0.005653252041768,0.0336391437308867,0.0,-0.0124826629680998,0.0015576561390244,-0.0109712427376036,-0.0098360655737704,-0.0070606742395141,0.0646341463414634,-0.0166666666666667,0.0059689698235414,-0.0163955229562701,-0.0137666300753228,-0.0142085438923367,-0.0086840394562053,0.0157765197807755,-0.0096443640747437,-0.0073996172073964,-0.0038601265039966,-0.0198633028118708,-0.0049987863838831,-0.0028553802767249,0.0039968135369738,-0.0088230047614037,-0.0221019338130719,-0.0059336676640396,-0.0004096842380528,-0.0044614528521081,-0.0112176474274613,-0.0115145502837908,-0.0142262491850416,-0.0257541151453098,-0.0210946408209805,-0.0250788661367464,-0.0207573177653449,-0.015175757914521,0.013720323151344,-0.0110192837465564,-0.0182836429542364,-0.0057429916568846,-0.0090297570002565,-0.0157716755300488,-0.0086297071129708,-0.0208284992535451,-0.001487699332707,-0.0094303773417609,-0.0052083333333332,-0.0199988958511606,-0.0083257161107012,0.0078117266404766,-0.0018809296930024,-0.0062735817463329,-0.0117332420113663,-0.017156642122887,-0.0236680189521499,-0.0089922614672949,-0.0276580315055799,-0.0123083773296864,-0.00906492364276,0.033860045146727,0.017068442497891,-0.0187912165835441,-0.0084060882330216,-0.0197806336998809,0.0015890844045092
2025-10-07,-0.0118098930289325,-0.0169774953573722,-0.0774012369052126,-0.0162081597259773,-0.0568928697310857,-0.0316406664111492,-0.0093410139350337,-0.017821506133709,-0.0164738959351838,0.0079275939866856,0.012102589828808,-0.0333817928313949,-0.0132306579151377,-0.0090943409176703,-0.0073964497041419,-0.0156784936196699,-0.0378493229616825,-0.016605390664946,-0.0162099254620522,-0.0380794701986755,-0.0056279129745961,-0.0378006872852233,-0.0169491525423729,-0.0006592836252182,-0.0260009461144798,-0.0374381339736364,-0.0301456290877446,0.0050037421148294,-0.0112953929260316,-0.0213024954351795,-0.0237762802871469,-0.0246480805047427,-0.0233467224315706,-0.0106807318279216,-0.0149011012320364,-0.0199045130576341,-0.0169124704666273,-0.0081011031566516,-0.011734680899772,-0.0228383569288992,-0.0196909076645483,-0.0188036639958369,-0.0158867034943095,-0.0240299823633157,-0.0101224159833699,-0.0569816540477576,-0.050725057892519,0.002223825689918,-0.0350121673489369,-0.0891649783983011,-0.1211699164345404,-0.0136136557484187,0.0012155334382775,0.003578024794008,-0.0263034087506951,-0.0047480875758375,-0.0193578964076447,-0.0128165391537931,-0.0031776477734087,-0.0279232111692845,-0.0368903598338145,-0.0206373708544795,-0.0365360491450411,-0.0198699961812416,-0.0069422601662546,-0.0261295006765454,-0.0180605927391288,-0.0123231768613261,-0.0101731885006326,-0.0420684082951791,-0.0160889665800306,-0.0105850790224811,-0.0349344978165939,-0.0140958915955872,-0.0191462709577954,-0.0224057596110394,0.0014022912693747,-0.0491668466432974
2025-10-08,0.0145119691961204,0.0041139920495647,0.0301993912240499,0.0112426248381061,0.0087893244223624,0.0343082351554144,-0.0042416433834705,0.0146563380071265,0.0161500274378183,-0.0090737792794255,-0.0179522924411401,0.0304074407968513,-0.0005826742785314,-0.0309794278589734,0.0119225037257824,0.0009288170428045,0.0131002732342704,-0.0005292282552179,-0.002600645936608,0.0206540447504304,-0.0107236039707901,0.0071428571428571,0.0172413793103447,-0.0118819524862265,0.0222488122781301,0.0065890429887782,0.0121694753666266,-0.0082164868756072,0.0092171176529536,0.0242537313432835,-0.0035089010195589,0.0019865059698795,-0.0012550243372964,-0.0088834094165473,0.0197798911418147,0.0233515716598737,-0.0502490154384877,0.0038691661596774,-0.0106214126993658,0.0020882322756823,0.0073023367477593,0.0051709191045232,0.0018840670727877,0.006568087435492,-0.0051158802289021,0.0176866126778503,0.0217554205287764,0.0122511123962845,0.0137924950005881,-0.0074230892914567,0.0063391442155309,-0.000363100050909,-0.0100231083047254,-0.0058368533282627,0.0082140033383115,-0.0023853697323084,-0.0112800124016305,0.0286759278640125,0.0019113836365036,0.0125673249551165,-0.0010879483400013,-0.0021431325264774,-0.0077567474673331,-0.0076102469412905,0.0012669396619986,0.0089421113718579,0.0030654628662387,-0.0216810210603094,0.0058322829347694,0.0209133534032319,0.0027631348255507,0.0554488045300942,0.0,0.0076597831846367,0.0221233287161199,0.0034080837578827,-0.0064374978522583,-0.0066744127128341
2025-10-09,-0.0134629500331202,-0.0077841134536764,-0.0032534360268241,-0.0030674785997909,-0.0055440780355136,0.010275115818956,0.003314724354501,0.0034381464930168,0.0052998762943565,0.0,-0.0167347518177946,-0.0006316431898835,-0.0046706626052208,-0.0509182318006636,-0.0397643593519883,-0.012172007344666,-0.0129308752355267,0.0,0.0069562761801666,-0.0067453625632377,0.004819096606657,-0.0047281323877069,-0.0169491525423729,-0.0026706062844479,-0.022434056227675,-0.022260434804598,0.0026595007895393,0.001255019182843,-0.0047599089543287,0.0024286581663632,0.0006207195732035,0.0011345841335501,-0.0119631849751226,-0.0083309799491668,0.0022815650715259,0.001991352619447,-0.0052438047980071,-0.0042858949149143,-0.0023153166433979,-0.0037492040733634,-0.0045283918250611,0.0015118410639032,-0.0016118777480277,-0.0065252291598336,0.0005687481676925,0.0021695594125501,-0.0153134839969707,-0.0131988573427387,0.0021466074899196,0.0,-0.0157480314960629,-0.005811711047119,-0.0135026528214043,-0.0143550474915382,-0.0069852887785185,-0.0095642933049946,0.0173320974673971,-0.0063131854009594,-0.0152554959476587,-0.0283687943262409,-0.0016307721135041,0.0132462622964482,0.0072390804665185,-0.0043613334926514,-0.0038035414360064,-0.011281147007578,-0.0464551163237598,-0.0029266687886794,-0.009113959548041,-0.0450668779419302,-0.0220488300692143,-0.000463593428563,-0.0067873303167421,-0.0015206666773255,0.0033975683598441,-0.0018523519786487,0.0478850344135854,-0.0201489846354098
2025-10-10,0.0076762544233734,-0.0099030810084608,-0.0098254729549693,-0.0011538438662889,-0.0103566763965954,-0.0148610204459918,-0.027372051237466,-0.0143951399894347,-0.0134671722061552,-0.0048849736244209,0.010827718960539,-0.0056947875718252,0.0023495807610798,-0.0249546535784446,-0.0383435582822085,0.0018987658022284,-0.0098439196017516,0.0002663025134621,-0.0017293921887561,-0.0033955857385398,0.0059918741613238,-0.0605700712589073,-0.0229885057471264,-0.0006694393801277,-0.0061635937065067,-0.0180896501780883,-0.0159699389384687,0.0145449740740211,-0.0021963241696728,-0.005451241671714,-0.0080712669813692,-0.0022636453248494,-0.0210365303474294,-0.0032274906260383,-0.012517116674274,-0.0059485727509086,0.0086251012306666,-0.0090290488409363,-0.0044327782220213,-0.0012559276657175,-0.002733385207797,-0.000604498958168,-0.0010763200617091,-0.0229883060242219,-0.0085615334579568,0.0101203542502459,-0.0144182507043164,-0.0178417402195361,-0.0042912553912062,-0.0187370069386322,0.0016,-0.009864592553532,-0.0074653025719589,-0.0089366774549007,-0.0093889847611804,-0.0337982832618025,-0.0006459348036471,-0.0116450130137466,0.0025808884237077,-0.0364963503649635,-0.0247889289997916,-0.021547985764273,0.0031621866593609,-0.009000900090009,0.0070086038740115,-0.0077410423867719,-0.0032049823498436,0.0104833750768631,-0.0013914602077755,0.0175917298904122,0.0079857162949137,-0.0202867882231304,-0.031890660592255,-0.0040601008798071,-0.0067721279520299,0.0006175354605413,-0.0137085018015786,-0.0102861451190175
2025-10-13,0.0042320991211639,0.002918045136667,0.0132194153856504,0.001540235679877,-0.0076439665366099,0.0087288017735747,0.0131003282531074,0.0048684621912544,0.0041535548984721,-0.0045992613507199,-0.0107117353011187,0.0036056659851906,0.0122784785192284,0.0358280818522975,0.0398724082934609,0.0104034711485712,0.0,0.0124014401272958,0.0112464766970379,0.0,0.0041714912077563,0.0632111251580278,0.0117647058823529,-0.0006698878294209,-0.0017205046813733,0.0027318291967066,0.0135336234732557,0.0259590779335519,0.0207246551842805,0.0036540803897684,0.005842324654703,0.0039696273223945,0.0201806515041125,0.0012924554613045,0.0213218605367799,0.0209240544463615,0.0175805013570828,0.0004330305065571,-0.0048737580974664,0.0041887066025829,0.0045614596670935,0.0072583751782491,0.0040405491555253,0.0083943942519741,0.0086354662915368,0.0114427450598366,0.0061605184692343,-0.0238321523525377,0.0043097496275301,-0.0050901086806988,-0.0063897763578274,0.0018449763386538,0.0094018156132273,0.00968507763796,0.011840085036022,0.007773459189339,0.0071212148701851,-0.0010686323686563,-0.0038646090001297,-0.0075757575757575,0.0094964305690039,0.0014442253908577,0.0177657305884335,0.0108040309675188,-0.0094974961146606,0.0086230876216968,-0.0064305745777081,0.000415578247447,0.0053020015351006,-0.0071679274487148,-0.0027976890095517,0.007530217030027,0.0635294117647058,0.0149471303546258,0.0068183023680823,-0.0027803757642851,0.031342551019839,0.0017321749224601
2025-10-14,0.0160231694851424,-0.0112219225687341,0.0162671801341212,-0.0036524341303421,0.0137856859148581,-0.0125865732405561,-0.0086222531579799,0.0103861083948202,0.0141809537621457,0.0009234404943549,0.0247674045556625,-0.0192345961676313,-0.0052020834279264,-0.0339736140542756,0.0122699386503066,0.003751308021876,-0.0397293414984502,0.0117327609140363,0.0,0.0017035775127767,0.0103838679523762,0.0047562425683709,0.0,-0.0006703368799383,-0.0051793165796024,-0.0013584407201987,-0.0080200570684544,-0.0349394118212134,0.0488582813406479,-0.0103155339805826,-0.0033190800878307,-0.0036710870955101,-0.0165892273274823,-0.0064675231152808,-0.0005628245670024,-0.0009791560479651,-0.0018685436009644,-0.0073759992933173,-0.0091592003246077,-0.001666711231138,0.0009161156695609,-0.0018015177031822,0.0042895937853055,-0.0133333333333333,-0.0039906942401564,0.0127283773171129,-0.0019143951082919,0.0209262773902541,-0.006433264827626,-0.0102184734513274,0.0032154340836012,-0.0040514730730821,-0.0006220295658428,-0.0069465366009066,-0.0081852403046485,-0.0269972451790633,-0.0012858159414155,0.004824906121736,-0.0064638337759724,0.0095419847328244,-0.0074708671925266,-0.0104536263400861,0.0118235769317505,0.0105216766221096,0.0025620035170699,0.0040731469302897,0.0,-0.0045631035038191,-0.0047190311743841,-0.0165604647996804,-0.0039699667509356,-0.0144779991189858,0.0287610619469027,0.0,-0.0050767012936008,0.0006188750510411,-0.0134766443588184,-0.0043184225535729
2025-10-15,-0.0049773635858197,0.016813414120705,0.0224421795374363,0.0233415282286297,0.0027997640450427,0.0071701956403897,-0.0183586487876269,0.0130141505975511,0.0116574029171485,-0.014470420951688,0.0181266044706029,0.0221972047317964,0.0052292866131566,-0.0223734657643516,0.0227272727272727,0.0,0.037948273825926,0.0038655665367062,0.0025650523196594,0.0153061224489796,0.0560754489596553,0.008284023668639,0.0058139534883721,-0.0174475858820842,0.0072878988647351,0.015662107320006,0.0296167004119247,-0.005741364845072,-0.0244404793240266,0.0128755364806867,0.017900624747805,0.0121953022654757,0.0025986070766108,0.0084652466751,0.0118549997677765,0.0156281467756878,0.005145689454489,0.0122363620183323,0.0002147162535777,0.0045888759932148,0.0,-0.0030079483775563,0.0,0.0304054054054052,0.0028652789381404,-0.0048868990138414,0.0245299917797128,0.0148116851762434,0.0150984348028755,0.0129084533605285,0.0480769230769231,0.0107246067390027,-0.0139784423373044,-0.0089932385073804,0.0011768686467481,-0.0203850509626273,0.0015016741637636,0.0453557848995112,0.0136669483918732,0.0189035916824196,0.0256485672096902,0.0174846744033618,0.0139113409449329,0.0142610949031827,0.0063735200278227,0.0320346503274879,-0.0045292233366591,-0.0075030606270294,0.0133892349135069,0.0246092703402698,-0.0075072858530639,0.0118498947117484,0.021505376344086,0.0185781673531171,0.0140273518920557,0.0077439059381636,0.0024120096151474,0.036461174759047
2025-10-16,0.0133393644289527,-0.0103334983572618,-0.0376050353046423,0.0045248956727768,-0.0231345314708645,-0.0031640666411149,0.002463041781046,0.0074331415336734,0.011523073802983,-0.0062476093331632,0.0,-0.0349974387432766,-0.0040475063080126,-0.0300906734046613,-0.0666666666666666,0.0009343220755719,0.0166116736830128,0.0041065907168169,0.0221858922848143,-0.0452261306532663,-0.007783435489123,-0.0258215962441312,-0.0346820809248554,0.0047788857497692,-0.0068885215010755,-0.0040179364233705,-0.009154280134534,0.0110484594728919,0.0008678763885401,0.0090799031476997,0.0004100853661035,0.0053230184026853,0.022000366527328,-0.0077500457679867,-0.0139480176716965,-0.0173177341529512,0.0004632019801884,-0.0021583366301815,-0.0006440104812152,0.0037414240517577,-0.002725934179633,0.0012068093713131,-0.0024042599925199,-0.022950819672131,0.009140349539169,0.0042124919131918,-0.0022433786400015,-0.0796864405771587,0.0092055793129179,-0.026784359699331,-0.0198776758409785,-0.0084154699800457,-0.0078773552338713,-0.0100847314491611,-0.007082298661416,-0.0115606936416184,-0.0068554678265801,-0.0030605352039491,-0.034016947071104,0.0129870129870131,-0.0187568399552878,0.0028646672097913,-0.0035671554578591,0.0188740685077337,-0.003801395848515,-0.0251483226944982,-0.0019518113600696,0.0035696587586426,-0.0016508136152817,-0.0096883430449202,-0.0061462579077293,-0.012648597708822,0.0084210526315788,-0.0092017383941453,-0.0213813369032191,0.0,0.0269905200959199,-0.0092201070269321
2025-10-17,0.0181089336822664,0.0054298889464923,0.0,0.0251443940288111,0.0138813991947079,-0.0031741097358454,0.0260169627783584,0.0100652336341169,0.0068290074851755,0.0047168537201356,0.0074259709111035,0.0133260196893323,-0.0005796346347975,0.0263023995766651,-0.0063492063492063,0.0093148477494029,0.0261145308711061,0.0092020401003858,0.0200327101537016,0.0298245614035088,0.0016815850463813,0.0048192771084336,0.0,0.0040767056748609,-0.0020853657445112,0.0080757200912324,0.0092388552031863,-0.0049687551942059,-0.0011155833830251,0.0017996400719855,0.0269816653116623,0.0125425373936747,0.0031679617453677,0.0143228098947656,0.0186722836744073,0.0127261720589224,0.0204679067658875,0.0056255754430636,-0.0053768560450876,0.0033157731639295,0.0018156062329164,0.0036160642137585,0.0034811896742557,0.006711409395973,-0.0203824174035381,-0.0048902977371392,-0.0037487047564942,0.0243899286526729,0.0126337492446055,-0.0248997349885917,0.0062402496099844,0.0059039242836926,0.0047652659170815,0.009508541691845,0.0083166851646319,0.0561403508771927,-0.0006483408368583,0.002559144380567,0.0279015616845317,0.0659340659340659,0.0138519437453032,0.0067822610811567,-0.0148726082634289,-0.000852263414954,0.0,0.0084632217364095,-0.00912406347864,-0.0035569616194436,0.011026538349373,-0.0042556375094617,-0.0171213946224385,-0.0004722585391799,0.0146137787056368,-0.0028184244030905,0.0064274522549443,0.0141349910628134,0.0447560118426377,0.011838248966256
2025-10-20,-0.0008081016488712,0.0083089086698509,0.0195206161609455,0.0054925350597383,0.0249715225359792,0.0079605419733936,-0.0062193318380819,0.0179454169126485,0.0186704965121049,0.0046913488972304,0.0088363220144982,0.0064695251316169,0.0203185277864665,-0.0092016023479951,0.0127795527156548,0.0055392762920922,0.0477731321577894,0.0154494298566172,0.0147316762043123,-0.0034071550255537,0.0047550428098823,0.0455635491606716,0.0179640718562874,0.0155783199314669,0.0305879926097327,0.0414185484346443,0.0274492785071063,-0.0039948536049643,0.0109170685842634,0.0023952095808381,0.0055747614538728,0.0046781947334433,0.0467224487363913,-0.0430084346115497,0.0144458153403248,0.0135226684023856,0.0191405197714478,0.0176409258967213,0.0121076642538915,0.0086657636152647,0.0209113359356327,0.0138082809428277,0.0178703797047992,0.02,0.0092460164386813,0.0042080792178269,0.0030078388537284,-0.0071415052678065,0.0297966749045157,0.0053774380141267,0.0155038759689922,0.0084370792805603,-0.002529641661582,0.0006725328431942,0.0329776773265626,-0.019656699889258,0.0185645585700027,-0.0056199051738479,0.0006509399572984,-0.0189003436426117,0.0101095074078541,0.0248221094664784,0.0044730173308162,0.0108633246940716,0.0031748904625084,0.0123904641322094,-0.004600705441501,0.0016797132259718,-0.0054545821663143,0.0072615254064996,0.0002406774332979,-0.0080670028746778,0.0,0.0128044578612478,0.0038318423690908,-0.0033316383986923,-0.0151936024790904,0.0434386922888445
2025-10-21,-0.0113311766527859,0.0012335987439722,-0.0191468577010746,0.0,0.0070745640018854,-0.026062318333184,-0.0110726745905032,-0.009796249196456,-0.0133285942775902,-0.0062281537972672,0.0,0.0042831242734955,-0.004553757328803,-0.0583510134368786,0.0252365930599369,-0.0119372640139413,-0.0030188417363543,0.0009977119918544,0.0064513876157801,0.0273504273504274,0.000277026695562,-0.0080275229357797,-0.0117647058823529,-0.0026723374091794,0.0033722483541251,0.0038497466527018,-0.007642555438226,-0.006012746308495,0.0511724324590323,-0.0143369175627239,-0.0007916643695903,-0.0065761094685119,0.0144750752215987,-0.0040196547743079,-0.003834524231828,0.0028571803038046,0.0246008449149752,0.0038053748767772,-0.0072639278446902,-0.0077733013127561,-0.0097928289961375,-0.0041429791064137,-0.0094351989140343,-0.0081612892070408,-0.0080205570876673,0.023076754016454,-0.0157588132844875,0.0024018604887596,0.0100970847309715,0.0106973516826645,0.0137404580152671,-0.0007275209162264,-0.0104550354122167,-0.0080684889089066,0.0091213912252783,-0.0073425585992656,-0.0033918008836943,0.0056516670064985,0.0058091124352734,0.0140105078809107,0.0102791382995452,-0.004844911561138,-0.0022265492719267,-0.0004624802735935,0.0044352898725041,-0.007894552799707,-0.0052851219463181,-0.0048208097932469,0.0005481597494128,-0.0178189062061219,0.008708953501505,-0.0129209201580394,0.0205761316872428,-0.0016422743167984,-0.0148463270705392,0.004863925883034,0.0032889969982403,0.0008050989600805
2025-10-22,-0.0122703657613283,0.0042249103942653,0.0260606865413983,-0.0149290433999098,0.0187258198181949,0.0097308142451095,0.0072999975085332,0.0039586773360429,0.0011287223823248,0.0059541640441194,0.0058392835531888,0.0089594395869456,0.0102848050506541,0.0218293892588918,0.0061538461538461,-0.0018519062876628,0.0243978838925238,0.0129602511377489,0.0168274234959404,-0.0099833610648917,0.0075151529138888,-0.0046242774566475,0.0059523809523809,-0.0073490739029695,0.0006721829031361,0.0102219214392464,0.0102685518947607,-0.0083215761452937,-0.0107404308110037,0.0060606060606061,0.0017832078319901,0.0085491713946392,-0.001194388777555,-0.0269364791032011,-0.0104456352167131,-0.0095011566057215,0.0047975089161251,0.0008448155343137,0.0103307753843018,0.0045365169777713,0.0107860520094562,0.0086228094076676,0.0082017350389649,0.006589728391618,0.0167458016941415,-0.0109344007561706,0.0034332808578321,-0.0023961053779254,0.015989794609772,0.0251301561874248,0.0346385542168674,0.0025481770589008,0.0166501824402891,0.0115218571190389,-0.0135584152282262,0.0301564722617355,0.0040402144352749,-0.0066388704042587,-0.0128446419216515,-0.010362694300518,0.0117799990776608,0.0080037682108724,-0.0471390470372289,-0.0009984455096333,0.0006361608813447,0.0155208160557307,-0.0238993117752428,0.0155869700419426,0.0013710979508898,0.0056155430368607,-0.0047951824238309,-0.0111496594147317,-0.004032258064516,0.0177643550518573,0.0038747410746924,0.0024201913103607,0.0088210032730566,0.014396326339076
2025-10-23,0.0041409326790073,0.0041134454343878,0.0285695797068623,-0.000184843940263,0.0555368222282171,0.0112432110213271,-0.0019292604501608,0.0085327710419962,0.0106747907021371,-0.0028038759067426,0.0275680553466686,-0.0004216284704089,-0.0056520855560635,0.024809147072895,0.0550458715596331,0.0074410020811246,0.011891414398804,0.0012292350176161,0.0078820759545501,0.0352941176470589,0.0035906745543152,0.0174216027874565,0.0059171597633136,-0.0107758620689656,0.0060499161419216,0.0132796471786855,0.0025278790831171,0.001781092186001,0.0147505258749398,0.006024096385542,0.0102814568077473,0.0030080461670933,-0.0083305912472613,-0.0173022444977118,0.0105558982795257,0.0048027444253859,-0.0034728478253036,0.0122030644774278,0.0023424391634772,0.0065655789866361,0.0,0.0032417367011376,-0.0007875416740802,0.0081745756841011,0.0107914927357104,0.024188410413831,0.0075971022365641,-0.0563611178182466,-0.0118052695215444,-0.0051623344913704,0.0218340611353711,0.0032679004581799,0.0072438284487887,0.0113906160682033,0.0034397613576353,0.0179508423087544,0.0033874237996567,-0.0030877927515373,0.0117145271930341,0.0471204188481675,0.0108480447595795,0.0080862435291799,-0.0023419134234083,0.0042293519462737,-0.0031563437273277,0.0039158360657076,0.0081614912831411,0.0093319715379107,0.0071153155865357,0.0133185250999554,0.0115663346043501,0.0166690638612641,0.0060728744939269,-0.0019391768100966,0.0244453075690633,0.012979063220498,0.0354842750894199,0.0268144794884928
2025-10-24,-0.0008247712137297,0.0053273498767023,0.0277760301981755,0.0009243905693103,0.0174144650672458,-0.007147418578376,-0.0062995638382236,0.0078124455533177,0.0055658406911611,0.0021876698631699,-0.0014050905258843,0.0078258989078001,0.0028421066077382,-0.0275712284927501,0.0246376811594202,-0.0101631165591565,0.0235369170332069,0.0024554517080086,0.0039102173471459,-0.0259740259740259,0.0330307111146617,-0.0148401826484017,0.0529411764705882,-0.0006803755093768,0.0060092270712448,0.0081195551117385,0.0038085232122924,-0.0032992805183448,0.004536413726528,0.0425149700598803,0.0174207518246107,0.0114503057299852,0.0102053203628917,0.0176068830938442,0.0011022180017634,0.0028626204795545,0.0318210787526498,0.0149683362118595,0.0282623965269375,0.0004098521480178,0.0035667300102324,-0.0017634020195386,-0.0013106848547299,0.0081254724111867,0.0089863013698632,-0.0013501572827201,0.0101831846692979,0.0266921647318663,0.0185816375236136,0.0259456123865755,0.0142450142450143,0.0021715040463849,-0.0071917327703507,-0.0115952079613032,-0.0079938552571688,0.0051546391752577,-0.0063305318400909,0.009801296690028,-0.0109312973144497,-0.0033333333333332,0.0143980791288442,0.0149925580418415,0.0108564033143416,0.0188285365202405,0.0069554386728394,0.008976580358087,-0.0134946486738017,0.0088342115760082,0.0046190106636776,-0.0186542626414961,0.0085737497219453,0.0212159642678497,-0.0060362173038227,-0.0004870132634485,0.0087912608705955,0.0250304445051119,-0.0016913162637959,0.0176669348350764
2025-10-27,0.0033018080911859,0.0069299579252555,0.0059988369601811,0.0036941474421836,0.0231803285122749,0.0023996239764492,0.0160856705355407,0.0038793997648847,0.0082966494754108,0.0028056219575072,-0.0042505166576282,0.0023072314497316,0.0068080932880734,-0.0041468369931257,0.0099009900990099,0.014008249411811,-0.0086274767090932,0.0144608794399643,0.0054462373750148,0.02,-0.0114563798612971,0.0336037079953648,0.0391061452513967,0.0177090500851049,0.0026548142058251,0.0018581265712098,0.0050369595080788,0.0150246180396933,0.0034725405835771,0.0269959793222285,0.005193107291354,0.0048537277022222,0.0101022239312951,0.0131473814193361,0.000547679139071,-0.0038102969674749,-0.0097162657648384,0.0057388809182208,0.0165305084493285,0.0126348362352632,0.0035443431312571,0.0088325854967958,0.0084122530106394,0.012882337905768,-0.0105811939428239,0.0013519826719707,0.0134380551063812,0.0544493415184428,0.0117283665428049,0.0240181537325878,0.0168539325842695,0.0079486520798661,0.0069283077904023,0.0053639524155326,0.006911186946173,-0.001349527665317,0.0108331454516639,0.0112346115454999,0.0117003096948229,0.0083612040133778,0.0147104581772923,0.0099615737288467,-0.0194487938686851,-0.0080371041011467,-0.0018777383684539,-0.0081227400441006,-0.0143659822419534,0.0002039380860618,0.0094673506581939,0.0103688746130099,0.0016541447112918,-0.0018900037602168,0.1052631578947367,-0.001132942737837,0.0008268345391335,0.0058145276407022,0.0072515921597726,-0.0196211737920565
2025-10-28,-0.0098728260964701,-0.0113329119702237,-0.0238826858133803,-0.0014722203777307,-0.0090605352697255,0.0079795985521553,0.0052720971558164,0.0045050319967487,0.000544267053701,0.0158518182182394,0.0085226018222765,0.0039785493238373,0.0056297758210617,0.0104102621429769,-0.0042016806722687,0.019338679300235,0.0376890241884781,0.0026582404035537,-0.0085192017440884,-0.0098039215686275,0.0204849673531311,0.0224215246636769,-0.0322580645161291,0.0040210661162907,-0.0026477848290471,-0.0030956796857952,-0.0075240822702421,-0.0027611284549824,0.0310336811205991,-0.0044742729306487,-0.0262194484896685,-0.0319212610758077,0.0258793670936272,0.0013693719529681,0.0131709629362104,0.0162589871321354,-0.0046934649803811,-0.008555054241449,-0.0270365322899722,0.0016096821953655,0.0035318251311129,0.0035021015870324,0.0033913240076752,0.0,0.0191354386937983,-0.0161948185063443,-0.0305715812805558,0.0164330053366836,0.0135168634614128,-0.0148177813376051,-0.0290055248618784,-0.0096773955247586,0.0009400490261679,-0.0003349849954638,0.0034176349965824,-0.0154054054054053,0.0086147119227966,-0.0186876969662694,0.0154221514645542,-0.0116086235489221,-0.0038138992396842,-0.00136009241563,0.0094730396570974,-0.0015171651828602,-0.0025232919254659,-0.020280101116015,-0.0048561113105165,0.0073298712539218,0.0091121402617722,-0.0611370509895473,0.0257022095427739,-0.006151665063896,0.0054945054945054,0.0087565793737698,-0.0107775211701307,0.0008271200157092,0.0155994863194492,0.0130872320866999
2025-10-29,0.0,0.0045016648168703,-0.0091634459543699,0.0123461246886393,-0.0112569630200247,0.0007916428629723,0.0124079535910308,0.0249819989713697,0.0323516509227035,-0.0079566966398485,-0.0295697355362252,0.0335770399255157,0.0168073569927913,-0.0061818030950503,-0.0168776371308017,0.0045143717023181,0.0027742346938774,0.0019276263909577,0.0124995771455633,0.0033003300330034,-0.0103024478922828,0.0208333333333334,0.011111111111111,-0.0033386496544391,-0.0059733319631065,0.0223252759880165,-0.0025314131318696,0.0077976968676682,-0.0152180570559352,0.0140449438202248,0.0180816542808721,0.016901506111989,0.0372715465256519,-0.011598685482312,0.0427977854763788,0.0404433637704026,0.0484359860976542,0.0061610918475327,0.006684998235694,0.0,0.0202485753680901,0.0229701670528064,0.0223475306787457,0.0286166114298211,-0.0077270201934305,0.0034273643065514,0.0205170407786827,-0.015004650707397,-0.0114313667434765,0.0137804878048781,0.0113798008534851,0.0050650096600699,-0.0018750713342355,0.0010018011477082,0.0011495231607629,-0.0118034586878945,-0.0016661886318204,0.0138989302067289,-0.0101210317333859,-0.0184563758389262,0.0153167514085477,0.0160072731389113,-0.0044006755631675,-0.004474219116462,-0.0018935141527085,-0.0067658381176782,-0.000700146394246,-0.007478948031535,-0.0002668232029457,0.044627172843169,-0.0066664644404672,-0.012374496865227,-0.0072859744990892,0.0181676462034776,-0.0159295814748031,-0.0069533628234398,-0.0063804066632818,-0.012162022334185
2025-10-30,0.046550276243094,0.008154191563837,0.0154136520918528,0.0111032493332607,0.0192114195778734,-0.0031640666411149,0.0193219472432704,-0.0356263548050418,-0.038771416915964,0.0123405256235693,0.0043465182734245,-0.0088773411280718,0.0027590473244663,0.0069160335086693,-0.0286123032904148,0.0116903064320388,0.0139281966483288,0.0024063077422173,-0.0007684469019897,-0.0016447368421051,0.0040028769813826,0.0053705692803436,0.0054945054945054,0.013377997781002,0.0060092270712448,0.0121231584440608,0.0076003629239043,-0.0059887262672285,-0.0013635198633061,0.0038781163434902,-0.0007721027864522,0.0029973890042702,0.0176866489278446,-0.0013835466602921,-0.0275335690555799,-0.0189819131083348,0.0494667141452165,-0.003674850553306,0.0213794592191571,0.0225079280502582,-0.0043190216518131,-0.003125635291726,-0.0012687056376869,0.0139020640476268,0.0005541875439207,-0.0027282296582193,0.0152621417845821,-0.0035163142069033,-0.0038545179899208,-0.0061750671638798,0.0421940928270041,0.0028834164588529,-0.0087689492943021,-0.0043309818635774,0.0034020837763129,-0.0063888888888887,0.0133539487246967,0.0081227296918839,0.0223741734433047,0.0188034188034189,-0.0133261870538651,0.0261482056620789,0.0017680508434081,0.0047238767201072,0.0031643433987447,0.009217609936809,-0.0216348195329088,-0.0083489755232677,0.0124850398655975,0.0026148151821578,0.0120341268387103,0.0240944993232732,0.0220183486238532,0.0075791165779059,0.0200209274627141,-0.0055441632115433,-0.0142686466928322,0.008460305054428
2025-10-31,0.0095277512648765,0.0088948704347482,0.0729553903345723,0.0030590292408299,0.0020935127992378,0.0047611646037679,0.0124825513994368,0.0025946455949994,0.0033185384284393,0.0009130298190958,0.0375716916994863,-0.0061086322558042,0.0186802882242622,0.0137370610428557,-0.0044182621502208,0.0079940021554754,0.0274737337305943,-0.0019192993713027,0.0123547605115774,0.0131795716639209,0.0045214458707709,0.0085470085470085,0.0273224043715845,-0.0118819524862265,0.011282960374757,0.0173786009862637,0.0025186944549571,0.0045194992795261,-0.0102397915768389,0.0104856512141278,0.0013516858406601,-0.0043452643982913,0.007609380263948,0.0055346003191643,0.0117536565405802,0.0221115588332192,0.0066245228525843,0.0028706137605873,0.0026408192817473,-0.0041604330212308,0.0095297758034815,0.0019946978000968,0.0038166103181451,0.0093883081687957,0.0033347037595359,0.0171321892726359,0.0139371458978931,-0.0035411912866742,0.0245107651280442,0.0186537556317665,0.0202429149797569,-0.0132840454543772,-0.0047363841316299,-0.0046825366250013,-0.1054319417955781,0.0072686608890131,-0.0105008234879094,0.0070475594942158,-0.0043769050557976,0.0151006711409396,0.0050973936899862,0.0173147981636745,0.0138213127265789,-0.0003046263116968,0.0176405073888312,0.0,0.0014322605846226,0.0041068063442499,-0.0005244318654791,0.0247804562193953,0.0146345765953543,0.007530217030027,0.0179533213644522,0.0227245383151075,-0.0062637388611813,-0.059859780308435,0.0156822765343478,0.0839092674118522
2025-11-03,0.0157380834846343,0.0008038655067827,-0.0566478995236031,0.0087937954887384,-0.0160231223622222,0.0142239519300444,0.0082159898678804,0.0135762574645197,0.0110095408187245,0.0118716385215216,0.0278547511834661,-0.0065546779581586,0.0269676122186961,0.0060938202936484,-0.0162721893491123,0.0105896353595269,-0.0053417172857971,0.0264425245872055,0.016778412656472,-0.0097560975609757,-0.0015881375178973,-0.0148305084745761,-0.0106382978723402,0.0086865731007443,0.0045940899256053,-0.0047106369430891,0.0,0.0074997953306921,0.0032188507331443,0.0262151829601311,0.0096489286013674,0.0259207838540629,0.0091655097724248,-0.0013778377325551,-0.0121436830591007,-0.0144180107360252,-0.0054172267811641,0.005312908245201,0.01175638221495,0.02070761206249,0.0111604204667257,0.0153088806772287,0.0166824500287481,0.0015182024483011,-0.0033236204698599,-0.0060639859942395,0.0112102431908867,-0.0153413001313896,0.0151138161588322,0.0439650392120618,0.0039682539682539,0.0101890429349844,0.0088853122443774,0.0117631741920953,-0.0811250434288241,0.0113794060505134,-0.0004177538839081,-0.0084996793534136,-0.0194695527316199,-0.0165289256198346,0.005322662532277,0.0122039076518734,0.0005793095336117,0.0111503147427931,-0.0024753384309145,-0.0142981294487668,-0.0306267651923923,-0.006955315026866,0.0133841938251144,-0.0165464406065712,-0.0241161749028901,-0.0009348538984876,-0.0229276895943562,0.0013794592713038,-0.005042576471148,0.0065544270399733,0.0166261605016284,-0.0246349356115612
2025-11-04,0.0193657331136738,0.0112146854634578,0.0,0.0081851584842598,0.0046008266684327,0.0,0.0086079422985105,0.0030174973887042,0.0032192457435062,0.0120328544748389,0.008129967143138,0.0111336074641508,-0.0078784269093095,0.0141463414634146,-0.0075187969924812,0.0078475026909665,0.0107408089363529,0.0088975205612662,0.003004710086081,-0.0311986863711001,0.0,-0.0182795698924731,0.0268817204301075,0.0101468154772383,0.0111102681469117,0.0106474651068664,0.0137984899765686,0.026302959215398,-0.0359807189940425,-0.0042575838211813,0.0007642818518187,0.0042539620914852,0.0010659598680513,0.0013797387887193,-0.0069460472375172,-0.0054968553459119,-0.0155655524399346,0.0085335319800525,0.0348552014637657,0.0144373286807539,-0.0033939281231112,-0.0042064446616051,-0.0029939870759556,0.0151430531841898,0.0294755835731579,0.0149150905203945,0.0300408711547341,0.0047910127209647,0.0080634517606983,0.0678242614326185,0.0039525691699604,0.0003563791874554,0.0094373067403705,0.0049837411097779,-0.002749849617599,0.0085071350164653,0.015616521084601,-0.0176481458666993,0.0025610424797599,0.0016806722689075,0.0315279602941014,0.0034895100517,0.0092753418739364,0.0023276009056627,0.0136591903155971,0.0100720028549237,-0.0088225870149998,0.0177142195704558,0.0225328884286426,-0.0056082772282527,0.0034646688170429,0.0004703138855277,-0.0054151624548737,-0.0111717458789905,-0.0038010996892182,0.0238774633773919,-0.0011666240338894,0.005055963240351
2025-11-05,0.0015191796429927,0.0277193374150943,0.0450524898234014,0.0192341633384582,0.0246670854758526,0.0280328816389441,0.0152673860690846,0.0184588996807808,0.0211939019021802,0.0032725647329268,-0.0026881346017243,0.027529602166697,0.0148239727533714,0.0192533803644914,0.0196969696969697,0.0233774532177089,0.013298518338596,-0.0055707879424842,0.0179499635657029,0.0372881355932201,0.0140467418866534,-0.0460021905805038,0.0157068062827225,0.0046913339281731,0.0232602732873685,-0.0005813465277463,0.0321777092963533,0.0205512697379972,0.0366110444449476,0.0101549973276322,0.0294055705293343,0.0209229052932713,-0.0021368443772932,0.0178686076625091,0.0274472912401084,0.026674930119019,-0.0098812690319962,0.021362593712684,0.0164529156384425,0.0061540969575937,0.0051128941966784,0.0067593708029152,0.0042542187669438,0.0253858970731555,0.0081036108491874,0.0327298683667256,0.0336809736398495,0.0429641059368122,-0.0135352502556174,0.0569550541836916,0.0183727034120735,0.0320404346277165,0.018073797546152,0.019836106420088,-0.0013787160706592,0.028843537414966,0.0030744172718908,0.0369598160631237,0.0083069518441303,0.0234899328859059,0.016379764160876,0.027503776187036,0.0080398820079614,0.0198355869577258,0.0055062799195124,0.0159570046220862,0.0281693317395519,-0.0103211104034145,0.0136772700115472,0.0195265528814228,0.0200224262386992,0.0327106236074725,0.0072595281306715,0.0171780479032366,0.0309471814931248,0.025135073836221,0.0177782883730279,-0.0236938671158299
2025-11-06,-0.0075843761850589,0.0080923454850811,-0.0459803778005564,0.0076173848466347,-0.0302609419645392,-0.0075745744182413,0.0110542754968085,-0.0031276523226828,-0.0042597119731371,0.0142218403424188,-0.1347690073180268,-0.0033751205400194,0.0005212756611123,-0.0657993052369404,-0.0549777117384844,-0.0076085308310513,-0.0157308084137353,-0.0063029294110239,-0.0176334438903337,-0.0065359477124182,0.0002600836602439,-0.0241102181400689,-0.0515463917525772,0.0099979879136051,0.0132641338797592,0.0105414191813757,0.0179882069016992,0.0161099361471752,-0.0225900567424151,0.0132275132275132,-0.0107583322311863,0.0134752079974898,-0.0101591284347444,0.0195818568391212,0.0015726827166477,-0.006270635194402,-0.0139701803912477,-0.0047327673832777,-0.0220913540735162,0.0061164556962025,0.0033881627803356,0.0013965345946924,0.0,-0.0116505449695705,-0.0150040439942559,-0.0582148616965048,-0.0107488727840978,-0.0858081806385893,0.0093600884815925,-0.0352292591098561,-0.0167525773195875,-0.0080221210617534,0.0009199073704384,0.0051849338310145,-0.0443351453964966,0.0171912192541654,0.0141028394690492,0.037622894231593,-0.0101402015277307,-0.021311475409836,-0.0101024749898352,-0.0089225223382632,0.0179505104369477,0.0011714870903674,-0.018877466243796,-0.0459367571791524,-0.0439808721593402,-0.0051130320677168,0.005497526113249,-0.0340451000756948,0.0300109243062378,0.000905663955997,-0.0234234234234234,-0.0034991888025958,0.0156236179196751,-0.0082709250767538,0.0091924344077829,-0.0294061014964918
2025-11-07,0.0030569354222393,-0.001529223080079,0.0662471220260936,0.0082472144612379,0.019501324934924,-0.009158863797309,0.0013118306529602,0.0025072905842524,0.0010709077652206,-0.0119797680606456,-0.0482938954708331,0.0073677632639896,-0.0208577249098488,0.0195255768920445,0.0235849056603771,-0.0136439626813352,-0.0693476209321439,0.0063429083143902,0.0067282001457371,0.0082236842105263,-0.0151540595003358,-0.0176470588235294,0.0,0.0178264752352819,0.0386402926868492,0.0110134694347443,0.0106070974679832,-0.008860074558739,0.0124364153861533,-0.0041775456919058,-0.0118132935587781,0.0050547374151983,0.021073103930538,0.0397322452611164,-0.0047106398081327,0.0009049998140411,0.0060702486451085,0.0051549096780705,-0.0105161201051612,0.0094973528997324,-0.0025348542458808,-0.0013945870056937,0.0009967522489222,0.0147193398787088,-0.0059824381088569,-0.0418972104501988,0.0407489665117188,0.0187698144242376,-0.0173068012472917,0.0021486643437864,0.0078636959370905,0.0080869959220661,0.0483177656583577,0.0377310720120986,0.0260943368968507,0.0101404056162246,-0.0006057448331659,0.0257638082842419,0.0012829273953349,0.0134003350083751,-0.0063179870343919,0.0055880873457068,-0.0134340556432114,0.0050601718753633,0.0415887368746594,0.0172816741353802,0.0060344629786843,-0.0211705108225834,0.0077043992093199,0.0894292274889287,-0.01051484730236,0.0131084013151039,0.0129151291512916,-0.0109920281303437,0.0044508821547586,0.0017877771054513,0.0248234882908073,-0.0007617898888263
2025-11-10,0.0045714285714286,0.0114888141783922,0.0875824144185644,0.0139732343679712,-0.0205216738887443,0.0107841113034641,-0.0048022535715083,0.0156347173647006,0.0186866962558323,0.0153769935786283,0.0147383060276109,0.0122564959428497,0.0063912089488882,0.0,0.0046082949308756,0.0129670129396757,0.0229302279938503,0.0177396523258137,0.0178299997587279,0.0065252854812398,-0.0005307841028786,-0.007185628742515,-0.0054347826086956,0.001295852596767,0.0005999821940767,0.0063070927908093,0.0093228536880289,0.017406303379442,0.0023175603698337,0.0146827477713686,0.0079696771752251,0.0079369715766666,0.0105794816553357,0.0044591821044397,0.0036793706709312,0.0045085216012681,0.0076484308824695,0.0118312302712426,0.0096449467896451,0.0056432058194813,0.0016972889750415,0.0078324658364521,0.0067213781314567,0.0029042218214057,-0.0055126915533878,0.0394262541303693,-0.0130511672596378,0.0344001458295357,0.0144639420932572,-0.0246508663151184,-0.0039011703511053,0.0136027270177558,0.0087517960207486,0.0055919715033914,0.0127065697541401,0.0097812097812095,0.0060505234603482,0.0288380505080154,0.0108683754740428,-0.0082644628099173,0.0288578747693029,0.0080293211311595,0.0045389956681067,-0.0008018504240555,0.0059595345483336,-0.0101127621456422,0.0074959327342669,-0.0193196496543319,0.0098653234662708,0.0343717197569433,0.0205880238013913,0.008033555760265,-0.0182149362477231,0.0066366976260168,0.0185415050426687,-0.0071383466490954,0.0082218629704664,0.0272944577241647
2025-11-11,0.0311040108440443,0.0151375883265352,0.0103772336201191,0.0252114238181062,0.02095163654128,0.0312529461676251,0.030286964609046,0.0190878144814554,0.0214887389400302,-0.022713056097683,0.0354832778994167,0.0232376546870676,0.0010574466821124,0.0129994357047498,0.1804281345565748,0.0358302672651871,0.011192120746994,0.0240835499023421,-0.0087627807013384,0.0826580226904376,0.0058389741896429,0.0024125452352232,0.1147540983606556,-0.0006470877680189,0.0386814496162417,0.0085495338618117,0.0427214242072098,0.0120223724104331,0.0041608040666933,-0.0031007751937985,0.0224008154140094,0.0270429763344319,0.0026189467739656,0.0031681375876895,0.0042526390586057,-0.0018249075215781,0.0291523458528304,0.0167653642815184,0.0253403401996876,0.0175920748416673,0.0270457954482323,0.0155400902087821,0.0192876748460697,0.0246143998049135,-0.0022319915014804,0.0310382197818077,0.0168603728329306,0.0795654800866019,0.0074366253799964,0.1593431402837519,0.0522193211488251,0.0106673194058652,0.02400272799423,0.0259572210504521,-0.0069687016665797,0.0272750446087177,-0.076367926018769,0.035259197901567,0.0322545716269322,0.0349999999999999,0.0280484559403051,0.0232757880271408,0.0163787969029183,0.0048149634247971,0.0005903146236392,0.0380068646572355,0.0260481120400832,-0.0032119024176785,0.0363843004559014,0.0426093636290125,0.0125809704565169,0.0203598814311758,-0.0185528756957328,-0.002606212009541,0.0126661678457657,0.0383356838020445,0.0145483166034834,0.0199288806431663
2025-11-12,0.0022066763697825,0.0100692437355236,-0.0385411481122435,0.0114742016403308,0.0281775865500926,0.0436074416053389,-0.0285462601172202,0.0024163953067659,-0.0025646493976626,-0.0080456753694801,0.0,0.0242361600803686,0.0132159897452939,0.0013450812823108,0.0064766839378238,-0.0107081444427075,-0.0193852381253556,0.0192613842346671,-0.0007333657502252,-0.0404191616766466,0.0102943027066657,0.0505415162454874,-0.0833333333333332,-0.0213879577232043,-0.0054861356822286,0.0146914911520696,0.0575847053551938,0.0132522713300089,-0.0283205063688533,-0.0020736132711248,-0.0012882209832326,0.0097115271158354,0.0182776999387457,0.0202292963203778,0.0079332322024903,0.0045706097440456,-0.0011668611435239,-0.0030682510188467,-0.0117873461732725,0.0102963814571601,-0.0230430118190094,-0.0243224928113113,-0.022804279441376,0.0084638612462255,0.0268608029358299,-0.0006727117290092,-0.0084534401720518,0.0065994286713695,0.0049253098581012,-0.0151689078386355,0.0099255583126551,-0.0037452263282039,-0.0299351963999966,-0.0256000353147426,-0.0196702950544258,-0.0071960297766748,-0.0060780637774767,-0.0021825423284304,0.0049054391756395,-0.0048309178743961,-0.0043932903379971,-0.0002984350810437,-0.0013889201920258,0.027242359084626,-0.0053237440388815,-0.0216532444995096,0.0137744896158145,0.0326527386946806,0.0577298364283915,-0.0296224198170459,0.0175671679437781,-0.0091107474086197,0.0132325141776938,0.0110697706005908,0.0003893460755686,0.0147095376748809,-0.0247671549558762,-0.0101335475753762
2025-11-13,0.0007339392235858,0.0457703359239307,-0.0347721822541966,-0.0016210543203604,-0.006090909429368,0.0247835545238199,-0.0131573040769237,0.0036158556235899,0.0020558985098846,0.0012001858352259,-0.020256964844885,0.0061490870680549,-0.0057457463320349,-0.0114585382731461,-0.0489060489060488,-0.0116580197168013,0.0113192943984004,-0.01120647439367,0.0147418971417629,-0.0483619344773791,0.0083589445038652,-0.013745704467354,-0.0374331550802139,0.0178785581363292,-0.0148040236385017,0.0072363167270717,0.0157090245412769,-0.0144305008459258,-0.0109007717371033,0.0020779220779221,-0.009955511372739,-0.0055686529550442,0.0158960636672267,-0.0179682775035605,-0.0073496173625402,-0.0136494429551657,0.0042740895907185,0.0073105025334201,-0.0203910210566562,-0.0040040580626993,0.0058966290475883,0.0025216656759377,0.0039721617662877,-0.0083928255354298,-0.0179847782925215,-0.007362737535937,0.0101627438358846,-0.0098342426243182,-0.0202064695445014,-0.0202106402464408,0.0515970515970516,0.0064933463458631,0.0090225563909775,0.0043264547987404,0.0171909029240602,-0.0044988752811796,0.0152846394077976,-0.007439548103138,0.0012157681444184,0.0097087378640776,-0.0236884475379014,0.0053889832142346,-0.003616779373637,-0.0046685480404433,-0.0148845879553463,-0.0217299233036863,-0.0314764706309077,-0.0085299856735351,0.0013360226581902,-0.0224104859335038,-0.0084214620136717,-0.0477206408632934,-0.0167910447761195,-0.0013689713683476,-0.0058600314893767,0.0005686540396308,-0.0015590525336882,-0.0102372876164807
2025-11-14,0.0044082078489506,0.016945066299294,-0.0193958215697345,0.0162351901386996,0.0122527260536182,-0.0020729300973778,-0.002665635590329,-0.0024018855443738,-0.0005142879027448,0.01380170402547,0.0381554885582959,-0.011296914251434,0.0,-0.000686285275063,0.0784844384303111,-0.0530710130123907,-0.0335459183673468,0.024444664557061,0.0,0.0147540983606557,0.0194311370813553,0.0046457607433219,0.0055555555555555,0.0078072099888952,0.0385982384849601,0.0309572599531615,0.004117867265629,-0.0123551293493768,-0.0021568650998571,0.0103680663556247,0.0108004041334468,0.0045830778663396,0.0045397002572722,0.0031587730451367,-0.0073986767030083,-0.0018451104572883,-0.0092819523387391,0.014126171512091,-0.0243524615359725,0.0021921076379072,0.0016788066711923,0.0036325506497396,0.0039564461222707,0.0296607018013597,-0.0055487226144144,0.0222520486012998,-0.0175270906276298,0.0585035446058819,0.0106250277023218,0.0520680644955706,-0.0163551401869159,0.0101865076031253,0.0077917776874558,0.0064633368345758,0.0028255032379214,-0.0010042681395932,0.0004294192895144,0.0079351543495238,0.0060898575966834,0.0080128205128204,0.0478119582391187,0.0059570388011691,0.0055836025562252,0.0166963340168091,0.0060423610364477,0.0078142748755845,0.0206800988689985,-0.006294418420178,0.0011130433145629,-0.0098801465057719,0.0220804689351981,0.029423526294235,0.0,-0.006090344649769,0.0113976590756417,-0.0113637026026638,-0.0084786003232552,-0.0694238148285678
2025-11-17,0.0051112751000115,-0.0284635907625036,-0.0536665419053925,0.0055921133905996,-0.0235353326030965,-0.0193875365836249,0.0026727601950293,-0.0084268397097923,-0.0077018660740189,0.0017768199690406,0.0199158930413392,-0.0076792682510609,0.0060322584445726,-0.0088728950910638,-0.0138017565872019,0.0258043335521995,-0.0115481061105978,0.0106279578647396,-0.0079871074250225,-0.0306946688206786,-0.0216027268799984,-0.0346820809248555,0.0331491712707183,0.011623453845482,-0.0269486829439687,-0.0107250183384207,-0.021559437579889,-0.0004617338104582,0.0094849643877559,-0.005130836326321,-0.0121586535994663,-0.0050682290951443,0.0376914894337807,-0.0075519028286629,-0.0037296112784308,-0.0073940847322141,-0.0011741508662399,-0.0173178425908534,-0.0106685515062825,0.0007303924410178,-0.0033519860059163,-0.0077953980099501,-0.0073891018957151,-0.0370407824215195,0.0089286218522515,-0.0019763665261558,-0.0168492590555954,-0.0479648110694825,-0.0160832544938503,-0.0224133753331717,0.0142517814726839,-0.0057141471055019,0.0005706040336626,0.005503054050939,-0.0126351895278428,0.0015079165619502,-0.0090274891109866,0.0109362615440788,-0.0907949357212087,-0.0270270270270269,-0.0199765384427391,-0.0085874782084669,-0.0088864110556413,-0.0279501499638017,-0.0084070733410279,-0.0204071216516241,-0.0028912974880935,0.0240707300181872,0.0211830742253793,-0.0259480213859587,-0.0247197834172506,-0.0187586000318259,-0.0075901328273243,-0.0007669650740862,0.0062152235589083,-0.0163791858164978,-0.0105772108765225,-0.0190456397040486
2025-11-18,-0.0014529379487296,-0.0035711657415979,0.0447838388755361,0.0042588042588043,0.0440743997089498,-0.0077743969018883,-0.027557031409921,-0.0091087334770301,-0.0119044992166641,-0.0106356650146272,0.0210206939474093,-0.0111360787550827,0.0010891332607243,0.007580376940133,0.0178117048346055,-0.006071634312049,0.0994058348354363,0.016097805371138,-0.0029321097718502,-0.0083333333333333,-0.0109092769238638,-0.0239520958083832,0.0481283422459892,0.0070201305731003,0.0069961633942676,0.0086706412088668,0.0021011147883642,0.0018543876726115,0.0036863282763555,-0.0051572975760701,0.0069000479949139,-0.0020371075628575,-0.0091997701689781,-0.0088731616791161,-0.0026763028014498,-0.0037245822428024,0.0046940173573248,0.0049772008316137,-0.002849366958657,-0.0014558570247996,-0.0067081407423063,-0.0070136292554208,-0.0049627381080388,0.0327647508888788,-0.0132716118487339,-0.0033027751620228,-0.0298266119779715,0.037240402586397,-0.0006240448293428,0.0,-0.0199063231850117,0.0084514503385808,0.0,0.0033461640097933,0.0355547678128322,0.0047678795483061,-0.004121718355325,0.0233669559089106,0.025966102603985,-0.0196078431372549,-0.0039400906719601,-0.0020902595147124,-0.0176509191944157,-0.0217126137594285,-0.0060569917659399,-0.0058354608450997,0.0,0.0006193828923917,-0.0131109504978754,0.0110668418598736,0.0025553883671456,0.0223034141967242,-0.005736137667304,-0.0030653775203498,0.0204626723436993,0.0178208029251771,-0.0120539121693319,0.0234663005618693
2025-11-19,-0.0240160984482024,-0.0096207294650874,0.0028537316909817,-0.0079921709345947,-0.0194590238909336,-0.0142326823470719,-0.0137105488429533,-0.0073513513513513,-0.0099543317812837,-0.0050767444694593,-0.0411758430990079,-0.0051534638542576,-0.0076214875646334,-0.01094117485249,0.00625,-0.0305436212590964,-0.013298518338596,0.009083453298017,-0.0301067406353571,-0.0184873949579832,0.0007893841442667,-0.0049079754601227,0.0051020408163264,-0.0044386113016409,-0.0110040340654414,-0.0112816499783613,-0.0010429227911221,-0.0085598448095854,0.0236961420271848,-0.0145152928978744,-0.016670724812328,-0.0068921535482682,-0.0026425563602574,-0.0006375539404189,-0.008577372901151,-0.0102808931999596,-0.0105061427044038,-0.0129596926002835,-0.0155061888183148,-0.0098539313241317,-0.0076045627376426,-0.005652427766644,-0.006234362141628,-0.0124199241730944,-0.0028080167459906,-0.0106080710261414,0.0314494462162731,-0.0147843896542847,-0.0012616125702489,-0.0276985995786342,-0.0143369175627239,-0.0060340477885526,-0.0025737182166701,-0.0051532325110584,0.0096190052373943,-0.0157342657342658,-0.014158372325132,-0.0190285579013063,0.018166491318639,-0.0283333333333333,-0.0058133421459795,-0.0071789516865874,-0.0108392619584707,0.004334805458126,-0.0091372393103698,0.0251471795678073,-0.0188700074331932,-0.0041224524170457,-0.0274705539358599,0.0097257913733908,-0.0148705939180651,-0.009350067652685,-0.0134615384615385,-0.0010772323861991,-0.02081057578211,-0.0132037302599226,0.0048356400569065,0.0134389904610492
2025-11-21,0.0156539943854974,-0.0135409879818826,-0.0171027033305265,0.0034528115751397,0.0225363791501476,0.0028876352648734,0.0194644432429358,-0.0049371959631162,-0.0058194941776863,-0.0015021064948376,-0.0260811519572784,-0.01745948812176,0.0027407595145612,-0.0276381385452952,-0.0099378881987578,-0.0090057602702676,0.0188934703674072,-0.0016746182386061,-0.0143815915627996,0.0017123287671232,-0.005774278215223,-0.001233045622688,-0.0710659898477157,0.0012719359262276,-0.001756214734075,-0.0081545527587573,-0.0125825149804792,-0.0051324129316874,-0.0434025360401756,0.0021041557075223,-0.002446788642368,-0.0018001150216762,-0.0211369973438346,-0.0191925432470183,-0.0010848720618048,0.0047216763227073,-0.0098307448287672,-0.0173806359267967,-0.0010350884306992,-0.0007381976260502,0.0025542784163474,0.001990071858416,0.0030112671579494,0.0013973465125172,-0.0123616215170719,0.0180943687684314,-0.0236400182011659,0.0321481313188685,-0.0138506099117031,-0.0108023707858007,0.0157575757575758,-0.0151766963826265,-0.0086061868754901,-0.0076167875528677,0.0,-0.0154783049987312,0.0097223092980758,-0.0137902893196556,-0.0229447592886161,0.0068610634648369,-0.0166077400378742,-0.0030144241604688,-0.0152821958179352,0.0030011563733964,-0.0049244552093441,-0.0196225450517615,-0.0059184025563898,-0.000412260413275,-0.0175959057202881,-0.0024080278666949,-0.0666385020510552,-0.0202236183981237,0.0097465886939571,0.0032335629913291,0.0007743425744046,0.0029094316313407,-0.0098521128246239,-0.0187186966361906
2025-11-24,0.0110168962178707,0.0296738974742571,-0.0173707533234859,0.009011961330493,-0.0243493623044648,0.0064784718820962,-0.0072761107234241,-0.0024808464064209,0.0005331730032955,0.0087195131793456,0.0015829498351773,-0.0003914126438143,0.0098456438169356,-0.0127996110062353,0.0112923462986198,0.0172654843528556,-0.0106003865668035,0.0088077230523273,0.009985366989258,0.0102564102564104,0.0081823702885028,0.0012345679012344,-0.0546448087431694,0.0197098112383637,0.0120238054701125,0.0071213531780098,0.0414005022247678,0.0185252585288646,-0.0015732444132841,0.0026246719160105,0.0134062018145597,-0.0023175000968854,0.0126360979297588,-0.0065249839100606,0.0064998464171308,0.0122186658537826,0.0051597759841872,0.0161153485989611,0.0103722915607362,0.0118042526579111,0.0025477707006369,0.0051030913139746,-0.0037527833142916,0.0306840381310498,-0.0136625713512237,-0.0059242605019415,0.0350892644171667,0.0280431432973804,0.0178815187645966,0.035746115603088,0.0393794749403342,0.0051368593489073,-0.0049186713246592,-0.0009192299038986,-0.0081711534549399,-0.006701030927835,0.0175050477640361,0.0139831205982978,-0.0052156548471431,0.0119250425894379,0.0221224094707164,0.000301411926493,0.0248897730140584,0.025822944903082,0.005564679316109,0.007504649667136,-0.0111602426730252,-0.0068315401421721,0.0120180160386684,-0.0012069202308963,-0.0129387070673905,0.0096331333640977,-0.0096525096525096,-0.0010749182513372,0.0115799228879425,0.0066707925210953,-0.0006936454501119,0.0031723563696919
2025-11-25,-0.0021778248009453,0.0097260326905985,0.0619325356262401,0.0159142578759337,-0.0104191790072837,0.0135961128683816,0.0059516556850027,0.0087045570916539,0.0079763261279952,0.0172818802685732,-0.0062892057026475,0.0113316800550564,0.010285155499677,-0.0122339886134812,-0.0372208436724567,0.0062505295064529,0.024083513934251,0.0018700201874408,0.0167356783588663,-0.0067681895093062,0.0272241563170734,0.0246609124537608,0.0115606936416186,-0.0024915326819013,0.0043478748499927,-0.0032593819779587,0.0336417957802337,-0.0023014054309233,-0.0032717217785143,0.0162303664921465,0.0020487804878048,0.0103247893349354,0.0020797365667015,-0.0131287861558501,0.0091445636713407,0.0046427585514592,0.003556021680261,0.0100585633661922,0.0086249733046608,0.0060650544695974,0.0,0.007053217439537,0.0022601518487206,-0.0175858629043751,0.0138518228695232,0.0086098044929165,-0.0169498736115887,0.0363566289825283,0.0031334015520823,0.0373945136743454,0.0218140068886336,0.0057920211308668,-0.0095946692236268,-0.0079911466845106,-0.0181690766758965,-0.0264660093409443,0.0019346469043388,-0.0116359679528242,0.0118000528262016,0.0202020202020201,0.0125667672141662,0.0151099978970297,0.0168574805613175,0.00014283566381,-0.0153694724946229,0.0202845793203394,-0.0135449654698768,-0.0037523132521397,-0.0011626841117527,0.0008041968240475,0.0135763808039384,0.0059085109219372,0.064327485380117,0.0078362814986203,0.0187029778701595,0.0053822554044229,-0.0053255881718876,0.020609058689752
2025-11-26,-0.0050926821717426,-0.0024951493836751,0.0277730592831664,0.0246163682864448,0.0252723148165507,0.0381025816353994,0.0113810002981515,0.0258949172654756,0.0300780634856359,0.0134742312798474,-0.0047549558117039,0.0173839246605342,0.0262606010324484,-0.0036445233154163,-0.0064432989690721,0.0159689414846344,0.0130551415797317,0.0174266225059196,0.0246781637114401,0.0357751277683133,0.0076472794704225,0.0397111913357399,0.0,0.0174973006023233,0.0092313418946585,0.0021800268588945,0.0424101661619056,0.0240036276529675,0.0116720561760363,0.0407006697578566,0.0327258942239769,0.0140486229478784,-0.0025942752991731,0.0325986759406689,0.0197218847036588,0.0231065147881694,0.0248039483836202,0.0114907570954547,-0.0016289034984737,0.0058441807779441,0.0245596787208191,0.0297020717281091,0.0235527975211098,0.0289253800626667,0.0085362271258488,0.0144450023731075,0.0055177686576313,-0.014617164579976,0.0100044351517454,0.0720831459551289,-0.0011235955056179,0.0115173336220233,-0.0032322700033088,-0.0015501362044363,0.0062496735894712,0.0125266524520255,0.0197467257970647,0.028349211140805,0.0913807618761706,0.0462046204620463,0.0287284369711304,0.0178627195735456,0.0106778497294923,0.0059719330421905,0.0262205010107592,0.0385366554782418,0.0442407364431036,0.0012547695135898,0.0137559288633004,0.0491165106751489,-0.0083123921686294,-0.0040657525428703,0.0018315018315018,0.0149382941680051,-0.0056928330540649,0.009198747629757,0.0335202981910853,0.0271705539832796
2025-11-27,0.0036562502431018,-0.0010742168767143,0.0189240558631518,-0.0140405616224648,-0.0232815842887705,0.0013664169744025,-0.0026992293838296,-0.0030073641866621,-0.0020474796890015,-0.0031786533560558,-0.0079408227483154,-0.0001902814243044,-0.0046989209885137,-0.0051224682053697,-0.0090791180285344,0.001740299441999,0.0051488760739084,0.0044871365562901,-0.0021887197964569,0.0049342105263159,0.0470401954590378,-0.0185185185185184,0.0685714285714287,0.0067571023090495,-0.0060008114188765,-0.0016344680467506,0.0066155612920955,0.0008535654004377,0.0027638654115618,-0.0079207920792079,-0.0050848987533471,-0.0010085282564847,0.0166532169319932,0.007730076286317,-0.0010432830050787,-0.004516932392509,0.015750666236451,-0.0045448587971351,0.0293639011320137,0.0036342536037137,-0.0057845329374383,-0.0005440216879262,-0.003427144617343,-0.0040180459608064,0.0016905108655302,0.0278276907220689,-0.0243493917135314,0.0009854385725815,0.0,-0.0112045340144298,0.012373453318335,0.0023442166208065,0.0079547305749967,0.0052747481177854,-0.0108819764022005,-0.007370360621216,-0.0002101453763593,0.0033887622599806,0.0112839280268375,0.0078864353312302,-0.0013396668871384,0.0008779177855815,0.0047243872531748,0.0026151897693775,0.0036511097641931,0.0082061301746245,-0.0036521494343983,0.0071050080913404,0.0002286955775991,0.0218706966001405,-0.0097814422072304,0.0113345816422549,-0.0219378427787934,-0.0037546360356602,0.0203589697644555,0.0039879516668412,-0.0078835965423712,0.0007521475792724
2025-11-28,0.0102002061743802,0.0150360057609215,0.0159232224925656,-0.0110759493670886,0.0150710116112315,0.0156118793035884,0.0139899220832004,0.0090428617466966,0.0087264809029583,-0.0110206305955623,-0.0016108407924673,0.0254468139097201,0.0194089875852421,0.0029443096407646,-0.0052356020942407,0.0026197019974079,0.0,-0.0099461853509859,-0.003658507613972,0.0081833060556464,0.0055557641992463,-0.0047169811320755,0.0053475935828875,-0.0122043369209765,0.0276063717287005,0.0098228634369188,0.0169177514504412,-0.0340461686437961,0.0071909944959154,-0.0084830339321356,-0.0056451612903225,0.0025200707441546,0.037359451055511,0.0262202446864912,-0.0036632561098446,-0.0018149710585697,0.0136161668451044,0.0041822371096094,-0.0045571840926941,0.0079610808508048,0.0249298903740395,0.0394767250921388,0.0228443228991821,0.0309151390756599,-0.0005644531361359,-0.0081869338910036,0.0355001525583857,0.015814333441555,-0.0111411526325364,0.0226724235453825,0.0333333333333334,0.007684412113196,-0.0245479966700109,-0.0188267755713944,0.0157067147079916,-0.0132590824714929,-0.0065247260345197,0.0147956615454776,-0.0105726247073014,0.0359937402190924,0.0123043798679247,-0.0005857768524053,0.034034637840143,-0.006062593388904,0.002422821976505,0.017045775699878,0.0227293004996431,-0.0128632904415662,0.0006906932655024,0.0307931896913302,0.0065837845063834,-0.0139001799786656,0.0112149532710281,0.016131103666203,0.0130286622206428,0.0051065854642204,0.0045410412572761,0.0279509493670886
2025-12-01,0.0108261146447945,0.0014113284649439,-0.0182814870007184,0.0028799999999999,-0.0276214154499915,-0.0046784028662968,-0.009346730921646,-0.0077673375789669,-0.0152680450393769,0.0146605958700951,-0.0288922155688621,-0.0061115068801319,0.0102971283129529,0.0007302285098913,-0.0052631578947368,-0.0208661850452895,-0.0102742733366507,-0.0034873960695842,-0.0014703661609136,-0.0016233766233766,0.0273838216839632,0.0011848341232227,-0.0372340425531914,-0.0185262562434511,0.0061601123696934,-0.0059424824914319,0.031421996356314,-0.0091376489058387,-0.0163025065730142,0.0342224458983391,-0.0168288726682886,-0.0115692425729956,0.0029595340630987,-0.0087238578547418,0.0057731497986048,0.005454813504349,-0.0164162762174856,0.0015155313036268,-0.0029837227269093,-0.0147209213689212,-0.0054012756960361,-0.0050404582341135,-0.0077435605969639,-0.0037622375701986,0.0005647719234194,0.0006385441194076,-0.0234198605529599,0.0058354726629759,0.010644979160455,0.0366515795392741,-0.003225806451613,-0.0125991680310638,0.0062930045423426,0.0018868607970916,-0.0092817413166641,0.0094060736361194,0.0116541654789052,-0.0229064916564916,-0.0160224230254351,-0.0166163141993958,0.0033140864136731,-0.008479002927564,-0.0232796652937634,-0.0089375421759015,-0.0114895539729328,-0.0129531416231322,-0.0501770226748963,-0.002102383273705,-0.0234388015936861,0.0291423813488758,0.0121494263232035,-0.0181896161452501,-0.0036968576709797,0.007715941024933,0.0004044890024392,-0.0172164439556252,0.0210163409045187,0.0014699883786259
2025-12-02,-0.0007135049793539,0.020784922713035,0.007969207416242,0.0185067007019783,0.0245024771818547,0.0141011795979397,0.0167639891489266,0.0100813070936094,0.0108120314832256,0.0054896630482679,0.0082729561687475,0.0281349026708916,0.0173173924235037,0.0065967436409604,0.0105820105820106,0.0053277153558053,0.0026026262865255,0.0232518288429837,0.0102997596192113,0.0406504065040649,0.0196402518527853,0.0153846153846155,0.0662983425414363,0.0157321474184737,0.0241989025620046,0.0097794673158331,-0.002686697593128,0.0233847411298102,0.0249184462958247,0.0228710462287105,0.0235100020622809,0.0229011921693191,0.0118032042673124,0.0119408892993799,-0.0020843914000339,0.0,0.0011368106364566,0.0272305820382892,0.0183628796053645,0.011294696203695,0.0245181228675037,0.0186997774256052,0.0222744520129833,0.0170767004341534,0.0061975814038348,0.0019011154096704,0.0010433062994616,0.0241802396498527,0.0136274331339329,0.0386547747138907,0.0097087378640776,0.0211546250428389,0.005358940265679,0.0069087466968171,0.0171730515191546,0.0005324813631522,0.0064941211692941,0.0362304691737283,0.0150807485104496,0.032258064516129,0.047356065635967,0.0262456660500105,0.0556166697223752,0.0297023710451058,0.0061162745140719,0.0293349956765671,-0.0188670580401221,0.0151651771207468,0.0,-0.0081382067390063,0.0152370375056527,0.0333498359446289,0.0018552875695734,0.0082452549138622,0.019684048535558,0.0077544654265397,0.0095184821157618,-0.0007377578309919
2025-12-03,0.0107102164830992,0.0041382271509156,-0.0052708008390254,0.013314536340852,-0.0124784774035879,-0.0205265780617504,-0.0059601331307431,-0.0256527918522908,-0.027637314734089,-0.0014382227763871,0.0098358984812965,0.0163096522319823,0.0185299833650063,-0.0109176380997012,0.0418848167539267,0.0,0.0025958702064896,-0.0028162569256571,0.0029071599647043,0.015625,-0.0151357415515086,0.0547785547785548,0.0362694300518136,0.0006190233616836,-0.0005431126310477,-0.027985440208065,0.0009041928447586,-0.0083663656389827,0.0204186672787809,-0.0233111322549951,-0.005440257908523,-0.000993489895359,0.0,-0.0090618684399244,0.0272067009489478,0.0298387096774195,0.0151585994994283,-0.0040482794812205,-0.0101925689108484,-0.006123956143839,0.0015867065377539,0.0031027127811562,0.0,0.0180909016993251,0.0134407688210429,-0.0208991268809214,-0.0399311481839245,0.0613803318721353,0.0042791147000904,0.0324646416218621,-0.0053418803418802,-0.0039459767309413,0.0124344518365846,0.007481540962416,-0.0199419002050582,0.0465673230441723,0.0004155666907985,-0.0102839388825848,-0.009507568958296,-0.0178571428571429,-0.006939240328646,-0.0129289890497552,0.0051894327150048,-0.0145954564156821,0.011552440290758,-0.0048761618979522,0.0207666983913998,0.0155597481610241,-0.0119982452292168,-0.0524631550973856,0.0077291987851149,0.0116534131207757,0.0759259259259257,0.0322720843552417,0.005122395306494,-0.0222303833699127,-0.0122777696768476,0.0293705971021625
2025-12-04,-0.0141289643769727,0.0206206088129694,0.0530413625304135,0.0302983459576442,0.0007011755001031,0.0155485552597465,0.0174235048995077,0.0110218605685579,0.0142114229355332,0.01582778284319,0.0162334931449239,0.0149792586548633,0.0186791405692539,0.0102978301265204,-0.0175879396984923,0.0141288453836767,0.0309226785924443,0.0133097430536011,0.0108879235174434,0.0153846153846153,-0.0013949290227291,0.0265193370165743,0.01,0.0043304828617274,0.0404891371035314,0.0354376405043497,0.0242328288707798,0.0139559601654382,-0.0193155267475635,0.0126643935703847,0.0344408427876823,0.0271407511056693,0.0199348176951885,0.0125000000000001,-0.001527647319908,0.0052680287605892,0.0291136251920716,0.0166353029732782,0.0120797130558369,0.0152270337006721,0.0278713496104801,0.0206188533316453,0.0246327707395093,0.0266474996339629,0.0154654738607771,-0.0271660319568487,0.0101256534204814,0.0364730176990315,0.0085217637954528,0.0460131347640053,-0.0085929108485499,0.0138656320196037,0.0055579124712719,0.0064993552484076,0.0344184262375115,0.0066107297228579,0.0108177360148842,0.0008292330017811,0.0131991470391021,0.0303030303030302,0.0504028488963261,0.010186587810564,0.0170430001963479,0.0117769865975729,0.0042060538660051,0.0286346985170264,0.0015055637075078,0.0120525184211075,0.0073806017459858,0.024482021198275,0.0726546522200159,0.0398737115795337,0.0086058519793461,0.0173990017332053,0.0148983962385675,0.0204017146502437,0.0202274853960553,0.0199705634044842
2025-12-05,-0.0243787162677238,-0.0828276918187203,-0.1183764633394948,-0.0532633158289572,-0.0996133122503578,-0.0672467865794657,-0.0707048576334239,-0.0563330163105012,-0.0596793086681696,-0.0226613035726238,-0.0191690117530209,-0.0790589473983751,-0.0284752164957011,-0.018209397074772,0.0076726342710997,-0.0348437815697151,-0.0775136276720225,-0.0338305322128851,-0.0466650606529223,-0.0772727272727272,-0.02658175842235,-0.0409041980624326,-0.0594059405940594,-0.0203399400709651,-0.0989804101271623,-0.0850280535938688,-0.0885185084153958,-0.0512173604487257,-0.0049541416742633,-0.0452140452140451,-0.0511163337250293,-0.0487286898645491,-0.0762622806588787,-0.0584795321637426,-0.0255083580577464,-0.0288223213653423,-0.0805223232251051,-0.0814526876943579,-0.0639792236260736,-0.0482126234873734,-0.0426041816626724,-0.039899975191141,-0.0462326832825,-0.0469720345905019,0.0146903356532464,-0.0771288266638805,-0.0673119769335904,-0.0978538742164685,-0.0567270948610558,-0.1158428792262872,-0.0823401950162513,-0.0888940361336583,-0.0447942403069244,-0.0353611114687818,-0.0559610295480977,-0.0083354382419804,-0.0267549124571476,-0.0498311203547529,-0.0455922158758929,-0.0867647058823529,-0.0739928027885938,-0.044091853288556,-0.0345290036938362,-0.0420348275938303,-0.0221419241253975,-0.0824172468547697,-0.0090274333244304,0.0193794292597206,-0.025767730466062,-0.0897058599869203,-0.034287361352791,-0.0681704529218458,-0.0358361774744027,-0.0236364168104582,-0.0490565888059908,-0.0465577582630747,0.0263736704081496,-0.1083943744506299
2025-12-08,0.000734478286009,0.0117467305655205,-0.0114440464750589,0.0114104595879556,-0.0046775448715546,0.0242719875218881,0.0207953424591622,0.0051352018429136,0.0071746296633623,0.0266641346375358,-0.003257274016067,0.0099205889396152,-0.000993372178102,0.0059335885895972,0.0,0.0036158794199367,0.005414101413854,0.0030900661259654,-0.0015080128466391,-0.0098522167487684,0.0400018868814566,-0.0168350168350168,0.0,0.0257988878773389,0.0417374069780487,0.0058484057129961,0.009616727519403,0.0151828113419889,0.0209799100962846,-0.0060453400503779,-0.0148606811145511,-0.0078994274257686,0.0041272570937231,0.0006901311249136,-0.0026202587372899,-0.0044966214573916,-0.0244560882529787,0.0055417180535066,0.1020065521828412,0.0090031114563904,0.0048560005660911,0.0044720591733002,0.0048479138627188,-0.0038907329814441,0.0026806450912721,0.0259411889019713,0.0003854198868631,0.0028538870344785,-0.0044789566818126,-0.0008248753720905,-0.0153482880755608,0.0114364455645086,0.0133998932330061,0.0092435937223651,0.0144089131715678,0.0022924095771779,0.0160720040002222,0.0259908974022449,-0.0198526977304955,0.0032206119162641,0.0019594836901111,-0.0096472083840847,-0.0447008699686193,-0.0016731670166854,0.0342734763512289,0.0042056308030216,0.0113890129522107,-0.0021791032696666,0.0075228223276762,0.0040390792403022,-0.009365341162841,-0.005749880210829,0.0088495575221239,-0.0068369437588362,0.0154369778393235,0.0095873076180643,0.0229131646585474,-0.0031300833045793
2025-12-09,0.0014678784471719,0.0148758786576679,0.0028867679981146,0.0151989971795676,0.0019567426089064,-0.0160253417326906,-0.0050952832100753,-0.0076600388799836,-0.0131502181979417,-0.0047970938465596,-0.0098037555664673,-0.0139784185455943,0.0049771457592686,0.0036875454451021,0.0050761421319796,-0.004494083737864,-0.0080620345867438,0.0059539579850957,0.002269517441813,-0.0232172470978442,-0.0117452428185717,0.0331050228310503,0.0263157894736842,0.0024517941514492,-0.0255985009207706,-0.0005833632493974,-0.0076181254075845,0.0016594957971831,0.0299503155758167,0.0101368474404459,0.0023046302116069,-0.0097615168886873,0.0066792258948449,-0.0062068965517241,0.0015794763796488,0.0072270918280148,-0.0194088050314465,0.0031503889888693,-0.0007598131133197,-0.0115257443465618,-0.0048325337793231,-0.0099508305026279,-0.0021698307799872,-0.0143262953757067,0.007490069164078,-0.0182595325500813,-0.0161171867161634,-0.0493333065181101,-0.0044991079916137,-0.0663854989231874,-0.0047961630695442,0.0063602618417075,0.006308772391909,0.0063186713265903,-0.0078853803639948,0.0114358322744598,0.0112377981964404,0.0137286276142281,-0.0145569499238372,-0.0160513643659712,-0.0221648314887982,-0.0213066654863003,0.0088081383179134,-0.0061953142157032,0.0053205677144019,-0.0139890556455387,0.0097608515238958,0.0011923035588639,-0.0045752889492053,-0.0100591568279959,-0.0061575200303524,-0.0096385542168674,0.0368421052631577,0.0005745471106011,-0.0164017252002465,-0.0094962640137422,-0.0023027550364813,-0.0078703818165335
2025-12-10,-0.0029314538763799,0.0139444981361314,0.0144216648064383,-0.018984411174564,-0.0246076422648877,0.0063729140204107,0.0051213780818282,0.0128675712459274,0.017771208986107,0.005103579818465,0.0099008207934336,0.0235629965925774,0.018799272286234,0.0036739974126778,0.0088383838383838,-0.0045238956932514,0.0108574264797121,-0.0038787716265461,0.0,0.0203735144312393,0.0109524051085456,0.0640883977900552,0.0102564102564102,-0.0061144938982445,0.0077402004126141,0.0139511613139107,-0.0057649225867476,0.0049769877582972,0.0071020399861236,0.0050175614651279,0.0020903010033443,-0.0012963179883642,0.0064320674222,0.0284524635669674,0.0267291089235082,0.0224226116888468,-0.0235044105511158,0.009809053096744,-0.0106298342973421,0.0078999497851039,0.0036707472403056,0.0056100484826293,0.0074391059112839,0.0105718204868856,0.0206970273202908,0.002862559667883,0.0156021194408526,-0.002993441929342,0.0006475031884627,0.0124372849426193,0.006024096385542,0.0158001614403666,0.0020907790722675,0.0025102842798374,-0.0047901217045734,-0.0050251256281406,-0.0074100509359893,0.0114253204949974,0.0064223209608258,-0.0016313213703099,0.0219997894756986,-0.0093329930511359,0.0013639092460875,-0.0097540929585218,0.0235435401887951,-0.0050036550628924,0.1449823937024499,0.0241822295043452,0.0120972895755799,0.0243822491174987,-0.0002200709167302,0.0102189781021897,0.0406091370558376,0.018343300497956,0.0117933491190487,0.0206729193029975,0.0169938557732565,-0.0095193793298224
2025-12-11,0.0132381458776429,0.0105755265068989,-0.0028375365549989,-0.0113278791692887,-0.0044065302210966,0.0063325571779861,-0.0013904796919261,0.006352050164909,0.0114547271079719,-0.0073360899246989,0.0032679185221557,0.0252676732557897,0.0087406015037594,-0.0168370503491147,-0.0125156445556946,-0.0063526687906011,0.0,0.0010263485546995,0.0052618289335428,-0.0083194675540765,-0.0053021813255215,0.0145379023883696,0.0050761421319796,-0.0049280972033529,0.0095269082148563,0.0005756724613477,0.0096539016183305,0.0006614311759036,-0.0255183216230832,0.0094857713429854,0.0060492282019191,0.0098705387745101,-0.0251607492311993,-0.0006747638326585,0.013782011501386,0.0114040495044809,0.0054866140628968,0.0073832567046776,0.0047970822359777,0.0089599899572792,0.0077464726670251,0.0078249329081738,-0.000759469384057,0.0248436985850608,-0.0244401757755967,0.0042741109923858,0.002301352697362,-0.0410473492684894,0.0095297854817835,-0.0157970684286473,-0.0155688622754489,-0.0048391464857391,-0.0202609420280842,-0.0212905424893153,0.0160082715345122,-0.016919191919192,0.0118190791839083,0.0322182279551703,0.0044727202621939,0.0130718954248365,0.0165262172284645,0.0040827240769847,-0.0051774534885647,-0.0037036022033692,-0.0080493328603781,0.0117381299216754,-0.0422058465206024,-0.0425793617050728,-0.0069334046483525,-0.0190390626922982,0.005974668304834,0.0154142581888245,-0.0276422764227641,0.0132280966074329,0.0072354002171033,-0.0231871180009365,0.00165092713142,-0.0063988594431398
2025-12-12,0.0188685069570384,0.0170970881053971,0.034176369813293,0.0167091024824952,0.0205144512147958,0.0020975694144105,0.0060275084724963,0.0119967630993322,0.0064722502986309,0.0125085507671258,-0.0179234456220888,0.0093102333102335,0.0062631344658736,0.0014907930419669,0.0063371356147021,0.0155306713910206,0.0215123058982384,0.0262014815170541,0.0104766766328787,-0.0218120805369127,0.012282362210777,-0.007164790174002,0.0101010101010101,0.0142328127515698,0.0088286311276239,0.0091675254635923,0.0105237056139655,0.0046202472184568,0.006907319409694,0.0168150346191888,0.0194899440182461,0.0244338682785572,0.0132318712026731,0.0182309250506413,0.0035249167232047,0.0,-0.0062971688869341,0.0027022780832679,0.0301689642899978,0.0051789498240633,0.0076956711849582,0.0074844934929481,0.0088805446734065,0.0076523786589608,-0.0005340641200618,0.0251114203019322,0.016861879250031,0.0302805682170199,0.0335508766477612,0.0062408364842967,0.0097323600973235,-0.0034733412110145,0.0121648555324227,0.0105553620703513,-0.0015791135909042,0.0123298227587977,0.0131153048500785,0.013373322188898,0.0031732627026472,-0.0419354838709676,0.01582922673053,-0.00093858595044,0.0186264163519216,0.0173961906782824,0.0144963415305054,0.0236212257162531,0.0264366551615076,-0.0082865339692126,0.005538073319004,0.0028312026129031,0.0171566493179986,0.0199240986717268,-0.0066889632107023,0.0021603193591781,0.0179565142562101,0.0051076854993361,0.0199787610914878,0.0080521957848358
2025-12-15,0.0170951176283458,0.0082355711909563,0.0055312219227314,0.0197213961496323,-0.0240433200835409,0.005581810204067,0.014286451564472,0.0112281683758803,0.0139339819120709,0.0039330180484509,-0.0016497680013747,0.021160349565972,0.0239192609205571,0.0215656206754686,-0.0239294710327456,0.0098888804611649,0.005257307657644,0.029323056692335,0.0155560901290994,0.0120068610634649,0.0027479763930318,-0.0123711340206185,-0.005,0.0067117503254279,-0.0027173035159824,-0.005676087133576,0.0113465709994993,0.017404053932194,0.0008004592348982,0.0141050583657589,0.0146430750457595,0.0155673295189722,0.0006582195162085,0.0079575596816976,0.022076614952929,0.0182024895098336,-0.0038039977035774,0.0076971890570649,0.0161267541113774,0.0449005326329552,0.017807862535798,0.0170612934195457,0.0150909182225018,0.0088555496548061,0.0234681981087265,0.0190091162466612,-0.0022619352550589,-0.0030389261744966,0.0068657053008758,-0.0079755365753123,0.0048192771084336,0.002091268415379,-0.0018029543366538,0.003482807984942,0.0031632222690847,0.0022836843440752,0.0034372588657682,-0.0120000646903757,0.0031696024285405,0.0202020202020201,0.0056853473094342,0.0309861810474576,-0.0051092323337521,0.0157082824787182,-0.0100322659363899,0.0178167363163797,0.0079243336660259,-0.0071353148098394,0.017474948110786,0.032256315732408,0.009733139870532,0.0116279069767442,0.0101010101010099,0.0061215566243988,0.011762527373438,0.0131537911170631,0.0032318438896672,0.0207818740528005
2025-12-16,-0.0084076167497002,-0.0364069696991816,-0.0575489347443666,-0.0311588641596317,-0.0254424492402213,-0.0478830320674683,-0.0136319061540171,-0.0277620359265653,-0.0274849884916458,-0.0142674309611364,-0.0163011670740524,-0.0522484400774582,0.0004672099028404,0.0247422529435885,-0.0258064516129032,-0.0213678824578698,-0.0497280497280496,-0.0122093432959998,-0.0357362810896169,-0.0677966101694915,-0.0283108394330731,0.010438413361169,-0.0201005025125627,-0.0187899736347466,-0.0478065565745714,-0.0542558486809358,-0.0392868581189281,-0.0216266610641314,0.0052582387071269,-0.029736211031175,-0.044097013429545,-0.036343339121806,-0.0724551882913994,-0.0282894736842105,0.0137466615605743,0.0153330800842628,-0.0330953355065483,-0.0397118789673978,-0.0331992764308429,-0.015851333592463,-0.033329922750294,-0.031386475297971,-0.025767155535186,-0.0275968257728295,-0.0386035228351439,-0.0373161437373126,-0.0532483382110737,-0.0345533271579673,-0.0626205437690538,-0.0509435967802718,-0.0395683453237409,-0.0379156775984108,-0.0273947214665803,-0.030282115719291,-0.0235968047088501,-0.0240506329113924,-0.0086664548247006,-0.0493894354323876,-0.069447358215882,-0.023102310231023,-0.0515077472376375,-0.0358218273199369,-0.0094597890456082,-0.0376955984409164,-0.0115581605543534,-0.0656331991427827,0.0157307104406192,0.0043127951149624,-0.0279983427164827,-0.0710935511628751,-0.0234308932131279,-0.0547126436781609,-0.0033333333333332,0.0037664783427495,-0.025185208762702,-0.036293291806999,0.0052338087325292,-0.0242714066588468
2025-12-17,-0.0098832930291241,-0.0194234331145293,-0.029064944299597,-0.0112484157160963,-0.0053877926872999,-0.0342586679688966,-0.0073720789544028,-0.0082485546390493,-0.0081533217987074,-0.0093627993307059,-0.0190911158940976,-0.0328918990502856,0.0135477812871898,0.0369282657005867,-0.0158940397350993,-0.0018227342933067,-0.0137744512233474,-0.0098081180472133,-0.0196685336215649,-0.0345454545454546,0.0201292754922111,-0.0123966942148759,-0.0051282051282051,-0.0123551230048276,-0.0149350207525345,-0.0426382411725516,-0.0194769115760337,0.0019796266222873,-0.0259149806774267,-0.0222441917943647,-0.0148878171524429,-0.0228317672802161,-0.0267427841997022,-0.0142180094786729,-0.016469526225157,-0.0050338423863133,-0.0219391237089948,-0.0135202419070826,-0.0160388741118387,-0.0286323645021872,-0.0060331825037708,-0.0067014409712541,-0.0089035365563547,-0.0258086344566247,0.0065825562260011,-0.0358918582970788,-0.0315132097668423,-0.0315839971439407,-0.0059469684399162,-0.0122384564475894,0.0037453183520599,-0.0155455670349002,0.0068114654824384,0.0110608243174674,-0.0177081651326767,0.0005188067444876,-0.0441235236420285,-0.0055403689274414,-0.0128915456874465,-0.0388513513513513,-0.037305930972858,-0.0059844600251151,-0.0040917277382621,-0.0003754020753806,-0.0147828978359056,-0.0187301723398782,0.0167760424504537,0.0177828091157261,-0.0171881190104857,0.0025224519973034,-0.0112263002183818,-0.0092412451361866,-0.0033444816053512,0.0127002453456486,-0.0226564030562268,0.0064290858986002,-0.0028030634928361,-0.0120382668930847
2025-12-18,-0.0071375475962923,0.0046816515568808,0.0389063501266362,-0.001121615125781,0.0166648862301037,0.0037729977828775,0.0018567075331301,0.0057611875017085,0.0043872955123567,0.0108849816173641,-0.0017839303553588,0.0195170522345724,0.0042359236047462,0.0616476587534025,-0.0148048452220725,0.0,-0.0111926020408162,0.0027726389573203,0.0030904929753929,-0.0056497175141241,0.0006995160685763,0.0031380753138074,0.0,-0.013752839411355,-0.0161284752201692,-0.0347947112038969,0.0009993715292444,0.0095504075331684,0.0128354725787631,0.0096056622851363,0.0055342699020861,0.0120764737961067,0.0086782911563039,0.0096153846153845,0.0059109909514452,0.0109618386718171,0.004037810278739,0.0080632917106078,-0.0034515986351573,0.004275076382139,0.0060698027314112,0.004497768846597,0.0051322851209578,0.0185460455940986,0.0130790190735694,-0.0037220367599094,0.0255389718076284,0.0163012799096804,-0.0019964078013474,-0.0190696092276293,-0.0174129353233829,0.0022034020224355,-0.002460431008488,-0.0057932548998472,-0.0065570776255707,-0.0005185377236194,0.010849274889283,-0.0119909267211525,0.0068725430485576,-0.0140597539543058,0.0052308975963544,0.0152058480994334,0.0336989071675806,0.0119659876584692,0.0043734443335066,-0.007379058154318,-0.0291890013577776,0.0574420623405724,-0.0064036003030867,-0.0062902631065223,-0.011353760947385,-0.0014727540500737,-0.0067114093959731,0.0025651988029071,0.0012194256171256,0.0012166169336895,0.0040150513576731,0.0097428566566259
2025-12-19,0.0117191379481575,0.0035871508487284,-0.0143922927803559,0.0073788899582931,0.0163960982102202,0.0067658684026969,-0.0069462128285657,0.008908247093438,0.0092706614930644,-0.0005660842491622,0.0053256129816283,-9.59378016045509e-05,-0.0024666995559941,0.0,0.0655737704918031,0.0100241232496227,0.0169628172466058,0.0098801999680162,-0.0100006661559471,-0.0018939393939395,0.008156906530774,-0.032325338894682,0.0412371134020619,0.0095097935695054,-0.0239321039658022,-0.0028839221341022,0.0148726816113959,0.013984436675313,0.0140552995391705,-0.00250375563345,0.0006350550381033,0.0041518618302032,-0.0215054540200824,-0.0115646258503401,-0.0029356487932599,-0.0038547807170794,0.02189625456365,-0.0067979581701687,0.0250156533593297,-0.0022209797759741,-0.0112107821086149,0.023517851679258,0.0091925525834934,0.0090973567200414,-0.0161377084454007,0.0127022030503776,0.0056198652576402,-0.0106894284613118,0.0086639459423296,-0.0281832224709182,-0.0113924050632912,0.005496394289794,0.0070875687773943,0.0035605755190952,0.0049456711588315,-0.0088197146562903,-0.0218858644208739,0.0013012732323276,-0.0109223884905932,-0.0089126559714796,0.0106185475870062,0.0084223420527311,0.0328636731315485,0.0076134596904615,-0.0043544006048555,0.0135518173255517,0.0045736254267061,-0.0041414215905076,0.0133853031271744,0.0084430183572348,-0.0216178918627185,0.0122910521140608,-0.010135135135135,0.0071073205401563,0.0085297540344275,-0.0027348387377476,-0.0055994035946388,-0.005629197670793
2025-12-22,-0.0120440078229416,-0.0118224864765464,-0.0438669686494217,-0.2253184713375796,0.0079559600780518,-0.0112006651116602,-0.0065294299214093,-0.0100890367596545,-0.0140545144804088,-0.0056701391955223,-0.0070572759270451,-0.0133942021142882,0.0182987141444115,0.012903979592499,0.0153846153846153,-0.0036063639477791,-0.0500079276993816,-0.0179995960819954,-0.0124315549536969,-0.0246679316888045,-0.0018505678308836,-0.0086206896551723,-0.0198019801980198,0.0018827344102398,-0.0245228885621124,-0.0325379609544468,-0.0107501800148068,-0.0222608229144177,0.0168143603726427,-0.01355421686747,-0.0247514279669981,-0.0286758606387391,-0.0234472473847016,0.0075705437026842,0.0098176229813942,0.0100363208454499,-0.0039354013837379,-0.0213367651398407,0.0,0.0129768248901531,-0.0008652834026154,-0.0035584324501444,0.0020232958186106,-0.0077312968845035,0.0120284308365228,-0.034684982771604,-0.0019964748435815,-0.0281065597250069,-0.0171856863330348,0.0142623890312605,-0.025608194622279,-0.0276961686716208,0.0048950892643315,0.0029031691804961,0.0574826198316866,0.0314053912588325,0.00042960376966,0.0090926991489268,-0.0048300113974371,-0.0431654676258991,-0.0079944403405777,0.0105211402936535,-0.0141124311160371,0.0011746781265629,-0.0043734443335068,-0.0194067248274933,-0.0071591171521889,-0.0023385066296662,-0.0139432943978513,0.0,-0.0204825502637129,-0.0072850898494414,0.0034129692832762,0.0292166549047283,0.0004053036882634,-0.0109693543662392,-0.0334066740007333,-0.0323646810566191
2025-12-23,0.0266746155492372,0.0262966093152723,0.0305759880314175,0.0267214799588901,0.0179487179487181,0.0219076980568013,0.0211270971750872,0.0095523200435432,0.0093222812445274,0.0136865477375391,0.0124424870651842,0.0252129279711208,-0.0140845070422535,0.0038193131644548,-0.0492424242424242,0.0234832351283986,0.0584818746244741,0.0259015772782194,0.0173064311447623,0.0272373540856032,0.0269541076030546,0.0010869565217392,0.025252525252525,0.0194379375819702,0.0175611074926571,0.047085201793722,0.0296484627292576,0.0267256406224385,0.0044692737430167,0.0310432569974556,0.027114967462039,0.0220764455641608,0.0225058022180726,0.0245901639344261,0.0087519269507143,0.0033159321578204,0.0175562373118973,0.0366101865268484,0.0071330674703127,0.016472931060135,0.0113387795187716,0.0115297633470639,0.0164084058586286,0.0324601909743504,0.0054024851431657,0.035931257830414,0.0324134525244408,0.0333639857584115,0.0147934185484632,0.0202558635394456,0.0170827858081472,0.0307339201397207,0.0036796481773349,0.0048739767341663,0.0108646759627695,0.0256280131946207,0.0275280365594021,-0.016304371392766,0.014567344287939,0.0244360902255638,0.0338472391646214,0.0440918790168449,0.0374804047313666,0.0331854123587587,0.0043926553672317,0.0338600251536678,0.0249019738153783,0.0058599701532187,0.0114115533948151,0.0443681574379108,0.0049354377260393,0.023972602739726,0.0034013605442178,-0.0002742731760833,0.0161022274403452,0.0036959549301454,0.013008417955495,0.0485023646873359
2025-12-26,0.0185593258192755,0.0064066484087259,-0.0148192953273855,-0.0014014014014014,0.0268681780016792,0.0140406210479802,0.0045967326686326,0.0006334914815613,-0.0005436448495433,0.0061874233369789,0.0035012024331588,-0.0077555852355511,0.0093596059113298,0.0139615053145647,0.0424966799468791,0.0080151532116599,0.0073478397981709,0.0337925881377401,0.0054167189920046,0.0227272727272727,-0.0161464585834334,-0.0054288816503801,0.0197044334975369,0.0166030876366523,0.0027092743331482,0.0014275517487507,0.0038333250360931,0.0051421253466372,-0.0077864293659621,-0.0083909180651531,-0.0006335797254488,0.001819985899679,-0.0080663048782291,-0.0073333333333333,0.0,0.0033049730912662,0.0077655657993029,0.0039712678969652,0.0210614607705581,0.0068419373604307,0.0008651511807549,0.0076397701509989,0.0003237056993088,0.0037732861892447,-0.0005373455131648,0.0073781651948368,0.0038753248016734,-0.0043010998037695,0.0026535253980288,-0.0114942528735632,-0.0064599483204134,0.0014545127382328,0.0031247823416553,0.0032994345740546,0.017200068457984,0.0044532409698168,0.002720846035747,0.00479605735873,0.0068349359525889,0.0220183486238532,-0.0002227150384775,0.0052783547858503,-0.0082799145299145,-0.0022749760134325,0.0093797021557846,-0.0080785408938652,-0.0185388121932083,0.0034954985746133,0.0144712505843378,0.0035316354954237,-0.0091201222006521,-0.0033444816053511,0.0033898305084745,0.0030178326474623,0.0003946506528009,0.0135050714651212,0.0097350582771922,0.0015954158940176
2025-12-29,0.0109341538821361,-0.0060130395126509,-0.0120644666155026,0.0004009623095428,0.0147179067865903,0.0051012358664213,-0.0059502730509012,-0.0006330904241705,0.0048896784385432,0.0083863296521158,0.0104845814977974,-0.0001911987396178,-0.0239141044411907,0.0500591820288103,0.0127388535031847,-0.0035915616813692,-0.031149234574085,-0.0022542672419492,-0.0100006661559471,-0.0185185185185186,-0.0013867835538264,-0.0251091703056769,0.0193236714975846,0.0030220990996663,-0.0215995728262921,-0.014255167498218,-0.0076472922039279,-0.0115089721353195,0.0078475336322869,-0.0084619213539073,-0.0084530853761622,0.0,0.0014758167303952,-0.0080591000671592,-0.0106045367106405,-0.0186627790513922,0.0057437845947614,-0.0067200244657177,-0.0209917063304083,-0.0211020322960621,-0.0008644033411835,-0.0013867505886614,-0.0030689896343309,-0.0137746116032702,0.0064516129032257,-0.0109861898685432,-0.0181469442145005,0.0108049269550272,-0.0158657513348587,0.0327695560253697,0.0,-0.0087144012218129,0.0065362365038235,0.0105234691390585,-0.0016656852023219,0.0133004926108373,0.0035360570331779,0.0130209133065135,-0.0081489786431129,-0.0053859964093357,0.0020048818636395,-0.0268379512505489,0.0017724083977785,-0.0122347478860593,-0.0006199671208448,-0.0102948543001744,-0.0110730850037659,-0.0025157330071909,0.0031429687656523,-0.0086741016109046,-0.0136855870603789,-0.0004793863854265,0.0016891891891892,-0.0136761487964989,-0.0023751037074392,0.0006070949577046,-0.0008200893031919,0.0057627033833991
2025-12-30,-0.0007229873838701,0.0092516020376181,0.0091666148778821,0.0142284569138275,0.0136986301369863,0.0072504933325361,0.009210865540113,0.0065303536769463,0.0047679922606502,0.0022183512736908,-0.0034527857703374,0.0055152261548698,-0.0050000000000001,0.0035795015079473,-0.0075471698113208,0.0108228124448408,0.0160591960708282,0.0033879363845372,0.0163174672599273,0.0037735849056603,0.0166645127180873,0.0011198208286673,0.0236966824644551,0.0024166718975582,0.0217317264330176,0.0209689081706434,0.021199612190027,0.0145520735966939,-0.0144605116796441,0.0130522088353413,0.0051150895140663,0.0034743670943813,0.0140368112770818,0.015572105619499,-0.006819774384888,0.0067134643517312,0.0155176294570151,0.0175092468431095,0.0013037509240503,0.0155060603868137,0.007768704480247,0.0097207343547187,0.0064134110970335,0.0076232108110989,0.0021367521367523,-0.0037027423196727,0.0794362350967095,0.0039561087306445,0.0114171715878226,-0.0010235414534288,0.0130039011703511,0.0095047127061809,0.0074250595760692,0.0029272515222698,-0.0066570041795874,0.0068060281964026,0.0172485775552091,0.0047161435890328,0.0102699126023546,0.01985559566787,0.0059080072655717,0.0209808933458282,0.0146457870318212,0.0074043931972374,-0.0055761952225947,0.0095336579576592,-0.0039550513755828,-0.0019400599090499,0.0149441155984511,0.0233333333333332,0.0066994258671875,0.0023980815347719,0.003372681281619,-0.0022185246810871,0.0055564614757439,0.0051478896129022,-0.0041058742253797,0.0091210613598673
