date,ABEV3,ALOS3,ANIM3,AXIA3,AZZA3,B3SA3,BBAS3,BBDC3,BBDC4,BBSE3,BEEF3,BPAC11,BRAP4,BRAV3,BRKM5,CMIG4,COGN3,CPFE3,CPLE3,CSAN3,CSMG3,CSNA3,CVCB3,CXSE3,CYRE3,DIRR3,ECOR3,EGIE3,EMBJ3,ENEV3,ENGI11,EQTL3,EZTC3,FLRY3,GGBR4,GOAU4,HYPE3,IGTI11,IRBR3,ISAE4,ITSA4,ITUB3,ITUB4,JHSF3,KLBN11,LREN3,MDNE3,MGLU3,MOTV3,MOVI3,MRVE3,MULT3,PETR3,PETR4,POMO4,PRIO3,PSSA3,RADL3,RAIL3,RAPT4,RENT3,SANB11,SAPR11,SBSP3,SLCE3,SMFT3,SMTO3,SUZB3,TAEE11,TEND3,TOTS3,UGPA3,USIM5,VALE3,VBBR3,VIVT3,WEGE3,YDUQ3
2026-01-02,-0.0151503093007271,0.0063471409496502,-0.0060658312036209,-0.0120529539616676,0.009141494435612,-0.0220624248630838,-0.0109521597770553,0.0025643944212703,0.0016505622227571,-0.0113405431101075,-0.0677025915621116,-0.0074172689235451,0.0090452261306532,-0.0100967857569602,-0.017743979721166,-0.0035659142710094,-0.0094768643663538,0.0088198328479893,-0.0104360635929521,-0.0131578947368421,-0.0102457548183707,-0.0268456375838926,0.0185185185185186,-0.0048154294123172,-0.0377316813590633,-0.0347025495750706,-0.0084956445140452,-0.0076484926068881,-0.0001128668171556,-0.0079286422200198,-0.0014843087362169,-0.0051948051948053,-0.0021872041219256,-0.0113333333333333,0.0058877891724302,-0.0100030414653102,-0.0097611007531606,-0.0101686952297909,-0.0249518681301823,-0.0232376752575192,-0.0042836494240287,-0.0006006444297246,-0.0015762285999656,-0.0113483056900245,0.0175906183368868,-0.005203105004636,-0.1236960215799379,-0.0122957760791265,-0.0073034044793326,0.014344262295082,-0.0089858793324775,-0.007705745269009,-0.0082916262045267,-0.0035677862783072,-0.0150659133709981,0.0082085948816996,-0.0047552742072035,0.0102328468348864,-0.0006822492392921,-0.0336283185840708,-0.0029836779414738,-0.0096891991091535,0.0141921287183679,-0.0024009150657419,0.0366798208415399,-0.0137353969564295,-0.0211617144006975,0.0081621466115135,-0.0033231253612761,-0.0545602605863192,-0.0261411047662996,0.0033492822966507,0.0050420168067226,0.0058365758754863,0.0169786307634303,-0.0108774652918928,-0.0053590212952763,0.0016433853738702
2026-01-05,0.0043931502119438,0.0031497957143233,0.0091387856257743,0.0049999999999998,-0.0129972430090588,0.0387233364445556,0.0092278648646111,0.0343871881177539,0.0422488470825181,0.0033567433879366,-0.0260707984533953,0.0270166698601266,0.0144422310756973,-0.0575894743195122,-0.0193548387096774,0.0026840066408411,0.0319452916813818,-0.0020465871305016,0.0090658191854142,0.0,-0.0213925097026391,0.0402298850574713,0.0363636363636361,0.0013654153505404,0.0546744574290483,0.0513573000733675,0.0152218120076601,-0.0003225007818201,0.0485382097302178,0.003996003996004,0.0053089827988956,0.0078328981723239,0.0182494906178052,0.0114632501685771,0.0097506038557857,0.0168401888831994,0.0055738179775379,0.0114557397358905,0.0143233059047498,0.0092943082439476,0.0240793201133144,0.016800067402477,0.0145601475553331,0.0038261893294804,-0.0298585646935568,-0.029895239562471,0.0708695652173911,0.013591988842909,0.0107067818568713,-0.0393939393939394,0.060880829015544,0.0107248004885533,-0.0167187656924777,-0.0166092687854431,0.0238058326012438,-0.0146072796934866,0.0041561862403247,0.0236376358950727,0.0061034722885973,0.0384615384615385,0.0069072857833485,0.0112068396900528,0.0039810898233392,-0.0136000877913291,-0.0101419878296145,0.0256754091895088,-0.0209476821872751,-0.0277606927254953,0.0064314871394937,0.0749354005167959,0.0102489813948782,0.0061993323795899,0.0301003344481605,0.0102238187344572,-0.0089296036292461,0.0106919570578123,-0.0035246161020618,0.0254306808859721
2026-01-06,-0.000724112961622,0.015013844810725,0.0632386799693016,0.0340298507462686,0.0039904229848364,0.0394275444902252,0.0109675347941202,0.0030926171030118,0.0057971650984309,0.006694021804241,-0.0057430283875196,0.0132462686567165,0.0382916053019144,-0.0006340138842636,0.0513157894736842,-0.006255116777511,0.0309563810590505,-0.006521843694385,0.0155071526845358,-0.0076190476190476,0.0124584499597921,0.0298342541436462,0.0175438596491228,0.0061705510138678,-0.0051444400474871,-0.0181437543614794,0.0421803897164636,0.0096390410490196,0.0020454300785874,0.0134328358208954,0.0111956062526403,0.0101036269430052,0.0100339521779959,0.0393333333333332,0.0164169393854898,0.0187657360264086,0.024720562497545,0.0062515658740858,-0.0065903384358853,-0.0055267532131622,0.0041923318127539,0.013815694983041,0.0060419314665742,0.0063437908148307,0.0,0.0362080054629621,0.0820138043036946,0.0223420212705967,0.0244876001222056,0.0809674027339641,0.0268620268620269,0.0139043257073376,-0.0192054185006558,-0.0185408057063236,-0.00331454530159,-0.0080194410692587,0.034554602335032,0.0164977158291375,0.0,0.054673721340388,0.0132607606083741,-0.0005901629160259,0.0143742255266419,-0.0059424020501095,0.0013661202185792,-0.0101814111273466,-0.0124231862148126,-0.0039662944299344,-0.003786169691025,0.0352564102564101,0.0212573650833978,-0.0009478672985783,0.0405844155844155,0.037609409190372,0.0019588835570429,0.0,0.001871958850333,0.032
2026-01-07,0.0,-0.0103176888377004,0.1388191136133969,-0.0471516551193226,-0.0063593004769475,-0.0151741975386734,-0.0189861182708594,-0.0111029582142582,-0.0125754582073421,-0.0193921723219732,-0.0076951406253028,-0.0195175842386301,0.010401891252955,0.0273888329947644,-0.0287859824780977,-0.0107931982486508,0.0750822343603827,-0.0172622099766066,-0.0257253621709854,-0.0211132437619961,-0.0085907413255902,0.0568669527896994,-0.0129310344827585,-0.0098110850897735,-0.0365950676213207,-0.0298507462686566,-0.0197887705025097,-0.0165507447512385,0.0089170605930382,-0.0171821305841924,-0.0240233966993941,-0.0189792254424211,-0.0070948869609995,-0.0153944836433611,0.0104486016392417,0.0043276729421584,-0.0158059501245821,-0.0147532496275131,-0.0284314031649868,-0.0070376745075541,-0.015886595204079,-0.0195039421992403,-0.016015906155723,-0.0025162230168189,-0.0091792656587471,-0.0237932857723047,0.0138836772983115,0.0153009443120641,-0.0084017814888527,-0.0466926070038908,-0.0475624256837099,-0.0147951413668032,0.0009632908096848,0.0064110092503679,-0.0116648097504979,0.0061244487996079,-0.007001814361513,-0.0190675359822856,-0.0121261060745888,0.0267558528428093,-0.0081246128385061,-0.0227005019347018,0.0024431956999755,-0.0059007409694349,-0.0204638472032742,-0.0085725015215544,-0.006987803235934,-0.005774028420166,-0.0173486668504587,-0.0491486068111455,0.0068577688690301,-0.0118595825426944,0.0109204368174726,0.0059311981020164,-0.0039101076684678,-0.0099719663596313,-0.0097572877284225,-0.0232558139534884
2026-01-08,-0.0043844239496414,0.0048638749118796,0.0323251273990314,0.0341345182791357,-0.0115999999999999,0.0070010419491586,0.0055269096692767,-0.0118524593364964,-0.0169863468022775,-0.0211864792458668,0.0019338203695744,0.0215962441314554,-0.0098268600842302,0.0570348608746094,0.0399484536082475,-0.0045384363449212,-0.0111719298245613,0.0315008767038622,0.0214537625761268,0.0019607843137257,0.0248235464722368,0.001015228426396,0.0262008733624454,-0.0099082962271528,0.0111478117258463,0.0095238095238094,0.0091756217816314,-0.0012930454502193,0.0099030987115324,0.0254745254745254,0.0158390410958904,0.0143790849673202,0.0543194047267461,-0.013029315960912,-0.0032912598237676,-0.0053917494203594,-0.0215558652206651,0.0094586355176176,-0.0003897233566831,-0.0003736373791456,0.0254968096388894,0.0114450047930647,0.0155139900861944,0.0189856611789696,0.0092643051771115,0.0220889523839427,0.0103626943005181,-0.0075406095507143,-0.0078191910144681,0.0204081632653061,0.0099875156054931,0.008057530318418,0.0250149556532368,0.0124005518983518,0.001673868857499,0.0185049914779644,-0.0455177148215123,0.004961959702366,0.0122749534623336,0.004885993485342,-0.0088716236213096,0.0174971617199499,0.0399707531074824,0.0134903781576218,0.0062674094707519,0.0082155996255741,-0.0084429441109928,-0.007407644753469,-0.0195887857958757,0.0333740333740333,0.0185587730113818,0.0096015362457995,0.0169753086419752,-0.0096960167714884,0.0047113540004191,0.0125150526024275,-0.0417175588594531,0.0190476190476189
2026-01-09,0.0190632328831577,0.0114178387026129,0.0048381551156737,0.0029296875,-0.0412788344799676,0.0055633119069049,0.0018337322750878,0.0025227575122843,0.0010796403448101,0.0098135852752825,0.0251496305538767,0.0058823529411764,-0.0066162570888469,-0.0228717095363698,-0.0061957868649319,0.0009118255311149,0.0395435319499246,-0.0090680942890762,0.0355438187872125,0.0136986301369861,0.0125681120691454,-0.0020283975659228,0.0723404255319148,0.0118802672900888,0.0114332380563495,0.0101596516690856,-0.0018203253949539,0.0029180481938004,0.0106495149725853,0.0112031173891866,0.0031605562579013,0.0023195876288659,-0.0176268036729339,0.023102310231023,-0.0070725751341638,-0.0032547859648351,0.0177095266107307,0.0362998402568606,-0.0017564485173685,-0.0029825095467279,0.0033060093076877,-0.0018872900492837,-0.0020050880706199,0.01614332247557,0.0107991360691144,-0.0089472229048906,-0.0256410256410256,-0.0368728172452678,0.0203609623025677,-0.01,0.0098887515451173,0.0425139453741361,-0.0018777555745869,0.0033121900118995,0.0,0.0203203442505379,0.0012652287937129,-0.0139929369777086,-0.0006717876336789,0.0275526742301459,-0.0082621310373041,0.0115641984916534,0.0217951722521678,0.0003026054714132,0.0089965397923876,-0.0051474271500872,0.0581930988814833,0.0286452133561989,-0.0115946324363547,-0.007877116975187,0.0156806493370185,0.0137898240608653,-0.0060698027314112,-0.011378671606245,-0.0027357366632837,0.0069331120637994,0.0085309306669596,-0.0070093457943924
2026-01-12,0.0,0.0064959134465407,-0.0215813271416351,-0.0126582278481012,-0.0012663571127058,0.0020720568335588,0.0004610870476455,-0.0094414622768576,-0.0075493318504288,-0.0054300448155197,0.0132171994751155,-0.0118786549707602,0.005708848715509,0.0450145237361934,0.0286783042394016,-0.0054753608760578,-0.0081649371927908,0.0085902258521761,0.0046805207970348,0.0135135135135135,0.0045153708170966,0.0081300813008129,0.0277777777777776,0.0117470789685738,-0.0076705692369802,-0.0244252873563218,0.0063780331090785,0.0077522681773649,0.02170057381325,-0.0014450867052023,0.0008401596303297,-0.0151709951144254,-0.0144935599632791,0.0,0.0095004788741885,0.0119695080918287,-0.0084877247421739,0.0026343135638389,-0.0027359423096667,-0.0086071291919656,-0.0090826905041526,-0.005127612316178,-0.0090320665235117,0.026901229660593,0.0064102564102563,0.0082763109971095,0.0015037593984961,-0.0337830925397565,-0.0109395483400172,-0.01010101010101,-0.0232558139534883,0.0045299509699423,0.0015698587127157,0.0019800775811966,0.0168471310427147,0.0131208997188378,-0.007796400077964,-0.0100150605586328,0.0040470160047261,0.0315457413249211,-0.0071740161213844,-0.0046902083404137,0.0087155963302751,-0.0322426238296731,0.0322359396433471,-0.0086205399774285,0.1066392779164597,0.02196537007108,0.0007496445650767,-0.0476379515680827,-0.0002250452386857,0.0070356472795496,0.0183206106870228,0.0002676659528908,-0.0003901677721419,0.0014954936807762,0.0141001281235564,0.0227450980392156
2026-01-13,0.0007214278500007,-0.0169882114428858,-0.0220573541167066,-0.0242603550295859,0.0004226542688081,-0.0124207002292835,-0.0306365189540473,-0.00826457244435,-0.0114157964739509,-0.0031603865300869,-0.0018769473328578,-0.0125762899944515,0.0085146641438031,0.0109162356612442,0.0,-0.0165165165165164,-0.0191624679937225,-0.0325911766622498,-0.0326110090730653,-0.020952380952381,-0.0116835431490602,0.0131048387096774,0.0038610038610038,-0.0213795935637218,0.0081366965012206,-0.0169366715758468,-0.0289558432779066,-0.0294960122509891,-0.008577555396712,-0.0120598166907862,-0.0155299055613851,-0.0253263707571801,0.0105078191159035,-0.0238709677419354,0.0192941221341291,0.0182815157197051,-0.0115584893751314,-0.002627392188958,-0.0084301985214853,-0.021897611027944,-0.0033338449207891,-0.0149226478985459,-0.0081045481546527,-0.0071422328218061,-0.0106157112526539,-0.0126814796596752,-0.0277777777777779,-0.044293596545923,-0.024726261287437,-0.0540816326530613,0.0087719298245614,-0.0045095230516206,0.0341147056210575,0.0256935123796933,-0.0264953968440293,-0.0101757631822387,-0.0123206367354505,-0.0025312248315713,-0.0389544516958036,-0.0321100917431192,-0.0240081762478091,-0.0138389184658606,-0.015006821282401,-0.021845879908992,0.0006644518272425,-0.0152193139924866,-0.0278739005636243,-0.0115133567605225,-0.0112233300614764,-0.0150062526052521,-0.0292992167581596,0.0037261294829995,0.0014992503748125,0.008161626973508,-0.0043136402778114,-0.0322849019171638,-0.0074859852643839,-0.0475460122699386
2026-01-14,0.0208486526233835,0.0013835824770949,0.0150195407290096,0.02951283606226,0.0207013096746937,0.029348507292616,0.0141479532051405,0.0166668896052648,0.0181429912748758,0.0037462808100636,0.0018804768889388,0.020790410189174,0.0431519699812381,0.0198817839871037,0.0351515151515151,0.0018723894570069,0.0223438596491227,-0.0053596367931094,-0.0008067013249458,0.0,0.0056835357453552,0.0218905472636814,0.0153846153846153,0.0043680616488002,0.0056497175141243,0.0029962546816479,0.0046604720420022,0.0218027102631535,-0.0083427747450819,0.03955078125,0.002131741632914,0.006964907581034,-0.0020811073166984,0.0284203569068075,0.0253928905519176,0.0242910212078066,0.0238218769262152,0.0064036443254891,0.0185835915518763,0.0115785487953126,0.0058601603202983,0.0088156823096583,0.010977680105819,-0.0071936112683141,0.0198497854077253,0.0211503880555188,-0.0397683397683397,0.02439805012556,0.0073374840998861,0.0183387270765911,-0.053416149068323,-0.0017409223335465,0.0363182827898529,0.0272954730020746,-0.0221177200144695,0.0296728971962616,0.0124743284042379,0.0270511588166186,-0.0426304493156468,0.0110584518167458,0.0011939714229789,0.0146312134652493,-0.0050784856879039,0.0037782560152748,0.0112881806108897,0.0048595488133451,0.022439018221823,0.0128123980677528,0.0032811295863319,0.0110029623360135,0.0196538685419791,0.0180974477958237,0.0194610778443113,0.047378898473789,0.0196773385278166,0.0213165295216142,0.0131451618140843,-0.0024154589371979
2026-01-15,-0.0112707088682684,0.0100087789808231,-0.0024662153660316,0.0090320047123502,-0.0140728476821192,0.0264776493216269,-0.0018610245579475,0.0157621209130978,0.0205187896781884,0.0025848481016172,0.0130260144900333,0.0106422018348624,-0.0013489208633092,0.0033461874761786,0.0222482435597191,0.0046482652865631,-0.0027456687076138,-0.0019255991819024,0.0120532037219771,-0.0252918287937743,-0.0022601073837823,-0.0311587147030185,0.0227272727272727,0.0006203905928527,0.0012038523274477,0.0082150858849887,-0.0259756508348972,-0.0116392297780677,0.0279393435812214,-0.0183184593705965,-0.0036162518613059,0.0042564511838254,-0.0027782637601035,0.0109254498714652,0.0031519552613934,0.0030937101528041,-0.0008489295258555,0.0093538419334067,-0.0013591464560255,0.0030535855003941,0.0124685309927194,0.0111912563437996,0.0085868523803147,0.0241566700024069,-0.0147290899526565,-0.0007394532619799,-0.0028146361077603,0.0404720132663607,0.0006646019698801,0.1218220338983051,0.0209973753280841,0.0282805993522439,-0.0102202444924073,-0.0062537005328766,0.0243618876499498,-0.0065804402087588,-0.0229395158709312,0.0185185955483824,0.0021904194873829,0.0234375,0.0014295908193389,-0.024720390909796,0.0208816705336427,-0.0054445510159669,0.0137885751805646,-0.0817216861126227,-0.0243891881195466,0.0034506093200956,0.0025126871170757,-0.0054416073670991,0.0096375197252389,0.0145852324521422,-0.0323054331864903,-0.0008869741510391,0.0019301576229335,-0.0105884384365866,-0.0121241647809468,-0.0008071025020177
2026-01-16,0.0042711234911791,-0.017086901509178,-0.0074169378642247,-0.0173185444639034,-0.0096557514693534,0.0079399315197756,-0.0041939263975405,0.0055826846107016,0.0005289664216525,0.0060147368744902,0.0147113318016749,-0.0123456790123456,-0.0009004952723997,-0.0505281857336781,-0.0584192439862543,-0.0018507035535415,0.0054789240384351,-0.0123403735586687,-0.0230135131868397,0.0239520958083832,0.0251474697298974,-0.0442211055276381,-0.1074074074074074,0.0037263622732708,-0.0100200400801603,-0.057037037037037,0.0009485603620338,-0.0032708249710567,0.0033343437405273,-0.0143540669856457,-0.0010674637062341,-0.0082119205298013,-0.0222810144703785,-0.0190718372536554,-0.010772098945071,-0.0071998666305458,-0.0042309142849711,-0.006673863970949,0.0188538009823191,-0.0133123833840714,-0.0123149812671157,-0.0024282202136943,-0.0082634920148519,-0.0058998144712431,-0.0064068339562199,-0.0133276371098786,-0.0266129032258064,-0.0320375118379414,0.0092650399160501,-0.0906515580736543,-0.0385604113110539,-0.0118858076395906,0.0026562252287554,0.0078647089703414,0.0050901086806989,0.0089081772498857,0.0,0.0141428332223851,-0.009468627379075,-0.0061068702290076,-0.0304885637382776,-0.0012088167274786,-0.0043181818181817,-0.0049070656071834,-0.0142487046632123,-0.0081381510159438,0.0275025829229178,-0.0143261877515775,-0.0095294740997776,-0.0382996632996632,-0.0206815867681975,-0.0062893081761006,-0.0257966616084976,0.0003804692454025,-0.0127097524505732,-0.0073360300671275,-0.0025848065288535,-0.0218093699515348
2026-01-19,-0.0007040851160673,-0.0111266165682857,-0.0648367009785233,0.0059405940594059,0.0072064434082239,-0.0091880541921333,-0.0028061382487599,0.002473143210449,-0.0005286867641066,0.0045567142726077,0.0090567140196471,0.0077205882352942,-0.003605227579991,0.0070191334635569,0.0,0.0018541350077891,-0.0190580503833517,-0.0033205853390433,-0.0032496185409706,-0.0155945419103313,-0.0053054265652691,-0.031545741324921,0.0414937759336098,0.0037125280488112,-0.003238866396761,0.0267085624509033,-0.0114114232690372,0.0091890290780685,0.0003021148036252,0.0121359223300971,-0.0029920923274203,0.0008012820512821,-0.0235065279960954,0.0110174983797797,-0.0013606005028705,-0.0010285150551515,-0.0080798582542108,-0.001865884337972,0.0358645644666379,0.0023130269999123,-0.004159012043274,-0.0043301034643585,-0.0015140357291832,0.0166100556156918,-0.0010746910263299,0.0045077087231508,-0.0049710024855013,-0.0118240824702906,-0.0006580635821032,0.0093457943925232,-0.0147058823529412,0.005156191984083,0.005295393455192,0.0040582470290115,-0.0033876266082671,0.0172062485850124,0.0047823651133578,-0.0199217145480465,-0.0044056451493477,0.010752688172043,0.0027007367247338,0.0069495536297243,-0.0047934261584113,0.0027486399322409,-0.0111695137976346,0.0082049239259274,-0.0164275227320395,0.00484351136161,0.0088606964260895,-0.0035010940919038,0.0116035909170919,-0.0072332730560579,-0.0093457943925232,-0.0039300202839757,-0.0105374922371136,0.008624045609805,-0.0021577803704876,-0.0189925681255159
2026-01-20,-0.001423396366069,0.0021092429364886,0.0133173887046802,0.0098425196850393,0.007996632996633,-0.028474434425787,0.0107927073977105,0.0129262714260016,0.0142820933846139,0.0087859230394544,0.017950852303572,0.0051076249543962,0.013116236996834,0.0238085500446958,-0.0024330900243311,0.0064870021464344,0.0138733809736488,0.0152796286935343,0.0154818743742293,-0.0019801980198019,0.0111094823017332,-0.0304017372421282,-0.0478087649402388,0.0104809690971547,0.0300568643379366,-0.0015302218821728,-0.0028957721726279,0.0159352038729931,-0.0072485653881002,0.0043165467625898,0.0160771704180064,0.0130771283693622,0.0102096318946254,0.0025641025641025,0.008630411267865,0.0062089614960341,0.0171471707387722,-0.0033656317222211,-0.0034988839603193,0.0019224123892329,0.0108466354078591,-0.0010893125412304,0.009355868563972,0.0233269692074216,-0.0048413125336201,0.017172502443868,0.0054121565362197,0.0047934702551284,0.0052482204120873,-0.0041152263374486,0.0013568521031206,0.0119670748621729,0.008490319670477,0.0037299538847852,0.0118626609442058,0.0106832851101712,-0.0015153388715896,0.0146358500256806,-0.0103451609784394,0.006079027355623,-0.0019604791501411,0.0201006455612522,-0.0087155963302753,0.0309684021587728,0.0066445182724252,0.0009540283606612,0.0204085472551318,-0.0096422585143708,0.0052712839787278,0.0404040404040404,0.0240871052088189,0.0277777777777776,-0.029874213836478,0.0192185312460226,0.0173513393128301,0.0396918527741032,0.004542224212011,0.0109427609427608
2026-01-21,0.0170623409759886,0.0224562566128103,0.1631799163179916,0.0298245614035088,0.033402922755741,0.0565755927446527,0.0399258863622398,0.0328293078952708,0.0307804300350937,0.0168605107343542,0.0440857539019448,0.0477313974591651,0.0316964285714285,0.0062374452154858,0.0353658536585366,0.027629022321217,0.1096060130503013,0.0231538687849366,0.0337103371848568,0.0595238095238095,0.0303235778922268,0.049272116461366,0.0041841004184099,0.0176931203778507,0.0445583596214511,0.0314176245210728,0.0386156064733216,0.0342530675842367,0.0109522360815332,0.0291308500477553,0.0320675105485233,0.029768177028451,0.0187722374615277,0.0242966751918158,0.0162186829735773,0.02265703307718,0.0391874282656909,0.0217632969274672,0.0096105171409759,0.0222635390939975,0.0503730239867521,0.0457149992369272,0.0438368343868005,0.0400650608749733,0.0254054054054053,0.0638753518781971,0.0351966873706004,0.0488115551923862,0.0359037849310222,0.0764462809917356,0.0311653116531165,0.0256725484524154,0.0458637036426714,0.0353060545048116,0.0301657589793182,0.032371724289804,0.0221025824624925,0.0272417661184836,0.0485090329756212,0.0196374622356494,0.0464044709261528,0.0330466274332277,0.0217491901897268,0.0233105007543024,0.0217821782178218,0.0277270998705105,0.0,0.0165527959988158,0.0162247837126441,0.0287040945546643,0.019265928260244,0.0412051395657953,0.0162074554294975,0.0302197802197803,0.0445749084540678,0.0146844416768703,0.024983936116586,0.0890924229808494
2026-01-22,0.019565110754504,0.0191495394904013,0.119904076738609,0.0352072685973878,0.0068686868686869,0.0077386861985757,0.0468742898179206,0.035316875460575,0.0273262922674761,0.0303929628167725,-0.005056696291756,0.0100467694439634,0.0116832540025961,-0.0011285977598185,0.0164899882214371,0.0277808522412839,0.0740658031859462,0.0369585557209561,0.0318306150923466,0.0262172284644195,0.0283638504868746,0.0181430096051227,-0.0083333333333333,0.0413661706064474,0.0154775386938468,0.0200594353640415,0.0631942301758716,0.0287810879690657,0.032801685224195,0.0385150812064964,0.0284137367130008,0.0296751087234585,0.0148839069541555,0.0280898876404493,0.0230461101830397,0.0271986604863903,0.0202790234180367,0.0062437375686061,0.0199522728814964,0.0307949446807851,0.0369533216966029,0.0421535848856338,0.033838027824282,0.0033117151924932,0.0163415919873486,0.0317521285449076,0.0168000000000001,0.017025664527956,0.0415899936132135,0.04510556621881,0.0210249671484887,0.0118585966431978,0.0069382897369021,0.0044867083180202,0.0178856700538545,-0.013438566552901,0.0303154471974569,-0.0386101299356628,0.0120983637106426,-0.0133333333333333,0.029564393893871,0.0167781206103754,0.0228713768115942,0.0324871533324351,0.0051679586563306,0.018604302596265,-0.034542738956465,-0.0001915903338843,0.0370914105574906,0.0094378334017235,0.0213178337649058,0.0272340425531916,0.0095693779904306,0.0058181818181819,0.0348804865130565,0.0451536001321799,0.0344622333857502,0.0107033639143732
2026-01-23,0.0212447163132754,0.0125855022818675,-0.0242546532696424,-0.0058511610897787,0.0204654895666129,0.0128074639525022,0.0353975000759789,0.0159142540230499,0.0241369934694171,-0.0080444938564606,0.0373393569142836,0.0133767792831418,0.0256629597946964,0.0163689631286692,0.1066048667439165,0.0209185871203962,0.0137916695543696,0.0030929374373414,0.0173036815205849,0.031021897810219,0.0170053133710013,0.0628930817610065,0.0168067226890755,-0.0189936140643051,0.041635687732342,0.0036416605972322,0.0533255944715505,-0.0002989791995898,0.0097125097125096,0.0049151027703306,0.0296163784535876,0.0163975155279503,0.0202532001885982,0.018214936247723,0.0073655932858096,0.0088162210515851,0.0075491201510637,0.0189791110879922,-0.008974295002227,0.0196720941431409,0.0128846586457533,0.0169804402845603,0.0113734022429561,0.0451565580158621,0.0072614107883817,-0.0066941049133764,0.0192761605035405,0.0457494986819277,0.0296388936108211,0.0101010101010099,0.0218790218790219,0.0182297801742017,0.039691521019322,0.043477598060887,0.0271499069654557,0.0490810810810811,-0.0057602504233591,0.0040554393734366,0.0414911019679771,0.0225225225225225,0.0198253260836576,0.0167846452671789,0.0332078813371707,0.0302048576807649,0.0218508997429305,0.0059364237070691,0.0075313381335269,0.0011497622866472,0.0191851464768761,0.0032520325203251,0.0051643539878476,0.0169842584921291,0.0300157977883095,0.024584237165582,0.0182847127871483,0.0249240619248185,0.0129996000750878,0.027231467473525
2026-01-26,0.0100682433069065,0.0016807622310244,0.0455581346275586,-0.0182085709030714,0.0125835627211954,-0.0088512107605986,0.0049396175779941,0.0106320865980824,0.0043329292605467,0.0021631760651101,0.0130982035335456,0.0192926045016075,-0.0175145954962469,0.0,0.0062827225130888,-0.0247620052213813,0.0317427764105369,-0.0054395440819972,0.0051816584310839,0.0,0.0220220821103442,-0.0177514792899408,0.037190082644628,0.0093847882743944,0.0014275517487507,-0.0087082728592161,-0.0082998984037331,0.0045134947083165,-0.0150057714505578,-0.0191196087149844,-0.0048262548262548,-0.0046443412368613,0.0486001420895441,0.0005963029218845,-0.0223622404071566,-0.0204045439766691,-0.003154548649118,0.000357343407014,0.0150304431742953,0.0028556986684475,0.0097339439704688,0.0115393763378941,0.0133124840528753,0.0168545486446181,-0.0118434603501544,-0.0067322774531171,0.0177537630258588,0.0106757732125351,-0.0046993478696684,0.0518181818181817,0.0201511335012594,0.0076742844666615,0.0034454029938992,0.0091338076524127,-0.0015594726147157,-0.0004122011541632,0.004137687798122,-0.0109083186650276,0.0026993948459916,0.0044052863436123,0.0210057390352835,-0.0061547751765144,0.0008570816370259,-0.0017949098383496,0.0075471698113207,-0.0063585083332571,-0.0199355490964235,-0.0110996904949211,0.0058108885556307,0.0214748784440843,0.0109186804050498,0.0040733197556006,-0.01840490797546,-0.0229357798165138,0.0045776850509293,-0.0002699241182707,0.0348908176440139,0.0162002945508099
2026-01-27,-0.0119601284631069,0.02246874788476,0.0376193263234374,0.0099288122892466,0.0392233009708737,0.0306124438609376,0.011887773410443,0.0232589040700192,0.026339283487698,-0.0026974092123333,-0.0080764658948431,0.024406441972439,0.0275891341256366,0.0144350284063929,0.0353798126951092,0.0183873235628144,0.0,-0.0047380597046837,0.0088231778382092,0.0300884955752211,0.0179566375355699,0.071285140562249,0.0557768924302788,0.0040743328872097,0.0616535994297933,0.0219619326500732,0.0,0.0026947135613664,0.0099609375,-0.0271985494106979,0.02909796314258,0.0191552062868369,0.0006512086827823,0.0137067938021453,0.0338738289015074,0.0327379156357492,0.0154336745030347,0.0225556235966524,0.0281900772544805,0.0210182810850185,0.0266828472827942,0.0293695424034214,0.0264992607651082,0.0093282576108877,0.0114643043251692,0.0325409469506401,0.0034129692832765,0.0179496471892388,0.0035426330412735,0.0881590319792566,0.028395061728395,0.0171299769746204,0.0280069207117832,0.0217736868468978,0.0202574782279438,0.0105154639175257,0.0164889766511464,0.0179736403124843,0.0134742010076829,-0.0014619883040934,0.0439923858038739,0.0318115958963334,0.0254763433954186,0.0115175046494175,0.0112359550561798,0.0287802880789065,-0.0146223525998517,-0.0075486598225484,0.0203330932100964,0.0059500198333994,-0.0152469844424645,0.0133874239350912,0.0218749999999998,0.0220296135789095,0.0084117699991002,0.0067554350670997,0.0211197290695523,0.0695652173913041
2026-01-28,0.0053814562301484,0.0223025142156316,0.0057183980705268,0.0294936004451864,0.0239162929745888,0.0216624939300871,0.0287538091683952,0.0108231096256232,0.0135338711245018,0.0219107244018998,0.001625162105816,0.0084278768233385,0.0247831474597273,0.0306509612154652,-0.0241206030150752,-0.0034429044306374,0.0087903350487001,-0.0283896830409507,-0.0160405234276065,0.0360824742268042,0.0064682229398083,0.020618556701031,-0.0037735849056602,0.0191035092892952,0.008727760993622,0.0179083094555874,0.0192477991352815,0.0023905468868352,-0.0352929800812222,0.0032618825722274,-0.0015080113100848,-0.0024096385542169,0.0215284899161209,0.0052910052910053,0.0097860856519602,0.0115308577049306,0.0198757416991544,0.0066516475838762,0.0444206994026612,-0.0104675631657082,0.0137186675827218,0.0148548895140543,0.022506982092985,-0.0215612111887514,0.0092735703245749,0.0210125263079536,0.0317460317460316,0.0456430231827604,0.0005903222569199,-0.0206513105639396,-0.007202881152461,0.0168446622006162,0.0290415784112194,0.0334919281024452,0.0076235541535225,0.0304019587839217,0.0111500430873736,-0.0052161709411415,0.0066441848327913,-0.0043923865300147,0.0268346111719606,0.02319247603463,-0.0004175365344466,0.0089707474069773,-0.0135802469135801,0.0195414686062058,0.0058035685076258,0.0093593734154009,-0.0206081104853671,0.0646687697160883,0.0182799651147362,0.0172137710168134,0.0657492354740061,0.0243816254416959,0.0111221364781803,0.0163757221162557,-0.0214415327960718,-0.005420054200542
2026-01-29,-0.0127108696381259,-0.0125115453172874,-0.0246581700736845,-0.0133333333333334,-0.0131386861313868,0.0102960420730353,0.003940195606862,-0.0139188328734682,-0.0128928631361926,-0.0063538181187581,0.0048839648616756,-0.0200900032144004,-0.0080612656187021,0.008495450392447,-0.0205973223480948,-0.0069007167153654,-0.0152380952380952,-0.0254471323609075,-0.0296537138642402,-0.0199004975124378,-0.0175265190901866,-0.0339761248852158,-0.1553030303030304,-0.0187454062469255,-0.0116472545757072,-0.0232230823363828,-0.0205282838865747,-0.0005954557957194,-0.0241555577829006,-0.0167208546214584,-0.0292618463281102,-0.0140096618357486,-0.033211281925881,-0.0175438596491228,-0.0417193210150619,-0.0512877292639484,-0.0363006087922751,-0.0149540719126906,-0.0186070702076442,-0.007756200408566,-0.0113904678618277,-0.0013955097282902,-0.0041003451068775,0.0104940158993622,-0.0301174068402245,-0.0160796426156926,0.0234432234432233,-0.0357096363945884,-0.0176402220662068,0.0097323600973235,-0.022974607013301,0.0015321166034538,0.0064915336628048,0.0096405363165255,-0.015147097190037,0.02,-0.0062157617381629,-0.0125053515728527,-0.0178268759097888,-0.013235294117647,-0.017355294117647,-0.0146647851470629,-0.0050125313283208,-0.0150255220747298,-0.0100125156445557,-0.0222152045860253,0.0006440113450079,-0.0463668034014302,-0.0143359733302038,0.0074074074074073,-0.0316789050786207,-0.0043290043290042,-0.0487804878048779,0.0050592158215476,-0.0144381137963414,-0.00977374980816,0.0096944410357098,-0.0245231607629426
2026-01-30,0.0061009579455126,0.0038966238463715,0.0175087246192893,-0.0071219868517166,-0.011094674556213,-0.0317769685712889,-0.0109836582648933,-0.0054320120535156,-0.0060619013386696,-0.006125508551679,0.0016146393972011,-0.0167295391175987,-0.032507110930516,-0.0047364489348288,-0.0304942166140903,-0.0026023967089965,0.0066253140354388,-0.004641960967597,0.0068721059204044,-0.0016920473773265,0.0138753631819974,-0.0427756653992394,0.1748878923766816,0.002312002359186,0.0067340067340067,0.0050432276657059,-0.0092182730522051,-0.0226649971872902,-0.0042111750205422,-0.002361832782239,-0.0079735511474134,0.0024497795198432,0.0,-0.0107142857142856,-0.0140693219281833,-0.0120055207128214,-0.0003978725995695,0.0063557113327941,-0.0206543207939571,-0.0010569233987427,-0.0158561666556092,-0.0241957487798917,-0.0140843202818189,-0.0011995201919232,0.0084210526315788,-0.0241835524897606,0.0229062276306368,0.0071966353393218,0.002990829324541,0.0,-0.0012376237623762,0.008882048272137,0.0022337374855361,0.0015914139685953,-0.0076978215476671,-0.0100951271597746,0.013721206224865,0.0008175466992583,-0.0080600954217845,-0.0402384500745155,0.0054019883914717,-0.0170509112352924,-0.0201511335012594,0.0113851513392069,0.0145385587863464,-0.0138069007589758,-0.0211541837046476,-0.0006078411508457,-0.0234568051219127,0.0147058823529413,-0.027917841214383,0.0031620553359683,-0.0497737556561086,-0.0353506463791328,0.0031412524893619,-0.0029338749717895,-0.0067211457585788,0.0244413407821229
2026-02-02,0.0141402409378208,0.0119745450669892,-0.0191172171879566,0.0226227699098768,-0.0205684367988031,0.0123871244581026,0.0031730396589586,0.01091766474739,0.0126668882068925,0.0211727181394489,0.0032403562763583,0.0195162635529606,0.0088198236035279,-0.0259242500865027,-0.0184381778741865,0.0104457136708837,-0.010976875676392,-0.0068016666818625,0.0007626354833492,-0.0135593220338983,0.0240468195565717,-0.0059582919563059,-0.0496183206106869,0.0340881006461026,0.0244147157190635,0.0659498207885305,-0.005924742602849,0.0225809845643483,0.0029912325941205,-0.0056818181818182,-0.0072534797098607,0.000733137829912,0.0079274218240392,0.0150421179302044,0.0075823987130707,0.0131683015767036,0.0079321885204619,0.0031577856920872,0.0266205042854472,0.0265612543671773,0.014643536620077,0.01927635849942,0.0087555703001012,0.0240841321706013,0.0026096033402922,0.0080423587237157,0.0181945416375088,0.0040932898915329,0.0143227529384994,0.0152610441767069,0.0260223048327137,-0.0021228268874901,-0.019805334966418,-0.0137712438857737,0.0186086683417086,-0.0021572857423024,0.030254203983701,0.0285701319383131,-0.0006822492392921,0.0,0.024385803351222,0.0137670767173849,-0.0019280205655526,0.0164272877681423,-0.0068535825545171,0.017161388921739,-0.0039317522199124,-0.0123649265078561,0.015374050473861,0.0173913043478259,0.0112182868967958,0.0193065405831363,0.0285714285714286,0.0059297912713471,0.029900201738882,0.0021407495077638,0.0044476382846487,-0.0122699386503066
2026-02-03,0.0212475529690643,0.0121521997621878,-0.0545754360869392,0.0205035971223022,0.0084001527300496,0.0061146639739706,0.0154166230714132,0.0052562195781502,0.0055207026348806,0.0049868070903433,0.0144776991495163,0.0016361256544503,0.0482930890924229,-0.0086947017515097,0.022099447513812,0.0206932046071663,-0.0355739169271996,0.0007825911339998,0.0265333456493628,0.029209621993127,0.0404741002579411,0.0359640359640358,0.0240963855421685,0.0206674822886732,0.0447273914462944,-0.0053799596503025,-0.0314867466049764,0.0080558035376536,-0.0153229123817358,0.0080952380952381,0.0201421800947867,0.0063492063492063,0.0176980631186893,0.0047421458209839,0.0199210691541842,0.0280016626620842,0.0086595611790543,0.0027953152652702,-0.008249817942227,0.0174855331011949,0.0108223030983087,0.0035113749943345,0.005666389643173,0.0173794531547142,0.002082248828735,0.0358779096443711,0.0137457044673539,0.029501463264363,0.0123495416147674,0.0403481012658226,0.0157004830917875,0.0045616929431757,0.0123752679003525,0.0091303236164987,-0.0106528944731365,0.0121855345911949,-0.0001927335438679,0.0599211426691963,0.0216966833704275,0.0077639751552793,0.0217882798356632,-0.023899768075591,0.0088001717106673,0.0138639911596007,0.0169385194479299,0.0008898746573535,0.0440534215246337,0.0075931282087073,0.0026023671248989,0.0256410256410257,-0.0326150614940322,0.0092771550057981,0.0246913580246912,0.049162933270455,0.017892864695828,0.0285648975859844,0.0394609122725604,-0.0338164251207729
2026-02-04,-0.0052030018321347,-0.020219718253129,-0.0144367159098072,-0.0310186817060276,-0.0363498674744415,-0.0413406436824335,-0.0229660482940922,-0.0295678586840173,-0.0322896469639669,-0.0297723734589977,-0.0412613592730065,-0.0493302842208428,0.0043685464654488,-0.0109595686737157,0.0194594594594594,-0.0236468276737431,-0.0691180216268784,-0.01642156244482,-0.0273247399875523,-0.028380634390651,-0.018899447563206,-0.013500482160077,0.0117647058823531,-0.0224400251997302,-0.0465624999999999,-0.0236646382691007,-0.0562413390708189,-0.0156886525951119,-0.0373890339425587,-0.017005196032121,-0.0305845915602013,-0.0230526571220578,-0.0058010888397173,-0.0277286135693214,-0.0277809534697611,-0.0233532875077664,-0.1030066236806571,-0.019878414272119,-0.0263155134252477,-0.0268045878368159,-0.0306878847853234,-0.030550464603821,-0.0329428245671405,-0.0472288856350665,0.0036363636363636,-0.0250161970620513,-0.0223728813559321,-0.0385405653414191,-0.027890676478649,-0.0228136882129278,-0.0273483947681332,-0.0033308740225783,-0.0057389280926727,-0.0015964953385605,-0.0430704023436282,-0.0242718446601941,0.0150722588910463,-0.041933774834437,0.0132707882286906,-0.0261941448382125,-0.0116498492193994,-0.0269909000623599,-0.0146808510638297,-0.013740151622625,-0.025909932140654,-0.0235138008989125,-0.0560465947989577,0.010390139553835,-0.0212366064445486,-0.0201388888888889,-0.1288997443855279,-0.0045959402527767,-0.0180722891566265,0.0049443757725589,-0.0119380108991825,-0.0103816115308909,-0.048149291823698,-0.045
2026-02-05,0.0117647058823529,0.0148336947547644,0.0,0.0349217897417242,-0.0290766208251472,0.0310710731410994,-0.0262965757258635,0.0066469932606072,0.0081037116387947,0.001613224975498,0.0082770129328326,0.01340206185567,-0.0328192961644918,-0.025484097521822,-0.0455991516436903,-0.0026000391786726,-0.0247500124371922,-0.0017905770880739,0.0129052152796513,-0.0309278350515465,0.0057978498216411,-0.032258064516129,-0.0116279069767443,0.0089596331740255,0.0193379219927891,0.0242382271468144,0.015832842280161,0.0018055331049984,-0.0040143213626994,0.0370014416146082,-0.0013977635782748,0.0042225534028812,0.0233201710015338,0.0218446601941746,-0.0174080975468556,-0.0189233674304005,0.0160958446532757,0.017437521285152,-0.0090675668396386,0.0278934281666523,0.0191448483706913,0.0226124184400815,0.0201707706614449,0.0274226422086345,0.0056935817805383,0.0,0.0249653259361997,-0.0082266531111895,0.0119550351512824,0.0093385214007781,0.0684596577017115,0.0036455429597967,-0.0143016680191604,-0.0138593274174007,0.0032079465885035,-0.0218905472636816,-0.0373110560288977,0.026575133606405,-0.0052361545259104,-0.0063291139240506,0.0002005455657942,-0.0120109071380037,0.0064780824875836,0.0102408116869447,-0.012666244458518,-0.0018164099138463,-0.0233478566789347,0.0167335416876701,0.0053038607811457,0.0311835577604535,-0.0134284124224129,0.0050019238168528,-0.023006134969325,-0.0333221514033322,0.0369258346403764,0.0178344187439178,0.0157594187150913,0.0119670905011219
2026-02-06,-0.0038738096780461,0.0034938713782732,0.018827292110874,0.0128295254833041,0.0044516390125455,0.0479724224381072,-0.00449904395316,-0.0198150442884025,-0.0255325429232057,0.0005397619851696,0.0082090663842042,0.0218718209562565,-0.0094031071136549,-0.0062516444169898,0.04,-0.0156051922081167,-0.0330043104547657,-0.0181200717515601,0.0044980934477012,0.0230496453900708,0.0013023757977053,-0.0393939393939394,-0.0156862745098039,0.0088800709953482,0.0009646302250803,0.0689655172413794,0.0,0.0011994897601934,-0.0005446623093681,0.0143651529193697,0.010997800439912,0.0113776898342814,0.0113911778962674,0.0053444180522566,-0.0018181399737635,0.0030466152721884,0.0124132127077636,0.0017484073824809,0.0010563890700876,-0.006181130324105,0.0245664098886637,0.0218774202675451,0.0270195815817115,0.0010290139500344,-0.0066906845084919,0.019738537273356,0.0551420838971583,0.0569973117436011,0.0059098641976038,0.0508866615265999,0.0228832951945079,0.0105975552174597,-0.0104392754187968,-0.0094607196123844,0.0176278669631697,0.0301119023397762,0.0316390148074781,0.0144634220479651,0.0039511018005355,-0.0079617834394903,0.0185733430176056,-0.0173644584192995,-0.0145891439605234,-0.0079317948985084,-0.0076972418216805,-0.0072834447164087,0.0314220993786238,-0.0045612385944246,-0.0045555370640383,0.0206185567010308,0.0106746485867899,0.0210566615620215,-0.0219780219780219,-0.0094852515905148,0.0281642381992439,0.0023166449098164,-0.0068955167597226,-0.0022172949002217
2026-02-09,-0.0019444372187393,-0.0022168548246026,-0.0041018772366741,0.0173520735727918,0.0346494762288476,0.0340362670749503,0.0201405191424901,0.0140408994603706,0.0145547253634894,0.0034906934074936,-0.0032503242116321,-0.0011614401858304,0.0144449030127939,0.0257452184573589,0.0202991452991454,0.0061669054831043,-0.0052488592303432,0.0180500777856542,0.0238824064252158,0.0467937608318891,0.0284114150852701,0.0357518401682439,0.0,0.006050962551265,-0.0109219402505621,0.0,-0.0082542459917457,0.0029981725135086,0.024632152588556,0.0022841480127913,0.0140427215189873,0.0127170457324528,-0.0087593174164742,0.0005906674542233,0.0127455501245041,0.0080962104809496,0.0029613466334164,0.0139664010123774,0.0223236669243007,0.0183190875127363,0.0289128285794688,0.0301566257992609,0.0333700428520025,-0.0041012271889105,0.026943005181347,-0.0051599518581811,-0.013786470022443,0.0754873824839188,0.0088097679406946,0.0132061628760087,0.0178970917225951,0.010184107905738,0.0203242278984128,0.0182808615247087,0.0141802115068667,0.0082954769899268,0.0130347400521468,-0.0003754892739024,0.0144215530903326,0.0256821829855535,-0.0082355280680858,0.059792724260919,0.011539298933159,0.0304476128133412,0.0226244343891401,0.0009188417976055,0.0218546204321223,0.0227094784529904,0.0226448710302855,0.0084175084175084,0.0245580958128925,0.0101237345331832,0.0032102728731941,0.0196192923040992,-0.0009473646772009,0.0210820088835315,0.0366446198374965,0.0155555555555555
2026-02-10,0.0175405445909051,-0.0069822561014669,-0.010317943976296,0.0037523452157597,0.006619937694704,-0.0096474739003442,-0.0008080924096741,0.0038728593938484,0.0004826759154672,0.0230188071732893,-0.0359525025115696,-0.0209302325581396,-0.0113913751017086,0.0223046449773867,0.0827225130890052,0.0026228976258719,-0.026382775627088,-0.0035866664797394,0.0196770565077109,0.009933774834437,0.0070422664293583,-0.046700507614213,-0.0039840637450198,0.0076518678577,0.0110425462812602,0.0044275774826059,-0.0212580304918975,0.0098650004699061,-0.0008509733007127,-0.0966271649954421,0.0042910083869709,-0.0007244626901713,-0.0145242866685753,-0.0023612750885479,-0.0044940443667357,-0.004010504672136,0.0067469567469566,-0.0013777533155475,-0.0005170008286177,0.0003404740232215,0.0020547560941399,0.0031273702984098,0.0022770582686337,-0.0030965682362331,0.0005045408678101,-0.0226985622907099,0.018855656697009,-0.0337234766926148,-0.0110635364763745,0.006517016654598,0.0417582417582418,-0.0026692381637575,0.0050431079654522,0.0008038100045539,0.0046554056179421,0.0082272282076396,-0.0003794827630277,0.0022537819143486,0.027795136176639,0.0046948356807512,-0.0017782530587775,0.0152871862752732,0.0060266896254843,0.0184190590721169,-0.0018963337547408,0.0009133852455989,-0.0213872110524689,-0.0042855918402331,0.0030622602652821,0.0230383973288814,0.0139187551315635,-0.0033407572383072,-0.0112,-0.0029778948574047,-0.0119746525732556,0.0196355703836774,-0.0251173169323233,-0.0189642596644785
2026-02-11,0.0070246213940383,0.0079921775798028,0.0104255138440632,0.011894647408666,-0.0042553191489362,-0.0091691146840159,0.0044378394577706,0.0253725679591554,0.0296329453894357,0.0191005836679754,-0.008473418067514,0.0016966406515099,0.0279835390946501,-0.0098194731844404,0.0473887814313347,0.0410474931902153,-0.0108390751382118,0.0015992908716133,0.0121560914718668,0.0459016393442623,0.0245647564183071,0.0244941427050051,0.088,0.0037968806994661,0.0048185030517187,-0.0037783375314861,0.0179479392199699,0.0352289204369768,-0.0059618865112317,0.0196770938446013,0.0122353855117498,0.0161913968100531,0.0012846832190676,0.0147928994082839,0.0225716598745864,0.0332658817758155,-0.0096345557685133,0.0079303783692699,0.0311370690021681,0.0213765750246586,0.0259922037385662,0.0158174386920981,0.0196194855727929,-0.0010247214038682,0.060010085728694,0.0132679510590423,-0.0019144862795149,0.0471655890223114,0.0094212015428325,-0.016546762589928,0.0390295358649788,0.0047586861176698,0.0301042726347915,0.0195473222827413,0.0077334919690659,0.0413833300952011,0.0039752632800544,0.0112359975922862,0.0345928280998644,0.0093457943925234,0.0124780619439399,0.0147814873516594,0.0190415062045357,0.0139096904176576,0.0164661177960736,-0.0036594246315226,0.0980099803214389,0.1332158200755946,0.0432126845430242,0.0199086161879895,-0.0175400712091415,0.0152700186219738,0.0210355987055015,0.034922458357266,0.0194571647569818,0.0076541463525134,0.0227106732688071,-0.003717472118959
2026-02-12,0.0475575790718671,-0.0123681338668606,-0.0288734318196146,-0.0110831234256926,-0.0279720279720279,0.0040493466228923,0.044958883057858,-0.0134461509131382,-0.014390053038866,-0.0305528746725494,-0.0205203308063405,-0.0091463414634146,-0.0132105684547638,-0.0308536585365853,-0.1126500461680517,-0.0058720413115376,-0.0246413920321576,0.00818503421747,-0.0141253065263219,-0.0423197492163008,-0.0119008493500634,-0.0956340956340956,-0.0588235294117647,-0.0124322092222988,-0.0143861892583121,0.0018963337547408,-0.0296905827438523,-0.0240196959767081,0.000321302345507,-0.0183077684314696,-0.0024942440521871,-0.0161712247324613,-0.0185556508339725,0.0110787172011661,-0.0203111301951943,-0.019514752282326,-0.0076111803823772,-0.0037615851598499,0.0033380234022413,0.0069775270583194,-0.0219981855760114,-0.0149117277575856,-0.0228888145477373,-0.0165512672564858,-0.0233111322549951,-0.0117847958584474,0.0150255754475703,-0.0855809977629449,-0.029158425690779,-0.0109729334308705,0.0,-0.0145010603542156,-0.0309280386730101,-0.0254746758868414,-0.0245448331572732,-0.0255597014925373,-0.0231889736782813,-0.020369198746626,-0.0097272215284408,-0.0262345679012346,0.0093884953358114,-0.0488263646694618,-0.017425992021835,-0.0028095709646961,-0.0105919003115264,-0.0427190304375981,-0.0585004220544879,0.0055244708161197,-0.0123820383493413,0.032,-0.030530755785353,-0.0055025678650036,-0.0443740095087161,-0.0095460095460095,-0.0043794541587142,0.0176449135988729,0.0082099959512347,-0.035820895522388
2026-02-13,-0.0102888776928633,-0.0154082259054634,-0.0042412308224957,-0.0078111733740873,-0.0215827338129496,0.0057589348612219,-0.023049423471064,-0.0109069414526296,-0.0122476585358681,-0.0380294109281222,-0.0017414554345722,0.0186324786324787,-0.0308316430020283,0.0056853930013611,0.0187304890738813,-0.0075918799892289,-0.0280867159713206,0.0045539307551722,0.0007127480072148,0.0016366612111291,-0.0115120046314107,0.003448275862069,-0.0546875,-0.0131350805889599,-0.0061628284138824,0.0214511041009464,-0.0066851815116049,-0.0125980882995254,-0.0059957173447537,0.0806451612903227,-0.0075014425851125,-0.0089436789944403,-0.0058663933833915,0.0103806228373701,-0.0243344549401681,-0.0338343589226268,-0.0072420141524662,-0.0236965664800915,-0.0136347136419051,-0.0234248106463518,-0.004770606369178,-0.0129114240007259,-0.0097427985713379,0.0147220200132551,-0.0068192888455917,0.0172323117798525,0.0129133858267715,0.0078762866093182,-0.0168162448541687,-0.0221893491124259,-0.0060913705583757,-0.0156143820059629,-0.0022623627423504,-0.005926122114533,0.0,0.0063182079264791,-0.015634433058753,-0.0189049136725287,-0.0030661383347655,0.0063391442155309,-0.0031010522136192,-0.0215524598171983,-0.0134615384615384,-0.0008511845651865,0.0006297229219143,-0.0076783686486748,-0.012174997726121,0.001545220889326,-0.0061553063840938,0.012093023255814,0.0149445080215058,-0.0047952784950202,0.0480928689883914,-0.0246553849602152,-0.0028302830605784,-0.0130042267418742,-0.0042556276911406,-0.003095975232198
2026-02-18,-0.0134563252088367,0.0084758678498935,0.0490253601929722,0.0025671743967139,0.0106209150326797,0.0085918575806214,0.0153378040236213,-0.0060623822001563,-0.0028629552446164,-0.0097575399172087,-0.0192246696035242,0.0122503775801308,-0.0217664294683967,0.0254396341879565,-0.0061287027579161,-0.0085077331092612,0.023118701170457,-0.0230594251210186,0.0078782505051093,0.0294117647058822,0.020605712269393,-0.0160366552119129,-0.037190082644628,-0.0188575851218285,0.0287206266318538,0.0247066090179122,0.0057715735026862,-0.0127618342616583,0.0160491167600171,-0.0069962686567165,-0.0050387596899224,-0.0036585365853658,0.0190180400449349,0.0131278538812784,-0.0013851128445819,-0.0010232208486469,-0.0012875838247831,0.0084403144079783,-0.0303440087074111,-0.0050691212370592,-0.0006867843076792,0.0126274410638957,0.0046056001365888,0.0,-0.0088278567925453,0.0097694280688089,0.0090174129353235,0.0048940767856966,-0.0103849289791013,-0.0098335854765507,0.0051072522982635,0.0109799897383275,0.0110821148965074,0.0081317735870003,0.0235858071091858,0.0232115677321156,0.0045091119514899,-0.0011568528927166,-0.0086190325601006,0.0110236220472441,-0.002720367707682,0.0185504875217294,0.0004331817197313,-0.0024269520454087,-0.0031466331025802,0.0096710103430142,0.0110228348942438,-0.0195408860340692,0.0018364098543699,-0.0067401960784313,0.0097303219595734,0.0066716085989622,0.0,-0.0357348040905435,-0.0072462830031133,-0.0100022879425427,-0.0076215442122381,0.0077639751552793
2026-02-19,0.0024805411185437,0.0229573173873172,0.0162616783709319,0.0443837487196996,0.0274858528698465,0.0079515269362318,0.0247864798151462,0.0183038579167362,0.0200882749560864,0.002687369363989,0.00891140696024,0.0253647214854111,-0.0034231921266582,0.0330780195340014,0.0236382322713257,0.0180177794256557,0.0141084963238424,0.0090770770676025,0.0142055697370886,0.015873015873016,0.0208918464236322,-0.0069848661233993,0.0128755364806865,0.006218583199461,0.0050761421319796,0.0108499095840868,0.0267959969818514,0.0135272709538585,0.0031803243930881,0.0286519492719585,0.0220101285547331,0.0102815177478581,0.0128657397800373,0.0112676056338028,-0.0046250087861108,0.0010242689019419,0.0201966866873473,0.014303367754215,0.0281642232729004,0.0088310117607808,0.0143903054784144,0.0098002715108809,0.0116694071609753,0.0300554639484336,-0.0019792182088075,0.0058049458404538,0.0422187981510013,0.0291821725597243,0.0,0.0213903743315506,0.0193089430894308,0.024443583213376,0.0261590758709167,0.0166691902159699,0.0030650506433496,0.021383413908516,0.0134686417970089,0.0189054493553897,0.0217349153432866,0.0202492211838005,0.022025991868555,0.0128061275711173,0.0112578480190517,0.0092051344856576,0.0195707070707069,0.0201165224604757,0.0102651505295203,-0.0012239003255575,0.020144509287342,0.052745219000617,0.0143218330260732,0.0125184094256258,-0.0158227848101266,0.002025738798856,0.0022200706119375,0.0076390528679732,-0.0378340749381472,0.0261941448382125
2026-02-20,-0.0086573106523369,0.0169860290834125,-0.0019976354519141,0.0003269042170643,0.028324154209284,0.0185909250104781,0.0200275499053452,0.020694353762739,0.020160975609756,0.0139964264443119,0.0159024129641172,0.0053354890864996,0.0201803349076858,0.0058679837865407,-0.0120481927710844,0.0075790423004213,0.0111409696562534,-0.005196522832105,0.0154001478869234,0.0203124999999999,0.0094579567810826,0.0058616647127784,0.0338983050847458,0.0084290398448094,0.0085227272727272,0.0065593321407273,0.0177039923421289,-0.0023728181501041,0.0114128711825003,0.0136986301369863,0.0156279778921288,0.010661497455779,0.0203339479614832,-0.0044568245125347,0.0055786232805128,0.0,0.0037911625800606,0.0134364934883068,0.0043948160671969,0.0003341635747924,0.018244289585753,0.0158807594168362,0.0140063963243184,0.0150830032951838,-0.0034705007436787,0.0006412714363157,0.0136014192785334,0.0207890092066975,0.0129656129395949,0.0501121914734479,0.0309072781655035,0.005596538792961,-0.0060691080921441,0.0042323314378553,0.0015355979525359,0.0016384489350083,-0.0013489793590147,0.0030273803782885,0.0036484732730968,-0.0045801526717557,0.0076299037518416,0.031186316154669,0.0139156497537999,-0.0028009642663867,0.0074303405572755,0.0070397564215911,0.021590192012981,-0.0047265432163602,0.0101000004649023,-0.0316437152065632,0.0141222107400462,0.0101818181818182,0.0,0.0323462956356284,0.008236074788243,-0.0046469073385735,0.0120689250600316,0.0105105105105105
2026-02-23,0.0099777923743391,-0.0034500746140538,-0.0280433006535947,-0.0109477124183007,0.0015302218821728,-0.0121696193541478,-0.005926132698597,-0.0192068083212816,-0.0243577053836553,0.0017621145374449,-0.019141775347076,-0.0252492762946284,0.0214646464646464,-0.0180403292093211,-0.0345528455284552,-0.0066872073808867,-0.0137589280770721,0.0066309464597629,-0.0068970829190415,0.010719754977029,0.0032372477168929,-0.0058275058275059,-0.0040983606557376,0.0055667154676382,-0.0150234741784037,-0.0177725118483412,-0.0265548102684932,0.0005938618201111,-0.0226726569846409,-0.017117117117117,0.0026271345468193,-0.0047950131862862,-0.0193012398975954,-0.0179071068830442,-0.0013904299096921,0.0030905446040763,-0.0054525767614529,-0.0040935753321496,0.0084183226804106,-0.0087473396378464,-0.0318493824981158,-0.04038249177324,-0.0361579768100215,-0.0128824806455576,-0.0049751243781095,-0.0044860232956084,-0.0317969661610268,-0.0398153167467334,0.0176675636007825,-0.034188034188034,-0.0135396518375242,-0.002636395393623,0.0195392394281102,0.016329480158441,0.0122349734392663,-0.0234460196292258,0.0003868022278206,-0.018494846855647,0.0109056309163659,-0.0061349693251532,-0.0289602429286397,-0.0569465648854961,-0.0014780405405405,-0.005880785815071,-0.0110633066994467,-0.0326334963990948,0.019885915981217,0.0024624390106624,0.0004441447681815,-0.0254160363086232,-0.0296202797399744,-0.0151187904967603,0.0176848874598072,0.0066812579195945,-0.0486966060136792,0.0326777086782397,-0.0003844905403734,-0.0230312035661218
2026-02-24,0.0240941467946731,0.0084976826007878,0.0577258494967112,0.014042623492483,0.0129870129870128,0.0201597717546362,0.0192201149032733,0.0108775173399422,0.0080082729282147,0.0214013485781296,-0.0443205375652299,0.0089094208876423,0.0086526576019778,0.0118872908717346,0.0042105263157894,0.0244075726725296,0.0251228070175439,0.0213611967140943,0.0326449456740158,0.0303030303030302,-0.0283586231623002,0.0,-0.0246913580246913,0.0171776509957279,0.0082618366698443,-0.0054282267792521,0.0188172830107653,0.0154493197237921,0.0081248663673294,0.0114573785517873,0.0187160771102377,0.0204769934955433,0.0038069766846671,0.0028490028490029,-0.0222122209408081,-0.0246377716712467,0.0168751215086513,0.0085676724721031,0.0726207810649259,0.0169715877901845,0.0171323178770792,0.0160643496428991,0.0151755077660871,0.0170653775131233,0.016,0.0225378285107513,0.0066285025610122,-0.023137422859034,0.0179677781850742,0.0936578171091444,0.0147058823529411,0.0234939109817866,0.022761660736621,0.0253953767255032,0.0256735874171882,0.017680997580495,0.0134947791872681,-0.0019243777845162,0.0281585616025099,0.0354938271604936,0.0146194276037798,0.0340930213036414,-0.0057094523155,0.0118278395913355,0.0155376009944063,0.0250617565554158,0.0633767999505592,0.0277203645283203,-0.0006670715100658,-0.0313567215150575,0.0007809861533265,0.0098684210526316,0.0315955766192732,0.0038906053324179,0.0237802934214186,0.0141131672770487,-0.0107756746152165,0.0615969581749049
2026-02-25,-0.0084432079351637,0.0028086934812032,-0.0097548376842691,0.0105897686542848,-0.0109351432880844,-0.0043907977827868,0.0169625936833326,-0.0096833010743638,-0.0107500741468252,0.0048794489092995,-0.0222716732739919,0.0106295993458707,0.0326797385620916,-0.0037386189670451,-0.00104821802935,0.0139725285878611,-0.0190580503833517,-0.0056676708899068,0.0,-0.0441176470588234,-0.0008728217155203,0.010550996483001,-0.0506329113924051,-0.0098029969320556,-0.0012606366214937,-0.0206185567010309,-0.0157011888453543,-0.0225276811886592,-0.0193001060445386,-0.0235613955595831,-0.0022046665441851,-0.0028328611898016,-0.0025304837239542,-0.0017045454545455,0.013252272640098,0.0115788912011098,-0.0008284792943904,0.0003370442594139,-0.012139065545184,-0.0443906955134445,-0.0148235991698784,-0.0118021684214826,-0.007890214271806,-0.0039474086842991,0.0172244094488189,-0.0062955943819932,0.0056869200838074,-0.063184431579262,-0.0188253767731806,-0.0411328388401888,-0.0009661835748792,0.0005732804511364,0.002809195544231,0.0,-0.019138684607008,-0.0192026335040234,0.0003815043527077,-0.0196548137934258,-0.0285551649873539,0.0074515648286139,-0.0242081666151668,-0.0393963992694171,0.0053168864313057,0.0187000536249133,0.0116279069767442,-0.0272707904268163,0.0011449161654026,0.0054614582212957,-0.0217771598771769,-0.0282051282051282,-0.0125123911163603,-0.0318494390155628,0.0398162327718223,0.0255328849880314,-0.008387494285771,-0.0105828584001588,-0.0219795464581453,-0.0042979942693409
2026-02-26,-0.0018298931342409,0.0233434992973364,0.0039323475713739,0.014347896179268,0.0110560426991994,-0.0104776458162452,-0.0108769270758967,-0.0081520969414058,-0.0089746488287739,0.0028563267637817,-0.0075738739600268,0.003883495145631,-0.0138449367088607,-0.0048202125422578,-0.005246589716684,-0.0056721497447532,-0.0139012952210807,0.015333674594061,0.0053803453526244,0.0215384615384615,-0.02676328176464,0.0011600928074246,0.0222222222222221,0.0198000941260838,-0.0028400126222782,0.0278637770897833,0.0093821777552847,0.0119711405668079,0.0203287197231833,0.0023201856148491,0.0182286871662675,0.015625,-0.0031695315994632,-0.0187820147979511,-0.0154117691594267,-0.0166473256672644,-0.0137046297241215,0.0139276149088396,-0.0039392434965167,0.0157154348020376,0.0020505427289714,0.0036059044963561,-0.002510901193798,-0.0009830827837628,0.0067731011127236,0.0171057959844813,0.0032738095238094,0.0094877467665077,0.0089946453281992,0.0232067510548523,0.0087040618955511,0.0266714997310635,-0.0013994790433339,0.0010090791247403,0.0555555555555555,-0.0240537012865933,0.0030409911378523,0.0082563521862646,-0.0023981974254112,0.0059171597633136,-0.0066943260594644,0.0014546947102833,-0.0184049079754602,-0.0089232122280105,0.0054446460980035,0.0053198997347352,0.0211770442697751,0.0013583726695418,0.0143110933327057,0.0115435356200528,0.0073927135450317,-0.0018691588785046,0.0176730486008835,-0.0084472601978438,0.0019509196715505,0.0178267553613211,-0.0179004884675704,-0.0244604316546762
2026-02-27,-0.0085307130111706,-0.0057779783797972,0.0058954015867624,-0.0262237762237762,-0.0131975867269984,-0.0027819886108793,-0.0120958190216748,0.0065741375371259,0.0081037116387947,-0.0122472230133865,-0.0019271907340671,-0.0125725338491295,-0.0040112314480545,0.00377082486794,0.011603375527426,-0.016299788597698,-0.0140689577082036,-0.0251694160822644,-0.0194027722126767,-0.0527108433734939,-0.0168939874918813,-0.0011587485515645,0.0,-0.0404520432045182,-0.0281645569620253,-0.0168674698795181,-0.0046474853440295,-0.0038451963539619,-0.0205595591352267,-0.0092592592592594,-0.0262206148282097,-0.0184149184149183,0.0050899393566419,-0.0243619489559163,-0.0042676919380032,-0.0116401321718233,-0.0282126120377834,-0.0211046006944444,-0.0208800946030028,-0.0128149626391572,-0.0259390146806162,-0.0215554034972892,-0.0186685030764854,-0.0091434663167822,-0.0120134550696779,-0.0292823888264568,-0.0225452388015424,-0.0240127281156488,-0.0106973554753881,0.01786941580756,-0.0182166826462127,-0.0167591084587086,-0.0004695180800031,-0.0070667724700875,-0.0213379053985908,0.0410775697363392,-0.0079606165193134,-0.0222215216560334,-0.0396865765634838,-0.0235294117647059,0.0061465173795978,-0.0270113886017544,-0.0280172413793102,-0.0102245382440481,-0.0084235860409146,-0.0288455952127351,0.0067307145699504,-0.0166157967918064,-0.0105250459905303,-0.0133681121617215,-0.0083852997532644,-0.0337078651685393,0.0231548480463097,-0.0082950341889922,-0.0285699996665889,0.0084069735132836,0.0064810765177945,-0.0213864306784661
2026-03-02,-0.0221266209752969,-0.0140733061161409,-0.0409464775300989,0.0177901093520482,0.0103171570500573,0.0329588995860923,0.0,-0.0043579165981014,0.0037831455699315,0.0020184544405996,-0.0229778524397071,-0.0027750571335291,0.0,0.0284340236734295,-0.035453597497393,-0.0116065870152907,-0.0114272588934508,-0.0174792022420344,0.0047787242883856,-0.0206677265500794,0.0117005403960925,-0.0232018561484917,-0.0304347826086955,0.0101170879734333,-0.0019537609899056,-0.0196078431372549,-0.0074687590816623,-0.0109839486211351,0.0051936810214239,-0.0056074766355138,-0.0057567316620241,-0.0097364046544763,-0.0196188483812537,0.0047562425683709,-0.0090546221529342,-0.0075005155926058,-0.0142940166541709,-0.0095812780579727,-0.0100163862156159,0.0038648031945238,-0.0074210571600654,-0.0105999794175157,-0.01800370491446,-0.0141107340892162,0.0024319066147859,-0.003850097575497,-0.0200303490136571,-0.0171112718479093,-0.0084081224270845,0.0114787305874408,-0.0224609375,-0.030967839085386,0.0463380552346202,0.0457663342418397,-0.0290757589141124,0.0512020554230134,-0.0099367929417791,-0.0239235221099127,-0.0137776656787944,-0.0120481927710843,0.0191079331827785,0.0005977823205105,-0.0024390243902439,-0.0063708648277216,0.0097087378640776,-0.0094072486165811,0.0222706585203338,0.001034588001193,-0.0133542775420252,-0.0135492399206873,-0.0134780830814378,0.0042635658914729,-0.0240452616690239,-0.0035040126596587,0.0120297500351798,-0.0213061591685722,-0.0203225330506435,-0.0195930670685756
2026-03-03,-0.0213667133078697,-0.026683691630445,-0.0589356368984733,-0.046023091725465,-0.0499243570347958,-0.0513801313990918,-0.0412913812999236,-0.0417409938277584,-0.0476673577110258,-0.0100719424460432,-0.0470562659341093,-0.0586020625306925,-0.058397100281917,-0.0292171156561124,0.0324324324324325,-0.0326833477135461,-0.0491417617844384,-0.0380011855364552,-0.0237661979597463,-0.0308441558441558,-0.0289121355029358,-0.0605700712589073,-0.0582959641255604,-0.0217036424028749,-0.0460032626427405,-0.0481249999999999,-0.054568168730907,-0.0315216166930004,-0.0128094725511304,-0.037124060150376,-0.0227867015315651,-0.0290167865707434,-0.0335692724055376,-0.0284023668639051,-0.0504795164409114,-0.0474648934774049,-0.0373649223401908,-0.0248809115772832,-0.0422639112476347,-0.0230995439757923,-0.0381917606351086,-0.0283062579193222,-0.0335361049648349,-0.0480587618048269,-0.0354196991751577,-0.0360797699607524,-0.0458346237225146,-0.0206713237555468,-0.0448223880959905,-0.0914552736982644,-0.0479520479520479,-0.031075928183796,-0.0073802327664197,-0.0043760952684404,-0.0119785901654259,-0.037709497206704,-0.0227767314708402,-0.0224701471584058,-0.0177807614846072,-0.0259146341463414,-0.0547063285072944,-0.0244634781289757,-0.0506779284285396,-0.0308664539308378,-0.0246394230769231,-0.0349818573448815,-0.0217854815011213,-0.0136062741477345,-0.0318890583935708,-0.0482412060301508,-0.019289120069354,-0.021227325357005,-0.036231884057971,-0.041742286751361,-0.0194834263699443,-0.0163268940159587,-0.0264938644484606,-0.069946195234435
2026-03-04,0.0019257026560526,0.0207216335733411,0.0388747028264506,0.0310976634728525,0.0155254777070064,0.0353494857939691,0.006596661807751,0.0108481672901588,0.0143582776242454,-0.0008720930232558,-0.0061802646314653,0.0413841071118066,0.0081266039349872,0.0107475726055836,0.1371727748691098,0.0233962466105324,0.0030239164299459,0.0147070784747229,0.0396449954812472,0.0117252931323283,0.0143273511683827,0.0113780025284448,0.0238095238095237,0.005689686140226,0.0160738714090287,0.0111621799080761,0.0189123343106081,0.0232460179995535,0.0079598735143386,0.027818448023426,0.0328746177370029,0.0321066930106197,0.012022726048791,0.0097442143727159,0.0055707448691182,0.0079337742261413,0.0086775603712274,0.0216170267711113,-0.0005123319349479,0.0189885843088781,0.0198579003499916,0.0109842789787906,0.0141958950854002,0.0150462962962965,0.006036217303823,0.0133654839820873,0.065238558909445,0.058892801866266,0.0374183859184686,0.0418809698750919,0.0178384050367261,0.0175491082030516,-0.0072112529352106,-0.0109908243118233,0.0136431300931538,0.0072568940493469,0.0067156107162429,0.0250732852930988,0.0161628391397177,0.001564945226917,0.0298568747067105,0.0220180866254164,-0.0105361741980801,0.021594345713412,0.0049291435613061,0.0067326546789603,-0.0094695472460952,-0.0134447001791695,0.0234601658264075,0.0066877859908482,0.0133867403314917,0.0197160883280758,0.0240601503759396,-0.0046164772727272,0.0205450313190671,0.0250179188672829,-0.001267287453854,0.0165289256198348
2026-03-05,-0.019875680574929,-0.0271709475317366,-0.0582065516802984,-0.0337463319204434,-0.0184241473931792,-0.033037027060395,-0.0362379889352615,-0.0316362973117678,-0.0322115848059137,-0.0189118417224323,-0.0641903171953255,-0.0457505426615462,-0.0229104794229952,0.0026583226358578,0.1694290976058932,-0.0211705233799623,-0.0333150618186247,-0.0277490344676818,-0.0240819846923875,-0.0546357615894039,-0.0288011739467254,-0.06125,-0.0372093023255813,-0.0096154400115224,-0.0461124200605856,-0.0402597402597403,-0.0488348530901722,-0.0363517390957072,-0.0571181306793595,-0.0356125356125356,-0.022020725388601,-0.0308686288585785,-0.0217842461653073,-0.0331724969843182,-0.0271944009426984,-0.0280907195826262,-0.0181096778081125,-0.0346867484684115,-0.0381847833146961,-0.0214497490036856,-0.0331688636865749,-0.0314132597934819,-0.0333265407779739,-0.0444480642884291,-0.0154999999999999,-0.0290230471140118,-0.0310786106032906,-0.0388293984938514,-0.0324005348971304,-0.0599435825105783,-0.0371134020618556,-0.0365721698699393,-0.0020431124333054,0.0046919160511054,-0.0179409538228614,0.0259365994236311,-0.0270746898541269,-0.0220123453737812,-0.0063610216069747,-0.03125,-0.0687047901122058,-0.0326152088397927,-0.0309985802176998,-0.0345457266876215,-0.0061312078479459,-0.0282942142424228,0.02642275264085,-0.0123906305591892,-0.0178285352493693,-0.0440559440559441,-0.0086275985018238,0.0050270688321731,-0.0220264317180616,-0.0332976572719704,-0.0141902860764384,-0.0201830965075152,-0.0133064276559807,-0.0170731707317073
2026-03-06,-0.0039219544187572,-0.0150867020773358,-0.0419375885886561,-0.0047241437489454,-0.0199680511182108,-0.0182232875042801,-0.0099983483791959,-0.0180878081975379,-0.014117659393774,0.01423487544484,-0.0044153063955044,-0.0201224846894138,-0.0264871906209291,0.0461332465578772,-0.0157480314960629,0.0,-0.015688004032258,0.0095861252267241,-0.009596314569836,-0.0210157618213659,-0.0145457752825363,-0.0426098535286284,-0.0144927536231883,0.0057124242318475,-0.0116443189837684,0.0162381596752367,-0.0184703877290156,0.0100611768006351,-0.080541532813217,-0.0108321024126045,0.0009460737937558,-0.0007407407407408,-0.0040458850968632,-0.0006238303181536,-0.021735482585395,-0.012716681707903,0.0142942115052353,-0.0150933789165499,-0.009749972166403,0.0021584491251354,-0.0067105403470286,-0.0048769822833618,-0.0133297106625973,-0.0066483316665152,-0.0081259522600304,0.0033958591523655,-0.0223270440251572,0.018557087286632,-0.0151578546976035,-0.0787696924231058,-0.0042826552462525,-0.0145065233737182,0.0411649294628386,0.0348992275369246,-0.0350111770600477,0.0426615168539326,-0.0072587827289585,-0.0108367742479144,-0.0089611511533452,-0.0322580645161291,-0.0228145934764897,-0.0250558436890212,-0.0078144078144077,-0.009581098260519,0.0111042566317087,-0.0047659411134388,0.0339513029569236,-0.0157704281620165,0.005894446913351,0.099487929773226,-0.0193026306020935,0.0169295883031936,-0.0225225225225226,-0.0298929757657768,0.0230993488589561,-0.0067055244460574,-0.0019268610014947,-0.0181968569065343
2026-03-09,0.0118187744029709,0.005866390385981,0.0345443017166475,0.0101712154602475,0.0537897310513446,0.0046403849450544,-0.0020223064058692,0.0005940263227912,0.0,-0.0029239766081872,-0.0200017918738519,0.0124999999999999,0.0124888492417483,-0.0106473572830879,-0.0151999999999999,0.0103823482271649,0.0095692248607821,0.0373419647961039,0.0055367406304014,0.0268336314847943,0.0186286336926488,0.0,-0.0196078431372549,0.0028342048031098,-0.0074973223848625,0.0053262316910784,0.0,0.0077800256914437,0.0275767407037683,0.0497760079641613,0.0130434782608697,0.0106251544353841,-0.014228363874703,-0.0062421972534332,-0.0079385924945191,-0.0082031435490764,-0.006818329904776,0.0032864976643709,-0.0017896737117021,0.0121915281431113,0.0090103907058778,0.0061267289159634,0.0053578635014837,0.0156051574816662,0.0076804915514592,-0.0135374652840775,0.0228369250562883,0.0203611342514957,0.0076923572086078,0.0122149837133551,-0.0784946236559139,0.0156586197429495,0.021189199243575,0.0249331388281059,0.0,0.0052197339619464,0.0148284647420267,-0.0029518503373544,0.0297155941817803,0.0083333333333333,-0.0017457351310754,0.0028573591812415,0.0088604479448684,0.0085676121303195,0.0219646125686394,-0.0053190634591588,-0.0227754948567131,-0.0021852191774834,0.0032795082922283,0.0,0.0158021202206015,0.0105940219447597,0.0138248847926267,0.0050722799898554,0.0170165292866431,0.0004806230444036,-0.0008575571686822,0.0050547598989048
2026-03-10,0.0025964391691393,0.0009720294269119,0.0245153675035183,0.0186272864574592,0.0641918020108276,0.0456069949162114,0.0178136034118616,0.0201910887109242,0.024550544770048,0.0120234604105571,0.0113363655063651,0.021516754850088,0.0039647577092511,-0.0005102645644454,-0.0446791226645004,0.0188328398195147,0.0126168964970676,0.0006106972206119,0.0227098036475437,0.0644599303135888,0.009974900384708,0.011126564673157,0.0349999999999999,0.0130235670038874,0.0258992805755395,-0.0384105960264901,0.0209124650011935,0.0067929421049666,0.0274438372799028,0.013750592697961,0.0151147602164583,0.0185819070904644,-0.0034352836879432,0.0219849246231156,0.0053329443039615,0.0118139924591538,0.007778928476033,0.0112699902464159,0.0240275782608856,0.0070844745411804,0.0126462988296094,0.0150994803892861,0.0148285624558743,0.0076939541066338,0.0020325203252031,0.044607614277832,0.0188679245283018,0.0651341808658403,0.019738859362224,0.0506838294448914,0.0163360560093348,-0.0024673818406983,-0.001925549746621,-0.0053278931574765,-0.0047288877528197,-0.0134003350083752,0.0008007887248948,0.0033835309195771,0.0696308088848456,0.0181818181818183,0.0325686584041469,0.0202465164371645,0.0192729934130275,0.0144512159370355,0.0125373134328359,0.0021379258349758,0.0287261234025011,0.0146000321200705,-0.0011686341497643,-0.0156353958749168,0.0133730061248091,0.0089853987270684,0.0196969696969697,0.0164017158718141,0.018337590077216,0.0144632352941176,0.0130943626526003,0.0259849119865884
2026-03-11,-0.0012916123086109,-0.0213672883885432,-0.0087074046173616,-0.0036243822075783,0.0148982558139534,-0.0066234109722401,0.00795574267619,-0.0029096199308964,-0.0044945453035635,0.004346566212692,0.0044972767746163,0.0051795580110496,-0.006143045195261,0.0066626099691622,0.0238095238095237,-0.0042038249617244,-0.009360423253921,-0.0091477152168677,-0.011437551243509,-0.0229132569558102,-0.004845518368335,-0.0192572214580467,0.0048309178743961,0.0089446354961397,0.0003506311360448,0.0158402203856748,0.0010311141347676,-0.0070550687309275,-0.0074459283772603,-0.0042095416276893,-0.0018382352941176,-0.0062409985597695,0.022065773379295,-0.0012292562999385,-0.0042673718041738,-0.0129181848294138,-0.0081745769726166,-0.011144393045491,-0.0176848497743413,-0.0038688723521959,0.0007354927801626,0.0055172717250213,0.0020545060692853,-0.0076352091577792,0.0015212981744423,0.030222384744569,0.0108024691358024,-0.0098650155291869,-0.0043725020985504,-0.0313935681470137,-0.0103329506314582,-0.0117466899415815,0.0488638412788764,0.0435597614169978,-0.0126809849433368,0.0076400679117147,-0.008400514588672,0.0088433028054175,0.0029353745112632,-0.0275974025974026,-0.0082556273582858,-0.0077506410607021,-0.0189085686931546,-0.0020263080056165,-0.0076650943396228,0.0224137653083704,-0.0110605874400885,-0.0125911962355921,0.0014049706894048,0.0192632646164245,0.0118510004303511,0.0051948051948051,-0.0044576523031203,-0.0088133068520358,-0.0034749372986336,-0.0187701890065498,-0.0065689903636358,-0.0138888888888888
2026-03-12,-0.0311102734740563,-0.0251379628501295,-0.1052502179209227,-0.0380291005291004,-0.0157536698890082,-0.0472508299060761,-0.0438046713854787,-0.0262690741078486,-0.0275790878568598,-0.0083669936526254,-0.0312499999999998,-0.0364136035726554,-0.0044150110375275,-0.0672096716356744,0.0132890365448505,-0.0143411829087148,-0.0691758311212236,-0.0104616806059498,-0.035400798971566,-0.0552763819095477,-0.0262118614754816,-0.1444600280504909,-0.0769230769230769,0.0033237964640222,-0.0354013319313004,-0.0528813559322033,-0.0624402676011467,-0.0237873704194508,-0.1101452726839723,-0.0441521841240017,-0.0193370165745855,-0.0301932367149758,-0.0539836668638611,-0.0363076923076922,-0.0342798849240834,-0.0297219558964524,-0.0228927468014382,-0.0196396694823238,-0.0208557042976114,-0.0197742036037132,-0.0212911160774549,-0.0138378357352627,-0.0273411196507767,-0.0274413941489901,-0.0232911392405064,-0.0420876195484273,-0.0647328244274809,-0.0637410144271855,-0.0545439673830975,-0.0592885375494071,-0.0580046403712296,-0.0312780976794904,0.0145079437413262,0.0044632450739761,-0.0256714573713989,0.0025273799494522,-0.0129087292687988,-0.0125261665203593,-0.0362579573761416,-0.0767946577629382,-0.0358600844461256,-0.0443768563313056,-0.0312271285679434,-0.0241504420256528,0.0433749257278668,-0.0454058088320317,-0.0676622667912967,-0.0260463726718936,-0.0165820029027576,-0.0354774535809018,-0.0388621050733122,-0.0383905500184569,-0.0388059701492536,-0.0076393237319974,-0.0748235309439465,-0.0198556134458746,-0.0226099589240984,-0.1483015741507871
2026-03-13,0.0033403762954018,-0.0186646190110537,0.0,-0.0030938466827088,0.0010913059294288,-0.0151678211493295,-0.0173320310064631,-0.0155897832913983,-0.0206302741767727,0.0197846959557754,-0.0046215657586103,-0.0176470588235294,-0.0199556541019955,-0.0223790433302212,-0.069672131147541,0.0034193457416806,-0.0033610592429129,-0.0018649821039525,-0.0056461551689548,-0.0390070921985815,0.0011534363033829,-0.0622950819672131,-0.015625,0.0016592049314947,-0.034156976744186,-0.0329277022190408,-0.017465171593612,-0.001582105837425,-0.0116419108791651,-0.0152334152334153,-0.0185915492957746,-0.0037359900373599,-0.0385124061987867,-0.0172413793103447,-0.0166389072088889,-0.0183794466403162,0.0037473130661753,-0.0222519231563416,0.0074649109815927,0.0022187132194368,-0.0127506647356765,-0.0072600605457001,-0.0067940653385692,-0.0293392019459083,-0.0093312597200622,0.0026624214311201,-0.0303623898139079,-0.0063892617449664,-0.0139285405311878,-0.0504201680672268,-0.0541871921182265,-0.0339040509762103,-0.0054392434061425,-0.0073328828490627,-0.0296517545762484,-0.0285714285714285,0.0075611516901648,-0.0029575682976032,-0.0133513388001517,-0.0976491862567812,-0.0343158711187414,-0.011770573904546,-0.0060438176781667,0.0062385231422326,0.0250569476082005,-0.0060124543697658,-0.0211465130564797,-0.001309277540653,0.0021375247512576,-0.0020625644551391,-0.0420914366373901,0.0026871401151631,-0.0093167701863354,-0.0118626956082785,0.0071967764072424,0.0039540982947636,0.0085104517203957,-0.0107003891050583
2026-03-16,0.0066718811629664,0.0200568477521116,-0.0024730215827336,0.0156896551724137,0.0188953488372092,0.0278445246748855,0.0037813260019035,0.0,0.0005255263474825,-0.0048502139800283,0.0162155856276249,0.0143349664307748,0.0158371040723981,0.0407606100609498,0.0290748898678414,0.019629369401019,0.0101512467638642,0.012877073401267,0.0219994811783017,0.0055350553505535,0.0240071114853996,0.0541958041958043,0.0317460317460318,0.0115783503938997,0.0154251316779534,0.0355292376017764,0.0200004611057316,0.0136283134640664,0.04197129704847,0.0229540918163673,0.0112897053195561,0.0135,0.0111239029349758,0.0103963612735542,0.0039501878470622,0.0049954701026777,0.020540447520758,0.026552036616084,0.006142412418056,0.0191473764447149,0.0167107785686011,0.0148671836781317,0.0141521791904317,0.0372067492422614,0.0041862899005757,0.0092937311798522,0.0262626262626262,0.0535393926294174,0.0255577901656161,0.0336283185840706,-0.0039062499999998,0.0243997996777127,0.0149863480528011,0.0203711173860425,0.0067925436786353,0.0346020761245675,-0.0399518672513966,-0.0093319730457295,0.0086146566833262,-0.0380761523046092,0.0268246743791715,0.0079416581687834,0.0319229794780846,0.0033063528464818,0.0049999999999998,0.0192487716791021,0.0297734282957096,-0.0046821214130268,0.0101886533108828,0.0093007233895969,0.0153204279194332,-0.0068912710566615,0.0172413793103449,0.0068965517241379,0.0149685534591195,-0.0012311018361432,-0.0051931734441672,0.0226155358898723
2026-03-17,-0.0052994733731346,0.001694733837591,-0.0098164425412566,-0.019521303683585,-0.0014265335235377,0.0144085617283225,-0.009624176741011,-0.0060885889695063,-0.0078951687913771,0.0011467889908256,-0.0068419240041326,0.0035778175313059,0.000445434298441,-0.0332647850985854,0.0436643835616439,-0.0025151815323658,-0.0201321912726781,-0.0012314115776739,0.0,-0.0422018348623853,0.023442378276298,0.0514096185737975,-0.0051282051282051,-0.0005495328970374,0.0151908114116339,-0.004288777698356,-0.0087135381937772,-0.0031266152328947,-0.0059771309771309,0.0321951219512195,-0.0234626300851467,0.0004933399111988,-0.0073343487068774,-0.0038585209003215,-0.0078636291582689,-0.0074622193842417,0.0064076742203529,-0.0048027469917373,0.0010782079924247,0.0003542812563743,0.0007481372908269,-0.000959171588946,-0.0067450827967208,-0.0089737689829727,0.0046899426784783,-0.0052618017602625,0.0,-0.0813056501579746,-0.0039352202209776,0.0102739726027398,0.0026143790849673,0.0065250142173476,0.0121700612851682,0.0175519775737211,0.0050557671614257,0.0483277591973243,0.0139409916959893,0.0025702380282726,-0.0054893773793442,0.0125000000000001,-0.0037966808775365,-0.0118203309692671,0.0198870611342991,0.0266437517722157,0.0127142067440575,0.0113311522450354,0.023813082822615,-0.0007526634879178,-0.0072698115728985,0.0255972696245734,-0.0125263845974423,0.0188897455666923,0.0200308166409861,0.0015220700152205,0.0241390231475744,0.0098559438807466,0.0050039550911418,-0.0019230769230769
2026-03-18,-0.0186402996334698,0.0060907196666131,-0.0248096912065957,-0.002770083102493,-0.0317857142857143,-0.0272728851933132,-0.0109855978896759,-0.0147085098779927,-0.0116695252223882,-0.0114547537227949,-0.0137549991908824,-0.012121212121212,-0.0204808548530721,0.0133215713424303,-0.0246103363412631,-0.0092225590010621,-0.0239873352376364,-0.0149853950793577,0.0555598643436814,-0.0057471264367814,-0.0067801087049527,-0.0441640378548896,-0.0051546391752577,-0.0158119230897397,-0.0036496350364962,-0.0021536252692031,-0.0340660342940533,-0.0087826167171908,-0.0030065359477124,0.1507561436672968,-0.0213136988955628,-0.0106015779092701,-0.0014747285158868,-0.0096836668818592,-0.0152927011589356,-0.0125137184161063,0.0045424505031135,0.0003720923239984,-0.0077148320232036,-0.0063783814722864,-0.0014951559996948,-0.0110582080559596,-0.0100670260158295,0.0067912700255396,-0.0145228215767635,-0.001983613038677,0.0088582677165354,-0.0210143147457513,-0.0026360471185165,0.0127118644067796,-0.0104302477183833,-0.0074574344707269,0.0177428476081424,0.0133684763557213,-0.0167904423635776,0.0532780347742862,-0.0072914005637413,-0.0102459635478483,-0.0141017250534063,-0.02880658436214,-0.0114288600527132,-0.0149504295189112,-0.0028887818969667,-0.0150492941854081,-0.0169213973799126,-0.0133375606558082,0.0066430817610063,-0.0103550351570297,-0.0111069502879534,0.0133111480865224,-0.025953802232027,-0.0079455164585698,-0.0226586102719034,-0.023176291793313,-0.0245515906096216,-0.0087847694277122,-0.0008675270911969,-0.046242774566474
2026-03-19,0.0020341381445121,0.0006726497088134,-0.0101919087136929,0.0038194444444443,0.0143858354850607,-0.0116793361470096,0.0042718312949283,0.0018716768022175,0.0005356814034853,0.0040556199304748,-0.1069804509868267,-0.0055936485023457,-0.0095454545454546,-0.0432631381753666,0.0,0.0321697825423801,-0.0070169252468264,-0.0075052316598541,0.0177611232457635,0.0096339113680152,0.0210335289171226,0.0049504950495049,-0.005181347150259,0.0027707709063411,-0.006959706959707,-0.0007194244604316,-0.0238893347811719,0.0155065626905426,-0.0057689786285564,0.0390143737166324,0.0102949910908731,0.0291552454522798,0.0125760830648047,0.0,0.0057542867408022,0.0012646746975639,0.0095024972433028,0.0089081085955171,-0.0034349929903801,0.0010692876815898,0.0037434870964292,0.0082644218743421,0.0070961646001657,-0.0112309022773131,-0.0105263157894736,0.0039751111596806,0.0048780487804878,-0.0090446644463707,-0.0019806046474656,0.0225941422594142,-0.0026350461133068,0.0049002310299139,-0.0011623660432038,-0.0046812848809093,0.0068274133609886,-0.0031803725579283,0.0178389954333917,-0.0030218857788224,0.0068385917010058,0.0233050847457627,0.0070276321106583,0.0114678658291191,0.0161757605021728,0.0378287617595058,0.011104941699056,0.0086542598674357,0.0451013315631223,-0.0273981204345186,0.0066900144789436,-0.0072249589490968,0.0109545322543465,0.0213577421815409,-0.0154559505409581,-0.0064825619084661,0.0110754259249048,0.0049231246699354,0.009316060575067,0.0232323232323232
2026-03-20,-0.0203136669156086,-0.0319329217597423,-0.0231351691251604,-0.0375302663438257,-0.0319999999999999,-0.0431435850795351,-0.0102079281718255,-0.0186236231059626,-0.0166306948418076,-0.0164454702827464,-0.0520762244737256,-0.0430048992923244,-0.0197338228545204,-0.033200492968291,-0.1421362489486964,0.0041038285511627,-0.0070665104222151,-0.0411574026178757,-0.0413669536910636,-0.0267175572519084,-0.0341533562734323,-0.0164203612479474,0.03125,-0.0414354691667886,-0.0759867207672445,-0.0345572354211662,-0.0897460701330108,-0.0243046119036032,-0.0461558749835158,-0.0122529644268775,-0.0429159318048206,-0.0319612590799031,-0.0343499079189686,-0.0280312907431551,-0.0022873934086197,-0.0101173768818576,-0.0076185580731473,-0.0500348188118406,-0.0257625066788224,-0.0295700084876209,-0.0153367228886318,-0.0155876949075939,-0.0161291094644531,-0.0522792737110938,-0.0212765957446809,-0.0204635594892272,-0.0637540453074433,-0.0490314560961292,-0.0231440613281119,-0.0343698854337152,-0.0541611624834874,-0.027624840160866,-0.0238523020793608,-0.0237288061403373,-0.0220257510729614,0.0314494074749318,-0.0216508186816247,-0.0272619120515758,-0.0043228382698695,-0.0269151138716355,-0.0272409435163233,-0.0246754684602396,0.0137799952482775,-0.0213684366607905,0.0,-0.0273491074417649,-0.0115773854004311,-0.0183880206906805,-0.0308552434245141,-0.0363876943433675,-0.0055645056207725,-0.0231516056758775,-0.0094191522762951,-0.0140936969855147,-0.0345187214985378,-0.0137157231451272,-0.0135227787240465,0.0138203356367225
2026-03-23,0.0131325451496209,0.0378468656465504,0.0815899581589958,0.0470799640610961,0.0360631104432755,0.0660879746198004,0.0296499223155588,0.03984454764022,0.0365518219197504,0.0164271047227924,0.0879160436395858,0.0472127417519907,0.0308988764044944,0.0361157275862684,0.0421568627450981,0.0179712728740581,0.0569701738073098,0.0326303918370072,0.0357375141204259,0.0490196078431373,0.0301214657935917,0.0918196994991653,0.0707070707070707,0.0219038952652126,0.0866267465069858,0.0507084265473527,0.0729828103828476,0.0236339315500193,0.0695423752246646,0.0044017607042818,0.0341932841932841,0.0345172586293147,0.0492039637797798,0.0435949027498323,0.0315194354452166,0.0421977908670265,0.0361329886370467,0.0608043214933928,0.0405976022274892,0.0414853796835044,0.0358818573228516,0.0318586720562916,0.0296027264964957,0.0671482010139292,0.0271739130434782,0.0552557558078967,0.0922917386795714,0.0503612795468575,0.0514547011102202,0.1161016949152542,0.068435754189944,0.0524721746210741,0.0067541987192396,0.0078821532894985,0.0623869959801288,-0.0284283399617029,0.0362488803624887,0.0355888687550864,0.04528389107878,0.0680851063829786,0.0886367946894262,0.0311103228095068,0.0510897586126084,0.0272053872053872,0.0021965952773201,0.0496188927070553,0.0197052581556222,0.028697615740141,0.0399200381543833,0.0841057329213867,0.0320967727525856,0.048165137614679,0.045958795562599,0.0256783587028457,0.0508758181009467,0.004967134087368,0.0303122363606958,0.0710808179162609
2026-03-24,0.0027292688432414,-0.0013380988432487,0.0,-0.0106401235627253,-0.0282813633067439,0.006949569858824,-0.0129374479854065,-0.0085136573252927,-0.0031569732450621,-0.0054834054834054,0.0479778054926314,0.0072424407025168,0.0099909173478656,0.0194262389329653,0.0319849482596426,-0.0096242017695313,0.0100828962950432,-0.005724293543564,-0.0058631060581023,-0.0056074766355138,0.0023523816020161,0.0045871559633028,0.0,-0.0062045431043397,-0.0003673769287287,-0.0070972320794889,-0.0226687465953547,-0.0106091479775224,-0.0183557394002068,-0.0047808764940239,-0.0041575925559295,-0.0045938104448741,0.0021594189199998,-0.0102827763496143,0.0133298996198654,0.0110436427944249,-0.0017407450388765,-0.0135103175072429,0.0051893007527803,-0.0021172568890913,-0.0051562931401152,-0.0098128829756878,-0.0056090311544585,-0.0280887863937733,0.0126984126984128,0.0012768113938963,-0.0009493670886076,-0.007985342920354,-0.0109466174693539,-0.0280941533788913,0.0117647058823529,-0.0079370988155854,0.0250593078286334,0.0269402807465517,-0.0016357958394607,0.0253183747725895,-0.0034575091985383,0.011597110057486,-0.0195842895391088,0.0159362549800796,-0.0127551520404541,-0.0062992396876182,-0.065551839464883,0.0011144617805167,0.0126027397260273,-0.0092187590905002,0.0417734657995636,-0.0087184295977122,-0.0110679052702453,-0.0215326155794807,-0.0017110293587246,0.0160466812545585,0.0181818181818183,0.0078719834817395,0.009160536128187,0.014332738648642,0.0042341331376072,0.01
2026-03-25,0.0210857345557737,0.0144038363216445,0.0291871249318056,0.0189071986123157,-0.0201492537313432,0.0356749149759589,0.0088785365105861,0.0239266547406082,0.0179480001975924,0.0107370864770748,0.0024044299800844,0.0188747078914255,0.0107913669064749,0.0605406076055019,-0.0027347310847767,0.0192185779586933,0.0166817405285899,0.0051192233592713,0.0058976848096385,0.0206766917293232,0.0343568663153732,0.004566210045662,0.0235849056603771,0.0085093591388898,0.0466740169055495,0.0092923516797711,0.0170887118227536,0.0233358384368154,0.0161969976297076,0.0096076861489191,0.0284294234592445,0.0252611124605295,0.0331195496031457,0.0214285714285713,0.0120606402139202,0.0072779313550406,0.0192128843023982,0.0318296922293146,-0.0115716509218638,0.0166031330568523,0.0140714071407139,0.0149873009670802,0.0131631469900586,0.0323648400147114,0.0161964472309299,-0.0011174285995989,0.0440291415901172,0.023010535363743,0.0240890648581901,0.0242187499999999,0.0749354005167959,0.0169637525817598,0.005582852972513,0.0048646412489523,0.0163516599913937,-0.0051752180984768,0.0155109779296216,0.0386416409499243,0.005449524842884,-0.0156862745098039,0.0247634173780688,0.0050062491561042,0.0319732760677642,0.0237050618819985,0.002164502164502,0.0313834557567473,0.021553915289046,0.0044952780036273,0.0157158468327796,0.0245954692556635,0.0057141701013347,0.0215362526920317,0.0148809523809525,0.0185659411011525,0.0282008008867673,0.0065770894335526,0.015384355401212,0.0279027902790278
2026-03-26,-0.0119920097806697,-0.0224547255726649,-0.0165289256198346,-0.0308137555328567,-0.0437928408225438,-0.0127785578403842,-0.033525943246905,-0.0131844133154461,-0.0238592064185309,-0.0054550674705712,-0.0023986625639037,-0.0261115031757233,-0.0097864768683273,0.0502089825262956,-0.0722120658135282,-0.0128408681703604,-0.0032947843563637,-0.0097631162313672,-0.0117196020755527,-0.0331491712707181,-0.013958409274785,-0.0242424242424241,-0.0414746543778801,-0.0146281626523288,-0.0361657303370787,-0.0573654390934843,-0.0071989039730975,-0.023419335483387,-0.028249319683815,-0.0269627279936558,-0.0276435337328435,-0.0523572613124851,-0.0404146096531576,-0.0178003814367451,-0.0016213117886291,-0.0048209450023679,-0.0089976266621041,-0.0315630116645911,-0.0273778236104749,-0.0066015398916113,-0.0189946448119766,-0.0295295909455098,-0.0269152838100241,-0.0380730202144409,-0.0097686375321335,-0.0161879380120423,-0.0576456310679612,-0.0506176764465438,-0.0292451385698975,-0.0427154843630814,-0.0348557692307693,-0.0308461350890026,0.0216310935083432,0.0109474183362252,-0.0160885849210226,0.0219976218787159,-0.012661558605913,-0.0286168849952478,-0.0367273939798113,0.00996015936255,-0.0279471150948431,-0.0169316361506796,-0.0043930635838149,-0.0223245698202518,-0.0080993520518357,-0.0330060505054163,0.015699954218834,-0.0116743328118796,-0.0196936064387335,-0.0527479469361971,-0.0108518532355823,0.0028109627547434,-0.0205278592375367,-0.0080452545568824,-0.0088284140904985,-0.026599135183558,-0.0136991716005875,-0.0227670753064798
2026-03-27,-0.004719787947636,-0.0135156277779754,-0.0360634049538182,-0.0168628139820832,-0.0294703305455993,-0.0315139906060205,-0.0173466446558184,-0.0145682634427639,-0.0159358808647908,-0.0069284064665127,-0.019284014183708,-0.0302536231884058,-0.004941599281222,-0.0156003159557661,-0.1083743842364531,0.001624951292914,-0.0230075038841692,0.0040724596147754,-0.0131761999036865,-0.0266666666666666,-0.0206046507434156,-0.0403726708074535,-0.0480769230769231,-0.0051423452351866,-0.0553734061930782,-0.0255447032306536,-0.0326550582095543,-0.0047328302901138,-0.0212028270436056,-0.0256723716381417,-0.0095427435387673,-0.023,-0.0283290887269108,-0.0032362459546925,-0.0162777218844319,-0.0157409215150331,-0.0423686796695854,-0.0162958519990252,-0.0187033512713624,-0.0216840923295303,-0.0126594685888349,-0.0009817922170652,-0.0116813476809619,-0.0069769664532162,-0.0025960539979231,-0.0197518477642887,-0.0254346426271732,-0.0414643480756811,-0.0006572029442691,-0.0286852589641435,-0.0460772104607719,-0.0126662738113367,0.0174254943301612,0.0289473459780309,-0.0163351097282447,0.0299592786503779,-0.0081410695702935,-0.0193606023865738,-0.0168736271689943,-0.0019723865877713,-0.0239939057472435,-0.0101342117251287,-0.0081281932187645,-0.011253598534415,0.0146978769733261,-0.0170689932023764,-0.0159423059021808,-0.0070853709434824,-0.0167422686542019,-0.0190063354451482,-0.0109738133492939,-0.0077084793272599,-0.0134730538922155,0.0011405398555317,-0.0086784120824922,-0.0037368433028841,-0.0023138529553828,0.0008960573476701
2026-03-30,0.0054215639649433,0.0035468534291656,0.0099631465243359,0.0055386814364839,0.0229790726302829,-0.0098773035198256,-0.0114752495489008,0.0006159848057081,-0.0026999264676992,-0.002906976744186,0.0171867261020306,-0.0024285447412666,0.0090293453724605,0.0296530617493506,-0.0055248618784531,-0.0008111575549394,0.0067332092708509,0.0172878266660658,0.002670426048176,-0.0078277886497064,0.0237834394200797,-0.0064724919093851,-0.0151515151515151,0.0,0.0242961820285383,-0.0046260601387818,0.035002399201131,0.0114140936727338,-0.0021798365122617,0.0117105813467168,0.0092332396627861,0.0133060388945753,0.0059801315026397,0.018181818181818,0.0126840493355049,0.0098435446678732,-0.0040632930702132,0.0007507393067285,-0.0073612001787831,0.0103659108791533,0.007544922068897,0.0127733603343358,0.0036187354909191,0.0152309913378247,-0.0026028110359188,-0.0470140291500628,-0.0023125206475057,-0.0111295494528802,-0.0013086939366039,0.0172272354388844,-0.010443864229765,0.0085536286699126,0.0064445788620799,0.0052610748838066,0.0,0.0180739903981925,0.0145711915622286,-0.0004294749993493,-0.0082647273472209,0.0513833992094863,0.0087852647150914,0.007165159764654,0.0081948021540623,0.0197194282689252,-0.0032188841201717,0.0048845301430509,0.051549112054845,0.0023793048067906,0.0121620293733037,0.0033990482664854,-0.0067155103024035,0.0007062146892655,0.0060698027314112,0.0063291139240506,0.0116736132847892,-0.000748649259091,0.0345916736433518,0.037600716204118
2026-03-31,0.0276306186988135,0.04584556037254,0.0617308805395475,0.0405117270788912,0.0308864821500201,0.0798126839070834,0.0267866776966514,0.0289398758528702,0.0378956729253907,0.0148688046647231,0.0265861615620586,0.0541198501872659,0.0317673378076062,0.0213507842941351,0.0444444444444445,0.0243710496450375,0.0568326947637292,0.0230803875772482,0.0272955872809863,0.0611439842209071,0.0310938697111284,0.0309446254071661,0.0153846153846153,0.0533907918279519,0.0286144578313254,0.0302091402013942,0.0181184843624699,0.0291509970785424,0.0506553795740034,0.014468788755684,0.043357199681782,0.0295454545454545,0.0386322968996832,0.0159438775510203,0.0348586389158747,0.0401934786878805,0.0553033678660279,0.0511681041868965,0.0380225606007806,0.0293712089278186,0.0464085131540052,0.0385620995111433,0.045190148989727,0.0790059962553031,0.018267223382046,0.0542667296759318,0.0678807947019868,0.0962462936092358,0.0374026247687029,0.0411290322580644,0.0382585751978892,0.0472593562886693,-0.0135393325122056,-0.0201323329348229,0.0298982081265246,-0.0816920943134535,0.0329716755084368,0.0103031486665365,0.0416680114901719,0.0432330827067668,0.0435370324554105,0.0379399793323069,0.034138411518811,0.0268656716417909,0.0069967707212057,0.0345565682948769,-0.0102740861034699,0.0265018821123175,0.0336454926092433,0.056910569105691,0.0270436531408968,0.013408609738885,0.0165912518853694,0.0374842767295597,0.013460436153305,0.0312661905584281,0.0399578229791199,0.0448662640207073
2026-04-01,0.0072068754644027,0.0210936990215573,0.0581417397487555,0.015710382513661,-0.0097276264591439,0.0106065389451064,0.0273927017015351,0.015561801604168,0.0135625389767088,0.0083309393852339,0.0211782004458569,0.0232723396695684,0.0082393755420642,-0.0364629696655481,-0.0372340425531914,0.0015850039220761,0.0158371760216251,-0.0051263299951647,0.0259254872543988,0.0092936802973977,-0.0019064563111029,0.0300157977883095,0.0151515151515151,0.0,0.0439238653001463,0.0210526315789472,0.0735471484480763,0.0015228316637785,0.0474333983105912,0.0183374083129583,0.0102935569958062,-0.0039244542555801,0.0171704138343653,0.0062774639045826,0.0378956636116769,0.0339549156143041,0.0079520414491365,0.018250845885771,-0.0095223905368296,-0.0089396021599411,0.014305374474866,0.0093032144812095,0.008473374541752,0.0442269886769244,0.0020502306509482,0.0,0.0186046511627906,0.0079877536457073,0.0158117569394633,0.0503485670023238,0.0228716645489199,0.0213744674636986,-0.036728300460514,-0.026711655899683,0.0048356531399071,-0.0314151940794441,0.0045558225609867,-0.0327249139778942,-0.004306872405032,-0.0108108108108107,0.0163890966383384,0.0182765767230168,0.0285200988097911,-0.0133341759352881,-0.028861571352218,0.0172223240709217,-0.0702828631703829,0.0036612602057628,-0.0051151880626346,0.0032051282051281,-0.0008581367489863,0.019150417827298,0.0044510385756675,0.0063045586808923,-0.0113824430154797,0.0101857119285622,0.0,-0.0066061106523533
2026-04-02,-0.0052032668942959,-0.0219494885964233,-0.0241695226575274,-0.003362474781439,-0.0113948919449901,0.0037760873377761,-0.0101560702017575,-0.01137130724008,-0.0149914930499823,0.0094017094017093,-0.0138414733272952,-0.0057291666666666,0.0055913978494623,0.0327971207975674,0.0044198895027622,0.0102942957490612,-0.009360423253921,0.0152551225197428,0.0056826199058455,-0.011049723756906,0.0062510703887652,-0.0076687116564416,0.0,0.0059949043313183,-0.0350631136044881,-0.0154639175257732,0.0143643242003896,0.0121672136001382,0.004590570719603,-0.0044017607042816,0.0041509433962263,-0.0027086924402855,-0.0028134279174256,-0.0093574547723019,0.0045633632958419,0.0045316013560559,-0.0090543742445599,-0.0239006688487263,0.0097986385490551,0.0,-0.0183382725747134,-0.0127309917596868,-0.0120926844560828,0.0268615902397981,-0.011764705882353,-0.0080208637539815,-0.0112633181126333,-0.0101853226303709,0.0080983803239351,-0.0412979351032448,-0.0149068322981367,-0.0150807341445597,0.0225293549237211,0.0164672826498082,-0.004812382129154,0.0567597068454701,0.0138424704981587,-0.0395432804401987,-0.0049416524039209,-0.0273224043715847,-0.0016752514467598,0.0009644388130085,-0.0037117903930129,0.0094152308973292,0.016510731975784,-0.0205197654001226,0.0324725107924404,-0.0238054553448516,0.0009343758321029,0.0031948881789136,0.0022912907892993,-0.0017082336863682,0.0,0.0066265060240964,0.0073560244312327,-0.0081619717451456,-0.0137212135502633,-0.025768911055694
2026-04-06,0.0111237990234682,0.0056122396343791,0.0022495638600679,-0.0055668016194331,-0.0461049284578696,-0.0086048276577507,0.0017093281091902,0.0029857046200831,0.0109829226958675,0.0002822466836014,0.0,0.0076829055351841,0.0034217279726262,0.0307775484124643,-0.0759075907590758,0.0039159274354669,0.0157375805839969,-0.0182744864543018,-0.0062818877551019,-0.0186219739292365,-0.0077665991083694,-0.0092735703245748,-0.0199004975124377,0.0173312807270198,-0.0228924418604651,0.0007479431563202,0.0043511182939095,0.0006002858213707,0.0086451772261331,0.0257234726688102,-0.0039458850056369,-0.0009876543209876,0.0056427312524873,0.0025188916876572,-0.0095888738541677,-0.013522112631244,-0.0052180575615597,0.0039619189246324,0.0115364090805381,0.0115484277610475,-0.0028734168927815,0.0063315566773771,0.0043866812889377,0.0814880062273386,-0.0139751552795031,-0.012802957688621,-0.0215517241379309,0.0080059987310376,-0.0067998115640186,-0.0715384615384615,0.0012610340479193,-0.0071887731433999,0.0114889863804537,0.016406758325643,0.0048356531399071,-0.0069352220746642,-0.0059356844317645,0.0,-0.0105641070546218,-0.0355805243445691,-0.0111176959138113,-0.0054454902768594,-0.0026298487836949,-0.0100253807106598,-0.0048727666486193,-0.0193830236886098,-0.0324329711950562,-0.0245806847504562,0.0025683440710431,0.0019108280254778,0.003142963126975,0.002737850787132,0.0073855243722305,-0.0055056852184319,-0.0063503946408866,-0.014526345284591,0.0061621279164516,0.0042662116040954
2026-04-07,0.0019406637199732,0.00196631614944,-0.0067335440428747,0.0088210347752331,-0.0354166666666667,-0.0206193515698572,0.0004255282567955,0.0084786671782748,0.0093162696238033,0.0008465011286682,-0.0490544709511808,0.0086640097036909,0.0076726342710997,0.0090023936449203,0.0726190476190475,0.0085893965928993,-0.0247651048472403,0.0103420167781815,-0.0012643198665083,-0.001897533206831,0.0022614019641991,-0.0078003120124804,-0.0253807106598985,0.0026630652912016,-0.0449981405727036,-0.0426008968609865,-0.0303596345141106,-0.0048054961720477,-0.0009795518550262,-0.0109717868338558,0.0150914921712885,0.0155709342560554,-0.0434751883312369,-0.0006281407035175,0.00407299547502,0.0079941023337248,0.0148686872263854,0.0014340222690951,-0.0106368105227248,0.0020700780260181,0.0050484416948757,0.0079199440945121,-0.0006899756069229,0.0679041575906809,-0.0309711286089239,0.0102364935155003,-0.053178099433606,-0.0045434257659162,-0.0043499697312004,0.0,-0.0944584382871536,0.0059821045437931,-0.002793380443317,-0.0087864270621953,-0.0064056708070495,0.0077265973254085,0.0017907352063364,0.0232397915539588,0.0295084454333973,-0.0077669902912621,0.000212653072622,-0.0096577850232508,-0.005493298176225,0.0046788873221381,-0.0364526659412404,-0.0016029507159666,-0.0401232024393258,-0.0639116846456295,-0.0016282401979941,-0.0607120152574698,-0.0113973180757565,0.0215017064846416,0.0161290322580645,0.007221085569864,0.0134217072489559,0.0066344587803071,0.0005920440369877,0.0067969413763806
2026-04-08,0.0245514024745741,0.0393071672354947,0.0226203652462644,0.0423743063729611,-0.0021598272138227,0.0365680160600112,0.0447946517952662,0.0401713387991555,0.0499787075481741,0.0107132788271779,0.0417781079742445,0.067170589245834,0.0270727580372249,-0.0338169273663816,0.0144284128745839,0.0301896621125661,0.0222037899572513,0.047081987682038,0.0272205014844042,-0.0038022813688212,0.007982620206455,0.0566037735849056,-0.0052083333333333,0.0212425283314852,0.0650311526479752,0.0788446526151445,0.0436230706742486,0.0319863156219781,0.0441230542958694,0.0233755942947702,0.0284333766957813,0.0501338525188608,0.0579148011879959,0.0138277812696416,0.0375671389840912,0.0328769941033963,0.0241243948183365,0.0390401821319297,0.0318276798314782,0.0336988213185203,0.0379925089283121,0.0344446026673264,0.0349759271700997,0.0374600922312877,0.0167930660888406,0.047299987642964,0.0458624127617148,0.0193718240555516,0.0268594782303459,0.0314830157415078,0.0667593880389429,0.0403618474060545,-0.0442495798192087,-0.0391675988265338,0.0339202146807604,-0.0548510763786493,0.0282153547382697,0.0511674567202757,-0.0158541078226699,0.0724070450097846,0.0468725168905133,0.0211298249638223,-0.0077330976579761,0.0276236044657096,0.028232636928289,0.0369163194295287,-0.0211631126517206,0.0195992271455434,0.0289236330073958,0.1123519458544837,0.0253625919890512,-0.0317407283661878,0.0447330447330447,0.0227028318795554,0.0034704085981536,0.0309888329199672,0.0418558998197216,0.0033755274261604
2026-04-09,0.0126074860900353,0.0176476190163439,0.0066292362849218,0.038070656557509,0.0103896103896103,0.0240484766947313,0.0093923356238461,0.0126786156768812,0.0059467982093697,0.0013947001394698,-0.0094373261701571,0.014971023824855,0.0020593080724875,0.0354847545169083,0.0010940919037198,0.0157748766510372,0.0248423943574058,0.0334301825611766,0.0190986775432582,0.0458015267175573,0.0389040004158076,0.0104166666666667,-0.0104712041884816,0.009359506758761,0.0259597806215721,0.0289435600578871,0.0310800742808214,0.0076026911866307,0.0018781547129944,0.0065814943863724,0.0205999277195516,0.0150637311703361,0.0429629940011033,0.0402975821450715,0.0435429957502193,0.0472091608120814,0.0012649009160947,0.0155122063549104,0.0265418854142889,0.0196269771514314,0.0179513000181821,0.0245800272609926,0.017118226047736,0.053733843944471,0.0143846563665424,0.0264493038621884,0.0371782650142993,0.0312743185175996,0.0158101319138803,0.0192771084337348,0.0312907431551499,0.0120299701452648,0.0293030210014555,0.0276769789039916,0.0343741592416162,0.0210608424336975,0.0129459372975673,0.0021365684217766,-0.001241592732627,0.0237226277372262,0.0137751501624709,0.018148964214101,0.0133600534402138,0.0330270672957535,0.0219659527732014,0.0010356952363197,-0.010267627098203,0.0054927411313356,0.0179098940012305,0.034377852144813,-0.0320424178154824,0.0262249827467218,0.0607734806629833,-0.010515247108307,0.0370812709564105,0.0118359833118644,-0.0051170034949096,-0.0033641715727502
2026-04-10,0.0037339061153638,0.0192035264012184,-0.0549470241695225,0.0152292152292152,-0.1088260497000856,0.0182657110012767,0.0004033227274393,0.0056919142192988,0.0073933334005302,0.0142061281337046,0.0119030477561794,-0.0042823156225217,0.0102753801890669,0.022068027339414,0.0262295081967214,0.0214507138924295,-0.0303002618917107,0.0179739976167812,0.0072556734824162,0.0182481751824816,-0.022534999874926,-0.0544918998527246,0.0,0.01030651924076,-0.0089094796863863,0.0077355836849506,0.0322246667529442,0.0464314196337398,0.0148799062683071,0.0273076923076922,0.0154036827195467,0.0221461187214613,-0.0026582744651645,0.0083432657926103,-0.0018755964585714,-0.0031483751003676,-0.0172268585866318,-0.0095032278678892,-0.0171196812295432,0.0032644606429281,0.0047538900147701,0.0017444319142938,0.0069939644758723,-0.0007950028392958,0.0010504201680672,-0.011941937914695,-0.004595588235294,-0.0086614173228346,0.0149751515843494,-0.0015760441292356,-0.0139064475347661,-0.0041593892360048,0.0248613788618636,0.0235907936697929,0.0211447543567069,0.0336134453781513,0.0154521516861183,0.0149112233122992,0.019234253087538,-0.0089126559714796,-0.0207836304880542,0.004376871688551,-0.001538123489343,0.0246394230769231,0.0107469102632993,-0.0237135747800132,0.0071007228114874,-0.0092446297105589,0.0071260332056075,-0.0067647058823528,-0.017420696827873,0.0232010759919301,-0.0611979166666666,0.0106269925611053,0.0233340107524895,0.0044438744124515,0.0072376886743823,-0.0286919831223628
2026-04-13,-0.0117821240171195,0.0069876710507152,-0.0162834794975114,0.0036736568192254,0.0350961538461538,-0.0128136429139981,0.0008103925720801,0.0107516915376773,0.0073390731856179,-0.0098873935731941,-0.0047194422046198,0.0162472124880534,0.0122050447518307,-0.0238884190386401,0.0734824281150159,-0.0043492065836207,-0.0218572370693715,0.0150517383068373,0.0041989408187019,-0.0089605734767024,-0.0364457152996253,0.0155763239875388,0.0423280423280423,0.0091781241721766,0.0068320747932399,-0.0041870202372644,0.0030194750919425,0.0327229879271411,0.0043869776033247,0.00524148259079,0.0078465562336529,-0.00268036631673,0.0346496763971317,0.0200945626477542,-0.007985080631801,-0.0220764355512219,-0.0008569647865378,0.0037670009330785,-0.0001773640088609,0.0100816726559949,-0.006755232228201,-0.0006530228140226,-0.0052084932432135,0.0063813204299678,0.006295907660021,0.0057264366181708,0.0236995998768849,0.0065528196981732,-0.0029543934020521,0.0149960536700868,0.0153846153846153,0.0071631769910438,0.0177778945866593,0.0152979082835478,-0.0103534558966751,-0.0125646711012565,0.0073258683582049,0.0029375837422704,-0.0115654764093701,0.0035971223021582,-0.0038767058745732,-0.0028007494508334,-0.0616197183098591,-0.0118475073313784,0.0154173312068051,-0.0047529977798148,-0.0108509737277743,0.0135700834690553,-0.0013262477953134,0.0074030204323363,0.0192072690296167,0.0032862306933947,-0.0249653259361997,0.0206799859796704,-0.0035535896972979,-0.0253842515961219,-0.0158839373209976,0.0208514335360556
2026-04-14,-0.0025116770952674,0.004826300349946,0.0141917451750477,0.0240963855421689,0.0283325592196934,0.0218071819302885,0.0254558327467151,0.0089580467675376,0.0092274379705596,-0.0088765603328709,0.0,-0.0086206896551723,0.0209003215434082,-0.0047014374183286,-0.0257936507936508,-0.0072679808362627,0.0479018846116801,0.0258151940488255,0.0119554794936218,-0.0054249547920434,0.015305345538892,0.0184049079754602,0.0,-0.0015183488599515,0.0,0.0308339173090399,0.0251039051676547,0.0190645023377911,0.0002298850574711,0.0108007448789571,0.0060553633217992,0.0087346024636059,0.0225359972487007,0.0243337195828503,0.022726188317699,0.0247314974368977,0.0089841888672297,0.0071705272324529,0.0223988936315024,0.0151300511666114,0.0081572806311052,0.0104573926703646,0.0152729982297608,0.0348585811323189,0.0182481751824818,-0.0088556427410078,0.0105231509320504,0.004351066394862,0.0372798422821583,0.0404354587869364,-0.0012626262626261,0.0168874340615117,-0.0443951349616529,-0.0381683000318787,0.0373656320968962,-0.0257485029940119,-0.0234975095803477,0.0125587903103452,0.0418736164592519,-0.0017921146953404,0.0446622686913948,0.0012471938139186,-0.0037523452157599,0.0029083570750236,0.0115183246073298,0.0079594944256917,0.0060326709442104,0.0148550792863704,0.0053143298829563,0.0214579659024103,0.0089879839319002,-0.0127743203406485,0.0,0.0107600732600732,-0.011290648902793,-0.0100372423665281,-0.0026906935132521,0.0127659574468086
2026-04-15,-0.003780157643302,0.0081105437068187,0.0279625582058349,-0.0131049888309755,0.0257452574525745,0.0081333938481218,-0.0386167490030354,-0.001664366092375,0.0009645004773293,-0.0190316260845228,-0.0118188100173945,0.0170750988142291,-0.0039370078740156,0.0037817704393989,-0.0580448065173115,-0.0007321191112971,0.0030638193572105,0.0080305310910928,-0.0059071173267446,-0.0018181818181818,-0.0008667385170226,0.0,0.0203045685279186,-0.0455424108868786,-0.0142857142857142,-0.0231135282121007,-0.0009856621719117,0.012120953001913,-0.0142495977936105,0.0047899778924096,0.0,0.0068827708703376,-0.00692972547626,-0.0356334841628959,0.0092607711866383,-0.002104639725868,-0.0046624650100461,0.0309928839542432,0.0229527701252805,0.0076115769887594,0.0114643505810698,0.0079779821627647,0.0109610695293993,0.0068912292736924,-0.0189452124935995,-0.0044673829176096,-0.0285629277000892,0.0151354772531346,0.0028509274101213,0.0037369207772794,-0.011378002528445,0.0084506130519601,-0.0194215234951793,-0.0206775478609323,-0.0129600980764178,-0.0290411800860479,0.0271194873466176,-0.005373256084973,0.0023627577012808,0.0035906642728904,0.0186310118375037,-0.0121619785296915,-0.0134180790960451,0.0089956797064567,-0.050207039337474,-0.0221053131982188,-0.0528575928904218,-0.0140191443786323,0.0037439426156948,-0.0264748201438849,0.0137941203682288,0.0182481751824816,-0.0071123755334281,0.00158550396376,0.0279518661046975,0.0086905800582313,-0.0373792970258788,-0.0058823529411764
2026-04-16,-0.0252628911693906,-0.0089361094557011,-0.0022649009683607,-0.0107137467934207,-0.0215763980625276,-0.0030234973320577,-0.0049157390324537,0.0072261735419631,0.0023990954230372,-0.0011412268188302,-0.0143473752742879,0.0001554484688326,-0.0098814229249012,-0.017430123119793,0.0129729729729728,-0.0087993421052631,-0.0152112159809401,-0.0038939758635799,-0.0017796492582783,-0.0273224043715847,-0.004508506467778,-0.003012048192771,-0.0248756218905471,0.0010585439619787,-0.0126811594202899,-0.0069589422407794,-0.0215635616494089,-0.0057265209998836,-0.0320587549545348,-0.0047671433810047,-0.0077386070507308,-0.0019845644983462,-0.0215604830979614,0.0023460410557183,-0.0123884805621041,-0.0157703965915594,-0.0187458483941374,-0.0138907839607038,-0.0193777519315443,-0.0135334684572162,-0.0126642949241559,0.0023524176545812,-0.0012758088176861,0.0083692698373374,-0.0109603340292275,-0.0352546567669662,-0.0110260336906584,-0.0149098101606002,-0.0170626448526641,-0.011169024571854,-0.026854219948849,-0.0057800769704342,0.0419429828964437,0.0360425077567703,0.0014490610675736,0.0167748061402122,-0.0016728624535315,-0.0336648910127922,-0.0218203193188497,-0.0232558139534883,-0.022333517236539,-0.0072579826345559,-0.012646146504414,-0.0151915068332453,-0.0136239782016348,-0.0177599170339642,-0.010357403355215,-0.006270765769439,-0.0278691393775187,-0.0357670706473544,-0.0144562988566718,-0.0101010101010101,0.0014326647564468,-0.0113071008593396,-0.0178357082585599,-0.0201008810080326,-0.0312251100923872,-0.0118343195266272
2026-04-17,-0.0064859103670583,0.0159287434582848,0.0340969632392114,-0.0315741305674192,-0.0045004500450044,-0.0176982522398628,0.004940022895824,0.0099367303129589,0.0196666960931446,-0.0025706940874035,0.0072903415206966,-0.0115013988187753,0.0175648702594808,-0.0628014430682563,-0.0554962646744929,0.0088774578943,0.009273905896219,-0.0222188400418649,-0.0083339376797931,-0.0168539325842695,-0.0008714192034843,0.0256797583081571,0.086734693877551,0.0021202442866701,0.0172477064220182,0.0448493342676945,0.0270495041270764,-0.0178069278668064,0.0183066361556063,-0.0081061164333087,-0.0060658578856153,-0.0015466195315951,0.0382389822095665,-0.0257460503218257,0.0004633746782121,0.0149570348674432,0.0182336082147944,0.0187808162314848,0.0055473190017296,-0.0098918816692469,0.0,-0.0006400627563213,-0.0038301651852823,0.0422284327876909,-0.008970976253298,0.0252486042382551,0.0284917931248065,0.0043213042481913,0.0190952964475081,0.0587349397590362,0.0105124835742445,0.011043351685116,-0.0531123248024394,-0.0485801717197688,0.021866879281833,-0.0403112840466927,0.0115472355278722,-0.0047330769763735,-0.0024097701916889,0.0238095238095237,0.0070907985124477,0.0044506322933128,-0.0128081198646688,0.0046456223942823,-0.019889502762431,0.0262966873432757,-0.0470931603773584,0.0084144832636159,0.0160280391313294,0.0067443286327408,0.0192693894795326,-0.020408163265306,0.0314735336194562,0.0264181152790485,-0.0113138255553304,-0.0063500958341289,0.0051648335718323,0.0017108639863132
2026-04-20,-0.0013017256040922,-0.0088753109749895,0.004390385950765,0.00693022523232,-0.0113019891500903,-0.0092619195628668,-0.0049157390324537,-0.0131167530862126,-0.0108172845681744,0.0103092783505154,-0.004833147131685,0.0083333333333333,-0.0121616320125539,0.0434809458868332,0.0146892655367232,0.0065938995215311,0.0091579594345421,0.0074523274930113,0.0144068158133696,0.0095238095238094,0.0118577768730356,0.0044182621502208,0.0,0.0058142977889517,0.0018037518037519,-0.0006706908115358,-0.0234118790234421,-0.0023980167023081,0.0028385570668245,0.013744427934621,0.0020924149956407,-0.0028767426421774,0.009989243321109,0.0018018018018017,-0.0046409573845959,-0.0052623203013102,0.0017052322569504,-0.0105340568044043,0.004998920528046,-0.001900371333206,-0.004731397471574,-0.0106767014577762,-0.0091880175815823,0.0202660891089108,-0.0010649627263045,-0.0181474579730949,0.0039144835892803,0.0064540663877872,-0.0090838115536507,0.026315789473684,-0.0026007802340702,-0.0103480004992583,0.0183034494041502,0.0173089404420934,0.0128451501972288,-0.0004865390853063,0.0202540023686064,0.0095068201100789,-0.004831182422771,-0.0017889087656529,0.0164240839043978,0.0003153206416774,0.0318237454100367,0.0436329143941189,0.0062006764374296,0.004806301237743,0.0061009943507017,-0.0027125660666331,0.0188842070865253,-0.0033495736906213,-0.0160831040816733,0.0036962365591397,0.0083217753120665,-0.0113649025069637,0.0045161231102504,0.0078654489194991,-0.0034942055112027,0.0068317677198974
2026-04-22,-0.0202521696413952,-0.0191039613815068,-0.0678204241843039,-0.0132957922727984,-0.0201188843164152,-0.009353777365335,-0.0362434257461883,-0.0265765101964474,-0.0294808396423206,-0.016439909297052,-0.0217937766931054,-0.0327459847185404,-0.0238284352660842,0.0060957566431911,-0.0445434298440979,-0.0225783930719983,-0.0696753760886776,-0.0326598599717233,-0.0112464179077576,-0.0245283018867924,-0.00361953124729,-0.0263929618768329,-0.004694835680751,-0.0157684299546644,-0.0244868563197695,-0.0315436241610738,-0.0459562824539038,-0.0184389244502739,-0.0601486024295319,-0.009527299377061,-0.0267965895249695,-0.0290723479804705,-0.0253427089107431,-0.0107913669064747,0.0130618499038808,0.0105803176228416,-0.0208589221453658,-0.0169669699830599,-0.050943900407111,-0.0116769380473564,-0.0223886236389241,-0.0293546425325162,-0.0288981950339466,0.0063829019098162,-0.0031982942430704,-0.0349873584108482,-0.0119976004799041,-0.0427727817422189,-0.0332579953186914,-0.0048510048510048,-0.0104302477183833,-0.0220738768016049,0.0185544024091335,0.0138245034915092,-0.030985192159548,0.0173616745091675,-0.0250855105027125,-0.0278251874838376,-0.0145761364678547,-0.021505376344086,-0.0284720247162733,-0.030750489249642,0.0071174377224201,-0.0179504658032264,-0.0095238095238096,-0.0069056722498627,-0.0115252861333708,-0.0094130988323071,-0.0139559886075407,-0.0054995417048578,-0.0303980748366843,-0.0204218279209908,-0.0027510316368637,-0.017017919531162,-0.0044958194361951,-0.0380398720450021,-0.0222771714298118,-0.0542832909245122
2026-04-23,-0.0173281723190469,-0.0208205173736848,-0.0187808029092301,0.0031705770450223,0.0233317778814745,-0.0020970609212165,-0.017094605644835,-0.0210486477044454,-0.0215585482675002,-0.0123919308357348,-0.012374632004391,-0.0172497178784458,-0.0211554109031733,-0.0112745098039214,-0.05011655011655,-0.0059573562711813,-0.0390834697217676,0.0098874290277761,0.0059848949757261,-0.0154738878143133,-0.021964919487491,-0.0376506024096385,-0.0424528301886794,-0.011208213918633,-0.0014765596160944,-0.0388080388080388,-0.032460971873676,0.0057151061021871,-0.0116702221106788,-0.0033296337402886,-0.007688181655641,0.0038857142857142,-0.0266342897309731,-0.0109090909090908,-0.0018419196793111,-0.0031450855399942,-0.0147802548471577,-0.0284269318530122,-0.0180731760280603,-0.014768624876928,-0.0173499360532936,-0.0244598048066255,-0.018876221973421,-0.0394679255841985,-0.0315508021390373,-0.0191460380557911,-0.0336976320582877,-0.0335299491355295,-0.0196311719214752,-0.038300835654596,-0.0171277997364953,-0.0243536680463078,0.0071826892188489,0.0090011726653007,-0.018902923769985,0.0003189792663476,-0.0485012065488217,-0.0290604883758046,-0.0190977284995439,0.0,-0.0219798287650632,-0.0083033237008907,0.0094228504122497,-0.0045696436834798,-0.0084841628959275,-0.0235405300914988,-0.0085860942603827,-0.0139380549665013,-0.0123828939230821,-0.0261136712749615,-0.03519594801701,-0.0109364319890635,-0.0055172413793103,-0.0143315753267598,0.0012055233776684,0.0124212411975455,0.0185661360445248,-0.0358744394618834
2026-04-24,-0.0162867114313121,-0.0087792587986891,-0.0119718138151317,-0.0064791403286978,0.0100319197446419,-0.0026241679467485,-0.013043935161265,-0.0058109795991196,-0.0025039299923704,0.000583600817041,0.0025008841509623,-0.0013123359580051,-0.0045719035743972,-0.0575111551809618,0.0527607361963189,-0.0217401275053891,0.0067788527047281,-0.0151463285698191,-0.0130884360315522,0.0039292730844795,0.0136165926305598,0.0062597809076683,-0.0147783251231525,-0.0086403185533106,-0.0166358595194084,-0.012256669069935,0.0021670540416118,-0.0073078063403866,-0.0052056881665821,0.0144766146993318,-0.0037837837837837,0.0043260473588342,0.0104252832814695,-0.0067401960784313,0.0041508048285063,-0.0031444210348003,-0.0052984984609336,-0.002089153577325,-0.0080981144381078,-0.0176548967355096,0.0042406516158097,0.0102575907552773,0.0042993047932673,-0.0146700727528048,-0.0093870789618993,-0.0041873613955036,0.0009425070688029,0.0092538567460964,0.0,-0.0188269370021723,-0.0214477211796246,-0.0036520135259759,-0.0096696874492688,-0.0127693450575461,-0.0088832868161219,-0.0014349489795917,0.0093389830841432,0.0213141925674287,-0.0062811130157565,-0.0256410256410255,-0.0020255531318168,-0.0060259896424031,0.0177362893815635,0.0012784008367716,-0.009127210496292,-0.0136982534864281,0.0297028460259187,-0.022488877655279,-0.0123154994387286,-0.0129337539432177,-0.0168627354213062,0.0048375950241879,0.0554785020804438,-0.0011631964638826,0.0015035617911944,0.0060098537195503,-0.0099422027719416,-0.0232558139534884
2026-04-27,0.0027593933484095,-0.0107584494503161,-0.0079463007748877,-0.0066804517257832,-0.0112866817155756,-0.0137008278251941,-0.0083716720718001,-0.0081841187415123,-0.0095377918317899,-0.0099154272382617,-0.0174877157616228,-0.00607752956636,-0.0041753653444676,-0.0010520778537613,-0.0163170163170164,-0.0191601419038242,-0.0168499407883606,-0.0097520090282527,-0.017478687140068,-0.0215264187866928,-0.0228535710460565,-0.004665629860031,-0.01,-0.0070845654115648,-0.0578947368421053,-0.0445255474452553,-0.0237636408452281,-0.0128178182884134,-0.0005105296745372,-0.0043907793633368,-0.0179055887140532,-0.0163228292904102,-0.0560912221428108,-0.013571869216533,-0.0050548066953044,-0.0042164068142231,0.0075454410714526,-0.0090731224116309,-0.021341117787099,-0.0094947439810104,-0.0084383678701132,-0.011958091991633,-0.0085640768740321,-0.0335066785936292,-0.003901895206243,-0.0217078862737285,-0.0731324544883866,-0.0137246060101519,-0.0242718446601942,-0.0494464944649446,-0.054794520547945,-0.0073338845831072,0.0034462675399011,0.0044523693504499,0.0037850113550339,0.0274628772153917,-0.0065530952524606,-0.0039968347214955,-0.0139083386378103,-0.0075187969924812,-0.0196782940958953,-0.0003368067966237,-0.0472368722770006,-0.0142185595728628,-0.0074841681059298,-0.0311111358909883,-0.0384634137422446,-0.0074503565214723,-0.0113348706364153,-0.0866091403004154,-0.0230753061282114,0.0024071526822557,0.0696452036793693,-0.0043088389425877,-0.0102100910852418,-0.0116977241368855,0.0081590287170132,-0.0342857142857142
2026-04-28,0.0027518000496566,-0.0089533409072894,0.0099502487562188,-0.0059247397918335,-0.0182648401826482,-0.0101499723478317,0.00133323788901,-0.0058931748951955,-0.0081110777108619,0.0026509572901325,0.0076427893616475,-0.0054536440257808,-0.0058700209643606,0.0026329647182727,0.0035545023696683,-0.0007807396312995,-0.0054031730736138,-0.0236748567112453,-0.0104271129853061,0.036,-0.0142833270143372,0.0031249999999998,-0.005050505050505,-0.0038385463810385,-0.0343176376695929,-0.0061115355233002,-0.0143803151504023,-0.0292824907345413,0.0045971140339675,-0.0047776552737964,-0.0104972375690607,-0.0172850887301221,-0.0184406340989969,-0.0043777360850532,0.04155113054806,0.0454996320353247,-0.0308249862925766,-0.0126797209539745,0.0066375141177492,-0.0013693940431358,-0.004258680742576,0.0020548039979888,0.0025011541138129,-0.0123299919996234,-0.0027979854504757,0.0028655170658267,0.0304774805282763,0.0011723329425556,-0.005597014925373,0.0046583850931676,0.0072463768115942,-0.0076926663247703,0.0072493989264279,0.0031661668773868,-0.0271493212669682,0.0007770007770009,-0.0081498953835543,-0.0169402512759053,-0.0006390601297485,-0.0037878787878788,-0.0209031414435426,-0.0084264448035205,-0.0110709987966304,-0.0168373955021783,-0.0226218097447794,-0.0194962509422995,0.0031248613461625,0.0033115945548554,-0.0107784061354735,-0.0034989503149054,0.0083016468411991,0.0102915951972555,0.0036855036855036,-0.0129824561403508,0.0,-0.0123833705371411,-0.0186756685926794,-0.0216962524654833
2026-04-29,-0.0171463943051686,-0.0280724204464793,-0.0394088669950738,-0.025451030927835,-0.0162790697674419,-0.0350784938815306,-0.0368207529466431,-0.0207453521673705,-0.0235080807394675,-0.0085193889541715,-0.0328081651352796,-0.0267530741110003,-0.0463939266132433,-0.0073529411764706,0.0554899645808735,-0.0297072330654419,-0.0519031141868512,-0.0182350625621469,-0.0223202764541856,-0.0444015444015443,-0.0255389427862056,-0.0404984423676012,-0.0203045685279188,-0.0231256345106486,-0.0330578512396694,-0.0192159877017679,-0.0235677689799719,-0.0139415557056199,-0.0302529553832464,-0.0192023633677991,-0.032570258700912,-0.022045028142589,-0.0313188123255585,0.0069095477386935,-0.0044311232808179,-0.009109920938536,0.0327114839754205,-0.0178402811935647,-0.0124318425478948,-0.015083990401097,-0.0270605544817239,-0.027120266783887,-0.0278908011216804,-0.005455758326583,-0.0117845117845117,-0.0421129732904975,-0.0272757147551757,-0.0538641686182669,-0.0281425891181988,-0.0548686244204017,-0.0244604316546762,-0.0210925264674559,0.0316280951208853,0.0303035490373133,-0.0077519379844961,0.0307453416149066,-0.0316902243045295,-0.0272134935093991,-0.0007492765605622,-0.0133079847908743,-0.0445994015743985,-0.0265135098589204,-0.0167924069116575,-0.0122754491017963,0.0077151335311571,-0.0210518284631051,0.0062302540123846,-0.0138605887504565,-0.0132128339523972,-0.0396769662921348,-0.0123483528628621,-0.0112054329371815,-0.0208078335373317,-0.0586562388908639,-0.0163856595420648,-0.0223536295521507,-0.0674576680719023,-0.0262096774193548
2026-04-30,0.0125610558284698,0.0175960117535323,0.0179487179487181,0.0256198347107436,0.0222222222222223,0.0083901951657034,0.0230316412537747,0.0121073926971477,0.0109908926488373,0.0038518518518519,0.0,0.0131466621137101,0.0145953118089341,0.0121693121693122,0.0234899328859061,0.0104767539318639,0.0145985401459851,0.1340328042107312,0.0236732486495883,0.018181818181818,0.0044597092209726,0.0113636363636364,0.0,0.0197285317287156,0.0038461538461538,0.0070532915360501,0.0103510780385422,0.0190466713688257,0.009830908375934,0.019578313253012,0.0161600615621393,0.0148681055155874,0.0021573567312425,0.0031191515907671,0.0066762682890715,0.0143001276613268,-0.0087962303142593,-0.0010893485111017,0.02040895593693,0.0271493212669684,0.0190289103039289,0.0201454846531432,0.0074638121768313,-0.0103245897712301,-0.0073821692220328,0.0134081342176191,0.0199324324324323,0.0185643564356436,0.0296010296010296,-0.0073589533932951,0.0206489675516223,0.0050683783109244,0.0047737331851214,0.0024506749740396,0.0124999999999999,0.0004519433564327,0.0058584506927332,0.0228445099484155,0.0168067226890755,0.0231213872832367,0.015708307570992,0.0139650677417975,0.0034653465346534,0.0048499545316762,0.0011778563015312,0.0316602918430235,0.0012370797382665,-0.021767022570316,0.0206162740336655,0.0274223034734917,0.0211550120609367,0.0281593406593405,0.0362499999999998,0.02190332326284,0.027145874992948,0.0315376629979979,0.0172348743124688,0.0207039337474119
2026-05-04,-0.0048238733353144,-0.0137033380617205,-0.0176322418136021,-0.0025785656728444,0.0106382978723404,-0.0088720754801954,-0.0135078761936717,-0.0209314142632374,-0.0212188254223651,-0.0008854781582054,0.0473684210526317,-0.0207280080889787,-0.0178727114210984,-0.0203868269733403,0.0382513661202186,-0.0194676880290795,-0.0179856115107912,-0.0169630083793174,-0.0018867924528302,0.0119047619047618,0.007218576100479,-0.0240770465489567,0.2331606217616579,-0.0135135135135135,-0.0498084291187739,-0.0070038910505836,-0.0307232897408055,-0.0045319433076291,0.0254413291796469,0.0055391432791729,-0.006436955698599,-0.0063799621928166,-0.0222206169182981,0.0130597014925373,0.0017694224195181,-0.0080591955014666,0.0110939866009445,-0.0054526824269925,-0.0308375996802618,-0.0064384954252796,-0.0229873351422523,-0.0259993831755329,-0.0178768179170536,-0.0573655419470398,-0.0114416475972539,-0.0058794964700608,-0.0394170255051341,-0.0279465370595383,-0.0224999999999999,-0.0469522240527182,-0.0346820809248554,-0.0157619942058514,-0.0080386858304126,0.005297505593768,-0.0200617283950618,0.0564673994880289,-0.0078320192089296,-0.020053598634336,0.032422123331214,-0.0131826741996232,-0.0202580502867225,-0.0165265742396195,0.0192402565367537,-0.0093514328808445,0.0194117647058822,-0.0156378026882377,0.0402024547957577,-0.0287408759124089,-0.0239880417394786,-0.0056939501779359,0.0213420411050617,-0.0003340013360053,-0.0072376357056693,-0.0310421286031042,-0.0144149642219612,-0.0050960025261796,-0.0111470340488379,0.0050709939148074
2026-05-05,0.1530496739560691,0.0036382642917169,0.0205128205128204,0.0027468088544191,0.0402745995423341,0.0078325570828126,0.0004550489752204,0.0108363972887122,0.0158224596732765,0.0177252584933531,0.0201005025125626,-0.0029254861469626,-0.0084332001775411,-0.0138740661686231,-0.0199999999999999,-0.0098524618714701,0.0,0.027234927234927,0.0018903591682419,0.0372549019607844,0.0022040441992219,0.03125,0.0252100840336135,-0.0074200913242008,0.0206093189964158,0.0133228840125392,0.01995835413597,-0.0179362235551056,-0.0034177215189873,0.003305178112376,0.0106707317073171,0.0209274673008323,0.0080603454644858,0.0055248618784531,0.0485664964140164,0.0416261626776632,0.0184381971540561,0.0076756080509254,0.0341478358374556,-0.0017053206002728,0.004415257581511,-0.0035378509579099,0.0014148280650441,0.0304283073130648,0.0069444444444441,0.0391980040280157,0.0251724137931035,0.0,-0.0025575447570332,0.0432152117545376,0.0074850299401199,0.005123577188437,-0.013815666167484,-0.0137808946968183,-0.011023622047244,-0.0094070695553021,-0.0044538285756333,0.0311642456426248,0.0030788177339902,0.0057251908396944,0.0204540594081694,0.0073538865951396,0.0283155856727976,0.013702801461632,0.0023081361800347,0.0405922357608388,-0.0089175354078612,-0.0042273367778299,-0.0026526818711422,0.0279169649248387,0.0119878791626728,-0.0086869361844302,0.0510328068043741,-0.0034324942791761,-0.0003034140270163,0.0174125758639198,-0.0184850443089741,0.0151362260343088
2026-05-06,0.0180139486141726,0.028673835125448,0.0427135678391961,-0.0041894940380278,-0.016717993840739,0.0194320301624784,0.0068410074520579,0.0066560680947931,0.0041681527577415,0.011030478955007,-0.0221674876847288,0.0186399723852261,0.0241718889883617,-0.0183982683982684,0.0150375939849622,-0.0074628740859864,0.0293040293040294,0.0066788099574985,-0.0094339622641509,0.0018903591682419,0.0128317245247373,0.0685805422647529,0.0122950819672131,0.0120759056929269,0.0184372256365232,0.0479505027068833,0.0828557784145178,-0.0064629847238542,0.0659215038739997,0.0098828696925328,0.0190422322775263,0.0174703004891683,0.0400014657920773,0.0274725274725273,0.0256831296673456,0.0253450562404833,0.0116375981254173,0.031567685206824,0.0028141947832955,0.0423641954219338,-0.0073239436619718,-0.0078104280802689,-0.0160144422535815,0.0401953699319694,-0.014942528735632,0.0455511845188163,0.0359905819038008,0.0037499999999999,0.0217948717948717,0.0024855012427504,0.0460624071322435,0.0321873702706094,-0.0377279672434687,-0.0285654581548426,0.0159235668789807,-0.0425899280575539,0.008744248690621,-0.0184967370720386,0.0245549416820136,0.0170777988614803,0.0381269840569511,0.0194612954578492,0.0254177453518473,-0.0126164013217182,0.0103626943005181,0.0276964622052782,0.0137917188849818,0.0143867924528302,0.0200533416929742,0.0985376044568246,0.0051606082734723,0.0040444893832152,0.0104046242774566,0.0362291108559764,0.0006070122300576,-0.0135917257611266,0.0321552142875229,0.014910536779324
2026-05-07,-0.031858438492803,-0.0294760945167449,-0.0674698795180723,-0.059546925566343,-0.0013422818791947,-0.0315887819467403,-0.0172167540509338,-0.0324519304627825,-0.0389162195975318,-0.0152167671547517,0.0377833753148615,-0.0308370044052863,-0.0074300699300698,-0.0336273428886438,-0.0423280423280422,-0.0250632911392404,-0.0106761565836299,-0.0303578608765582,-0.0292063492063492,-0.0094339622641509,-0.0271489750824724,-0.0179104477611939,0.0121457489878542,-0.0045454545454546,-0.0142241379310343,-0.0287822878228782,-0.0201984564498347,0.0014784151389708,-0.0071496663489037,-0.0221094599492569,-0.0342275670675299,-0.0338827838827837,-0.0174837741273969,-0.0344622697563873,-0.0242168011814688,-0.0199664670658682,-0.0089459018797608,-0.0203999277878662,-0.0089793939761181,-0.0226155358898721,-0.0191767728060219,-0.0271940935382422,-0.0236959149141889,-0.0449507290818201,-0.0070011668611436,0.0170213648907548,-0.0506493506493507,-0.0112079701120795,-0.0169385194479296,-0.0330578512396694,-0.0170454545454545,-0.0302545635941324,-0.0188292209798468,-0.0222143348821201,-0.0015673981191222,-0.032161106101593,0.0139073764252364,-0.0349237488895468,-0.0239664469742362,-0.0149253731343284,-0.0272831205480847,-0.0310256802626452,-0.02478769795731,-0.0368116823851535,-0.007977207977208,0.1166105437482749,-0.0266261004194645,0.0067426179958149,-0.0326843521833185,-0.0421553090332805,0.0945631292252322,-0.0144343739509902,0.0080091533180779,-0.014280438261726,-0.0152280021913466,-0.0275580124702705,-0.0140199526720655,-0.0048971596474045
2026-05-08,-0.0054814108674928,0.0019808866598705,-0.0077519379844961,0.0108396421197523,-0.0860215053763441,0.0084373733394986,0.0050702498908874,0.0031057084063714,0.0037783722661959,0.0064139941690963,-0.0048543689320389,0.0253496503496502,0.0132100396301189,0.0005704506560182,-0.0066298342541436,0.0085692028044661,0.014388489208633,0.0147211279286751,0.011772400261609,-0.020952380952381,0.0128373406332913,0.0151975683890577,-0.1159999999999999,0.0108447488584475,-0.0236117184083953,0.0037993920972645,-0.0325313948777962,0.012400354295837,-0.1144983197311568,0.0107487027427723,0.0101532567049806,0.00260663507109,-0.0448422774024185,0.0203076923076921,0.0046252527779071,0.0126110801536791,0.0042957121220033,0.010052829752329,0.0056634489716369,0.0184439973172367,0.015044463393836,0.014956148927796,0.011522739708391,-0.0644079700995845,0.009988249118684,-0.0394915807513397,0.0112859097127222,-0.0994962216624685,0.0127632418634333,0.0034188034188034,-0.033236994219653,0.012416369546137,-0.008703416195489,-0.011899602466599,0.0109890109890109,-0.0175465838509316,0.0236593028274332,-0.0014287084092435,0.0392879066912217,0.0321969696969697,0.0761603075948398,0.0045762073111641,-0.0037655919039775,-0.0167403663929248,-0.0045950603101666,-0.0039401999268319,0.0212756775418607,0.0092378752886836,0.0029363144909477,-0.00066181336863,-0.0281544635294442,0.0272479564032697,0.0204313280363224,0.017734482327963,0.0454664030750953,0.0065598997374454,0.0273075835548266,0.078740157480315
2026-05-11,-0.0042888655397642,-0.018122796749738,-0.0546875,-0.0280851063829786,-0.0166666666666666,-0.0189639458593496,-0.0119233505492778,-0.022913619642778,-0.0268985602813496,-0.0063731170336038,0.048780487804878,-0.0288150042625745,0.019122120817036,0.0017103762827823,0.0233592880978863,0.0025489186405767,-0.0638297872340424,-0.0304454434000815,-0.0258564964447317,-0.0330739299610894,-0.0264510845351372,0.0,-0.0180995475113122,-0.0169395821569735,-0.0214957456336765,-0.0272520817562453,-0.0392430533747396,-0.0186643336249635,0.0079967470859312,-0.0187018701870186,-0.0176370187748909,-0.0186717088158827,-0.0394908763234962,-0.0144752714113388,-0.0075368190066252,-0.0038327492493797,0.0051397393727437,-0.0238158271322267,-0.0076968384252925,-0.0095488969377676,-0.0185193519351934,-0.0224670323372103,-0.0225406375213866,-0.0035301267270808,-0.0110529377545085,-0.043904925763079,-0.0192762935407507,-0.0307692307692308,-0.0264650283553875,-0.1013628620102213,-0.0403587443946189,-0.0248457461504019,0.0139689177506585,0.0166427693568209,-0.0419254658385094,0.0056899004267425,-0.0126249899498178,-0.0181196646853784,-0.0443000590667453,-0.036697247706422,-0.057337796661436,-0.0252206223873664,-0.0132293881407983,-0.0228075811114679,0.003462204270052,-0.0405505343041637,0.0041713199118649,-0.0130434782608696,0.0107432146489832,-0.0298013245033111,-0.048564496909532,-0.0149204244031829,0.0088987764182424,0.0240520309240399,-0.0183414252859741,-0.0610000840583365,-0.0298757891167399,-0.0255474452554745
2026-05-12,-0.0073866546538391,-0.0134219117127232,-0.0082644628099173,0.0043782837127845,-0.032901296111665,-0.0164857675374061,-0.0102157701568599,-0.0088710618058346,-0.0071829912189063,-0.0026239067055392,-0.011627906976744,0.0007022471910111,-0.0055437100213219,0.0045532157085941,0.2902173913043477,-0.0279668198977887,0.0037878787878786,-0.0181243414120125,-0.0046449900464499,-0.0321931589537223,0.0,-0.0194610778443113,0.0,-0.0074669730040206,0.0169336384439358,0.0350194552529183,-0.0233284505405373,-0.0145616641901932,-0.0231276052171574,-0.015321375186846,-0.0252895752895752,-0.0149325626204239,0.0279256670653813,-0.0055079559363524,-0.0033760800054425,-0.0028783532330594,-0.01107628364599,-0.0145677501163588,0.0049189210923872,-0.0113031914893616,-0.0166066747674835,-0.007661965365222,-0.0114062633031335,-0.013291599027794,-0.0105882352941176,-0.0021846026244853,-0.0055172413793103,0.0331890331890332,-0.0194174757281552,-0.0123222748815167,-0.0171339563862928,-0.0109613487083127,-0.0116112607021481,-0.0161535109139129,-0.0113452188006483,0.0157158573000155,-0.0153425103723313,-0.0068016899094413,-0.0265760197775031,-0.020952380952381,-0.0199908691925695,-0.0064655409392627,-0.0057457505386641,-0.0285996055226824,0.0034502587694076,0.0175213520462269,0.0337850023445109,-0.0104335729190818,-0.0262236478049019,0.0105802047781569,-0.013731709075182,0.0124537192864353,-0.0110253583241455,-0.0023966446974236,0.0156706499170071,0.008605014183167,-0.0174361465253676,-0.0402621722846441
2026-05-13,-0.0136398677044736,-0.0323129072483622,-0.0527777777777778,-0.0420226678291194,-0.0463917525773195,-0.0381474267207997,-0.0262635805384978,-0.0153445829764697,-0.0172626597578108,-0.0052616194095294,-0.0470588235294118,-0.0363157894736841,-0.0030017152658662,0.0152974504249292,0.0286436394271274,-0.0191809775429326,-0.0415094339622641,-0.0240394934535308,-0.0293333333333333,-0.0436590436590436,-0.0318866724267252,-0.0274809160305342,-0.0184331797235023,0.0057870370370369,-0.0189018901890187,-0.0157894736842105,-0.0579602360057515,-0.0093486127864895,-0.0002752924982795,-0.0208728652751423,-0.0285204991087344,-0.0403422982885085,-0.0166029068396675,-0.0215384615384615,-0.0055036477665429,-0.0163966293117693,-0.0279899550068014,-0.040280711671774,-0.0348278897488367,-0.0312710154673839,-0.0138096644337027,-0.0044853421833359,-0.0060184352574932,-0.0305134661006934,-0.0005945303210465,-0.0401733696499209,-0.0499306518723995,-0.0279329608938547,-0.0316831683168317,-0.053742802303263,-0.028526148969889,-0.0443444962843211,-0.0246909617599029,-0.02430087947948,-0.0295081967213114,0.0126876063747487,-0.0345578061148337,-0.0469433873087924,-0.0292063492063492,-0.0447470817120622,-0.0640196537304512,-0.0227877240682192,-0.0325066217192391,-0.015228426395939,0.0097421203438397,-0.0496456424700294,0.0057336915436772,0.0074976569821931,-0.02791048529042,-0.0175616345829111,-0.0414641573786466,-0.0272606382978722,0.0211817168338905,0.0126126126126124,-0.0246282990251801,-0.0209185060270371,-0.0018433946181194,-0.0370731707317073
2026-05-14,-0.0087987999344502,0.0147630006606507,0.002932551319648,0.0074626865671643,0.0189189189189189,0.0174268948774565,0.0,0.0090899432957518,0.0107652594659042,0.0132236262121656,0.0098765432098766,0.0083742945567084,-0.0172043010752687,0.0150669642857141,-0.0049140049140049,0.0026667384980065,0.0275590551181101,-0.0057180558610072,0.0254120879120878,0.0108695652173913,0.0183200836368699,0.0470957613814755,-0.1126760563380281,0.0092059838895282,0.003669724770642,0.0282658517952636,0.0052631578947368,-0.0106544901065449,-0.0013768415255402,0.0058139534883721,0.000611620795107,-0.0114649681528663,0.0253286929621037,0.0037735849056603,0.0115830115830115,0.0148221343873518,0.0354432423704182,0.0211774917944485,0.0234069476605882,0.0027768136063868,0.0249013010141765,0.0210174867914616,0.0194286092897497,-0.0064879054940933,0.0029744199881023,0.0441358406532228,0.0251824817518249,-0.007183908045977,0.0061349693251533,0.0,0.0489396411092986,0.0197901772640356,0.0081658007215523,0.0096480701578276,0.0320945945945947,0.0281130634071811,0.0076549425983767,0.0076969966215867,-0.001308044473512,0.0081466395112015,0.0187794198781532,0.0044433538449921,0.0049776007964161,0.0144329896907215,-0.0158910329171396,0.0026694627371888,0.0490309450020813,-0.0088372093023256,-0.0012933264355923,0.0250945342041939,-0.0022111804399487,0.0099111414900887,0.0796943231441047,-0.0169632265717674,0.0158215423994461,0.0005609065155809,0.0094654234330557,-0.0131712259371833
2026-05-15,-0.0050743345499866,-0.0045036182763197,-0.0321637426900583,-0.0122854561878952,0.0106100795755967,-0.0135852133406075,-0.0028912389638109,-0.0115808521138345,-0.0084059597567539,-0.0104408352668213,0.0757946210268949,-0.0160678822892218,0.0061269146608313,0.0274876305662452,0.0049382716049382,-0.0008865486392821,-0.0268199233716474,-0.015262110152621,-0.0053583389149364,-0.0516129032258064,-0.0105265590960835,-0.0374812593703148,-0.0423280423280422,-0.0085518814139109,-0.0018281535648994,-0.0356612184249628,-0.0078534031413611,0.0021538461538461,-0.0176478698469598,-0.0342967244701348,-0.0126324368378157,-0.0054123711340204,-0.0428059588911937,-0.0225563909774436,-0.010178117048346,-0.0107108081791625,-0.0145462421485814,-0.0045233415046941,0.0019058053763771,-0.0121149186569747,-0.0159463636293738,-0.013478349056837,-0.017325983976402,-0.0046617846897176,-0.0255041518386713,-0.0123892887822507,-0.024563901744393,-0.0173661360347322,-0.0033875338753386,-0.0192697768762677,-0.0326594090202176,-0.0140545763524996,0.0216691421296599,0.0104438996282949,-0.0098199672667758,0.0224401842770098,-0.0160167029850158,-0.0025477772309712,-0.0196463654223968,-0.0161616161616161,-0.0218461368287152,-0.0081069805725626,-0.0673600792471521,-0.0165989159891598,-0.0086505190311417,-0.0053193759737071,-0.0081518144539001,-0.0215861098076018,-0.0082880082880082,-0.0234741784037558,-0.0145573570054892,-0.0142131979695432,-0.077856420626896,0.0076022686134908,-0.0080888372220414,-0.0019649035385251,-0.0134941504714699,-0.0184804928131416
2026-05-18,0.0076503221188259,-0.0034783358606365,-0.0181268882175227,-0.0065849643314431,0.0152230971128608,0.0011973281955595,-0.0135299497917721,-0.0013047964584096,-0.0016977536524801,0.0,-0.0113636363636365,-0.0058715596330275,-0.0143540669856458,0.0256821829855538,0.0163800163800162,0.0204087120193601,-0.0157480314960629,0.0044923629829289,0.0,0.0,0.0348161760411758,-0.042056074766355,0.0,0.0132259919493962,-0.0045787545787546,-0.0261941448382125,-0.007915567282322,-0.0073687442431685,-0.0105263157894737,-0.0027932960893854,-0.0039207593891869,0.0005182689816014,0.0118203309692672,0.0012820512820512,-0.003427592116538,-0.0009842519685039,-0.0099871643838025,-0.0037891205733237,0.0055159374975934,-0.0070077084793271,-0.0092587528420855,-0.0042223609617153,-0.0020172778704873,-0.0131027551813716,-0.0079123554473523,0.0162338879599288,0.0,-0.0265095729013253,0.0020394289598912,-0.0124095139607031,-0.0128617363344051,0.0095021399518211,0.0265613611174901,0.0213338342535507,-0.0148760330578512,0.0002906976744185,0.0162774134821233,-0.0239907490684825,-0.0046760187040748,0.02258726899384,-0.0002332353273775,-0.0025993709976885,-0.0002655337227827,0.0044781260764725,0.0052356020942407,-0.0085500801905263,0.0076742260479125,0.0064748201438848,0.0067902846696263,0.0027472527472527,0.0102747693023497,0.0051493305870238,-0.0098684210526315,-0.02,0.0042277330698927,-0.0064765222522297,-0.0183173252336144,0.0
2026-05-19,0.0,-0.0202541413354681,-0.0430769230769231,-0.0090222795065365,-0.028955532574974,-0.0496448734292477,-0.0093014997805318,-0.0136849332417893,-0.0152884148175572,-0.0061547479484174,-0.0298850574712643,-0.0204872646733111,-0.0114739629302736,-0.0213875847678665,-0.0233682514101531,-0.0165221744973517,-0.016,-0.0223613595706618,-0.0101010101010101,-0.0634920634920636,-0.0136441534059591,-0.040650406504065,-0.0165745856353591,-0.0051078320090806,-0.0156393744250229,-0.0126582278481012,0.0079787234042554,-0.0173213733374574,-0.0263829787234042,-0.0312124849939975,-0.013465920861819,-0.0204610204610203,-0.0194704049844236,-0.0192061459667093,-0.0103181427343078,-0.012807881773399,-0.0390373856673473,-0.0186311874368629,-0.0175943814394498,-0.0141143260409315,-0.0140218608539297,-0.017210338793136,-0.0212000173331871,-0.035103562233409,-0.0122699386503066,-0.0094371642760168,-0.018978102189781,-0.0181543116490167,-0.0040705563093622,-0.0607329842931937,-0.0048859934853419,-0.0211743301131696,-0.00231682313166,-0.0075363956235481,-0.0218120805369127,0.007265329845975,-0.0217661291827437,-0.0308572090549585,-0.0194630872483222,-0.0180722891566266,-0.0204800113110177,-0.0037268638118104,-0.0164674634794156,-0.0212620027434842,-0.0283564814814816,0.0010766242689503,-0.0021783008150705,-0.0219204193471527,-0.0129701686121919,-0.0061643835616438,-0.0260621218129949,-0.0310792349726776,0.0110741971207088,-0.0098985702065257,-0.0177379392095222,-0.0198360463821416,-0.0122815863794649,-0.0251046025104603
2026-05-20,0.0259353930268106,0.0321410037945006,0.090032154340836,0.0219249349684131,0.0436634717784878,0.0566393275077927,0.0232331227567117,0.0237892488814999,0.0270276620866694,0.0235918608080214,0.009478672985782,0.0212926323723383,0.0281250000000001,0.0527718550106608,0.0049504950495049,0.0194523337441723,0.0325203252032519,0.0148673376029278,0.0285714285714284,0.0460048426150121,0.0005683443632826,0.0389830508474575,0.0112359550561798,0.0233884768967485,0.0345794392523366,0.0689102564102563,0.0448548812664908,0.0185709789109222,0.0253496503496502,0.0413052457662124,0.0226795464090718,0.0193019566367,0.04527402700556,0.0313315926892949,0.0195482189400522,0.0229540918163673,0.0346859001607924,0.0321561838365169,0.0279235206985264,0.0250536864710093,0.0268588431021243,0.0271579001306654,0.0229508794408246,0.0570302076903164,0.0260869565217389,0.0777138004752362,0.0342261904761904,0.0369799691833589,0.0374659400544958,0.064659977703456,0.0540098199672667,0.0339952282531799,-0.0385142578601024,-0.0323291600022062,0.025728987993139,-0.0099538372763993,0.0331658227552982,0.0323775992002042,0.0280629705681041,0.0224948875255623,0.0565467168983386,0.0261703839568643,0.0286254388333784,0.0213735108619481,-0.0160810005955925,0.0522384833221643,-0.0152592862788013,0.0280146163215591,0.0134034165571617,0.0730530668504481,0.0476476634255746,0.0229115262601338,0.0525739320920042,0.0120957788200444,0.020506041708785,0.0234186102064242,0.018172100481026,0.0493562231759656
2026-05-21,0.011097372488408,0.0020966902247168,-0.0206489675516224,-0.0058181818181818,0.0178571428571427,0.013698547325277,0.0057943797921613,0.0051687944760572,0.0022364071061693,0.0008643042350908,-0.0539906103286383,0.0031365313653135,0.0021710811984367,0.0202531645569619,-0.0123152709359606,-0.0147445332211942,-0.0118110236220473,-0.0151002929907594,-0.0145502645502644,0.0185185185185186,-0.0314394199318374,0.034257748776509,-0.011111111111111,-0.0094760312151617,-0.0009033423667569,-0.0164917541229385,-0.0075757575757575,-0.0006180469715697,0.0061096902529127,0.0122967076556921,-0.004312114989733,-0.0106355382619973,0.0030395136778114,-0.0069620253164557,0.0012782275244993,0.0029268292682926,0.0008841851430101,-0.0048769615509567,-0.0089930546996911,-0.0080307262569832,-0.0007711361405804,0.0064228879299592,0.0113414475811275,0.0046530904432682,-0.0006053268765131,0.0102016836925118,0.0107913669064747,0.0059435364041604,-0.0151017728168089,0.0031413612565445,-0.0326086956521739,0.0006640573906568,0.0124796703452696,0.0078473214916749,0.0,-0.0091796590412355,0.0048763075458655,-0.0250886814100605,-0.0233022636484686,0.0,-0.0096703166590388,0.0050983627269551,-0.012339196639538,-0.018181818181818,-0.0012106537530266,-0.0020492855748784,-0.0237964282908103,0.0014218009478672,-0.0036307053941908,0.040141297366731,0.0052971912348722,0.0044796691936594,0.0197710718002082,0.0076829268292681,0.0020999183195777,-0.0031083392871883,-0.0025823005308192,-0.0051124744376277
2026-05-22,-0.0182946589623652,-0.0208910080774296,-0.0090361445783131,-0.0124359912216532,0.03859649122807,-0.0211467930941943,0.0057658354898784,-0.0096342656745628,-0.0156427450420887,-0.0077720207253887,-0.0620347394540944,-0.0080926981791428,0.0038994800693241,-0.0183622828784117,-0.0049875311720697,-0.012324272414437,-0.0239043824701193,-0.008924485125858,-0.0114093959731543,-0.025,0.0224861945864673,0.0615141955835962,-0.0056179775280899,-0.016319639842431,-0.0393309222423147,-0.0228658536585365,-0.0381679389312977,-0.0009276437847867,0.0214658946476484,-0.0219435736677116,-0.0119612291194062,-0.0123230204509701,-0.0219696969696968,0.0,0.0217021276595745,0.0136186770428015,-0.0057287414169264,-0.0230124172908212,-0.0122870524849615,-0.0073917634635691,-0.009237389209794,-0.0115394624335477,-0.0171977183823269,-0.0222295143446464,-0.0030284675953967,0.0148127369011616,-0.0380782918149466,-0.0206794682422452,-0.0333333333333333,-0.0135699373695199,-0.0321027287319422,-0.017589194443048,-0.0029823183970388,-0.0104555233077637,-0.008361204013378,0.0058823529411764,-0.0058631868625418,-0.0246654322253953,-0.0313565098841172,0.014,-0.0156668168817195,-0.0177574516226828,-0.0026581605528972,-0.0055904961565338,-0.026060606060606,-0.0282033730822477,-0.002265174947395,-0.0132513014671082,0.008068714211348,-0.0453843778944118,-0.0241700885800072,-0.0154373927958832,0.0561224489795917,0.0056880067771996,-0.0197538298707103,-0.0135999840100965,0.0061219962333438,-0.0164439876670092
2026-05-25,0.0186355907395068,0.0238262241104234,0.0303951367781154,0.0074074074074073,0.0082046332046332,0.0360121604250054,0.0339061305169601,0.014263736555218,0.0255443983210037,0.0043516100957354,0.0132275132275132,0.03652883367328,0.0008631851532152,0.0075834175935287,0.035923141186299,0.0044564483457123,0.0448979591836733,-0.0002308935580698,0.0095044127630685,0.0233100233100231,0.0135787974439909,-0.0014858841010402,0.0056497175141243,0.0080091533180779,0.0668235294117647,0.0577223088923557,0.0568783068783069,0.0083565459610026,0.0131342458177796,0.0104166666666665,0.0217073679816324,0.0220334483674011,0.0294345468628969,0.0146590184831103,0.0070803831736776,-0.00383877159309,0.0181737409636122,0.0301172283290784,0.0047845777755393,-0.00354609929078,0.0186470282773922,0.0158965371123964,0.0225725482160694,0.0227349001332834,0.00546780072904,0.0225656169306176,0.0406955234924157,0.0211161387631975,0.0144827586206897,0.1100529100529101,0.0398009950248754,0.026689001320292,-0.0291128534895446,-0.0242798457391968,0.0489038785834738,-0.0597953216374269,0.0014231031452018,0.0159406653013782,0.0105559465165374,0.0256410256410255,0.0357541612359209,0.0199266020513786,0.0098614072494669,0.0224877020379479,0.0093341630367143,0.0248010041149646,-0.0164799704973953,-0.0069544364508394,0.0201394268009296,0.0491591203104784,0.0130202092818914,-0.0090592334494772,-0.0318840579710144,0.0058965102286403,-0.0143498954396809,-0.0364848983089115,0.0135745651072454,0.0135841170323927
2026-05-26,0.0115809104527804,-0.0038230126191364,-0.0147492625368732,-0.016360294117647,-0.0186692197223552,-0.0185416054101734,-0.0249422031194033,-0.0038312422770392,-0.0127310758098253,0.002888503755055,0.0261096605744126,-0.0071556350626117,-0.0047434238896076,0.007024586051179,-0.0580645161290322,-0.0062113471363269,-0.0078125,0.0066974595842956,-0.0060524546065904,-0.0250569476082003,0.0049049115577795,-0.0044642857142855,-0.0337078651685394,0.0,-0.0172033524481693,-0.0117994100294985,-0.0350438047559449,-0.0101289134438304,-0.0122816593886463,-0.0063441712926248,-0.009805924412666,0.0025974025974027,-0.0173062452972158,0.0081658291457287,-0.0235732009925558,-0.0173410404624279,-0.0191538966676805,-0.0138696098252814,-0.0017138604852018,-0.0113879003558718,-0.0091528408564277,-0.0034232628853638,-0.006449706068735,-0.0009281830114382,0.0036253776435044,-0.0240126590624382,-0.0063988624244578,-0.0177252584933529,-0.0135961930659416,-0.0438512869399428,-0.0191387559808611,-0.0128331228816376,0.0041072222969407,0.0009207628508505,-0.0096463022508037,0.0068418597418753,-0.0071074546248696,-0.0254317624625441,-0.0076601671309192,-0.0038461538461539,-0.0267260528838021,-0.0115806605183619,0.0029031406703614,-0.011340206185567,-0.0055487053020961,-0.0185368929128811,-0.0092392960089991,0.0065201642115431,-0.0129081245254365,0.0064734895191123,-0.0131682699889605,-0.020042194092827,-0.0359281437125748,-0.0062208398133749,-0.012701580536205,0.009241288973544,0.0030016269419739,-0.0103092783505154
2026-05-27,0.001208904792703,-0.0045325294507515,-0.0029940119760478,-0.0175668099420668,0.0073170731707317,-0.0271544725189787,-0.0018939484292631,0.0038459771472825,0.0089671205579542,0.0040322580645162,-0.010178117048346,-0.0091891891891892,0.0090987868284229,-0.0079720976581962,-0.030821917808219,-0.003571525203604,-0.0039370078740158,0.0135352144987381,-0.0094722598105547,-0.0630841121495328,-0.0471260284430402,-0.0209267563527654,-0.0174418604651163,-0.0090805902383654,-0.0035906642728905,-0.0059701492537312,0.0116731517509727,0.0117829457364342,0.0154738878143134,0.0031923383878691,-0.0047452032184855,-0.0158031088082901,0.0176110260336905,-0.0043613707165108,0.0055061414654806,0.0117647058823531,-0.0026645338413769,-0.0064604968730277,0.0059151486125568,-0.0143988480921527,0.0061582594731959,0.0009832038079955,0.0064915748182359,0.0055555034205758,0.0102347983142685,-0.0113019158537572,0.005366726296959,-0.0075187969924812,-0.0124052377670571,-0.0039880358923229,-0.0292682926829269,-0.007334774032409,-0.016157682162875,-0.014271569451304,0.0097402597402596,-0.0273359073359074,-0.0071583321457855,0.0272078800550081,-0.0140350877192981,0.001930501930502,-0.0201355966763521,0.0054922693788246,0.0,-0.0072992700729926,-0.0148791072535646,-0.0220357099605622,-0.0005854281608684,0.0098368522072938,0.0094871794871793,0.0076569678407349,-0.0127047542948461,-0.0139935414424111,0.0590062111801241,0.0045744552786808,-0.0266705351961791,0.0023635876521894,0.0002284285041855,0.0020833333333332
2026-05-28,-0.0192647866746357,0.002802774854492,-0.0060060060060059,0.0024728932851436,-0.0387409200968521,0.0012133156776399,-0.0218336854381554,-0.0031970605349355,-0.0055560600213389,-0.0080321285140562,0.0205655526992287,-0.0125477359519913,0.0025762129669386,0.0165745856353589,-0.0167844522968197,-0.0098568984712303,0.0,-0.0260298777727477,-0.0129781420765028,-0.0174563591022443,0.0431524276215198,0.0381679389312976,-0.0532544378698224,-0.0011454753722794,0.0135135135135135,0.0037537537537537,-0.0179487179487178,-0.0095004596996629,0.0013605442176869,-0.005568814638027,0.0033167495854062,0.005527770465912,-0.0052671181339352,-0.0150187734668335,-0.0101095197978094,-0.0096899224806201,-0.002671652550009,0.0019134077136895,-0.0089155784567064,-0.0105916727538348,-0.0076468355116871,-0.01274682751949,-0.0079375217599307,0.0110589530857745,-0.0065554231227651,0.0087390249735233,-0.0056939501779359,-0.0378787878787878,-0.0139567341242148,-0.0180180180180179,0.0,0.0047033051994072,-0.0116433722423177,-0.0072402853370568,-0.0064308681672026,-0.0001587805652587,-0.0053564927973374,0.0243266630022476,-0.0142348754448399,0.0019267822736031,0.0,-0.009101306340094,0.013421052631579,-0.0140056022408963,0.0006293266205159,0.0048241032874971,0.001165625295844,-0.0095034449988121,-0.0038100076200151,-0.0060790273556229,0.0215571382324377,-0.0207423580786025,0.0410557184750732,0.0061114439784299,-0.003547597755481,-0.0042141338306743,0.0062146045513788,-0.004158004158004
2026-05-29,0.0018405889884762,-0.0146707644860414,-0.0030211480362538,-0.0051233396584441,-0.0272040302267003,0.0,-0.0150403127290495,-0.0057718543393849,-0.011168497645884,0.0237131289762868,-0.0705289672544081,-0.0101289134438304,-0.0042826552462527,0.0004940711462451,-0.0601976639712488,-0.0262450636243966,-0.0118577075098813,0.0083662561003949,0.0076124567474049,-0.0355329949238578,-0.0043458506251675,-0.013235294117647,-0.0625,0.0154816513761466,0.0008888888888889,0.0022438294689604,-0.0169712793733681,0.0241336633663367,-0.0029891304347825,0.0251999999999998,-0.0082644628099173,0.0091623036649213,-0.0052950075642965,-0.0222363405336721,-0.0310638297872341,-0.0410958904109588,-0.0223113652893158,-0.0095449253197972,-0.0124399022164024,-0.0022148394241416,-0.0038567837234358,-0.0054607833555122,0.0009998131662265,0.0301371633221951,0.0,-0.0066651313383097,0.006084466714388,-0.0582677165354329,-0.0014154281670206,-0.0305810397553517,-0.0201005025125627,-0.0043471510634993,-0.0170382300584894,-0.0119956849021807,-0.0194174757281553,-0.0114340161981896,0.000621143992471,-0.0137233754296856,-0.0093862815884475,-0.0038461538461539,-0.0186836106355408,-0.0022034768466296,-0.0148013502986237,-0.0074573863636363,-0.0251572327044025,-0.0106735251567272,-0.0104902337401378,0.0052770448548813,-0.001529831718511,-0.0003058103975536,0.0415738419756686,-0.038647342995169,0.0403755868544599,-0.0135778942353501,-0.037528682354024,0.0065462787611278,0.0086911866186447,-0.0041753653444677
2026-06-01,0.0067405236348443,-0.0152406000601363,-0.0303030303030301,-0.0244135037192447,-0.0274469186949766,-0.0151511423333867,-0.0108397991784572,-0.0135502427696855,-0.0113004132326799,-0.0104519774011299,-0.051490514905149,-0.0186046511627907,-0.0163440860215053,0.0256790123456789,-0.0219885277246654,0.0046469710197987,-0.0119999999999999,-0.0124452638856878,-0.0103021978021978,0.0210526315789474,-0.0096747770333357,-0.0238450074515648,0.0333333333333334,-0.0146809712027103,-0.0062166962699822,-0.0022388059701493,-0.0239043824701196,-0.0090634441087614,-0.0164895066775687,-0.0292625829106515,-0.0016666666666665,-0.003112840466926,-0.0083650190114069,-0.0051981806367771,0.0162494510320598,0.0193877551020407,-0.0219056683978043,-0.010408947893187,0.001561335373269,-0.0062893081761007,-0.0105257382908019,0.0004535741644156,-0.0165359295785305,0.0008960332607546,-0.0017996400719856,0.0080531878622571,-0.0195659907506225,-0.0267558528428093,0.001417434443657,0.003154574132492,-0.0222222222222222,-0.0164475691360619,0.0130540703690926,0.0088076077588292,0.0099009900990099,0.0091566265060241,-0.0064165936874931,-0.044409489538667,0.0145772594752187,-0.0077220077220077,-0.0161837954807786,0.0018402857325277,-0.0321560358460727,-0.0239713774597495,-0.0187096774193548,-0.0097163097520552,0.0141372513886401,-0.0300644237652111,-0.0066394279877425,-0.0030590394616089,0.0432429307711497,-0.0177812137611133,0.0009025270758122,-0.013523303549867,0.0053795025582523,-0.0168533333333333,-0.0249420428201282,-0.0083857442348006
2026-06-02,0.0012145699567882,-0.005400394361223,-0.0062499999999999,0.0236559139784946,0.0111821086261978,0.0018488560203375,-0.0024424862202651,0.0102989366682271,0.0153873095557761,0.0028546959748787,0.0,0.009478672985782,0.0323567993003934,-0.0096292729898892,-0.0215053763440861,0.0175768109441578,0.0080971659919029,0.015169194865811,0.0166551006245663,0.0,0.0141767534405572,0.0885496183206107,-0.0064516129032258,0.0177650429799427,-0.0013404825737264,-0.0014958863126401,0.0122448979591838,0.0347560975609755,-0.0030483580435083,0.0188906752411577,0.0131469115191986,0.0166536559979182,0.0061349693251533,0.001306335728282,0.0652549697493516,0.058058058058058,0.0125987897225621,0.0015563988771973,0.0056461215473075,0.0238272524199554,0.010970383923833,0.001997340237968,0.0050806075185811,-0.0088985971728601,0.0162259615384614,0.0332880113102123,0.0134252539912917,-0.0240549828178695,0.0014154281670204,0.029350104821803,0.0367132867132866,0.0040944903600257,-0.0110556613711574,-0.0023758669514506,-0.0277777777777777,-0.0133715377268386,0.0154151336728531,0.0134391629836745,0.0193965517241379,-0.0019455252918287,0.0118525376775491,0.0055144646920559,0.014161220043573,0.0150293255131965,0.0052596975673897,0.0136236354487977,0.0162605935322768,-0.0054120541205411,0.0089974293059127,0.0245474071801166,-0.0026101589134739,0.0118063754427391,0.0856627592425607,0.040391676866585,0.007355114437427,0.0165424999698624,-0.0232560849964801,-0.0073995771670191
2026-06-03,-0.023097602457892,-0.0126681067005962,-0.0345911949685535,-0.0307486631016042,-0.0847814639283833,-0.0466847470307678,-0.0180995475113121,-0.0207387303898854,-0.0214089430053003,-0.0025619128949616,0.0228571428571429,-0.0476995305164319,-0.0351545955103769,0.008750607681089,-0.0579420579420579,-0.0127276233505055,-0.0401606425702811,-0.0045977011494253,-0.016382252559727,-0.0773195876288659,0.1333583007457905,-0.0631136044880785,-0.0389610389610389,-0.017454954954955,-0.0666666666666667,-0.0689138576779025,-0.0456989247311828,0.0044195639363584,-0.0316886726893675,-0.044181459566075,-0.0288362512873325,0.0189403634502176,-0.066310975609756,-0.0410958904109589,-0.0210953346855983,-0.0227057710501419,-0.0179749386528826,-0.0388925639891495,-0.0145199893281193,-0.0116363636363636,-0.0232539918830406,-0.005977562773207,-0.021232728154225,-0.0161594811623264,-0.008870490833826,-0.0566997486121294,-0.0655209452201932,-0.0598591549295774,-0.0120141342756183,-0.0529531568228105,-0.0354131534569983,-0.026172708986936,-0.0111900150634817,-0.0076978590329565,-0.0369747899159663,0.0098418844788643,-0.0118996074206813,-0.0325961196155214,-0.0211416490486257,-0.0253411306042884,-0.0332287596887965,-0.0233946253877355,0.0002685284640171,-0.0166124954857349,-0.0202746893394374,-0.0198937059918525,-0.0114280415860176,0.0195399455849616,-0.0117197452229299,-0.0595986822401917,-0.0229593328576941,-0.0307273434461299,-0.0481727574750828,-0.0377647058823529,-0.0215737324546908,-0.0014793908111746,-0.0052383009290527,-0.0564430244941428
2026-06-08,0.000624009385101,-0.0153967760424665,-0.006514657980456,-0.0045320197044333,-0.0161104718066742,-0.0193320122688953,-0.0220174091141832,-0.0092674584451489,-0.0097872190433669,0.023687214611872,0.0167597765363127,-0.0041411950305659,-0.0522388059701492,0.0245783132530121,-0.0562036055143159,-0.0092083600747828,-0.0125523012552302,-0.0140877598152424,-0.0006939625260236,-0.041899441340782,-0.0468341138739415,-0.1167664670658681,-0.0405405405405405,0.0137535816618912,-0.0340364333652924,-0.0104585679806917,0.0126760563380283,-0.0196538574361982,0.0541122434333285,-0.0115559224102352,-0.0199363732767762,-0.0303943732730469,0.0261224489795919,-0.0061224489795917,-0.0186489846663903,-0.0038722168441434,-0.0323798936822152,-0.0052619360829528,0.0015710127400239,-0.0143487858719647,-0.0142861726533296,0.0070174462564769,-0.0051645836266274,0.0127800220345208,0.0214797136038185,0.0225413106994885,-0.0114942528735632,0.0,-0.0064377682403433,-0.0107526881720431,-0.0664335664335664,-0.0164041324032723,0.0019586507072903,-0.0007272727272727,-0.0034904013961606,-0.0007988496564946,-0.0058138925404803,0.0188481795809472,-0.0266378689704824,-0.016,-0.0066753635018365,0.00224852929387,-0.0120805369127517,0.0014689680499448,-0.0353805073431242,0.0074429666167532,-0.0052055854524989,0.0181950509461426,0.0007733952049497,-0.0445859872611464,-0.0374778538594138,-0.0096308186195827,-0.024432809773124,-0.0454823328035213,-0.0261201360811523,-0.0124464819092522,0.053136260477792,-0.0067720090293452
2026-06-09,0.008082118313232,0.0052125146007477,0.0098360655737705,-0.001187648456057,0.0081871345029238,0.0111703156364411,0.000523560209424,0.0113600698661353,0.013372410356202,0.0105938109841092,0.0,0.0069306930693069,0.0115794349235758,-0.0004703668861713,0.0382022471910112,0.0046469710197987,0.0127118644067798,0.0213164675568049,0.0124999999999999,-0.0087463556851312,0.0054201781971572,0.0288135593220337,0.0,0.0152628603730922,0.0297766749379653,0.0447154471544715,0.0222531293463141,0.0122681029323756,-0.0096677559912853,0.0313152400835072,0.0101709586669551,0.0041450777202072,0.0031821797931581,0.0410677618069816,-0.0088682432432433,0.0038872691933917,0.0223089574588211,0.0109848717476304,0.0049049203098425,0.0212765957446807,0.0128819628107579,0.0271258456423364,0.0181711928677936,0.0450449633766045,-0.0046728971962617,0.0026741052945928,0.0271317829457364,0.0280898876404493,0.0100791936645068,0.0163043478260869,0.00561797752809,0.0120657218111124,0.0017376194613378,-0.0012130033964093,0.0157618213660244,-0.0118324272465621,0.0162910069423942,0.0145715994898245,-0.0022189349112425,0.0284552845528454,0.0169265942885661,0.0145617015441574,0.0119565217391306,0.0154015401540155,0.0076124567474049,0.0273224043715847,-0.0005774964937711,0.0019061234214914,0.0108191653786708,0.0566666666666666,-0.048516732427298,0.0243111831442464,-0.0053667262969588,0.0055078775457924,0.0240352795857621,-0.0114007396049428,-0.0152283801422834,0.0068181818181816
2026-06-10,0.0043179709248377,-0.0118509154084609,-0.0259740259740259,0.0013872374157748,-0.0226218097447794,-0.0175431654201786,-0.0057561486132914,-0.0052890421032038,-0.0097535273110472,0.0104827586206897,0.0027472527472527,-0.0324483775811209,-0.0068681318681318,-0.0037647058823528,0.0043290043290042,-0.0074007625028031,-0.0167364016736402,-0.0073394495412844,-0.0205761316872428,-0.0088235294117646,0.012175164135425,-0.0049423393739703,0.0,0.0217149220489978,-0.0183132530120481,-0.003112840466926,-0.0312925170068026,-0.0174401418858999,-0.0423484119345524,-0.0336032388663967,-0.0156383890317051,-0.0090299277605779,-0.0111022997620934,-0.0256410256410256,-0.0017043033659991,-0.0009680542110358,-0.0085386761690254,-0.0160978098879024,-0.0021479451194131,-0.0179093567251461,0.0007953851592377,0.016720453767542,0.003569893469437,-0.0232822407855587,-0.0105633802816901,-0.0126579707986707,-0.0139622641509434,-0.0673952641165755,-0.0163934426229507,-0.0342245989304813,-0.0335195530726256,-0.0164788862057487,0.0149609713790113,0.0116589749817828,-0.0172413793103447,0.0174757281553399,-0.003699837937553,-0.0187844873620504,-0.0140845070422535,0.0,-0.04234956423451,-0.0062584237181869,-0.0010741138560687,-0.0061394005055978,0.022664835164835,-0.0015957446808511,-0.0174469339622641,-0.0142687277051127,-0.0063710499490315,0.0151419558359622,-0.0701496975658215,-0.0114715189873418,-0.0143884892086328,-0.0101910828025477,-0.0027234960288109,0.0094094605526462,-0.0216933689260647,-0.0033860045146726
2026-06-11,0.0221129918446794,0.0194891752340387,0.0433333333333332,0.034434989115377,0.0391691394658753,0.0211659036290161,0.0215789473684211,0.0239068953590104,0.024334295038547,0.0319410319410318,0.0356164383561643,0.0260162601626015,0.0152143845089902,-0.0056683986773736,0.0506465517241379,0.0074559421599635,0.0425531914893617,0.0251848428835488,0.0154061624649859,0.0,0.0051549154998504,-0.0049668874172186,-0.0704225352112675,0.0158038147138963,0.0358370152184586,0.0577673692427791,0.0365168539325841,0.0391095066185318,0.0222541277817658,0.0222036028487639,0.0245919477693143,0.0124967456391564,0.0400962309542902,0.0229419703103912,0.0166453265044814,0.0106589147286821,0.0172244261350149,0.020448399484674,0.0174094406075988,0.0200967621883141,0.0270055472155548,0.014536176925352,0.0289627969244499,-0.0353028943932787,-0.0047449584816131,0.0384607474136688,0.0497512437810945,0.041015625,0.0217391304347824,0.0741971207087486,0.0038535645472059,0.0160421646841968,-0.000213629566332,0.0026410564225689,0.0175438596491226,-0.0131997455470739,0.0212463291191968,-0.0078855322309082,0.0142857142857142,0.0019762845849804,0.0429437054637975,0.0062978382585172,0.0317204301075269,0.0119912790697676,-0.0141034251175286,0.0309003729355354,-0.0431946519764043,-0.0038600723763571,0.0182097973839445,0.0338719701678063,0.0492461781760675,-0.0004001600640255,-0.010036496350365,0.0141570141570139,0.0071635025264602,0.0180409265106413,-0.0009434408398751,-0.0033975084937711
2026-06-12,-0.0018018778097844,-0.004779152076226,-0.0191693290734824,-0.0051654868949685,-0.0182752712735579,-0.0136011938022205,0.0025759917568264,0.0051863921786821,0.0067874870137365,0.0018518518518517,0.0,-0.001782884310618,0.0181653042688465,-0.0014251781472685,-0.0666666666666666,-0.0074007625028031,-0.0448979591836735,0.0011268875366239,0.0075862068965517,-0.0089020771513353,-0.0188038481653775,0.0066555740432612,0.0530303030303029,-0.002145922746781,0.0123222748815163,-0.0081180811808119,-0.0149051490514905,0.0193977996525767,0.0231741573033705,0.0057377049180327,0.0067969413763806,-0.0030856261249677,0.0123361603700848,0.0013192612137202,0.0025188916876572,0.009587727708533,0.0108186869961479,-0.0160292996559388,0.0005782493163506,-0.0029186428310835,-0.0023215639680765,-0.0162074784785164,0.002470046634281,-0.0018320413912467,0.00595947556615,-0.0006469799898332,-0.002551950419249,-0.0206378986866792,-0.0106382978723404,-0.0072164948453606,-0.0057581573896353,-0.0021047111514258,-0.0130341880341879,-0.0138888888888888,0.010344827586207,-0.0114423851732472,0.0197947916815377,-0.0090795849332603,-0.0096367679762787,-0.0335305719921104,-0.0024495326778083,-0.0014716869211333,0.0002605523710266,-0.0111310592459605,-0.0292915531335149,-0.0217054263565892,-0.0228796497807994,0.0055703560184063,-0.0002518891687658,0.0267508265704836,-0.0079882637835231,-0.0072057646116893,0.0,0.0046954314720812,-0.0128693485838554,-0.0097484462858833,0.0061393398197959,-0.0079545454545454
2026-06-15,-0.002408852987521,-0.0173623170897448,-0.006514657980456,0.0192307692307691,0.014543339150669,-0.0059113628790403,-0.0035971223021582,-0.005805410035913,-0.0084271595312893,-0.0023765513599154,0.0105820105820106,0.0097241516173844,0.0272078501338091,-0.0399619410085633,0.0241758241758243,0.0,0.0,-0.0078793336334984,0.0095824777549624,-0.0209580838323353,-0.0142863655331787,0.0066115702479339,-0.0071942446043165,0.0053763440860215,0.0140449438202248,0.0074404761904762,-0.0027510316368637,0.0031241124680487,0.0705559368565544,0.0211898940505297,-0.0082278481012658,-0.0090275986587567,-0.0038080731150038,-0.0131752305665349,-0.0217755443886097,-0.0246913580246913,-0.0144244131543864,-0.0260712367850393,-0.0017298797588604,0.0106110501280645,-0.008532209285927,-0.005490693046407,-0.0049254347361249,-0.0073323925735313,0.0136255924170616,-0.0045516102394714,-0.0021929824561403,0.0249042145593869,0.0021505376344086,-0.0093457943925235,0.0,-0.0066825267194546,-0.0530417839359167,-0.0514813016027196,0.0017064846416381,-0.0691229214215846,-0.010695208554567,-0.0097336508687051,-0.0067365269461078,0.0081632653061225,-0.0012290177560723,-0.0014738559756964,0.0013024225058608,0.0119825708061003,-0.0091228070175438,-0.0142630744849444,0.0202509708270484,0.0257707129094413,-0.0045351473922902,-0.005854800936768,-0.0120805731688375,-0.0282258064516128,-0.0046082949308754,0.0251357837564734,-0.0140619716738766,-0.0116315905871383,0.0039895087211696,0.0194730813287513
2026-06-16,-0.0078431372549019,0.0060164819332653,-0.0065573770491803,0.0030188679245282,0.0005733944954127,-0.0066035142763285,0.0005157297576068,-0.0071384068825642,0.0005665853404714,0.0108523028057172,-0.0209424083769632,-0.0035377358490565,-0.0021710811984368,-0.0267591674925669,-0.0922746781115879,-0.0009319927699954,-0.0170940170940171,-0.0068073519400951,-0.0169491525423728,0.0,-0.0068927365676129,-0.0114942528735633,-0.0217391304347824,0.0016042780748664,-0.0036934441366575,-0.0073855243722303,-0.0234482758620689,-0.0280294450736127,-0.0220541095012181,-0.0247406225059855,-0.0180812593065305,-0.0213430504945341,0.0206422018348624,-0.0120160213618157,-0.0029965753424657,0.0029211295034081,-0.0321054216435567,-0.0075256642829785,-0.004813333281702,0.002896451846488,0.0054763127741119,0.006962428564853,0.0012368290202564,0.0027687962240308,-0.0029222676797194,-0.0274345327369496,0.0087912087912087,-0.0654205607476634,0.0014306151645206,-0.0136268343815512,0.0231660231660231,-0.0060161288016357,-0.00960219478738,-0.0133128520225295,-0.0102214650766611,-0.0043782837127845,0.012211712813505,0.0219762302671036,-0.0180859080633006,-0.0040485829959514,0.0076248029034531,0.0,-0.0119667013527575,-0.0025116612845353,-0.0056657223796033,-0.0010718113612003,-0.0093048128342245,0.0079830946231509,-0.0027841052897999,-0.0050058892815076,-0.0218728639781271,-0.0091286307053942,-0.062037037037037,0.0034499753573189,-0.0285321331216699,0.0132773332849531,0.0011691357532959,-0.0179775280898876
2026-06-17,-0.0152125115893232,-0.0108382247919618,-0.023102310231023,-0.0144845748683219,-0.0487106017191976,-0.0285939883113552,0.0005154639175257,0.0006542187093199,-0.0062289095363565,0.0290652003142184,-0.0053475935828877,-0.0061143984220908,-0.0182767624020888,0.0127291242362526,-0.0106382978723406,-0.0074628975265017,0.0,-0.0077678775416952,-0.0137931034482757,0.0611620795107035,-0.000711073219048,-0.0647840531561461,-0.0296296296296296,0.01494927923118,-0.0333642261353104,-0.019345238095238,-0.0098870056497175,-0.0256335566559858,0.0323849482103055,-0.0147299509001638,-0.0099653379549392,-0.013563829787234,-0.0434456928838951,-0.0074324324324325,-0.0206097037355088,-0.0242718446601941,-0.014632098765432,-0.0118024249466706,-0.0087024023533256,-0.0212996389891696,0.0132193212719469,0.0250348240513302,0.0086520992633114,-0.028538072382929,-0.0058616647127782,-0.0295526502538349,-0.012708787218591,-0.0519999999999999,-0.0121428571428571,-0.0712008501594049,-0.0415094339622641,-0.0053440742272489,-0.0057710064635272,0.0007784120394396,0.017211703958692,-0.0019349164467897,0.0195814111397358,-0.0090538731090281,-0.044512663085188,-0.0528455284552845,-0.0102518083428508,-0.0003690078583613,-0.0139547130068455,-0.012230215827338,-0.0206552706552706,0.017167381974249,-0.0275479294600275,-0.0163056137898905,-0.0131979695431471,-0.0251553714116602,-0.0241090146750524,0.0129815745393635,-0.0562685093780849,-0.0203831041257367,0.0143247600711871,-0.0214410408677876,0.0226463223420936,-0.0434782608695653
2026-06-18,0.0018581604211831,0.0064205271550077,-0.0878378378378377,-0.0167970986829547,-0.0234939759036144,-0.0191606283129893,0.0061823802163833,-0.0026084926114946,-0.0045585105764421,0.0035623409669212,-0.0026881720430108,0.0091287953959118,0.0039893617021276,-0.0326797385620916,-0.102747909199522,0.0075190111361111,0.0130434782608697,0.0133548238544785,0.0335664335664334,-0.0201729106628243,0.0249321580028463,-0.0799289520426288,-0.0534351145038168,0.0168332456601787,0.0139022051773729,0.0204855842185127,-0.0399429386590584,0.0128550074738416,0.0017780035560071,0.0008305647840531,-0.0045951859956236,-0.0062011323806957,-0.0086139389193421,0.0095302927161333,-0.0508548882069267,-0.0517412935323384,-0.0049514626360023,0.0136471315274486,0.0079996388779308,0.0291405385466616,0.0,-0.0107001950397472,-0.0075981186553484,-0.0075825496442402,0.0159198113207545,-0.0318307422954415,-0.0110334681868333,-0.0506329113924051,-0.0057845263919016,0.0114416475972538,-0.0433070866141731,0.0096681237548765,0.0013930810308799,0.0072595281306715,0.0135363790186124,0.0040535777229466,0.0180398993213002,-0.0548253179695946,-0.0096385542168674,-0.0042918454935623,-0.0111023136272471,-0.013296720267893,0.0072096128170893,-0.0203932993445011,-0.0152727272727273,-0.010548523206751,-0.036060156857111,0.0319677954061095,0.0146604938271603,0.0185185185185186,-0.0282849982098102,0.0264572137246794,-0.0481171548117155,0.0020055151667084,0.0095333775856192,-0.0054769455964869,0.0458915253771849,-0.0502392344497606
2026-06-19,-0.010485316846986,-0.0033758382052815,0.011111111111111,0.0058241118229471,0.083281924737816,0.0055814085265224,-0.00563236047107,-0.0072038206335616,0.0,-0.0136916835699797,-0.0512129380053908,-0.0041297935103244,0.0013245033112583,-0.0129937629937629,-0.0013315579227696,-0.0037314487632509,0.004291845493562,-0.0029538741195181,-0.0148849797023002,0.0264705882352942,-0.0152896695486722,0.0154440154440154,-0.0161290322580645,0.016037247801345,0.0321513002364066,0.0104089219330856,0.0237741456166418,0.0,0.0040567951318459,0.0161825726141078,-0.0010991426687184,0.0051546391752577,0.0063191153238546,0.0067430883344572,0.0004618937644342,0.0104931794333684,0.0059683000166206,0.0004191434232587,0.0085163717219074,-0.0089605734767025,-0.0079118833385045,-0.0056463934255103,-0.0064321828534956,0.0162324244841471,-0.0058038305281487,0.021438842651096,0.0145035329118632,0.0266666666666666,-0.0058181818181818,0.0169683257918551,0.0123456790123455,-0.0063813101381184,0.0048690006955716,-0.0012870012870014,0.0,0.0040372125680183,0.0003809560457532,-0.0181286158375967,0.0097323600973235,0.0258620689655173,0.0007501477563762,0.0059897155553181,-0.0230646871686107,0.0022304832713755,0.0044313146233383,-0.0047974413646055,-0.0026759523341756,-0.0080312069756769,-0.0038022813688214,0.0128166915052161,-0.0014738393515106,0.0108739428111157,0.0076923076923076,0.0101325994495871,0.0073464078304816,-0.0067336350590573,-0.0141890990086228,0.0113350125944582
2026-06-22,0.0074787259299984,0.0218440622642379,-0.043956043956044,0.0200733449141092,0.1047835990888381,0.0201238281057398,0.0082389289392377,0.0178067332762905,0.0120208876064531,-0.0069408740359896,-0.0056818181818182,0.0310031595576618,0.0026455026455025,-0.0121116377040546,-0.0093333333333334,0.0243452600516413,0.0042735042735044,0.0111668185961713,0.0206043956043955,0.0458452722063036,0.0467605903946322,0.015209125475285,0.0327868852459016,-0.0101832993890019,-0.0077874484654144,0.0103016924208978,-0.011611030478955,0.0100354191263281,-0.0108585858585859,0.0057166190281747,0.0138644366197182,0.0161943319838056,0.0149136577708006,0.0026791694574681,0.0110803324099721,-0.0072689511941849,0.0009913184535432,0.0134577540785882,0.0174661613636231,0.0122965641952983,0.0132916340891322,0.0243266973335116,0.0268387666613136,0.0197370909778702,-0.0116754232340922,0.0070033986035862,0.0025659824046921,0.0086580086580085,0.0182882223847842,0.0378197997775304,0.0060975609756097,0.0221248346674067,0.0069220119981541,0.0095360824742269,-0.013355592654424,-0.0090909090909091,0.0140957758831257,0.0332339948327458,0.0016064257028114,-0.0462184873949579,0.0174474217541311,0.0026032377294908,0.0347354138398914,0.0352373887240355,-0.013235294117647,0.0139260846277449,-0.0221035756982936,-0.0275271801989358,0.0157760814249365,0.0123602118893466,0.0055350553505535,0.0047808764940238,-0.0065430752453653,0.0019814241486066,0.020834141883858,0.033272826060112,0.004314668986763,0.0523038605230385
2026-06-23,0.0151875027131616,0.0038007918002342,-0.011494252873563,0.025922421948912,0.0360824742268042,0.0013602342088545,0.0143003064351379,0.0071291454292712,0.0090499826849821,-0.0093191819829148,0.02,0.0113005171423097,-0.0052770448548811,0.011194029850746,0.0228802153432032,0.0045705105121742,-0.025531914893617,-0.0056344376831192,0.0087483176312248,0.0273972602739727,-0.0079231639721688,-0.0131086142322097,0.0476190476190476,-0.0005144032921811,-0.002770083102493,0.0050983248361253,0.02496328928047,-0.0005844535359438,0.0058718406944089,0.0231425091352008,0.0128065986542218,0.0146082337317399,0.0146945088940448,0.0066800267201068,-0.0091324200913242,-0.0010460251046024,0.0044465118140166,0.0033197619793297,0.0233919016356116,-0.0050017863522685,0.005401234567901,0.0058207787125805,0.002685570738764,-0.0092184703274691,-0.0070880094506793,0.0104214472820216,0.0054844606946982,-0.0515021459227468,0.0208333333333334,0.0310825294748122,-0.01010101010101,0.0038433059483091,0.0077910174152153,0.0040847587439365,-0.0169204737732657,-0.0102328863796753,-0.0101882899148827,0.0125026234521632,0.0344827586206897,-0.0286343612334801,0.0235183513092485,-0.00742229489334,0.0180959874114869,0.0089573629523467,0.0029806259314457,-0.0042260961436871,0.0116489073505507,-0.0021408182683158,-0.0032565130260521,0.0174418604651163,0.0110091743119267,0.0107057890563044,-0.0493962678375411,-0.0189098998887653,0.0157810696288718,0.0220641398720071,0.0101657458563535,0.0094674556213016
2026-06-24,0.0006108735491752,0.0040828580006002,0.0193798449612403,-0.00073773515308,-0.0393034825870648,0.0169832787450439,-0.0065458207452164,-0.010292677476388,-0.0106504678884389,0.010713352495427,0.0,0.0162878787878788,-0.0225464190981432,0.0015814443858725,0.0026315789473685,-0.0146877699957719,-0.0043668122270743,0.0056663644605621,0.0020013342228151,-0.0133333333333333,-0.0033194183407696,-0.0398481973434534,0.0757575757575756,-0.0010293360782295,0.0416666666666665,0.0050724637681158,0.0200573065902578,-0.0175438596491228,0.0149746192893402,0.0293650793650794,-0.0055722246035146,-0.0052356020942408,0.0236280487804878,0.0059721300597213,-0.0147465437788018,-0.0052356020942408,0.0324617445386687,0.0157156532234568,0.0042403049608044,-0.0007181328545782,0.0015349194167306,0.0023134478710027,-0.00194968354199,0.0027894002789401,0.0023795359904819,0.0132278644650505,0.0516363636363637,-0.0135746606334841,0.0035186488388458,-0.006237006237006,0.0224489795918365,0.003477344573235,-0.0268303774442928,-0.0264429188914314,0.0034423407917385,-0.035650623885918,0.0036405441655491,0.0047083209949658,0.0062015503875969,-0.0136054421768708,-0.0004798685451015,-0.0138306837551431,-0.0414734672849046,0.0110085227272727,-0.0066864784546806,-0.0042440318302388,-0.0033850822925178,0.0059594755661502,-0.0017592359889418,0.0331428571428571,-0.00508166969147,-0.0066692820714004,0.0023094688221707,-0.0207860922146635,-0.0095270500170125,-0.0008769596393942,0.0196893458761757,0.0293083235638922
2026-06-25,0.0006105006105006,0.0236575375231717,0.0228136882129277,0.0162421557770395,0.0253754531330918,-0.0094109351269255,0.0162189559047136,-0.0013016250390154,-0.0016997560214148,0.0049120992761115,-0.0140056022408963,0.0119269474468877,0.0090456806874716,0.0115789473684209,-0.1049868766404199,0.0065298507462685,0.0,0.0169033130493576,0.0033288948069241,0.0027027027027026,0.0284831846259436,-0.0474308300395255,0.0,-0.0015455950540959,0.0195555555555555,-0.0028839221341022,0.0196629213483146,0.0032738095238094,0.0140035008752186,0.0069390902081727,0.0107758620689655,0.0276315789473684,-0.0096798212956067,0.0191292875989446,0.0028063610851263,0.0063157894736842,0.0042876434841323,0.0223933192922647,0.0042224006941944,0.0079051383399211,0.0191570881226053,0.0180143338370044,0.0178182910361566,0.0250534392472767,0.0118694362017803,0.0013793103448276,-0.0048409405255878,0.013761467889908,0.0077138849929874,0.0146443514644349,0.0339321357285429,0.0221848857152857,-0.0011682242990653,0.0041786367197702,-0.0102915951972556,-0.0029574861367838,0.0042000763650247,0.0070264375607886,0.0362095531587056,0.0160919540229884,0.0141289720306001,-0.0068209236860828,0.0096748185971513,0.0151036178433439,-0.0052356020942406,0.0181140117208311,-0.0006820718449009,-0.004739336492891,0.0040281973816718,-0.0019358407079643,-0.009120758847136,-0.0027646129541863,-0.02073732718894,0.0119644924739481,0.0020611473720371,0.009344892053916,-0.0023600085818493,-0.0034168564920272
2026-06-26,0.0207443563148261,0.0126397418016925,0.0185873605947957,0.0101707228478022,-0.040909090909091,0.0212183436002737,0.0144638403990025,0.0182265518502509,0.0170265011119348,0.0077180344738874,0.0198863636363635,0.0066298342541435,-0.0044822949350066,-0.0005202913631632,-0.0835777126099707,0.0157553290083412,0.0087719298245614,0.0084219858156029,0.0126078301260783,0.0134770889487869,0.0036703370036703,-0.0186721991701244,-0.0070422535211267,0.0123839009287927,0.0170008718395813,0.026753434562545,0.0192837465564739,0.0133491545535449,0.0098643649815044,0.0264165390505359,0.0149253731343284,0.0179257362355955,0.0037593984962405,0.0103559870550162,-0.0009328358208955,-0.0062761506276151,0.0232484428201642,0.0195141697159644,0.0113325072344931,0.0053475935828877,0.0120300751879698,0.0068063338167441,0.0129504342401995,0.0271456540545462,-0.0052785923753665,0.0309917355371902,0.024322446143155,0.0045248868778282,0.0076548364648574,0.0,0.0115830115830117,0.0142417850343117,-0.0116959064327485,-0.0101430429128738,0.0138648180242635,-0.0120504263997033,0.0125475285171101,0.0087217640206747,0.0178438661710036,0.0339366515837105,0.0177098426269959,0.005723140174108,-0.0031940377961138,0.0242214532871973,-0.0097744360902256,0.0162218733647305,0.0224341075651339,-0.045,-0.004012036108325,0.0210584649487393,0.0563328424153166,0.0138613861386138,-0.0270588235294118,-0.0064836003051105,0.0178265341103873,0.0063625954751656,0.0086021505376343,0.0171428571428571
2026-06-29,-0.0083682008368201,0.0007138736659937,-0.0145985401459853,-0.0091693635382955,-0.0321221695629277,-0.0140750670241286,-0.0039331366764994,0.0108668678082102,0.0139455162517367,0.0040847587439365,0.0306406685236768,-0.0027442371020856,0.0018009905447995,-0.0083289953149401,0.0576,-0.0009124087591242,-0.0043478260869563,-0.0076923076923077,-0.0032765399737876,-0.0132978723404254,0.0084773936170212,-0.0190274841437633,-0.0070921985815602,0.0045871559633028,-0.0030004286326617,-0.002112676056338,0.0108108108108109,0.0005854800936768,-0.021001221001221,-0.0037299515106302,0.0069327731092436,-0.0002515723270439,0.0,-0.0019218449711723,-0.0060690943043885,-0.0084210526315789,-0.0068991411273289,-0.0121078701155751,-0.0160865755536406,0.00177304964539,0.0044576523031203,-0.000225419166941,0.004023987608297,0.0070481222738394,-0.004127358490566,0.0013360053440214,-0.009158751696065,0.0450450450450448,0.0151933701657458,-0.0123711340206185,0.0,-0.0106993217122965,0.0014201183431952,0.0021019442984759,0.0085470085470087,-0.0026271345468192,0.0007510326699211,-0.010950112286525,-0.0058436815193572,0.0153172866520785,-0.0073981144088204,0.0178382019340201,0.00694259012016,0.001689189189189,-0.0121488230827638,0.0025746652935116,0.0206134820399053,-0.0107205185739217,0.0100704934541793,0.0013568521031206,-0.0066225165562914,0.0281249999999999,0.007255139056832,-0.0002559181062061,0.0077467160660154,-0.0091595137968778,-0.0023454157782515,-0.0044943820224719
