{
  "beta0": -303.85578263974867,
  "gamma0": 341.21824755868175,
  "betas": [
    -39.747650486920534,
    -3.9429342013758664,
    0.0,
    -6.359154958101966,
    -33.5392815265837,
    -11.564207057553906,
    -26.055131584383677,
    68.82208141488458,
    -0.20329323981169212,
    -13.861957459417248,
    10.260930537271781,
    16.0906705479521,
    10.014561452162244,
    6.141076570411045,
    6.539781056148755,
    -2.3417497869719672
  ],
  "gammas": [
    58.279042994704334,
    -8.705307444629092,
    0.0,
    -9.324570006462675,
    4.946905831317011,
    48.539219189340635,
    -8.102704755691022,
    27.103592874851582,
    -4.364352852067245,
    53.4034014304855,
    80.21442426756357,
    -51.97742157126672,
    -24.64980023835007,
    18.30027770070177,
    -1.743091995093378,
    5.185046870401084
  ],
  "mu": [
    80.05478322862362,
    0.032455219117967365,
    80.05478322862362,
    -29.317003074455286,
    1.009409346451471,
    0.4856857044172496,
    0.4969984966993017,
    0.5257986900147039,
    -1.2899345007351959,
    -0.0012147942851281988,
    0.0616235390169533,
    0.0771955620906296,
    0.1382168159336987,
    0.15378960032081274,
    1.1807523684935635e-05,
    0.00019887348224806312
  ],
  "sigma": [
    27.44454686660099,
    0.04524496151855252,
    27.44454686660099,
    380.91862591653086,
    0.6036314414063497,
    0.28176299571864133,
    0.2696742322599589,
    0.49933399401623463,
    87.76655973383201,
    0.6849714019715588,
    0.7259581740111338,
    0.26690150359668513,
    0.3451274179624056,
    0.36074695614643293,
    0.03637892378274332,
    0.1380575679899742
  ],
  "features": [
    "atr",
    "vol_real",
    "range_medio",
    "momentum",
    "vol_relativo",
    "pos_janela",
    "pos_range",
    "direcao",
    "gap",
    "hora_sin",
    "hora_cos",
    "e_abertura",
    "e_fechamento",
    "e_almoco",
    "dol_retorno",
    "dol_acum"
  ],
  "cobertura_treino": 0.9966588706982961,
  "amplitude_media": 635.0911355632059
}